{"type": "FeatureCollection", "features": [{"type": "Feature", "id": 1, "geometry": {"type": "Point", "coordinates": [-89.9463963559688, 35.2573173584385]}, "properties": {"OBJECTID": 1, "ParkID": "4748000-0001", "GISTrkrID": 143, "SourceID": 9, "Park_Name": "Oakley Park", "Park_Designation": "LP", "Park_Owner_Type": "MUNI", "Park_Local_Owner": "MEMPHIS PARKS", "Park_Manager_Type": "MUNI", "Park_Local_Manager": "MEMPHIS PARKS", "Park_Access": 3, "Park_Status": "Open", "Park_Land_Acquisition": 1, "Park_Est_Date": null, "Park_Size_Acres": 689.630692908076, "Park_Size_SQFT": 30040312.9830758, "Park_Size_SQMeters": 2790836.39867921, "Park_Address_1": null, "Park_State": "Tennessee", "Park_State_FIPS": "47", "Park_County": "Shelby County", "Park_County_FIPS": "47157", "Park_Place": "Memphis city", "Park_Place_FIPS": "4748000", "Park_UrbanArea": "Memphis, TN--MS--AR", "Park_UrbanArea_ID": "56116", "Park_Zip": "38128", "ORIG_FID": 11162}}, {"type": "Feature", "id": 2, "geometry": {"type": "Point", "coordinates": [-89.9295977131367, 35.2421864385073]}, "properties": {"OBJECTID": 2, "ParkID": "4748000-0003", "GISTrkrID": 143, "SourceID": 15, "Park_Name": "Egypt Central Park", "Park_Designation": "LP", "Park_Owner_Type": "CNTY", "Park_Local_Owner": "SHELBY COUNTY DEPARTMENT OF PUBLIC WORKS (SHELBY FARMS)", "Park_Manager_Type": "CNTY", "Park_Local_Manager": "SHELBY COUNTY DEPARTMENT OF PUBLIC WORKS (SHELBY FARMS)", "Park_Access": 3, "Park_Status": "Open", "Park_Land_Acquisition": 1, "Park_Est_Date": null, "Park_Size_Acres": 24.8787153209394, "Park_Size_SQFT": 1083716.83938012, "Park_Size_SQMeters": 100680.588877605, "Park_Address_1": null, "Park_State": "Tennessee", "Park_State_FIPS": "47", "Park_County": "Shelby County", "Park_County_FIPS": "47157", "Park_Place": "Memphis city", "Park_Place_FIPS": "4748000", "Park_UrbanArea": "Memphis, TN--MS--AR", "Park_UrbanArea_ID": "56116", "Park_Zip": "38128", "ORIG_FID": 11163}}, {"type": "Feature", "id": 3, "geometry": {"type": "Point", "coordinates": [-89.97840492204, 35.2313669041952]}, "properties": {"OBJECTID": 3, "ParkID": "4748000-0004", "GISTrkrID": 143, "SourceID": 18, "Park_Name": "Pickett Park", "Park_Designation": "LP", "Park_Owner_Type": "MUNI", "Park_Local_Owner": "MEMPHIS PARKS", "Park_Manager_Type": "MUNI", "Park_Local_Manager": "MEMPHIS PARKS", "Park_Access": 3, "Park_Status": "Open", "Park_Land_Acquisition": 1, "Park_Est_Date": null, "Park_Size_Acres": 12.221172400113, "Park_Size_SQFT": 532354.26974892, "Park_Size_SQMeters": 49457.3300166547, "Park_Address_1": null, "Park_State": "Tennessee", "Park_State_FIPS": "47", "Park_County": "Shelby County", "Park_County_FIPS": "47157", "Park_Place": "Memphis city", "Park_Place_FIPS": "4748000", "Park_UrbanArea": "Memphis, TN--MS--AR", "Park_UrbanArea_ID": "56116", "Park_Zip": "38127", "ORIG_FID": 11164}}, {"type": "Feature", "id": 4, "geometry": {"type": "Point", "coordinates": [-89.9524136729858, 35.2281186046528]}, "properties": {"OBJECTID": 4, "ParkID": "4748000-0005", "GISTrkrID": 143, "SourceID": 20, "Park_Name": "Willingham Park", "Park_Designation": "LP", "Park_Owner_Type": "MUNI", "Park_Local_Owner": "MEMPHIS PARKS", "Park_Manager_Type": "MUNI", "Park_Local_Manager": "MEMPHIS PARKS", "Park_Access": 3, "Park_Status": "Open", "Park_Land_Acquisition": 1, "Park_Est_Date": null, "Park_Size_Acres": 70.0723291551693, "Park_Size_SQFT": 3052350.65799918, "Park_Size_SQMeters": 283572.655274124, "Park_Address_1": null, "Park_State": "Tennessee", "Park_State_FIPS": "47", "Park_County": "Shelby County", "Park_County_FIPS": "47157", "Park_Place": "Memphis city", "Park_Place_FIPS": "4748000", "Park_UrbanArea": "Memphis, TN--MS--AR", "Park_UrbanArea_ID": "56116", "Park_Zip": "38128", "ORIG_FID": 11165}}, {"type": "Feature", "id": 5, "geometry": {"type": "Point", "coordinates": [-90.011307656798, 35.2275690377835]}, "properties": {"OBJECTID": 5, "ParkID": "4748000-0006", "GISTrkrID": 143, "SourceID": 22, "Park_Name": "Pershing Park", "Park_Designation": "LP", "Park_Owner_Type": "MUNI", "Park_Local_Owner": "MEMPHIS PARKS", "Park_Manager_Type": "MUNI", "Park_Local_Manager": "MEMPHIS PARKS", "Park_Access": 3, "Park_Status": "Open", "Park_Land_Acquisition": 1, "Park_Est_Date": null, "Park_Size_Acres": 34.9772238568307, "Park_Size_SQFT": 1523607.87120355, "Park_Size_SQMeters": 141547.803002738, "Park_Address_1": null, "Park_State": "Tennessee", "Park_State_FIPS": "47", "Park_County": "Shelby County", "Park_County_FIPS": "47157", "Park_Place": "Memphis city", "Park_Place_FIPS": "4748000", "Park_UrbanArea": "Memphis, TN--MS--AR", "Park_UrbanArea_ID": "56116", "Park_Zip": "38127", "ORIG_FID": 11166}}, {"type": "Feature", "id": 6, "geometry": {"type": "Point", "coordinates": [-90.0386838776064, 35.2210919043541]}, "properties": {"OBJECTID": 6, "ParkID": "4748000-0008", "GISTrkrID": 143, "SourceID": 24, "Park_Name": "Westside Park", "Park_Designation": "LP", "Park_Owner_Type": "PRIV", "Park_Local_Owner": "L AND S PARTNERSHIP", "Park_Manager_Type": "MUNI", "Park_Local_Manager": "MEMPHIS PARKS", "Park_Access": 3, "Park_Status": "Open", "Park_Land_Acquisition": 1, "Park_Est_Date": null, "Park_Size_Acres": 26.1286868062338, "Park_Size_SQFT": 1138165.59727955, "Park_Size_SQMeters": 105739.044010686, "Park_Address_1": null, "Park_State": "Tennessee", "Park_State_FIPS": "47", "Park_County": "Shelby County", "Park_County_FIPS": "47157", "Park_Place": "Memphis city", "Park_Place_FIPS": "4748000", "Park_UrbanArea": "Memphis, TN--MS--AR", "Park_UrbanArea_ID": "56116", "Park_Zip": "38127", "ORIG_FID": 11167}}, {"type": "Feature", "id": 7, "geometry": {"type": "Point", "coordinates": [-89.9653424949525, 35.2176076064627]}, "properties": {"OBJECTID": 7, "ParkID": "4748000-0009", "GISTrkrID": 143, "SourceID": 25, "Park_Name": "Carver Heights Park", "Park_Designation": "LP", "Park_Owner_Type": "MUNI", "Park_Local_Owner": "MEMPHIS PARKS", "Park_Manager_Type": "MUNI", "Park_Local_Manager": "MEMPHIS PARKS", "Park_Access": 3, "Park_Status": "Open", "Park_Land_Acquisition": 1, "Park_Est_Date": null, "Park_Size_Acres": 1.1711905251672, "Park_Size_SQFT": 51017.059276283, "Park_Size_SQMeters": 4739.6398986269, "Park_Address_1": "3371 Margaretta Rd", "Park_State": "Tennessee", "Park_State_FIPS": "47", "Park_County": "Shelby County", "Park_County_FIPS": "47157", "Park_Place": "Memphis city", "Park_Place_FIPS": "4748000", "Park_UrbanArea": "Memphis, TN--MS--AR", "Park_UrbanArea_ID": "56116", "Park_Zip": "38128", "ORIG_FID": 11168}}, {"type": "Feature", "id": 8, "geometry": {"type": "Point", "coordinates": [-89.9486928080337, 35.2170990502193]}, "properties": {"OBJECTID": 8, "ParkID": "4748000-0010", "GISTrkrID": 143, "SourceID": 27, "Park_Name": "Fulmer Park", "Park_Designation": "LP", "Park_Owner_Type": "MUNI", "Park_Local_Owner": "MEMPHIS PARKS", "Park_Manager_Type": "MUNI", "Park_Local_Manager": "MEMPHIS PARKS", "Park_Access": 3, "Park_Status": "Open", "Park_Land_Acquisition": 1, "Park_Est_Date": null, "Park_Size_Acres": 20.2314226745855, "Park_Size_SQFT": 881280.771704947, "Park_Size_SQMeters": 81873.6627849355, "Park_Address_1": null, "Park_State": "Tennessee", "Park_State_FIPS": "47", "Park_County": "Shelby County", "Park_County_FIPS": "47157", "Park_Place": "Memphis city", "Park_Place_FIPS": "4748000", "Park_UrbanArea": "Memphis, TN--MS--AR", "Park_UrbanArea_ID": "56116", "Park_Zip": "38128", "ORIG_FID": 11169}}, {"type": "Feature", "id": 9, "geometry": {"type": "Point", "coordinates": [-89.9735484028598, 35.2156987449113]}, "properties": {"OBJECTID": 9, "ParkID": "4748000-0011", "GISTrkrID": 143, "SourceID": 29, "Park_Name": "Trezevant Park", "Park_Designation": "LP", "Park_Owner_Type": "MUNI", "Park_Local_Owner": "MEMPHIS PARKS", "Park_Manager_Type": "MUNI", "Park_Local_Manager": "MEMPHIS PARKS", "Park_Access": 3, "Park_Status": "Open", "Park_Land_Acquisition": 1, "Park_Est_Date": null, "Park_Size_Acres": 7.08540711609334, "Park_Size_SQFT": 308640.333977026, "Park_Size_SQMeters": 28673.625293081, "Park_Address_1": null, "Park_State": "Tennessee", "Park_State_FIPS": "47", "Park_County": "Shelby County", "Park_County_FIPS": "47157", "Park_Place": "Memphis city", "Park_Place_FIPS": "4748000", "Park_UrbanArea": "Memphis, TN--MS--AR", "Park_UrbanArea_ID": "56116", "Park_Zip": "38127", "ORIG_FID": 11170}}, {"type": "Feature", "id": 10, "geometry": {"type": "Point", "coordinates": [-90.0532167204432, 35.2135013032223]}, "properties": {"OBJECTID": 10, "ParkID": "4748000-0012", "GISTrkrID": 143, "SourceID": 31, "Park_Name": "Kline Park", "Park_Designation": "LP", "Park_Owner_Type": "MUNI", "Park_Local_Owner": "City of Memphis", "Park_Manager_Type": "MUNI", "Park_Local_Manager": "City of Memphis", "Park_Access": 3, "Park_Status": "Open", "Park_Land_Acquisition": 1, "Park_Est_Date": null, "Park_Size_Acres": 19.0241017130918, "Park_Size_SQFT": 828689.870622278, "Park_Size_SQMeters": 76987.8081980163, "Park_Address_1": null, "Park_State": "Tennessee", "Park_State_FIPS": "47", "Park_County": "Shelby County", "Park_County_FIPS": "47157", "Park_Place": "Memphis city", "Park_Place_FIPS": "4748000", "Park_UrbanArea": "Memphis, TN--MS--AR", "Park_UrbanArea_ID": "56116", "Park_Zip": "38127", "ORIG_FID": 11171}}, {"type": "Feature", "id": 11, "geometry": {"type": "Point", "coordinates": [-89.9628587667482, 35.2082253234661]}, "properties": {"OBJECTID": 11, "ParkID": "4748000-0013", "GISTrkrID": 143, "SourceID": 33, "Park_Name": "Hill Recreation Area", "Park_Designation": "LREC", "Park_Owner_Type": "MUNI", "Park_Local_Owner": "MEMPHIS PARKS", "Park_Manager_Type": "MUNI", "Park_Local_Manager": "MEMPHIS PARKS", "Park_Access": 3, "Park_Status": "Open", "Park_Land_Acquisition": 1, "Park_Est_Date": null, "Park_Size_Acres": 19.2547710442999, "Park_Size_SQFT": 838737.826689703, "Park_Size_SQMeters": 77921.2938624665, "Park_Address_1": null, "Park_State": "Tennessee", "Park_State_FIPS": "47", "Park_County": "Shelby County", "Park_County_FIPS": "47157", "Park_Place": "Memphis city", "Park_Place_FIPS": "4748000", "Park_UrbanArea": "Memphis, TN--MS--AR", "Park_UrbanArea_ID": "56116", "Park_Zip": "38128", "ORIG_FID": 11172}}, {"type": "Feature", "id": 12, "geometry": {"type": "Point", "coordinates": [-89.9878864594191, 35.2088336760565]}, "properties": {"OBJECTID": 12, "ParkID": "4748000-0014", "GISTrkrID": 143, "SourceID": 35, "Park_Name": "Grandview Park", "Park_Designation": "LP", "Park_Owner_Type": "MUNI", "Park_Local_Owner": "MEMPHIS PARKS", "Park_Manager_Type": "MUNI", "Park_Local_Manager": "MEMPHIS PARKS", "Park_Access": 3, "Park_Status": "Open", "Park_Land_Acquisition": 1, "Park_Est_Date": null, "Park_Size_Acres": 12.4005306677858, "Park_Size_SQFT": 540167.115888751, "Park_Size_SQMeters": 50183.1671740972, "Park_Address_1": "3064 University St", "Park_State": "Tennessee", "Park_State_FIPS": "47", "Park_County": "Shelby County", "Park_County_FIPS": "47157", "Park_Place": "Memphis city", "Park_Place_FIPS": "4748000", "Park_UrbanArea": "Memphis, TN--MS--AR", "Park_UrbanArea_ID": "56116", "Park_Zip": "38127", "ORIG_FID": 11173}}, {"type": "Feature", "id": 13, "geometry": {"type": "Point", "coordinates": [-90.02483924388, 35.2067759348726]}, "properties": {"OBJECTID": 13, "ParkID": "4748000-0015", "GISTrkrID": 143, "SourceID": 36, "Park_Name": "George Alberson Park", "Park_Designation": "LP", "Park_Owner_Type": "MUNI", "Park_Local_Owner": "MEMPHIS PARKS", "Park_Manager_Type": "MUNI", "Park_Local_Manager": "MEMPHIS PARKS", "Park_Access": 3, "Park_Status": "Open", "Park_Land_Acquisition": 1, "Park_Est_Date": null, "Park_Size_Acres": 16.3772219907194, "Park_Size_SQFT": 713391.789915737, "Park_Size_SQMeters": 66276.2659942133, "Park_Address_1": null, "Park_State": "Tennessee", "Park_State_FIPS": "47", "Park_County": "Shelby County", "Park_County_FIPS": "47157", "Park_Place": "Memphis city", "Park_Place_FIPS": "4748000", "Park_UrbanArea": "Memphis, TN--MS--AR", "Park_UrbanArea_ID": "56116", "Park_Zip": "38127", "ORIG_FID": 11174}}, {"type": "Feature", "id": 14, "geometry": {"type": "Point", "coordinates": [-89.9669369491019, 35.2019217988891]}, "properties": {"OBJECTID": 14, "ParkID": "4748000-0016", "GISTrkrID": 143, "SourceID": 37, "Park_Name": "Litty Park", "Park_Designation": "LP", "Park_Owner_Type": "MUNI", "Park_Local_Owner": "MEMPHIS PARKS", "Park_Manager_Type": "MUNI", "Park_Local_Manager": "MEMPHIS PARKS", "Park_Access": 3, "Park_Status": "Open", "Park_Land_Acquisition": 1, "Park_Est_Date": null, "Park_Size_Acres": 30.4810795165182, "Park_Size_SQFT": 1327755.82373953, "Park_Size_SQMeters": 123352.552403107, "Park_Address_1": null, "Park_State": "Tennessee", "Park_State_FIPS": "47", "Park_County": "Shelby County", "Park_County_FIPS": "47157", "Park_Place": "Memphis city", "Park_Place_FIPS": "4748000", "Park_UrbanArea": "Memphis, TN--MS--AR", "Park_UrbanArea_ID": "56116", "Park_Zip": "38127", "ORIG_FID": 11175}}, {"type": "Feature", "id": 15, "geometry": {"type": "Point", "coordinates": [-90.0159794439848, 35.2021290978925]}, "properties": {"OBJECTID": 15, "ParkID": "4748000-0018", "GISTrkrID": 143, "SourceID": 39, "Park_Name": "Lazarov Park", "Park_Designation": "LP", "Park_Owner_Type": "MUNI", "Park_Local_Owner": "MEMPHIS PARKS", "Park_Manager_Type": "MUNI", "Park_Local_Manager": "MEMPHIS PARKS", "Park_Access": 3, "Park_Status": "Open", "Park_Land_Acquisition": 1, "Park_Est_Date": null, "Park_Size_Acres": 2.99747346279435, "Park_Size_SQFT": 130569.944039322, "Park_Size_SQMeters": 12130.3447338829, "Park_Address_1": "Oberle Ave", "Park_State": "Tennessee", "Park_State_FIPS": "47", "Park_County": "Shelby County", "Park_County_FIPS": "47157", "Park_Place": "Memphis city", "Park_Place_FIPS": "4748000", "Park_UrbanArea": "Memphis, TN--MS--AR", "Park_UrbanArea_ID": "56116", "Park_Zip": "38127", "ORIG_FID": 11176}}, {"type": "Feature", "id": 16, "geometry": {"type": "Point", "coordinates": [-89.9121185272079, 35.1931700550184]}, "properties": {"OBJECTID": 16, "ParkID": "4748000-0019", "GISTrkrID": 143, "SourceID": 42, "Park_Name": "John F Kennedy Park", "Park_Designation": "LP", "Park_Owner_Type": "MUNI", "Park_Local_Owner": "MEMPHIS PARKS", "Park_Manager_Type": "MUNI", "Park_Local_Manager": "MEMPHIS PARKS", "Park_Access": 3, "Park_Status": "Open", "Park_Land_Acquisition": 1, "Park_Est_Date": null, "Park_Size_Acres": 295.81636042934, "Park_Size_SQFT": 12885760.660302, "Park_Size_SQMeters": 1197126.33805447, "Park_Address_1": null, "Park_State": "Tennessee", "Park_State_FIPS": "47", "Park_County": "Shelby County", "Park_County_FIPS": "47157", "Park_Place": "Memphis city", "Park_Place_FIPS": "4748000", "Park_UrbanArea": "Memphis, TN--MS--AR", "Park_UrbanArea_ID": "56116", "Park_Zip": "38128", "ORIG_FID": 11177}}, {"type": "Feature", "id": 17, "geometry": {"type": "Point", "coordinates": [-89.9594708425693, 35.1984847609572]}, "properties": {"OBJECTID": 17, "ParkID": "4748000-0020", "GISTrkrID": 143, "SourceID": 43, "Park_Name": "Byrnes Park", "Park_Designation": "LP", "Park_Owner_Type": "MUNI", "Park_Local_Owner": "MEMPHIS PARKS", "Park_Manager_Type": "MUNI", "Park_Local_Manager": "MEMPHIS PARKS", "Park_Access": 3, "Park_Status": "Open", "Park_Land_Acquisition": 1, "Park_Est_Date": null, "Park_Size_Acres": 6.10203139862446, "Park_Size_SQFT": 265804.487724082, "Park_Size_SQMeters": 24694.0449552099, "Park_Address_1": null, "Park_State": "Tennessee", "Park_State_FIPS": "47", "Park_County": "Shelby County", "Park_County_FIPS": "47157", "Park_Place": "Memphis city", "Park_Place_FIPS": "4748000", "Park_UrbanArea": "Memphis, TN--MS--AR", "Park_UrbanArea_ID": "56116", "Park_Zip": "38128", "ORIG_FID": 11178}}, {"type": "Feature", "id": 18, "geometry": {"type": "Point", "coordinates": [-89.9298804756075, 35.1831863819211]}, "properties": {"OBJECTID": 18, "ParkID": "4748000-0023", "GISTrkrID": 143, "SourceID": 47, "Park_Name": "Jackson Park", "Park_Designation": "LP", "Park_Owner_Type": "MUNI", "Park_Local_Owner": "MEMPHIS PARKS", "Park_Manager_Type": "MUNI", "Park_Local_Manager": "MEMPHIS PARKS", "Park_Access": 3, "Park_Status": "Open", "Park_Land_Acquisition": 1, "Park_Est_Date": null, "Park_Size_Acres": 15.0811526610883, "Park_Size_SQFT": 656935.009917007, "Park_Size_SQMeters": 61031.2595037201, "Park_Address_1": null, "Park_State": "Tennessee", "Park_State_FIPS": "47", "Park_County": "Shelby County", "Park_County_FIPS": "47157", "Park_Place": "Memphis city", "Park_Place_FIPS": "4748000", "Park_UrbanArea": "Memphis, TN--MS--AR", "Park_UrbanArea_ID": "56116", "Park_Zip": "38108", "ORIG_FID": 11179}}, {"type": "Feature", "id": 19, "geometry": {"type": "Point", "coordinates": [-89.938919719035, 35.1819409967575]}, "properties": {"OBJECTID": 19, "ParkID": "4748000-0024", "GISTrkrID": 143, "SourceID": 49, "Park_Name": "Gragg Park", "Park_Designation": "LP", "Park_Owner_Type": "MUNI", "Park_Local_Owner": "City of Memphis", "Park_Manager_Type": "MUNI", "Park_Local_Manager": "City of Memphis", "Park_Access": 3, "Park_Status": "Open", "Park_Land_Acquisition": 1, "Park_Est_Date": null, "Park_Size_Acres": 6.5397039015359, "Park_Size_SQFT": 284869.501950904, "Park_Size_SQMeters": 26465.2427345249, "Park_Address_1": null, "Park_State": "Tennessee", "Park_State_FIPS": "47", "Park_County": "Shelby County", "Park_County_FIPS": "47157", "Park_Place": "Memphis city", "Park_Place_FIPS": "4748000", "Park_UrbanArea": "Memphis, TN--MS--AR", "Park_UrbanArea_ID": "56116", "Park_Zip": "38128", "ORIG_FID": 11180}}, {"type": "Feature", "id": 20, "geometry": {"type": "Point", "coordinates": [-89.9515427326271, 35.1787487538229]}, "properties": {"OBJECTID": 20, "ParkID": "4748000-0025", "GISTrkrID": 143, "SourceID": 50, "Park_Name": "Douglas Park", "Park_Designation": "LP", "Park_Owner_Type": "MUNI", "Park_Local_Owner": "MEMPHIS PARKS", "Park_Manager_Type": "MUNI", "Park_Local_Manager": "MEMPHIS PARKS", "Park_Access": 3, "Park_Status": "Open", "Park_Land_Acquisition": 1, "Park_Est_Date": null, "Park_Size_Acres": 40.1690488984447, "Park_Size_SQFT": 1749763.77001625, "Park_Size_SQMeters": 162558.37351637, "Park_Address_1": null, "Park_State": "Tennessee", "Park_State_FIPS": "47", "Park_County": "Shelby County", "Park_County_FIPS": "47157", "Park_Place": "Memphis city", "Park_Place_FIPS": "4748000", "Park_UrbanArea": "Memphis, TN--MS--AR", "Park_UrbanArea_ID": "56116", "Park_Zip": "38108", "ORIG_FID": 11181}}, {"type": "Feature", "id": 21, "geometry": {"type": "Point", "coordinates": [-89.9737064331158, 35.1737739803462]}, "properties": {"OBJECTID": 21, "ParkID": "4748000-0026", "GISTrkrID": 143, "SourceID": 52, "Park_Name": "Hollywood Park", "Park_Designation": "LP", "Park_Owner_Type": "MUNI", "Park_Local_Owner": "MEMPHIS PARKS", "Park_Manager_Type": "MUNI", "Park_Local_Manager": "MEMPHIS PARKS", "Park_Access": 3, "Park_Status": "Open", "Park_Land_Acquisition": 1, "Park_Est_Date": null, "Park_Size_Acres": 4.45285350026814, "Park_Size_SQFT": 193966.29847168, "Park_Size_SQMeters": 18020.0587855665, "Park_Address_1": null, "Park_State": "Tennessee", "Park_State_FIPS": "47", "Park_County": "Shelby County", "Park_County_FIPS": "47157", "Park_Place": "Memphis city", "Park_Place_FIPS": "4748000", "Park_UrbanArea": "Memphis, TN--MS--AR", "Park_UrbanArea_ID": "56116", "Park_Zip": "38108", "ORIG_FID": 11182}}, {"type": "Feature", "id": 22, "geometry": {"type": "Point", "coordinates": [-90.0422196223353, 35.1720611992689]}, "properties": {"OBJECTID": 22, "ParkID": "4748000-0027", "GISTrkrID": 143, "SourceID": 53, "Park_Name": "Washington Park", "Park_Designation": "LP", "Park_Owner_Type": "MUNI", "Park_Local_Owner": "MEMPHIS PARKS", "Park_Manager_Type": "MUNI", "Park_Local_Manager": "MEMPHIS PARKS", "Park_Access": 3, "Park_Status": "Open", "Park_Land_Acquisition": 1, "Park_Est_Date": null, "Park_Size_Acres": 8.42596776119726, "Park_Size_SQFT": 367035.155677753, "Park_Size_SQMeters": 34098.6817493365, "Park_Address_1": "179 Marble", "Park_State": "Tennessee", "Park_State_FIPS": "47", "Park_County": "Shelby County", "Park_County_FIPS": "47157", "Park_Place": "Memphis city", "Park_Place_FIPS": "4748000", "Park_UrbanArea": "Memphis, TN--MS--AR", "Park_UrbanArea_ID": "56116", "Park_Zip": "38107", "ORIG_FID": 11183}}, {"type": "Feature", "id": 23, "geometry": {"type": "Point", "coordinates": [-89.9917594546986, 35.1709167720343]}, "properties": {"OBJECTID": 23, "ParkID": "4748000-0028", "GISTrkrID": 143, "SourceID": 54, "Park_Name": "Gooch Park", "Park_Designation": "LP", "Park_Owner_Type": "MUNI", "Park_Local_Owner": "MEMPHIS PARKS", "Park_Manager_Type": "MUNI", "Park_Local_Manager": "MEMPHIS PARKS", "Park_Access": 3, "Park_Status": "Open", "Park_Land_Acquisition": 1, "Park_Est_Date": null, "Park_Size_Acres": 8.99116577839187, "Park_Size_SQFT": 391655.18130675, "Park_Size_SQMeters": 36385.9569751482, "Park_Address_1": "1235 University St", "Park_State": "Tennessee", "Park_State_FIPS": "47", "Park_County": "Shelby County", "Park_County_FIPS": "47157", "Park_Place": "Memphis city", "Park_Place_FIPS": "4748000", "Park_UrbanArea": "Memphis, TN--MS--AR", "Park_UrbanArea_ID": "56116", "Park_Zip": "38108", "ORIG_FID": 11184}}, {"type": "Feature", "id": 24, "geometry": {"type": "Point", "coordinates": [-89.9418328611011, 35.1676327041957]}, "properties": {"OBJECTID": 24, "ParkID": "4748000-0029", "GISTrkrID": 143, "SourceID": 55, "Park_Name": "Highland Park", "Park_Designation": "LP", "Park_Owner_Type": "MUNI", "Park_Local_Owner": "MEMPHIS PARKS", "Park_Manager_Type": "MUNI", "Park_Local_Manager": "MEMPHIS PARKS", "Park_Access": 3, "Park_Status": "Open", "Park_Land_Acquisition": 1, "Park_Est_Date": null, "Park_Size_Acres": 4.89318666050006, "Park_Size_SQFT": 213147.210931383, "Park_Size_SQMeters": 19802.0238630467, "Park_Address_1": null, "Park_State": "Tennessee", "Park_State_FIPS": "47", "Park_County": "Shelby County", "Park_County_FIPS": "47157", "Park_Place": "Memphis city", "Park_Place_FIPS": "4748000", "Park_UrbanArea": "Memphis, TN--MS--AR", "Park_UrbanArea_ID": "56116", "Park_Zip": "38122", "ORIG_FID": 11185}}, {"type": "Feature", "id": 25, "geometry": {"type": "Point", "coordinates": [-90.02444100274, 35.1677184266825]}, "properties": {"OBJECTID": 25, "ParkID": "4748000-0030", "GISTrkrID": 143, "SourceID": 56, "Park_Name": "Guthrie Park", "Park_Designation": "LP", "Park_Owner_Type": "SCHOOL_K12", "Park_Local_Owner": "MEMPHIS-SHELBY COUNTY SCHOOLS", "Park_Manager_Type": "SCHOOL_K12", "Park_Local_Manager": "MEMPHIS-SHELBY COUNTY SCHOOLS", "Park_Access": 3, "Park_Status": "Open", "Park_Land_Acquisition": 1, "Park_Est_Date": null, "Park_Size_Acres": 2.36832702585055, "Park_Size_SQFT": 103164.32524605, "Park_Size_SQMeters": 9584.27943490678, "Park_Address_1": null, "Park_State": "Tennessee", "Park_State_FIPS": "47", "Park_County": "Shelby County", "Park_County_FIPS": "47157", "Park_Place": "Memphis city", "Park_Place_FIPS": "4748000", "Park_UrbanArea": "Memphis, TN--MS--AR", "Park_UrbanArea_ID": "56116", "Park_Zip": "38107", "ORIG_FID": 11186}}, {"type": "Feature", "id": 26, "geometry": {"type": "Point", "coordinates": [-89.9896228962203, 35.1669953734179]}, "properties": {"OBJECTID": 26, "ParkID": "4748000-0031", "GISTrkrID": 143, "SourceID": 57, "Park_Name": "University Park", "Park_Designation": "LP", "Park_Owner_Type": "MUNI", "Park_Local_Owner": "MEMPHIS PARKS", "Park_Manager_Type": "MUNI", "Park_Local_Manager": "MEMPHIS PARKS", "Park_Access": 3, "Park_Status": "Open", "Park_Land_Acquisition": 1, "Park_Est_Date": null, "Park_Size_Acres": 9.1095537812438, "Park_Size_SQFT": 396812.16271098, "Park_Size_SQMeters": 36865.0562248247, "Park_Address_1": "University St", "Park_State": "Tennessee", "Park_State_FIPS": "47", "Park_County": "Shelby County", "Park_County_FIPS": "47157", "Park_Place": "Memphis city", "Park_Place_FIPS": "4748000", "Park_UrbanArea": "Memphis, TN--MS--AR", "Park_UrbanArea_ID": "56116", "Park_Zip": "38108", "ORIG_FID": 11187}}, {"type": "Feature", "id": 27, "geometry": {"type": "Point", "coordinates": [-90.0148108752797, 35.1668350885391]}, "properties": {"OBJECTID": 27, "ParkID": "4748000-0032", "GISTrkrID": 143, "SourceID": 58, "Park_Name": "Klondike Park", "Park_Designation": "LP", "Park_Owner_Type": "MUNI", "Park_Local_Owner": "MEMPHIS PARKS", "Park_Manager_Type": "MUNI", "Park_Local_Manager": "MEMPHIS PARKS", "Park_Access": 3, "Park_Status": "Open", "Park_Land_Acquisition": 1, "Park_Est_Date": null, "Park_Size_Acres": 4.44779708813113, "Park_Size_SQFT": 193746.041158992, "Park_Size_SQMeters": 17999.5962116355, "Park_Address_1": "1235 Brown Ave", "Park_State": "Tennessee", "Park_State_FIPS": "47", "Park_County": "Shelby County", "Park_County_FIPS": "47157", "Park_Place": "Memphis city", "Park_Place_FIPS": "4748000", "Park_UrbanArea": "Memphis, TN--MS--AR", "Park_UrbanArea_ID": "56116", "Park_Zip": "38107", "ORIG_FID": 11188}}, {"type": "Feature", "id": 28, "geometry": {"type": "Point", "coordinates": [-90.0407198027904, 35.1654331298932]}, "properties": {"OBJECTID": 28, "ParkID": "4748000-0033", "GISTrkrID": 143, "SourceID": 59, "Park_Name": "Bickford Park", "Park_Designation": "LP", "Park_Owner_Type": "MUNI", "Park_Local_Owner": "MEMPHIS PARKS", "Park_Manager_Type": "MUNI", "Park_Local_Manager": "MEMPHIS PARKS", "Park_Access": 3, "Park_Status": "Open", "Park_Land_Acquisition": 1, "Park_Est_Date": null, "Park_Size_Acres": 4.63897477421429, "Park_Size_SQFT": 202073.741164774, "Park_Size_SQMeters": 18773.2648583807, "Park_Address_1": "232 Bickford Ave", "Park_State": "Tennessee", "Park_State_FIPS": "47", "Park_County": "Shelby County", "Park_County_FIPS": "47157", "Park_Place": "Memphis city", "Park_Place_FIPS": "4748000", "Park_UrbanArea": "Memphis, TN--MS--AR", "Park_UrbanArea_ID": "56116", "Park_Zip": "38107", "ORIG_FID": 11189}}, {"type": "Feature", "id": 29, "geometry": {"type": "Point", "coordinates": [-89.9201267149533, 35.1598671677867]}, "properties": {"OBJECTID": 29, "ParkID": "4748000-0034", "GISTrkrID": 143, "SourceID": 60, "Park_Name": "Gaisman Park", "Park_Designation": "LP", "Park_Owner_Type": "MUNI", "Park_Local_Owner": "MEMPHIS PARKS", "Park_Manager_Type": "MUNI", "Park_Local_Manager": "MEMPHIS PARKS", "Park_Access": 3, "Park_Status": "Open", "Park_Land_Acquisition": 1, "Park_Est_Date": null, "Park_Size_Acres": 21.0208304206433, "Park_Size_SQFT": 915667.373123221, "Park_Size_SQMeters": 85068.2825919615, "Park_Address_1": "4223 Macon Rd", "Park_State": "Tennessee", "Park_State_FIPS": "47", "Park_County": "Shelby County", "Park_County_FIPS": "47157", "Park_Place": "Memphis city", "Park_Place_FIPS": "4748000", "Park_UrbanArea": "Memphis, TN--MS--AR", "Park_UrbanArea_ID": "56116", "Park_Zip": "38122", "ORIG_FID": 11190}}, {"type": "Feature", "id": 30, "geometry": {"type": "Point", "coordinates": [-90.0458813571949, 35.1606759642263]}, "properties": {"OBJECTID": 30, "ParkID": "4748000-0035", "GISTrkrID": 143, "SourceID": 61, "Park_Name": "Malone Park", "Park_Designation": "LP", "Park_Owner_Type": "SPECIAL_DISTRICT", "Park_Local_Owner": "MEMPHIS HOUSING AUTHORITY", "Park_Manager_Type": "SPECIAL_DISTRICT", "Park_Local_Manager": "MEMPHIS HOUSING AUTHORITY", "Park_Access": 3, "Park_Status": "Open", "Park_Land_Acquisition": 1, "Park_Est_Date": null, "Park_Size_Acres": 1.1284617139013, "Park_Size_SQFT": 49155.7922575406, "Park_Size_SQMeters": 4566.72253433398, "Park_Address_1": "109 Saffarans Ave", "Park_State": "Tennessee", "Park_State_FIPS": "47", "Park_County": "Shelby County", "Park_County_FIPS": "47157", "Park_Place": "Memphis city", "Park_Place_FIPS": "4748000", "Park_UrbanArea": "Memphis, TN--MS--AR", "Park_UrbanArea_ID": "56116", "Park_Zip": "38105", "ORIG_FID": 11191}}, {"type": "Feature", "id": 31, "geometry": {"type": "Point", "coordinates": [-90.036075758701, 35.1523943963123]}, "properties": {"OBJECTID": 31, "ParkID": "4748000-0036", "GISTrkrID": 143, "SourceID": 62, "Park_Name": "Winchester Park", "Park_Designation": "LP", "Park_Owner_Type": "MUNI", "Park_Local_Owner": "MEMPHIS PARKS", "Park_Manager_Type": "MUNI", "Park_Local_Manager": "MEMPHIS PARKS", "Park_Access": 3, "Park_Status": "Open", "Park_Land_Acquisition": 1, "Park_Est_Date": null, "Park_Size_Acres": 5.9933964509912, "Park_Size_SQFT": 261072.349405177, "Park_Size_SQMeters": 24254.4149196831, "Park_Address_1": "660 Lane Ave", "Park_State": "Tennessee", "Park_State_FIPS": "47", "Park_County": "Shelby County", "Park_County_FIPS": "47157", "Park_Place": "Memphis city", "Park_Place_FIPS": "4748000", "Park_UrbanArea": "Memphis, TN--MS--AR", "Park_UrbanArea_ID": "56116", "Park_Zip": "38105", "ORIG_FID": 11192}}, {"type": "Feature", "id": 32, "geometry": {"type": "Point", "coordinates": [-90.0359652658345, 35.1456322166698]}, "properties": {"OBJECTID": 32, "ParkID": "4748000-0038", "GISTrkrID": 143, "SourceID": 64, "Park_Name": "Morris Park", "Park_Designation": "LP", "Park_Owner_Type": "MUNI", "Park_Local_Owner": "MEMPHIS PARKS", "Park_Manager_Type": "MUNI", "Park_Local_Manager": "MEMPHIS PARKS", "Park_Access": 3, "Park_Status": "Open", "Park_Land_Acquisition": 1, "Park_Est_Date": null, "Park_Size_Acres": 6.03898675376011, "Park_Size_SQFT": 263058.262993791, "Park_Size_SQMeters": 24438.9123292426, "Park_Address_1": null, "Park_State": "Tennessee", "Park_State_FIPS": "47", "Park_County": "Shelby County", "Park_County_FIPS": "47157", "Park_Place": "Memphis city", "Park_Place_FIPS": "4748000", "Park_UrbanArea": "Memphis, TN--MS--AR", "Park_UrbanArea_ID": "56116", "Park_Zip": "38105", "ORIG_FID": 11193}}, {"type": "Feature", "id": 33, "geometry": {"type": "Point", "coordinates": [-90.0631233768902, 35.1364964106458]}, "properties": {"OBJECTID": 33, "ParkID": "4748000-0039", "GISTrkrID": 143, "SourceID": 66, "Park_Name": "Tom Lee Park", "Park_Designation": "LP", "Park_Owner_Type": "MUNI", "Park_Local_Owner": "MEMPHIS PARKS", "Park_Manager_Type": "MUNI", "Park_Local_Manager": "MEMPHIS PARKS", "Park_Access": 3, "Park_Status": "Open", "Park_Land_Acquisition": 1, "Park_Est_Date": null, "Park_Size_Acres": 32.5056068415259, "Park_Size_SQFT": 1415944.23401687, "Park_Size_SQMeters": 131545.523810639, "Park_Address_1": null, "Park_State": "Tennessee", "Park_State_FIPS": "47", "Park_County": "Shelby County", "Park_County_FIPS": "47157", "Park_Place": "Memphis city", "Park_Place_FIPS": "4748000", "Park_UrbanArea": "Memphis, TN--MS--AR", "Park_UrbanArea_ID": "56116", "Park_Zip": "38103", "ORIG_FID": 11194}}, {"type": "Feature", "id": 34, "geometry": {"type": "Point", "coordinates": [-89.9006474570894, 35.1399981849053]}, "properties": {"OBJECTID": 34, "ParkID": "4748000-0040", "GISTrkrID": 143, "SourceID": 67, "Park_Name": "Avon Park", "Park_Designation": "LP", "Park_Owner_Type": "MUNI", "Park_Local_Owner": "MEMPHIS PARKS", "Park_Manager_Type": "MUNI", "Park_Local_Manager": "MEMPHIS PARKS", "Park_Access": 3, "Park_Status": "Open", "Park_Land_Acquisition": 1, "Park_Est_Date": null, "Park_Size_Acres": 9.35498045912176, "Park_Size_SQFT": 407502.948799344, "Park_Size_SQMeters": 37858.2627524234, "Park_Address_1": null, "Park_State": "Tennessee", "Park_State_FIPS": "47", "Park_County": "Shelby County", "Park_County_FIPS": "47157", "Park_Place": "Memphis city", "Park_Place_FIPS": "4748000", "Park_UrbanArea": "Memphis, TN--MS--AR", "Park_UrbanArea_ID": "56116", "Park_Zip": "38117", "ORIG_FID": 11195}}, {"type": "Feature", "id": 35, "geometry": {"type": "Point", "coordinates": [-90.0346720650868, 35.1396126464148]}, "properties": {"OBJECTID": 35, "ParkID": "4748000-0041", "GISTrkrID": 143, "SourceID": 68, "Park_Name": "Health Sciences Park ", "Park_Designation": "LP", "Park_Owner_Type": "MUNI", "Park_Local_Owner": "MEMPHIS PARKS", "Park_Manager_Type": "MUNI", "Park_Local_Manager": "MEMPHIS PARKS", "Park_Access": 3, "Park_Status": "Open", "Park_Land_Acquisition": 1, "Park_Est_Date": null, "Park_Size_Acres": 7.89629131282595, "Park_Size_SQFT": 343962.449586698, "Park_Size_SQMeters": 31955.157212451, "Park_Address_1": "Madison Ave", "Park_State": "Tennessee", "Park_State_FIPS": "47", "Park_County": "Shelby County", "Park_County_FIPS": "47157", "Park_Place": "Memphis city", "Park_Place_FIPS": "4748000", "Park_UrbanArea": "Memphis, TN--MS--AR", "Park_UrbanArea_ID": "56116", "Park_Zip": "38103", "ORIG_FID": 11196}}, {"type": "Feature", "id": 36, "geometry": {"type": "Point", "coordinates": [-89.9625586175562, 35.140203953123]}, "properties": {"OBJECTID": 36, "ParkID": "4748000-0042", "GISTrkrID": 143, "SourceID": 69, "Park_Name": "Howze Park", "Park_Designation": "LP", "Park_Owner_Type": "MUNI", "Park_Local_Owner": "MEMPHIS PARKS", "Park_Manager_Type": "MUNI", "Park_Local_Manager": "MEMPHIS PARKS", "Park_Access": 3, "Park_Status": "Open", "Park_Land_Acquisition": 1, "Park_Est_Date": null, "Park_Size_Acres": 8.03179292403653, "Park_Size_SQFT": 349864.899771031, "Park_Size_SQMeters": 32503.5127780241, "Park_Address_1": "Tillman St & Mimosa Ave", "Park_State": "Tennessee", "Park_State_FIPS": "47", "Park_County": "Shelby County", "Park_County_FIPS": "47157", "Park_Place": "Memphis city", "Park_Place_FIPS": "4748000", "Park_UrbanArea": "Memphis, TN--MS--AR", "Park_UrbanArea_ID": "56116", "Park_Zip": "38112", "ORIG_FID": 11197}}, {"type": "Feature", "id": 37, "geometry": {"type": "Point", "coordinates": [-89.8801651943077, 35.1378640499262]}, "properties": {"OBJECTID": 37, "ParkID": "4748000-0043", "GISTrkrID": 143, "SourceID": 70, "Park_Name": "Brennan Park", "Park_Designation": "LP", "Park_Owner_Type": "MUNI", "Park_Local_Owner": "MEMPHIS PARKS", "Park_Manager_Type": "MUNI", "Park_Local_Manager": "MEMPHIS PARKS", "Park_Access": 3, "Park_Status": "Open", "Park_Land_Acquisition": 1, "Park_Est_Date": null, "Park_Size_Acres": 19.1998057298138, "Park_Size_SQFT": 836343.53759069, "Park_Size_SQMeters": 77698.8571265294, "Park_Address_1": null, "Park_State": "Tennessee", "Park_State_FIPS": "47", "Park_County": "Shelby County", "Park_County_FIPS": "47157", "Park_Place": "Memphis city", "Park_Place_FIPS": "4748000", "Park_UrbanArea": "Memphis, TN--MS--AR", "Park_UrbanArea_ID": "56116", "Park_Zip": "38120", "ORIG_FID": 11198}}, {"type": "Feature", "id": 38, "geometry": {"type": "Point", "coordinates": [-89.9615468975021, 35.1283637895356]}, "properties": {"OBJECTID": 38, "ParkID": "4748000-0044", "GISTrkrID": 143, "SourceID": 72, "Park_Name": "Chickasaw Garden Park", "Park_Designation": "LP", "Park_Owner_Type": "MUNI", "Park_Local_Owner": "MEMPHIS PARKS", "Park_Manager_Type": "MUNI", "Park_Local_Manager": "MEMPHIS PARKS", "Park_Access": 3, "Park_Status": "Open", "Park_Land_Acquisition": 1, "Park_Est_Date": null, "Park_Size_Acres": 17.8148031918401, "Park_Size_SQFT": 776012.827036555, "Park_Size_SQMeters": 72093.9507106902, "Park_Address_1": "150 W Goodwyn St", "Park_State": "Tennessee", "Park_State_FIPS": "47", "Park_County": "Shelby County", "Park_County_FIPS": "47157", "Park_Place": "Memphis city", "Park_Place_FIPS": "4748000", "Park_UrbanArea": "Memphis, TN--MS--AR", "Park_UrbanArea_ID": "56116", "Park_Zip": "38111", "ORIG_FID": 11199}}, {"type": "Feature", "id": 39, "geometry": {"type": "Point", "coordinates": [-89.9737732479903, 35.1278730232683]}, "properties": {"OBJECTID": 39, "ParkID": "4748000-0045", "GISTrkrID": 143, "SourceID": 73, "Park_Name": "Frank Tobey Park", "Park_Designation": "LP", "Park_Owner_Type": "MUNI", "Park_Local_Owner": "MEMPHIS PARKS", "Park_Manager_Type": "MUNI", "Park_Local_Manager": "MEMPHIS PARKS", "Park_Access": 3, "Park_Status": "Open", "Park_Land_Acquisition": 1, "Park_Est_Date": null, "Park_Size_Acres": 42.7890857113256, "Park_Size_SQFT": 1863892.57358534, "Park_Size_SQMeters": 173161.286319502, "Park_Address_1": null, "Park_State": "Tennessee", "Park_State_FIPS": "47", "Park_County": "Shelby County", "Park_County_FIPS": "47157", "Park_Place": "Memphis city", "Park_Place_FIPS": "4748000", "Park_UrbanArea": "Memphis, TN--MS--AR", "Park_UrbanArea_ID": "56116", "Park_Zip": "38104", "ORIG_FID": 11200}}, {"type": "Feature", "id": 40, "geometry": {"type": "Point", "coordinates": [-89.9917755578852, 35.1267790451753]}, "properties": {"OBJECTID": 40, "ParkID": "4748000-0046", "GISTrkrID": 143, "SourceID": 75, "Park_Name": "Peabody Park", "Park_Designation": "LP", "Park_Owner_Type": "PRIV", "Park_Local_Owner": "MEMPHIS GAS & LIGHT", "Park_Manager_Type": "MUNI", "Park_Local_Manager": "MEMPHIS PARKS", "Park_Access": 3, "Park_Status": "Open", "Park_Land_Acquisition": 1, "Park_Est_Date": null, "Park_Size_Acres": 3.43303841160912, "Park_Size_SQFT": 149543.153209693, "Park_Size_SQMeters": 13893.0135443663, "Park_Address_1": "712 S Cooper St", "Park_State": "Tennessee", "Park_State_FIPS": "47", "Park_County": "Shelby County", "Park_County_FIPS": "47157", "Park_Place": "Memphis city", "Park_Place_FIPS": "4748000", "Park_UrbanArea": "Memphis, TN--MS--AR", "Park_UrbanArea_ID": "56116", "Park_Zip": "38104", "ORIG_FID": 11201}}, {"type": "Feature", "id": 41, "geometry": {"type": "Point", "coordinates": [-90.0737160377343, 35.1247881556266]}, "properties": {"OBJECTID": 41, "ParkID": "4748000-0047", "GISTrkrID": 143, "SourceID": 76, "Park_Name": "E H Crump Park", "Park_Designation": "LP", "Park_Owner_Type": "MUNI", "Park_Local_Owner": "MEMPHIS PARKS", "Park_Manager_Type": "MUNI", "Park_Local_Manager": "MEMPHIS PARKS", "Park_Access": 3, "Park_Status": "Open", "Park_Land_Acquisition": 1, "Park_Est_Date": null, "Park_Size_Acres": 6.08962108232544, "Park_Size_SQFT": 265263.894346096, "Park_Size_SQMeters": 24643.8221869912, "Park_Address_1": "340 Metal Museum Dr", "Park_State": "Tennessee", "Park_State_FIPS": "47", "Park_County": "Shelby County", "Park_County_FIPS": "47157", "Park_Place": "Memphis city", "Park_Place_FIPS": "4748000", "Park_UrbanArea": "Memphis, TN--MS--AR", "Park_UrbanArea_ID": "56116", "Park_Zip": "38109", "ORIG_FID": 11202}}, {"type": "Feature", "id": 42, "geometry": {"type": "Point", "coordinates": [-89.9816304134321, 35.122368007863]}, "properties": {"OBJECTID": 42, "ParkID": "4748000-0048", "GISTrkrID": 143, "SourceID": 77, "Park_Name": "Mid South Fairgrounds", "Park_Designation": "LHCA", "Park_Owner_Type": "MUNI", "Park_Local_Owner": "MEMPHIS PARKS", "Park_Manager_Type": "MUNI", "Park_Local_Manager": "MEMPHIS PARKS", "Park_Access": 3, "Park_Status": "Open", "Park_Land_Acquisition": 1, "Park_Est_Date": null, "Park_Size_Acres": 49.0547981659969, "Park_Size_SQFT": 2136827.00811082, "Park_Size_SQMeters": 198517.7250076, "Park_Address_1": null, "Park_State": "Tennessee", "Park_State_FIPS": "47", "Park_County": "Shelby County", "Park_County_FIPS": "47157", "Park_Place": "Memphis city", "Park_Place_FIPS": "4748000", "Park_UrbanArea": "Memphis, TN--MS--AR", "Park_UrbanArea_ID": "56116", "Park_Zip": "38104", "ORIG_FID": 11203}}, {"type": "Feature", "id": 43, "geometry": {"type": "Point", "coordinates": [-90.0543741788505, 35.1178762211667]}, "properties": {"OBJECTID": 43, "ParkID": "4748000-0049", "GISTrkrID": 143, "SourceID": 79, "Park_Name": "Gaston Park", "Park_Designation": "LP", "Park_Owner_Type": "MUNI", "Park_Local_Owner": "MEMPHIS PARKS", "Park_Manager_Type": "MUNI", "Park_Local_Manager": "MEMPHIS PARKS", "Park_Access": 3, "Park_Status": "Open", "Park_Land_Acquisition": 1, "Park_Est_Date": null, "Park_Size_Acres": 4.52285666675828, "Park_Size_SQFT": 197015.636403991, "Park_Size_SQMeters": 18303.3515494654, "Park_Address_1": "1107 Patton St", "Park_State": "Tennessee", "Park_State_FIPS": "47", "Park_County": "Shelby County", "Park_County_FIPS": "47157", "Park_Place": "Memphis city", "Park_Place_FIPS": "4748000", "Park_UrbanArea": "Memphis, TN--MS--AR", "Park_UrbanArea_ID": "56116", "Park_Zip": "38106", "ORIG_FID": 11204}}, {"type": "Feature", "id": 44, "geometry": {"type": "Point", "coordinates": [-89.9180406030317, 35.1113560564907]}, "properties": {"OBJECTID": 44, "ParkID": "4748000-0052", "GISTrkrID": 143, "SourceID": 82, "Park_Name": "Audubon Park", "Park_Designation": "LP", "Park_Owner_Type": "MUNI", "Park_Local_Owner": "MEMPHIS PARKS", "Park_Manager_Type": "MUNI", "Park_Local_Manager": "MEMPHIS PARKS", "Park_Access": 3, "Park_Status": "Open", "Park_Land_Acquisition": 1, "Park_Est_Date": null, "Park_Size_Acres": 325.64155627274, "Park_Size_SQFT": 14184946.1912406, "Park_Size_SQMeters": 1317824.62340267, "Park_Address_1": "4145 Southern Ave", "Park_State": "Tennessee", "Park_State_FIPS": "47", "Park_County": "Shelby County", "Park_County_FIPS": "47157", "Park_Place": "Memphis city", "Park_Place_FIPS": "4748000", "Park_UrbanArea": "Memphis, TN--MS--AR", "Park_UrbanArea_ID": "56116", "Park_Zip": "38117", "ORIG_FID": 11206}}, {"type": "Feature", "id": 45, "geometry": {"type": "Point", "coordinates": [-90.0203423726342, 35.1110158418825]}, "properties": {"OBJECTID": 45, "ParkID": "4748000-0053", "GISTrkrID": 143, "SourceID": 83, "Park_Name": "Jesse Turner Park", "Park_Designation": "LP", "Park_Owner_Type": "MUNI", "Park_Local_Owner": "MEMPHIS PARKS", "Park_Manager_Type": "MUNI", "Park_Local_Manager": "MEMPHIS PARKS", "Park_Access": 3, "Park_Status": "Open", "Park_Land_Acquisition": 1, "Park_Est_Date": null, "Park_Size_Acres": 18.5262333764144, "Park_Size_SQFT": 807002.725876612, "Park_Size_SQMeters": 74973.0065222239, "Park_Address_1": null, "Park_State": "Tennessee", "Park_State_FIPS": "47", "Park_County": "Shelby County", "Park_County_FIPS": "47157", "Park_Place": "Memphis city", "Park_Place_FIPS": "4748000", "Park_UrbanArea": "Memphis, TN--MS--AR", "Park_UrbanArea_ID": "56116", "Park_Zip": "38106", "ORIG_FID": 11207}}, {"type": "Feature", "id": 46, "geometry": {"type": "Point", "coordinates": [-89.9681864823472, 35.1063969590789]}, "properties": {"OBJECTID": 46, "ParkID": "4748000-0054", "GISTrkrID": 143, "SourceID": 84, "Park_Name": "Lewis-Davis Park", "Park_Designation": "LP", "Park_Owner_Type": "MUNI", "Park_Local_Owner": "MEMPHIS PARKS", "Park_Manager_Type": "MUNI", "Park_Local_Manager": "MEMPHIS PARKS", "Park_Access": 3, "Park_Status": "Open", "Park_Land_Acquisition": 1, "Park_Est_Date": null, "Park_Size_Acres": 19.1325998899593, "Park_Size_SQFT": 833416.051206626, "Park_Size_SQMeters": 77426.8847418912, "Park_Address_1": "2870 Deadrick Ave.", "Park_State": "Tennessee", "Park_State_FIPS": "47", "Park_County": "Shelby County", "Park_County_FIPS": "47157", "Park_Place": "Memphis city", "Park_Place_FIPS": "4748000", "Park_UrbanArea": "Memphis, TN--MS--AR", "Park_UrbanArea_ID": "56116", "Park_Zip": "38114", "ORIG_FID": 11208}}, {"type": "Feature", "id": 47, "geometry": {"type": "Point", "coordinates": [-89.8974417623448, 35.1058684343306]}, "properties": {"OBJECTID": 47, "ParkID": "4748000-0055", "GISTrkrID": 143, "SourceID": 85, "Park_Name": "Marquette Park", "Park_Designation": "LP", "Park_Owner_Type": "MUNI", "Park_Local_Owner": "MEMPHIS PARKS", "Park_Manager_Type": "MUNI", "Park_Local_Manager": "MEMPHIS PARKS", "Park_Access": 3, "Park_Status": "Open", "Park_Land_Acquisition": 1, "Park_Est_Date": null, "Park_Size_Acres": 14.8628062042709, "Park_Size_SQFT": 647423.83825804, "Park_Size_SQMeters": 60147.6427426403, "Park_Address_1": null, "Park_State": "Tennessee", "Park_State_FIPS": "47", "Park_County": "Shelby County", "Park_County_FIPS": "47157", "Park_Place": "Memphis city", "Park_Place_FIPS": "4748000", "Park_UrbanArea": "Memphis, TN--MS--AR", "Park_UrbanArea_ID": "56116", "Park_Zip": "38117", "ORIG_FID": 11209}}, {"type": "Feature", "id": 48, "geometry": {"type": "Point", "coordinates": [-89.9484069276889, 35.1000501512742]}, "properties": {"OBJECTID": 48, "ParkID": "4748000-0056", "GISTrkrID": 143, "SourceID": 89, "Park_Name": "Sherwood Park", "Park_Designation": "LP", "Park_Owner_Type": "MUNI", "Park_Local_Owner": "MEMPHIS PARKS", "Park_Manager_Type": "MUNI", "Park_Local_Manager": "MEMPHIS PARKS", "Park_Access": 3, "Park_Status": "Open", "Park_Land_Acquisition": 1, "Park_Est_Date": null, "Park_Size_Acres": 5.84023907966846, "Park_Size_SQFT": 254400.814310358, "Park_Size_SQMeters": 23634.6090279078, "Park_Address_1": null, "Park_State": "Tennessee", "Park_State_FIPS": "47", "Park_County": "Shelby County", "Park_County_FIPS": "47157", "Park_Place": "Memphis city", "Park_Place_FIPS": "4748000", "Park_UrbanArea": "Memphis, TN--MS--AR", "Park_UrbanArea_ID": "56116", "Park_Zip": "38111", "ORIG_FID": 11210}}, {"type": "Feature", "id": 49, "geometry": {"type": "Point", "coordinates": [-90.0153448253478, 35.0988493501571]}, "properties": {"OBJECTID": 49, "ParkID": "4748000-0057", "GISTrkrID": 143, "SourceID": 90, "Park_Name": "Lincoln Park", "Park_Designation": "LP", "Park_Owner_Type": "MUNI", "Park_Local_Owner": "MEMPHIS PARKS", "Park_Manager_Type": "MUNI", "Park_Local_Manager": "MEMPHIS PARKS", "Park_Access": 3, "Park_Status": "Open", "Park_Land_Acquisition": 1, "Park_Est_Date": null, "Park_Size_Acres": 21.8615842442398, "Park_Size_SQFT": 952290.609679086, "Park_Size_SQMeters": 88470.6926026405, "Park_Address_1": "Grand Opera Road", "Park_State": "Tennessee", "Park_State_FIPS": "47", "Park_County": "Shelby County", "Park_County_FIPS": "47157", "Park_Place": "Memphis city", "Park_Place_FIPS": "4748000", "Park_UrbanArea": "Memphis, TN--MS--AR", "Park_UrbanArea_ID": "56116", "Park_Zip": "38106", "ORIG_FID": 11211}}, {"type": "Feature", "id": 50, "geometry": {"type": "Point", "coordinates": [-89.8871033994268, 35.096776338573]}, "properties": {"OBJECTID": 50, "ParkID": "4748000-0058", "GISTrkrID": 143, "SourceID": 92, "Park_Name": "Sea Isle Park", "Park_Designation": "LP", "Park_Owner_Type": "MUNI", "Park_Local_Owner": "MEMPHIS PARKS", "Park_Manager_Type": "MUNI", "Park_Local_Manager": "MEMPHIS PARKS", "Park_Access": 3, "Park_Status": "Open", "Park_Land_Acquisition": 1, "Park_Est_Date": null, "Park_Size_Acres": 34.449699610619, "Park_Size_SQFT": 1500628.91503856, "Park_Size_SQMeters": 139412.988118984, "Park_Address_1": "5253 Sea Isle Rd", "Park_State": "Tennessee", "Park_State_FIPS": "47", "Park_County": "Shelby County", "Park_County_FIPS": "47157", "Park_Place": "Memphis city", "Park_Place_FIPS": "4748000", "Park_UrbanArea": "Memphis, TN--MS--AR", "Park_UrbanArea_ID": "56116", "Park_Zip": "38117", "ORIG_FID": 11212}}, {"type": "Feature", "id": 51, "geometry": {"type": "Point", "coordinates": [-90.0802992120209, 35.0961945148715]}, "properties": {"OBJECTID": 51, "ParkID": "4748000-0059", "GISTrkrID": 143, "SourceID": 94, "Park_Name": "Martin L King Riverside Park", "Park_Designation": "LP", "Park_Owner_Type": "MUNI", "Park_Local_Owner": "MEMPHIS PARKS", "Park_Manager_Type": "MUNI", "Park_Local_Manager": "MEMPHIS PARKS", "Park_Access": 3, "Park_Status": "Open", "Park_Land_Acquisition": 1, "Park_Est_Date": null, "Park_Size_Acres": 350.076950884612, "Park_Size_SQFT": 15249351.9805337, "Park_Size_SQMeters": 1416711.1570216, "Park_Address_1": "W Mallory Ave", "Park_State": "Tennessee", "Park_State_FIPS": "47", "Park_County": "Shelby County", "Park_County_FIPS": "47157", "Park_Place": "Memphis city", "Park_Place_FIPS": "4748000", "Park_UrbanArea": "Memphis, TN--MS--AR", "Park_UrbanArea_ID": "56116", "Park_Zip": "38109", "ORIG_FID": 11213}}, {"type": "Feature", "id": 52, "geometry": {"type": "Point", "coordinates": [-90.0604353587148, 35.0937221780172]}, "properties": {"OBJECTID": 52, "ParkID": "4748000-0060", "GISTrkrID": 143, "SourceID": 95, "Park_Name": "Belz Park", "Park_Designation": "LP", "Park_Owner_Type": "MUNI", "Park_Local_Owner": "MEMPHIS PARKS", "Park_Manager_Type": "MUNI", "Park_Local_Manager": "MEMPHIS PARKS", "Park_Access": 3, "Park_Status": "Open", "Park_Land_Acquisition": 1, "Park_Est_Date": null, "Park_Size_Acres": 11.2817259878112, "Park_Size_SQFT": 491431.984029056, "Park_Size_SQMeters": 45655.5252695307, "Park_Address_1": "1964 Shelby St", "Park_State": "Tennessee", "Park_State_FIPS": "47", "Park_County": "Shelby County", "Park_County_FIPS": "47157", "Park_Place": "Memphis city", "Park_Place_FIPS": "4748000", "Park_UrbanArea": "Memphis, TN--MS--AR", "Park_UrbanArea_ID": "56116", "Park_Zip": "38109", "ORIG_FID": 11214}}, {"type": "Feature", "id": 53, "geometry": {"type": "Point", "coordinates": [-89.9639139478624, 35.0926404417528]}, "properties": {"OBJECTID": 53, "ParkID": "4748000-0061", "GISTrkrID": 143, "SourceID": 98, "Park_Name": "Cherokee Park", "Park_Designation": "LP", "Park_Owner_Type": "MUNI", "Park_Local_Owner": "MEMPHIS PARKS", "Park_Manager_Type": "MUNI", "Park_Local_Manager": "MEMPHIS PARKS", "Park_Access": 3, "Park_Status": "Open", "Park_Land_Acquisition": 1, "Park_Est_Date": null, "Park_Size_Acres": 14.0822897945475, "Park_Size_SQFT": 613424.54345049, "Park_Size_SQMeters": 56989.0048971626, "Park_Address_1": "2940 Fillmore Ave", "Park_State": "Tennessee", "Park_State_FIPS": "47", "Park_County": "Shelby County", "Park_County_FIPS": "47157", "Park_Place": "Memphis city", "Park_Place_FIPS": "4748000", "Park_UrbanArea": "Memphis, TN--MS--AR", "Park_UrbanArea_ID": "56116", "Park_Zip": "38114", "ORIG_FID": 11215}}, {"type": "Feature", "id": 54, "geometry": {"type": "Point", "coordinates": [-89.9010615255742, 35.0832915105756]}, "properties": {"OBJECTID": 54, "ParkID": "4748000-0062", "GISTrkrID": 143, "SourceID": 100, "Park_Name": "Willow Park", "Park_Designation": "LP", "Park_Owner_Type": "MUNI", "Park_Local_Owner": "MEMPHIS PARKS", "Park_Manager_Type": "MUNI", "Park_Local_Manager": "MEMPHIS PARKS", "Park_Access": 3, "Park_Status": "Open", "Park_Land_Acquisition": 1, "Park_Est_Date": null, "Park_Size_Acres": 53.8078552491929, "Park_Size_SQFT": 2343870.17465484, "Park_Size_SQMeters": 217752.664590766, "Park_Address_1": "4842 Willow Rd", "Park_State": "Tennessee", "Park_State_FIPS": "47", "Park_County": "Shelby County", "Park_County_FIPS": "47157", "Park_Place": "Memphis city", "Park_Place_FIPS": "4748000", "Park_UrbanArea": "Memphis, TN--MS--AR", "Park_UrbanArea_ID": "56116", "Park_Zip": "38117", "ORIG_FID": 11216}}, {"type": "Feature", "id": 55, "geometry": {"type": "Point", "coordinates": [-89.9514299407221, 35.0841879850525]}, "properties": {"OBJECTID": 55, "ParkID": "4748000-0063", "GISTrkrID": 143, "SourceID": 101, "Park_Name": "Obrian Park", "Park_Designation": "LP", "Park_Owner_Type": "MUNI", "Park_Local_Owner": "MEMPHIS PARKS", "Park_Manager_Type": "MUNI", "Park_Local_Manager": "MEMPHIS PARKS", "Park_Access": 3, "Park_Status": "Open", "Park_Land_Acquisition": 1, "Park_Est_Date": null, "Park_Size_Acres": 10.5366025262985, "Park_Size_SQFT": 458974.406045564, "Park_Size_SQMeters": 42640.1176038273, "Park_Address_1": "1705 Prescott Rd", "Park_State": "Tennessee", "Park_State_FIPS": "47", "Park_County": "Shelby County", "Park_County_FIPS": "47157", "Park_Place": "Memphis city", "Park_Place_FIPS": "4748000", "Park_UrbanArea": "Memphis, TN--MS--AR", "Park_UrbanArea_ID": "56116", "Park_Zip": "38111", "ORIG_FID": 11217}}, {"type": "Feature", "id": 56, "geometry": {"type": "Point", "coordinates": [-89.9155818995408, 35.0834135648749]}, "properties": {"OBJECTID": 56, "ParkID": "4748000-0064", "GISTrkrID": 143, "SourceID": 104, "Park_Name": "Goodwin Park", "Park_Designation": "LP", "Park_Owner_Type": "MUNI", "Park_Local_Owner": "MEMPHIS PARKS", "Park_Manager_Type": "MUNI", "Park_Local_Manager": "MEMPHIS PARKS", "Park_Access": 3, "Park_Status": "Open", "Park_Land_Acquisition": 1, "Park_Est_Date": null, "Park_Size_Acres": 11.2595761505523, "Park_Size_SQFT": 490467.137118059, "Park_Size_SQMeters": 45565.8880583645, "Park_Address_1": "4414 Mallory Rd", "Park_State": "Tennessee", "Park_State_FIPS": "47", "Park_County": "Shelby County", "Park_County_FIPS": "47157", "Park_Place": "Memphis city", "Park_Place_FIPS": "4748000", "Park_UrbanArea": "Memphis, TN--MS--AR", "Park_UrbanArea_ID": "56116", "Park_Zip": "38117", "ORIG_FID": 11218}}, {"type": "Feature", "id": 57, "geometry": {"type": "Point", "coordinates": [-89.8813721178397, 35.0801621548355]}, "properties": {"OBJECTID": 57, "ParkID": "4748000-0065", "GISTrkrID": 143, "SourceID": 105, "Park_Name": "Halle Park", "Park_Designation": "LP", "Park_Owner_Type": "MUNI", "Park_Local_Owner": "MEMPHIS PARKS", "Park_Manager_Type": "MUNI", "Park_Local_Manager": "MEMPHIS PARKS", "Park_Access": 3, "Park_Status": "Open", "Park_Land_Acquisition": 1, "Park_Est_Date": null, "Park_Size_Acres": 64.1326665040341, "Park_Size_SQFT": 2793618.95291573, "Park_Size_SQMeters": 259535.693327488, "Park_Address_1": null, "Park_State": "Tennessee", "Park_State_FIPS": "47", "Park_County": "Shelby County", "Park_County_FIPS": "47157", "Park_Place": "Memphis city", "Park_Place_FIPS": "4748000", "Park_UrbanArea": "Memphis, TN--MS--AR", "Park_UrbanArea_ID": "56116", "Park_Zip": "38115", "ORIG_FID": 11219}}, {"type": "Feature", "id": 58, "geometry": {"type": "Point", "coordinates": [-89.9775824173928, 35.078169726218]}, "properties": {"OBJECTID": 58, "ParkID": "4748000-0067", "GISTrkrID": 143, "SourceID": 108, "Park_Name": "Charjean Park", "Park_Designation": "LP", "Park_Owner_Type": "MUNI", "Park_Local_Owner": "MEMPHIS PARKS", "Park_Manager_Type": "MUNI", "Park_Local_Manager": "MEMPHIS PARKS", "Park_Access": 3, "Park_Status": "Open", "Park_Land_Acquisition": 1, "Park_Est_Date": null, "Park_Size_Acres": 21.0897222139726, "Park_Size_SQFT": 918668.299640644, "Park_Size_SQMeters": 85347.0777882468, "Park_Address_1": "2552 Ketchum Rd", "Park_State": "Tennessee", "Park_State_FIPS": "47", "Park_County": "Shelby County", "Park_County_FIPS": "47157", "Park_Place": "Memphis city", "Park_Place_FIPS": "4748000", "Park_UrbanArea": "Memphis, TN--MS--AR", "Park_UrbanArea_ID": "56116", "Park_Zip": "38114", "ORIG_FID": 11220}}, {"type": "Feature", "id": 59, "geometry": {"type": "Point", "coordinates": [-89.9934045910372, 35.0791899781136]}, "properties": {"OBJECTID": 59, "ParkID": "4748000-0068", "GISTrkrID": 143, "SourceID": 109, "Park_Name": "Alcy Park East", "Park_Designation": "LP", "Park_Owner_Type": "MUNI", "Park_Local_Owner": "MEMPHIS PARKS", "Park_Manager_Type": "MUNI", "Park_Local_Manager": "MEMPHIS PARKS", "Park_Access": 3, "Park_Status": "Open", "Park_Land_Acquisition": 1, "Park_Est_Date": null, "Park_Size_Acres": 15.9324460742276, "Park_Size_SQFT": 694017.350993355, "Park_Size_SQMeters": 64476.3217200297, "Park_Address_1": null, "Park_State": "Tennessee", "Park_State_FIPS": "47", "Park_County": "Shelby County", "Park_County_FIPS": "47157", "Park_Place": "Memphis city", "Park_Place_FIPS": "4748000", "Park_UrbanArea": "Memphis, TN--MS--AR", "Park_UrbanArea_ID": "56116", "Park_Zip": "38114", "ORIG_FID": 11221}}, {"type": "Feature", "id": 60, "geometry": {"type": "Point", "coordinates": [-89.8537037222511, 35.0754478379596]}, "properties": {"OBJECTID": 60, "ParkID": "4748000-0069", "GISTrkrID": 143, "SourceID": 110, "Park_Name": "May Park", "Park_Designation": "LP", "Park_Owner_Type": "MUNI", "Park_Local_Owner": "MEMPHIS PARKS", "Park_Manager_Type": "MUNI", "Park_Local_Manager": "MEMPHIS PARKS", "Park_Access": 3, "Park_Status": "Open", "Park_Land_Acquisition": 1, "Park_Est_Date": null, "Park_Size_Acres": 64.9627452211349, "Park_Size_SQFT": 2829777.18183264, "Park_Size_SQMeters": 262894.902714885, "Park_Address_1": null, "Park_State": "Tennessee", "Park_State_FIPS": "47", "Park_County": "Shelby County", "Park_County_FIPS": "47157", "Park_Place": "Memphis city", "Park_Place_FIPS": "4748000", "Park_UrbanArea": "Memphis, TN--MS--AR", "Park_UrbanArea_ID": "56116", "Park_Zip": "38119", "ORIG_FID": 11222}}, {"type": "Feature", "id": 61, "geometry": {"type": "Point", "coordinates": [-90.0167047879504, 35.0766838333792]}, "properties": {"OBJECTID": 61, "ParkID": "4748000-0070", "GISTrkrID": 143, "SourceID": 112, "Park_Name": "Alcy Park", "Park_Designation": "LP", "Park_Owner_Type": "MUNI", "Park_Local_Owner": "MEMPHIS PARKS", "Park_Manager_Type": "MUNI", "Park_Local_Manager": "MEMPHIS PARKS", "Park_Access": 3, "Park_Status": "Open", "Park_Land_Acquisition": 1, "Park_Est_Date": null, "Park_Size_Acres": 14.3404521105539, "Park_Size_SQFT": 624670.09393573, "Park_Size_SQMeters": 58033.7507237149, "Park_Address_1": "2492 Warren St", "Park_State": "Tennessee", "Park_State_FIPS": "47", "Park_County": "Shelby County", "Park_County_FIPS": "47157", "Park_Place": "Memphis city", "Park_Place_FIPS": "4748000", "Park_UrbanArea": "Memphis, TN--MS--AR", "Park_UrbanArea_ID": "56116", "Park_Zip": "38106", "ORIG_FID": 11223}}, {"type": "Feature", "id": 62, "geometry": {"type": "Point", "coordinates": [-90.1198012061223, 35.0651568004266]}, "properties": {"OBJECTID": 62, "ParkID": "4748000-0071", "GISTrkrID": 143, "SourceID": 113, "Park_Name": "T O Fuller State Park", "Park_Designation": "SP", "Park_Owner_Type": "STATE", "Park_Local_Owner": "STATE OF TENNESSEE", "Park_Manager_Type": "STATE", "Park_Local_Manager": "STATE OF TENNESSEE", "Park_Access": 3, "Park_Status": "Open", "Park_Land_Acquisition": 1, "Park_Est_Date": null, "Park_Size_Acres": 897.96782260915, "Park_Size_SQFT": 39115478.3528546, "Park_Size_SQMeters": 3633946.85003438, "Park_Address_1": null, "Park_State": "Tennessee", "Park_State_FIPS": "47", "Park_County": "Shelby County", "Park_County_FIPS": "47157", "Park_Place": "Memphis city", "Park_Place_FIPS": "4748000", "Park_UrbanArea": "Memphis, TN--MS--AR", "Park_UrbanArea_ID": "56116", "Park_Zip": "38109", "ORIG_FID": 11224}}, {"type": "Feature", "id": 63, "geometry": {"type": "Point", "coordinates": [-89.9167487255013, 35.072007483395]}, "properties": {"OBJECTID": 63, "ParkID": "4748000-0072", "GISTrkrID": 143, "SourceID": 114, "Park_Name": "American Way Park", "Park_Designation": "LP", "Park_Owner_Type": "MUNI", "Park_Local_Owner": "MEMPHIS PARKS", "Park_Manager_Type": "MUNI", "Park_Local_Manager": "MEMPHIS PARKS", "Park_Access": 3, "Park_Status": "Open", "Park_Land_Acquisition": 1, "Park_Est_Date": null, "Park_Size_Acres": 27.4955906006712, "Park_Size_SQFT": 1197707.92656524, "Park_Size_SQMeters": 111270.707410007, "Park_Address_1": "2818 S Goodlett St", "Park_State": "Tennessee", "Park_State_FIPS": "47", "Park_County": "Shelby County", "Park_County_FIPS": "47157", "Park_Place": "Memphis city", "Park_Place_FIPS": "4748000", "Park_UrbanArea": "Memphis, TN--MS--AR", "Park_UrbanArea_ID": "56116", "Park_Zip": "38118", "ORIG_FID": 11225}}, {"type": "Feature", "id": 64, "geometry": {"type": "Point", "coordinates": [-90.0667696778766, 35.059317956498]}, "properties": {"OBJECTID": 64, "ParkID": "4748000-0075", "GISTrkrID": 143, "SourceID": 121, "Park_Name": "Redbud Park", "Park_Designation": "LP", "Park_Owner_Type": "MUNI", "Park_Local_Owner": "MEMPHIS PARKS", "Park_Manager_Type": "MUNI", "Park_Local_Manager": "MEMPHIS PARKS", "Park_Access": 3, "Park_Status": "Open", "Park_Land_Acquisition": 1, "Park_Est_Date": null, "Park_Size_Acres": 9.37877734403289, "Park_Size_SQFT": 408539.541106073, "Park_Size_SQMeters": 37954.5653289591, "Park_Address_1": "3308 Redbud Rd", "Park_State": "Tennessee", "Park_State_FIPS": "47", "Park_County": "Shelby County", "Park_County_FIPS": "47157", "Park_Place": "Memphis city", "Park_Place_FIPS": "4748000", "Park_UrbanArea": "Memphis, TN--MS--AR", "Park_UrbanArea_ID": "56116", "Park_Zip": "38109", "ORIG_FID": 11226}}, {"type": "Feature", "id": 65, "geometry": {"type": "Point", "coordinates": [-90.0727584213546, 35.0585081337895]}, "properties": {"OBJECTID": 65, "ParkID": "4748000-0076", "GISTrkrID": 143, "SourceID": 122, "Park_Name": "Walker Park", "Park_Designation": "LP", "Park_Owner_Type": "MUNI", "Park_Local_Owner": "MEMPHIS PARKS", "Park_Manager_Type": "MUNI", "Park_Local_Manager": "MEMPHIS PARKS", "Park_Access": 3, "Park_Status": "Open", "Park_Land_Acquisition": 1, "Park_Est_Date": null, "Park_Size_Acres": 29.5990434261908, "Park_Size_SQFT": 1289334.33164487, "Park_Size_SQMeters": 119783.078986177, "Park_Address_1": null, "Park_State": "Tennessee", "Park_State_FIPS": "47", "Park_County": "Shelby County", "Park_County_FIPS": "47157", "Park_Place": "Memphis city", "Park_Place_FIPS": "4748000", "Park_UrbanArea": "Memphis, TN--MS--AR", "Park_UrbanArea_ID": "56116", "Park_Zip": "38109", "ORIG_FID": 11227}}, {"type": "Feature", "id": 66, "geometry": {"type": "Point", "coordinates": [-90.0899328998935, 35.05763993123]}, "properties": {"OBJECTID": 66, "ParkID": "4748000-0077", "GISTrkrID": 143, "SourceID": 123, "Park_Name": "Weaver Park", "Park_Designation": "LP", "Park_Owner_Type": "MUNI", "Park_Local_Owner": "MEMPHIS PARKS", "Park_Manager_Type": "MUNI", "Park_Local_Manager": "MEMPHIS PARKS", "Park_Access": 3, "Park_Status": "Open", "Park_Land_Acquisition": 1, "Park_Est_Date": null, "Park_Size_Acres": 35.0556560123331, "Park_Size_SQFT": 1527024.37589723, "Park_Size_SQMeters": 141865.206674955, "Park_Address_1": "730 W Mitchell Rd", "Park_State": "Tennessee", "Park_State_FIPS": "47", "Park_County": "Shelby County", "Park_County_FIPS": "47157", "Park_Place": "Memphis city", "Park_Place_FIPS": "4748000", "Park_UrbanArea": "Memphis, TN--MS--AR", "Park_UrbanArea_ID": "56116", "Park_Zip": "38109", "ORIG_FID": 11228}}, {"type": "Feature", "id": 67, "geometry": {"type": "Point", "coordinates": [-90.0851362736364, 35.0580311812942]}, "properties": {"OBJECTID": 67, "ParkID": "4748000-0078", "GISTrkrID": 143, "SourceID": 124, "Park_Name": "Roosevelt Park", "Park_Designation": "LP", "Park_Owner_Type": "SCHOOL_K12", "Park_Local_Owner": "MEMPHIS-SHELBY COUNTY SCHOOLS", "Park_Manager_Type": "SCHOOL_K12", "Park_Local_Manager": "MEMPHIS-SHELBY COUNTY SCHOOLS", "Park_Access": 3, "Park_Status": "Open", "Park_Land_Acquisition": 1, "Park_Est_Date": null, "Park_Size_Acres": 15.6767267313477, "Park_Size_SQFT": 682878.216417504, "Park_Size_SQMeters": 63441.462254964, "Park_Address_1": "3347 Sax Rd", "Park_State": "Tennessee", "Park_State_FIPS": "47", "Park_County": "Shelby County", "Park_County_FIPS": "47157", "Park_Place": "Memphis city", "Park_Place_FIPS": "4748000", "Park_UrbanArea": "Memphis, TN--MS--AR", "Park_UrbanArea_ID": "56116", "Park_Zip": "38109", "ORIG_FID": 11229}}, {"type": "Feature", "id": 68, "geometry": {"type": "Point", "coordinates": [-89.8793156310862, 35.0551420049874]}, "properties": {"OBJECTID": 68, "ParkID": "4748000-0079", "GISTrkrID": 143, "SourceID": 125, "Park_Name": "Emerald Park", "Park_Designation": "LP", "Park_Owner_Type": "MUNI", "Park_Local_Owner": "MEMPHIS PARKS", "Park_Manager_Type": "MUNI", "Park_Local_Manager": "MEMPHIS PARKS", "Park_Access": 3, "Park_Status": "Open", "Park_Land_Acquisition": 1, "Park_Est_Date": null, "Park_Size_Acres": 15.2195135122268, "Park_Size_SQFT": 662962.008592598, "Park_Size_SQMeters": 61591.1860027585, "Park_Address_1": "5500 Newberry Ave", "Park_State": "Tennessee", "Park_State_FIPS": "47", "Park_County": "Shelby County", "Park_County_FIPS": "47157", "Park_Place": "Memphis city", "Park_Place_FIPS": "4748000", "Park_UrbanArea": "Memphis, TN--MS--AR", "Park_UrbanArea_ID": "56116", "Park_Zip": "38115", "ORIG_FID": 11230}}, {"type": "Feature", "id": 69, "geometry": {"type": "Point", "coordinates": [-90.1253360099478, 35.0536426600542]}, "properties": {"OBJECTID": 69, "ParkID": "4748000-0080", "GISTrkrID": 143, "SourceID": 126, "Park_Name": "Boxtown Park", "Park_Designation": "LP", "Park_Owner_Type": "MUNI", "Park_Local_Owner": "MEMPHIS PARKS", "Park_Manager_Type": "MUNI", "Park_Local_Manager": "MEMPHIS PARKS", "Park_Access": 3, "Park_Status": "Open", "Park_Land_Acquisition": 1, "Park_Est_Date": null, "Park_Size_Acres": 4.5915561806553, "Park_Size_SQFT": 200008.187229345, "Park_Size_SQMeters": 18581.3686184953, "Park_Address_1": "3455 Boxtown Rd", "Park_State": "Tennessee", "Park_State_FIPS": "47", "Park_County": "Shelby County", "Park_County_FIPS": "47157", "Park_Place": "Memphis city", "Park_Place_FIPS": "4748000", "Park_UrbanArea": "Memphis, TN--MS--AR", "Park_UrbanArea_ID": "56116", "Park_Zip": "38109", "ORIG_FID": 11231}}, {"type": "Feature", "id": 70, "geometry": {"type": "Point", "coordinates": [-90.0806896062227, 35.0492625062999]}, "properties": {"OBJECTID": 70, "ParkID": "4748000-0081", "GISTrkrID": 143, "SourceID": 127, "Park_Name": "O L Cash Park", "Park_Designation": "LP", "Park_Owner_Type": "MUNI", "Park_Local_Owner": "MEMPHIS PARKS", "Park_Manager_Type": "MUNI", "Park_Local_Manager": "MEMPHIS PARKS", "Park_Access": 3, "Park_Status": "Open", "Park_Land_Acquisition": 1, "Park_Est_Date": null, "Park_Size_Acres": 21.2067541796717, "Park_Size_SQFT": 923766.2120665, "Park_Size_SQMeters": 85820.6893502625, "Park_Address_1": "Ford Rd & Deerskin Dr", "Park_State": "Tennessee", "Park_State_FIPS": "47", "Park_County": "Shelby County", "Park_County_FIPS": "47157", "Park_Place": "Memphis city", "Park_Place_FIPS": "4748000", "Park_UrbanArea": "Memphis, TN--MS--AR", "Park_UrbanArea_ID": "56116", "Park_Zip": "38109", "ORIG_FID": 11232}}, {"type": "Feature", "id": 71, "geometry": {"type": "Point", "coordinates": [-89.892351052273, 35.0463596686016]}, "properties": {"OBJECTID": 71, "ParkID": "4748000-0082", "GISTrkrID": 143, "SourceID": 128, "Park_Name": "Mooney Park", "Park_Designation": "LP", "Park_Owner_Type": "MUNI", "Park_Local_Owner": "MEMPHIS PARKS", "Park_Manager_Type": "MUNI", "Park_Local_Manager": "MEMPHIS PARKS", "Park_Access": 3, "Park_Status": "Open", "Park_Land_Acquisition": 1, "Park_Est_Date": null, "Park_Size_Acres": 20.4779808848878, "Park_Size_SQFT": 892020.847345714, "Park_Size_SQMeters": 82871.4484617928, "Park_Address_1": "5077 Cromwell Ave", "Park_State": "Tennessee", "Park_State_FIPS": "47", "Park_County": "Shelby County", "Park_County_FIPS": "47157", "Park_Place": "Memphis city", "Park_Place_FIPS": "4748000", "Park_UrbanArea": "Memphis, TN--MS--AR", "Park_UrbanArea_ID": "56116", "Park_Zip": "38118", "ORIG_FID": 11233}}, {"type": "Feature", "id": 72, "geometry": {"type": "Point", "coordinates": [-89.949984517181, 35.0478853457476]}, "properties": {"OBJECTID": 72, "ParkID": "4748000-0083", "GISTrkrID": 143, "SourceID": 129, "Park_Name": "Medal Of Honor Park", "Park_Designation": "LP", "Park_Owner_Type": "MUNI", "Park_Local_Owner": "MEMPHIS PARKS", "Park_Manager_Type": "MUNI", "Park_Local_Manager": "MEMPHIS PARKS", "Park_Access": 3, "Park_Status": "Open", "Park_Land_Acquisition": 1, "Park_Est_Date": null, "Park_Size_Acres": 28.063470080674, "Park_Size_SQFT": 1222444.75671416, "Park_Size_SQMeters": 113568.834130806, "Park_Address_1": "3643 Tchulahoma Rd", "Park_State": "Tennessee", "Park_State_FIPS": "47", "Park_County": "Shelby County", "Park_County_FIPS": "47157", "Park_Place": "Memphis city", "Park_Place_FIPS": "4748000", "Park_UrbanArea": "Memphis, TN--MS--AR", "Park_UrbanArea_ID": "56116", "Park_Zip": "38118", "ORIG_FID": 11234}}, {"type": "Feature", "id": 73, "geometry": {"type": "Point", "coordinates": [-89.9615575940462, 35.0430187403004]}, "properties": {"OBJECTID": 73, "ParkID": "4748000-0085", "GISTrkrID": 143, "SourceID": 131, "Park_Name": "Oakhaven Park", "Park_Designation": "LP", "Park_Owner_Type": "MUNI", "Park_Local_Owner": "MEMPHIS PARKS", "Park_Manager_Type": "MUNI", "Park_Local_Manager": "MEMPHIS PARKS", "Park_Access": 3, "Park_Status": "Open", "Park_Land_Acquisition": 1, "Park_Est_Date": null, "Park_Size_Acres": 19.294986102813, "Park_Size_SQFT": 840489.594638535, "Park_Size_SQMeters": 78084.0384302876, "Park_Address_1": "3875 Bishops Bridge Rd", "Park_State": "Tennessee", "Park_State_FIPS": "47", "Park_County": "Shelby County", "Park_County_FIPS": "47157", "Park_Place": "Memphis city", "Park_Place_FIPS": "4748000", "Park_UrbanArea": "Memphis, TN--MS--AR", "Park_UrbanArea_ID": "56116", "Park_Zip": "38118", "ORIG_FID": 11235}}, {"type": "Feature", "id": 74, "geometry": {"type": "Point", "coordinates": [-89.8784837604025, 35.0431491299271]}, "properties": {"OBJECTID": 74, "ParkID": "4748000-0086", "GISTrkrID": 143, "SourceID": 132, "Park_Name": "Flowering Peach Park", "Park_Designation": "LP", "Park_Owner_Type": "MUNI", "Park_Local_Owner": "MEMPHIS PARKS", "Park_Manager_Type": "MUNI", "Park_Local_Manager": "MEMPHIS PARKS", "Park_Access": 3, "Park_Status": "Open", "Park_Land_Acquisition": 1, "Park_Est_Date": null, "Park_Size_Acres": 10.3246534349647, "Park_Size_SQFT": 449741.90362706, "Park_Size_SQMeters": 41782.3900623409, "Park_Address_1": null, "Park_State": "Tennessee", "Park_State_FIPS": "47", "Park_County": "Shelby County", "Park_County_FIPS": "47157", "Park_Place": "Memphis city", "Park_Place_FIPS": "4748000", "Park_UrbanArea": "Memphis, TN--MS--AR", "Park_UrbanArea_ID": "56116", "Park_Zip": "38115", "ORIG_FID": 11236}}, {"type": "Feature", "id": 75, "geometry": {"type": "Point", "coordinates": [-90.03236730696, 35.0425277379009]}, "properties": {"OBJECTID": 75, "ParkID": "4748000-0087", "GISTrkrID": 143, "SourceID": 133, "Park_Name": "Polly Williams Park", "Park_Designation": "LP", "Park_Owner_Type": "MUNI", "Park_Local_Owner": "MEMPHIS PARKS", "Park_Manager_Type": "MUNI", "Park_Local_Manager": "MEMPHIS PARKS", "Park_Access": 3, "Park_Status": "Open", "Park_Land_Acquisition": 1, "Park_Est_Date": null, "Park_Size_Acres": 15.1411804700721, "Park_Size_SQFT": 659549.821276341, "Park_Size_SQMeters": 61274.1834280287, "Park_Address_1": "3910 Cheryl Dr", "Park_State": "Tennessee", "Park_State_FIPS": "47", "Park_County": "Shelby County", "Park_County_FIPS": "47157", "Park_Place": "Memphis city", "Park_Place_FIPS": "4748000", "Park_UrbanArea": "Memphis, TN--MS--AR", "Park_UrbanArea_ID": "56116", "Park_Zip": "38116", "ORIG_FID": 11237}}, {"type": "Feature", "id": 76, "geometry": {"type": "Point", "coordinates": [-90.0825836236528, 35.0433149991749]}, "properties": {"OBJECTID": 76, "ParkID": "4748000-0088", "GISTrkrID": 143, "SourceID": 134, "Park_Name": "Ford Park", "Park_Designation": "LP", "Park_Owner_Type": "MUNI", "Park_Local_Owner": "MEMPHIS PARKS", "Park_Manager_Type": "MUNI", "Park_Local_Manager": "MEMPHIS PARKS", "Park_Access": 3, "Park_Status": "Open", "Park_Land_Acquisition": 1, "Park_Est_Date": null, "Park_Size_Acres": 3.08747078492996, "Park_Size_SQFT": 134490.227391549, "Park_Size_SQMeters": 12494.5509749662, "Park_Address_1": "525 W Levi Rd", "Park_State": "Tennessee", "Park_State_FIPS": "47", "Park_County": "Shelby County", "Park_County_FIPS": "47157", "Park_Place": "Memphis city", "Park_Place_FIPS": "4748000", "Park_UrbanArea": "Memphis, TN--MS--AR", "Park_UrbanArea_ID": "56116", "Park_Zip": "38109", "ORIG_FID": 11238}}, {"type": "Feature", "id": 77, "geometry": {"type": "Point", "coordinates": [-90.0533486872719, 35.0413657451019]}, "properties": {"OBJECTID": 77, "ParkID": "4748000-0089", "GISTrkrID": 143, "SourceID": 135, "Park_Name": "Will Carruthers Ball Complex", "Park_Designation": "LREC", "Park_Owner_Type": "MUNI", "Park_Local_Owner": "MEMPHIS PARKS", "Park_Manager_Type": "MUNI", "Park_Local_Manager": "MEMPHIS PARKS", "Park_Access": 3, "Park_Status": "Open", "Park_Land_Acquisition": 1, "Park_Est_Date": null, "Park_Size_Acres": 32.4754328544968, "Park_Size_SQFT": 1414629.85514188, "Park_Size_SQMeters": 131423.41401744, "Park_Address_1": "199 Neely", "Park_State": "Tennessee", "Park_State_FIPS": "47", "Park_County": "Shelby County", "Park_County_FIPS": "47157", "Park_Place": "Memphis city", "Park_Place_FIPS": "4748000", "Park_UrbanArea": "Memphis, TN--MS--AR", "Park_UrbanArea_ID": "56116", "Park_Zip": "38109", "ORIG_FID": 11239}}, {"type": "Feature", "id": 78, "geometry": {"type": "Point", "coordinates": [-90.0900447788955, 35.0378739106011]}, "properties": {"OBJECTID": 78, "ParkID": "4748000-0090", "GISTrkrID": 143, "SourceID": 136, "Park_Name": "Chickasaw Park", "Park_Designation": "LP", "Park_Owner_Type": "MUNI", "Park_Local_Owner": "MEMPHIS PARKS", "Park_Manager_Type": "MUNI", "Park_Local_Manager": "MEMPHIS PARKS", "Park_Access": 3, "Park_Status": "Open", "Park_Land_Acquisition": 1, "Park_Est_Date": null, "Park_Size_Acres": 10.5354248321669, "Park_Size_SQFT": 458923.105689189, "Park_Size_SQMeters": 42635.3516447669, "Park_Address_1": null, "Park_State": "Tennessee", "Park_State_FIPS": "47", "Park_County": "Shelby County", "Park_County_FIPS": "47157", "Park_Place": "Memphis city", "Park_Place_FIPS": "4748000", "Park_UrbanArea": "Memphis, TN--MS--AR", "Park_UrbanArea_ID": "56116", "Park_Zip": "38109", "ORIG_FID": 11240}}, {"type": "Feature", "id": 79, "geometry": {"type": "Point", "coordinates": [-90.0650178351689, 35.0314596063123]}, "properties": {"OBJECTID": 79, "ParkID": "4748000-0091", "GISTrkrID": 143, "SourceID": 137, "Park_Name": "Walter Chandler Park", "Park_Designation": "LCA", "Park_Owner_Type": "MUNI", "Park_Local_Owner": "MEMPHIS PARKS", "Park_Manager_Type": "MUNI", "Park_Local_Manager": "MEMPHIS PARKS", "Park_Access": 3, "Park_Status": "Open", "Park_Land_Acquisition": 1, "Park_Est_Date": null, "Park_Size_Acres": 157.157046535381, "Park_Size_SQFT": 6845760.94708118, "Park_Size_SQMeters": 635992.003097121, "Park_Address_1": "4150 Horn Lake Rd", "Park_State": "Tennessee", "Park_State_FIPS": "47", "Park_County": "Shelby County", "Park_County_FIPS": "47157", "Park_Place": "Memphis city", "Park_Place_FIPS": "4748000", "Park_UrbanArea": "Memphis, TN--MS--AR", "Park_UrbanArea_ID": "56116", "Park_Zip": "38109", "ORIG_FID": 11241}}, {"type": "Feature", "id": 80, "geometry": {"type": "Point", "coordinates": [-90.0811864543905, 35.0335177069778]}, "properties": {"OBJECTID": 80, "ParkID": "4748000-0092", "GISTrkrID": 143, "SourceID": 138, "Park_Name": "Falcon Park", "Park_Designation": "LP", "Park_Owner_Type": "MUNI", "Park_Local_Owner": "MEMPHIS PARKS", "Park_Manager_Type": "MUNI", "Park_Local_Manager": "MEMPHIS PARKS", "Park_Access": 3, "Park_Status": "Open", "Park_Land_Acquisition": 1, "Park_Est_Date": null, "Park_Size_Acres": 13.1327874195398, "Park_Size_SQFT": 572064.219995154, "Park_Size_SQMeters": 53146.5051127786, "Park_Address_1": "511 Western Park Dr", "Park_State": "Tennessee", "Park_State_FIPS": "47", "Park_County": "Shelby County", "Park_County_FIPS": "47157", "Park_Place": "Memphis city", "Park_Place_FIPS": "4748000", "Park_UrbanArea": "Memphis, TN--MS--AR", "Park_UrbanArea_ID": "56116", "Park_Zip": "38109", "ORIG_FID": 11242}}, {"type": "Feature", "id": 81, "geometry": {"type": "Point", "coordinates": [-90.105395505637, 35.0316199798877]}, "properties": {"OBJECTID": 81, "ParkID": "4748000-0093", "GISTrkrID": 143, "SourceID": 139, "Park_Name": "Western Park", "Park_Designation": "LP", "Park_Owner_Type": "MUNI", "Park_Local_Owner": "MEMPHIS PARKS", "Park_Manager_Type": "MUNI", "Park_Local_Manager": "MEMPHIS PARKS", "Park_Access": 3, "Park_Status": "Open", "Park_Land_Acquisition": 1, "Park_Est_Date": null, "Park_Size_Acres": 12.0774421318645, "Park_Size_SQFT": 526093.379264017, "Park_Size_SQMeters": 48875.6742575002, "Park_Address_1": "Western Park Dr", "Park_State": "Tennessee", "Park_State_FIPS": "47", "Park_County": "Shelby County", "Park_County_FIPS": "47157", "Park_Place": "Memphis city", "Park_Place_FIPS": "4748000", "Park_UrbanArea": "Memphis, TN--MS--AR", "Park_UrbanArea_ID": "56116", "Park_Zip": "38109", "ORIG_FID": 11243}}, {"type": "Feature", "id": 82, "geometry": {"type": "Point", "coordinates": [-90.0919942473663, 35.0296742268142]}, "properties": {"OBJECTID": 82, "ParkID": "4748000-0095", "GISTrkrID": 143, "SourceID": 141, "Park_Name": "Westwood Park", "Park_Designation": "LP", "Park_Owner_Type": "MUNI", "Park_Local_Owner": "MEMPHIS PARKS", "Park_Manager_Type": "MUNI", "Park_Local_Manager": "MEMPHIS PARKS", "Park_Access": 3, "Park_Status": "Open", "Park_Land_Acquisition": 1, "Park_Est_Date": null, "Park_Size_Acres": 14.5895327127624, "Park_Size_SQFT": 635520.044967929, "Park_Size_SQMeters": 59041.7441584573, "Park_Address_1": "810 Western Park Dr", "Park_State": "Tennessee", "Park_State_FIPS": "47", "Park_County": "Shelby County", "Park_County_FIPS": "47157", "Park_Place": "Memphis city", "Park_Place_FIPS": "4748000", "Park_UrbanArea": "Memphis, TN--MS--AR", "Park_UrbanArea_ID": "56116", "Park_Zip": "38109", "ORIG_FID": 11244}}, {"type": "Feature", "id": 83, "geometry": {"type": "Point", "coordinates": [-90.0701319494141, 35.0232659630917]}, "properties": {"OBJECTID": 83, "ParkID": "4748000-0096", "GISTrkrID": 143, "SourceID": 143, "Park_Name": "Geeter Park", "Park_Designation": "LCA", "Park_Owner_Type": "CNTY", "Park_Local_Owner": "SHELBY COUNTY DEPARTMENT OF PUBLIC WORKS (SHELBY FARMS)", "Park_Manager_Type": "CNTY", "Park_Local_Manager": "SHELBY COUNTY DEPARTMENT OF PUBLIC WORKS (SHELBY FARMS)", "Park_Access": 3, "Park_Status": "Open", "Park_Land_Acquisition": 1, "Park_Est_Date": null, "Park_Size_Acres": 8.87062638169591, "Park_Size_SQFT": 386404.485186674, "Park_Size_SQMeters": 35898.151343477, "Park_Address_1": "4603 Horn Lake Rd", "Park_State": "Tennessee", "Park_State_FIPS": "47", "Park_County": "Shelby County", "Park_County_FIPS": "47157", "Park_Place": "Memphis city", "Park_Place_FIPS": "4748000", "Park_UrbanArea": "Memphis, TN--MS--AR", "Park_UrbanArea_ID": "56116", "Park_Zip": "38109", "ORIG_FID": 11245}}, {"type": "Feature", "id": 84, "geometry": {"type": "Point", "coordinates": [-90.0987934457085, 35.0169767448428]}, "properties": {"OBJECTID": 84, "ParkID": "4748000-0097", "GISTrkrID": 143, "SourceID": 144, "Park_Name": "Dalstrom Park", "Park_Designation": "LP", "Park_Owner_Type": "MUNI", "Park_Local_Owner": "MEMPHIS PARKS", "Park_Manager_Type": "MUNI", "Park_Local_Manager": "MEMPHIS PARKS", "Park_Access": 3, "Park_Status": "Open", "Park_Land_Acquisition": 1, "Park_Est_Date": null, "Park_Size_Acres": 74.917340241231, "Park_Size_SQFT": 3263399.34090802, "Park_Size_SQMeters": 303179.719504352, "Park_Address_1": "1015 W Shelby Dr", "Park_State": "Tennessee", "Park_State_FIPS": "47", "Park_County": "Shelby County", "Park_County_FIPS": "47157", "Park_Place": "Memphis city", "Park_Place_FIPS": "4748000", "Park_UrbanArea": "Memphis, TN--MS--AR", "Park_UrbanArea_ID": "56116", "Park_Zip": "38109", "ORIG_FID": 11246}}, {"type": "Feature", "id": 85, "geometry": {"type": "Point", "coordinates": [-90.0337157651184, 35.0181137376662]}, "properties": {"OBJECTID": 85, "ParkID": "4748000-0098", "GISTrkrID": 143, "SourceID": 145, "Park_Name": "David Carnes Park", "Park_Designation": "LP", "Park_Owner_Type": "CNTY", "Park_Local_Owner": "SHELBY COUNTY DEPARTMENT OF PUBLIC WORKS (SHELBY FARMS)", "Park_Manager_Type": "MUNI", "Park_Local_Manager": "MEMPHIS PARKS", "Park_Access": 3, "Park_Status": "Open", "Park_Land_Acquisition": 1, "Park_Est_Date": null, "Park_Size_Acres": 8.74746232813303, "Park_Size_SQFT": 381039.459013475, "Park_Size_SQMeters": 35399.7241023072, "Park_Address_1": "4744 Fairfield Rd", "Park_State": "Tennessee", "Park_State_FIPS": "47", "Park_County": "Shelby County", "Park_County_FIPS": "47157", "Park_Place": "Memphis city", "Park_Place_FIPS": "4748000", "Park_UrbanArea": "Memphis, TN--MS--AR", "Park_UrbanArea_ID": "56116", "Park_Zip": "38116", "ORIG_FID": 11247}}, {"type": "Feature", "id": 86, "geometry": {"type": "Point", "coordinates": [-90.0490787286922, 35.0114554745498]}, "properties": {"OBJECTID": 86, "ParkID": "4748000-0099", "GISTrkrID": 143, "SourceID": 147, "Park_Name": "Fairley Park", "Park_Designation": "LP", "Park_Owner_Type": "SCHOOL_K12", "Park_Local_Owner": "MEMPHIS-SHELBY COUNTY SCHOOLS", "Park_Manager_Type": "SCHOOL_K12", "Park_Local_Manager": "MEMPHIS-SHELBY COUNTY SCHOOLS", "Park_Access": 3, "Park_Status": "Open", "Park_Land_Acquisition": 1, "Park_Est_Date": null, "Park_Size_Acres": 22.305818013992, "Park_Size_SQFT": 971641.432689492, "Park_Size_SQMeters": 90268.4428868092, "Park_Address_1": null, "Park_State": "Tennessee", "Park_State_FIPS": "47", "Park_County": "Shelby County", "Park_County_FIPS": "47157", "Park_Place": "Memphis city", "Park_Place_FIPS": "4748000", "Park_UrbanArea": "Memphis, TN--MS--AR", "Park_UrbanArea_ID": "56116", "Park_Zip": "38109", "ORIG_FID": 11248}}, {"type": "Feature", "id": 87, "geometry": {"type": "Point", "coordinates": [-90.0858193707728, 35.012169180247]}, "properties": {"OBJECTID": 87, "ParkID": "4748000-0100", "GISTrkrID": 143, "SourceID": 148, "Park_Name": "Otis Redding Park", "Park_Designation": "LP", "Park_Owner_Type": "MUNI", "Park_Local_Owner": "MEMPHIS PARKS", "Park_Manager_Type": "MUNI", "Park_Local_Manager": "MEMPHIS PARKS", "Park_Access": 3, "Park_Status": "Open", "Park_Land_Acquisition": 1, "Park_Est_Date": null, "Park_Size_Acres": 21.7592002312545, "Park_Size_SQFT": 947830.762073446, "Park_Size_SQMeters": 88056.3592021398, "Park_Address_1": "4940 Kim Rd", "Park_State": "Tennessee", "Park_State_FIPS": "47", "Park_County": "Shelby County", "Park_County_FIPS": "47157", "Park_Place": "Memphis city", "Park_Place_FIPS": "4748000", "Park_UrbanArea": "Memphis, TN--MS--AR", "Park_UrbanArea_ID": "56116", "Park_Zip": "38109", "ORIG_FID": 11249}}, {"type": "Feature", "id": 88, "geometry": {"type": "Point", "coordinates": [-89.9985178096784, 35.1573432447198]}, "properties": {"OBJECTID": 88, "ParkID": "4748000-0104", "GISTrkrID": 143, "SourceID": 0, "Park_Name": "V & E Greenline", "Park_Designation": "LREC", "Park_Owner_Type": "PRIV", "Park_Local_Owner": "V AND E GREENLINIE COMMUNITY CORPORATION", "Park_Manager_Type": "PRIV", "Park_Local_Manager": "V AND E GREENLINIE COMMUNITY CORPORATION", "Park_Access": 3, "Park_Status": "Open", "Park_Land_Acquisition": 1, "Park_Est_Date": null, "Park_Size_Acres": 8.99380142003366, "Park_Size_SQFT": 391769.989856666, "Park_Size_SQMeters": 36396.6230384535, "Park_Address_1": "N Pkwy to Springdale St", "Park_State": "Tennessee", "Park_State_FIPS": "47", "Park_County": "Shelby County", "Park_County_FIPS": "47157", "Park_Place": "Memphis city", "Park_Place_FIPS": "4748000", "Park_UrbanArea": "Memphis, TN--MS--AR", "Park_UrbanArea_ID": "56116", "Park_Zip": "38107", "ORIG_FID": 11250}}, {"type": "Feature", "id": 89, "geometry": {"type": "Point", "coordinates": [-90.0540534962796, 35.1470155126793]}, "properties": {"OBJECTID": 89, "ParkID": "4748000-0106", "GISTrkrID": 143, "SourceID": 0, "Park_Name": "Memphis Park", "Park_Designation": "LP", "Park_Owner_Type": "MUNI", "Park_Local_Owner": "MEMPHIS PARKS", "Park_Manager_Type": "MUNI", "Park_Local_Manager": "MEMPHIS PARKS", "Park_Access": 3, "Park_Status": "Open", "Park_Land_Acquisition": 1, "Park_Est_Date": null, "Park_Size_Acres": 3.25466979843007, "Park_Size_SQFT": 141773.416419614, "Park_Size_SQMeters": 13171.1813765681, "Park_Address_1": "31 N Front St", "Park_State": "Tennessee", "Park_State_FIPS": "47", "Park_County": "Shelby County", "Park_County_FIPS": "47157", "Park_Place": "Memphis city", "Park_Place_FIPS": "4748000", "Park_UrbanArea": "Memphis, TN--MS--AR", "Park_UrbanArea_ID": "56116", "Park_Zip": "38103", "ORIG_FID": 11251}}, {"type": "Feature", "id": 90, "geometry": {"type": "Point", "coordinates": [-90.0517843872163, 35.1459892027335]}, "properties": {"OBJECTID": 90, "ParkID": "4748000-0107", "GISTrkrID": 143, "SourceID": 0, "Park_Name": "Court Square", "Park_Designation": "LP", "Park_Owner_Type": "MUNI", "Park_Local_Owner": "MEMPHIS PARKS", "Park_Manager_Type": "MUNI", "Park_Local_Manager": "MEMPHIS PARKS", "Park_Access": 3, "Park_Status": "Open", "Park_Land_Acquisition": 1, "Park_Est_Date": null, "Park_Size_Acres": 2.160207104567, "Park_Size_SQFT": 94098.6214749386, "Park_Size_SQMeters": 8742.04799483108, "Park_Address_1": "62 N Main St", "Park_State": "Tennessee", "Park_State_FIPS": "47", "Park_County": "Shelby County", "Park_County_FIPS": "47157", "Park_Place": "Memphis city", "Park_Place_FIPS": "4748000", "Park_UrbanArea": "Memphis, TN--MS--AR", "Park_UrbanArea_ID": "56116", "Park_Zip": "38103", "ORIG_FID": 11252}}, {"type": "Feature", "id": 91, "geometry": {"type": "Point", "coordinates": [-89.8315050400686, 35.1348584471858]}, "properties": {"OBJECTID": 91, "ParkID": "4748000-0108", "GISTrkrID": 143, "SourceID": 0, "Park_Name": "Shelby Farms", "Park_Designation": "LCA", "Park_Owner_Type": "CNTY", "Park_Local_Owner": "SHELBY COUNTY DEPARTMENT OF PUBLIC WORKS (SHELBY FARMS)", "Park_Manager_Type": "CNTY", "Park_Local_Manager": "SHELBY COUNTY DEPARTMENT OF PUBLIC WORKS (SHELBY FARMS)", "Park_Access": 3, "Park_Status": "Open", "Park_Land_Acquisition": 1, "Park_Est_Date": null, "Park_Size_Acres": 4071.37832609506, "Park_Size_SQFT": 177349239.884701, "Park_Size_SQMeters": 16476283.5269779, "Park_Address_1": null, "Park_State": "Tennessee", "Park_State_FIPS": "47", "Park_County": "Shelby County", "Park_County_FIPS": "47157", "Park_Place": "Memphis city", "Park_Place_FIPS": "4748000", "Park_UrbanArea": "Memphis, TN--MS--AR", "Park_UrbanArea_ID": "56116", "Park_Zip": "38018", "ORIG_FID": 11253}}, {"type": "Feature", "id": 92, "geometry": {"type": "Point", "coordinates": [-90.067697108393, 35.1315123355382]}, "properties": {"OBJECTID": 92, "ParkID": "4748000-0110", "GISTrkrID": 143, "SourceID": 0, "Park_Name": "Ashburn-Coppock Park", "Park_Designation": "LP", "Park_Owner_Type": "MUNI", "Park_Local_Owner": "MEMPHIS PARKS", "Park_Manager_Type": "MUNI", "Park_Local_Manager": "MEMPHIS PARKS", "Park_Access": 3, "Park_Status": "Open", "Park_Land_Acquisition": 1, "Park_Est_Date": null, "Park_Size_Acres": 9.52844937936743, "Park_Size_SQFT": 415059.254965245, "Park_Size_SQMeters": 38560.2665664064, "Park_Address_1": null, "Park_State": "Tennessee", "Park_State_FIPS": "47", "Park_County": "Shelby County", "Park_County_FIPS": "47157", "Park_Place": "Memphis city", "Park_Place_FIPS": "4748000", "Park_UrbanArea": "Memphis, TN--MS--AR", "Park_UrbanArea_ID": "56116", "Park_Zip": "38103", "ORIG_FID": 11254}}, {"type": "Feature", "id": 93, "geometry": {"type": "Point", "coordinates": [-90.0552578145231, 35.1474128935626]}, "properties": {"OBJECTID": 93, "ParkID": "4748000-0112", "GISTrkrID": 143, "SourceID": 0, "Park_Name": "Mississippi River Park", "Park_Designation": "LP", "Park_Owner_Type": "MUNI", "Park_Local_Owner": "MEMPHIS PARKS", "Park_Manager_Type": "MUNI", "Park_Local_Manager": "MEMPHIS PARKS", "Park_Access": 3, "Park_Status": "Open", "Park_Land_Acquisition": 1, "Park_Est_Date": null, "Park_Size_Acres": 3.51827166598266, "Park_Size_SQFT": 153255.913770205, "Park_Size_SQMeters": 14237.9402872299, "Park_Address_1": "25 Riverside Dr", "Park_State": "Tennessee", "Park_State_FIPS": "47", "Park_County": "Shelby County", "Park_County_FIPS": "47157", "Park_Place": "Memphis city", "Park_Place_FIPS": "4748000", "Park_UrbanArea": "Memphis, TN--MS--AR", "Park_UrbanArea_ID": "56116", "Park_Zip": "38103", "ORIG_FID": 11255}}, {"type": "Feature", "id": 94, "geometry": {"type": "Point", "coordinates": [-90.070682527222, 35.1285387181409]}, "properties": {"OBJECTID": 94, "ParkID": "4748000-0113", "GISTrkrID": 143, "SourceID": 0, "Park_Name": "Martyr Park", "Park_Designation": "LP", "Park_Owner_Type": "MUNI", "Park_Local_Owner": "MEMPHIS PARKS", "Park_Manager_Type": "MUNI", "Park_Local_Manager": "MEMPHIS PARKS", "Park_Access": 3, "Park_Status": "Open", "Park_Land_Acquisition": 1, "Park_Est_Date": null, "Park_Size_Acres": 8.73548337585252, "Park_Size_SQFT": 380517.655852136, "Park_Size_SQMeters": 35351.2470023372, "Park_Address_1": null, "Park_State": "Tennessee", "Park_State_FIPS": "47", "Park_County": "Shelby County", "Park_County_FIPS": "47157", "Park_Place": "Memphis city", "Park_Place_FIPS": "4748000", "Park_UrbanArea": "Memphis, TN--MS--AR", "Park_UrbanArea_ID": "56116", "Park_Zip": "38103", "ORIG_FID": 11256}}, {"type": "Feature", "id": 95, "geometry": {"type": "Point", "coordinates": [-90.0572042555893, 35.1597502881342]}, "properties": {"OBJECTID": 95, "ParkID": "4748000-0114", "GISTrkrID": 143, "SourceID": 0, "Park_Name": "Mud Island Park", "Park_Designation": "LP", "Park_Owner_Type": "MUNI", "Park_Local_Owner": "MEMPHIS PARKS", "Park_Manager_Type": "MUNI", "Park_Local_Manager": "MEMPHIS PARKS", "Park_Access": 3, "Park_Status": "Open", "Park_Land_Acquisition": 1, "Park_Est_Date": null, "Park_Size_Acres": 183.280505778836, "Park_Size_SQFT": 7983698.83172608, "Park_Size_SQMeters": 741709.891911801, "Park_Address_1": null, "Park_State": "Tennessee", "Park_State_FIPS": "47", "Park_County": "Shelby County", "Park_County_FIPS": "47157", "Park_Place": "Memphis city", "Park_Place_FIPS": "4748000", "Park_UrbanArea": "Memphis, TN--MS--AR", "Park_UrbanArea_ID": "56116", "Park_Zip": "38103", "ORIG_FID": 11257}}, {"type": "Feature", "id": 96, "geometry": {"type": "Point", "coordinates": [-90.0485598543809, 35.1382323685525]}, "properties": {"OBJECTID": 96, "ParkID": "4748000-0115", "GISTrkrID": 143, "SourceID": 0, "Park_Name": "Robert Church Park", "Park_Designation": "LP", "Park_Owner_Type": "MUNI", "Park_Local_Owner": "MEMPHIS PARKS", "Park_Manager_Type": "MUNI", "Park_Local_Manager": "MEMPHIS PARKS", "Park_Access": 3, "Park_Status": "Open", "Park_Land_Acquisition": 1, "Park_Est_Date": null, "Park_Size_Acres": 7.47233624076526, "Park_Size_SQFT": 325494.966647735, "Park_Size_SQMeters": 30239.4719062732, "Park_Address_1": "402 Beale St", "Park_State": "Tennessee", "Park_State_FIPS": "47", "Park_County": "Shelby County", "Park_County_FIPS": "47157", "Park_Place": "Memphis city", "Park_Place_FIPS": "4748000", "Park_UrbanArea": "Memphis, TN--MS--AR", "Park_UrbanArea_ID": "56116", "Park_Zip": "38103", "ORIG_FID": 11258}}, {"type": "Feature", "id": 97, "geometry": {"type": "Point", "coordinates": [-90.0593272061665, 35.1409721064666]}, "properties": {"OBJECTID": 97, "ParkID": "4748000-0116", "GISTrkrID": 143, "SourceID": 0, "Park_Name": "River Bluff Walk", "Park_Designation": "LP", "Park_Owner_Type": "MUNI", "Park_Local_Owner": "MEMPHIS PARKS", "Park_Manager_Type": "MUNI", "Park_Local_Manager": "MEMPHIS PARKS", "Park_Access": 3, "Park_Status": "Open", "Park_Land_Acquisition": 1, "Park_Est_Date": null, "Park_Size_Acres": 1.2004262551659, "Park_Size_SQFT": 52290.5676750265, "Park_Size_SQMeters": 4857.9527003357, "Park_Address_1": null, "Park_State": "Tennessee", "Park_State_FIPS": "47", "Park_County": "Shelby County", "Park_County_FIPS": "47157", "Park_Place": "Memphis city", "Park_Place_FIPS": "4748000", "Park_UrbanArea": "Memphis, TN--MS--AR", "Park_UrbanArea_ID": "56116", "Park_Zip": "38103", "ORIG_FID": 11259}}, {"type": "Feature", "id": 98, "geometry": {"type": "Point", "coordinates": [-89.9101480716985, 35.1450298322751]}, "properties": {"OBJECTID": 98, "ParkID": "4748000-0117", "GISTrkrID": 143, "SourceID": 0, "Park_Name": "Shelby Farms Greenline", "Park_Designation": "LREC", "Park_Owner_Type": "MUNI", "Park_Local_Owner": "MEMPHIS PARKS", "Park_Manager_Type": "MUNI", "Park_Local_Manager": "MEMPHIS PARKS", "Park_Access": 3, "Park_Status": "Open", "Park_Land_Acquisition": 1, "Park_Est_Date": null, "Park_Size_Acres": 17.5028083484854, "Park_Size_SQFT": 762422.331660024, "Park_Size_SQMeters": 70831.3523751045, "Park_Address_1": null, "Park_State": "Tennessee", "Park_State_FIPS": "47", "Park_County": "Shelby County", "Park_County_FIPS": "47157", "Park_Place": "Memphis city", "Park_Place_FIPS": "4748000", "Park_UrbanArea": "Memphis, TN--MS--AR", "Park_UrbanArea_ID": "56116", "Park_Zip": "38122", "ORIG_FID": 11260}}, {"type": "Feature", "id": 99, "geometry": {"type": "Point", "coordinates": [-89.9978287153461, 35.2345635345037]}, "properties": {"OBJECTID": 99, "ParkID": "4748000-0120", "GISTrkrID": 143, "SourceID": 0, "Park_Name": "Georgian Hills Park", "Park_Designation": "LP", "Park_Owner_Type": "MUNI", "Park_Local_Owner": "MEMPHIS PARKS", "Park_Manager_Type": "MUNI", "Park_Local_Manager": "MEMPHIS PARKS", "Park_Access": 3, "Park_Status": "Open", "Park_Land_Acquisition": 1, "Park_Est_Date": null, "Park_Size_Acres": 18.7841165531357, "Park_Size_SQFT": 818236.117054589, "Park_Size_SQMeters": 76016.6227121672, "Park_Address_1": null, "Park_State": "Tennessee", "Park_State_FIPS": "47", "Park_County": "Shelby County", "Park_County_FIPS": "47157", "Park_Place": "Memphis city", "Park_Place_FIPS": "4748000", "Park_UrbanArea": "Memphis, TN--MS--AR", "Park_UrbanArea_ID": "56116", "Park_Zip": "38127", "ORIG_FID": 11261}}, {"type": "Feature", "id": 100, "geometry": {"type": "Point", "coordinates": [-89.9946914388924, 35.205617896648]}, "properties": {"OBJECTID": 100, "ParkID": "4748000-0121", "GISTrkrID": 143, "SourceID": 0, "Park_Name": "Tower Park", "Park_Designation": "LP", "Park_Owner_Type": "MUNI", "Park_Local_Owner": "MEMPHIS PARKS", "Park_Manager_Type": "MUNI", "Park_Local_Manager": "MEMPHIS PARKS", "Park_Access": 3, "Park_Status": "Open", "Park_Land_Acquisition": 1, "Park_Est_Date": null, "Park_Size_Acres": 0.441019282627472, "Park_Size_SQFT": 19210.7999512527, "Park_Size_SQMeters": 1784.74171630323, "Park_Address_1": null, "Park_State": "Tennessee", "Park_State_FIPS": "47", "Park_County": "Shelby County", "Park_County_FIPS": "47157", "Park_Place": "Memphis city", "Park_Place_FIPS": "4748000", "Park_UrbanArea": "Memphis, TN--MS--AR", "Park_UrbanArea_ID": "56116", "Park_Zip": "38127", "ORIG_FID": 11262}}, {"type": "Feature", "id": 101, "geometry": {"type": "Point", "coordinates": [-90.0201690816634, 35.1797304531316]}, "properties": {"OBJECTID": 101, "ParkID": "4748000-0122", "GISTrkrID": 143, "SourceID": 0, "Park_Name": "New Chicago Park", "Park_Designation": "LP", "Park_Owner_Type": "MUNI", "Park_Local_Owner": "MEMPHIS PARKS", "Park_Manager_Type": "MUNI", "Park_Local_Manager": "MEMPHIS PARKS", "Park_Access": 3, "Park_Status": "Open", "Park_Land_Acquisition": 1, "Park_Est_Date": null, "Park_Size_Acres": 12.0429956833042, "Park_Size_SQFT": 524592.89196473, "Park_Size_SQMeters": 48736.2744259149, "Park_Address_1": "1079 St Charles Ave", "Park_State": "Tennessee", "Park_State_FIPS": "47", "Park_County": "Shelby County", "Park_County_FIPS": "47157", "Park_Place": "Memphis city", "Park_Place_FIPS": "4748000", "Park_UrbanArea": "Memphis, TN--MS--AR", "Park_UrbanArea_ID": "56116", "Park_Zip": "38107", "ORIG_FID": 11263}}, {"type": "Feature", "id": 102, "geometry": {"type": "Point", "coordinates": [-89.9148994451474, 35.2282737056234]}, "properties": {"OBJECTID": 102, "ParkID": "4748000-0123", "GISTrkrID": 143, "SourceID": 0, "Park_Name": "Walker Hall Park", "Park_Designation": "LP", "Park_Owner_Type": "MUNI", "Park_Local_Owner": "MEMPHIS PARKS", "Park_Manager_Type": "MUNI", "Park_Local_Manager": "MEMPHIS PARKS", "Park_Access": 3, "Park_Status": "Open", "Park_Land_Acquisition": 1, "Park_Est_Date": null, "Park_Size_Acres": 83.4255684728407, "Park_Size_SQFT": 3634017.76267694, "Park_Size_SQMeters": 337611.297566686, "Park_Address_1": null, "Park_State": "Tennessee", "Park_State_FIPS": "47", "Park_County": "Shelby County", "Park_County_FIPS": "47157", "Park_Place": "Memphis city", "Park_Place_FIPS": "4748000", "Park_UrbanArea": "Memphis, TN--MS--AR", "Park_UrbanArea_ID": "56116", "Park_Zip": "38128", "ORIG_FID": 11264}}, {"type": "Feature", "id": 103, "geometry": {"type": "Point", "coordinates": [-89.9870918423108, 35.159741588973]}, "properties": {"OBJECTID": 103, "ParkID": "4748000-0124", "GISTrkrID": 143, "SourceID": 0, "Park_Name": "Dlugach Park", "Park_Designation": "LP", "Park_Owner_Type": "MUNI", "Park_Local_Owner": "MEMPHIS PARKS", "Park_Manager_Type": "MUNI", "Park_Local_Manager": "MEMPHIS PARKS", "Park_Access": 3, "Park_Status": "Open", "Park_Land_Acquisition": 1, "Park_Est_Date": null, "Park_Size_Acres": 0.94869570045326, "Park_Size_SQFT": 41325.184711744, "Park_Size_SQMeters": 3839.23528828254, "Park_Address_1": "Jackson Ave", "Park_State": "Tennessee", "Park_State_FIPS": "47", "Park_County": "Shelby County", "Park_County_FIPS": "47157", "Park_Place": "Memphis city", "Park_Place_FIPS": "4748000", "Park_UrbanArea": "Memphis, TN--MS--AR", "Park_UrbanArea_ID": "56116", "Park_Zip": "38112", "ORIG_FID": 11265}}, {"type": "Feature", "id": 104, "geometry": {"type": "Point", "coordinates": [-90.0485012368106, 35.1569273830727]}, "properties": {"OBJECTID": 104, "ParkID": "4748000-0125", "GISTrkrID": 143, "SourceID": 0, "Park_Name": "Colonial Park", "Park_Designation": "LP", "Park_Owner_Type": "MUNI", "Park_Local_Owner": "MEMPHIS PARKS", "Park_Manager_Type": "MUNI", "Park_Local_Manager": "MEMPHIS PARKS", "Park_Access": 3, "Park_Status": "Open", "Park_Land_Acquisition": 1, "Park_Est_Date": null, "Park_Size_Acres": 0.513865577464594, "Park_Size_SQFT": 22383.9845543577, "Park_Size_SQMeters": 2079.54021241288, "Park_Address_1": null, "Park_State": "Tennessee", "Park_State_FIPS": "47", "Park_County": "Shelby County", "Park_County_FIPS": "47157", "Park_Place": "Memphis city", "Park_Place_FIPS": "4748000", "Park_UrbanArea": "Memphis, TN--MS--AR", "Park_UrbanArea_ID": "56116", "Park_Zip": "38105", "ORIG_FID": 11266}}, {"type": "Feature", "id": 105, "geometry": {"type": "Point", "coordinates": [-90.0262915877823, 35.1345375951001]}, "properties": {"OBJECTID": 105, "ParkID": "4748000-0126", "GISTrkrID": 143, "SourceID": 0, "Park_Name": "Linden Park", "Park_Designation": "LP", "Park_Owner_Type": "MUNI", "Park_Local_Owner": "MEMPHIS PARKS", "Park_Manager_Type": "MUNI", "Park_Local_Manager": "MEMPHIS PARKS", "Park_Access": 3, "Park_Status": "Open", "Park_Land_Acquisition": 1, "Park_Est_Date": null, "Park_Size_Acres": 0.414917020052481, "Park_Size_SQFT": 18073.7853934861, "Park_Size_SQMeters": 1679.10960736245, "Park_Address_1": "Linden Ave & S Somerville St", "Park_State": "Tennessee", "Park_State_FIPS": "47", "Park_County": "Shelby County", "Park_County_FIPS": "47157", "Park_Place": "Memphis city", "Park_Place_FIPS": "4748000", "Park_UrbanArea": "Memphis, TN--MS--AR", "Park_UrbanArea_ID": "56116", "Park_Zip": "38104", "ORIG_FID": 11267}}, {"type": "Feature", "id": 106, "geometry": {"type": "Point", "coordinates": [-89.9859957144509, 35.1254182406188]}, "properties": {"OBJECTID": 106, "ParkID": "4748000-0127", "GISTrkrID": 143, "SourceID": 0, "Park_Name": "Spanish War Memorial Park", "Park_Designation": "LP", "Park_Owner_Type": "MUNI", "Park_Local_Owner": "MEMPHIS PARKS", "Park_Manager_Type": "MUNI", "Park_Local_Manager": "MEMPHIS PARKS", "Park_Access": 3, "Park_Status": "Open", "Park_Land_Acquisition": 1, "Park_Est_Date": null, "Park_Size_Acres": 2.50665137576918, "Park_Size_SQFT": 109189.733928506, "Park_Size_SQMeters": 10144.0582187493, "Park_Address_1": null, "Park_State": "Tennessee", "Park_State_FIPS": "47", "Park_County": "Shelby County", "Park_County_FIPS": "47157", "Park_Place": "Memphis city", "Park_Place_FIPS": "4748000", "Park_UrbanArea": "Memphis, TN--MS--AR", "Park_UrbanArea_ID": "56116", "Park_Zip": "38104", "ORIG_FID": 11268}}, {"type": "Feature", "id": 107, "geometry": {"type": "Point", "coordinates": [-90.0025181924462, 35.1151413540383]}, "properties": {"OBJECTID": 107, "ParkID": "4748000-0128", "GISTrkrID": 143, "SourceID": 0, "Park_Name": "Glenview Park", "Park_Designation": "LP", "Park_Owner_Type": "MUNI", "Park_Local_Owner": "MEMPHIS PARKS", "Park_Manager_Type": "MUNI", "Park_Local_Manager": "MEMPHIS PARKS", "Park_Access": 3, "Park_Status": "Open", "Park_Land_Acquisition": 1, "Park_Est_Date": null, "Park_Size_Acres": 24.4795708044023, "Park_Size_SQFT": 1066330.10423976, "Park_Size_SQMeters": 99065.3083273909, "Park_Address_1": "1141 S Barksdale St", "Park_State": "Tennessee", "Park_State_FIPS": "47", "Park_County": "Shelby County", "Park_County_FIPS": "47157", "Park_Place": "Memphis city", "Park_Place_FIPS": "4748000", "Park_UrbanArea": "Memphis, TN--MS--AR", "Park_UrbanArea_ID": "56116", "Park_Zip": "38114", "ORIG_FID": 11269}}, {"type": "Feature", "id": 108, "geometry": {"type": "Point", "coordinates": [-90.0061086530445, 35.1224644579739]}, "properties": {"OBJECTID": 108, "ParkID": "4748000-0129", "GISTrkrID": 143, "SourceID": 0, "Park_Name": "Rozelle Park", "Park_Designation": "LP", "Park_Owner_Type": "MUNI", "Park_Local_Owner": "MEMPHIS PARKS", "Park_Manager_Type": "MUNI", "Park_Local_Manager": "MEMPHIS PARKS", "Park_Access": 3, "Park_Status": "Open", "Park_Land_Acquisition": 1, "Park_Est_Date": null, "Park_Size_Acres": 0.539393905348346, "Park_Size_SQFT": 23495.9985169739, "Park_Size_SQMeters": 2182.84969006237, "Park_Address_1": "1677 Nelson Ave.", "Park_State": "Tennessee", "Park_State_FIPS": "47", "Park_County": "Shelby County", "Park_County_FIPS": "47157", "Park_Place": "Memphis city", "Park_Place_FIPS": "4748000", "Park_UrbanArea": "Memphis, TN--MS--AR", "Park_UrbanArea_ID": "56116", "Park_Zip": "38114", "ORIG_FID": 11270}}, {"type": "Feature", "id": 109, "geometry": {"type": "Point", "coordinates": [-89.9815976726692, 35.1135508472054]}, "properties": {"OBJECTID": 109, "ParkID": "4748000-0130", "GISTrkrID": 143, "SourceID": 0, "Park_Name": "Orange Mound Park", "Park_Designation": "LP", "Park_Owner_Type": "MUNI", "Park_Local_Owner": "MEMPHIS PARKS", "Park_Manager_Type": "MUNI", "Park_Local_Manager": "MEMPHIS PARKS", "Park_Access": 3, "Park_Status": "Open", "Park_Land_Acquisition": 1, "Park_Est_Date": null, "Park_Size_Acres": 3.5887605605577, "Park_Size_SQFT": 156326.410017893, "Park_Size_SQMeters": 14523.1987229487, "Park_Address_1": null, "Park_State": "Tennessee", "Park_State_FIPS": "47", "Park_County": "Shelby County", "Park_County_FIPS": "47157", "Park_Place": "Memphis city", "Park_Place_FIPS": "4748000", "Park_UrbanArea": "Memphis, TN--MS--AR", "Park_UrbanArea_ID": "56116", "Park_Zip": "38114", "ORIG_FID": 11271}}, {"type": "Feature", "id": 110, "geometry": {"type": "Point", "coordinates": [-89.9759547758649, 35.1095993034639]}, "properties": {"OBJECTID": 110, "ParkID": "4748000-0131", "GISTrkrID": 143, "SourceID": 0, "Park_Name": "Orange Mound Sc & Cc", "Park_Designation": "LP", "Park_Owner_Type": "SCHOOL_K12", "Park_Local_Owner": "MEMPHIS-SHELBY COUNTY SCHOOLS", "Park_Manager_Type": "SCHOOL_K12", "Park_Local_Manager": "MEMPHIS-SHELBY COUNTY SCHOOLS", "Park_Access": 3, "Park_Status": "Open", "Park_Land_Acquisition": 1, "Park_Est_Date": null, "Park_Size_Acres": 1.38875286677209, "Park_Size_SQFT": 60494.0748765921, "Park_Size_SQMeters": 5620.08345802303, "Park_Address_1": null, "Park_State": "Tennessee", "Park_State_FIPS": "47", "Park_County": "Shelby County", "Park_County_FIPS": "47157", "Park_Place": "Memphis city", "Park_Place_FIPS": "4748000", "Park_UrbanArea": "Memphis, TN--MS--AR", "Park_UrbanArea_ID": "56116", "Park_Zip": "38114", "ORIG_FID": 11272}}, {"type": "Feature", "id": 111, "geometry": {"type": "Point", "coordinates": [-89.9567466360699, 35.1323304009705]}, "properties": {"OBJECTID": 111, "ParkID": "4748000-0132", "GISTrkrID": 143, "SourceID": 0, "Park_Name": "East Sportplex", "Park_Designation": "LP", "Park_Owner_Type": "MUNI", "Park_Local_Owner": "MEMPHIS PARKS", "Park_Manager_Type": "MUNI", "Park_Local_Manager": "MEMPHIS PARKS", "Park_Access": 3, "Park_Status": "Open", "Park_Land_Acquisition": 1, "Park_Est_Date": null, "Park_Size_Acres": 15.9677051207346, "Park_Size_SQFT": 695553.235059199, "Park_Size_SQMeters": 64619.0100188342, "Park_Address_1": null, "Park_State": "Tennessee", "Park_State_FIPS": "47", "Park_County": "Shelby County", "Park_County_FIPS": "47157", "Park_Place": "Memphis city", "Park_Place_FIPS": "4748000", "Park_UrbanArea": "Memphis, TN--MS--AR", "Park_UrbanArea_ID": "56116", "Park_Zip": "38111", "ORIG_FID": 11273}}, {"type": "Feature", "id": 112, "geometry": {"type": "Point", "coordinates": [-89.9688034969156, 35.1126713549573]}, "properties": {"OBJECTID": 112, "ParkID": "4748000-0133", "GISTrkrID": 143, "SourceID": 0, "Park_Name": "Brentwood Park", "Park_Designation": "LP", "Park_Owner_Type": "MUNI", "Park_Local_Owner": "MEMPHIS PARKS", "Park_Manager_Type": "MUNI", "Park_Local_Manager": "MEMPHIS PARKS", "Park_Access": 3, "Park_Status": "Open", "Park_Land_Acquisition": 1, "Park_Est_Date": null, "Park_Size_Acres": 2.24469045549885, "Park_Size_SQFT": 97778.7162415301, "Park_Size_SQMeters": 9083.93998613552, "Park_Address_1": null, "Park_State": "Tennessee", "Park_State_FIPS": "47", "Park_County": "Shelby County", "Park_County_FIPS": "47157", "Park_Place": "Memphis city", "Park_Place_FIPS": "4748000", "Park_UrbanArea": "Memphis, TN--MS--AR", "Park_UrbanArea_ID": "56116", "Park_Zip": "38111", "ORIG_FID": 11274}}, {"type": "Feature", "id": 113, "geometry": {"type": "Point", "coordinates": [-89.9499140325581, 35.1123328488034]}, "properties": {"OBJECTID": 113, "ParkID": "4748000-0134", "GISTrkrID": 143, "SourceID": 0, "Park_Name": "Charles Davis Park", "Park_Designation": "LP", "Park_Owner_Type": "MUNI", "Park_Local_Owner": "MEMPHIS PARKS", "Park_Manager_Type": "MUNI", "Park_Local_Manager": "MEMPHIS PARKS", "Park_Access": 3, "Park_Status": "Open", "Park_Land_Acquisition": 1, "Park_Est_Date": null, "Park_Size_Acres": 6.81981509149104, "Park_Size_SQFT": 297071.14538535, "Park_Size_SQMeters": 27598.812502581, "Park_Address_1": null, "Park_State": "Tennessee", "Park_State_FIPS": "47", "Park_County": "Shelby County", "Park_County_FIPS": "47157", "Park_Place": "Memphis city", "Park_Place_FIPS": "4748000", "Park_UrbanArea": "Memphis, TN--MS--AR", "Park_UrbanArea_ID": "56116", "Park_Zip": "38111", "ORIG_FID": 11275}}, {"type": "Feature", "id": 114, "geometry": {"type": "Point", "coordinates": [-89.9409655265317, 35.1578678594949]}, "properties": {"OBJECTID": 114, "ParkID": "4748000-0135", "GISTrkrID": 143, "SourceID": 0, "Park_Name": "Treadwell Park", "Park_Designation": "LP", "Park_Owner_Type": "SCHOOL_K12", "Park_Local_Owner": "MEMPHIS-SHELBY COUNTY SCHOOLS", "Park_Manager_Type": "SCHOOL_K12", "Park_Local_Manager": "MEMPHIS-SHELBY COUNTY SCHOOLS", "Park_Access": 3, "Park_Status": "Open", "Park_Land_Acquisition": 1, "Park_Est_Date": null, "Park_Size_Acres": 9.91719338527784, "Park_Size_SQFT": 431992.943862703, "Park_Size_SQMeters": 40133.4577433944, "Park_Address_1": null, "Park_State": "Tennessee", "Park_State_FIPS": "47", "Park_County": "Shelby County", "Park_County_FIPS": "47157", "Park_Place": "Memphis city", "Park_Place_FIPS": "4748000", "Park_UrbanArea": "Memphis, TN--MS--AR", "Park_UrbanArea_ID": "56116", "Park_Zip": "38122", "ORIG_FID": 11276}}, {"type": "Feature", "id": 115, "geometry": {"type": "Point", "coordinates": [-89.7753234167704, 35.1756756335138]}, "properties": {"OBJECTID": 115, "ParkID": "4748000-0136", "GISTrkrID": 143, "SourceID": 0, "Park_Name": "Fletcher Creek Park", "Park_Designation": "LP", "Park_Owner_Type": "MUNI", "Park_Local_Owner": "MEMPHIS PARKS", "Park_Manager_Type": "MUNI", "Park_Local_Manager": "MEMPHIS PARKS", "Park_Access": 3, "Park_Status": "Open", "Park_Land_Acquisition": 1, "Park_Est_Date": null, "Park_Size_Acres": 22.9591773961414, "Park_Size_SQFT": 1000101.76737592, "Park_Size_SQMeters": 92912.4944985956, "Park_Address_1": null, "Park_State": "Tennessee", "Park_State_FIPS": "47", "Park_County": "Shelby County", "Park_County_FIPS": "47157", "Park_Place": "Memphis city", "Park_Place_FIPS": "4748000", "Park_UrbanArea": "Memphis, TN--MS--AR", "Park_UrbanArea_ID": "56116", "Park_Zip": "38016", "ORIG_FID": 11277}}, {"type": "Feature", "id": 116, "geometry": {"type": "Point", "coordinates": [-89.7797501222363, 35.1402089267511]}, "properties": {"OBJECTID": 116, "ParkID": "4748000-0137", "GISTrkrID": 143, "SourceID": 0, "Park_Name": "Bert Ferguson Park", "Park_Designation": "LP", "Park_Owner_Type": "MUNI", "Park_Local_Owner": "MEMPHIS PARKS", "Park_Manager_Type": "MUNI", "Park_Local_Manager": "MEMPHIS PARKS", "Park_Access": 3, "Park_Status": "Open", "Park_Land_Acquisition": 1, "Park_Est_Date": null, "Park_Size_Acres": 47.3688242065621, "Park_Size_SQFT": 2063385.98243785, "Park_Size_SQMeters": 191694.830461862, "Park_Address_1": null, "Park_State": "Tennessee", "Park_State_FIPS": "47", "Park_County": "Shelby County", "Park_County_FIPS": "47157", "Park_Place": "Memphis city", "Park_Place_FIPS": "4748000", "Park_UrbanArea": "Memphis, TN--MS--AR", "Park_UrbanArea_ID": "56116", "Park_Zip": "38018", "ORIG_FID": 11278}}, {"type": "Feature", "id": 117, "geometry": {"type": "Point", "coordinates": [-90.0539725198768, 35.1103787701174]}, "properties": {"OBJECTID": 117, "ParkID": "4748000-0138", "GISTrkrID": 143, "SourceID": 0, "Park_Name": "Trigg Park", "Park_Designation": "LP", "Park_Owner_Type": "MUNI", "Park_Local_Owner": "MEMPHIS PARKS", "Park_Manager_Type": "MUNI", "Park_Local_Manager": "MEMPHIS PARKS", "Park_Access": 3, "Park_Status": "Open", "Park_Land_Acquisition": 1, "Park_Est_Date": null, "Park_Size_Acres": 1.62461463857979, "Park_Size_SQFT": 70768.2136565355, "Park_Size_SQMeters": 6574.58218406166, "Park_Address_1": "1365 Rayburn St", "Park_State": "Tennessee", "Park_State_FIPS": "47", "Park_County": "Shelby County", "Park_County_FIPS": "47157", "Park_Place": "Memphis city", "Park_Place_FIPS": "4748000", "Park_UrbanArea": "Memphis, TN--MS--AR", "Park_UrbanArea_ID": "56116", "Park_Zip": "38106", "ORIG_FID": 11279}}, {"type": "Feature", "id": 118, "geometry": {"type": "Point", "coordinates": [-89.833628883914, 35.0836901516361]}, "properties": {"OBJECTID": 118, "ParkID": "4748000-0139", "GISTrkrID": 143, "SourceID": 0, "Park_Name": "Holmes Park", "Park_Designation": "LP", "Park_Owner_Type": "MUNI", "Park_Local_Owner": "MEMPHIS PARKS", "Park_Manager_Type": "MUNI", "Park_Local_Manager": "MEMPHIS PARKS", "Park_Access": 3, "Park_Status": "Open", "Park_Land_Acquisition": 1, "Park_Est_Date": null, "Park_Size_Acres": 19.7615568070836, "Park_Size_SQFT": 860813.414516561, "Park_Size_SQMeters": 79972.1830813686, "Park_Address_1": "2361 Hickory Crest Dr", "Park_State": "Tennessee", "Park_State_FIPS": "47", "Park_County": "Shelby County", "Park_County_FIPS": "47157", "Park_Place": "Memphis city", "Park_Place_FIPS": "4748000", "Park_UrbanArea": "Memphis, TN--MS--AR", "Park_UrbanArea_ID": "56116", "Park_Zip": "38119", "ORIG_FID": 11280}}, {"type": "Feature", "id": 119, "geometry": {"type": "Point", "coordinates": [-89.8515749718849, 35.0438797510136]}, "properties": {"OBJECTID": 119, "ParkID": "4748000-0140", "GISTrkrID": 143, "SourceID": 0, "Park_Name": "Hickory Hill Park", "Park_Designation": "LP", "Park_Owner_Type": "MUNI", "Park_Local_Owner": "MEMPHIS PARKS", "Park_Manager_Type": "MUNI", "Park_Local_Manager": "MEMPHIS PARKS", "Park_Access": 3, "Park_Status": "Open", "Park_Land_Acquisition": 1, "Park_Est_Date": null, "Park_Size_Acres": 106.178686199818, "Park_Size_SQFT": 4625143.57086408, "Park_Size_SQMeters": 429689.898169729, "Park_Address_1": null, "Park_State": "Tennessee", "Park_State_FIPS": "47", "Park_County": "Shelby County", "Park_County_FIPS": "47157", "Park_Place": "Memphis city", "Park_Place_FIPS": "4748000", "Park_UrbanArea": "Memphis, TN--MS--AR", "Park_UrbanArea_ID": "56116", "Park_Zip": "38115", "ORIG_FID": 11281}}, {"type": "Feature", "id": 120, "geometry": {"type": "Point", "coordinates": [-89.8262489518914, 35.0408654518247]}, "properties": {"OBJECTID": 120, "ParkID": "4748000-0141", "GISTrkrID": 143, "SourceID": 0, "Park_Name": "Germanshire Park", "Park_Designation": "LP", "Park_Owner_Type": "MUNI", "Park_Local_Owner": "MEMPHIS PARKS", "Park_Manager_Type": "MUNI", "Park_Local_Manager": "MEMPHIS PARKS", "Park_Access": 3, "Park_Status": "Open", "Park_Land_Acquisition": 1, "Park_Est_Date": null, "Park_Size_Acres": 22.8769959546352, "Park_Size_SQFT": 996521.943783907, "Park_Size_SQMeters": 92579.9180042341, "Park_Address_1": null, "Park_State": "Tennessee", "Park_State_FIPS": "47", "Park_County": "Shelby County", "Park_County_FIPS": "47157", "Park_Place": "Memphis city", "Park_Place_FIPS": "4748000", "Park_UrbanArea": "Memphis, TN--MS--AR", "Park_UrbanArea_ID": "56116", "Park_Zip": "38125", "ORIG_FID": 11282}}, {"type": "Feature", "id": 121, "geometry": {"type": "Point", "coordinates": [-89.8552764372294, 35.0524705471335]}, "properties": {"OBJECTID": 121, "ParkID": "4748000-0142", "GISTrkrID": 143, "SourceID": 0, "Park_Name": "Winridge Park", "Park_Designation": "LP", "Park_Owner_Type": "MUNI", "Park_Local_Owner": "MEMPHIS PARKS", "Park_Manager_Type": "MUNI", "Park_Local_Manager": "MEMPHIS PARKS", "Park_Access": 3, "Park_Status": "Open", "Park_Land_Acquisition": 1, "Park_Est_Date": null, "Park_Size_Acres": 29.8696444582231, "Park_Size_SQFT": 1301121.7126002, "Park_Size_SQMeters": 120878.162510565, "Park_Address_1": null, "Park_State": "Tennessee", "Park_State_FIPS": "47", "Park_County": "Shelby County", "Park_County_FIPS": "47157", "Park_Place": "Memphis city", "Park_Place_FIPS": "4748000", "Park_UrbanArea": "Memphis, TN--MS--AR", "Park_UrbanArea_ID": "56116", "Park_Zip": "38115", "ORIG_FID": 11283}}, {"type": "Feature", "id": 122, "geometry": {"type": "Point", "coordinates": [-89.8769668875702, 35.0678011373087]}, "properties": {"OBJECTID": 122, "ParkID": "4748000-0143", "GISTrkrID": 143, "SourceID": 0, "Park_Name": "Wilson Park", "Park_Designation": "LP", "Park_Owner_Type": "MUNI", "Park_Local_Owner": "MEMPHIS PARKS", "Park_Manager_Type": "MUNI", "Park_Local_Manager": "MEMPHIS PARKS", "Park_Access": 3, "Park_Status": "Open", "Park_Land_Acquisition": 1, "Park_Est_Date": null, "Park_Size_Acres": 11.0929726423584, "Park_Size_SQFT": 483209.888301131, "Park_Size_SQMeters": 44891.6675812355, "Park_Address_1": null, "Park_State": "Tennessee", "Park_State_FIPS": "47", "Park_County": "Shelby County", "Park_County_FIPS": "47157", "Park_Place": "Memphis city", "Park_Place_FIPS": "4748000", "Park_UrbanArea": "Memphis, TN--MS--AR", "Park_UrbanArea_ID": "56116", "Park_Zip": "38115", "ORIG_FID": 11284}}, {"type": "Feature", "id": 123, "geometry": {"type": "Point", "coordinates": [-90.0003358167832, 35.0381460171293]}, "properties": {"OBJECTID": 123, "ParkID": "4748000-0144", "GISTrkrID": 143, "SourceID": 0, "Park_Name": "Gardenview Park", "Park_Designation": "LP", "Park_Owner_Type": "CNTY", "Park_Local_Owner": "SHELBY COUNTY DEPARTMENT OF PUBLIC WORKS (SHELBY FARMS)", "Park_Manager_Type": "CNTY", "Park_Local_Manager": "SHELBY COUNTY DEPARTMENT OF PUBLIC WORKS (SHELBY FARMS)", "Park_Access": 3, "Park_Status": "Open", "Park_Land_Acquisition": 1, "Park_Est_Date": null, "Park_Size_Acres": 20.2412898403751, "Park_Size_SQFT": 881710.585446741, "Park_Size_SQMeters": 81913.593788182, "Park_Address_1": null, "Park_State": "Tennessee", "Park_State_FIPS": "47", "Park_County": "Shelby County", "Park_County_FIPS": "47157", "Park_Place": "Memphis city", "Park_Place_FIPS": "4748000", "Park_UrbanArea": "Memphis, TN--MS--AR", "Park_UrbanArea_ID": "56116", "Park_Zip": "38116", "ORIG_FID": 11285}}, {"type": "Feature", "id": 124, "geometry": {"type": "Point", "coordinates": [-90.0136907554969, 35.0315506408995]}, "properties": {"OBJECTID": 124, "ParkID": "4748000-0145", "GISTrkrID": 143, "SourceID": 0, "Park_Name": "Whitehaven Park", "Park_Designation": "LP", "Park_Owner_Type": "MUNI", "Park_Local_Owner": "MEMPHIS PARKS", "Park_Manager_Type": "MUNI", "Park_Local_Manager": "MEMPHIS PARKS", "Park_Access": 3, "Park_Status": "Open", "Park_Land_Acquisition": 1, "Park_Est_Date": null, "Park_Size_Acres": 15.2949690666231, "Park_Size_SQFT": 666248.852542104, "Park_Size_SQMeters": 61896.5437976732, "Park_Address_1": "4318 Graceland Dr", "Park_State": "Tennessee", "Park_State_FIPS": "47", "Park_County": "Shelby County", "Park_County_FIPS": "47157", "Park_Place": "Memphis city", "Park_Place_FIPS": "4748000", "Park_UrbanArea": "Memphis, TN--MS--AR", "Park_UrbanArea_ID": "56116", "Park_Zip": "38116", "ORIG_FID": 11286}}, {"type": "Feature", "id": 125, "geometry": {"type": "Point", "coordinates": [-89.8974481688099, 35.0673821556184]}, "properties": {"OBJECTID": 125, "ParkID": "4748000-0147", "GISTrkrID": 143, "SourceID": 0, "Park_Name": "Mcfarland Park", "Park_Designation": "LP", "Park_Owner_Type": "MUNI", "Park_Local_Owner": "MEMPHIS PARKS", "Park_Manager_Type": "MUNI", "Park_Local_Manager": "MEMPHIS PARKS", "Park_Access": 3, "Park_Status": "Open", "Park_Land_Acquisition": 1, "Park_Est_Date": null, "Park_Size_Acres": 17.0181646732112, "Park_Size_SQFT": 741311.25316508, "Park_Size_SQMeters": 68870.0690052456, "Park_Address_1": "4955 Cottonwood Rd", "Park_State": "Tennessee", "Park_State_FIPS": "47", "Park_County": "Shelby County", "Park_County_FIPS": "47157", "Park_Place": "Memphis city", "Park_Place_FIPS": "4748000", "Park_UrbanArea": "Memphis, TN--MS--AR", "Park_UrbanArea_ID": "56116", "Park_Zip": "38118", "ORIG_FID": 11287}}, {"type": "Feature", "id": 126, "geometry": {"type": "Point", "coordinates": [-90.0616039059246, 35.1063426182557]}, "properties": {"OBJECTID": 126, "ParkID": "4748000-0149", "GISTrkrID": 143, "SourceID": 0, "Park_Name": "Booth Park", "Park_Designation": "LP", "Park_Owner_Type": "MUNI", "Park_Local_Owner": "MEMPHIS PARKS", "Park_Manager_Type": "MUNI", "Park_Local_Manager": "MEMPHIS PARKS", "Park_Access": 3, "Park_Status": "Open", "Park_Land_Acquisition": 1, "Park_Est_Date": null, "Park_Size_Acres": 3.55595505931218, "Park_Size_SQFT": 154897.402383639, "Park_Size_SQMeters": 14390.4395695433, "Park_Address_1": "19 S Pkwy E", "Park_State": "Tennessee", "Park_State_FIPS": "47", "Park_County": "Shelby County", "Park_County_FIPS": "47157", "Park_Place": "Memphis city", "Park_Place_FIPS": "4748000", "Park_UrbanArea": "Memphis, TN--MS--AR", "Park_UrbanArea_ID": "56116", "Park_Zip": "38109", "ORIG_FID": 11288}}, {"type": "Feature", "id": 127, "geometry": {"type": "Point", "coordinates": [-90.0535653187506, 35.1071901132993]}, "properties": {"OBJECTID": 127, "ParkID": "4748000-0150", "GISTrkrID": 143, "SourceID": 0, "Park_Name": "Patton Park", "Park_Designation": "LP", "Park_Owner_Type": "MUNI", "Park_Local_Owner": "MEMPHIS PARKS", "Park_Manager_Type": "MUNI", "Park_Local_Manager": "MEMPHIS PARKS", "Park_Access": 3, "Park_Status": "Open", "Park_Land_Acquisition": 1, "Park_Est_Date": null, "Park_Size_Acres": 0.356743054692385, "Park_Size_SQFT": 15539.7274624003, "Park_Size_SQMeters": 1443.68792202847, "Park_Address_1": "1449 Patton St", "Park_State": "Tennessee", "Park_State_FIPS": "47", "Park_County": "Shelby County", "Park_County_FIPS": "47157", "Park_Place": "Memphis city", "Park_Place_FIPS": "4748000", "Park_UrbanArea": "Memphis, TN--MS--AR", "Park_UrbanArea_ID": "56116", "Park_Zip": "38106", "ORIG_FID": 11289}}, {"type": "Feature", "id": 128, "geometry": {"type": "Point", "coordinates": [-90.0693077200687, 35.1066742823738]}, "properties": {"OBJECTID": 128, "ParkID": "4748000-0152", "GISTrkrID": 143, "SourceID": 0, "Park_Name": "Carver Park", "Park_Designation": "LP", "Park_Owner_Type": "MUNI", "Park_Local_Owner": "MEMPHIS PARKS", "Park_Manager_Type": "MUNI", "Park_Local_Manager": "MEMPHIS PARKS", "Park_Access": 3, "Park_Status": "Open", "Park_Land_Acquisition": 1, "Park_Est_Date": null, "Park_Size_Acres": 0.697099003291558, "Park_Size_SQFT": 30365.6325833803, "Park_Size_SQMeters": 2821.05957851908, "Park_Address_1": null, "Park_State": "Tennessee", "Park_State_FIPS": "47", "Park_County": "Shelby County", "Park_County_FIPS": "47157", "Park_Place": "Memphis city", "Park_Place_FIPS": "4748000", "Park_UrbanArea": "Memphis, TN--MS--AR", "Park_UrbanArea_ID": "56116", "Park_Zip": "38109", "ORIG_FID": 11290}}, {"type": "Feature", "id": 129, "geometry": {"type": "Point", "coordinates": [-89.9505899094917, 35.0130721002559]}, "properties": {"OBJECTID": 129, "ParkID": "4748000-0153", "GISTrkrID": 143, "SourceID": 0, "Park_Name": "Easthaven Park", "Park_Designation": "LP", "Park_Owner_Type": "MUNI", "Park_Local_Owner": "MEMPHIS PARKS", "Park_Manager_Type": "MUNI", "Park_Local_Manager": "MEMPHIS PARKS", "Park_Access": 3, "Park_Status": "Open", "Park_Land_Acquisition": 1, "Park_Est_Date": null, "Park_Size_Acres": 3.55907159026242, "Park_Size_SQFT": 155033.158471831, "Park_Size_SQMeters": 14403.0517228349, "Park_Address_1": null, "Park_State": "Tennessee", "Park_State_FIPS": "47", "Park_County": "Shelby County", "Park_County_FIPS": "47157", "Park_Place": "Memphis city", "Park_Place_FIPS": "4748000", "Park_UrbanArea": "Memphis, TN--MS--AR", "Park_UrbanArea_ID": "56116", "Park_Zip": "38118", "ORIG_FID": 11291}}, {"type": "Feature", "id": 130, "geometry": {"type": "Point", "coordinates": [-90.0969787517841, 35.0300728624105]}, "properties": {"OBJECTID": 130, "ParkID": "4748000-0154", "GISTrkrID": 143, "SourceID": 0, "Park_Name": "Western Cove Park", "Park_Designation": "LP", "Park_Owner_Type": "MUNI", "Park_Local_Owner": "MEMPHIS PARKS", "Park_Manager_Type": "MUNI", "Park_Local_Manager": "MEMPHIS PARKS", "Park_Access": 3, "Park_Status": "Open", "Park_Land_Acquisition": 1, "Park_Est_Date": null, "Park_Size_Acres": 6.78037536103597, "Park_Size_SQFT": 295353.150726727, "Park_Size_SQMeters": 27439.2055760911, "Park_Address_1": "Western Park Dr", "Park_State": "Tennessee", "Park_State_FIPS": "47", "Park_County": "Shelby County", "Park_County_FIPS": "47157", "Park_Place": "Memphis city", "Park_Place_FIPS": "4748000", "Park_UrbanArea": "Memphis, TN--MS--AR", "Park_UrbanArea_ID": "56116", "Park_Zip": "38109", "ORIG_FID": 11292}}, {"type": "Feature", "id": 131, "geometry": {"type": "Point", "coordinates": [-90.014145107874, 35.1756446150277]}, "properties": {"OBJECTID": 131, "ParkID": "4748000-0155", "GISTrkrID": 143, "SourceID": 0, "Park_Name": "Price Park", "Park_Designation": "LP", "Park_Owner_Type": "MUNI", "Park_Local_Owner": "MEMPHIS PARKS", "Park_Manager_Type": "MUNI", "Park_Local_Manager": "MEMPHIS PARKS", "Park_Access": 3, "Park_Status": "Open", "Park_Land_Acquisition": 1, "Park_Est_Date": null, "Park_Size_Acres": 2.0334179997055, "Park_Size_SQFT": 88575.6880671716, "Park_Size_SQMeters": 8228.95069153197, "Park_Address_1": "New Chicago Ave", "Park_State": "Tennessee", "Park_State_FIPS": "47", "Park_County": "Shelby County", "Park_County_FIPS": "47157", "Park_Place": "Memphis city", "Park_Place_FIPS": "4748000", "Park_UrbanArea": "Memphis, TN--MS--AR", "Park_UrbanArea_ID": "56116", "Park_Zip": "38107", "ORIG_FID": 11293}}, {"type": "Feature", "id": 132, "geometry": {"type": "Point", "coordinates": [-90.0266984615105, 35.1586816763527]}, "properties": {"OBJECTID": 132, "ParkID": "4748000-0156", "GISTrkrID": 143, "SourceID": 0, "Park_Name": "Elizabeth Malone", "Park_Designation": "LP", "Park_Owner_Type": "MUNI", "Park_Local_Owner": "MEMPHIS PARKS", "Park_Manager_Type": "MUNI", "Park_Local_Manager": "MEMPHIS PARKS", "Park_Access": 3, "Park_Status": "Open", "Park_Land_Acquisition": 1, "Park_Est_Date": null, "Park_Size_Acres": 2.21859275572451, "Park_Size_SQFT": 96641.9004393596, "Park_Size_SQMeters": 8978.32634219384, "Park_Address_1": null, "Park_State": "Tennessee", "Park_State_FIPS": "47", "Park_County": "Shelby County", "Park_County_FIPS": "47157", "Park_Place": "Memphis city", "Park_Place_FIPS": "4748000", "Park_UrbanArea": "Memphis, TN--MS--AR", "Park_UrbanArea_ID": "56116", "Park_Zip": "38107", "ORIG_FID": 11294}}, {"type": "Feature", "id": 133, "geometry": {"type": "Point", "coordinates": [-90.0415910969628, 35.1079149838682]}, "properties": {"OBJECTID": 133, "ParkID": "4748000-0157", "GISTrkrID": 143, "SourceID": 0, "Park_Name": "South Side Park", "Park_Designation": "LP", "Park_Owner_Type": "MUNI", "Park_Local_Owner": "MEMPHIS PARKS", "Park_Manager_Type": "MUNI", "Park_Local_Manager": "MEMPHIS PARKS", "Park_Access": 3, "Park_Status": "Open", "Park_Land_Acquisition": 1, "Park_Est_Date": null, "Park_Size_Acres": 4.07296184782569, "Park_Size_SQFT": 177418.218091287, "Park_Size_SQMeters": 16482.6918120636, "Park_Address_1": "1444 S Orleans St", "Park_State": "Tennessee", "Park_State_FIPS": "47", "Park_County": "Shelby County", "Park_County_FIPS": "47157", "Park_Place": "Memphis city", "Park_Place_FIPS": "4748000", "Park_UrbanArea": "Memphis, TN--MS--AR", "Park_UrbanArea_ID": "56116", "Park_Zip": "38106", "ORIG_FID": 11295}}, {"type": "Feature", "id": 134, "geometry": {"type": "Point", "coordinates": [-90.0295955109537, 35.1183769725891]}, "properties": {"OBJECTID": 134, "ParkID": "4748000-0158", "GISTrkrID": 143, "SourceID": 0, "Park_Name": "Chandler Park", "Park_Designation": "LP", "Park_Owner_Type": "MUNI", "Park_Local_Owner": "MEMPHIS PARKS", "Park_Manager_Type": "MUNI", "Park_Local_Manager": "MEMPHIS PARKS", "Park_Access": 3, "Park_Status": "Open", "Park_Land_Acquisition": 1, "Park_Est_Date": null, "Park_Size_Acres": 6.81727960384823, "Park_Size_SQFT": 296960.699543629, "Park_Size_SQMeters": 27588.5517481297, "Park_Address_1": "College St and Walker Ave", "Park_State": "Tennessee", "Park_State_FIPS": "47", "Park_County": "Shelby County", "Park_County_FIPS": "47157", "Park_Place": "Memphis city", "Park_Place_FIPS": "4748000", "Park_UrbanArea": "Memphis, TN--MS--AR", "Park_UrbanArea_ID": "56116", "Park_Zip": "38106", "ORIG_FID": 11296}}, {"type": "Feature", "id": 135, "geometry": {"type": "Point", "coordinates": [-90.0411695724965, 35.1296441178071]}, "properties": {"OBJECTID": 135, "ParkID": "4748000-0159", "GISTrkrID": 143, "SourceID": 0, "Park_Name": "Brown Park", "Park_Designation": "LP", "Park_Owner_Type": "SPECIAL_DISTRICT", "Park_Local_Owner": "MEMPHIS HOUSING AUTHORITY", "Park_Manager_Type": "SPECIAL_DISTRICT", "Park_Local_Manager": "MEMPHIS HOUSING AUTHORITY", "Park_Access": 3, "Park_Status": "Open", "Park_Land_Acquisition": 1, "Park_Est_Date": null, "Park_Size_Acres": 3.42672155430245, "Park_Size_SQFT": 149267.990905415, "Park_Size_SQMeters": 13867.4501298054, "Park_Address_1": "604 E Georgia Ave", "Park_State": "Tennessee", "Park_State_FIPS": "47", "Park_County": "Shelby County", "Park_County_FIPS": "47157", "Park_Place": "Memphis city", "Park_Place_FIPS": "4748000", "Park_UrbanArea": "Memphis, TN--MS--AR", "Park_UrbanArea_ID": "56116", "Park_Zip": "38126", "ORIG_FID": 11297}}, {"type": "Feature", "id": 136, "geometry": {"type": "Point", "coordinates": [-90.056791080409, 35.1331287559726]}, "properties": {"OBJECTID": 136, "ParkID": "4748000-0160", "GISTrkrID": 143, "SourceID": 0, "Park_Name": "Army Park", "Park_Designation": "LP", "Park_Owner_Type": "MUNI", "Park_Local_Owner": "MEMPHIS PARKS", "Park_Manager_Type": "MUNI", "Park_Local_Manager": "MEMPHIS PARKS", "Park_Access": 3, "Park_Status": "Open", "Park_Land_Acquisition": 1, "Park_Est_Date": null, "Park_Size_Acres": 0.503159327576258, "Park_Size_SQFT": 21917.6203092218, "Park_Size_SQMeters": 2036.21355629245, "Park_Address_1": "S 2nd St", "Park_State": "Tennessee", "Park_State_FIPS": "47", "Park_County": "Shelby County", "Park_County_FIPS": "47157", "Park_Place": "Memphis city", "Park_Place_FIPS": "4748000", "Park_UrbanArea": "Memphis, TN--MS--AR", "Park_UrbanArea_ID": "56116", "Park_Zip": "38103", "ORIG_FID": 11298}}, {"type": "Feature", "id": 137, "geometry": {"type": "Point", "coordinates": [-90.0046417531266, 35.1378826857283]}, "properties": {"OBJECTID": 137, "ParkID": "4748000-0161", "GISTrkrID": 143, "SourceID": 0, "Park_Name": "Belvedere Triangle", "Park_Designation": "LP", "Park_Owner_Type": "MUNI", "Park_Local_Owner": "MEMPHIS PARKS", "Park_Manager_Type": "MUNI", "Park_Local_Manager": "MEMPHIS PARKS", "Park_Access": 3, "Park_Status": "Open", "Park_Land_Acquisition": 1, "Park_Est_Date": null, "Park_Size_Acres": 0.135407658674042, "Park_Size_SQFT": 5898.35761184128, "Park_Size_SQMeters": 547.975353147195, "Park_Address_1": null, "Park_State": "Tennessee", "Park_State_FIPS": "47", "Park_County": "Shelby County", "Park_County_FIPS": "47157", "Park_Place": "Memphis city", "Park_Place_FIPS": "4748000", "Park_UrbanArea": "Memphis, TN--MS--AR", "Park_UrbanArea_ID": "56116", "Park_Zip": "38104", "ORIG_FID": 11299}}, {"type": "Feature", "id": 138, "geometry": {"type": "Point", "coordinates": [-89.9730142700769, 35.0976938369284]}, "properties": {"OBJECTID": 138, "ParkID": "4748000-0162", "GISTrkrID": 143, "SourceID": 0, "Park_Name": "Bethel-Labelle Playground", "Park_Designation": "LP", "Park_Owner_Type": "MUNI", "Park_Local_Owner": "MEMPHIS PARKS", "Park_Manager_Type": "MUNI", "Park_Local_Manager": "MEMPHIS PARKS", "Park_Access": 3, "Park_Status": "Open", "Park_Land_Acquisition": 1, "Park_Est_Date": null, "Park_Size_Acres": 0.407169316290297, "Park_Size_SQFT": 17736.2954176053, "Park_Size_SQMeters": 1647.7557626336, "Park_Address_1": "1734 Shelley St", "Park_State": "Tennessee", "Park_State_FIPS": "47", "Park_County": "Shelby County", "Park_County_FIPS": "47157", "Park_Place": "Memphis city", "Park_Place_FIPS": "4748000", "Park_UrbanArea": "Memphis, TN--MS--AR", "Park_UrbanArea_ID": "56116", "Park_Zip": "38114", "ORIG_FID": 11300}}, {"type": "Feature", "id": 139, "geometry": {"type": "Point", "coordinates": [-89.9737954691524, 35.1407166845148]}, "properties": {"OBJECTID": 139, "ParkID": "4748000-0163", "GISTrkrID": 143, "SourceID": 0, "Park_Name": "Binghampton Park", "Park_Designation": "LP", "Park_Owner_Type": "MUNI", "Park_Local_Owner": "MEMPHIS PARKS", "Park_Manager_Type": "MUNI", "Park_Local_Manager": "MEMPHIS PARKS", "Park_Access": 3, "Park_Status": "Open", "Park_Land_Acquisition": 1, "Park_Est_Date": null, "Park_Size_Acres": 3.3142929588289, "Park_Size_SQFT": 144370.601286587, "Park_Size_SQMeters": 13412.4677461518, "Park_Address_1": null, "Park_State": "Tennessee", "Park_State_FIPS": "47", "Park_County": "Shelby County", "Park_County_FIPS": "47157", "Park_Place": "Memphis city", "Park_Place_FIPS": "4748000", "Park_UrbanArea": "Memphis, TN--MS--AR", "Park_UrbanArea_ID": "56116", "Park_Zip": "38112", "ORIG_FID": 11301}}, {"type": "Feature", "id": 140, "geometry": {"type": "Point", "coordinates": [-90.0377285158355, 35.1409051265562]}, "properties": {"OBJECTID": 140, "ParkID": "4748000-0164", "GISTrkrID": 143, "SourceID": 0, "Park_Name": "Madison & Monroe Park", "Park_Designation": "LP", "Park_Owner_Type": "MUNI", "Park_Local_Owner": "MEMPHIS PARKS", "Park_Manager_Type": "MUNI", "Park_Local_Manager": "MEMPHIS PARKS", "Park_Access": 3, "Park_Status": "Open", "Park_Land_Acquisition": 1, "Park_Est_Date": null, "Park_Size_Acres": 0.55035764676012, "Park_Size_SQFT": 23973.5790928708, "Park_Size_SQMeters": 2227.21837740814, "Park_Address_1": "702 Madison Ave", "Park_State": "Tennessee", "Park_State_FIPS": "47", "Park_County": "Shelby County", "Park_County_FIPS": "47157", "Park_Place": "Memphis city", "Park_Place_FIPS": "4748000", "Park_UrbanArea": "Memphis, TN--MS--AR", "Park_UrbanArea_ID": "56116", "Park_Zip": "38103", "ORIG_FID": 11302}}, {"type": "Feature", "id": 141, "geometry": {"type": "Point", "coordinates": [-90.048911651666, 35.1523930379743]}, "properties": {"OBJECTID": 141, "ParkID": "4748000-0165", "GISTrkrID": 143, "SourceID": 0, "Park_Name": "Brinkley Park", "Park_Designation": "LP", "Park_Owner_Type": "MUNI", "Park_Local_Owner": "MEMPHIS PARKS", "Park_Manager_Type": "MUNI", "Park_Local_Manager": "MEMPHIS PARKS", "Park_Access": 3, "Park_Status": "Open", "Park_Land_Acquisition": 1, "Park_Est_Date": null, "Park_Size_Acres": 1.05297761862129, "Park_Size_SQFT": 45867.7050671435, "Park_Size_SQMeters": 4261.24923856104, "Park_Address_1": "Market Ave", "Park_State": "Tennessee", "Park_State_FIPS": "47", "Park_County": "Shelby County", "Park_County_FIPS": "47157", "Park_Place": "Memphis city", "Park_Place_FIPS": "4748000", "Park_UrbanArea": "Memphis, TN--MS--AR", "Park_UrbanArea_ID": "56116", "Park_Zip": "38105", "ORIG_FID": 11303}}, {"type": "Feature", "id": 142, "geometry": {"type": "Point", "coordinates": [-90.0737174850083, 35.122350291257]}, "properties": {"OBJECTID": 142, "ParkID": "4748000-0167", "GISTrkrID": 143, "SourceID": 0, "Park_Name": "Chickasaw Heritage Park", "Park_Designation": "LP", "Park_Owner_Type": "MUNI", "Park_Local_Owner": "MEMPHIS PARKS", "Park_Manager_Type": "MUNI", "Park_Local_Manager": "MEMPHIS PARKS", "Park_Access": 3, "Park_Status": "Open", "Park_Land_Acquisition": 1, "Park_Est_Date": null, "Park_Size_Acres": 14.593945621012, "Park_Size_SQFT": 635712.271251284, "Park_Size_SQMeters": 59059.6025645489, "Park_Address_1": null, "Park_State": "Tennessee", "Park_State_FIPS": "47", "Park_County": "Shelby County", "Park_County_FIPS": "47157", "Park_Place": "Memphis city", "Park_Place_FIPS": "4748000", "Park_UrbanArea": "Memphis, TN--MS--AR", "Park_UrbanArea_ID": "56116", "Park_Zip": "38106", "ORIG_FID": 11304}}, {"type": "Feature", "id": 143, "geometry": {"type": "Point", "coordinates": [-90.0488970829205, 35.1471387808591]}, "properties": {"OBJECTID": 143, "ParkID": "4748000-0168", "GISTrkrID": 143, "SourceID": 0, "Park_Name": "Columbus Park", "Park_Designation": "LP", "Park_Owner_Type": "NONPROFIT", "Park_Local_Owner": "GPT PROPERTIES TRUST", "Park_Manager_Type": "NONPROFIT", "Park_Local_Manager": "GPT PROPERTIES TRUST", "Park_Access": 3, "Park_Status": "Open", "Park_Land_Acquisition": 1, "Park_Est_Date": null, "Park_Size_Acres": 0.51284179, "Park_Size_SQFT": 22339.38835184, "Park_Size_SQMeters": 2075.39708963, "Park_Address_1": "190 Adams Ave", "Park_State": "Tennessee", "Park_State_FIPS": "47", "Park_County": "Shelby County", "Park_County_FIPS": "47157", "Park_Place": "Memphis city", "Park_Place_FIPS": "4748000", "Park_UrbanArea": "Memphis, TN--MS--AR", "Park_UrbanArea_ID": "56116", "Park_Zip": "38103", "ORIG_FID": 11305}}, {"type": "Feature", "id": 144, "geometry": {"type": "Point", "coordinates": [-90.0395586814819, 35.1446480438295]}, "properties": {"OBJECTID": 144, "ParkID": "4748000-0169", "GISTrkrID": 143, "SourceID": 0, "Park_Name": "Victorian Village Park", "Park_Designation": "LP", "Park_Owner_Type": "SPECIAL_DISTRICT", "Park_Local_Owner": "MEMPHIS HOUSING AUTHORITY", "Park_Manager_Type": "SPECIAL_DISTRICT", "Park_Local_Manager": "MEMPHIS HOUSING AUTHORITY", "Park_Access": 3, "Park_Status": "Open", "Park_Land_Acquisition": 1, "Park_Est_Date": null, "Park_Size_Acres": 0.981244037329401, "Park_Size_SQFT": 42742.9902660687, "Park_Size_SQMeters": 3970.95373440819, "Park_Address_1": "633 Adams Ave", "Park_State": "Tennessee", "Park_State_FIPS": "47", "Park_County": "Shelby County", "Park_County_FIPS": "47157", "Park_Place": "Memphis city", "Park_Place_FIPS": "4748000", "Park_UrbanArea": "Memphis, TN--MS--AR", "Park_UrbanArea_ID": "56116", "Park_Zip": "38105", "ORIG_FID": 11306}}, {"type": "Feature", "id": 145, "geometry": {"type": "Point", "coordinates": [-90.0608497162946, 35.0470401072878]}, "properties": {"OBJECTID": 145, "ParkID": "4748000-0170", "GISTrkrID": 143, "SourceID": 0, "Park_Name": "Fairway Park", "Park_Designation": "LP", "Park_Owner_Type": "MUNI", "Park_Local_Owner": "MEMPHIS PARKS", "Park_Manager_Type": "MUNI", "Park_Local_Manager": "MEMPHIS PARKS", "Park_Access": 3, "Park_Status": "Open", "Park_Land_Acquisition": 1, "Park_Est_Date": null, "Park_Size_Acres": 1.22888732764097, "Park_Size_SQFT": 53530.3319920408, "Park_Size_SQMeters": 4973.13057426984, "Park_Address_1": "73 E Fairway Ave", "Park_State": "Tennessee", "Park_State_FIPS": "47", "Park_County": "Shelby County", "Park_County_FIPS": "47157", "Park_Place": "Memphis city", "Park_Place_FIPS": "4748000", "Park_UrbanArea": "Memphis, TN--MS--AR", "Park_UrbanArea_ID": "56116", "Park_Zip": "38109", "ORIG_FID": 11307}}, {"type": "Feature", "id": 146, "geometry": {"type": "Point", "coordinates": [-90.0437333887779, 35.158752690351]}, "properties": {"OBJECTID": 146, "ParkID": "4748000-0171", "GISTrkrID": 143, "SourceID": 0, "Park_Name": "Greenlaw Park", "Park_Designation": "LP", "Park_Owner_Type": "MUNI", "Park_Local_Owner": "MEMPHIS PARKS", "Park_Manager_Type": "MUNI", "Park_Local_Manager": "MEMPHIS PARKS", "Park_Access": 3, "Park_Status": "Open", "Park_Land_Acquisition": 1, "Park_Est_Date": null, "Park_Size_Acres": 1.52147275144186, "Park_Size_SQFT": 66275.3530528072, "Park_Size_SQMeters": 6157.18177567907, "Park_Address_1": "189 Greenlaw Ave", "Park_State": "Tennessee", "Park_State_FIPS": "47", "Park_County": "Shelby County", "Park_County_FIPS": "47157", "Park_Place": "Memphis city", "Park_Place_FIPS": "4748000", "Park_UrbanArea": "Memphis, TN--MS--AR", "Park_UrbanArea_ID": "56116", "Park_Zip": "38105", "ORIG_FID": 11308}}, {"type": "Feature", "id": 147, "geometry": {"type": "Point", "coordinates": [-90.0402417532743, 35.103414136143]}, "properties": {"OBJECTID": 147, "ParkID": "4748000-0172", "GISTrkrID": 143, "SourceID": 0, "Park_Name": "Lincoln School Park", "Park_Designation": "LP", "Park_Owner_Type": "MUNI", "Park_Local_Owner": "MEMPHIS PARKS", "Park_Manager_Type": "MUNI", "Park_Local_Manager": "MEMPHIS PARKS", "Park_Access": 3, "Park_Status": "Open", "Park_Land_Acquisition": 1, "Park_Est_Date": null, "Park_Size_Acres": 1.21718835204061, "Park_Size_SQFT": 53020.7246148892, "Park_Size_SQMeters": 4925.78649972603, "Park_Address_1": "1604 S Orleans St", "Park_State": "Tennessee", "Park_State_FIPS": "47", "Park_County": "Shelby County", "Park_County_FIPS": "47157", "Park_Place": "Memphis city", "Park_Place_FIPS": "4748000", "Park_UrbanArea": "Memphis, TN--MS--AR", "Park_UrbanArea_ID": "56116", "Park_Zip": "38106", "ORIG_FID": 11309}}, {"type": "Feature", "id": 148, "geometry": {"type": "Point", "coordinates": [-90.0583631368275, 35.1634380966194]}, "properties": {"OBJECTID": 148, "ParkID": "4748000-0174", "GISTrkrID": 143, "SourceID": 0, "Park_Name": "Mississippi River Greenbelt", "Park_Designation": "LCA", "Park_Owner_Type": "MUNI", "Park_Local_Owner": "MEMPHIS PARKS", "Park_Manager_Type": "MUNI", "Park_Local_Manager": "MEMPHIS PARKS", "Park_Access": 3, "Park_Status": "Open", "Park_Land_Acquisition": 1, "Park_Est_Date": null, "Park_Size_Acres": 68.9707273260534, "Park_Size_SQFT": 3004364.88232289, "Park_Size_SQMeters": 279114.630837039, "Park_Address_1": null, "Park_State": "Tennessee", "Park_State_FIPS": "47", "Park_County": "Shelby County", "Park_County_FIPS": "47157", "Park_Place": "Memphis city", "Park_Place_FIPS": "4748000", "Park_UrbanArea": "Memphis, TN--MS--AR", "Park_UrbanArea_ID": "56116", "Park_Zip": null, "ORIG_FID": 11310}}, {"type": "Feature", "id": 149, "geometry": {"type": "Point", "coordinates": [-89.8902385441985, 35.193767373128]}, "properties": {"OBJECTID": 149, "ParkID": "4748000-0176", "GISTrkrID": 143, "SourceID": 0, "Park_Name": "Raleigh Bartlett Meadows", "Park_Designation": "LP", "Park_Owner_Type": "CNTY", "Park_Local_Owner": "SHELBY COUNTY DEPARTMENT OF PUBLIC WORKS (SHELBY FARMS)", "Park_Manager_Type": "CNTY", "Park_Local_Manager": "SHELBY COUNTY DEPARTMENT OF PUBLIC WORKS (SHELBY FARMS)", "Park_Access": 3, "Park_Status": "Open", "Park_Land_Acquisition": 1, "Park_Est_Date": null, "Park_Size_Acres": 7.38757006504917, "Park_Size_SQFT": 321802.552033542, "Park_Size_SQMeters": 29896.4353636742, "Park_Address_1": null, "Park_State": "Tennessee", "Park_State_FIPS": "47", "Park_County": "Shelby County", "Park_County_FIPS": "47157", "Park_Place": "Memphis city", "Park_Place_FIPS": "4748000", "Park_UrbanArea": "Memphis, TN--MS--AR", "Park_UrbanArea_ID": "56116", "Park_Zip": "38134", "ORIG_FID": 11311}}, {"type": "Feature", "id": 150, "geometry": {"type": "Point", "coordinates": [-90.0689966459669, 35.0953834702347]}, "properties": {"OBJECTID": 150, "ParkID": "4748000-0177", "GISTrkrID": 143, "SourceID": 0, "Park_Name": "Riverview Park", "Park_Designation": "LP", "Park_Owner_Type": "SCHOOL_K12", "Park_Local_Owner": "MEMPHIS-SHELBY COUNTY SCHOOLS", "Park_Manager_Type": "SCHOOL_K12", "Park_Local_Manager": "MEMPHIS-SHELBY COUNTY SCHOOLS", "Park_Access": 3, "Park_Status": "Open", "Park_Land_Acquisition": 1, "Park_Est_Date": null, "Park_Size_Acres": 17.0507979202265, "Park_Size_SQFT": 742732.757405065, "Park_Size_SQMeters": 69002.1310705131, "Park_Address_1": null, "Park_State": "Tennessee", "Park_State_FIPS": "47", "Park_County": "Shelby County", "Park_County_FIPS": "47157", "Park_Place": "Memphis city", "Park_Place_FIPS": "4748000", "Park_UrbanArea": "Memphis, TN--MS--AR", "Park_UrbanArea_ID": "56116", "Park_Zip": "38109", "ORIG_FID": 11312}}, {"type": "Feature", "id": 151, "geometry": {"type": "Point", "coordinates": [-89.8930631679155, 35.0555010786975]}, "properties": {"OBJECTID": 151, "ParkID": "4748000-0178", "GISTrkrID": 143, "SourceID": 0, "Park_Name": "Singleton Park", "Park_Designation": "LP", "Park_Owner_Type": "MUNI", "Park_Local_Owner": "MEMPHIS PARKS", "Park_Manager_Type": "MUNI", "Park_Local_Manager": "MEMPHIS PARKS", "Park_Access": 3, "Park_Status": "Open", "Park_Land_Acquisition": 1, "Park_Est_Date": null, "Park_Size_Acres": 22.6664380064142, "Park_Size_SQFT": 987350.039559404, "Park_Size_SQMeters": 91727.8202191889, "Park_Address_1": null, "Park_State": "Tennessee", "Park_State_FIPS": "47", "Park_County": "Shelby County", "Park_County_FIPS": "47157", "Park_Place": "Memphis city", "Park_Place_FIPS": "4748000", "Park_UrbanArea": "Memphis, TN--MS--AR", "Park_UrbanArea_ID": "56116", "Park_Zip": "38118", "ORIG_FID": 11313}}, {"type": "Feature", "id": 152, "geometry": {"type": "Point", "coordinates": [-90.0452701019375, 35.1336310074562]}, "properties": {"OBJECTID": 152, "ParkID": "4748000-0179", "GISTrkrID": 143, "SourceID": 0, "Park_Name": "Wagner Park", "Park_Designation": "LP", "Park_Owner_Type": "SPECIAL_DISTRICT", "Park_Local_Owner": "MEMPHIS HOUSING AUTHORITY", "Park_Manager_Type": "SPECIAL_DISTRICT", "Park_Local_Manager": "MEMPHIS HOUSING AUTHORITY", "Park_Access": 3, "Park_Status": "Open", "Park_Land_Acquisition": 1, "Park_Est_Date": null, "Park_Size_Acres": 0.685872919084283, "Park_Size_SQFT": 29876.6243553114, "Park_Size_SQMeters": 2775.62922754647, "Park_Address_1": null, "Park_State": "Tennessee", "Park_State_FIPS": "47", "Park_County": "Shelby County", "Park_County_FIPS": "47157", "Park_Place": "Memphis city", "Park_Place_FIPS": "4748000", "Park_UrbanArea": "Memphis, TN--MS--AR", "Park_UrbanArea_ID": "56116", "Park_Zip": "38126", "ORIG_FID": 11314}}, {"type": "Feature", "id": 153, "geometry": {"type": "Point", "coordinates": [-89.9781667554977, 35.0926422151659]}, "properties": {"OBJECTID": 153, "ParkID": "4748000-0180", "GISTrkrID": 143, "SourceID": 0, "Park_Name": "Wagner Park", "Park_Designation": "LP", "Park_Owner_Type": "MUNI", "Park_Local_Owner": "MEMPHIS PARKS", "Park_Manager_Type": "MUNI", "Park_Local_Manager": "MEMPHIS PARKS", "Park_Access": 3, "Park_Status": "Open", "Park_Land_Acquisition": 1, "Park_Est_Date": null, "Park_Size_Acres": 4.86648728099287, "Park_Size_SQFT": 211984.18596005, "Park_Size_SQMeters": 19693.9753076139, "Park_Address_1": "2570 Filmore Ave", "Park_State": "Tennessee", "Park_State_FIPS": "47", "Park_County": "Shelby County", "Park_County_FIPS": "47157", "Park_Place": "Memphis city", "Park_Place_FIPS": "4748000", "Park_UrbanArea": "Memphis, TN--MS--AR", "Park_UrbanArea_ID": "56116", "Park_Zip": "38114", "ORIG_FID": 11315}}, {"type": "Feature", "id": 154, "geometry": {"type": "Point", "coordinates": [-90.0609448188175, 35.1121234312241]}, "properties": {"OBJECTID": 154, "ParkID": "4748000-0181", "GISTrkrID": 143, "SourceID": 0, "Park_Name": "Texas Court Park", "Park_Designation": "LP", "Park_Owner_Type": "MUNI", "Park_Local_Owner": "MEMPHIS PARKS", "Park_Manager_Type": "MUNI", "Park_Local_Manager": "MEMPHIS PARKS", "Park_Access": 3, "Park_Status": "Open", "Park_Land_Acquisition": 1, "Park_Est_Date": null, "Park_Size_Acres": 0.904129736610111, "Park_Size_SQFT": 39383.8913267364, "Park_Size_SQMeters": 3658.88323128345, "Park_Address_1": "1296 Adelaide St", "Park_State": "Tennessee", "Park_State_FIPS": "47", "Park_County": "Shelby County", "Park_County_FIPS": "47157", "Park_Place": "Memphis city", "Park_Place_FIPS": "4748000", "Park_UrbanArea": "Memphis, TN--MS--AR", "Park_UrbanArea_ID": "56116", "Park_Zip": "38106", "ORIG_FID": 11316}}, {"type": "Feature", "id": 155, "geometry": {"type": "Point", "coordinates": [-90.0062626954818, 35.2023064127962]}, "properties": {"OBJECTID": 155, "ParkID": "4748000-0182", "GISTrkrID": 143, "SourceID": 0, "Park_Name": "Watkins & O'Berle Open Space", "Park_Designation": "LCA", "Park_Owner_Type": "MUNI", "Park_Local_Owner": "MEMPHIS PARKS", "Park_Manager_Type": "MUNI", "Park_Local_Manager": "MEMPHIS PARKS", "Park_Access": 3, "Park_Status": "Open", "Park_Land_Acquisition": 1, "Park_Est_Date": null, "Park_Size_Acres": 5.36605183176715, "Park_Size_SQFT": 233745.217791777, "Park_Size_SQMeters": 21715.6413183182, "Park_Address_1": "N Watkins", "Park_State": "Tennessee", "Park_State_FIPS": "47", "Park_County": "Shelby County", "Park_County_FIPS": "47157", "Park_Place": "Memphis city", "Park_Place_FIPS": "4748000", "Park_UrbanArea": "Memphis, TN--MS--AR", "Park_UrbanArea_ID": "56116", "Park_Zip": "38127", "ORIG_FID": 11317}}, {"type": "Feature", "id": 156, "geometry": {"type": "Point", "coordinates": [-90.0089636331613, 35.1456625462683]}, "properties": {"OBJECTID": 156, "ParkID": "4748000-0183", "GISTrkrID": 143, "SourceID": 0, "Park_Name": "Williamson Park", "Park_Designation": "LP", "Park_Owner_Type": "MUNI", "Park_Local_Owner": "MEMPHIS PARKS", "Park_Manager_Type": "MUNI", "Park_Local_Manager": "MEMPHIS PARKS", "Park_Access": 3, "Park_Status": "Open", "Park_Land_Acquisition": 1, "Park_Est_Date": null, "Park_Size_Acres": 4.51210837940109, "Park_Size_SQFT": 196547.441006711, "Park_Size_SQMeters": 18259.8547737442, "Park_Address_1": "292 Williamson St", "Park_State": "Tennessee", "Park_State_FIPS": "47", "Park_County": "Shelby County", "Park_County_FIPS": "47157", "Park_Place": "Memphis city", "Park_Place_FIPS": "4748000", "Park_UrbanArea": "Memphis, TN--MS--AR", "Park_UrbanArea_ID": "56116", "Park_Zip": "38112", "ORIG_FID": 11318}}, {"type": "Feature", "id": 157, "geometry": {"type": "Point", "coordinates": [-89.8511759748022, 35.1281617390539]}, "properties": {"OBJECTID": 157, "ParkID": "4748000-0185", "GISTrkrID": 143, "SourceID": 0, "Park_Name": "Wolf River Greenway", "Park_Designation": "LREC", "Park_Owner_Type": "PRIV", "Park_Local_Owner": "BOYLE INVESTMENT COMPANY", "Park_Manager_Type": "MUNI", "Park_Local_Manager": "MEMPHIS PARKS", "Park_Access": 3, "Park_Status": "Open", "Park_Land_Acquisition": 1, "Park_Est_Date": null, "Park_Size_Acres": 9.3233937363652, "Park_Size_SQFT": 406127.031156068, "Park_Size_SQMeters": 37730.4358205734, "Park_Address_1": null, "Park_State": "Tennessee", "Park_State_FIPS": "47", "Park_County": "Shelby County", "Park_County_FIPS": "47157", "Park_Place": "Memphis city", "Park_Place_FIPS": "4748000", "Park_UrbanArea": "Memphis, TN--MS--AR", "Park_UrbanArea_ID": "56116", "Park_Zip": "38120", "ORIG_FID": 11319}}, {"type": "Feature", "id": 158, "geometry": {"type": "Point", "coordinates": [-89.9984246964219, 35.2183591131563]}, "properties": {"OBJECTID": 158, "ParkID": "4748000-0186", "GISTrkrID": 143, "SourceID": 0, "Park_Name": "Shivler Park", "Park_Designation": "LP", "Park_Owner_Type": "SCHOOL_K12", "Park_Local_Owner": "MEMPHIS-SHELBY COUNTY SCHOOLS", "Park_Manager_Type": "SCHOOL_K12", "Park_Local_Manager": "MEMPHIS-SHELBY COUNTY SCHOOLS", "Park_Access": 3, "Park_Status": "Open", "Park_Land_Acquisition": 1, "Park_Est_Date": null, "Park_Size_Acres": 12.0758779564675, "Park_Size_SQFT": 526025.243783723, "Park_Size_SQMeters": 48869.3442642489, "Park_Address_1": null, "Park_State": "Tennessee", "Park_State_FIPS": "47", "Park_County": "Shelby County", "Park_County_FIPS": "47157", "Park_Place": "Memphis city", "Park_Place_FIPS": "4748000", "Park_UrbanArea": "Memphis, TN--MS--AR", "Park_UrbanArea_ID": "56116", "Park_Zip": "38127", "ORIG_FID": 11320}}, {"type": "Feature", "id": 159, "geometry": {"type": "Point", "coordinates": [-89.9985313992116, 35.2210495406989]}, "properties": {"OBJECTID": 159, "ParkID": "4748000-0187", "GISTrkrID": 143, "SourceID": 0, "Park_Name": "Denver Park", "Park_Designation": "LP", "Park_Owner_Type": "SCHOOL_K12", "Park_Local_Owner": "MEMPHIS-SHELBY COUNTY SCHOOLS", "Park_Manager_Type": "SCHOOL_K12", "Park_Local_Manager": "MEMPHIS-SHELBY COUNTY SCHOOLS", "Park_Access": 3, "Park_Status": "Open", "Park_Land_Acquisition": 1, "Park_Est_Date": null, "Park_Size_Acres": 10.9121538736677, "Park_Size_SQFT": 475333.422736963, "Park_Size_SQMeters": 44159.919985869, "Park_Address_1": null, "Park_State": "Tennessee", "Park_State_FIPS": "47", "Park_County": "Shelby County", "Park_County_FIPS": "47157", "Park_Place": "Memphis city", "Park_Place_FIPS": "4748000", "Park_UrbanArea": "Memphis, TN--MS--AR", "Park_UrbanArea_ID": "56116", "Park_Zip": "38127", "ORIG_FID": 11321}}, {"type": "Feature", "id": 160, "geometry": {"type": "Point", "coordinates": [-89.8285796644329, 35.0241695922909]}, "properties": {"OBJECTID": 160, "ParkID": "56116-0012", "GISTrkrID": 143, "SourceID": 12, "Park_Name": "Heroes Park", "Park_Designation": "LP", "Park_Owner_Type": "MUNI", "Park_Local_Owner": "MEMPHIS PARKS", "Park_Manager_Type": "MUNI", "Park_Local_Manager": "MEMPHIS PARKS", "Park_Access": 3, "Park_Status": "Open", "Park_Land_Acquisition": 1, "Park_Est_Date": null, "Park_Size_Acres": 29.4863854841771, "Park_Size_SQFT": 1284426.95169075, "Park_Size_SQMeters": 119327.168470004, "Park_Address_1": "Riverdale Rd", "Park_State": "Tennessee", "Park_State_FIPS": "47", "Park_County": "Shelby County", "Park_County_FIPS": "47157", "Park_Place": "Memphis city", "Park_Place_FIPS": "4748000", "Park_UrbanArea": "Memphis, TN--MS--AR", "Park_UrbanArea_ID": "56116", "Park_Zip": "38125", "ORIG_FID": 11330}}, {"type": "Feature", "id": 161, "geometry": {"type": "Point", "coordinates": [-90.0171846506658, 35.2505590105115]}, "properties": {"OBJECTID": 161, "ParkID": "56116-0014", "GISTrkrID": 143, "SourceID": 14, "Park_Name": "Firestone Park", "Park_Designation": "LP", "Park_Owner_Type": "MUNI", "Park_Local_Owner": "MEMPHIS PARKS", "Park_Manager_Type": "MUNI", "Park_Local_Manager": "MEMPHIS PARKS", "Park_Access": 3, "Park_Status": "Open", "Park_Land_Acquisition": 1, "Park_Est_Date": null, "Park_Size_Acres": 328.654763245035, "Park_Size_SQFT": 14316201.4869537, "Park_Size_SQMeters": 1330018.63939052, "Park_Address_1": "4165 Millington", "Park_State": "Tennessee", "Park_State_FIPS": "47", "Park_County": "Shelby County", "Park_County_FIPS": "47157", "Park_Place": "Memphis city", "Park_Place_FIPS": "4748000", "Park_UrbanArea": "Memphis, TN--MS--AR", "Park_UrbanArea_ID": "56116", "Park_Zip": "38127", "ORIG_FID": 11332}}, {"type": "Feature", "id": 162, "geometry": {"type": "Point", "coordinates": [-89.9713917483518, 35.2437123085533]}, "properties": {"OBJECTID": 162, "ParkID": "56116-0015", "GISTrkrID": 143, "SourceID": 15, "Park_Name": "Links At Davy Crockett", "Park_Designation": "LP", "Park_Owner_Type": "MUNI", "Park_Local_Owner": "MEMPHIS PARKS", "Park_Manager_Type": "MUNI", "Park_Local_Manager": "MEMPHIS PARKS", "Park_Access": 3, "Park_Status": "Open", "Park_Land_Acquisition": 1, "Park_Est_Date": null, "Park_Size_Acres": 296.813283630873, "Park_Size_SQFT": 12929186.6349608, "Park_Size_SQMeters": 1201160.74311523, "Park_Address_1": "N Range Line Rd", "Park_State": "Tennessee", "Park_State_FIPS": "47", "Park_County": "Shelby County", "Park_County_FIPS": "47157", "Park_Place": "Memphis city", "Park_Place_FIPS": "4748000", "Park_UrbanArea": "Memphis, TN--MS--AR", "Park_UrbanArea_ID": "56116", "Park_Zip": "38127", "ORIG_FID": 11333}}, {"type": "Feature", "id": 163, "geometry": {"type": "Point", "coordinates": [-90.0263996188385, 35.1669861797299]}, "properties": {"OBJECTID": 163, "ParkID": "4748000-0188", "GISTrkrID": 143, "SourceID": 187, "Park_Name": "Dave Wells Park", "Park_Designation": "LP", "Park_Owner_Type": "MUNI", "Park_Local_Owner": "MEMPHIS PARKS", "Park_Manager_Type": "MUNI", "Park_Local_Manager": "MEMPHIS PARKS", "Park_Access": 3, "Park_Status": "Open", "Park_Land_Acquisition": 1, "Park_Est_Date": null, "Park_Size_Acres": 1.80472973156999, "Park_Size_SQFT": 78614.0271071889, "Park_Size_SQMeters": 7303.48210490025, "Park_Address_1": null, "Park_State": "Tennessee", "Park_State_FIPS": "47", "Park_County": "Shelby County", "Park_County_FIPS": "47157", "Park_Place": "Memphis city", "Park_Place_FIPS": "4748000", "Park_UrbanArea": "Memphis, TN--MS--AR", "Park_UrbanArea_ID": "56116", "Park_Zip": "38107", "ORIG_FID": 11371}}, {"type": "Feature", "id": 164, "geometry": {"type": "Point", "coordinates": [-90.0302911532166, 35.0900292793338]}, "properties": {"OBJECTID": 164, "ParkID": "4748000-0189", "GISTrkrID": 143, "SourceID": 188, "Park_Name": "Pine Hill Park", "Park_Designation": "LP", "Park_Owner_Type": "MUNI", "Park_Local_Owner": "MEMPHIS PARKS", "Park_Manager_Type": "MUNI", "Park_Local_Manager": "MEMPHIS PARKS", "Park_Access": 3, "Park_Status": "Open", "Park_Land_Acquisition": 1, "Park_Est_Date": null, "Park_Size_Acres": 164.877924694271, "Park_Size_SQFT": 7182082.39968246, "Park_Size_SQMeters": 667237.288460996, "Park_Address_1": "888 Alice Ave", "Park_State": "Tennessee", "Park_State_FIPS": "47", "Park_County": "Shelby County", "Park_County_FIPS": "47157", "Park_Place": "Memphis city", "Park_Place_FIPS": "4748000", "Park_UrbanArea": "Memphis, TN--MS--AR", "Park_UrbanArea_ID": "56116", "Park_Zip": "38106", "ORIG_FID": 11372}}, {"type": "Feature", "id": 165, "geometry": {"type": "Point", "coordinates": [-90.0863853996432, 35.0437814443189]}, "properties": {"OBJECTID": 165, "ParkID": "4748000-0190", "GISTrkrID": 143, "SourceID": 189, "Park_Name": "Bison", "Park_Designation": "LP", "Park_Owner_Type": "MUNI", "Park_Local_Owner": "MEMPHIS PARKS", "Park_Manager_Type": "MUNI", "Park_Local_Manager": "MEMPHIS PARKS", "Park_Access": 3, "Park_Status": "Open", "Park_Land_Acquisition": 1, "Park_Est_Date": null, "Park_Size_Acres": 7.920417308807373, "Park_Size_SQFT": 345013.375, "Park_Size_SQMeters": 32052.791015625, "Park_Address_1": null, "Park_State": "Tennessee", "Park_State_FIPS": "47", "Park_County": "Shelby County", "Park_County_FIPS": "47157", "Park_Place": "Memphis city", "Park_Place_FIPS": "4748000", "Park_UrbanArea": "Memphis, TN--MS--AR", "Park_UrbanArea_ID": "56116", "Park_Zip": "38109", "ORIG_FID": 117469}}, {"type": "Feature", "id": 166, "geometry": {"type": "Point", "coordinates": [-90.0494037401435, 35.1474007294443]}, "properties": {"OBJECTID": 166, "ParkID": "4748000-0192", "GISTrkrID": 143, "SourceID": 191, "Park_Name": "Columbus", "Park_Designation": "LP", "Park_Owner_Type": "MUNI", "Park_Local_Owner": "MEMPHIS PARKS", "Park_Manager_Type": "MUNI", "Park_Local_Manager": "MEMPHIS PARKS", "Park_Access": 3, "Park_Status": "Open", "Park_Land_Acquisition": 1, "Park_Est_Date": null, "Park_Size_Acres": 0.1041257, "Park_Size_SQFT": 4535.71533203, "Park_Size_SQMeters": 421.38174438, "Park_Address_1": "167 Adams Ave", "Park_State": "Tennessee", "Park_State_FIPS": "47", "Park_County": "Shelby County", "Park_County_FIPS": "47157", "Park_Place": "Memphis city", "Park_Place_FIPS": "4748000", "Park_UrbanArea": "Memphis, TN--MS--AR", "Park_UrbanArea_ID": "56116", "Park_Zip": "38103", "ORIG_FID": 117470}}, {"type": "Feature", "id": 167, "geometry": {"type": "Point", "coordinates": [-90.0430997009775, 35.1440912355907]}, "properties": {"OBJECTID": 167, "ParkID": "4748000-0193", "GISTrkrID": 143, "SourceID": 193, "Park_Name": "Edison", "Park_Designation": "LP", "Park_Owner_Type": "MUNI", "Park_Local_Owner": "MEMPHIS PARKS", "Park_Manager_Type": "MUNI", "Park_Local_Manager": "MEMPHIS PARKS", "Park_Access": 3, "Park_Status": "Open", "Park_Land_Acquisition": 1, "Park_Est_Date": null, "Park_Size_Acres": 1.56679920541921, "Park_Size_SQFT": 68249.773388061, "Park_Size_SQMeters": 6340.61142706197, "Park_Address_1": null, "Park_State": "Tennessee", "Park_State_FIPS": "47", "Park_County": "Shelby County", "Park_County_FIPS": "47157", "Park_Place": "Memphis city", "Park_Place_FIPS": "4748000", "Park_UrbanArea": "Memphis, TN--MS--AR", "Park_UrbanArea_ID": "56116", "Park_Zip": "38103", "ORIG_FID": 117471}}, {"type": "Feature", "id": 168, "geometry": {"type": "Point", "coordinates": [-89.8720472037091, 35.0666885321605]}, "properties": {"OBJECTID": 168, "ParkID": "4748000-0194", "GISTrkrID": 143, "SourceID": 194, "Park_Name": "Fox Meadows", "Park_Designation": "LP", "Park_Owner_Type": "MUNI", "Park_Local_Owner": "MEMPHIS PARKS", "Park_Manager_Type": "MUNI", "Park_Local_Manager": "MEMPHIS PARKS", "Park_Access": 3, "Park_Status": "Open", "Park_Land_Acquisition": 1, "Park_Est_Date": null, "Park_Size_Acres": 157.40493774414062, "Park_Size_SQFT": 6856559, "Park_Size_SQMeters": 636995.1875, "Park_Address_1": null, "Park_State": "Tennessee", "Park_State_FIPS": "47", "Park_County": "Shelby County", "Park_County_FIPS": "47157", "Park_Place": "Memphis city", "Park_Place_FIPS": "4748000", "Park_UrbanArea": "Memphis, TN--MS--AR", "Park_UrbanArea_ID": "56116", "Park_Zip": "38115", "ORIG_FID": 117472}}, {"type": "Feature", "id": 169, "geometry": {"type": "Point", "coordinates": [-89.9359828673945, 35.129381786156]}, "properties": {"OBJECTID": 169, "ParkID": "4748000-0195", "GISTrkrID": 143, "SourceID": 195, "Park_Name": "Galloway", "Park_Designation": "LP", "Park_Owner_Type": "MUNI", "Park_Local_Owner": "MEMPHIS PARKS", "Park_Manager_Type": "MUNI", "Park_Local_Manager": "MEMPHIS PARKS", "Park_Access": 3, "Park_Status": "Open", "Park_Land_Acquisition": 1, "Park_Est_Date": null, "Park_Size_Acres": 103.97454071044922, "Park_Size_SQFT": 4529131, "Park_Size_SQMeters": 420770.03125, "Park_Address_1": null, "Park_State": "Tennessee", "Park_State_FIPS": "47", "Park_County": "Shelby County", "Park_County_FIPS": "47157", "Park_Place": "Memphis city", "Park_Place_FIPS": "4748000", "Park_UrbanArea": "Memphis, TN--MS--AR", "Park_UrbanArea_ID": "56116", "Park_Zip": "38111", "ORIG_FID": 117473}}, {"type": "Feature", "id": 170, "geometry": {"type": "Point", "coordinates": [-90.0513626686666, 35.1399152258027]}, "properties": {"OBJECTID": 170, "ParkID": "4748000-0196", "GISTrkrID": 143, "SourceID": 196, "Park_Name": "Handy", "Park_Designation": "LP", "Park_Owner_Type": "MUNI", "Park_Local_Owner": "MEMPHIS PARKS", "Park_Manager_Type": "MUNI", "Park_Local_Manager": "MEMPHIS PARKS", "Park_Access": 3, "Park_Status": "Open", "Park_Land_Acquisition": 1, "Park_Est_Date": null, "Park_Size_Acres": 0.802371096977261, "Park_Size_SQFT": 34951.2849843295, "Park_Size_SQMeters": 3247.08062695056, "Park_Address_1": "200 Beale St", "Park_State": "Tennessee", "Park_State_FIPS": "47", "Park_County": "Shelby County", "Park_County_FIPS": "47157", "Park_Place": "Memphis city", "Park_Place_FIPS": "4748000", "Park_UrbanArea": "Memphis, TN--MS--AR", "Park_UrbanArea_ID": "56116", "Park_Zip": "38103", "ORIG_FID": 117474}}, {"type": "Feature", "id": 171, "geometry": {"type": "Point", "coordinates": [-89.9743923617021, 35.1788469276178]}, "properties": {"OBJECTID": 171, "ParkID": "4748000-0197", "GISTrkrID": 143, "SourceID": 197, "Park_Name": "Hollywood", "Park_Designation": "LP", "Park_Owner_Type": "MUNI", "Park_Local_Owner": "MEMPHIS PARKS", "Park_Manager_Type": "MUNI", "Park_Local_Manager": "MEMPHIS PARKS", "Park_Access": 3, "Park_Status": "Open", "Park_Land_Acquisition": 1, "Park_Est_Date": null, "Park_Size_Acres": 4.360948085784912, "Park_Size_SQFT": 189962.890625, "Park_Size_SQMeters": 17648.12890625, "Park_Address_1": null, "Park_State": "Tennessee", "Park_State_FIPS": "47", "Park_County": "Shelby County", "Park_County_FIPS": "47157", "Park_Place": "Memphis city", "Park_Place_FIPS": "4748000", "Park_UrbanArea": "Memphis, TN--MS--AR", "Park_UrbanArea_ID": "56116", "Park_Zip": "38108", "ORIG_FID": 117475}}, {"type": "Feature", "id": 172, "geometry": {"type": "Point", "coordinates": [-89.8640197737959, 35.0913155257733]}, "properties": {"OBJECTID": 172, "ParkID": "4748000-0198", "GISTrkrID": 143, "SourceID": 198, "Park_Name": "Lichterman", "Park_Designation": "LP", "Park_Owner_Type": "MUNI", "Park_Local_Owner": "MEMPHIS PARKS", "Park_Manager_Type": "MUNI", "Park_Local_Manager": "MEMPHIS PARKS", "Park_Access": 3, "Park_Status": "Open", "Park_Land_Acquisition": 1, "Park_Est_Date": null, "Park_Size_Acres": 78.3492181494082, "Park_Size_SQFT": 3412891.94258822, "Park_Size_SQMeters": 317068.036657951, "Park_Address_1": "5992 Quince Rd", "Park_State": "Tennessee", "Park_State_FIPS": "47", "Park_County": "Shelby County", "Park_County_FIPS": "47157", "Park_Place": "Memphis city", "Park_Place_FIPS": "4748000", "Park_UrbanArea": "Memphis, TN--MS--AR", "Park_UrbanArea_ID": "56116", "Park_Zip": "38119", "ORIG_FID": 117476}}, {"type": "Feature", "id": 173, "geometry": {"type": "Point", "coordinates": [-90.0482393929989, 35.1475717056504]}, "properties": {"OBJECTID": 173, "ParkID": "4748000-0199", "GISTrkrID": 143, "SourceID": 199, "Park_Name": "Magevny", "Park_Designation": "LP", "Park_Owner_Type": "MUNI", "Park_Local_Owner": "MEMPHIS PARKS", "Park_Manager_Type": "MUNI", "Park_Local_Manager": "MEMPHIS PARKS", "Park_Access": 3, "Park_Status": "Open", "Park_Land_Acquisition": 1, "Park_Est_Date": null, "Park_Size_Acres": 0.246512262099317, "Park_Size_SQFT": 10738.0741370462, "Park_Size_SQMeters": 997.599731076972, "Park_Address_1": null, "Park_State": "Tennessee", "Park_State_FIPS": "47", "Park_County": "Shelby County", "Park_County_FIPS": "47157", "Park_Place": "Memphis city", "Park_Place_FIPS": "4748000", "Park_UrbanArea": "Memphis, TN--MS--AR", "Park_UrbanArea_ID": "56116", "Park_Zip": "38103", "ORIG_FID": 117477}}, {"type": "Feature", "id": 174, "geometry": {"type": "Point", "coordinates": [-90.0603913657017, 35.1104598982936]}, "properties": {"OBJECTID": 174, "ParkID": "4748000-0200", "GISTrkrID": 143, "SourceID": 200, "Park_Name": "McNeil", "Park_Designation": "LP", "Park_Owner_Type": "MUNI", "Park_Local_Owner": "MEMPHIS PARKS", "Park_Manager_Type": "MUNI", "Park_Local_Manager": "MEMPHIS PARKS", "Park_Access": 3, "Park_Status": "Open", "Park_Land_Acquisition": 1, "Park_Est_Date": null, "Park_Size_Acres": 0.985535778201022, "Park_Size_SQFT": 42929.9384984365, "Park_Size_SQMeters": 3988.32179351779, "Park_Address_1": "1363 S Main St", "Park_State": "Tennessee", "Park_State_FIPS": "47", "Park_County": "Shelby County", "Park_County_FIPS": "47157", "Park_Place": "Memphis city", "Park_Place_FIPS": "4748000", "Park_UrbanArea": "Memphis, TN--MS--AR", "Park_UrbanArea_ID": "56116", "Park_Zip": "38106", "ORIG_FID": 117478}}, {"type": "Feature", "id": 175, "geometry": {"type": "Point", "coordinates": [-90.0531531085551, 35.1488421977537]}, "properties": {"OBJECTID": 175, "ParkID": "4748000-0201", "GISTrkrID": 143, "SourceID": 201, "Park_Name": "Mud Island", "Park_Designation": "LP", "Park_Owner_Type": "PRIV", "Park_Local_Owner": "ALBERTSON PROPERTY LLC", "Park_Manager_Type": "PRIV", "Park_Local_Manager": "ALBERTSON PROPERTY LLC", "Park_Access": 3, "Park_Status": "Open", "Park_Land_Acquisition": 1, "Park_Est_Date": null, "Park_Size_Acres": 0.73403191947456, "Park_Size_SQFT": 31974.4304123118, "Park_Size_SQMeters": 2970.52178757222, "Park_Address_1": "Adams Ave & N Front St", "Park_State": "Tennessee", "Park_State_FIPS": "47", "Park_County": "Shelby County", "Park_County_FIPS": "47157", "Park_Place": "Memphis city", "Park_Place_FIPS": "4748000", "Park_UrbanArea": "Memphis, TN--MS--AR", "Park_UrbanArea_ID": "56116", "Park_Zip": "38103", "ORIG_FID": 117479}}, {"type": "Feature", "id": 176, "geometry": {"type": "Point", "coordinates": [-90.0562002182089, 35.1330920198195]}, "properties": {"OBJECTID": 176, "ParkID": "4748000-0202", "GISTrkrID": 143, "SourceID": 202, "Park_Name": "Navy Park", "Park_Designation": "LP", "Park_Owner_Type": "MUNI", "Park_Local_Owner": "MEMPHIS PARKS", "Park_Manager_Type": "MUNI", "Park_Local_Manager": "MEMPHIS PARKS", "Park_Access": 3, "Park_Status": "Open", "Park_Land_Acquisition": 1, "Park_Est_Date": null, "Park_Size_Acres": 0.418108979234818, "Park_Size_SQFT": 18212.8271354687, "Park_Size_SQMeters": 1692.02700787953, "Park_Address_1": "S 2nd St", "Park_State": "Tennessee", "Park_State_FIPS": "47", "Park_County": "Shelby County", "Park_County_FIPS": "47157", "Park_Place": "Memphis city", "Park_Place_FIPS": "4748000", "Park_UrbanArea": "Memphis, TN--MS--AR", "Park_UrbanArea_ID": "56116", "Park_Zip": "38103", "ORIG_FID": 117480}}, {"type": "Feature", "id": 177, "geometry": {"type": "Point", "coordinates": [-89.959812750262, 35.1250258475918]}, "properties": {"OBJECTID": 177, "ParkID": "4748000-0203", "GISTrkrID": 143, "SourceID": 203, "Park_Name": "Pink Palace", "Park_Designation": "LP", "Park_Owner_Type": "MUNI", "Park_Local_Owner": "MEMPHIS PARKS", "Park_Manager_Type": "MUNI", "Park_Local_Manager": "MEMPHIS PARKS", "Park_Access": 3, "Park_Status": "Open", "Park_Land_Acquisition": 1, "Park_Est_Date": null, "Park_Size_Acres": 14.364114761352539, "Park_Size_SQFT": 625700.8125, "Park_Size_SQMeters": 58129.5078125, "Park_Address_1": null, "Park_State": "Tennessee", "Park_State_FIPS": "47", "Park_County": "Shelby County", "Park_County_FIPS": "47157", "Park_Place": "Memphis city", "Park_Place_FIPS": "4748000", "Park_UrbanArea": "Memphis, TN--MS--AR", "Park_UrbanArea_ID": "56116", "Park_Zip": "38111", "ORIG_FID": 117481}}, {"type": "Feature", "id": 178, "geometry": {"type": "Point", "coordinates": [-89.9444524587497, 35.1281478145064]}, "properties": {"OBJECTID": 178, "ParkID": "4748000-0204", "GISTrkrID": 143, "SourceID": 204, "Park_Name": "Poplar @ Highland", "Park_Designation": "LP", "Park_Owner_Type": "MUNI", "Park_Local_Owner": "MEMPHIS PARKS", "Park_Manager_Type": "MUNI", "Park_Local_Manager": "MEMPHIS PARKS", "Park_Access": 3, "Park_Status": "Open", "Park_Land_Acquisition": 1, "Park_Est_Date": null, "Park_Size_Acres": 2.46426832081243, "Park_Size_SQFT": 107343.528054589, "Park_Size_SQMeters": 9972.54008059663, "Park_Address_1": null, "Park_State": "Tennessee", "Park_State_FIPS": "47", "Park_County": "Shelby County", "Park_County_FIPS": "47157", "Park_Place": "Memphis city", "Park_Place_FIPS": "4748000", "Park_UrbanArea": "Memphis, TN--MS--AR", "Park_UrbanArea_ID": "56116", "Park_Zip": "38111", "ORIG_FID": 117482}}, {"type": "Feature", "id": 179, "geometry": {"type": "Point", "coordinates": [-89.8689812733431, 35.0337761020461]}, "properties": {"OBJECTID": 179, "ParkID": "4748000-0205", "GISTrkrID": 143, "SourceID": 205, "Park_Name": "Raines Road", "Park_Designation": "LP", "Park_Owner_Type": "MUNI", "Park_Local_Owner": "MEMPHIS PARKS", "Park_Manager_Type": "MUNI", "Park_Local_Manager": "MEMPHIS PARKS", "Park_Access": 3, "Park_Status": "Open", "Park_Land_Acquisition": 1, "Park_Est_Date": null, "Park_Size_Acres": 19.85643768310547, "Park_Size_SQFT": 864946.4375, "Park_Size_SQMeters": 80356.15625, "Park_Address_1": null, "Park_State": "Tennessee", "Park_State_FIPS": "47", "Park_County": "Shelby County", "Park_County_FIPS": "47157", "Park_Place": "Memphis city", "Park_Place_FIPS": "4748000", "Park_UrbanArea": "Memphis, TN--MS--AR", "Park_UrbanArea_ID": "56116", "Park_Zip": "38141", "ORIG_FID": 117483}}, {"type": "Feature", "id": 180, "geometry": {"type": "Point", "coordinates": [-90.059617054719, 35.1390412536157]}, "properties": {"OBJECTID": 180, "ParkID": "4748000-0206", "GISTrkrID": 143, "SourceID": 206, "Park_Name": "Vance", "Park_Designation": "LP", "Park_Owner_Type": "MUNI", "Park_Local_Owner": "MEMPHIS PARKS", "Park_Manager_Type": "MUNI", "Park_Local_Manager": "MEMPHIS PARKS", "Park_Access": 3, "Park_Status": "Open", "Park_Land_Acquisition": 1, "Park_Est_Date": null, "Park_Size_Acres": 0.9515711665153503, "Park_Size_SQFT": 41450.44140625, "Park_Size_SQMeters": 3850.8720703125, "Park_Address_1": null, "Park_State": "Tennessee", "Park_State_FIPS": "47", "Park_County": "Shelby County", "Park_County_FIPS": "47157", "Park_Place": "Memphis city", "Park_Place_FIPS": "4748000", "Park_UrbanArea": "Memphis, TN--MS--AR", "Park_UrbanArea_ID": "56116", "Park_Zip": "38103", "ORIG_FID": 117484}}, {"type": "Feature", "id": 181, "geometry": {"type": "Point", "coordinates": [-89.9569961344366, 35.0051071355502]}, "properties": {"OBJECTID": 181, "ParkID": "4748000-0207", "GISTrkrID": 143, "SourceID": 208, "Park_Name": "Zodiac", "Park_Designation": "LP", "Park_Owner_Type": "MUNI", "Park_Local_Owner": "MEMPHIS PARKS", "Park_Manager_Type": "MUNI", "Park_Local_Manager": "MEMPHIS PARKS", "Park_Access": 3, "Park_Status": "Open", "Park_Land_Acquisition": 1, "Park_Est_Date": null, "Park_Size_Acres": 22.7167597224455, "Park_Size_SQFT": 989542.053509725, "Park_Size_SQMeters": 91931.4649788962, "Park_Address_1": null, "Park_State": "Tennessee", "Park_State_FIPS": "47", "Park_County": "Shelby County", "Park_County_FIPS": "47157", "Park_Place": "Memphis city", "Park_Place_FIPS": "4748000", "Park_UrbanArea": "Memphis, TN--MS--AR", "Park_UrbanArea_ID": "56116", "Park_Zip": "38118", "ORIG_FID": 117485}}, {"type": "Feature", "id": 182, "geometry": {"type": "Point", "coordinates": [-89.9807803847058, 35.1811821210864]}, "properties": {"OBJECTID": 182, "ParkID": "4748000-0208", "GISTrkrID": 143, "SourceID": 209, "Park_Name": "Shannon", "Park_Designation": "LP", "Park_Owner_Type": "SCHOOL_K12", "Park_Local_Owner": "MEMPHIS-SHELBY COUNTY SCHOOLS", "Park_Manager_Type": "SCHOOL_K12", "Park_Local_Manager": "MEMPHIS-SHELBY COUNTY SCHOOLS", "Park_Access": 3, "Park_Status": "Open", "Park_Land_Acquisition": 1, "Park_Est_Date": null, "Park_Size_Acres": 1.2229480743408203, "Park_Size_SQFT": 53271.6171875, "Park_Size_SQMeters": 4949.09521484375, "Park_Address_1": null, "Park_State": "Tennessee", "Park_State_FIPS": "47", "Park_County": "Shelby County", "Park_County_FIPS": "47157", "Park_Place": "Memphis city", "Park_Place_FIPS": "4748000", "Park_UrbanArea": "Memphis, TN--MS--AR", "Park_UrbanArea_ID": "56116", "Park_Zip": "38108", "ORIG_FID": 117486}}, {"type": "Feature", "id": 183, "geometry": {"type": "Point", "coordinates": [-90.0399387734762, 35.0110074514584]}, "properties": {"OBJECTID": 183, "ParkID": "4748000-0209", "GISTrkrID": 143, "SourceID": 207, "Park_Name": "Whitehaven Golf", "Park_Designation": "LREC", "Park_Owner_Type": "MUNI", "Park_Local_Owner": "MEMPHIS PARKS", "Park_Manager_Type": "MUNI", "Park_Local_Manager": "MEMPHIS PARKS", "Park_Access": 3, "Park_Status": "Open", "Park_Land_Acquisition": 1, "Park_Est_Date": null, "Park_Size_Acres": 106.39984894, "Park_Size_SQFT": 4634777.5, "Park_Size_SQMeters": 430584.9375, "Park_Address_1": "750 East Holmes Road", "Park_State": "Tennessee", "Park_State_FIPS": "47", "Park_County": "Shelby County", "Park_County_FIPS": "47157", "Park_Place": "Memphis city", "Park_Place_FIPS": "4748000", "Park_UrbanArea": "Memphis, TN--MS--AR", "Park_UrbanArea_ID": "56116", "Park_Zip": "38109", "ORIG_FID": 118037}}, {"type": "Feature", "id": 184, "geometry": {"type": "Point", "coordinates": [-89.9100838856064, 35.1138025780132]}, "properties": {"OBJECTID": 184, "ParkID": "4748000-0210", "GISTrkrID": null, "SourceID": null, "Park_Name": "Cancer Survivors Park", "Park_Designation": "LP", "Park_Owner_Type": "MUNI", "Park_Local_Owner": "MEMPHIS PARKS", "Park_Manager_Type": "MUNI", "Park_Local_Manager": "MEMPHIS PARKS", "Park_Access": 3, "Park_Status": "Open", "Park_Land_Acquisition": null, "Park_Est_Date": null, "Park_Size_Acres": 13.4324278172812, "Park_Size_SQFT": 585116.555720767, "Park_Size_SQMeters": 54359.1067807887, "Park_Address_1": "701 Perkins Exd", "Park_State": "Tennessee", "Park_State_FIPS": "47", "Park_County": "Shelby County", "Park_County_FIPS": "47157", "Park_Place": "Memphis city", "Park_Place_FIPS": "4748000", "Park_UrbanArea": "Memphis, TN--MS--AR", "Park_UrbanArea_ID": "56116", "Park_Zip": "38117", "ORIG_FID": 122430}}, {"type": "Feature", "id": 185, "geometry": {"type": "Point", "coordinates": [-89.9106291773753, 35.2272970076389]}, "properties": {"OBJECTID": 185, "ParkID": "4748000-0211", "GISTrkrID": null, "SourceID": null, "Park_Name": "Pierotti Park", "Park_Designation": "LP", "Park_Owner_Type": "MUNI", "Park_Local_Owner": "MEMPHIS PARKS", "Park_Manager_Type": "MUNI", "Park_Local_Manager": "MEMPHIS PARKS", "Park_Access": 3, "Park_Status": "Open", "Park_Land_Acquisition": 1, "Park_Est_Date": null, "Park_Size_Acres": 25.0025970978839, "Park_Size_SQFT": 1089113.12958382, "Park_Size_SQMeters": 101181.920642251, "Park_Address_1": null, "Park_State": "Tennessee", "Park_State_FIPS": "47", "Park_County": "Shelby County", "Park_County_FIPS": "47157", "Park_Place": "Memphis city", "Park_Place_FIPS": "4748000", "Park_UrbanArea": "Memphis, TN--MS--AR", "Park_UrbanArea_ID": "56116", "Park_Zip": "38128", "ORIG_FID": 122799}}, {"type": "Feature", "id": 186, "geometry": {"type": "Point", "coordinates": [-89.9883932059473, 35.1459341104789]}, "properties": {"OBJECTID": 186, "ParkID": "4748000-0214", "GISTrkrID": null, "SourceID": null, "Park_Name": "Overton Park", "Park_Designation": "LP", "Park_Owner_Type": "MUNI", "Park_Local_Owner": "MEMPHIS PARKS", "Park_Manager_Type": "MUNI", "Park_Local_Manager": "MEMPHIS PARKS", "Park_Access": 3, "Park_Status": "Open", "Park_Land_Acquisition": 1, "Park_Est_Date": null, "Park_Size_Acres": 238.017182271738, "Park_Size_SQFT": 10368028.4597569, "Park_Size_SQMeters": 963221.362717936, "Park_Address_1": " ", "Park_State": "Tennessee", "Park_State_FIPS": "47", "Park_County": "Shelby County", "Park_County_FIPS": "47157", "Park_Place": "Memphis city", "Park_Place_FIPS": "4748000", "Park_UrbanArea": "Memphis, TN--MS--AR", "Park_UrbanArea_ID": "56116", "Park_Zip": "38112", "ORIG_FID": 125524}}, {"type": "Feature", "id": 187, "geometry": {"type": "Point", "coordinates": [-89.9866751860901, 35.1954124309282]}, "properties": {"OBJECTID": 187, "ParkID": "4748000-0216", "GISTrkrID": null, "SourceID": null, "Park_Name": "Rodney Baber Park", "Park_Designation": "LREC", "Park_Owner_Type": "MUNI", "Park_Local_Owner": "MEMPHIS PARKS", "Park_Manager_Type": "MUNI", "Park_Local_Manager": "MEMPHIS PARKS", "Park_Access": 3, "Park_Status": "Open", "Park_Land_Acquisition": 1, "Park_Est_Date": null, "Park_Size_Acres": 163.92690967626, "Park_Size_SQFT": 7140656.18549788, "Park_Size_SQMeters": 663388.667227557, "Park_Address_1": "2215 James Rd ", "Park_State": "Tennessee", "Park_State_FIPS": "47", "Park_County": "Shelby County", "Park_County_FIPS": "47157", "Park_Place": "Memphis city", "Park_Place_FIPS": "4748000", "Park_UrbanArea": "Memphis, TN--MS--AR", "Park_UrbanArea_ID": "56116", "Park_Zip": "38127", "ORIG_FID": 125525}}, {"type": "Feature", "id": 188, "geometry": {"type": "Point", "coordinates": [-89.938746698715, 35.1957175203865]}, "properties": {"OBJECTID": 188, "ParkID": "4748000-0212", "GISTrkrID": null, "SourceID": null, "Park_Name": "Epping Corridor", "Park_Designation": "LCA", "Park_Owner_Type": "NONPROFIT", "Park_Local_Owner": "WOLF RIVER CONSERVANCY", "Park_Manager_Type": "NONPROFIT", "Park_Local_Manager": "WOLF RIVER CONSERVANCY", "Park_Access": 3, "Park_Status": "Open", "Park_Land_Acquisition": 1, "Park_Est_Date": null, "Park_Size_Acres": 124.536285707922, "Park_Size_SQFT": 5424800.60543708, "Park_Size_SQMeters": 503980.467638945, "Park_Address_1": null, "Park_State": "Tennessee", "Park_State_FIPS": "47", "Park_County": "Shelby County", "Park_County_FIPS": "47157", "Park_Place": "Memphis city", "Park_Place_FIPS": "4748000", "Park_UrbanArea": "Memphis, TN--MS--AR", "Park_UrbanArea_ID": "56116", "Park_Zip": "38128", "ORIG_FID": 125526}}, {"type": "Feature", "id": 189, "geometry": {"type": "Point", "coordinates": [-90.052710462406, 35.1844796350118]}, "properties": {"OBJECTID": 189, "ParkID": "4748000-0215", "GISTrkrID": null, "SourceID": null, "Park_Name": "Gerber Property", "Park_Designation": "LCA", "Park_Owner_Type": "NONPROFIT", "Park_Local_Owner": "WOLF RIVER CONSERVANCY", "Park_Manager_Type": "NONPROFIT", "Park_Local_Manager": "WOLF RIVER CONSERVANCY", "Park_Access": 3, "Park_Status": "Open", "Park_Land_Acquisition": 1, "Park_Est_Date": null, "Park_Size_Acres": 84.202789686411, "Park_Size_SQFT": 3667873.51874006, "Park_Size_SQMeters": 340756.600226449, "Park_Address_1": null, "Park_State": "Tennessee", "Park_State_FIPS": "47", "Park_County": "Shelby County", "Park_County_FIPS": "47157", "Park_Place": "Memphis city", "Park_Place_FIPS": "4748000", "Park_UrbanArea": "Memphis, TN--MS--AR", "Park_UrbanArea_ID": "56116", "Park_Zip": "38107", "ORIG_FID": 125527}}, {"type": "Feature", "id": 190, "geometry": {"type": "Point", "coordinates": [-89.8120725606516, 35.1506453323841]}, "properties": {"OBJECTID": 190, "ParkID": "4748000-0213", "GISTrkrID": null, "SourceID": null, "Park_Name": "Shelby Farms Greenline Extension", "Park_Designation": "LP", "Park_Owner_Type": "NONPROFIT", "Park_Local_Owner": "SHELBY COUNTY DEPARTMENT OF PUBLIC WORKS (SHELBY FARMS)", "Park_Manager_Type": "NONPROFIT", "Park_Local_Manager": "SHELBY COUNTY DEPARTMENT OF PUBLIC WORKS (SHELBY FARMS)", "Park_Access": 3, "Park_Status": "Open", "Park_Land_Acquisition": 1, "Park_Est_Date": null, "Park_Size_Acres": null, "Park_Size_SQFT": null, "Park_Size_SQMeters": null, "Park_Address_1": null, "Park_State": "Tennessee", "Park_State_FIPS": "47", "Park_County": "Shelby County", "Park_County_FIPS": "47157", "Park_Place": "Memphis city", "Park_Place_FIPS": "4748000", "Park_UrbanArea": "Memphis, TN--MS--AR", "Park_UrbanArea_ID": "56116", "Park_Zip": "38018", "ORIG_FID": 125528}}, {"type": "Feature", "id": 191, "geometry": {"type": "Point", "coordinates": [-90.0316041988644, 35.1063933851605]}, "properties": {"OBJECTID": 191, "ParkID": "4748000-0217", "GISTrkrID": null, "SourceID": null, "Park_Name": "Renaissance Pocket Park", "Park_Designation": "PPRK", "Park_Owner_Type": "NONPROFIT", "Park_Local_Owner": "THE WORKS", "Park_Manager_Type": "NONPROFIT", "Park_Local_Manager": "THE WORKS", "Park_Access": 3, "Park_Status": "Open", "Park_Land_Acquisition": 1, "Park_Est_Date": null, "Park_Size_Acres": 0.863893502971991, "Park_Size_SQFT": 37631.2009894599, "Park_Size_SQMeters": 3496.05297077183, "Park_Address_1": "1467 Mississippi Blvd", "Park_State": "Tennessee", "Park_State_FIPS": "47", "Park_County": "Shelby County", "Park_County_FIPS": "47157", "Park_Place": "Memphis city", "Park_Place_FIPS": "4748000", "Park_UrbanArea": "Memphis, TN--MS--AR", "Park_UrbanArea_ID": "56116", "Park_Zip": "38106", "ORIG_FID": 128408}}, {"type": "Feature", "id": 192, "geometry": {"type": "Point", "coordinates": [-90.0130249513712, 35.2148975058265]}, "properties": {"OBJECTID": 192, "ParkID": "4748000-0218", "GISTrkrID": null, "SourceID": null, "Park_Name": "Frayser School Park", "Park_Designation": "LP", "Park_Owner_Type": "SPECIAL_DISTRICT", "Park_Local_Owner": "Brd of Education Memphis", "Park_Manager_Type": "MUNI", "Park_Local_Manager": "City of Memphis", "Park_Access": 3, "Park_Status": "Open", "Park_Land_Acquisition": 1, "Park_Est_Date": null, "Park_Size_Acres": 13.7159455079347, "Park_Size_SQFT": 597466.586325634, "Park_Size_SQMeters": 55506.4621680738, "Park_Address_1": "Steele St", "Park_State": "Tennessee", "Park_State_FIPS": "47", "Park_County": "Shelby County", "Park_County_FIPS": "47157", "Park_Place": "Memphis city", "Park_Place_FIPS": "4748000", "Park_UrbanArea": "Memphis, TN--MS--AR", "Park_UrbanArea_ID": "56116", "Park_Zip": "38127", "ORIG_FID": 135711}}, {"type": "Feature", "id": 193, "geometry": {"type": "Point", "coordinates": [-90.006094095304, 35.2054924208838]}, "properties": {"OBJECTID": 193, "ParkID": "4748000-0219", "GISTrkrID": null, "SourceID": null, "Park_Name": "Frayser Park", "Park_Designation": "LP", "Park_Owner_Type": "MUNI", "Park_Local_Owner": "MEMPHIS PARKS", "Park_Manager_Type": "MUNI", "Park_Local_Manager": "MEMPHIS PARKS", "Park_Access": 3, "Park_Status": "Open", "Park_Land_Acquisition": 1, "Park_Est_Date": null, "Park_Size_Acres": 38.3568391860903, "Park_Size_SQFT": 1670823.9149461, "Park_Size_SQMeters": 155224.621003194, "Park_Address_1": "N Watkins St", "Park_State": "Tennessee", "Park_State_FIPS": "47", "Park_County": "Shelby County", "Park_County_FIPS": "47157", "Park_Place": "Memphis city", "Park_Place_FIPS": "4748000", "Park_UrbanArea": "Memphis, TN--MS--AR", "Park_UrbanArea_ID": "56116", "Park_Zip": "38127", "ORIG_FID": 135712}}]}