{"type": "FeatureCollection", "features": [{"type": "Feature", "id": 6, "geometry": {"type": "Point", "coordinates": [-89.7966751685762, 35.3735754529756]}, "properties": {"Record_ID": "RES-ALT-21-000783", "Issued_Date": 1624424400000, "Sub_Type": "Residential", "Construction_Type": "Alteration", "Valuation": 13733.89, "Address": "7921 MUDVILLE RD", "City": "MILLINGTON", "Description": "Vinyl Siding Installation", "ZIP_Code": null, "State": "TN", "Latitude": 35.37357545297563, "Longitude": -89.79667516857623, "ObjectId": 6, "GlobalID": "f9ff3e4e-8b43-4ddf-b450-2d6a2ad5cfb9"}}, {"type": "Feature", "id": 15, "geometry": {"type": "Point", "coordinates": [-89.8392856752536, 35.0934865099591]}, "properties": {"Record_ID": "RES-ADD-21-000645", "Issued_Date": 1653022800000, "Sub_Type": "RES", "Construction_Type": "ADD", "Valuation": 15000, "Address": "6725 RIVER BIRCH RD", "City": "MEMPHIS", "Description": "Erect 2 story addition; 25sq ft of heated/cooled new footage", "ZIP_Code": "38119", "State": "TN", "Latitude": 35.09348650995908, "Longitude": -89.8392856752536, "ObjectId": 15, "GlobalID": "b501de2d-9508-4ba4-ae0b-1ee1cc9b2161"}}, {"type": "Feature", "id": 45, "geometry": {"type": "Point", "coordinates": [-89.8903111441134, 35.3514624614985]}, "properties": {"Record_ID": "RES-NEW-21-000034", "Issued_Date": 1611727200000, "Sub_Type": "Residential", "Construction_Type": "New", "Valuation": 202900, "Address": "5182 SHELLBACK DR", "City": "MILLINGTON", "Description": "SFR W/ DOUBLE CAR GARAGE", "ZIP_Code": null, "State": "TN", "Latitude": 35.351462461498514, "Longitude": -89.89031114411337, "ObjectId": 45, "GlobalID": "efda916b-9ad9-411a-aa92-bfb0a4b5d2c1"}}, {"type": "Feature", "id": 76, "geometry": {"type": "Point", "coordinates": [0, 0]}, "properties": {"Record_ID": "RES-NEW-21-000214", "Issued_Date": 1618808400000, "Sub_Type": "Residential", "Construction_Type": "New", "Valuation": 550000, "Address": "4766 KING EVERETT CV", "City": "ARLINGTON", "Description": "NEW SINGLE FAMILY RESIDENCE W/ATTACHED 3 CAR GARAGE", "ZIP_Code": null, "State": "TN", "Latitude": 0, "Longitude": 0, "ObjectId": 76, "GlobalID": "f6d0f9ae-9d43-4866-ad28-e048f294c003"}}, {"type": "Feature", "id": 82, "geometry": {"type": "Point", "coordinates": [-89.9026456422978, 35.3274504667579]}, "properties": {"Record_ID": "RES-NEW-22-000365", "Issued_Date": 1653368400000, "Sub_Type": "RES", "Construction_Type": "NEW", "Valuation": 250000, "Address": "4787 BARRETT OAKS DR", "City": "MILLINGTON", "Description": "SFR w/ 2 car garage, 4 bd, 2 ba, lot 45 in Barrett Oaks Subdivision", "ZIP_Code": "38053", "State": "TN", "Latitude": 35.327450466757895, "Longitude": -89.90264564229781, "ObjectId": 82, "GlobalID": "d18fb985-7435-4383-aa2b-8aa1fdf7e7ec"}}, {"type": "Feature", "id": 99, "geometry": {"type": "Point", "coordinates": [-89.859819169069, 35.1011995093442]}, "properties": {"Record_ID": "COM-ALT-22-000217", "Issued_Date": 1652158800000, "Sub_Type": "COM", "Construction_Type": "ALT", "Valuation": 2480061, "Address": "6075 POPLAR AVE", "City": "MEMPHIS", "Description": "Renovation of office space", "ZIP_Code": "38119", "State": "TN", "Latitude": 35.101199509344234, "Longitude": -89.85981916906901, "ObjectId": 99, "GlobalID": "da71458c-26a7-464b-8936-a86be3e8c736"}}, {"type": "Feature", "id": 104, "geometry": {"type": "Point", "coordinates": [-89.7114542034139, 35.2040064825222]}, "properties": {"Record_ID": "COM-ACC-21-000070", "Issued_Date": 1632114000000, "Sub_Type": "COM", "Construction_Type": "ACC", "Valuation": 97000, "Address": "10425 US HIGHWAY 64", "City": "ARLINGTON", "Description": "50' X 150' MORTAR STORAGE BARN WITH 2-10'x 12' DOORS. NO ELEC OR PLUM. 6 x 6 POST 10' O.C. WITH METAL TRUSS ROOF 2x 6 PURLINS AND CORIGATED METAL SIDES AND ROOF.", "ZIP_Code": "38002", "State": "TN", "Latitude": 35.2040064825222, "Longitude": -89.71145420341391, "ObjectId": 104, "GlobalID": "44ebdd89-a865-4f14-a985-d302ebc96f1a"}}, {"type": "Feature", "id": 126, "geometry": {"type": "Point", "coordinates": [-89.8944016661189, 34.9996795309015]}, "properties": {"Record_ID": "COM-ALT-21-000468", "Issued_Date": 1622091600000, "Sub_Type": "Commercial", "Construction_Type": "Alteration", "Valuation": 60265, "Address": "5050 E HOLMES RD", "City": "MEMPHIS", "Description": "ADDITIONAL RACKING IN CURRENT WAREHOUSE DESIGN", "ZIP_Code": null, "State": "TN", "Latitude": 34.99967953090146, "Longitude": -89.8944016661189, "ObjectId": 126, "GlobalID": "be90e62c-6ba2-475b-85c8-3b054a76343c"}}, {"type": "Feature", "id": 179, "geometry": {"type": "Point", "coordinates": [-90.0540571127687, 35.1410875100909]}, "properties": {"Record_ID": "COM-ALT-22-000354", "Issued_Date": 1651640400000, "Sub_Type": "COM", "Construction_Type": "ALT", "Valuation": 826862.94, "Address": "100 PEABODY PL", "City": "MEMPHIS", "Description": "Greater Memphis Chamber is planning to relocate their offices to existing office space located on the 10th floor at 100 Peabody Place Office Tower.  Most private offices will remain with demolition for a new reception, board room, and open office areas.  The space will receive new finishes and lighting.", "ZIP_Code": "38103", "State": "TN", "Latitude": 35.141087510090856, "Longitude": -90.05405711276866, "ObjectId": 179, "GlobalID": "6ce20a45-b764-48d7-bc99-1a1433d15a7e"}}, {"type": "Feature", "id": 194, "geometry": {"type": "Point", "coordinates": [-89.8757176648679, 35.0981935106388]}, "properties": {"Record_ID": "RES-ALT-21-001138", "Issued_Date": 1631250000000, "Sub_Type": "RES", "Construction_Type": "ALT", "Valuation": 145000, "Address": "1166 E CRESTWOOD DR", "City": "MEMPHIS", "Description": "Remodel existing kitchen and laundry room", "ZIP_Code": "38119", "State": "TN", "Latitude": 35.098193510638836, "Longitude": -89.87571766486789, "ObjectId": 194, "GlobalID": "304582c3-e387-45d7-8042-a2f72a83140b"}}, {"type": "Feature", "id": 251, "geometry": {"type": "Point", "coordinates": [-89.6851292057541, 35.27929146653]}, "properties": {"Record_ID": "RES-NEW-21-000169", "Issued_Date": 1616562000000, "Sub_Type": "Residential", "Construction_Type": "New", "Valuation": 300880, "Address": "5632 DRAPER TRL", "City": "ARLINGTON", "Description": "CONSTRUCT NEW SFR W/ ATTACHED  GARAGE", "ZIP_Code": null, "State": "TN", "Latitude": 35.27929146652998, "Longitude": -89.68512920575407, "ObjectId": 251, "GlobalID": "98193fb9-e47a-4504-a0af-8c2b12cd15d5"}}, {"type": "Feature", "id": 259, "geometry": {"type": "Point", "coordinates": [-89.9311036394024, 35.2524264827496]}, "properties": {"Record_ID": "RES-NEW-21-000009", "Issued_Date": 1612936800000, "Sub_Type": "Residential", "Construction_Type": "New", "Valuation": 150000, "Address": "3967 LINDA SUE CV", "City": "MEMPHIS", "Description": "NEW SFR W/ATTACHED DBL GARAGE", "ZIP_Code": null, "State": "TN", "Latitude": 35.25242648274963, "Longitude": -89.93110363940244, "ObjectId": 259, "GlobalID": "57592583-dbee-47dc-bebf-4477ac5d09ac"}}, {"type": "Feature", "id": 310, "geometry": {"type": "Point", "coordinates": [-89.8092526899236, 34.9956925279504]}, "properties": {"Record_ID": "RES-NEW-21-000477", "Issued_Date": 1627275600000, "Sub_Type": "RES", "Construction_Type": "NEW", "Valuation": 286032, "Address": "7639 MEADOWBRIAR CV", "City": "MEMPHIS", "Description": "SFR W/ DOUBLE GARAGE", "ZIP_Code": "38125", "State": "TN", "Latitude": 34.99569252795038, "Longitude": -89.80925268992364, "ObjectId": 310, "GlobalID": "d5051412-635b-49a7-99f1-98a4f671c465"}}, {"type": "Feature", "id": 311, "geometry": {"type": "Point", "coordinates": [-89.7629566996173, 35.0437525164175]}, "properties": {"Record_ID": "COM-ACC-21-000064", "Issued_Date": 1629781200000, "Sub_Type": "COM", "Construction_Type": "ACC", "Valuation": 190000, "Address": "8993 SCANLON DR", "City": "MEMPHIS", "Description": "GUNITE POOL", "ZIP_Code": "38125", "State": "TN", "Latitude": 35.04375251641751, "Longitude": -89.76295669961732, "ObjectId": 311, "GlobalID": "9d7c3f3a-9b6b-4bae-8d1b-1783b9182885"}}, {"type": "Feature", "id": 315, "geometry": {"type": "Point", "coordinates": [-89.9360446484254, 35.0945575140203]}, "properties": {"Record_ID": "RES-ALT-22-000601", "Issued_Date": 1652158800000, "Sub_Type": "RES", "Construction_Type": "ALT", "Valuation": 8921, "Address": "3792 PHILSDALE AVE", "City": "MEMPHIS", "Description": "INSTALL REPLACEMENT WINDOWS. SAME SIZE AND TYPE.", "ZIP_Code": "38111", "State": "TN", "Latitude": 35.09455751402029, "Longitude": -89.93604464842544, "ObjectId": 315, "GlobalID": "dfdf2c5f-a19e-4c4d-bc43-b45e10a5f808"}}, {"type": "Feature", "id": 323, "geometry": {"type": "Point", "coordinates": [-90.0162346292422, 35.0490985265195]}, "properties": {"Record_ID": "RES-ADD-21-000383", "Issued_Date": 1631768400000, "Sub_Type": "RES", "Construction_Type": "ADD", "Valuation": 45000, "Address": "3605 HUCKLEBERRY ST", "City": "MEMPHIS", "Description": "Installing new addition, drawings are attached that owner has provided.", "ZIP_Code": "38116", "State": "TN", "Latitude": 35.04909852651946, "Longitude": -90.0162346292422, "ObjectId": 323, "GlobalID": "ab0e6f55-d02f-499c-a7dc-61fbbb45a50c"}}, {"type": "Feature", "id": 334, "geometry": {"type": "Point", "coordinates": [-89.6571662125817, 35.2933494625218]}, "properties": {"Record_ID": "RES-ADD-20-000226", "Issued_Date": 1610431200000, "Sub_Type": "Residential", "Construction_Type": "ADD", "Valuation": 14500, "Address": "12172 OSBORNE GROVE DR", "City": "ARLINGTON", "Description": "FINISHING AN OFFICE / BEDROOM ABOVE THE GARAGE   FRAMING KNEE WALL AND CLOSET   RUNNING ELECTRICAL AND TIE INTO EXISTING HVAC  LAY CARPET AND FINISH WITH SHEET ROCK.", "ZIP_Code": null, "State": "TN", "Latitude": 35.29334946252184, "Longitude": -89.65716621258174, "ObjectId": 334, "GlobalID": "8e1d882b-91dd-4927-a4f2-01aaf8ad4a48"}}, {"type": "Feature", "id": 359, "geometry": {"type": "Point", "coordinates": [-89.9546656429224, 35.1000025137709]}, "properties": {"Record_ID": "RES-ALT-21-000504", "Issued_Date": 1619672400000, "Sub_Type": "Residential", "Construction_Type": "Alteration", "Valuation": 7115, "Address": "1135 S GREER ST", "City": "MEMPHIS", "Description": "INSTALL REPLACEMENT WINDOWS. SAME SIZE AND TYPE.", "ZIP_Code": null, "State": "TN", "Latitude": 35.100002513770896, "Longitude": -89.95466564292242, "ObjectId": 359, "GlobalID": "9b067333-d4dc-4505-8806-fa0811e6ea89"}}, {"type": "Feature", "id": 405, "geometry": {"type": "Point", "coordinates": [-89.6421362171653, 35.2870854630875]}, "properties": {"Record_ID": "RES-ACC-21-000901", "Issued_Date": 1632891600000, "Sub_Type": "RES", "Construction_Type": "ACC", "Valuation": 50000, "Address": "12491 BULRUSH DR", "City": "MEMPHIS", "Description": "Swimming Pool", "ZIP_Code": "38002", "State": "TN", "Latitude": 35.28708546308749, "Longitude": -89.64213621716526, "ObjectId": 405, "GlobalID": "c92f8ff8-7c95-445f-ac12-9f3ed8c6a0c7"}}, {"type": "Feature", "id": 408, "geometry": {"type": "Point", "coordinates": [-90.0157171224385, 35.1550645056413]}, "properties": {"Record_ID": "RES-NEW-22-000255", "Issued_Date": 1653368400000, "Sub_Type": "RES", "Construction_Type": "NEW", "Valuation": 175000, "Address": "1251 FAXON AVE", "City": "MEMPHIS", "Description": "New Construction", "ZIP_Code": "38104", "State": "TN", "Latitude": 35.155064505641256, "Longitude": -90.01571712243847, "ObjectId": 408, "GlobalID": "73e32d9d-3133-4b27-936a-7d432194ea53"}}, {"type": "Feature", "id": 461, "geometry": {"type": "Point", "coordinates": [-89.7759616952486, 35.0555785146526]}, "properties": {"Record_ID": "RES-NEW-21-000168", "Issued_Date": 1619067600000, "Sub_Type": "Residential", "Construction_Type": "New", "Valuation": 800000, "Address": "8588 THE ISLAND DR", "City": "MEMPHIS", "Description": "construct new single family home", "ZIP_Code": null, "State": "TN", "Latitude": 35.055578514652595, "Longitude": -89.77596169524858, "ObjectId": 461, "GlobalID": "099c21ee-e3a5-487b-a2f9-bbb45e9cfaca"}}, {"type": "Feature", "id": 599, "geometry": {"type": "Point", "coordinates": [-89.8422340749597, 35.0805485462923]}, "properties": {"Record_ID": "RES-NEW-22-000197", "Issued_Date": 1652763600000, "Sub_Type": "RES", "Construction_Type": "NEW", "Valuation": 350000, "Address": "6630 WYNNE OAK CV", "City": "MEMPHIS", "Description": "New home construction", "ZIP_Code": "38119", "State": "TN", "Latitude": 35.0805485462923, "Longitude": -89.84223407495968, "ObjectId": 599, "GlobalID": "6225e576-8b73-4afa-904e-d7dc8c874cdc"}}, {"type": "Feature", "id": 618, "geometry": {"type": "Point", "coordinates": [-89.9922091381698, 35.0139265323934]}, "properties": {"Record_ID": "RES-ALT-22-000580", "Issued_Date": 1651899600000, "Sub_Type": "RES", "Construction_Type": "ALT", "Valuation": 40000, "Address": "4895 BRADY DR", "City": "MEMPHIS", "Description": "Replace roof, decking Rafters, Joists and studs (majority of them)  Bring upto burn standards.  Replace insulation, sheetrock kitchens etc..", "ZIP_Code": "38116", "State": "TN", "Latitude": 35.01392653239342, "Longitude": -89.99220913816983, "ObjectId": 618, "GlobalID": "7ba4cd43-7c7b-4012-91b3-fd969b45f774"}}, {"type": "Feature", "id": 640, "geometry": {"type": "Point", "coordinates": [-90.0439366143217, 35.159951505934]}, "properties": {"Record_ID": "COM-ALT-20-000233", "Issued_Date": 1614751200000, "Sub_Type": "Commercial", "Construction_Type": "Alteration", "Valuation": 97741, "Address": "601 N THIRD ST", "City": "MEMPHIS", "Description": "LightWave Solar will be installing 36.75kw PV Solar Array. System will consist of(105) 350W Solar Panels (1) SolarEdge 33.3kw Inverter and a Panel Claw racking system.", "ZIP_Code": null, "State": "TN", "Latitude": 35.159951505933996, "Longitude": -90.0439366143217, "ObjectId": 640, "GlobalID": "f375b40a-881c-44d0-b4c5-c93cdc8547a7"}}, {"type": "Feature", "id": 655, "geometry": {"type": "Point", "coordinates": [-90.0401476165844, 35.1414745093973]}, "properties": {"Record_ID": "COM-ALT-21-000748", "Issued_Date": 1631595600000, "Sub_Type": "COM", "Construction_Type": "ALT", "Valuation": 75000, "Address": "631 MADISON AVE", "City": "MEMPHIS", "Description": "Level 1 alteration to existing commercial suite inside 631 Madison Ave. Detailed plan review has been processed with shell and core drawings COM-ALT-21-000556. Suite will be utilizing the existing restroom locations and have minimal impact on existing building systems and build out. All existing historical tile/terrazzo floors/walls will be preserved during tenant build out. See all building plan review comments issued for COM-ALT-21-000556. Plan reviewer Mony Hooshyar.", "ZIP_Code": "38103", "State": "TN", "Latitude": 35.14147450939733, "Longitude": -90.04014761658445, "ObjectId": 655, "GlobalID": "1788e431-325b-4e13-ab4a-9633f4a420b6"}}, {"type": "Feature", "id": 664, "geometry": {"type": "Point", "coordinates": [-89.9073841491814, 35.2037184912653]}, "properties": {"Record_ID": "RES-ALT-21-001045", "Issued_Date": 1630472400000, "Sub_Type": "RES", "Construction_Type": "ALT", "Valuation": 10500, "Address": "4667 KITTY DR", "City": "MEMPHIS", "Description": "Pocket Replacement Windows - Replace 14 Windows.", "ZIP_Code": "38128", "State": "TN", "Latitude": 35.20371849126532, "Longitude": -89.90738414918138, "ObjectId": 664, "GlobalID": "80edf47a-1f73-43ce-bb1b-12848744ea0c"}}, {"type": "Feature", "id": 691, "geometry": {"type": "Point", "coordinates": [-89.8835611450666, 35.3651964585045]}, "properties": {"Record_ID": "RES-NEW-22-000305", "Issued_Date": 1651640400000, "Sub_Type": "RES", "Construction_Type": "NEW", "Valuation": 280679, "Address": "8763 WINDSTONE ESTATE DR", "City": "MILLINGTON", "Description": "2-story single family residence with 2 car attached garage.", "ZIP_Code": "38053", "State": "TN", "Latitude": 35.365196458504535, "Longitude": -89.88356114506661, "ObjectId": 691, "GlobalID": "cb7882f7-c46d-4c40-ac5a-d23f4e8fdd93"}}, {"type": "Feature", "id": 695, "geometry": {"type": "Point", "coordinates": [-89.9189221512058, 35.1243835073881]}, "properties": {"Record_ID": "B1113323", "Issued_Date": 1616130000000, "Sub_Type": "Residential", "Construction_Type": "Accessory", "Valuation": 14546.84, "Address": "205 MONTROSE DR", "City": "MEMPHIS", "Description": "INSTALL SMART JACKS    MAP 38 R   REDEEMERS GROUP INC", "ZIP_Code": null, "State": "TN", "Latitude": 35.1243835073881, "Longitude": -89.91892215120579, "ObjectId": 695, "GlobalID": "8e065339-0dd6-46a9-8209-e9c7d60e1189"}}, {"type": "Feature", "id": 766, "geometry": {"type": "Point", "coordinates": [-89.938825644162, 35.147864503647]}, "properties": {"Record_ID": "RES-ALT-21-001090", "Issued_Date": 1630645200000, "Sub_Type": "RES", "Construction_Type": "ALT", "Valuation": 7500, "Address": "593 FREEMAN ST", "City": "MEMPHIS", "Description": "Pocket Replacement Windows - Replace 8 Windows.", "ZIP_Code": "38122", "State": "TN", "Latitude": 35.14786450364698, "Longitude": -89.93882564416204, "ObjectId": 766, "GlobalID": "eeb8448e-7ddf-40c5-9595-60e4bc519037"}}, {"type": "Feature", "id": 767, "geometry": {"type": "Point", "coordinates": [-89.9922091381698, 35.0139265323934]}, "properties": {"Record_ID": "RES-ALT-22-000579", "Issued_Date": 1651899600000, "Sub_Type": "RES", "Construction_Type": "ALT", "Valuation": 40000, "Address": "4893 BRADY DR", "City": "MEMPHIS", "Description": "Replace roof, decking Rafters, Joists and studs (majority of them)  Bring upto burn standards.  Replace insulation, sheetrock kitchens etc..", "ZIP_Code": "38116", "State": "TN", "Latitude": 35.01392653239342, "Longitude": -89.99220913816983, "ObjectId": 767, "GlobalID": "f058c670-b71f-4247-99ba-81786e22e87f"}}, {"type": "Feature", "id": 770, "geometry": {"type": "Point", "coordinates": [-89.9461201403674, 35.1749004986519]}, "properties": {"Record_ID": "COM-ALT-21-000753", "Issued_Date": 1632286800000, "Sub_Type": "COM", "Construction_Type": "ALT", "Valuation": 168000, "Address": "1655 PANAMA ST", "City": "MEMPHIS", "Description": "INTERIOR ALTERATIONS FOR NEW TENANT", "ZIP_Code": "38108", "State": "TN", "Latitude": 35.17490049865186, "Longitude": -89.94612014036743, "ObjectId": 770, "GlobalID": "5c0d9ba4-35ed-465e-a8b1-d7532185e856"}}, {"type": "Feature", "id": 784, "geometry": {"type": "Point", "coordinates": [-89.7381841998775, 35.1449754953416]}, "properties": {"Record_ID": "RES-NEW-21-000357", "Issued_Date": 1624338000000, "Sub_Type": "Residential", "Construction_Type": "New", "Valuation": 230977, "Address": "9647 S WOODLAND BROOK LN", "City": "CORDOVA", "Description": "Building a single family residence w/ a 2 car garage.", "ZIP_Code": null, "State": "TN", "Latitude": 35.14497549534162, "Longitude": -89.73818419987752, "ObjectId": 784, "GlobalID": "25439525-a9c7-4a89-bf71-c47597d941f3"}}, {"type": "Feature", "id": 799, "geometry": {"type": "Point", "coordinates": [-89.8276846791889, 35.0823715116403]}, "properties": {"Record_ID": "RES-NEW-20-000122", "Issued_Date": 1611295200000, "Sub_Type": "Residential", "Construction_Type": "New", "Valuation": 675000, "Address": "7058 ALLELON CIR N", "City": "GERMANTOWN", "Description": "ERECT A NEW SFR W/ ATTACHED GARAGE 3 CAR GARAGE", "ZIP_Code": null, "State": "TN", "Latitude": 35.08237151164026, "Longitude": -89.82768467918892, "ObjectId": 799, "GlobalID": "44460a16-a11e-425c-a056-61d76cde90fb"}}, {"type": "Feature", "id": 829, "geometry": {"type": "Point", "coordinates": [0, 0]}, "properties": {"Record_ID": "RES-NEW-21-000501", "Issued_Date": 1631768400000, "Sub_Type": "RES", "Construction_Type": "NEW", "Valuation": 213500, "Address": "422 Turley ST 3812", "City": "", "Description": "PLAN REVIEW FOR PERMIT ISSUANCE", "ZIP_Code": null, "State": "TN", "Latitude": 0, "Longitude": 0, "ObjectId": 829, "GlobalID": "df522cf4-645b-4370-afa0-f023967d6f5d"}}, {"type": "Feature", "id": 879, "geometry": {"type": "Point", "coordinates": [-89.6434142159732, 35.2997664606483]}, "properties": {"Record_ID": "RES-NEW-20-000296", "Issued_Date": 1609826400000, "Sub_Type": "Residential", "Construction_Type": "New", "Valuation": 315785, "Address": "12534 DOOLIN CV", "City": "ARLINGTON", "Description": "CONSTRUCT NEW SFR W/ ATTACHED GARAGE", "ZIP_Code": null, "State": "TN", "Latitude": 35.29976646064829, "Longitude": -89.64341421597315, "ObjectId": 879, "GlobalID": "2ca8be28-8d23-4a6d-9641-45033e07a946"}}, {"type": "Feature", "id": 881, "geometry": {"type": "Point", "coordinates": [-89.8943521568406, 35.1420685028181]}, "properties": {"Record_ID": "RES-ADD-21-000108", "Issued_Date": 1616734800000, "Sub_Type": "Residential", "Construction_Type": "Addition", "Valuation": 38000, "Address": "4985 SEQUOIA AVE", "City": "MEMPHIS", "Description": "12 x 14 MASTER BATH ADDITION", "ZIP_Code": null, "State": "TN", "Latitude": 35.142068502818105, "Longitude": -89.89435215684061, "ObjectId": 881, "GlobalID": "97fbc74a-ac41-46bd-b9c7-b2060d85fcc5"}}, {"type": "Feature", "id": 925, "geometry": {"type": "Point", "coordinates": [-89.7446237035705, 35.0610235121989]}, "properties": {"Record_ID": "RES-NEW-20-000159", "Issued_Date": 1617253200000, "Sub_Type": "Residential", "Construction_Type": "New", "Valuation": 660000, "Address": "3076 CHAPEL WOODS CV", "City": "GERMANTOWN", "Description": "ERECT NEW DWELLING W/ TRIPLE GARAGE", "ZIP_Code": null, "State": "TN", "Latitude": 35.06102351219887, "Longitude": -89.74462370357045, "ObjectId": 925, "GlobalID": "e17ac9cf-6f9b-4c15-b720-5a4d56bb4ea4"}}, {"type": "Feature", "id": 946, "geometry": {"type": "Point", "coordinates": [-89.6354987181154, 35.3005854601356]}, "properties": {"Record_ID": "RES-NEW-21-000016", "Issued_Date": 1611295200000, "Sub_Type": "Residential", "Construction_Type": "New", "Valuation": 299900, "Address": "6401 CLARKSON CIR", "City": "ARLINGTON", "Description": "NEW SFR WITH ATTACHED 3 CAR GARAGE", "ZIP_Code": null, "State": "TN", "Latitude": 35.3005854601356, "Longitude": -89.63549871811539, "ObjectId": 946, "GlobalID": "c7a133f7-de4a-49ac-ac9d-a2c1ebe8f8fa"}}, {"type": "Feature", "id": 1004, "geometry": {"type": "Point", "coordinates": [-89.9568121466573, 35.0337355269265]}, "properties": {"Record_ID": "RES-NEW-21-000098", "Issued_Date": 1613023200000, "Sub_Type": "Residential", "Construction_Type": "New", "Valuation": 75000, "Address": "4191 HILLGATE ST", "City": "MEMPHIS", "Description": "New construction of single family residence", "ZIP_Code": null, "State": "TN", "Latitude": 35.03373552692651, "Longitude": -89.95681214665727, "ObjectId": 1004, "GlobalID": "3cb4773f-db48-4af1-8dc6-0436bb2fa8e0"}}, {"type": "Feature", "id": 1009, "geometry": {"type": "Point", "coordinates": [-89.917014155954, 35.0598355200244]}, "properties": {"Record_ID": "COM-ALT-21-000762", "Issued_Date": 1631595600000, "Sub_Type": "COM", "Construction_Type": "ALT", "Valuation": 40000, "Address": "3236 W DANVILLE CIR", "City": "MEMPHIS", "Description": "GENERAL REPAIR: DRYWALL, PAINT, FLOORING, TRIM", "ZIP_Code": "38118", "State": "TN", "Latitude": 35.05983552002443, "Longitude": -89.91701415595405, "ObjectId": 1009, "GlobalID": "6e870adb-bca3-45d8-bef2-88e744054ab5"}}, {"type": "Feature", "id": 1010, "geometry": {"type": "Point", "coordinates": [-89.9801041316001, 35.1653785020326]}, "properties": {"Record_ID": "RES-ALT-22-000641", "Issued_Date": 1652418000000, "Sub_Type": "RES", "Construction_Type": "ALT", "Valuation": 50000, "Address": "2306 DEVOY AVE", "City": "MEMPHIS", "Description": "Fire damage repair.", "ZIP_Code": "38108", "State": "TN", "Latitude": 35.165378502032624, "Longitude": -89.98010413160014, "ObjectId": 1010, "GlobalID": "db439b12-0bff-47ea-bfa2-d8fb085b7f0c"}}, {"type": "Feature", "id": 1035, "geometry": {"type": "Point", "coordinates": [-89.9374801467476, 35.1141235102297]}, "properties": {"Record_ID": "B1116897", "Issued_Date": 1662958800000, "Sub_Type": "COM", "Construction_Type": "ADD", "Valuation": 7000000, "Address": "624 ECHLES ST", "City": "MEMPHIS", "Description": "PERMIT HAS BEEN EXPIRED DUE TO ABANDONMENT.  Addition of a new entry vestibule and handicap access    Addition of a new pool equipment room    Demolition and renovation of an existing indoor pool and accessory spaces  MAP 45 F", "ZIP_Code": "38111", "State": "TN", "Latitude": 35.114123510229675, "Longitude": -89.9374801467476, "ObjectId": 1035, "GlobalID": "8f592628-bd1d-439a-93f5-a93b2e2779e0"}}, {"type": "Feature", "id": 1038, "geometry": {"type": "Point", "coordinates": [-89.9842441321624, 35.1394315073193]}, "properties": {"Record_ID": "RES-ACC-20-000318", "Issued_Date": 1611295200000, "Sub_Type": "Residential", "Construction_Type": "ACC", "Valuation": 205055, "Address": "2299 WASHINGTON AVE", "City": "MEMPHIS", "Description": "GUNITE SWIMMING POOL 20X42", "ZIP_Code": null, "State": "TN", "Latitude": 35.139431507319316, "Longitude": -89.9842441321624, "ObjectId": 1038, "GlobalID": "d3c2d236-79c0-41d6-aaaa-ea563c981769"}}, {"type": "Feature", "id": 1042, "geometry": {"type": "Point", "coordinates": [-89.8091491832434, 35.0988415075735]}, "properties": {"Record_ID": "RES-ALT-22-000524", "Issued_Date": 1652331600000, "Sub_Type": "RES", "Construction_Type": "ALT", "Valuation": 25000, "Address": "7610 WILLEY RD", "City": "GERMANTOWN", "Description": "Remove window and framing it in.  Removing a wall and installing a glulam beam.  Moving a different wall approx 3' over.", "ZIP_Code": "38138", "State": "TN", "Latitude": 35.098841507573525, "Longitude": -89.80914918324338, "ObjectId": 1042, "GlobalID": "d48935a6-c7f7-4eef-b455-34516a2468a8"}}, {"type": "Feature", "id": 1092, "geometry": {"type": "Point", "coordinates": [-90.0485626147281, 35.1343645111686]}, "properties": {"Record_ID": "B1118113", "Issued_Date": 1611727200000, "Sub_Type": "Commercial", "Construction_Type": "New", "Valuation": 1193410, "Address": "327 ISHMAEL PL", "City": "MEMPHIS", "Description": "327 Ishmael Place Units 101  102  103  104  201  202  203  204  301  302  303  304 New construction multi family apartment dwellings Building J 4 on site plan  Type L A", "ZIP_Code": null, "State": "TN", "Latitude": 35.13436451116858, "Longitude": -90.04856261472813, "ObjectId": 1092, "GlobalID": "297757fa-cd8f-4d83-8f52-066e6ed9747c"}}, {"type": "Feature", "id": 1104, "geometry": {"type": "Point", "coordinates": [-89.7931561880923, 35.0923705081452]}, "properties": {"Record_ID": "RES-ADD-21-000502", "Issued_Date": 1631595600000, "Sub_Type": "RES", "Construction_Type": "ADD", "Valuation": 15000, "Address": "2045 WOOD CREEK DR", "City": "GERMANTOWN", "Description": "Applying for a permit for a covered wooden porch with a seamless metal roof.", "ZIP_Code": "38138", "State": "TN", "Latitude": 35.09237050814523, "Longitude": -89.79315618809234, "ObjectId": 1104, "GlobalID": "de413a2e-44c7-457c-bd54-b5cd5e013221"}}, {"type": "Feature", "id": 1143, "geometry": {"type": "Point", "coordinates": [-89.8846141616074, 35.110424508621]}, "properties": {"Record_ID": "RES-NEW-22-000252", "Issued_Date": 1651554000000, "Sub_Type": "RES", "Construction_Type": "NEW", "Valuation": 1205631, "Address": "5231 KEATSWOOD CV", "City": "MEMPHIS", "Description": "New Home per plans By Shapiro", "ZIP_Code": "38120", "State": "TN", "Latitude": 35.110424508621, "Longitude": -89.88461416160736, "ObjectId": 1143, "GlobalID": "5422e816-4a3b-4ecf-ac6d-ca27139d6eec"}}, {"type": "Feature", "id": 1159, "geometry": {"type": "Point", "coordinates": [-89.918701651016, 35.1282085066251]}, "properties": {"Record_ID": "RES-ALT-21-000492", "Issued_Date": 1620363600000, "Sub_Type": "Residential", "Construction_Type": "Alteration", "Valuation": 71463, "Address": "4161 GWYNNE RD", "City": "MEMPHIS", "Description": "Remodel 3 bathrooms.", "ZIP_Code": null, "State": "TN", "Latitude": 35.12820850662509, "Longitude": -89.91870165101601, "ObjectId": 1159, "GlobalID": "364a8661-5016-4fa8-b59a-44ac12a58f26"}}, {"type": "Feature", "id": 1182, "geometry": {"type": "Point", "coordinates": [-90.0081616217574, 35.1970674970517]}, "properties": {"Record_ID": "COM-ALT-21-000765", "Issued_Date": 1631595600000, "Sub_Type": "COM", "Construction_Type": "ALT", "Valuation": 80000, "Address": "2643 N WATKINS ST", "City": "MEMPHIS", "Description": "GENERAL REPAIR: DRYWALL, PAINT, FLOORING, TRIM", "ZIP_Code": "38127", "State": "TN", "Latitude": 35.19706749705171, "Longitude": -90.00816162175741, "ObjectId": 1182, "GlobalID": "e3b9f436-f10e-4650-a614-ca5f69af3db4"}}, {"type": "Feature", "id": 1208, "geometry": {"type": "Point", "coordinates": [-89.993406128228, 35.1607615035308]}, "properties": {"Record_ID": "RES-ALT-22-000648", "Issued_Date": 1653282000000, "Sub_Type": "RES", "Construction_Type": "ALT", "Valuation": 5500, "Address": "864 N BARKSDALE ST", "City": "MEMPHIS", "Description": "Pocket Replacement Windows - Replace 6 Windows", "ZIP_Code": "38107", "State": "TN", "Latitude": 35.16076150353084, "Longitude": -89.99340612822799, "ObjectId": 1208, "GlobalID": "27b44af1-7de7-40bb-a943-1e9b91b0fadb"}}, {"type": "Feature", "id": 1221, "geometry": {"type": "Point", "coordinates": [-89.9988376287473, 35.1300355098147]}, "properties": {"Record_ID": "RES-ACC-21-000006", "Issued_Date": 1631854800000, "Sub_Type": "RES", "Construction_Type": "ACC", "Valuation": 25000, "Address": "1859 VINTON AVE", "City": "MEMPHIS", "Description": "2 CAR GARAGE", "ZIP_Code": "38104", "State": "TN", "Latitude": 35.13003550981467, "Longitude": -89.99883762874732, "ObjectId": 1221, "GlobalID": "cfd82ecc-e564-4236-b938-0e2c74fdf663"}}, {"type": "Feature", "id": 1231, "geometry": {"type": "Point", "coordinates": [-89.7287074231827, 35.2647158219122]}, "properties": {"Record_ID": "RES-NEW-21-000618", "Issued_Date": 1631768400000, "Sub_Type": "RES", "Construction_Type": "NEW", "Valuation": 255994, "Address": "10026 ADAGIO CV", "City": "ARLINGTON", "Description": "Building a single family residence w/ a 2 car garage.", "ZIP_Code": "38002", "State": "TN", "Latitude": 35.264715821912255, "Longitude": -89.72870742318266, "ObjectId": 1231, "GlobalID": "94169a5c-3237-4867-bb8a-ab2d5451b781"}}, {"type": "Feature", "id": 1286, "geometry": {"type": "Point", "coordinates": [-89.9026456422978, 35.3274504667579]}, "properties": {"Record_ID": "RES-NEW-22-000355", "Issued_Date": 1652158800000, "Sub_Type": "RES", "Construction_Type": "NEW", "Valuation": 250000, "Address": "4798 BARRETT OAKS DR", "City": "MILLINGTON", "Description": "SFR w/ 2 car garage, 4 bd, 2 ba, Barrett Oaks Subdivision Lot 25", "ZIP_Code": "38053", "State": "TN", "Latitude": 35.327450466757895, "Longitude": -89.90264564229781, "ObjectId": 1286, "GlobalID": "ca46bcbe-f9d0-435b-b667-ee55420f7192"}}, {"type": "Feature", "id": 1287, "geometry": {"type": "Point", "coordinates": [-89.8830301596629, 35.1467845013883]}, "properties": {"Record_ID": "B1118157", "Issued_Date": 1616734800000, "Sub_Type": "Residential", "Construction_Type": "Addition", "Valuation": 5000, "Address": "601 N OAK GROVE RD", "City": "MEMPHIS", "Description": "Add 2 walls  windows and an exterior door to an existing carport   Add electrical outlets and low voltage lighting   Move washer and dryer plumbing on same wall    MAP 33 N", "ZIP_Code": null, "State": "TN", "Latitude": 35.1467845013883, "Longitude": -89.88303015966287, "ObjectId": 1287, "GlobalID": "e9f9cf89-5938-40d2-826d-aa3d8bdd8fc9"}}, {"type": "Feature", "id": 1345, "geometry": {"type": "Point", "coordinates": [-89.9776786342132, 35.1358315077366]}, "properties": {"Record_ID": "RES-ADD-22-000144", "Issued_Date": 1652072400000, "Sub_Type": "RES", "Construction_Type": "ADD", "Valuation": 90000, "Address": "59 N ALICIA DR", "City": "MEMPHIS", "Description": "Compete rehab, new bathroom, and kitchen. The addition consists of a master bathroom, two closets, and a bedroom and bathroom upstairs. New roof and paint inside and out. New siding and paint on the garage. New HVAC with permits to be pulled and installed by a licensed HVAC technician. Permits for electrical and plumbing work to be pulled and completed by licensed electrician and plumber.", "ZIP_Code": "38112", "State": "TN", "Latitude": 35.13583150773657, "Longitude": -89.97767863421318, "ObjectId": 1345, "GlobalID": "c127184d-31ef-4076-83fc-85f4eadee93d"}}, {"type": "Feature", "id": 1357, "geometry": {"type": "Point", "coordinates": [-89.954094140862, 35.133842507083]}, "properties": {"Record_ID": "RES-ALT-22-000624", "Issued_Date": 1652245200000, "Sub_Type": "RES", "Construction_Type": "ALT", "Valuation": 10000, "Address": "77 N GREER ST", "City": "MEMPHIS", "Description": "Replacing windows and doors", "ZIP_Code": "38111", "State": "TN", "Latitude": 35.133842507082996, "Longitude": -89.95409414086198, "ObjectId": 1357, "GlobalID": "b01d05c2-1988-4058-95f4-cb02203460a5"}}, {"type": "Feature", "id": 1388, "geometry": {"type": "Point", "coordinates": [-89.6393102171178, 35.2996764604838]}, "properties": {"Record_ID": "RES-ACC-21-000040", "Issued_Date": 1611813600000, "Sub_Type": "Residential", "Construction_Type": "ACC", "Valuation": 3000, "Address": "12675 CAMBRACREST LN", "City": "ARLINGTON", "Description": "12X 16 SHED , 60 \" DOUBLE DOOR HINGED, HIP ROOF, WEATHERWOOD SHINGLES, HARDY BOARD WALLS", "ZIP_Code": null, "State": "TN", "Latitude": 35.29967646048376, "Longitude": -89.63931021711782, "ObjectId": 1388, "GlobalID": "c0a80d03-08d2-437a-a447-6411e095d9fc"}}, {"type": "Feature", "id": 1391, "geometry": {"type": "Point", "coordinates": [-89.8782736628273, 35.118578506734]}, "properties": {"Record_ID": "RES-ADD-21-000424", "Issued_Date": 1631163600000, "Sub_Type": "RES", "Construction_Type": "ADD", "Valuation": 185000, "Address": "5465 LAURIE LN", "City": "MEMPHIS", "Description": "Addition (1224 square feet) and partial remodel (525 square feet) of existing home", "ZIP_Code": "38120", "State": "TN", "Latitude": 35.11857850673399, "Longitude": -89.87827366282731, "ObjectId": 1391, "GlobalID": "b3f6a2fc-1254-48ea-b56a-9a154c2e9ac9"}}, {"type": "Feature", "id": 1399, "geometry": {"type": "Point", "coordinates": [-89.8311766802319, 35.05153751788]}, "properties": {"Record_ID": "COM-ALT-21-000035", "Issued_Date": 1614837600000, "Sub_Type": "Commercial", "Construction_Type": "Alteration", "Valuation": 530775, "Address": "3565 RIVERDALE RD", "City": "MEMPHIS", "Description": "Retail tenant improvement", "ZIP_Code": null, "State": "TN", "Latitude": 35.05153751787998, "Longitude": -89.83117668023195, "ObjectId": 1399, "GlobalID": "c62ac7dd-2cad-4abc-897f-01644ea74c0b"}}, {"type": "Feature", "id": 1405, "geometry": {"type": "Point", "coordinates": [-89.8646116665859, 35.1188935060681]}, "properties": {"Record_ID": "B1113341", "Issued_Date": 1616130000000, "Sub_Type": "Residential", "Construction_Type": "Alteration", "Valuation": 4202.5, "Address": "450 RIVER OAKS PL", "City": "MEMPHIS", "Description": "INSTALL PUSH PIERS    MP 47 C   REDEEMERS GROUP  INC", "ZIP_Code": null, "State": "TN", "Latitude": 35.11889350606809, "Longitude": -89.86461166658586, "ObjectId": 1405, "GlobalID": "5cd9c1b4-2628-4e57-9e9e-d21d135c6914"}}, {"type": "Feature", "id": 1408, "geometry": {"type": "Point", "coordinates": [-89.9989051293384, 35.1207475116451]}, "properties": {"Record_ID": "RES-ALT-21-000088", "Issued_Date": 1611813600000, "Sub_Type": "Residential", "Construction_Type": "ALT", "Valuation": 42000, "Address": "1854 OLIVER AVE", "City": "MEMPHIS", "Description": "REMODEL KITCHEN, LAUNDRY, ONE BATH (NEW CABINETS, TILE & APPLIANCES)", "ZIP_Code": null, "State": "TN", "Latitude": 35.12074751164509, "Longitude": -89.99890512933844, "ObjectId": 1408, "GlobalID": "8666457a-aabc-422f-b099-8caea6c78ca7"}}, {"type": "Feature", "id": 1413, "geometry": {"type": "Point", "coordinates": [-89.9935006309172, 35.1194425116625]}, "properties": {"Record_ID": "B1046305", "Issued_Date": 1630645200000, "Sub_Type": "RES", "Construction_Type": "ALT", "Valuation": 1000, "Address": "2030 YOUNG AVE", "City": "MEMPHIS", "Description": "CHANGE FLAT ROOF ON DORMERS TO PITCHED  MINOR REPAIR OWNWER MP 43 C", "ZIP_Code": "38104", "State": "TN", "Latitude": 35.11944251166249, "Longitude": -89.9935006309172, "ObjectId": 1413, "GlobalID": "25354df9-e5dd-4d62-82a7-74e47e6b9f6a"}}, {"type": "Feature", "id": 1417, "geometry": {"type": "Point", "coordinates": [-89.7834091954125, 35.0213245217487]}, "properties": {"Record_ID": "RES-NEW-21-000174", "Issued_Date": 1619499600000, "Sub_Type": "Residential", "Construction_Type": "New", "Valuation": 168388.5, "Address": "8384 EVERLY MEADOWS DR", "City": "MEMPHIS", "Description": "Build single family residence with double garage", "ZIP_Code": null, "State": "TN", "Latitude": 35.02132452174871, "Longitude": -89.78340919541252, "ObjectId": 1417, "GlobalID": "d2f7efdf-5ea7-4add-b62d-907bdb52d0dd"}}, {"type": "Feature", "id": 1423, "geometry": {"type": "Point", "coordinates": [-89.7779683754611, 35.1591895362269]}, "properties": {"Record_ID": "RES-NEW-21-000111", "Issued_Date": 1615356000000, "Sub_Type": "Residential", "Construction_Type": "New", "Valuation": 240000, "Address": "1246 Cullendale ST", "City": "CORDOVA", "Description": "NEW SFR W/ATTACHED DBL GARAGE", "ZIP_Code": null, "State": "TN", "Latitude": 35.159189536226954, "Longitude": -89.77796837546114, "ObjectId": 1423, "GlobalID": "833f5fe9-8197-4e65-a307-8d6a1f934de2"}}, {"type": "Feature", "id": 1425, "geometry": {"type": "Point", "coordinates": [-89.771157069637, 35.1599707967756]}, "properties": {"Record_ID": "RES-ACC-21-000200", "Issued_Date": 1616734800000, "Sub_Type": "Residential", "Construction_Type": "Accessory", "Valuation": 100735, "Address": "8759 RIVER HOLLOW DR", "City": "CORDOVA", "Description": "FIBERGLASS POOL / SPA INSTALL- 16' x 40'", "ZIP_Code": null, "State": "TN", "Latitude": 35.159970796775646, "Longitude": -89.77115706963703, "ObjectId": 1425, "GlobalID": "110cc8ea-6d73-4586-904d-57c301c6bdf6"}}, {"type": "Feature", "id": 1427, "geometry": {"type": "Point", "coordinates": [-89.9889241323912, 35.1162475120886]}, "properties": {"Record_ID": "RES-NEW-21-000097", "Issued_Date": 1614837600000, "Sub_Type": "Residential", "Construction_Type": "New", "Valuation": 123809, "Address": "1060 MEDA ST", "City": "MEMPHIS", "Description": "RESIDENTIAL NEW CONSTRUCTION", "ZIP_Code": null, "State": "TN", "Latitude": 35.11624751208856, "Longitude": -89.98892413239123, "ObjectId": 1427, "GlobalID": "da39897e-24af-4860-a1a9-15a5c989871f"}}, {"type": "Feature", "id": 1469, "geometry": {"type": "Point", "coordinates": [-89.911978657447, 35.0582875201076]}, "properties": {"Record_ID": "RES-ALT-20-000584", "Issued_Date": 1609999200000, "Sub_Type": "Residential", "Construction_Type": "ALT", "Valuation": 5421, "Address": "4550 VILLAGREEN DR", "City": "MEMPHIS", "Description": "Pocket Replacement Windows- Replace 7 Windows", "ZIP_Code": null, "State": "TN", "Latitude": 35.058287520107626, "Longitude": -89.911978657447, "ObjectId": 1469, "GlobalID": "14a07fb0-66ab-46b1-a078-c864921c3321"}}, {"type": "Feature", "id": 1482, "geometry": {"type": "Point", "coordinates": [-89.7919636936261, 35.0123695238945]}, "properties": {"Record_ID": "RES-ADD-21-000484", "Issued_Date": 1631854800000, "Sub_Type": "RES", "Construction_Type": "ADD", "Valuation": 3600, "Address": "8161 LAUREL RUN DR", "City": "MEMPHIS", "Description": "Covered/ screen patio", "ZIP_Code": "38125", "State": "TN", "Latitude": 35.01236952389453, "Longitude": -89.7919636936261, "ObjectId": 1482, "GlobalID": "82b426c0-19e6-422f-afac-881765b84d85"}}, {"type": "Feature", "id": 1490, "geometry": {"type": "Point", "coordinates": [-89.8226851783827, 35.1158965048069]}, "properties": {"Record_ID": "COM-NEW-21-000168", "Issued_Date": 1632891600000, "Sub_Type": "COM", "Construction_Type": "NEW", "Valuation": 1250000, "Address": "7205 Wolf River BLVD", "City": "GERMANTOWN", "Description": "Tenant Improvement", "ZIP_Code": "38138", "State": "TN", "Latitude": 35.11589650480695, "Longitude": -89.82268517838274, "ObjectId": 1490, "GlobalID": "fab2a001-9d8f-481a-90df-03fba3e11184"}}, {"type": "Feature", "id": 1491, "geometry": {"type": "Point", "coordinates": [-89.6443907282902, 35.1079044985272]}, "properties": {"Record_ID": "RES-NEW-21-000676", "Issued_Date": 1630558800000, "Sub_Type": "RES", "Construction_Type": "NEW", "Valuation": 400000, "Address": "12545 HOPI RD", "City": "COLLIERVILLE", "Description": "Single Family Residence W/Att Triple Garage", "ZIP_Code": "38017", "State": "TN", "Latitude": 35.10790449852721, "Longitude": -89.64439072829018, "ObjectId": 1491, "GlobalID": "b96da86f-7a62-406d-8e43-570bd2d8866b"}}, {"type": "Feature", "id": 1502, "geometry": {"type": "Point", "coordinates": [-89.751855202196, 35.051366514425]}, "properties": {"Record_ID": "RES-NEW-21-000359", "Issued_Date": 1624597200000, "Sub_Type": "Residential", "Construction_Type": "New", "Valuation": 1600000, "Address": "9170 FOREST BEND CT", "City": "GERMANTOWN", "Description": "NEW SFR W/ATTACHED 3 CAR GARAGE & PORTE COCHERE", "ZIP_Code": null, "State": "TN", "Latitude": 35.05136651442498, "Longitude": -89.75185520219598, "ObjectId": 1502, "GlobalID": "f3d3fbba-5cab-461a-91f2-2be7123d8d1d"}}, {"type": "Feature", "id": 1533, "geometry": {"type": "Point", "coordinates": [-90.0281371237593, 35.0826865204303]}, "properties": {"Record_ID": "COM-ALT-22-000418", "Issued_Date": 1653282000000, "Sub_Type": "COM", "Construction_Type": "ALT", "Valuation": 125000, "Address": "1096 NORRIS RD", "City": "MEMPHIS", "Description": "Modification of existing cell tower equipment for existing carrier, Verizon Wireless (applicant). Remove/replace/add antennas and other minor tower equipment to existing configuration. Complete antenna mount modifications. No increase in tower height or compound expansion.", "ZIP_Code": "38106", "State": "TN", "Latitude": 35.08268652043035, "Longitude": -90.02813712375932, "ObjectId": 1533, "GlobalID": "d785ad7a-235b-4f53-b283-95165f7d661c"}}, {"type": "Feature", "id": 1555, "geometry": {"type": "Point", "coordinates": [-89.7596381693426, 35.0263058668205]}, "properties": {"Record_ID": "COM-ALT-22-000333", "Issued_Date": 1652331600000, "Sub_Type": "COM", "Construction_Type": "ALT", "Valuation": 110000, "Address": "4477 FOREST HILL IRENE RD", "City": "MEMPHIS", "Description": "Modification of existing cell tower equipment for existing wireless carrier, Verizon Wireless (applicant). Remove/replace/add antennas and other minor tower equipment. No change to tower height or compound area.", "ZIP_Code": "38125", "State": "TN", "Latitude": 35.02630586682052, "Longitude": -89.75963816934261, "ObjectId": 1555, "GlobalID": "edb6258c-b623-44bf-ab5d-195b21827fdc"}}, {"type": "Feature", "id": 1557, "geometry": {"type": "Point", "coordinates": [-90.046573617306, 35.1034765171551]}, "properties": {"Record_ID": "RES-ALT-21-000188", "Issued_Date": 1614232800000, "Sub_Type": "Residential", "Construction_Type": "Alteration", "Valuation": 6971, "Address": "1565 S WELLINGTON ST", "City": "MEMPHIS", "Description": "INSTALL REPLACEMENT WINDOWS. SAME SIZE & TYPE", "ZIP_Code": null, "State": "TN", "Latitude": 35.10347651715507, "Longitude": -90.04657361730595, "ObjectId": 1557, "GlobalID": "a43a5788-c1be-4202-ae34-f72e79d4fd47"}}, {"type": "Feature", "id": 1572, "geometry": {"type": "Point", "coordinates": [-89.9218786544127, 35.0628505196444]}, "properties": {"Record_ID": "RES-ALT-21-001146", "Issued_Date": 1630990800000, "Sub_Type": "RES", "Construction_Type": "ALT", "Valuation": 4116.81, "Address": "3106 S GOODLETT ST", "City": "MEMPHIS", "Description": "Entry Door Installation", "ZIP_Code": "38118", "State": "TN", "Latitude": 35.06285051964439, "Longitude": -89.92187865441272, "ObjectId": 1572, "GlobalID": "8794839d-72e2-44d2-84be-fc836609ed39"}}, {"type": "Feature", "id": 1666, "geometry": {"type": "Point", "coordinates": [-89.9342716553582, 34.995710533438]}, "properties": {"Record_ID": "COM-NEW-20-000163", "Issued_Date": 1611208800000, "Sub_Type": "Commercial", "Construction_Type": "New", "Valuation": 11192280, "Address": "5580 GETWELL RD", "City": "MEMPHIS", "Description": "Project consists of the design and construction of a new 314,062 SF Speculative Warehouse Distribution Center on 5580 Getwell Road.", "ZIP_Code": null, "State": "TN", "Latitude": 34.99571053343799, "Longitude": -89.93427165535822, "ObjectId": 1666, "GlobalID": "793e76b6-77bf-4c2e-b07b-004bd7061953"}}, {"type": "Feature", "id": 1707, "geometry": {"type": "Point", "coordinates": [-89.9816341391031, 35.0444275259128]}, "properties": {"Record_ID": "COM-ALT-22-000426", "Issued_Date": 1653454800000, "Sub_Type": "COM", "Construction_Type": "ALT", "Valuation": 1027703.17, "Address": "2491 WINCHESTER RD", "City": "MEMPHIS", "Description": "REMODEL INTERIOR TENANT SPACE FOR NEW RESTAURANT. NEW DUCTWORK, PLUMBING FIXTURES, ELECTRICAL PANELS, MEP AND KITCHEN EQUIPMENT. TIE INTO BASE BUILDING HVAC SYSTEM. ALL INTERIOR FINISHES, INCLUDING: FLOOR, CEILING TREATMENT AND FURNITURE ARE NEW.", "ZIP_Code": "38116", "State": "TN", "Latitude": 35.044427525912845, "Longitude": -89.98163413910305, "ObjectId": 1707, "GlobalID": "bcbdb05b-a11c-40c2-8cfb-14a6a936eb86"}}, {"type": "Feature", "id": 1717, "geometry": {"type": "Point", "coordinates": [-89.8509766711487, 35.1068065078484]}, "properties": {"Record_ID": "RES-ALT-22-000368", "Issued_Date": 1652331600000, "Sub_Type": "RES", "Construction_Type": "ALT", "Valuation": 50000, "Address": "6383 MASSEY MANOR LN W", "City": "MEMPHIS", "Description": "Deconstruction, framing, plumbing, electrical, drywall, shower and floor tile, granite, windows, trim and paint", "ZIP_Code": "38120", "State": "TN", "Latitude": 35.10680650784837, "Longitude": -89.8509766711487, "ObjectId": 1717, "GlobalID": "5d2e209c-f5e5-45f8-b76d-d6f887561c01"}}, {"type": "Feature", "id": 1721, "geometry": {"type": "Point", "coordinates": [-89.8835611450666, 35.3651964585045]}, "properties": {"Record_ID": "RES-NEW-22-000307", "Issued_Date": 1651640400000, "Sub_Type": "RES", "Construction_Type": "NEW", "Valuation": 245026, "Address": "8751 WINDSTONE ESTATE DR", "City": "MILLINGTON", "Description": "2-story single family residence with 2 car attached garage.", "ZIP_Code": "38053", "State": "TN", "Latitude": 35.365196458504535, "Longitude": -89.88356114506661, "ObjectId": 1721, "GlobalID": "54ab135f-bfc3-4394-aa44-16b07b6926cf"}}, {"type": "Feature", "id": 1763, "geometry": {"type": "Point", "coordinates": [-89.9683411415799, 35.0627425217161]}, "properties": {"Record_ID": "COM-ALT-21-000645", "Issued_Date": 1630645200000, "Sub_Type": "COM", "Construction_Type": "ALT", "Valuation": 210000000, "Address": "2903 SPRANKEL AVE", "City": "MEMPHIS", "Description": "The purpose of this work is to install conveyor, electrical, and fire protection systems in the Secondary 25 building of the FedEx Memphis Airport Complex.", "ZIP_Code": "38118", "State": "TN", "Latitude": 35.06274252171608, "Longitude": -89.9683411415799, "ObjectId": 1763, "GlobalID": "7a8bb013-b67e-4981-96d3-fb4e98661d92"}}, {"type": "Feature", "id": 1791, "geometry": {"type": "Point", "coordinates": [-89.9817511364855, 35.0840005181202]}, "properties": {"Record_ID": "RES-ALT-20-000826", "Issued_Date": 1611036000000, "Sub_Type": "Residential", "Construction_Type": "ALT", "Valuation": 9467, "Address": "2241 LAURA ST", "City": "MEMPHIS", "Description": "Pocket Replacement Windows- Replace 8 Windows", "ZIP_Code": null, "State": "TN", "Latitude": 35.084000518120185, "Longitude": -89.9817511364855, "ObjectId": 1791, "GlobalID": "87dd05b7-c41e-47d8-b94e-caf77a89cae0"}}, {"type": "Feature", "id": 1825, "geometry": {"type": "Point", "coordinates": [-90.0001201317026, 35.0795455198097]}, "properties": {"Record_ID": "RES-ALT-21-000427", "Issued_Date": 1617858000000, "Sub_Type": "Residential", "Construction_Type": "Alteration", "Valuation": 4200, "Address": "1901 FAIRMEADE AVE", "City": "MEMPHIS", "Description": "Pocket replacement windows- 6 Windows", "ZIP_Code": null, "State": "TN", "Latitude": 35.079545519809734, "Longitude": -90.00012013170262, "ObjectId": 1825, "GlobalID": "6daa4f97-000c-4d12-9d22-44565e2caab3"}}, {"type": "Feature", "id": 1832, "geometry": {"type": "Point", "coordinates": [-89.9275126538369, 35.0478025228605]}, "properties": {"Record_ID": "COM-ALT-22-000356", "Issued_Date": 1652418000000, "Sub_Type": "COM", "Construction_Type": "ALT", "Valuation": 65000, "Address": "4063 VISCOUNT AVE", "City": "MEMPHIS", "Description": "Installation of Open Decked Steel Pallet racking, max 25' top of product, anchoring only to existing slab, no other building attachments or alterations.", "ZIP_Code": "38118", "State": "TN", "Latitude": 35.04780252286052, "Longitude": -89.92751265383689, "ObjectId": 1832, "GlobalID": "8bcb771e-395d-4f4b-8f6c-b840c24e2c3b"}}, {"type": "Feature", "id": 1834, "geometry": {"type": "Point", "coordinates": [-89.9070691532343, 35.1434275031136]}, "properties": {"Record_ID": "RES-NEW-21-000640", "Issued_Date": 1631509200000, "Sub_Type": "RES", "Construction_Type": "NEW", "Valuation": 500000, "Address": "471 OMA CV", "City": "MEMPHIS", "Description": "We are building a new, 4-bedroom, single-family residence at Oma Cv in East Memphis.", "ZIP_Code": "38117", "State": "TN", "Latitude": 35.14342750311358, "Longitude": -89.90706915323432, "ObjectId": 1834, "GlobalID": "0f724115-baf2-4007-9ef2-58364155a202"}}, {"type": "Feature", "id": 1839, "geometry": {"type": "Point", "coordinates": [-89.6770832137805, 35.1912264835212]}, "properties": {"Record_ID": "RES-ALT-21-000306", "Issued_Date": 1615957200000, "Sub_Type": "Residential", "Construction_Type": "Alteration", "Valuation": 145500, "Address": "2435 BRENTS WALK CV", "City": "EADS", "Description": "RENOVATION OF SWIMMING POOL", "ZIP_Code": null, "State": "TN", "Latitude": 35.19122648352123, "Longitude": -89.67708321378045, "ObjectId": 1839, "GlobalID": "ce301b10-1161-41ec-86fa-da29ffca5f16"}}, {"type": "Feature", "id": 1868, "geometry": {"type": "Point", "coordinates": [-89.9103181524611, 35.1415195036331]}, "properties": {"Record_ID": "RES-ADD-21-000168", "Issued_Date": 1620882000000, "Sub_Type": "Residential", "Construction_Type": "Addition", "Valuation": 150000, "Address": "4554 SEQUOIA AVE", "City": "MEMPHIS", "Description": "ENLARGE MASTER BEDROOM, ADD BATHROOM AND CLOSET", "ZIP_Code": null, "State": "TN", "Latitude": 35.14151950363307, "Longitude": -89.91031815246106, "ObjectId": 1868, "GlobalID": "d546329c-1abb-45f9-b358-fad6f9ba105b"}}, {"type": "Feature", "id": 1872, "geometry": {"type": "Point", "coordinates": [0, 0]}, "properties": {"Record_ID": "B1087919", "Issued_Date": 1611813600000, "Sub_Type": "Commercial", "Construction_Type": "New", "Valuation": 1960000, "Address": "3845 SPIVEY WY", "City": "UNINCORPORATED", "Description": "CONTRUCT 3 STORY APARTMENT BUILDING WITH 10 CAR ATTACHED GARAGE  MAP 1 1", "ZIP_Code": null, "State": "TN", "Latitude": 0, "Longitude": 0, "ObjectId": 1872, "GlobalID": "e43333ae-d6e8-4108-ba01-257427ceee56"}}, {"type": "Feature", "id": 1881, "geometry": {"type": "Point", "coordinates": [-89.8936726566128, 35.1484045015405]}, "properties": {"Record_ID": "COM-ALT-21-000820", "Issued_Date": 1653022800000, "Sub_Type": "COM", "Construction_Type": "ALT", "Valuation": 450000, "Address": "5016 SUMMER AVE", "City": "MEMPHIS", "Description": "Interior Paint, Building Walls and Flooring", "ZIP_Code": "38122", "State": "TN", "Latitude": 35.14840450154051, "Longitude": -89.89367265661276, "ObjectId": 1881, "GlobalID": "bd0653e8-d00f-4436-9f13-f3c24adebb34"}}, {"type": "Feature", "id": 1884, "geometry": {"type": "Point", "coordinates": [-89.8376881782003, 35.0550745174683]}, "properties": {"Record_ID": "RES-ALT-21-001368", "Issued_Date": 1632459600000, "Sub_Type": "RES", "Construction_Type": "ALT", "Valuation": 11800, "Address": "3416 BROWNBARK DR", "City": "MEMPHIS", "Description": "Pocket Replacement Windows - Replace 11 Windows", "ZIP_Code": "38115", "State": "TN", "Latitude": 35.055074517468334, "Longitude": -89.83768817820032, "ObjectId": 1884, "GlobalID": "b7f13f25-b0dc-446a-93bf-f7a139a7f1d9"}}, {"type": "Feature", "id": 1908, "geometry": {"type": "Point", "coordinates": [-89.9518981394215, 35.1650005008553]}, "properties": {"Record_ID": "COM-ALT-22-000275", "Issued_Date": 1652850000000, "Sub_Type": "COM", "Construction_Type": "ALT", "Valuation": 65225, "Address": "3250 JACKSON AVE", "City": "MEMPHIS", "Description": "Demo existing restrooms.  Provide new ADA compliant restrooms and utility room.  Provide ceiling grid, lights, and finishes throughout the retail area.", "ZIP_Code": "38122", "State": "TN", "Latitude": 35.165000500855285, "Longitude": -89.95189813942152, "ObjectId": 1908, "GlobalID": "b2eb465c-9cb9-42ad-9213-eef14d9939ff"}}, {"type": "Feature", "id": 1911, "geometry": {"type": "Point", "coordinates": [-89.9516866440656, 35.0951155146018]}, "properties": {"Record_ID": "RES-NEW-21-000670", "Issued_Date": 1632286800000, "Sub_Type": "RES", "Construction_Type": "NEW", "Valuation": 130000, "Address": "1321 PARTEE CV", "City": "MEMPHIS", "Description": "New single family home: 3 bedrooms and 2.5 baths", "ZIP_Code": "38111", "State": "TN", "Latitude": 35.095115514601765, "Longitude": -89.95168664406562, "ObjectId": 1911, "GlobalID": "96c5729f-a41b-4e52-aba1-1d321c7cfe0c"}}, {"type": "Feature", "id": 1919, "geometry": {"type": "Point", "coordinates": [-90.0620626126781, 35.1088315167881]}, "properties": {"Record_ID": "RES-ACC-21-000813", "Issued_Date": 1631768400000, "Sub_Type": "RES", "Construction_Type": "ACC", "Valuation": 3200, "Address": "1415 FLORIDA ST", "City": "MEMPHIS", "Description": "Storage shed built in the back yard.", "ZIP_Code": "38106", "State": "TN", "Latitude": 35.10883151678812, "Longitude": -90.06206261267808, "ObjectId": 1919, "GlobalID": "be4f5216-9613-42c8-a600-752ff9ab7a71"}}, {"type": "Feature", "id": 1939, "geometry": {"type": "Point", "coordinates": [-90.0043681216875, 35.2139964935582]}, "properties": {"Record_ID": "RES-ACC-21-000892", "Issued_Date": 1632805200000, "Sub_Type": "RES", "Construction_Type": "ACC", "Valuation": 8332, "Address": "1765 CHILDERS CV", "City": "MEMPHIS", "Description": "Private fence for the backyard.", "ZIP_Code": "38127", "State": "TN", "Latitude": 35.213996493558184, "Longitude": -90.00436812168748, "ObjectId": 1939, "GlobalID": "38291d8a-9598-42b6-a59f-8fefe5321bcc"}}, {"type": "Feature", "id": 1955, "geometry": {"type": "Point", "coordinates": [-89.7717496923369, 35.1181285021189]}, "properties": {"Record_ID": "COM-ALT-22-000241", "Issued_Date": 1651467600000, "Sub_Type": "COM", "Construction_Type": "ALT", "Valuation": 110000, "Address": "407 S SANGA RD", "City": "MEMPHIS", "Description": "The proposed scope of work for this project includes: Add or replace antennas, ancillary equipment and ground equipment as per plans for an existing carrier on an existing wireless communication facility. Mid South Communications will be the general contractor for this project Cost of Construction will be $110,000", "ZIP_Code": "38018", "State": "TN", "Latitude": 35.11812850211886, "Longitude": -89.77174969233688, "ObjectId": 1955, "GlobalID": "f1e0c51f-0ff0-4780-9233-674b312a3fda"}}, {"type": "Feature", "id": 1957, "geometry": {"type": "Point", "coordinates": [-89.9583421397257, 35.1332665073845]}, "properties": {"Record_ID": "RES-ALT-22-000612", "Issued_Date": 1653368400000, "Sub_Type": "RES", "Construction_Type": "ALT", "Valuation": 10000, "Address": "3200 WALNUT GROVE RD", "City": "MEMPHIS", "Description": "Replacing windows and doors", "ZIP_Code": "38111", "State": "TN", "Latitude": 35.1332665073845, "Longitude": -89.95834213972564, "ObjectId": 1957, "GlobalID": "43ee817b-4542-45aa-a1cb-e7d184206050"}}, {"type": "Feature", "id": 1961, "geometry": {"type": "Point", "coordinates": [-89.8928536596049, 35.1062035098169]}, "properties": {"Record_ID": "COM-ALT-22-000405", "Issued_Date": 1652850000000, "Sub_Type": "COM", "Construction_Type": "ALT", "Valuation": 260000, "Address": "5054 PARK AVE", "City": "MEMPHIS", "Description": "interior renovate an existing retail building into a new restaurant. PERMIT CLONED FROM COM-ALT-21-000259. CUSTOMER REQUIRED TO SUBMIT NEW PERMIT DUE TO CHANGING THE CONTRACTOR AFTER THE PREVIOUS PERMIT WAS ISSSUED.", "ZIP_Code": "38117", "State": "TN", "Latitude": 35.1062035098169, "Longitude": -89.89285365960485, "ObjectId": 1961, "GlobalID": "46b59c92-3be6-49e0-9fca-7b8a67176493"}}, {"type": "Feature", "id": 1966, "geometry": {"type": "Point", "coordinates": [-90.0062581258202, 35.1433825075185]}, "properties": {"Record_ID": "RES-ALT-21-000273", "Issued_Date": 1616648400000, "Sub_Type": "Residential", "Construction_Type": "Alteration", "Valuation": 23000, "Address": "232 ANGELUS ST", "City": "MEMPHIS", "Description": "ROOF REPLACEMENT (CUSTOMER'S HANDWRITTING IS NOT LEGIBLE)", "ZIP_Code": null, "State": "TN", "Latitude": 35.14338250751847, "Longitude": -90.00625812582017, "ObjectId": 1966, "GlobalID": "6f7b5b97-ad16-43de-b7f4-6734dec61cd5"}}, {"type": "Feature", "id": 1973, "geometry": {"type": "Point", "coordinates": [-89.9247046515472, 35.0947555134802]}, "properties": {"Record_ID": "RES-ALT-21-000093", "Issued_Date": 1613455200000, "Sub_Type": "Residential", "Construction_Type": "Alteration", "Valuation": 11014, "Address": "4096 FIZER AVE", "City": "MEMPHIS", "Description": "Pocket Replacement Windows- Replace 9 Windows", "ZIP_Code": null, "State": "TN", "Latitude": 35.094755513480166, "Longitude": -89.92470465154717, "ObjectId": 1973, "GlobalID": "3d7da091-8d5a-490d-a6a6-51d0dd166862"}}, {"type": "Feature", "id": 1993, "geometry": {"type": "Point", "coordinates": [-89.7176192050397, 35.15315649282]}, "properties": {"Record_ID": "RES-ALT-22-000565", "Issued_Date": 1652072400000, "Sub_Type": "RES", "Construction_Type": "ALT", "Valuation": 118028.1, "Address": "10356 AUTUMN VIEW CV", "City": "CORDOVA", "Description": "Fire Damage to structure", "ZIP_Code": "38018", "State": "TN", "Latitude": 35.15315649281999, "Longitude": -89.71761920503968, "ObjectId": 1993, "GlobalID": "897cecf6-7d4c-4704-9d30-653a14d12ba8"}}, {"type": "Feature", "id": 2012, "geometry": {"type": "Point", "coordinates": [-90.0034051341905, 35.0275525301999]}, "properties": {"Record_ID": "RES-ALT-21-000393", "Issued_Date": 1618549200000, "Sub_Type": "Residential", "Construction_Type": "Alteration", "Valuation": 150000, "Address": "4437 WILLOWGROVE CV", "City": "MEMPHIS", "Description": "FIRE DAMAGE", "ZIP_Code": null, "State": "TN", "Latitude": 35.02755253019989, "Longitude": -90.0034051341905, "ObjectId": 2012, "GlobalID": "2a1c8857-32df-42e7-b832-b1cc47bf9f43"}}, {"type": "Feature", "id": 2018, "geometry": {"type": "Point", "coordinates": [-89.8992481555184, 35.1415825031306]}, "properties": {"Record_ID": "RES-ADD-20-000204", "Issued_Date": 1611813600000, "Sub_Type": "Residential", "Construction_Type": "ADD", "Valuation": 59000, "Address": "386 ELWOOD LN", "City": "MEMPHIS", "Description": "CONVENING THE EXISTING ATTIC SPACE OVER THE EXISTING GARAGE TO ADDITIONAL LIVING SPACE   19 X 30  = 520 SQ FT.", "ZIP_Code": null, "State": "TN", "Latitude": 35.14158250313058, "Longitude": -89.89924815551836, "ObjectId": 2018, "GlobalID": "21eeaa5a-4168-40fc-9393-509bb5187b50"}}, {"type": "Feature", "id": 2023, "geometry": {"type": "Point", "coordinates": [-90.023718128084, 35.0351845295916]}, "properties": {"Record_ID": "COM-ALT-20-000235", "Issued_Date": 1614664800000, "Sub_Type": "Commercial", "Construction_Type": "Alteration", "Valuation": 1835849, "Address": "1200 E RAINES RD", "City": "MEMPHIS", "Description": "", "ZIP_Code": null, "State": "TN", "Latitude": 35.035184529591646, "Longitude": -90.023718128084, "ObjectId": 2023, "GlobalID": "46bffac3-7e83-4265-b746-67cd83e81977"}}, {"type": "Feature", "id": 2024, "geometry": {"type": "Point", "coordinates": [-89.9587381337718, 35.2220064899542]}, "properties": {"Record_ID": "COM-ALT-21-000714", "Issued_Date": 1630472400000, "Sub_Type": "COM", "Construction_Type": "ALT", "Valuation": 131785, "Address": "3100 NEW FRAYSER BLVD", "City": "MEMPHIS", "Description": "Interior Tenant Improvement- Packsize install Structures only", "ZIP_Code": "38128", "State": "TN", "Latitude": 35.22200648995422, "Longitude": -89.95873813377179, "ObjectId": 2024, "GlobalID": "1b6d6c83-cd3a-45a3-93a6-6fb4f413548c"}}, {"type": "Feature", "id": 2048, "geometry": {"type": "Point", "coordinates": [-89.9090716529759, 35.1389275040882]}, "properties": {"Record_ID": "RES-NEW-20-000256", "Issued_Date": 1611295200000, "Sub_Type": "Residential", "Construction_Type": "New", "Valuation": 980000, "Address": "4415 CHICKASAW RD", "City": "MEMPHIS", "Description": "NEW 6235 SQ FT SFR", "ZIP_Code": null, "State": "TN", "Latitude": 35.138927504088244, "Longitude": -89.90907165297584, "ObjectId": 2048, "GlobalID": "6a4cc1f7-0dad-470f-9ee5-def71cb9340d"}}, {"type": "Feature", "id": 2107, "geometry": {"type": "Point", "coordinates": [-89.9762116324165, 35.1693205010848]}, "properties": {"Record_ID": "RES-ACC-21-000137", "Issued_Date": 1614319200000, "Sub_Type": "Residential", "Construction_Type": "Accessory", "Valuation": 1175, "Address": "2360 HUNTER AVE", "City": "MEMPHIS", "Description": "4' tall wooden fence across the front of the lot-total 40' long.", "ZIP_Code": null, "State": "TN", "Latitude": 35.169320501084776, "Longitude": -89.97621163241647, "ObjectId": 2107, "GlobalID": "ef67e35e-72d2-4a71-9175-eb9b7fa3534f"}}, {"type": "Feature", "id": 2109, "geometry": {"type": "Point", "coordinates": [-89.9946841303168, 35.1236095108949]}, "properties": {"Record_ID": "RES-ACC-21-000156", "Issued_Date": 1616734800000, "Sub_Type": "Residential", "Construction_Type": "Accessory", "Valuation": 33860, "Address": "2018 ELZEY AVE", "City": "MEMPHIS", "Description": "New Gunite swimming pool. Dimensions 8' x 16'.", "ZIP_Code": null, "State": "TN", "Latitude": 35.12360951089494, "Longitude": -89.99468413031676, "ObjectId": 2109, "GlobalID": "321dd757-3a46-451a-a099-da887e252a42"}}, {"type": "Feature", "id": 2121, "geometry": {"type": "Point", "coordinates": [-90.0027886266083, 35.1459745068549]}, "properties": {"Record_ID": "RES-ALT-21-001052", "Issued_Date": 1631682000000, "Sub_Type": "RES", "Construction_Type": "ALT", "Valuation": 75818, "Address": "294 N EVERGREEN ST", "City": "MEMPHIS", "Description": "Installing 31 solar panels & wiring on existing roof & 1 Enphase battery", "ZIP_Code": "38112", "State": "TN", "Latitude": 35.145974506854856, "Longitude": -90.00278862660828, "ObjectId": 2121, "GlobalID": "2fa7f54b-38ee-4ca4-9411-47150788f11f"}}, {"type": "Feature", "id": 2134, "geometry": {"type": "Point", "coordinates": [-89.85778066602, 35.1563604983848]}, "properties": {"Record_ID": "RES-ACC-21-000354", "Issued_Date": 1620363600000, "Sub_Type": "Residential", "Construction_Type": "Accessory", "Valuation": 10000, "Address": "1209 DOVECREST RD", "City": "MEMPHIS", "Description": "6' FT FENCE", "ZIP_Code": null, "State": "TN", "Latitude": 35.1563604983848, "Longitude": -89.85778066602, "ObjectId": 2134, "GlobalID": "4249048a-73c1-4c8d-b5ff-1bf6851e9430"}}, {"type": "Feature", "id": 2157, "geometry": {"type": "Point", "coordinates": [-89.9534416422455, 35.1155005106648]}, "properties": {"Record_ID": "RES-ACC-21-000499", "Issued_Date": 1623301200000, "Sub_Type": "Residential", "Construction_Type": "Accessory", "Valuation": 66650, "Address": "464 S HOLMES ST", "City": "MEMPHIS", "Description": "FIBER GLASS POOL INSTALLATION", "ZIP_Code": null, "State": "TN", "Latitude": 35.11550051066479, "Longitude": -89.95344164224547, "ObjectId": 2157, "GlobalID": "8be6534e-3c30-4fdc-971a-9ad2bc15dcbe"}}, {"type": "Feature", "id": 2169, "geometry": {"type": "Point", "coordinates": [-89.9436721449752, 35.1150505103211]}, "properties": {"Record_ID": "COM-ALT-22-000385", "Issued_Date": 1652763600000, "Sub_Type": "COM", "Construction_Type": "ALT", "Valuation": 110000, "Address": "3569 SOUTHERN AVE", "City": "MEMPHIS", "Description": "Modification of existing cell tower equipment for existing carrier, Verizon Wireless (applicant). Remove/replace/add antennas and other minor tower equipment to existing configuration. Complete antenna mount modifications. No increase in tower height or compound expansion.", "ZIP_Code": "38111", "State": "TN", "Latitude": 35.11505051032109, "Longitude": -89.94367214497524, "ObjectId": 2169, "GlobalID": "a36ac38c-5bf9-4e56-9b1a-b416cb25d218"}}, {"type": "Feature", "id": 2224, "geometry": {"type": "Point", "coordinates": [-89.9495609769053, 35.1078837545408]}, "properties": {"Record_ID": "COM-ALT-21-000040", "Issued_Date": 1611640800000, "Sub_Type": "Commercial", "Construction_Type": "ALT", "Valuation": 12500, "Address": "3390 E PARK AVE", "City": "MEMPHIS", "Description": "Tear out and repair work on the back side of the building due to tree falling from a storm.", "ZIP_Code": null, "State": "TN", "Latitude": 35.10788375454077, "Longitude": -89.9495609769053, "ObjectId": 2224, "GlobalID": "d5581bdd-a2fc-46a9-9857-a8bb61aa5ddf"}}, {"type": "Feature", "id": 2229, "geometry": {"type": "Point", "coordinates": [-89.6354222183548, 35.2972824607823]}, "properties": {"Record_ID": "RES-ACC-21-000072", "Issued_Date": 1612332000000, "Sub_Type": "Residential", "Construction_Type": "Accessory", "Valuation": 57303, "Address": "12791 ADLER LOOP", "City": "ARLINGTON", "Description": "INSTALL INGROUND VINYL LINER POOL 16 X 36", "ZIP_Code": null, "State": "TN", "Latitude": 35.29728246078227, "Longitude": -89.63542221835483, "ObjectId": 2229, "GlobalID": "2f465ee3-1a51-4bc6-ab00-97233ae1da28"}}, {"type": "Feature", "id": 2283, "geometry": {"type": "Point", "coordinates": [-90.0536116127247, 35.1436255095722]}, "properties": {"Record_ID": "COM-ALT-22-000459", "Issued_Date": 1653282000000, "Sub_Type": "COM", "Construction_Type": "ALT", "Valuation": 86073, "Address": "40 S MAIN ST", "City": "MEMPHIS", "Description": "Renovation to existing space.  Please refer to plan sheet A.0 (Cover Page) for a detailed description of work.", "ZIP_Code": "38103", "State": "TN", "Latitude": 35.1436255095722, "Longitude": -90.05361161272468, "ObjectId": 2283, "GlobalID": "503723ec-6aeb-41a2-bb00-fa3a23e6e8ca"}}, {"type": "Feature", "id": 2295, "geometry": {"type": "Point", "coordinates": [-89.9159926548504, 35.0810665157933]}, "properties": {"Record_ID": "RES-ALT-21-000300", "Issued_Date": 1615957200000, "Sub_Type": "Residential", "Construction_Type": "Alteration", "Valuation": 7405, "Address": "1836 CHERRY RD", "City": "MEMPHIS", "Description": "INSTALL REPLACEMENT WINDOWS. SAME SIZE AND TYPE", "ZIP_Code": null, "State": "TN", "Latitude": 35.08106651579326, "Longitude": -89.91599265485044, "ObjectId": 2295, "GlobalID": "769bcf23-42ac-4cb3-85c4-3f537d70bbdb"}}, {"type": "Feature", "id": 2300, "geometry": {"type": "Point", "coordinates": [-89.8274506814525, 35.0486215182917]}, "properties": {"Record_ID": "COM-NEW-21-000002", "Issued_Date": 1622178000000, "Sub_Type": "Commercial", "Construction_Type": "New", "Valuation": 1737970, "Address": "7050 WINCHESTER RD", "City": "MEMPHIS", "Description": "NEW CONSTRUCTION OF CAR WASH", "ZIP_Code": null, "State": "TN", "Latitude": 35.04862151829174, "Longitude": -89.82745068145253, "ObjectId": 2300, "GlobalID": "054aebcb-2330-4cc1-96de-aeea362bb417"}}, {"type": "Feature", "id": 2313, "geometry": {"type": "Point", "coordinates": [-90.00367512801, 35.1209095118246]}, "properties": {"Record_ID": "RES-NEW-21-000953", "Issued_Date": 1653368400000, "Sub_Type": "RES", "Construction_Type": "NEW", "Valuation": 349763, "Address": "1720 EUCLID AVE", "City": "MEMPHIS", "Description": "New Construction Of Single Family Residence", "ZIP_Code": "38114", "State": "TN", "Latitude": 35.12090951182456, "Longitude": -90.00367512801004, "ObjectId": 2313, "GlobalID": "047bc126-0bd8-4298-925c-ca9ebcc5f573"}}, {"type": "Feature", "id": 2331, "geometry": {"type": "Point", "coordinates": [-90.0644161120425, 35.1086155169349]}, "properties": {"Record_ID": "RES-ALT-20-000793", "Issued_Date": 1615870800000, "Sub_Type": "Residential", "Construction_Type": "Alteration", "Valuation": 150000, "Address": "1415 TUMBERLAND DR", "City": "MEMPHIS", "Description": "Replace electrical, HVAC, plumbing fixtures, wall ceiling and floor finishes on a previously hazardous material abated single family dwelling unit", "ZIP_Code": null, "State": "TN", "Latitude": 35.10861551693489, "Longitude": -90.06441611204251, "ObjectId": 2331, "GlobalID": "97f62d55-f7ec-4140-a6a6-c661581d908c"}}, {"type": "Feature", "id": 2339, "geometry": {"type": "Point", "coordinates": [-89.9015161428751, 35.3234724674875]}, "properties": {"Record_ID": "RES-ALT-22-000633", "Issued_Date": 1653627600000, "Sub_Type": "RES", "Construction_Type": "ALT", "Valuation": 24000, "Address": "7246 BAKER ST", "City": "MILLINGTON", "Description": "Remodel home. Mostly cosmetics.", "ZIP_Code": "38053", "State": "TN", "Latitude": 35.323472467487555, "Longitude": -89.90151614287508, "ObjectId": 2339, "GlobalID": "ea1fabe9-399d-442f-8dcb-aadade02ac57"}}, {"type": "Feature", "id": 2370, "geometry": {"type": "Point", "coordinates": [-89.917014155954, 35.0598355200244]}, "properties": {"Record_ID": "COM-ALT-21-000760", "Issued_Date": 1631595600000, "Sub_Type": "COM", "Construction_Type": "ALT", "Valuation": 40000, "Address": "3246 W DANVILLE CIR", "City": "MEMPHIS", "Description": "GENERAL REPAIR: DRYWALL, PAINT, FLOORING, TRIM", "ZIP_Code": "38118", "State": "TN", "Latitude": 35.05983552002443, "Longitude": -89.91701415595405, "ObjectId": 2370, "GlobalID": "8cb7d43c-ab3e-4282-9314-536ee6b56530"}}, {"type": "Feature", "id": 2372, "geometry": {"type": "Point", "coordinates": [-89.9125996577688, 35.050718521628]}, "properties": {"Record_ID": "COM-ADD-22-000008", "Issued_Date": 1652418000000, "Sub_Type": "COM", "Construction_Type": "ADD", "Valuation": 31356, "Address": "4426 WINCHESTER RD", "City": "MEMPHIS", "Description": "Remove and replace 5'x10' concrete pad and install a 30kw diesel generator & ATS.", "ZIP_Code": "38118", "State": "TN", "Latitude": 35.05071852162796, "Longitude": -89.91259965776881, "ObjectId": 2372, "GlobalID": "6aa8249c-0754-4170-8228-37354b0d4c01"}}, {"type": "Feature", "id": 2403, "geometry": {"type": "Point", "coordinates": [-89.762835197045, 35.0838025085009]}, "properties": {"Record_ID": "RES-ACC-21-000819", "Issued_Date": 1631682000000, "Sub_Type": "RES", "Construction_Type": "ACC", "Valuation": 3000, "Address": "8990 STRATFIELD CV", "City": "GERMANTOWN", "Description": "Hi I want to place a Detached Storage Shed in my backyard to store things. Shed Dimension is 10x16x7ft", "ZIP_Code": "38139", "State": "TN", "Latitude": 35.08380250850085, "Longitude": -89.76283519704506, "ObjectId": 2403, "GlobalID": "d2013467-745b-49ed-8c7d-1e25019e9729"}}, {"type": "Feature", "id": 2417, "geometry": {"type": "Point", "coordinates": [-89.9883121317795, 35.1281455097201]}, "properties": {"Record_ID": "RES-NEW-21-000435", "Issued_Date": 1624424400000, "Sub_Type": "Residential", "Construction_Type": "New", "Valuation": 250000, "Address": "2160 COWDEN AVE", "City": "MEMPHIS", "Description": "CONSTRUCT NEW SINGLE FAMILY HOME PER PLAN WITH NEW DRIVEWAY/ WALKWAYS", "ZIP_Code": null, "State": "TN", "Latitude": 35.12814550972008, "Longitude": -89.98831213177955, "ObjectId": 2417, "GlobalID": "1ac4cf76-a8e5-47a1-99d4-a8d8476ad4d0"}}, {"type": "Feature", "id": 2440, "geometry": {"type": "Point", "coordinates": [-89.7242206956706, 35.2678524705166]}, "properties": {"Record_ID": "RES-ACC-21-000841", "Issued_Date": 1631682000000, "Sub_Type": "RES", "Construction_Type": "ACC", "Valuation": 8000, "Address": "5273 IVY CREEK LN", "City": "LAKELAND", "Description": "Add pergola in backyard", "ZIP_Code": "38002", "State": "TN", "Latitude": 35.26785247051664, "Longitude": -89.7242206956706, "ObjectId": 2440, "GlobalID": "30f5555c-f3f0-42c7-9e63-2f3293a818b0"}}, {"type": "Feature", "id": 2454, "geometry": {"type": "Point", "coordinates": [-89.999602616625, 35.3101794744781]}, "properties": {"Record_ID": "RES-ALT-21-001382", "Issued_Date": 1632718800000, "Sub_Type": "RES", "Construction_Type": "ALT", "Valuation": 1065, "Address": "6771 CAMP JOHN RD", "City": "MILLINGTON", "Description": "Install replacement windows. Same size and type.", "ZIP_Code": "38053", "State": "TN", "Latitude": 35.31017947447808, "Longitude": -89.99960261662497, "ObjectId": 2454, "GlobalID": "d3e7bc38-35c3-4a11-8cde-fcb45e22993a"}}, {"type": "Feature", "id": 2512, "geometry": {"type": "Point", "coordinates": [-89.8626766735912, 35.0196775255571]}, "properties": {"Record_ID": "COM-ACC-21-000015", "Issued_Date": 1621918800000, "Sub_Type": "Commercial", "Construction_Type": "Accessory", "Valuation": 107997, "Address": "6070 E SHELBY DR", "City": "MEMPHIS", "Description": "Construction of accessory automatic gates and fencing.   Includes parking lot re-striping and new h.c. accessible parking.Existing fully sprinklered building is storage S-1 with accessory office.   No alterations to the existing building are included.", "ZIP_Code": null, "State": "TN", "Latitude": 35.01967752555707, "Longitude": -89.86267667359125, "ObjectId": 2512, "GlobalID": "c361cd9f-643d-486a-abde-5453e61bafc4"}}, {"type": "Feature", "id": 2543, "geometry": {"type": "Point", "coordinates": [-89.7871936825635, 35.2019724862768]}, "properties": {"Record_ID": "COM-NEW-21-000207", "Issued_Date": 1651554000000, "Sub_Type": "COM", "Construction_Type": "NEW", "Valuation": 2950000, "Address": "2859 N GERMANTOWN PKWY", "City": "MEMPHIS", "Description": "Commercial Building Permit for a proposed Whataburger Restaurant", "ZIP_Code": "38133", "State": "TN", "Latitude": 35.201972486276844, "Longitude": -89.78719368256347, "ObjectId": 2543, "GlobalID": "0f724924-93fc-4065-af9b-66667fe22b5a"}}, {"type": "Feature", "id": 2553, "geometry": {"type": "Point", "coordinates": [-89.8345471812721, 35.0211985240201]}, "properties": {"Record_ID": "RES-ALT-22-000672", "Issued_Date": 1653368400000, "Sub_Type": "RES", "Construction_Type": "ALT", "Valuation": 9932, "Address": "4571 LEASH LN", "City": "MEMPHIS", "Description": "Pocket Replacement Windows - Replace 8 Windows", "ZIP_Code": "38141", "State": "TN", "Latitude": 35.021198524020065, "Longitude": -89.83454718127207, "ObjectId": 2553, "GlobalID": "a5184dbc-68b9-4463-9073-7641c5c257f6"}}, {"type": "Feature", "id": 2573, "geometry": {"type": "Point", "coordinates": [-89.7717541966842, 35.0514115152908]}, "properties": {"Record_ID": "RES-ALT-21-000056", "Issued_Date": 1611122400000, "Sub_Type": "Residential", "Construction_Type": "ALT", "Valuation": 9152, "Address": "8738 SOUTHWIND DR", "City": "MEMPHIS", "Description": "INSTALL REPLACEMENT WINDOWS. SAME SIZE & TYPE", "ZIP_Code": null, "State": "TN", "Latitude": 35.051411515290795, "Longitude": -89.77175419668421, "ObjectId": 2573, "GlobalID": "ca6133e5-6d8e-4bca-9049-47dec3aee27a"}}, {"type": "Feature", "id": 2576, "geometry": {"type": "Point", "coordinates": [-89.730888515217, 35.2247739091975]}, "properties": {"Record_ID": "RES-NEW-21-000558", "Issued_Date": 1631163600000, "Sub_Type": "RES", "Construction_Type": "NEW", "Valuation": 267429, "Address": "9946 LAKE GENEVA ST N", "City": "ARLINGTON", "Description": "Willows at the Lake District Subdivision - New Construction of Town Home on single lot.", "ZIP_Code": "38002", "State": "TN", "Latitude": 35.2247739091975, "Longitude": -89.73088851521699, "ObjectId": 2576, "GlobalID": "4c8c3ae9-1e9b-47b3-a1ce-4d79a97774d6"}}, {"type": "Feature", "id": 2577, "geometry": {"type": "Point", "coordinates": [-89.8822786628173, 35.1018025102171]}, "properties": {"Record_ID": "RES-ADD-21-000288", "Issued_Date": 1623906000000, "Sub_Type": "Residential", "Construction_Type": "Addition", "Valuation": 29792, "Address": "5399 PAVILION GREEN DR S", "City": "MEMPHIS", "Description": "Project is a 14' x 18' screened in covered porch, with a shed style roof on an existing slab.", "ZIP_Code": null, "State": "TN", "Latitude": 35.10180251021714, "Longitude": -89.88227866281731, "ObjectId": 2577, "GlobalID": "0dd878bb-49ab-48ca-bce1-455c4a94150d"}}, {"type": "Feature", "id": 2587, "geometry": {"type": "Point", "coordinates": [-89.8003651912355, 35.0133865240623]}, "properties": {"Record_ID": "RES-ACC-21-000428", "Issued_Date": 1623646800000, "Sub_Type": "Residential", "Construction_Type": "Accessory", "Valuation": 58980, "Address": "4938 BRIONA CV", "City": "MEMPHIS", "Description": "Construction of gunite inground swimming pool", "ZIP_Code": null, "State": "TN", "Latitude": 35.01338652406233, "Longitude": -89.80036519123546, "ObjectId": 2587, "GlobalID": "8a10d2db-4e03-4207-864c-6a1dd8733d6e"}}, {"type": "Feature", "id": 2659, "geometry": {"type": "Point", "coordinates": [-89.9947606365455, 35.0280475297211]}, "properties": {"Record_ID": "RES-ADD-20-000157", "Issued_Date": 1609999200000, "Sub_Type": "Residential", "Construction_Type": "ADD", "Valuation": 26500, "Address": "2064 JANIS DR", "City": "MEMPHIS", "Description": "The new addition will 18ï¿½x13ï¿½3ï¿½. It will be located on the north east corner of the home in the back yard area. The addition will have one exterior door on the east side. The addition will be heated and cooled by a packed system.", "ZIP_Code": null, "State": "TN", "Latitude": 35.02804752972114, "Longitude": -89.99476063654548, "ObjectId": 2659, "GlobalID": "b94dac84-ed34-4b76-8ff5-18ccf8887b42"}}, {"type": "Feature", "id": 2677, "geometry": {"type": "Point", "coordinates": [-89.7255618068077, 35.265436983467]}, "properties": {"Record_ID": "RES-NEW-20-000261", "Issued_Date": 1609999200000, "Sub_Type": "Residential", "Construction_Type": "New", "Valuation": 269716, "Address": "5106 MOUDRY RUN CV", "City": "ARLINGTON", "Description": "BUILDING A SINGLE FAMILY RESIDENCE WITH 2 CAR GARAGE", "ZIP_Code": null, "State": "TN", "Latitude": 35.26543698346701, "Longitude": -89.72556180680775, "ObjectId": 2677, "GlobalID": "ca2248d0-c935-4e54-8eef-a5d20b603288"}}, {"type": "Feature", "id": 2692, "geometry": {"type": "Point", "coordinates": [-89.8463056715303, 35.1207295048974]}, "properties": {"Record_ID": "COM-ALT-22-000338", "Issued_Date": 1652418000000, "Sub_Type": "COM", "Construction_Type": "ALT", "Valuation": 110000, "Address": "6542 HUMPHREYS BLVD", "City": "MEMPHIS", "Description": "Modification of existing cell tower equipment for existing wireless carrier, Verizon Wireless (applicant). Remove/replace/add antennas and other minor tower equipment. Remove/replace antenna mount.", "ZIP_Code": "38120", "State": "TN", "Latitude": 35.1207295048974, "Longitude": -89.84630567153032, "ObjectId": 2692, "GlobalID": "6b98bb91-6b5a-4d3a-8381-a920c2e9926a"}}, {"type": "Feature", "id": 2718, "geometry": {"type": "Point", "coordinates": [-90.0128371329138, 35.0071675346354]}, "properties": {"Record_ID": "RES-ALT-22-000708", "Issued_Date": 1653973200000, "Sub_Type": "RES", "Construction_Type": "ALT", "Valuation": 12613, "Address": "1489 DARDON AVE", "City": "MEMPHIS", "Description": "Pocket Replacement Windows - Replace 11 Windows", "ZIP_Code": "38116", "State": "TN", "Latitude": 35.00716753463536, "Longitude": -90.0128371329138, "ObjectId": 2718, "GlobalID": "a1f7f163-b9de-4e56-a9df-d92cad491268"}}, {"type": "Feature", "id": 2734, "geometry": {"type": "Point", "coordinates": [-89.8371076802996, 35.025266523329]}, "properties": {"Record_ID": "RES-ALT-20-000815", "Issued_Date": 1611036000000, "Sub_Type": "Residential", "Construction_Type": "ALT", "Valuation": 7800, "Address": "4454 GRINSTEAD CV", "City": "MEMPHIS", "Description": "Pocket Replacement Windows- Replace 12 Windows", "ZIP_Code": null, "State": "TN", "Latitude": 35.02526652332899, "Longitude": -89.83710768029961, "ObjectId": 2734, "GlobalID": "b73a4224-7124-4a75-8f7d-bb90aa9fbec7"}}, {"type": "Feature", "id": 2742, "geometry": {"type": "Point", "coordinates": [-89.8982176512116, 35.2113864893505]}, "properties": {"Record_ID": "COM-ALT-21-000407", "Issued_Date": 1622091600000, "Sub_Type": "Commercial", "Construction_Type": "Alteration", "Valuation": 103000, "Address": "4966 ARROYO RD", "City": "MEMPHIS", "Description": "Fire damage repairs", "ZIP_Code": null, "State": "TN", "Latitude": 35.211386489350524, "Longitude": -89.89821765121158, "ObjectId": 2742, "GlobalID": "c58f0102-979b-4843-9a32-82f5ea84ab78"}}, {"type": "Feature", "id": 2763, "geometry": {"type": "Point", "coordinates": [-89.7190591991725, 35.2364424764699]}, "properties": {"Record_ID": "RES-NEW-21-000195", "Issued_Date": 1617858000000, "Sub_Type": "Residential", "Construction_Type": "New", "Valuation": 450000, "Address": "10303 GRAY HERON LN", "City": "LAKELAND", "Description": "NEW SINGLE FAMILY RESIDENCE W/ATT DBL GARAGE", "ZIP_Code": null, "State": "TN", "Latitude": 35.236442476469925, "Longitude": -89.71905919917252, "ObjectId": 2763, "GlobalID": "fb3977c5-7910-4aa7-b27b-b2b50f70eac4"}}, {"type": "Feature", "id": 2778, "geometry": {"type": "Point", "coordinates": [-89.7378062001601, 35.142257495861]}, "properties": {"Record_ID": "RES-NEW-22-000265", "Issued_Date": 1652331600000, "Sub_Type": "RES", "Construction_Type": "NEW", "Valuation": 430361, "Address": "677 WOODLAND FOX LN E", "City": "CORDOVA", "Description": "Building a single family residence w/ a 2 car garage.", "ZIP_Code": "38018", "State": "TN", "Latitude": 35.142257495861045, "Longitude": -89.73780620016007, "ObjectId": 2778, "GlobalID": "70aabb1d-def4-4c66-99f9-acfcff9b3ea1"}}, {"type": "Feature", "id": 2800, "geometry": {"type": "Point", "coordinates": [-89.8150216874654, 35.0089945255739]}, "properties": {"Record_ID": "RES-ALT-21-001290", "Issued_Date": 1631250000000, "Sub_Type": "RES", "Construction_Type": "ALT", "Valuation": 1539, "Address": "5107 STONE SHADOWS DR", "City": "MEMPHIS", "Description": "Install replacement windows. Same size and type.", "ZIP_Code": "38125", "State": "TN", "Latitude": 35.008994525573925, "Longitude": -89.81502168746538, "ObjectId": 2800, "GlobalID": "683804ae-56b4-40e8-b791-7a97685742c5"}}, {"type": "Feature", "id": 2809, "geometry": {"type": "Point", "coordinates": [-89.7953692536177, 35.1466030237017]}, "properties": {"Record_ID": "COM-ALT-20-000444", "Issued_Date": 1611122400000, "Sub_Type": "Commercial", "Construction_Type": "ALT", "Valuation": 248756.32, "Address": "786 N GERMANTOWN PKWY", "City": "CORDOVA", "Description": "Interior renovations to existing CVS pharmacy.  No changes proposed to exterior.  No changes proposed to existing building footprint.  Interior renovations to include construction of new walls, removal and replacement of existing finishes and millwork.", "ZIP_Code": null, "State": "TN", "Latitude": 35.14660302370174, "Longitude": -89.79536925361775, "ObjectId": 2809, "GlobalID": "b1b408a2-b595-4f91-b84e-ea5b15b928a1"}}, {"type": "Feature", "id": 2825, "geometry": {"type": "Point", "coordinates": [-89.7750481947964, 35.0664145124721]}, "properties": {"Record_ID": "RES-ALT-20-000616", "Issued_Date": 1611295200000, "Sub_Type": "Residential", "Construction_Type": "ALT", "Valuation": 1172, "Address": "8598 BEAVERWOOD DR", "City": "GERMANTOWN", "Description": "INSTALL REPLACEMENT WINDOWS  SAME SIZE AND TYPE", "ZIP_Code": null, "State": "TN", "Latitude": 35.06641451247212, "Longitude": -89.77504819479636, "ObjectId": 2825, "GlobalID": "b5d75ed5-2122-4125-9aca-6651d142294b"}}, {"type": "Feature", "id": 2838, "geometry": {"type": "Point", "coordinates": [-89.8234456656779, 35.3056074675098]}, "properties": {"Record_ID": "RES-ALT-21-001273", "Issued_Date": 1630645200000, "Sub_Type": "RES", "Construction_Type": "ALT", "Valuation": 13665, "Address": "6636 AUSTIN PEAY HWY", "City": "ARLINGTON", "Description": "Install replacement windows. Same size and type.", "ZIP_Code": "38002", "State": "TN", "Latitude": 35.3056074675098, "Longitude": -89.82344566567787, "ObjectId": 2838, "GlobalID": "e787383e-34ca-4fe8-97ff-036f41aa2554"}}, {"type": "Feature", "id": 2847, "geometry": {"type": "Point", "coordinates": [-89.6380547174341, 35.3001624603324]}, "properties": {"Record_ID": "RES-ADD-22-000166", "Issued_Date": 1652245200000, "Sub_Type": "RES", "Construction_Type": "ADD", "Valuation": 10000, "Address": "6417 ANGLIA VALLEY DR", "City": "ARLINGTON", "Description": "9.6X23.6 COVERED PORCH; METAL ROOF", "ZIP_Code": "38002", "State": "TN", "Latitude": 35.30016246033235, "Longitude": -89.63805471743409, "ObjectId": 2847, "GlobalID": "272dde66-8ac4-4b57-9d57-777ab2a8f27f"}}, {"type": "Feature", "id": 2869, "geometry": {"type": "Point", "coordinates": [-89.9459176425431, 35.1426625049849]}, "properties": {"Record_ID": "RES-ADD-21-000077", "Issued_Date": 1618549200000, "Sub_Type": "Residential", "Construction_Type": "Addition", "Valuation": 87000, "Address": "3427 KEL CREEK CV", "City": "MEMPHIS", "Description": "ROOM ADDITION AND INTERIOR REMODEL", "ZIP_Code": null, "State": "TN", "Latitude": 35.142662504984926, "Longitude": -89.9459176425431, "ObjectId": 2869, "GlobalID": "9f92b978-38b4-4878-a12c-9b44e0b5af38"}}, {"type": "Feature", "id": 2887, "geometry": {"type": "Point", "coordinates": [-89.9293981446694, 35.1797874969486]}, "properties": {"Record_ID": "RES-ACC-20-000279", "Issued_Date": 1619154000000, "Sub_Type": "Residential", "Construction_Type": "Accessory", "Valuation": 10000, "Address": "1784 ATLAS ST", "City": "MEMPHIS", "Description": "FENCE IN FRONT YARD", "ZIP_Code": null, "State": "TN", "Latitude": 35.17978749694863, "Longitude": -89.92939814466943, "ObjectId": 2887, "GlobalID": "9a99e171-bd07-45b3-87aa-471166481016"}}, {"type": "Feature", "id": 2974, "geometry": {"type": "Point", "coordinates": [-89.8785301666902, 35.058359518619]}, "properties": {"Record_ID": "RES-ALT-21-000321", "Issued_Date": 1617080400000, "Sub_Type": "Residential", "Construction_Type": "Alteration", "Valuation": 4200, "Address": "3240 LANSING DR", "City": "MEMPHIS", "Description": "Pocket Replacement Windows- 6 Windows", "ZIP_Code": null, "State": "TN", "Latitude": 35.05835951861899, "Longitude": -89.87853016669017, "ObjectId": 2974, "GlobalID": "2a7e6495-6782-4236-92fd-49b89ae0e715"}}, {"type": "Feature", "id": 2983, "geometry": {"type": "Point", "coordinates": [-89.8719736601772, 35.1855114932751]}, "properties": {"Record_ID": "COM-ALT-22-000067", "Issued_Date": 1652072400000, "Sub_Type": "COM", "Construction_Type": "ALT", "Valuation": 579625.69, "Address": "5770 TANGLE OAKS DR", "City": "MEMPHIS", "Description": "Remove & Replace fire damage per the drawings.  Drywall, insulation, windows where needed, cabinets, counter tops, plumbing fixtures, flooring, paint, appliances, HVAC, etc.", "ZIP_Code": "38134", "State": "TN", "Latitude": 35.18551149327514, "Longitude": -89.87197366017718, "ObjectId": 2983, "GlobalID": "7afb1076-89f8-4140-9f8d-f45123e429f9"}}, {"type": "Feature", "id": 2984, "geometry": {"type": "Point", "coordinates": [-89.8068586890411, 35.0195155231361]}, "properties": {"Record_ID": "RES-ALT-21-001279", "Issued_Date": 1631768400000, "Sub_Type": "RES", "Construction_Type": "ALT", "Valuation": 82267, "Address": "7683 CALLAWAY HILLS CV", "City": "MEMPHIS", "Description": "Roof mounted solar panels kW, 35 LG375, 35 EnphaseIQ7plus", "ZIP_Code": "38125", "State": "TN", "Latitude": 35.01951552313609, "Longitude": -89.80685868904115, "ObjectId": 2984, "GlobalID": "6139572c-8d63-4b9e-b3ae-c9c31ca8f114"}}, {"type": "Feature", "id": 2991, "geometry": {"type": "Point", "coordinates": [-89.6863262055106, 35.277950466847]}, "properties": {"Record_ID": "RES-NEW-21-000082", "Issued_Date": 1612936800000, "Sub_Type": "Residential", "Construction_Type": "New", "Valuation": 281430, "Address": "11289 ARDSLEY DR S", "City": "ARLINGTON", "Description": "CONSTRUCT NEW SFR W/ATTACHED 2 CAR GARAGE", "ZIP_Code": null, "State": "TN", "Latitude": 35.277950466846995, "Longitude": -89.68632620551064, "ObjectId": 2991, "GlobalID": "e30c6aee-6a55-4f3b-beaf-5f0a7c72c53b"}}, {"type": "Feature", "id": 3047, "geometry": {"type": "Point", "coordinates": [-89.872563165269, 35.1054025090784]}, "properties": {"Record_ID": "COM-NEW-21-000304", "Issued_Date": 1653973200000, "Sub_Type": "COM", "Construction_Type": "NEW", "Valuation": 389820, "Address": "5668 POPLAR AVE", "City": "MEMPHIS", "Description": "Above ground burial mausoleum with casket space only-- no utilities.", "ZIP_Code": "38119", "State": "TN", "Latitude": 35.10540250907842, "Longitude": -89.87256316526904, "ObjectId": 3047, "GlobalID": "a5f19a8b-9c84-480f-b78e-9bb46c33c4da"}}, {"type": "Feature", "id": 3048, "geometry": {"type": "Point", "coordinates": [-90.0444766140463, 35.1618685055813]}, "properties": {"Record_ID": "COM-ALT-22-000319", "Issued_Date": 1651813200000, "Sub_Type": "COM", "Construction_Type": "ALT", "Valuation": 5000, "Address": "669 N SECOND ST", "City": "MEMPHIS", "Description": "UPGRADE AND COSMETIC IMPROVEMENTS-UNIT 101& 106- FLOORING, COUNTERTOP, FIXTURES", "ZIP_Code": "38107", "State": "TN", "Latitude": 35.16186850558134, "Longitude": -90.04447661404629, "ObjectId": 3048, "GlobalID": "4446acd1-1289-4eb4-a2e5-b3ba13dc44ed"}}, {"type": "Feature", "id": 3055, "geometry": {"type": "Point", "coordinates": [-89.7451726919104, 35.2368204775535]}, "properties": {"Record_ID": "RES-ALT-21-000161", "Issued_Date": 1613714400000, "Sub_Type": "Residential", "Construction_Type": "Alteration", "Valuation": 15000, "Address": "4072 PELICAN HILL CV", "City": "LAKELAND", "Description": "Repair exterior wall framing, drywall due to vehicle running into.", "ZIP_Code": null, "State": "TN", "Latitude": 35.236820477553465, "Longitude": -89.74517269191041, "ObjectId": 3055, "GlobalID": "e262c544-8bca-4eac-b31d-a55b7cf8611b"}}, {"type": "Feature", "id": 3057, "geometry": {"type": "Point", "coordinates": [-89.882584656292, 35.1999294909094]}, "properties": {"Record_ID": "RES-ALT-21-001136", "Issued_Date": 1630645200000, "Sub_Type": "RES", "Construction_Type": "ALT", "Valuation": 9641, "Address": "5415 LONGWOOD DR", "City": "MEMPHIS", "Description": "Install replacement windows. Same size and type.", "ZIP_Code": "38134", "State": "TN", "Latitude": 35.19992949090937, "Longitude": -89.88258465629197, "ObjectId": 3057, "GlobalID": "928b119e-f0cc-4b4a-93b9-8104ea26a7e4"}}, {"type": "Feature", "id": 3112, "geometry": {"type": "Point", "coordinates": [-89.8060351835662, 35.1070945058081]}, "properties": {"Record_ID": "RES-ADD-22-000156", "Issued_Date": 1652072400000, "Sub_Type": "RES", "Construction_Type": "ADD", "Valuation": 167191, "Address": "7701 BLACKBERRY RIDGE CV", "City": "GERMANTOWN", "Description": "Addition of 1,258 sq ft under roof with 840 being heated and 418 covered porches.", "ZIP_Code": "38138", "State": "TN", "Latitude": 35.10709450580809, "Longitude": -89.80603518356622, "ObjectId": 3112, "GlobalID": "4b722307-da15-4c02-b3f5-316bf20c1678"}}, {"type": "Feature", "id": 3128, "geometry": {"type": "Point", "coordinates": [-89.6752382077149, 35.2911354637601]}, "properties": {"Record_ID": "COM-ALT-21-000738", "Issued_Date": 1631163600000, "Sub_Type": "COM", "Construction_Type": "ALT", "Valuation": 127630, "Address": "6050 AIRLINE RD", "City": "ARLINGTON", "Description": "Expansion of existing office into adjacent space.", "ZIP_Code": "38002", "State": "TN", "Latitude": 35.29113546376014, "Longitude": -89.67523820771494, "ObjectId": 3128, "GlobalID": "7b0c3fe5-2e49-4d54-b71f-660f8d8529fe"}}, {"type": "Feature", "id": 3144, "geometry": {"type": "Point", "coordinates": [-89.8414366753006, 35.0836495119944]}, "properties": {"Record_ID": "RES-NEW-20-000217", "Issued_Date": 1615356000000, "Sub_Type": "Residential", "Construction_Type": "New", "Valuation": 400000, "Address": "2384 CORINNE OAK CT", "City": "MEMPHIS", "Description": "NEW RESIDENTIAL HOME", "ZIP_Code": null, "State": "TN", "Latitude": 35.08364951199439, "Longitude": -89.84143667530064, "ObjectId": 3144, "GlobalID": "6be4dd19-73d2-441f-939b-c660ac8f98cb"}}, {"type": "Feature", "id": 3159, "geometry": {"type": "Point", "coordinates": [-89.9199706542134, 35.0739835173651]}, "properties": {"Record_ID": "COM-ALT-22-000393", "Issued_Date": 1652936400000, "Sub_Type": "COM", "Construction_Type": "ALT", "Valuation": 50000, "Address": "4314 AMERICAN WAY", "City": "MEMPHIS", "Description": "Remodel entire restaurant", "ZIP_Code": "38118", "State": "TN", "Latitude": 35.07398351736515, "Longitude": -89.91997065421342, "ObjectId": 3159, "GlobalID": "8b092bf9-a8e3-4641-955b-e9d29e39fe81"}}, {"type": "Feature", "id": 3169, "geometry": {"type": "Point", "coordinates": [-89.7824043906626, 35.171267046798]}, "properties": {"Record_ID": "RES-ALT-21-000549", "Issued_Date": 1620104400000, "Sub_Type": "Residential", "Construction_Type": "Alteration", "Valuation": 4562.06, "Address": "8413 KIMBERLY ROSE DR", "City": "CORDOVA", "Description": "Vinyl Window Installation", "ZIP_Code": null, "State": "TN", "Latitude": 35.17126704679803, "Longitude": -89.78240439066263, "ObjectId": 3169, "GlobalID": "f2ded142-c634-4385-8de3-4c94a432c6b0"}}, {"type": "Feature", "id": 3170, "geometry": {"type": "Point", "coordinates": [-89.8832911688519, 35.0048905293839]}, "properties": {"Record_ID": "COM-ALT-21-000869", "Issued_Date": 1631077200000, "Sub_Type": "COM", "Construction_Type": "ALT", "Valuation": 285481, "Address": "5388 E HOLMES RD", "City": "MEMPHIS", "Description": "There is an existing cell tower at this location with a carrier already on the tower , we will be adding Verizon to this tower .\nCLONED FROM COM-NEW-21-000217", "ZIP_Code": "38118", "State": "TN", "Latitude": 35.00489052938389, "Longitude": -89.88329116885193, "ObjectId": 3170, "GlobalID": "5ba5e636-1fb5-4f51-949f-eec4768a221d"}}, {"type": "Feature", "id": 3198, "geometry": {"type": "Point", "coordinates": [-89.9043556419449, 35.325641467189]}, "properties": {"Record_ID": "COM-NEW-21-000050", "Issued_Date": 1615870800000, "Sub_Type": "Commercial", "Construction_Type": "New", "Valuation": 1879521, "Address": "4760 Egret Drive S", "City": "MILLINGTON", "Description": "This multifamily project consists of (5) total residential buildings (R-2) of Type VA construction and a freestanding leasing building (A-3), also of Type VA construction. All residential buildings will be protected with an automatic sprinkler system in accordance with NFPA-13R. The leasing building will not be equipped with an automatic sprinkler system. There will be 80 total units, with a mix of two bedroom and three bedroom units. All residential buildings will be two stories. This building permit application is being submitted for Residential Building #3 at 4760 Egret Drive S. Please refer to the master permit application number COM-NEW-21-000006 for all related construction documents and attachments.", "ZIP_Code": null, "State": "TN", "Latitude": 35.32564146718903, "Longitude": -89.90435564194486, "ObjectId": 3198, "GlobalID": "71cb94c1-ffbe-4f8b-85a5-03694dec01b5"}}, {"type": "Feature", "id": 3248, "geometry": {"type": "Point", "coordinates": [-89.9583421397257, 35.1332665073845]}, "properties": {"Record_ID": "RES-ALT-22-000608", "Issued_Date": 1652331600000, "Sub_Type": "RES", "Construction_Type": "ALT", "Valuation": 10000, "Address": "3192 WALNUT GROVE RD", "City": "MEMPHIS", "Description": "Replacing windows and doors", "ZIP_Code": "38111", "State": "TN", "Latitude": 35.1332665073845, "Longitude": -89.95834213972564, "ObjectId": 3248, "GlobalID": "aa8b801c-5d3c-4e72-a7d1-c668655b1941"}}, {"type": "Feature", "id": 3282, "geometry": {"type": "Point", "coordinates": [-89.7287611946764, 35.2638474715063]}, "properties": {"Record_ID": "RES-NEW-21-000584", "Issued_Date": 1631768400000, "Sub_Type": "RES", "Construction_Type": "NEW", "Valuation": 280873, "Address": "10025 Adagio CV", "City": "LAKELAND", "Description": "Building a single family residence w/ a 2 car garage.", "ZIP_Code": "38002", "State": "TN", "Latitude": 35.26384747150625, "Longitude": -89.72876119467638, "ObjectId": 3282, "GlobalID": "9ba0633b-e2d1-4fa5-9172-e2c68965b9b0"}}, {"type": "Feature", "id": 3321, "geometry": {"type": "Point", "coordinates": [-89.995503131503, 35.1020725151699]}, "properties": {"Record_ID": "RES-ACC-21-000821", "Issued_Date": 1631163600000, "Sub_Type": "RES", "Construction_Type": "ACC", "Valuation": 2496, "Address": "1586 E DIANNE CIR", "City": "MEMPHIS", "Description": "Shed", "ZIP_Code": "38114", "State": "TN", "Latitude": 35.10207251516993, "Longitude": -89.99550313150297, "ObjectId": 3321, "GlobalID": "1407362b-15e6-4e51-adea-57c3cfa2f24d"}}, {"type": "Feature", "id": 3338, "geometry": {"type": "Point", "coordinates": [-89.729377696606, 35.2319874778046]}, "properties": {"Record_ID": "RES-ADD-21-000024", "Issued_Date": 1611813600000, "Sub_Type": "Residential", "Construction_Type": "ADD", "Valuation": 50000, "Address": "10049 HARBOR POINTE WAY", "City": "LAKELAND", "Description": "FINISH OUT ATTIC SPACE FOR MEDIA ROOM , BATH AND BED ROOM", "ZIP_Code": null, "State": "TN", "Latitude": 35.23198747780455, "Longitude": -89.72937769660598, "ObjectId": 3338, "GlobalID": "42a4dfd3-328a-439f-bdd1-7517a4748dcd"}}, {"type": "Feature", "id": 3342, "geometry": {"type": "Point", "coordinates": [-89.882463163227, 35.0947555116144]}, "properties": {"Record_ID": "RES-NEW-22-000099", "Issued_Date": 1653282000000, "Sub_Type": "RES", "Construction_Type": "NEW", "Valuation": 650000, "Address": "5378 SHADY BREEZE CV", "City": "MEMPHIS", "Description": "Single Family New Residential", "ZIP_Code": "38119", "State": "TN", "Latitude": 35.09475551161442, "Longitude": -89.882463163227, "ObjectId": 3342, "GlobalID": "97cf55ba-dca2-4cde-ac4b-149359800d46"}}, {"type": "Feature", "id": 3350, "geometry": {"type": "Point", "coordinates": [-89.9070691532343, 35.1434275031136]}, "properties": {"Record_ID": "RES-NEW-21-000345", "Issued_Date": 1621400400000, "Sub_Type": "Residential", "Construction_Type": "New", "Valuation": 300000, "Address": "462 OMA CV", "City": "MEMPHIS", "Description": "We are building a new, single-family residence w/attached double garage", "ZIP_Code": null, "State": "TN", "Latitude": 35.14342750311358, "Longitude": -89.90706915323432, "ObjectId": 3350, "GlobalID": "b509cc88-83ec-40cb-b5b9-43f0851d9f3c"}}, {"type": "Feature", "id": 3358, "geometry": {"type": "Point", "coordinates": [-89.9568121466573, 35.0337355269265]}, "properties": {"Record_ID": "RES-ALT-21-000076", "Issued_Date": 1611208800000, "Sub_Type": "Residential", "Construction_Type": "ALT", "Valuation": 6500, "Address": "4155 HILLGATE ST", "City": "MEMPHIS", "Description": "Footings and foundation, extension of patio, creation of new steps, and construction of handrails.", "ZIP_Code": null, "State": "TN", "Latitude": 35.03373552692651, "Longitude": -89.95681214665727, "ObjectId": 3358, "GlobalID": "68c2e49f-7330-4a2e-b4f1-adb3ffe5e10d"}}, {"type": "Feature", "id": 3373, "geometry": {"type": "Point", "coordinates": [-89.7243882556771, 35.1591440873158]}, "properties": {"Record_ID": "RES-NEW-22-000389", "Issued_Date": 1653368400000, "Sub_Type": "RES", "Construction_Type": "NEW", "Valuation": 285123, "Address": "10128 AMBERTON CV", "City": "CORDOVA", "Description": "Building a single family residence w/ a 2 car garage.", "ZIP_Code": "38018", "State": "TN", "Latitude": 35.15914408731582, "Longitude": -89.72438825567711, "ObjectId": 3373, "GlobalID": "053dcb4f-f1bd-4873-bbf2-fc9f875bb02e"}}, {"type": "Feature", "id": 3386, "geometry": {"type": "Point", "coordinates": [-89.9152051403722, 35.3041314718926]}, "properties": {"Record_ID": "RES-ALT-21-000050", "Issued_Date": 1611122400000, "Sub_Type": "Residential", "Construction_Type": "ALT", "Valuation": 1060, "Address": "6568 MISSLOW CV", "City": "MILLINGTON", "Description": "INSTALL REPLACEMENT WINDOWS SAME SIZE AND TYPE", "ZIP_Code": null, "State": "TN", "Latitude": 35.30413147189264, "Longitude": -89.91520514037224, "ObjectId": 3386, "GlobalID": "fa70675a-fc64-40c0-bf8c-ebe3a58aa5bf"}}, {"type": "Feature", "id": 3388, "geometry": {"type": "Point", "coordinates": [-90.0014431314349, 35.0780515201624]}, "properties": {"Record_ID": "RES-ALT-21-000568", "Issued_Date": 1623214800000, "Sub_Type": "Residential", "Construction_Type": "Alteration", "Valuation": 9000, "Address": "2441 VERDUN ST", "City": "MEMPHIS", "Description": "Pocket replacement windows- 9 Windows", "ZIP_Code": null, "State": "TN", "Latitude": 35.07805152016244, "Longitude": -90.00144313143493, "ObjectId": 3388, "GlobalID": "e224df37-2e12-426a-8191-128e54c09f89"}}, {"type": "Feature", "id": 3449, "geometry": {"type": "Point", "coordinates": [-89.8344931761981, 35.0993275085956]}, "properties": {"Record_ID": "RES-ADD-21-000177", "Issued_Date": 1620104400000, "Sub_Type": "Residential", "Construction_Type": "Addition", "Valuation": 4000, "Address": "1803 OAK HILL RD", "City": "GERMANTOWN", "Description": "I have a small existing \"dormer\" bathroom on the second floor of my house. It has a toilet, sink and a shower. The current size is approximately 7'8\" by 7'7\" for a total existing square footage of 60 sf. I wish to apply for a permit that will allow me to enlarge the present dormer bathroom by an additional 8'8\" sf.  equaling another 40 sf. Total bathroom sf once completed = 100 sf.", "ZIP_Code": null, "State": "TN", "Latitude": 35.0993275085956, "Longitude": -89.83449317619812, "ObjectId": 3449, "GlobalID": "70853fd7-8aee-4ed5-9b05-a15858cf5a05"}}, {"type": "Feature", "id": 3468, "geometry": {"type": "Point", "coordinates": [-90.0526171128891, 35.145299509199]}, "properties": {"Record_ID": "COM-ALT-21-000153", "Issued_Date": 1618462800000, "Sub_Type": "Commercial", "Construction_Type": "Alteration", "Valuation": 310504, "Address": "2 N MAIN ST", "City": "MEMPHIS", "Description": "EXTERIOR RENOVATION AND WINDOW REPLACEMENT", "ZIP_Code": null, "State": "TN", "Latitude": 35.145299509199, "Longitude": -90.05261711288914, "ObjectId": 3468, "GlobalID": "fb9fee6c-ec49-4738-80c1-f0e16a54183d"}}, {"type": "Feature", "id": 3482, "geometry": {"type": "Point", "coordinates": [-90.0051106270415, 35.1296215101742]}, "properties": {"Record_ID": "B1095784", "Issued_Date": 1609826400000, "Sub_Type": "Residential", "Construction_Type": "ACC", "Valuation": 97937, "Address": "267 S BELVEDERE BLVD", "City": "MEMPHIS", "Description": "15x35 GUNITE POOL W SPA   MAP 36 F", "ZIP_Code": null, "State": "TN", "Latitude": 35.129621510174196, "Longitude": -90.00511062704147, "ObjectId": 3482, "GlobalID": "b09378a0-7446-4789-89d7-7cd81cb57487"}}, {"type": "Feature", "id": 3490, "geometry": {"type": "Point", "coordinates": [-89.87025016388, 35.1363895028701]}, "properties": {"Record_ID": "RES-ALT-20-000831", "Issued_Date": 1610604000000, "Sub_Type": "Residential", "Construction_Type": "ALT", "Valuation": 46766, "Address": "5697 BUXBRIAR AVE", "City": "MEMPHIS", "Description": "We will be tearing out the following: Cabinets, counter tops, fur downs, Sheetrock, baseboard, shoe mold, paneling, sink, faucet, door and window casing, tile floor, hardwood, floor, and replacing with new.", "ZIP_Code": null, "State": "TN", "Latitude": 35.136389502870095, "Longitude": -89.87025016387997, "ObjectId": 3490, "GlobalID": "f1b3083c-dadd-468b-9ba3-ebf296a721aa"}}, {"type": "Feature", "id": 3506, "geometry": {"type": "Point", "coordinates": [-90.0892246103322, 35.0301535334751]}, "properties": {"Record_ID": "RES-ALT-21-001298", "Issued_Date": 1632718800000, "Sub_Type": "RES", "Construction_Type": "ALT", "Valuation": 15159, "Address": "730 RANGER AVE", "City": "MEMPHIS", "Description": "Pocket Replacement Windows - Replace 12 Windows", "ZIP_Code": "38109", "State": "TN", "Latitude": 35.03015353347512, "Longitude": -90.08922461033221, "ObjectId": 3506, "GlobalID": "fa264efe-30a1-4acb-900f-b01a3b55b3cd"}}, {"type": "Feature", "id": 3514, "geometry": {"type": "Point", "coordinates": [-89.9328676461456, 35.1427435043908]}, "properties": {"Record_ID": "RES-ALT-22-000592", "Issued_Date": 1652245200000, "Sub_Type": "RES", "Construction_Type": "ALT", "Valuation": 95000, "Address": "410 LYTLE ST", "City": "MEMPHIS", "Description": "Remodel of kitchen & bath", "ZIP_Code": "38122", "State": "TN", "Latitude": 35.142743504390815, "Longitude": -89.9328676461456, "ObjectId": 3514, "GlobalID": "880a468c-2066-43f8-8a17-ce1600a9e929"}}, {"type": "Feature", "id": 3517, "geometry": {"type": "Point", "coordinates": [-89.9768956350748, 35.1260035096358]}, "properties": {"Record_ID": "RES-ADD-21-000094", "Issued_Date": 1616562000000, "Sub_Type": "Residential", "Construction_Type": "Addition", "Valuation": 15000, "Address": "248 E EDWIN CIR", "City": "MEMPHIS", "Description": "LAUNDRY ROOM ADDITION", "ZIP_Code": null, "State": "TN", "Latitude": 35.1260035096358, "Longitude": -89.97689563507478, "ObjectId": 3517, "GlobalID": "bfed0225-f13c-4d1d-b13b-59236c8864fd"}}, {"type": "Feature", "id": 3565, "geometry": {"type": "Point", "coordinates": [-89.8566961681582, 35.1283255038595]}, "properties": {"Record_ID": "COM-ALT-22-000370", "Issued_Date": 1651726800000, "Sub_Type": "COM", "Construction_Type": "ALT", "Valuation": 59740, "Address": "55 HUMPHREYS CENTER DR", "City": "MEMPHIS", "Description": "Renovation of existing doctors offices.", "ZIP_Code": "38120", "State": "TN", "Latitude": 35.12832550385952, "Longitude": -89.85669616815815, "ObjectId": 3565, "GlobalID": "ca2d29ab-d65a-4864-9fcd-af1a8ea6e2f8"}}, {"type": "Feature", "id": 3597, "geometry": {"type": "Point", "coordinates": [-89.7752117924983, 35.133465034474]}, "properties": {"Record_ID": "RES-ACC-21-000555", "Issued_Date": 1623214800000, "Sub_Type": "Residential", "Construction_Type": "Accessory", "Valuation": 3500, "Address": "311 N ERICSON RD", "City": "CORDOVA", "Description": "DETACHED STORAGE", "ZIP_Code": null, "State": "TN", "Latitude": 35.13346503447406, "Longitude": -89.77521179249827, "ObjectId": 3597, "GlobalID": "6dc5cf1c-f7ae-4ce1-92b9-62cd17fcbe26"}}, {"type": "Feature", "id": 3603, "geometry": {"type": "Point", "coordinates": [-89.847363172232, 35.1055285079408]}, "properties": {"Record_ID": "RES-ALT-21-001367", "Issued_Date": 1632718800000, "Sub_Type": "RES", "Construction_Type": "ALT", "Valuation": 22500, "Address": "1595 MASSEY POINTE LN", "City": "MEMPHIS", "Description": "Demo and salvage existing cabinets. �Remove walls creating existing garage storage space. �Reframe walls to transform garage storage space into kitchen space. �Install Sheetrock. �Re-install cabinets in new layout. �Install new cabinets for kitchen island. �Paint walls, ceilings, trim and cabinets. �Electrical, Plumbing and countertops by others. �See attached drawings.", "ZIP_Code": "38120", "State": "TN", "Latitude": 35.10552850794081, "Longitude": -89.847363172232, "ObjectId": 3603, "GlobalID": "ac82c00f-93b5-479f-99d2-43b78080597b"}}, {"type": "Feature", "id": 3609, "geometry": {"type": "Point", "coordinates": [-89.8290706815441, 35.0403235200016]}, "properties": {"Record_ID": "COM-ALT-21-000197", "Issued_Date": 1623819600000, "Sub_Type": "Commercial", "Construction_Type": "Alteration", "Valuation": 110000, "Address": "4000 RIVERDALE RD", "City": "MEMPHIS", "Description": "Convert the ten upstairs jack and jill bathrooms sharing tub and toilet to twenty separate bathrooms to have their own shower and toilet. Please see attached drawing.", "ZIP_Code": null, "State": "TN", "Latitude": 35.040323520001614, "Longitude": -89.82907068154412, "ObjectId": 3609, "GlobalID": "4862837a-5ece-4118-9fc1-2f9886cf3fb9"}}, {"type": "Feature", "id": 3617, "geometry": {"type": "Point", "coordinates": [-89.7378062001601, 35.142257495861]}, "properties": {"Record_ID": "RES-NEW-22-000156", "Issued_Date": 1651726800000, "Sub_Type": "RES", "Construction_Type": "NEW", "Valuation": 376932, "Address": "676 WOODLAND FOX LN E", "City": "CORDOVA", "Description": "Building a single family residence w/ a 2 car garage.", "ZIP_Code": "38018", "State": "TN", "Latitude": 35.142257495861045, "Longitude": -89.73780620016007, "ObjectId": 3617, "GlobalID": "50061c19-5f59-49a0-8b1e-4a6771c436eb"}}, {"type": "Feature", "id": 3627, "geometry": {"type": "Point", "coordinates": [-89.8258756777287, 35.1123955056382]}, "properties": {"Record_ID": "RES-ACC-21-000776", "Issued_Date": 1632200400000, "Sub_Type": "RES", "Construction_Type": "ACC", "Valuation": 1000, "Address": "7169 RIVER REACH RD", "City": "GERMANTOWN", "Description": "I would like to build a 10'L x 10'W x 11'H shed at the top of my driveway, inside my backyard fence. The shed will be placed on concrete blocks with no permanent foundation. The closest side property line to shed will be 16' away, which is greater than the height of the structure. The shed will be located within a recorded easement owned by Texas Gas Transmission LLC. I went to the Germantown Board of Zoning Appeals on 8/10/21 and received approval for a variance to build an accessory structure within an easement. I also received a letter from Texas Gas Transmission LLC giving permission to add a shed within the easement with some limitations, and this request meets all of their requirements. The shed will not have any utilities connected to it.", "ZIP_Code": "38138", "State": "TN", "Latitude": 35.112395505638176, "Longitude": -89.8258756777287, "ObjectId": 3627, "GlobalID": "b45f6b92-046b-462e-bbec-054e27ec69c4"}}, {"type": "Feature", "id": 3653, "geometry": {"type": "Point", "coordinates": [-89.890725158624, 35.1301705050008]}, "properties": {"Record_ID": "RES-ADD-22-000181", "Issued_Date": 1653022800000, "Sub_Type": "RES", "Construction_Type": "ADD", "Valuation": 460000, "Address": "5144 WALNUT GROVE RD", "City": "MEMPHIS", "Description": "We are adding a bedroom and reconfiguring bathrooms on the east side of the house.    We are also extending the portion of the middle back to expand the kitchen and add an enclosed area between the garage and the new kitchen.   There will also be a covered patio added. \n\nAll number below are based on the completed renovation.  It is my understanding that a variance was previously given for slight encroachments for the front and side setbacks for the corner lot.   No construction is occurring where the variances were granted\n\nplease let me know if there will be any other items needed not shown on the plans", "ZIP_Code": "38117", "State": "TN", "Latitude": 35.13017050500082, "Longitude": -89.89072515862401, "ObjectId": 3653, "GlobalID": "35cf3453-dd22-42cd-b079-9ca3f9a55027"}}, {"type": "Feature", "id": 3673, "geometry": {"type": "Point", "coordinates": [-89.8836421621365, 35.106446509362]}, "properties": {"Record_ID": "COM-ALT-22-000096", "Issued_Date": 1651726800000, "Sub_Type": "COM", "Construction_Type": "ALT", "Valuation": 300000, "Address": "911 ESTATE DR", "City": "MEMPHIS", "Description": "-New interior paint\n-New flooring in dining room & restrooms\n-New lighting\n-New decor pack tabletops\n-New exterior paint\n-New signage to replace existing \n-Exterior digital menu board \n-Order canopy to replace existing\n-Clearance bar to replace existing", "ZIP_Code": "38119", "State": "TN", "Latitude": 35.10644650936206, "Longitude": -89.88364216213645, "ObjectId": 3673, "GlobalID": "bba9cd56-0ec2-404e-a0a2-70c9308a0e93"}}, {"type": "Feature", "id": 3698, "geometry": {"type": "Point", "coordinates": [-89.9670496388545, 35.1098575123781]}, "properties": {"Record_ID": "RES-NEW-21-000673", "Issued_Date": 1632286800000, "Sub_Type": "RES", "Construction_Type": "NEW", "Valuation": 98980, "Address": "2854 DOUGLASS AVE", "City": "MEMPHIS", "Description": "New single family home: 2 bedroom 1.5 bath", "ZIP_Code": "38114", "State": "TN", "Latitude": 35.10985751237808, "Longitude": -89.9670496388545, "ObjectId": 3698, "GlobalID": "16bdf02d-78be-402e-a822-7790e656d7cd"}}, {"type": "Feature", "id": 3723, "geometry": {"type": "Point", "coordinates": [-89.9776471327305, 35.1585205032721]}, "properties": {"Record_ID": "RES-ALT-21-000526", "Issued_Date": 1619758800000, "Sub_Type": "Residential", "Construction_Type": "Alteration", "Valuation": 6600, "Address": "844 MAPLE DR", "City": "MEMPHIS", "Description": "Pocket Replacement Windows- 10 Windows", "ZIP_Code": null, "State": "TN", "Latitude": 35.15852050327214, "Longitude": -89.9776471327305, "ObjectId": 3723, "GlobalID": "3e29ca13-5bc3-4160-aeac-217aaf2cb34d"}}, {"type": "Feature", "id": 3728, "geometry": {"type": "Point", "coordinates": [-90.0254911198433, 35.1534715063884]}, "properties": {"Record_ID": "RES-ALT-22-000486", "Issued_Date": 1652245200000, "Sub_Type": "RES", "Construction_Type": "ALT", "Valuation": 50000, "Address": "1010 FORREST AVE", "City": "MEMPHIS", "Description": "Full home renovation, will pull separate electrical, plumbing, and HVAC permits.", "ZIP_Code": "38105", "State": "TN", "Latitude": 35.153471506388364, "Longitude": -90.02549111984328, "ObjectId": 3728, "GlobalID": "2d12a0ca-e64b-44d3-a25a-6b2b41e4a4d3"}}, {"type": "Feature", "id": 3737, "geometry": {"type": "Point", "coordinates": [-89.8345606808123, 35.0282185226339]}, "properties": {"Record_ID": "RES-ALT-22-000570", "Issued_Date": 1651640400000, "Sub_Type": "RES", "Construction_Type": "ALT", "Valuation": 18264, "Address": "6850 FOX GAP CV", "City": "MEMPHIS", "Description": "Pocket Replacement Windows - Replace 15 Windows", "ZIP_Code": "38141", "State": "TN", "Latitude": 35.028218522633935, "Longitude": -89.83456068081232, "ObjectId": 3737, "GlobalID": "e496dd7e-5db2-4910-a7ae-222d594483d3"}}, {"type": "Feature", "id": 3750, "geometry": {"type": "Point", "coordinates": [-89.8721941660301, 35.0953225110493]}, "properties": {"Record_ID": "RES-ALT-21-000208", "Issued_Date": 1615183200000, "Sub_Type": "Residential", "Construction_Type": "Alteration", "Valuation": 64000, "Address": "1287 YORKSHIRE DR", "City": "MEMPHIS", "Description": "Interior alterations and improvements to the existing master bathroom and master bedroom within the boundaries of the existing footprint.", "ZIP_Code": null, "State": "TN", "Latitude": 35.09532251104927, "Longitude": -89.87219416603007, "ObjectId": 3750, "GlobalID": "119cfdf0-bac4-4252-b597-3e3a20aad1f7"}}, {"type": "Feature", "id": 3752, "geometry": {"type": "Point", "coordinates": [-89.9419891456345, 35.1120895108297]}, "properties": {"Record_ID": "RES-ALT-22-000696", "Issued_Date": 1653627600000, "Sub_Type": "RES", "Construction_Type": "ALT", "Valuation": 85000, "Address": "3615 KEARNEY AVE", "City": "MEMPHIS", "Description": "Sheetrock Trim Interior doors Floors Cabinets Counters Landscaping", "ZIP_Code": "38111", "State": "TN", "Latitude": 35.112089510829705, "Longitude": -89.94198914563447, "ObjectId": 3752, "GlobalID": "b4808eed-0719-40b1-9559-02b0f7358d57"}}, {"type": "Feature", "id": 3754, "geometry": {"type": "Point", "coordinates": [-89.9536396486669, 35.0163295302205]}, "properties": {"Record_ID": "RES-NEW-22-000285", "Issued_Date": 1652072400000, "Sub_Type": "RES", "Construction_Type": "NEW", "Valuation": 95000, "Address": "3382 BESTWAY DR", "City": "MEMPHIS", "Description": "New construction no garage", "ZIP_Code": "38118", "State": "TN", "Latitude": 35.01632953022049, "Longitude": -89.95363964866694, "ObjectId": 3754, "GlobalID": "c2fd89e3-df33-4c1b-a114-f571e8579630"}}, {"type": "Feature", "id": 3772, "geometry": {"type": "Point", "coordinates": [-89.7310217564868, 35.2246963870068]}, "properties": {"Record_ID": "RES-NEW-21-000556", "Issued_Date": 1631163600000, "Sub_Type": "RES", "Construction_Type": "NEW", "Valuation": 286150, "Address": "9942 LAKE GENEVA ST N", "City": "ARLINGTON", "Description": "Williows at the Lake District Subdivision - Construction of new town home on single lot", "ZIP_Code": "38002", "State": "TN", "Latitude": 35.22469638700681, "Longitude": -89.7310217564868, "ObjectId": 3772, "GlobalID": "d93f058d-259b-4e19-8619-5c81d5289178"}}, {"type": "Feature", "id": 3773, "geometry": {"type": "Point", "coordinates": [-90.0901876105652, 35.0225125350226]}, "properties": {"Record_ID": "RES-ALT-21-001378", "Issued_Date": 1632459600000, "Sub_Type": "RES", "Construction_Type": "ALT", "Valuation": 75000, "Address": "779 RED LEAF LN", "City": "MEMPHIS", "Description": "Structural repairs required due to fire damage", "ZIP_Code": "38109", "State": "TN", "Latitude": 35.02251253502263, "Longitude": -90.09018761056524, "ObjectId": 3773, "GlobalID": "d2318123-333f-45d4-82f1-0a75ac071652"}}, {"type": "Feature", "id": 3780, "geometry": {"type": "Point", "coordinates": [-90.0511681133314, 35.1446605092603]}, "properties": {"Record_ID": "COM-ALT-20-000472", "Issued_Date": 1614232800000, "Sub_Type": "Commercial", "Construction_Type": "Alteration", "Valuation": 200000, "Address": "145 MADISON AVE", "City": "MEMPHIS", "Description": "145 Madison Apartments is a renovation of the second story of an existing two story building. The existing 1st Floor is classified as Mercantile occupancy. The renovated area on the second floor is classified as residential occupancy R-2 with no change to the occupancy classification due to the new construction. The construction will consist of 2 studio apartments with: 1 Bedroom, Kitchen, Living Room, W/D, Toilet Room, and Mechanical Closet. Current construction: Mixed occupancy R-2 & M, Type VB (unsprinklered). Existing Floor & Roof Structure: Old Growth wood joist with plywood deck.", "ZIP_Code": null, "State": "TN", "Latitude": 35.14466050926027, "Longitude": -90.05116811333136, "ObjectId": 3780, "GlobalID": "69f831c4-85ad-46d1-86a9-851a3d33d8fd"}}, {"type": "Feature", "id": 3790, "geometry": {"type": "Point", "coordinates": [-89.8014406844245, 35.1134215043574]}, "properties": {"Record_ID": "COM-ALT-21-000079", "Issued_Date": 1617858000000, "Sub_Type": "Commercial", "Construction_Type": "Alteration", "Valuation": 235677, "Address": "1283 S Germantown RD", "City": "GERMANTOWN", "Description": "Co-Location on an existing 135' monopole.  Verizon installing antennas, ground equipment, a generator and an electrical service.", "ZIP_Code": null, "State": "TN", "Latitude": 35.11342150435737, "Longitude": -89.80144068442455, "ObjectId": 3790, "GlobalID": "ecb14cce-8ecb-485b-91a2-6ebb853e924f"}}, {"type": "Feature", "id": 3847, "geometry": {"type": "Point", "coordinates": [-89.7858436947546, 35.0210815219037]}, "properties": {"Record_ID": "RES-NEW-21-000443", "Issued_Date": 1623819600000, "Sub_Type": "Residential", "Construction_Type": "New", "Valuation": 187351.5, "Address": "4636 Wilshire Lake LN", "City": "MEMPHIS", "Description": "Build single family residence with double garage", "ZIP_Code": null, "State": "TN", "Latitude": 35.02108152190367, "Longitude": -89.78584369475455, "ObjectId": 3847, "GlobalID": "e491c393-4617-4396-bd22-0cd67a60e93f"}}, {"type": "Feature", "id": 3921, "geometry": {"type": "Point", "coordinates": [-89.7626866984176, 35.0633545125327]}, "properties": {"Record_ID": "RES-ADD-21-000508", "Issued_Date": 1632978000000, "Sub_Type": "RES", "Construction_Type": "ADD", "Valuation": 38665, "Address": "3114 OAKLEIGH MANOR CV", "City": "GERMANTOWN", "Description": "18x20 covered porch with a gable styled roof", "ZIP_Code": "38138", "State": "TN", "Latitude": 35.0633545125327, "Longitude": -89.76268669841762, "ObjectId": 3921, "GlobalID": "c3b9d863-50b5-4588-8ebb-97080d87a9d4"}}, {"type": "Feature", "id": 3933, "geometry": {"type": "Point", "coordinates": [-89.8617991710908, 35.0618335171962]}, "properties": {"Record_ID": "RES-ALT-20-000801", "Issued_Date": 1611640800000, "Sub_Type": "Residential", "Construction_Type": "ALT", "Valuation": 12989, "Address": "3187 BELLE GROVE RD", "City": "MEMPHIS", "Description": "Pocket Replacement Windows- Replace 12 Windows", "ZIP_Code": null, "State": "TN", "Latitude": 35.06183351719625, "Longitude": -89.86179917109078, "ObjectId": 3933, "GlobalID": "410f0cc4-500a-4c98-a1ab-87ed44207f60"}}, {"type": "Feature", "id": 3939, "geometry": {"type": "Point", "coordinates": [-89.9264416485855, 35.1326365060958]}, "properties": {"Record_ID": "RES-ALT-21-000247", "Issued_Date": 1614924000000, "Sub_Type": "Residential", "Construction_Type": "Alteration", "Valuation": 54000, "Address": "4063 S WALNUT GROVE CIR", "City": "MEMPHIS", "Description": "ALTERATIONS TO EXISTING SPACE OFF OF MASTER BEDROOM WILL BECOME MASTER BATHROOM.", "ZIP_Code": null, "State": "TN", "Latitude": 35.13263650609582, "Longitude": -89.92644164858555, "ObjectId": 3939, "GlobalID": "57a1c5cb-1694-436f-a3f6-cb5148dea55c"}}, {"type": "Feature", "id": 3959, "geometry": {"type": "Point", "coordinates": [-89.6471267150685, 35.2978674611869]}, "properties": {"Record_ID": "RES-ACC-21-000483", "Issued_Date": 1622178000000, "Sub_Type": "Residential", "Construction_Type": "Accessory", "Valuation": 2000, "Address": "6332 MILTON WILSON BLVD", "City": "ARLINGTON", "Description": "INSTALL ABOVE GROUND POOL. 18' ROUND", "ZIP_Code": null, "State": "TN", "Latitude": 35.29786746118688, "Longitude": -89.64712671506854, "ObjectId": 3959, "GlobalID": "e19f3a4e-07bb-4ff2-a33d-d72cf717d604"}}, {"type": "Feature", "id": 3992, "geometry": {"type": "Point", "coordinates": [-90.0611806201123, 34.9988335384092]}, "properties": {"Record_ID": "RES-ADD-21-000465", "Issued_Date": 1630990800000, "Sub_Type": "RES", "Construction_Type": "ADD", "Valuation": 80000, "Address": "64 E WINDSOR RD", "City": "MEMPHIS", "Description": "New addition 720 square feet. Adding a master bedroom with master bath and master closet, adding a kitchen with a party; single family and wash & dryer", "ZIP_Code": "38109", "State": "TN", "Latitude": 34.99883353840922, "Longitude": -90.06118062011234, "ObjectId": 3992, "GlobalID": "f22cccf1-05de-4b66-abe5-0d1df69fbb50"}}, {"type": "Feature", "id": 3999, "geometry": {"type": "Point", "coordinates": [-89.7608282022978, 35.0115235226955]}, "properties": {"Record_ID": "RES-ALT-20-000698", "Issued_Date": 1612936800000, "Sub_Type": "Residential", "Construction_Type": "Alteration", "Valuation": 35000, "Address": "8900 FOREST MEADOW DR", "City": "MEMPHIS", "Description": "Convert 2 car garage into bed/bath", "ZIP_Code": null, "State": "TN", "Latitude": 35.01152352269548, "Longitude": -89.76082820229783, "ObjectId": 3999, "GlobalID": "0e4718af-7320-4961-be9a-71025d97969e"}}, {"type": "Feature", "id": 4006, "geometry": {"type": "Point", "coordinates": [-89.9693446378309, 35.1157975113102]}, "properties": {"Record_ID": "RES-NEW-21-000490", "Issued_Date": 1631768400000, "Sub_Type": "RES", "Construction_Type": "NEW", "Valuation": 180000, "Address": "457 JOSEPHINE ST", "City": "MEMPHIS", "Description": "BUILD NEW CONSTRUCTION SINGLE FAMILY RESIDENCE WITH NEW DRIVEWAY", "ZIP_Code": "38111", "State": "TN", "Latitude": 35.115797511310184, "Longitude": -89.96934463783091, "ObjectId": 4006, "GlobalID": "c68f6e24-7c81-4267-a10f-70c5b0d6fec6"}}, {"type": "Feature", "id": 4021, "geometry": {"type": "Point", "coordinates": [-89.882638662437, 35.1060955093869]}, "properties": {"Record_ID": "COM-ALT-21-000733", "Issued_Date": 1630990800000, "Sub_Type": "COM", "Construction_Type": "ALT", "Valuation": 230185.25, "Address": "5352 POPLAR AVE", "City": "MEMPHIS", "Description": "Upgrading existing antenna equipment on Rooftop. See drawings for details. \n- Remove All Sprint Antennas, RRUs, Mounts and Coax/Fiber\n- Install (6) antennas: (3) Commscope (3) Nokia AEHC\n- Install (6) RRUs: (3) AHFIG (3) AHLOA\n- Install (2) HCS 2.0 Junction Box\n- Remove the Sprint BBS and RBS Cabinet\n-Install (1) HPL3 600 SSC\n- Install (1) LB3 Battery Cabinet\n- Install new (2) Amia Enclosures, (3) ABIA, (2) ASIB, (6) ABIL, (2) ASIK, (3) ABIC, (1) FSFM, Wiring & Breakers.\n- Install (2) HCS 2.0 Trunk Cable\n- Install Voltage Booster with 2 Amplifier Raycap", "ZIP_Code": "38119", "State": "TN", "Latitude": 35.10609550938689, "Longitude": -89.88263866243696, "ObjectId": 4021, "GlobalID": "4c5d0fa6-c74d-4668-ba34-f87562372cbe"}}, {"type": "Feature", "id": 4028, "geometry": {"type": "Point", "coordinates": [-89.9208211493228, 35.1450835033966]}, "properties": {"Record_ID": "RES-ADD-21-000434", "Issued_Date": 1631768400000, "Sub_Type": "RES", "Construction_Type": "ADD", "Valuation": 30000, "Address": "513 WESTERN DR", "City": "MEMPHIS", "Description": "Garage", "ZIP_Code": "38122", "State": "TN", "Latitude": 35.14508350339662, "Longitude": -89.92082114932278, "ObjectId": 4028, "GlobalID": "59ba0bc9-c3fe-442f-884a-db0fb17785a1"}}, {"type": "Feature", "id": 4030, "geometry": {"type": "Point", "coordinates": [-90.0227596195653, 35.1691495031857]}, "properties": {"Record_ID": "RES-NEW-21-000322", "Issued_Date": 1619758800000, "Sub_Type": "Residential", "Construction_Type": "New", "Valuation": 125000, "Address": "1119 KNEY ST", "City": "MEMPHIS", "Description": "Single Family Residence", "ZIP_Code": null, "State": "TN", "Latitude": 35.16914950318565, "Longitude": -90.02275961956532, "ObjectId": 4030, "GlobalID": "ea1adb8a-0f50-450e-bcc6-2c5ac52e8433"}}, {"type": "Feature", "id": 4037, "geometry": {"type": "Point", "coordinates": [-89.927292151155, 35.0898145145681]}, "properties": {"Record_ID": "RES-ALT-21-000481", "Issued_Date": 1619758800000, "Sub_Type": "Residential", "Construction_Type": "Alteration", "Valuation": 15000, "Address": "3991 DUNN RD", "City": "MEMPHIS", "Description": "Property was purchased with existing fire damage. Need to get inspection prior to initiating repairs.", "ZIP_Code": null, "State": "TN", "Latitude": 35.08981451456814, "Longitude": -89.92729215115502, "ObjectId": 4037, "GlobalID": "c7e4f5e5-3a8d-4ca8-b1ed-faab3254335e"}}, {"type": "Feature", "id": 4043, "geometry": {"type": "Point", "coordinates": [-89.6863262055106, 35.277950466847]}, "properties": {"Record_ID": "RES-NEW-21-000072", "Issued_Date": 1611900000000, "Sub_Type": "Residential", "Construction_Type": "New", "Valuation": 283000, "Address": "11295 ARDSLEY DR S", "City": "ARLINGTON", "Description": "NEW SFR W/ATTACHED GARAGE (2 CAR)", "ZIP_Code": null, "State": "TN", "Latitude": 35.277950466846995, "Longitude": -89.68632620551064, "ObjectId": 4043, "GlobalID": "75ff5808-d5ce-4aa8-9ce7-9ac34a47fbd6"}}, {"type": "Feature", "id": 4064, "geometry": {"type": "Point", "coordinates": [-89.8843081644216, 35.0686465168443]}, "properties": {"Record_ID": "RES-ALT-21-001215", "Issued_Date": 1630558800000, "Sub_Type": "RES", "Construction_Type": "ALT", "Valuation": 6500, "Address": "5423 COTTONWOOD RD", "City": "MEMPHIS", "Description": "Roof: replace decking 2 rafters smoke damage", "ZIP_Code": "38115", "State": "TN", "Latitude": 35.06864651684431, "Longitude": -89.88430816442164, "ObjectId": 4064, "GlobalID": "7bf8997f-300b-4767-a439-8cae4b81e11c"}}, {"type": "Feature", "id": 4067, "geometry": {"type": "Point", "coordinates": [-89.9905396368176, 35.0417545268326]}, "properties": {"Record_ID": "COM-ALT-22-000410", "Issued_Date": 1652245200000, "Sub_Type": "COM", "Construction_Type": "ALT", "Valuation": 81994, "Address": "3865 AIRWAYS BLVD", "City": "MEMPHIS", "Description": "Replacement of the Global Operations Center War Board, located on the 3rd floor of Module F. The old video wall will be disposed of in preparation of the new wall installation. Electrical and Fire Protection will be upgraded. Electrical and video components will be added.", "ZIP_Code": "38116", "State": "TN", "Latitude": 35.04175452683265, "Longitude": -89.9905396368176, "ObjectId": 4067, "GlobalID": "095a183f-3fac-4897-86d3-c71f09c9ebca"}}, {"type": "Feature", "id": 4089, "geometry": {"type": "Point", "coordinates": [-89.927474670927, 35.1491607823072]}, "properties": {"Record_ID": "B1087205", "Issued_Date": 1610517600000, "Sub_Type": "Commercial", "Construction_Type": "New", "Valuation": 800000, "Address": "4000 SUMMER AVE", "City": "MEMPHIS", "Description": "BUILD A NEW STRIP CENTER  ATTACHED 4 SETS OF PLANS   GRAHAMWOOD CROSSING", "ZIP_Code": null, "State": "TN", "Latitude": 35.149160782307234, "Longitude": -89.92747467092704, "ObjectId": 4089, "GlobalID": "1586fedb-3941-4040-9721-a5872a6e3696"}}, {"type": "Feature", "id": 4101, "geometry": {"type": "Point", "coordinates": [-89.7837556913988, 35.0815705098628]}, "properties": {"Record_ID": "RES-ACC-21-000867", "Issued_Date": 1631854800000, "Sub_Type": "RES", "Construction_Type": "ACC", "Valuation": 5500, "Address": "8376 BRIAR CREEK DR", "City": "GERMANTOWN", "Description": "10x12 detached shed", "ZIP_Code": "38139", "State": "TN", "Latitude": 35.0815705098628, "Longitude": -89.78375569139875, "ObjectId": 4101, "GlobalID": "8fd5c16e-1baf-49f0-badb-1440d7f683da"}}, {"type": "Feature", "id": 4104, "geometry": {"type": "Point", "coordinates": [-89.7660481941331, 35.1147985025244]}, "properties": {"Record_ID": "RES-ADD-22-000187", "Issued_Date": 1653973200000, "Sub_Type": "RES", "Construction_Type": "ADD", "Valuation": 51000, "Address": "8933 FERN VALLEY CV", "City": "CORDOVA", "Description": "Build a pergola over the back porch to enclose it, and build an outdoor kitchen inside - no plumbing and existing electrical.", "ZIP_Code": "38018", "State": "TN", "Latitude": 35.11479850252438, "Longitude": -89.76604819413316, "ObjectId": 4104, "GlobalID": "f03d64d5-fca2-4798-a389-3344563eae69"}}, {"type": "Feature", "id": 4115, "geometry": {"type": "Point", "coordinates": [-90.0749056158163, 35.0066455374746]}, "properties": {"Record_ID": "RES-ACC-21-000872", "Issued_Date": 1632286800000, "Sub_Type": "RES", "Construction_Type": "ACC", "Valuation": 600, "Address": "5117 JONETTA ST", "City": "MEMPHIS", "Description": "Storage Shed", "ZIP_Code": "38109", "State": "TN", "Latitude": 35.00664553747457, "Longitude": -90.0749056158163, "ObjectId": 4115, "GlobalID": "fa551890-32f8-496c-b705-2c25138e936b"}}, {"type": "Feature", "id": 4145, "geometry": {"type": "Point", "coordinates": [-89.9960881290535, 35.1369385083349]}, "properties": {"Record_ID": "RES-ALT-21-000134", "Issued_Date": 1619586000000, "Sub_Type": "Residential", "Construction_Type": "Alteration", "Valuation": 23900, "Address": "1947 MADISON AVE", "City": "MEMPHIS", "Description": "KITCHEN- NEW CABINETS, TOP, TILEBATH- NEW TILE, SHOWER & VANITY", "ZIP_Code": null, "State": "TN", "Latitude": 35.136938508334865, "Longitude": -89.99608812905353, "ObjectId": 4145, "GlobalID": "6849f924-c147-45c7-a4be-b6f661a14dd5"}}, {"type": "Feature", "id": 4169, "geometry": {"type": "Point", "coordinates": [-89.751855202196, 35.051366514425]}, "properties": {"Record_ID": "RES-ALT-22-000505", "Issued_Date": 1651813200000, "Sub_Type": "RES", "Construction_Type": "ALT", "Valuation": 100000, "Address": "9300 FOREST BEND CT", "City": "GERMANTOWN", "Description": "Build out existing space above attic to be heated/cooled space with a bathroom. Add half bath to existing first floor storage room.", "ZIP_Code": "38138", "State": "TN", "Latitude": 35.05136651442498, "Longitude": -89.75185520219598, "ObjectId": 4169, "GlobalID": "9ffeb56b-851f-4b9f-9347-328976d5d361"}}, {"type": "Feature", "id": 4195, "geometry": {"type": "Point", "coordinates": [-89.8115026791167, 35.1519594972042]}, "properties": {"Record_ID": "COM-ALT-22-000274", "Issued_Date": 1678856400000, "Sub_Type": "COM", "Construction_Type": "ALT", "Valuation": 250000, "Address": "7600 MACON RD", "City": "CORDOVA", "Description": "INTERIOR RENOVATION", "ZIP_Code": "38018", "State": "TN", "Latitude": 35.15195949720419, "Longitude": -89.81150267911671, "ObjectId": 4195, "GlobalID": "7c956a6a-069c-404a-935d-059b10230c29"}}, {"type": "Feature", "id": 4207, "geometry": {"type": "Point", "coordinates": [-89.9779306364953, 35.0999755148052]}, "properties": {"Record_ID": "RES-ALT-21-000452", "Issued_Date": 1620104400000, "Sub_Type": "Residential", "Construction_Type": "Alteration", "Valuation": 10000, "Address": "1553 HUGENOT ST", "City": "MEMPHIS", "Description": "Changing property from a 4bd/1bth to a 2bd/1bth.", "ZIP_Code": null, "State": "TN", "Latitude": 35.09997551480518, "Longitude": -89.97793063649527, "ObjectId": 4207, "GlobalID": "7671ad5f-09d7-4fa9-9154-cded739a51ab"}}, {"type": "Feature", "id": 4234, "geometry": {"type": "Point", "coordinates": [-89.792224692439, 35.0295505205101]}, "properties": {"Record_ID": "RES-ALT-21-000734", "Issued_Date": 1623733200000, "Sub_Type": "Residential", "Construction_Type": "Alteration", "Valuation": 1962, "Address": "4271 BARREN BROOK DR", "City": "MEMPHIS", "Description": "Install replacement widnows. Same size and type.", "ZIP_Code": null, "State": "TN", "Latitude": 35.02955052051013, "Longitude": -89.79222469243898, "ObjectId": 4234, "GlobalID": "cb36f06f-2acf-43a2-ae73-0f80fb4cd049"}}, {"type": "Feature", "id": 4249, "geometry": {"type": "Point", "coordinates": [-89.882463163227, 35.0947555116144]}, "properties": {"Record_ID": "RES-NEW-22-000295", "Issued_Date": 1652072400000, "Sub_Type": "RES", "Construction_Type": "NEW", "Valuation": 700000, "Address": "5383 SHADY BREEZE CV", "City": "MEMPHIS", "Description": "Single Family New Residential", "ZIP_Code": "38119", "State": "TN", "Latitude": 35.09475551161442, "Longitude": -89.882463163227, "ObjectId": 4249, "GlobalID": "a9323513-b0b1-4c91-97af-10ee716e2438"}}, {"type": "Feature", "id": 4251, "geometry": {"type": "Point", "coordinates": [-89.8530736732296, 35.0660455159806]}, "properties": {"Record_ID": "RES-ALT-21-000109", "Issued_Date": 1611813600000, "Sub_Type": "Residential", "Construction_Type": "ALT", "Valuation": 3200, "Address": "3023 HUNTERS WAY DR", "City": "MEMPHIS", "Description": "Pocket replacement windows replace 4 windows", "ZIP_Code": null, "State": "TN", "Latitude": 35.066045515980655, "Longitude": -89.85307367322962, "ObjectId": 4251, "GlobalID": "d5262c95-b086-4a8a-a24b-d165a6103056"}}, {"type": "Feature", "id": 4275, "geometry": {"type": "Point", "coordinates": [-89.8400011768405, 35.0661265153887]}, "properties": {"Record_ID": "COM-NEW-21-000025", "Issued_Date": 1632805200000, "Sub_Type": "COM", "Construction_Type": "NEW", "Valuation": 1038865.61, "Address": "6659 QUINCE RD", "City": "MEMPHIS", "Description": "Ground up of a Dollar General.", "ZIP_Code": "38119", "State": "TN", "Latitude": 35.06612651538874, "Longitude": -89.84000117684052, "ObjectId": 4275, "GlobalID": "9141ba79-ee6a-46c3-acd3-8b26d295a8d2"}}, {"type": "Feature", "id": 4294, "geometry": {"type": "Point", "coordinates": [-89.9090581573341, 35.0723905171977]}, "properties": {"Record_ID": "COM-NEW-21-000026", "Issued_Date": 1621832400000, "Sub_Type": "Commercial", "Construction_Type": "New", "Valuation": 192130.74, "Address": "4615 AMERICAN WAY", "City": "MEMPHIS", "Description": "Installation of a new Remote ATM for Bank of America", "ZIP_Code": null, "State": "TN", "Latitude": 35.072390517197675, "Longitude": -89.90905815733414, "ObjectId": 4294, "GlobalID": "7c8d1941-6d8f-4646-b27e-ffdd289cb289"}}, {"type": "Feature", "id": 4300, "geometry": {"type": "Point", "coordinates": [-90.0078826299054, 35.0742445211969]}, "properties": {"Record_ID": "RES-ALT-21-000100", "Issued_Date": 1611813600000, "Sub_Type": "Residential", "Construction_Type": "ALT", "Valuation": 9414, "Address": "2575 ROZELLE ST", "City": "MEMPHIS", "Description": "Pocket Replacement Windows- Replace 7 Windows", "ZIP_Code": null, "State": "TN", "Latitude": 35.07424452119689, "Longitude": -90.00788262990538, "ObjectId": 4300, "GlobalID": "c5e1c4ec-0704-4fd4-8b99-49884cbc7f2a"}}, {"type": "Feature", "id": 4306, "geometry": {"type": "Point", "coordinates": [-89.9935006309172, 35.1194425116625]}, "properties": {"Record_ID": "RES-ACC-21-000088", "Issued_Date": 1616043600000, "Sub_Type": "Residential", "Construction_Type": "Accessory", "Valuation": 26000, "Address": "1988 YOUNG AVE", "City": "MEMPHIS", "Description": "BUILD 22X 28 DETACHED GARAGE", "ZIP_Code": null, "State": "TN", "Latitude": 35.11944251166249, "Longitude": -89.9935006309172, "ObjectId": 4306, "GlobalID": "fa7e7dd8-7a9f-4666-9c4c-248b4371c27f"}}, {"type": "Feature", "id": 4309, "geometry": {"type": "Point", "coordinates": [-89.8671226693691, 35.0656585166762]}, "properties": {"Record_ID": "RES-ACC-21-000325", "Issued_Date": 1619758800000, "Sub_Type": "Residential", "Construction_Type": "Accessory", "Valuation": 5000, "Address": "2994 OAKLAND HILLS CV", "City": "MEMPHIS", "Description": "15 ' WIDE x 20' LONG STORAGE SHED", "ZIP_Code": null, "State": "TN", "Latitude": 35.06565851667616, "Longitude": -89.86712266936907, "ObjectId": 4309, "GlobalID": "0d843498-be56-43ef-914f-886cdaab5332"}}, {"type": "Feature", "id": 4324, "geometry": {"type": "Point", "coordinates": [-89.7785311940091, 35.0636965131622]}, "properties": {"Record_ID": "RES-ADD-21-000485", "Issued_Date": 1632114000000, "Sub_Type": "RES", "Construction_Type": "ADD", "Valuation": 170000, "Address": "8508 WOODLANE DR", "City": "GERMANTOWN", "Description": "Kitchen renovation and screen porch addition", "ZIP_Code": "38138", "State": "TN", "Latitude": 35.06369651316217, "Longitude": -89.77853119400912, "ObjectId": 4324, "GlobalID": "0806e694-fc67-452c-90c4-668c6d6dc7eb"}}, {"type": "Feature", "id": 4364, "geometry": {"type": "Point", "coordinates": [-90.0026896271705, 35.1378385084505]}, "properties": {"Record_ID": "COM-ALT-21-000736", "Issued_Date": 1631768400000, "Sub_Type": "COM", "Construction_Type": "ALT", "Valuation": 213206, "Address": "1734 MADISON AVE", "City": "MEMPHIS", "Description": "Please see the cover page of the construction documents for a detailed description of work.", "ZIP_Code": "38104", "State": "TN", "Latitude": 35.13783850845055, "Longitude": -90.0026896271705, "ObjectId": 4364, "GlobalID": "d2f5fa6e-760f-4ca2-8db7-9b591c0c9cae"}}, {"type": "Feature", "id": 4368, "geometry": {"type": "Point", "coordinates": [-89.7510002011069, 35.0717515103599]}, "properties": {"Record_ID": "RES-ADD-21-000354", "Issued_Date": 1630645200000, "Sub_Type": "RES", "Construction_Type": "ADD", "Valuation": 25000, "Address": "2769 SCARLET RD", "City": "GERMANTOWN", "Description": "Add screen porch; no side house", "ZIP_Code": "38139", "State": "TN", "Latitude": 35.071751510359896, "Longitude": -89.75100020110685, "ObjectId": 4368, "GlobalID": "960ce761-bddd-4c96-8ac0-dd9229c7ad29"}}, {"type": "Feature", "id": 4390, "geometry": {"type": "Point", "coordinates": [-90.0861016114395, 35.0263915340782]}, "properties": {"Record_ID": "RES-ALT-21-001046", "Issued_Date": 1630472400000, "Sub_Type": "RES", "Construction_Type": "ALT", "Valuation": 4800, "Address": "653 PARKROSE AVE", "City": "MEMPHIS", "Description": "Pocket Replacement Windows - Replace 6 Windows.", "ZIP_Code": "38109", "State": "TN", "Latitude": 35.02639153407815, "Longitude": -90.08610161143946, "ObjectId": 4390, "GlobalID": "1ec26a24-1ec1-4251-94e9-3d6db11ae8d9"}}, {"type": "Feature", "id": 4408, "geometry": {"type": "Point", "coordinates": [-89.7721816746425, 35.3844204497535]}, "properties": {"Record_ID": "RES-NEW-21-000538", "Issued_Date": 1630645200000, "Sub_Type": "RES", "Construction_Type": "NEW", "Valuation": 360000, "Address": "9550 ROSEMARK RD", "City": "ATOKA", "Description": "New construction single family dwelling at 9550 Rosemark Rd. Atoka, TN 38004", "ZIP_Code": "38004", "State": "TN", "Latitude": 35.38442044975354, "Longitude": -89.77218167464248, "ObjectId": 4408, "GlobalID": "6fc3b15b-bbbe-4745-b957-04aa856909f6"}}, {"type": "Feature", "id": 4424, "geometry": {"type": "Point", "coordinates": [-89.99992662976, 35.1100195138015]}, "properties": {"Record_ID": "RES-NEW-21-000008", "Issued_Date": 1612504800000, "Sub_Type": "Residential", "Construction_Type": "New", "Valuation": 150000, "Address": "1805 GLENVIEW AVE", "City": "MEMPHIS", "Description": "RESIDENTIAL NEW CONSTRUCTION.", "ZIP_Code": null, "State": "TN", "Latitude": 35.11001951380151, "Longitude": -89.99992662976001, "ObjectId": 4424, "GlobalID": "38223c8f-4d0d-42f0-860e-13b20180eb92"}}, {"type": "Feature", "id": 4432, "geometry": {"type": "Point", "coordinates": [-89.6555597219128, 35.1581694890923]}, "properties": {"Record_ID": "RES-ACC-21-000737", "Issued_Date": 1630645200000, "Sub_Type": "RES", "Construction_Type": "ACC", "Valuation": 10000, "Address": "1240 OAK LAKE CIR", "City": "UNINCORPORATED", "Description": "Permit to install a 4 rail wood fence on the back perimeter of my property. �The fence will be constructed of wood and will be approximately 4 foot 6 inches tall. �Then fence will also have wire mesh to prevent pets from escaping the property. �There will be one 10 foot gate on the east side of the fence.", "ZIP_Code": "38017", "State": "TN", "Latitude": 35.15816948909228, "Longitude": -89.65555972191284, "ObjectId": 4432, "GlobalID": "c71b5e81-367d-41a9-bf14-64b02a2328b8"}}, {"type": "Feature", "id": 4435, "geometry": {"type": "Point", "coordinates": [-89.9638591317954, 35.230484488517]}, "properties": {"Record_ID": "RES-NEW-21-000206", "Issued_Date": 1618376400000, "Sub_Type": "Residential", "Construction_Type": "New", "Valuation": 96358.5, "Address": "2985 LAKE PARK RD", "City": "MEMPHIS", "Description": "ERECT SINGLE FAMILY HOME. NO GARAGE NO CARPORT", "ZIP_Code": null, "State": "TN", "Latitude": 35.23048448851703, "Longitude": -89.96385913179543, "ObjectId": 4435, "GlobalID": "4a7a1b56-f553-4177-8dcf-a36101f05c15"}}, {"type": "Feature", "id": 4443, "geometry": {"type": "Point", "coordinates": [-89.6544167143333, 35.2783734653475]}, "properties": {"Record_ID": "RES-ACC-21-000324", "Issued_Date": 1619499600000, "Sub_Type": "Residential", "Construction_Type": "Accessory", "Valuation": 4200, "Address": "12241 S STATELY OAK DR", "City": "ARLINGTON", "Description": "WOOD STORAGE SHED, SHINGLE ROOF. 10 x 12", "ZIP_Code": null, "State": "TN", "Latitude": 35.278373465347464, "Longitude": -89.65441671433328, "ObjectId": 4443, "GlobalID": "b2719550-1384-432c-a41a-cea752f95ee9"}}, {"type": "Feature", "id": 4448, "geometry": {"type": "Point", "coordinates": [-89.8868236596412, 35.1311155046421]}, "properties": {"Record_ID": "RES-ACC-21-000348", "Issued_Date": 1619672400000, "Sub_Type": "Residential", "Construction_Type": "Accessory", "Valuation": 30487.35, "Address": "5269 WINESTONE CV", "City": "MEMPHIS", "Description": "Build Covered Patio", "ZIP_Code": null, "State": "TN", "Latitude": 35.13111550464212, "Longitude": -89.88682365964115, "ObjectId": 4448, "GlobalID": "f68eb37c-ce25-40d5-a8c6-1fc89db233a4"}}, {"type": "Feature", "id": 4451, "geometry": {"type": "Point", "coordinates": [-90.0587731191464, 35.0238535333716]}, "properties": {"Record_ID": "RES-ACC-21-000836", "Issued_Date": 1631595600000, "Sub_Type": "RES", "Construction_Type": "ACC", "Valuation": 3625, "Address": "4550 APPLESTONE ST", "City": "MEMPHIS", "Description": "10 x 12 Tuff shed/ SR-600 10 X 12, 4 X 6'2 Single shed door, nickel gray 3 tab, storage 16 x 8 wall vent, white, leveling 0-4", "ZIP_Code": "38109", "State": "TN", "Latitude": 35.023853533371636, "Longitude": -90.0587731191464, "ObjectId": 4451, "GlobalID": "71e20a3b-c0c9-4021-b837-81c7ba408c7f"}}, {"type": "Feature", "id": 4505, "geometry": {"type": "Point", "coordinates": [-89.8786741662883, 35.0639125175298]}, "properties": {"Record_ID": "RES-ALT-22-000574", "Issued_Date": 1653022800000, "Sub_Type": "RES", "Construction_Type": "ALT", "Valuation": 81500, "Address": "3037 FAIRBORN DR", "City": "MEMPHIS", "Description": "Sheet Rock, Paint, Repairs from Fire", "ZIP_Code": "38115", "State": "TN", "Latitude": 35.0639125175298, "Longitude": -89.87867416628835, "ObjectId": 4505, "GlobalID": "d9ae1b99-e5c8-4140-bf0e-fc79351f11b1"}}, {"type": "Feature", "id": 4513, "geometry": {"type": "Point", "coordinates": [-89.9703931353432, 35.1492775047683]}, "properties": {"Record_ID": "COM-ALT-21-000794", "Issued_Date": 1631682000000, "Sub_Type": "COM", "Construction_Type": "ALT", "Valuation": 94955, "Address": "2640 SUMMER AVE", "City": "MEMPHIS", "Description": "Tenant finish out.  Addition of new restroom and mechanical room.", "ZIP_Code": "38112", "State": "TN", "Latitude": 35.14927750476834, "Longitude": -89.97039313534316, "ObjectId": 4513, "GlobalID": "1a7a4348-7700-47b8-ae3c-31115816cbd7"}}, {"type": "Feature", "id": 4520, "geometry": {"type": "Point", "coordinates": [-89.8579201749814, 35.0185255255755]}, "properties": {"Record_ID": "COM-ALT-22-000250", "Issued_Date": 1651467600000, "Sub_Type": "COM", "Construction_Type": "ALT", "Valuation": 110000, "Address": "6197 SHELBY DR", "City": "MEMPHIS", "Description": "The proposed scope of work for this project includes: Add or replace antennas, ancillary equipment and ground equipment as per plans for an existing carrier on an existing wireless communication facility. Mid South Communications will be the general contractor for this project Cost of Construction will be $110,000", "ZIP_Code": "38141", "State": "TN", "Latitude": 35.01852552557549, "Longitude": -89.85792017498139, "ObjectId": 4520, "GlobalID": "ff2c2198-e338-4159-a5e4-9b0005f970ab"}}, {"type": "Feature", "id": 4521, "geometry": {"type": "Point", "coordinates": [-89.8145896875113, 35.0101285253308]}, "properties": {"Record_ID": "RES-NEW-21-000258", "Issued_Date": 1618290000000, "Sub_Type": "Residential", "Construction_Type": "New", "Valuation": 225000, "Address": "7478 MORGAN HOUSE DR", "City": "MEMPHIS", "Description": "New Home build w/Garage", "ZIP_Code": null, "State": "TN", "Latitude": 35.01012852533081, "Longitude": -89.81458968751133, "ObjectId": 4521, "GlobalID": "eff711f0-8211-4a09-ba1c-82f1e6d364ec"}}, {"type": "Feature", "id": 4552, "geometry": {"type": "Point", "coordinates": [-89.877585166972, 35.0580445186395]}, "properties": {"Record_ID": "RES-ALT-22-000602", "Issued_Date": 1652158800000, "Sub_Type": "RES", "Construction_Type": "ALT", "Valuation": 1319, "Address": "5585 JAMESTOWN AVE", "City": "MEMPHIS", "Description": "INSTALL REPLACEMENT WINDOWS. SAME SIZE AND TYPE.", "ZIP_Code": "38115", "State": "TN", "Latitude": 35.05804451863952, "Longitude": -89.87758516697203, "ObjectId": 4552, "GlobalID": "16f3350a-3f50-4d9e-85bc-4b827b37254b"}}, {"type": "Feature", "id": 4569, "geometry": {"type": "Point", "coordinates": [-89.9988106356141, 35.0251765304658]}, "properties": {"Record_ID": "RES-ALT-21-001437", "Issued_Date": 1632978000000, "Sub_Type": "RES", "Construction_Type": "ALT", "Valuation": 14985, "Address": "1966 DANBERRY AVE", "City": "MEMPHIS", "Description": "Pocket Replacement Windows - Replace 15 Windows.", "ZIP_Code": "38116", "State": "TN", "Latitude": 35.025176530465785, "Longitude": -89.9988106356141, "ObjectId": 4569, "GlobalID": "c1ee4179-822f-42d9-9183-342def4fb750"}}, {"type": "Feature", "id": 4590, "geometry": {"type": "Point", "coordinates": [-89.8807576684503, 35.0218555259221]}, "properties": {"Record_ID": "COM-ALT-20-000488", "Issued_Date": 1613109600000, "Sub_Type": "Commercial", "Construction_Type": "Alteration", "Valuation": 316860, "Address": "4400 S MENDENHALL RD", "City": "MEMPHIS", "Description": "Existing Tenant Space Renovation", "ZIP_Code": null, "State": "TN", "Latitude": 35.021855525922156, "Longitude": -89.88075766845029, "ObjectId": 4590, "GlobalID": "1ab8d592-f5a2-41d0-90cc-71d38d4d51a6"}}, {"type": "Feature", "id": 4596, "geometry": {"type": "Point", "coordinates": [-89.734480687225, 35.3524164543512]}, "properties": {"Record_ID": "RES-ADD-21-000492", "Issued_Date": 1632200400000, "Sub_Type": "RES", "Construction_Type": "ADD", "Valuation": 12000, "Address": "9845 BETTE LU DR", "City": "MILLINGTON", "Description": "Garage", "ZIP_Code": "38053", "State": "TN", "Latitude": 35.352416454351186, "Longitude": -89.73448068722496, "ObjectId": 4596, "GlobalID": "33ce8fb5-39df-499d-8619-9848c0749152"}}, {"type": "Feature", "id": 4602, "geometry": {"type": "Point", "coordinates": [-89.7169802047796, 35.1598344914746]}, "properties": {"Record_ID": "RES-ALT-21-000479", "Issued_Date": 1619672400000, "Sub_Type": "Residential", "Construction_Type": "Alteration", "Valuation": 7384, "Address": "1323 HIDDEN RIDGE LN", "City": "CORDOVA", "Description": "INSTALL REPLACEMENT WINDOWS. SAME SIZE AND TYPE.", "ZIP_Code": null, "State": "TN", "Latitude": 35.159834491474605, "Longitude": -89.71698020477956, "ObjectId": 4602, "GlobalID": "2e033568-643e-43ff-9156-e5f494e7dfc8"}}, {"type": "Feature", "id": 4618, "geometry": {"type": "Point", "coordinates": [-89.9583421397257, 35.1332665073845]}, "properties": {"Record_ID": "RES-ALT-22-000555", "Issued_Date": 1652072400000, "Sub_Type": "RES", "Construction_Type": "ALT", "Valuation": 35000, "Address": "3174 WALNUT GROVE RD", "City": "MEMPHIS", "Description": "Replacing doors / windows / framing work", "ZIP_Code": "38111", "State": "TN", "Latitude": 35.1332665073845, "Longitude": -89.95834213972564, "ObjectId": 4618, "GlobalID": "d862ce75-4d56-49ac-aac2-156ec1c17042"}}, {"type": "Feature", "id": 4623, "geometry": {"type": "Point", "coordinates": [-89.6410112175659, 35.2857444633015]}, "properties": {"Record_ID": "RES-NEW-21-000107", "Issued_Date": 1614232800000, "Sub_Type": "Residential", "Construction_Type": "New", "Valuation": 487275, "Address": "5904 LINDEN OAK DR E", "City": "ARLINGTON", "Description": "CONSTRUCT NEW SFR WITH ATTACHED GARAGE (3 CAR)", "ZIP_Code": null, "State": "TN", "Latitude": 35.28574446330152, "Longitude": -89.64101121756593, "ObjectId": 4623, "GlobalID": "262870d7-172c-4017-a451-01f7e38b7be6"}}, {"type": "Feature", "id": 4630, "geometry": {"type": "Point", "coordinates": [-89.9819446356085, 35.0965825156509]}, "properties": {"Record_ID": "RES-ALT-21-001089", "Issued_Date": 1630645200000, "Sub_Type": "RES", "Construction_Type": "ALT", "Valuation": 6000, "Address": "2433 BOYLE AVE", "City": "MEMPHIS", "Description": "Pocket Replacement Windows - Replace 9 Windows", "ZIP_Code": "38114", "State": "TN", "Latitude": 35.0965825156509, "Longitude": -89.98194463560846, "ObjectId": 4630, "GlobalID": "f8935a28-2351-424b-ad1d-2abc3a1034b5"}}, {"type": "Feature", "id": 4651, "geometry": {"type": "Point", "coordinates": [-89.969700122748, 35.3423994668272]}, "properties": {"Record_ID": "RES-ACC-21-000850", "Issued_Date": 1632891600000, "Sub_Type": "RES", "Construction_Type": "ACC", "Valuation": 25000, "Address": "7960 RANKIN BRANCH RD", "City": "MILLINGTON", "Description": "Pouring a 30 x 40 concrete slab so that a detached portable garage can be built", "ZIP_Code": "38053", "State": "TN", "Latitude": 35.34239946682718, "Longitude": -89.96970012274797, "ObjectId": 4651, "GlobalID": "357d9798-4a99-44df-aef5-44a9e58e2170"}}, {"type": "Feature", "id": 4693, "geometry": {"type": "Point", "coordinates": [-90.0051106270415, 35.1296215101742]}, "properties": {"Record_ID": "RES-ACC-20-000314", "Issued_Date": 1610085600000, "Sub_Type": "Residential", "Construction_Type": "ACC", "Valuation": 185000, "Address": "267 S Belvedere BLVD", "City": "MEMPHIS", "Description": "Construct new 16'x36' open air gazebo and a 14'x14' heated outdoor kitchen with appended 11'x7' heated storage/bathroom. Add various hardscape, paving and pool by others.", "ZIP_Code": null, "State": "TN", "Latitude": 35.129621510174196, "Longitude": -90.00511062704147, "ObjectId": 4693, "GlobalID": "a7f2e38f-154a-43f3-ac71-e88b20dca669"}}, {"type": "Feature", "id": 4700, "geometry": {"type": "Point", "coordinates": [-90.0167251302197, 35.0320435299021]}, "properties": {"Record_ID": "COM-ALT-22-000363", "Issued_Date": 1653627600000, "Sub_Type": "COM", "Construction_Type": "ALT", "Valuation": 278617, "Address": "4246 EASTWIND DR", "City": "MEMPHIS", "Description": "PERMIT CLONED FROM COM-ADD-22-000036 DUE TO DESCRIPTION OF WORK.  Fire repair\nUnits 11-16\n4252 Also", "ZIP_Code": "38116", "State": "TN", "Latitude": 35.03204352990214, "Longitude": -90.01672513021967, "ObjectId": 4700, "GlobalID": "18c3bffc-a3ee-4fad-b661-a7a6a766e2b0"}}, {"type": "Feature", "id": 4730, "geometry": {"type": "Point", "coordinates": [-90.0383431169591, 35.1433555089475]}, "properties": {"Record_ID": "RES-ACC-21-000563", "Issued_Date": 1632805200000, "Sub_Type": "RES", "Construction_Type": "ACC", "Valuation": 85200, "Address": "633 JEFFERSON AVE", "City": "MEMPHIS", "Description": "Permit for Detached Garage for 633 Jefferson permit", "ZIP_Code": "38105", "State": "TN", "Latitude": 35.14335550894745, "Longitude": -90.03834311695908, "ObjectId": 4730, "GlobalID": "f849cd3a-cda3-4416-9b83-23bd032ea53f"}}, {"type": "Feature", "id": 4746, "geometry": {"type": "Point", "coordinates": [-89.733409690054, 35.3142564618001]}, "properties": {"Record_ID": "RES-NEW-22-000320", "Issued_Date": 1651554000000, "Sub_Type": "RES", "Construction_Type": "NEW", "Valuation": 871600, "Address": "9899 PLEASANT RIDGE RD", "City": "LAKELAND", "Description": "Newly Constructed Single Family Residence", "ZIP_Code": "38002", "State": "TN", "Latitude": 35.314256461800085, "Longitude": -89.73340969005403, "ObjectId": 4746, "GlobalID": "f920dafc-d4eb-41f2-89e2-549fa1b4ec76"}}, {"type": "Feature", "id": 4757, "geometry": {"type": "Point", "coordinates": [-89.8065211897079, 35.010677524868]}, "properties": {"Record_ID": "RES-NEW-22-000415", "Issued_Date": 1653627600000, "Sub_Type": "RES", "Construction_Type": "NEW", "Valuation": 0, "Address": "5050 GRANITE CREEK RD", "City": "MEMPHIS", "Description": "Single Family New Construction with double garage", "ZIP_Code": "38125", "State": "TN", "Latitude": 35.01067752486803, "Longitude": -89.80652118970794, "ObjectId": 4757, "GlobalID": "cde11cb5-b85f-4c24-9379-9e2a7d8be6c8"}}, {"type": "Feature", "id": 4766, "geometry": {"type": "Point", "coordinates": [-89.9036287702818, 35.1486817511513]}, "properties": {"Record_ID": "COM-NEW-21-000122", "Issued_Date": 1631509200000, "Sub_Type": "COM", "Construction_Type": "NEW", "Valuation": 500000, "Address": "4726 Summer", "City": "MEMPHIS", "Description": "New ground up shell building for Chipotle Mexican Grill.  The civil engineer has submitted site development drawings under COM-NEW-21-000112.  I will be submitting one additional set of drawings for the tenant finish portion of the project after completing this shell building application. PERMIT CLONED FROM COM-NEW-21-000113. DOCUMENT UPLOAD ERROR.", "ZIP_Code": null, "State": "TN", "Latitude": 35.14868175115128, "Longitude": -89.90362877028181, "ObjectId": 4766, "GlobalID": "aa1c1245-d841-47a6-ad21-10d14d0c0294"}}, {"type": "Feature", "id": 4775, "geometry": {"type": "Point", "coordinates": [-89.7626326891683, 35.204987484595]}, "properties": {"Record_ID": "COM-ALT-22-000349", "Issued_Date": 1652418000000, "Sub_Type": "COM", "Construction_Type": "ALT", "Valuation": 220000, "Address": "9050 US HIGHWAY 64", "City": "LAKELAND", "Description": "Operation of a retail store for the sale of tools, hardware, electronic goods, and related items such as automotive and motorcycle accessories and supplies, engines, and generators, garage and machinery equipment and accessories, lawn and garden accessories and supplies, welding equipment and accessories.", "ZIP_Code": "38002", "State": "TN", "Latitude": 35.204987484594966, "Longitude": -89.76263268916827, "ObjectId": 4775, "GlobalID": "b70ce9c3-ab0f-47fb-b55a-91bddfaaa5a5"}}, {"type": "Feature", "id": 4792, "geometry": {"type": "Point", "coordinates": [-89.9090716529759, 35.1389275040882]}, "properties": {"Record_ID": "RES-ACC-21-000117", "Issued_Date": 1614837600000, "Sub_Type": "Residential", "Construction_Type": "Accessory", "Valuation": 119200, "Address": "4390 CHICKASAW RD", "City": "MEMPHIS", "Description": "13x36 Gunite Pool Spa", "ZIP_Code": null, "State": "TN", "Latitude": 35.138927504088244, "Longitude": -89.90907165297584, "ObjectId": 4792, "GlobalID": "b01db661-63c0-4524-b430-30f9bdea08de"}}, {"type": "Feature", "id": 4851, "geometry": {"type": "Point", "coordinates": [-89.9583421397257, 35.1332665073845]}, "properties": {"Record_ID": "RES-ALT-22-000607", "Issued_Date": 1652331600000, "Sub_Type": "RES", "Construction_Type": "ALT", "Valuation": 10000, "Address": "3186 WALNUT GROVE RD", "City": "MEMPHIS", "Description": "Replacing windows and doors", "ZIP_Code": "38111", "State": "TN", "Latitude": 35.1332665073845, "Longitude": -89.95834213972564, "ObjectId": 4851, "GlobalID": "48a46030-ffe2-4f71-a018-94e1dc895793"}}, {"type": "Feature", "id": 4858, "geometry": {"type": "Point", "coordinates": [-89.9218336499954, 35.1305665062994]}, "properties": {"Record_ID": "RES-NEW-21-000096", "Issued_Date": 1620190800000, "Sub_Type": "Residential", "Construction_Type": "New", "Valuation": 1200000, "Address": "4209 WALNUT GROVE RD", "City": "MEMPHIS", "Description": "New SFR", "ZIP_Code": null, "State": "TN", "Latitude": 35.1305665062994, "Longitude": -89.92183364999539, "ObjectId": 4858, "GlobalID": "32754aba-e5b4-420d-b07e-6d4337cecbca"}}, {"type": "Feature", "id": 4864, "geometry": {"type": "Point", "coordinates": [-89.9269366468461, 35.1570445013136]}, "properties": {"Record_ID": "RES-ALT-21-000123", "Issued_Date": 1611813600000, "Sub_Type": "Residential", "Construction_Type": "ALT", "Valuation": 15000, "Address": "1017 N GRAHAM ST", "City": "MEMPHIS", "Description": "EXTEND PERMIT B1113251 FOR COMPLETION OF EXPIRED PERMIT. MP 31 G    BUILDING A SHOP TO STORE MY BOAT  R V  4 WHEELERS AND LAWN TOOLS  50 X 45 X 25 X 25 X 15", "ZIP_Code": null, "State": "TN", "Latitude": 35.15704450131357, "Longitude": -89.92693664684607, "ObjectId": 4864, "GlobalID": "be5f3377-7f42-4a7e-8ce5-28513fcc4dbc"}}, {"type": "Feature", "id": 4874, "geometry": {"type": "Point", "coordinates": [-89.7643471896989, 35.1896874876845]}, "properties": {"Record_ID": "RES-ALT-21-001158", "Issued_Date": 1630990800000, "Sub_Type": "RES", "Construction_Type": "ALT", "Valuation": 11258.37, "Address": "2406 MEADOW RIDGE DR", "City": "CORDOVA", "Description": "Vinyl Window Installation", "ZIP_Code": "38016", "State": "TN", "Latitude": 35.18968748768448, "Longitude": -89.76434718969887, "ObjectId": 4874, "GlobalID": "6a35f053-48d1-4d46-9998-f95a37221f27"}}, {"type": "Feature", "id": 4875, "geometry": {"type": "Point", "coordinates": [-89.9819626350263, 35.1053935139169]}, "properties": {"Record_ID": "RES-ALT-21-001040", "Issued_Date": 1632978000000, "Sub_Type": "RES", "Construction_Type": "ALT", "Valuation": 8000, "Address": "1290 RAYMOND ST", "City": "MEMPHIS", "Description": "I am repairing smoke damaged wood caused by fire.", "ZIP_Code": "38114", "State": "TN", "Latitude": 35.105393513916894, "Longitude": -89.98196263502628, "ObjectId": 4875, "GlobalID": "ba5c15ae-df1a-4a06-9755-1f7067e2fb1e"}}, {"type": "Feature", "id": 4884, "geometry": {"type": "Point", "coordinates": [-89.8650841514992, 35.3454414615511]}, "properties": {"Record_ID": "COM-NEW-20-000149", "Issued_Date": 1617166800000, "Sub_Type": "Commercial", "Construction_Type": "New", "Valuation": 234750, "Address": "8050 SINGLETON AVE", "City": "MILLINGTON", "Description": "CONCRETE PADS FOR PORTABLE BUILDINGS", "ZIP_Code": null, "State": "TN", "Latitude": 35.34544146155111, "Longitude": -89.86508415149925, "ObjectId": 4884, "GlobalID": "d06aaf9b-3fa5-455e-ba92-1363f8e8af9d"}}, {"type": "Feature", "id": 4896, "geometry": {"type": "Point", "coordinates": [-90.0361246175523, 35.1436525087906]}, "properties": {"Record_ID": "COM-ALT-22-000031", "Issued_Date": 1651467600000, "Sub_Type": "COM", "Construction_Type": "ALT", "Valuation": 605415, "Address": "741 ADAMS AVE", "City": "MEMPHIS", "Description": "Renovation of Unit to include: light gauge framing, drywall, paint, flooring, cabinets, new plumbing fixtures, new outlets and switches. customer submitted paper copy plans", "ZIP_Code": "38105", "State": "TN", "Latitude": 35.14365250879061, "Longitude": -90.03612461755228, "ObjectId": 4896, "GlobalID": "474a6faa-b175-4a02-aa25-cad38bfe1c1e"}}, {"type": "Feature", "id": 4909, "geometry": {"type": "Point", "coordinates": [-89.8956166585068, 35.1113065089335]}, "properties": {"Record_ID": "COM-ALT-22-000373", "Issued_Date": 1653973200000, "Sub_Type": "COM", "Construction_Type": "ALT", "Valuation": 308822, "Address": "710 S MENDENHALL RD", "City": "MEMPHIS", "Description": "Exterior Renovations to existing one-story building.", "ZIP_Code": "38117", "State": "TN", "Latitude": 35.11130650893347, "Longitude": -89.8956166585068, "ObjectId": 4909, "GlobalID": "4270c6cb-f3fa-48d9-a74d-7ae951fafa71"}}, {"type": "Feature", "id": 4914, "geometry": {"type": "Point", "coordinates": [-89.7100547081247, 35.1380364954693]}, "properties": {"Record_ID": "RES-ACC-21-000717", "Issued_Date": 1631250000000, "Sub_Type": "RES", "Construction_Type": "ACC", "Valuation": 60000, "Address": "745 N PISGAH RD N", "City": "EADS", "Description": "Small pool house", "ZIP_Code": "38028", "State": "TN", "Latitude": 35.13803649546932, "Longitude": -89.71005470812466, "ObjectId": 4914, "GlobalID": "270e6163-c524-4534-a674-fc7419d2ba02"}}, {"type": "Feature", "id": 4925, "geometry": {"type": "Point", "coordinates": [-90.0108706254804, 35.1291625105198]}, "properties": {"Record_ID": "RES-ACC-21-000406", "Issued_Date": 1619499600000, "Sub_Type": "Residential", "Construction_Type": "Accessory", "Valuation": 120200, "Address": "1495 HARBERT AVE", "City": "MEMPHIS", "Description": "Constructing an in ground swimming pool", "ZIP_Code": null, "State": "TN", "Latitude": 35.12916251051983, "Longitude": -90.0108706254804, "ObjectId": 4925, "GlobalID": "360f1731-83b0-41e8-bea5-94983166a627"}}, {"type": "Feature", "id": 4933, "geometry": {"type": "Point", "coordinates": [-89.790964688918, 35.0890135087112]}, "properties": {"Record_ID": "RES-ADD-21-000509", "Issued_Date": 1632718800000, "Sub_Type": "RES", "Construction_Type": "ADD", "Valuation": 15000, "Address": "2152 MISTY HOLLOW CV", "City": "GERMANTOWN", "Description": "Cover patio; existing slab", "ZIP_Code": "38138", "State": "TN", "Latitude": 35.08901350871121, "Longitude": -89.79096468891797, "ObjectId": 4933, "GlobalID": "7a8f5e3d-4724-43f9-9359-5b6832ad8fdb"}}, {"type": "Feature", "id": 4938, "geometry": {"type": "Point", "coordinates": [-90.0075766275617, 35.1113155138852]}, "properties": {"Record_ID": "RES-ALT-21-000187", "Issued_Date": 1618462800000, "Sub_Type": "Residential", "Construction_Type": "Alteration", "Valuation": 9158, "Address": "1641 KENDALE AVE", "City": "MEMPHIS", "Description": "INSTALL REPLACEMENT WINDOWS , SAME SIZE & TYPE", "ZIP_Code": null, "State": "TN", "Latitude": 35.111315513885245, "Longitude": -90.00757662756175, "ObjectId": 4938, "GlobalID": "496ab4ad-1dd2-47c9-9521-3c94848e6736"}}, {"type": "Feature", "id": 4967, "geometry": {"type": "Point", "coordinates": [-89.7558647002168, 35.0647315119606]}, "properties": {"Record_ID": "COM-ALT-21-000322", "Issued_Date": 1623906000000, "Sub_Type": "Commercial", "Construction_Type": "Alteration", "Valuation": 250000, "Address": "9235 POPLAR AVE", "City": "GERMANTOWN", "Description": "Restroom remodel: bringing the finish down to the studs to replace tile and update fixtures in primary, family, and team member restrooms. There will be no change to the structure, footprint, or fire alarm systems.", "ZIP_Code": null, "State": "TN", "Latitude": 35.064731511960595, "Longitude": -89.75586470021678, "ObjectId": 4967, "GlobalID": "bd8149bb-b4bb-4e78-8464-53d281f6943f"}}, {"type": "Feature", "id": 4987, "geometry": {"type": "Point", "coordinates": [-89.6416142287269, 35.1130164973949]}, "properties": {"Record_ID": "RES-NEW-21-000361", "Issued_Date": 1623387600000, "Sub_Type": "Residential", "Construction_Type": "New", "Valuation": 525000, "Address": "12693 BRAVO RD", "City": "COLLIERVILLE", "Description": "NEW HOME WITH GARAGE", "ZIP_Code": null, "State": "TN", "Latitude": 35.11301649739494, "Longitude": -89.64161422872688, "ObjectId": 4987, "GlobalID": "357ad716-750a-4047-8a45-22fd3cbd2b35"}}, {"type": "Feature", "id": 5005, "geometry": {"type": "Point", "coordinates": [-89.8802806609134, 35.1393145027377]}, "properties": {"Record_ID": "COM-ACC-21-000027", "Issued_Date": 1618376400000, "Sub_Type": "Commercial", "Construction_Type": "Accessory", "Valuation": 4628, "Address": "5465 MASON RD", "City": "MEMPHIS", "Description": "200 Linear feet of black vinyl fencing", "ZIP_Code": null, "State": "TN", "Latitude": 35.13931450273775, "Longitude": -89.88028066091344, "ObjectId": 5005, "GlobalID": "acd112d9-f05e-4cc8-a643-83dcdf8a6da4"}}, {"type": "Feature", "id": 5016, "geometry": {"type": "Point", "coordinates": [-89.9881456295899, 35.1621565030231]}, "properties": {"Record_ID": "RES-ALT-22-000662", "Issued_Date": 1652936400000, "Sub_Type": "RES", "Construction_Type": "ALT", "Valuation": 37218, "Address": "2102 VOLLINTINE AVE", "City": "MEMPHIS", "Description": "2nd floor caught on fire in front bedroom. Will need to renovate back to original design.", "ZIP_Code": "38108", "State": "TN", "Latitude": 35.16215650302306, "Longitude": -89.98814562958987, "ObjectId": 5016, "GlobalID": "86281582-7590-4d7f-b415-cdff55e5aa97"}}, {"type": "Feature", "id": 5031, "geometry": {"type": "Point", "coordinates": [-89.7229427031363, 35.1596994917646]}, "properties": {"Record_ID": "RES-NEW-22-000225", "Issued_Date": 1651726800000, "Sub_Type": "RES", "Construction_Type": "NEW", "Valuation": 299364, "Address": "10131 MACON RD", "City": "CORDOVA", "Description": "Building a single family residence w/ a 2 car garage.", "ZIP_Code": "38018", "State": "TN", "Latitude": 35.15969949176456, "Longitude": -89.72294270313628, "ObjectId": 5031, "GlobalID": "a0048587-2dd7-4c32-9da1-8f4c403d9128"}}, {"type": "Feature", "id": 5034, "geometry": {"type": "Point", "coordinates": [-89.8491811721143, 35.0996335091834]}, "properties": {"Record_ID": "COM-ALT-21-000749", "Issued_Date": 1632114000000, "Sub_Type": "COM", "Construction_Type": "ALT", "Valuation": 230979, "Address": "6401 POPLAR AVE", "City": "MEMPHIS", "Description": "Demolition and buildout for a health clinic. Expansion to an existing suite.", "ZIP_Code": "38119", "State": "TN", "Latitude": 35.099633509183455, "Longitude": -89.8491811721143, "ObjectId": 5034, "GlobalID": "aec4dce1-01f1-446b-954e-8249c8c4ff84"}}, {"type": "Feature", "id": 5053, "geometry": {"type": "Point", "coordinates": [-89.9014036496787, 35.2212594875512]}, "properties": {"Record_ID": "RES-ALT-21-001134", "Issued_Date": 1630645200000, "Sub_Type": "RES", "Construction_Type": "ALT", "Valuation": 3074, "Address": "4861 YALE RD", "City": "MEMPHIS", "Description": "Install replacement windows. Same size and type.", "ZIP_Code": "38128", "State": "TN", "Latitude": 35.22125948755125, "Longitude": -89.90140364967873, "ObjectId": 5053, "GlobalID": "a88d23d4-e7a0-416d-8ddb-e5f04e0d5bd2"}}, {"type": "Feature", "id": 5054, "geometry": {"type": "Point", "coordinates": [-89.8107736827421, 35.0996335074889]}, "properties": {"Record_ID": "RES-ACC-21-000124", "Issued_Date": 1614837600000, "Sub_Type": "Residential", "Construction_Type": "Accessory", "Valuation": 99451, "Address": "1800 BEKAH RD", "City": "GERMANTOWN", "Description": "The project is a 39'x20' Gunite inground pool in Germantown.", "ZIP_Code": null, "State": "TN", "Latitude": 35.0996335074889, "Longitude": -89.81077368274205, "ObjectId": 5054, "GlobalID": "3f2bb104-6074-4c4f-99c1-a99dcc27068b"}}, {"type": "Feature", "id": 5064, "geometry": {"type": "Point", "coordinates": [-89.9001976569955, 35.1150415084]}, "properties": {"Record_ID": "RES-ADD-20-000103", "Issued_Date": 1611295200000, "Sub_Type": "Residential", "Construction_Type": "ADD", "Valuation": 74000, "Address": "370 SAINT NICK DR", "City": "MEMPHIS", "Description": "9.5 X 18.5 COVERED PORCH , EXTEND TO EDGE OF HOUSE . ATTACHED TO EXSITING COVERED PORCH . MASONRY FIREPLACE/ OUTDOOR KITCHEN", "ZIP_Code": null, "State": "TN", "Latitude": 35.115041508400054, "Longitude": -89.90019765699546, "ObjectId": 5064, "GlobalID": "91528518-8fc8-49c1-b42b-65861d455f12"}}, {"type": "Feature", "id": 5122, "geometry": {"type": "Point", "coordinates": [-90.0571486173967, 35.0575135266696]}, "properties": {"Record_ID": "COM-ALT-21-000871", "Issued_Date": 1631595600000, "Sub_Type": "COM", "Construction_Type": "ALT", "Valuation": 352846, "Address": "3381 GILL RD", "City": "MEMPHIS", "Description": "The proposed scope of work for this project includes:\nAdd or replace antennas, ancillary equipment and ground equipment as per plans for an existing carrier on an existing wireless communication facility.\n\nCrown Castle USA, Inc. will be the General Contractor for this project", "ZIP_Code": "38109", "State": "TN", "Latitude": 35.05751352666962, "Longitude": -90.05714861739668, "ObjectId": 5122, "GlobalID": "853fe2c8-07a3-4b6f-bbcd-106fb6205a27"}}, {"type": "Feature", "id": 5134, "geometry": {"type": "Point", "coordinates": [-89.6767457145768, 35.1805074856202]}, "properties": {"Record_ID": "RES-ACC-21-000676", "Issued_Date": 1631163600000, "Sub_Type": "RES", "Construction_Type": "ACC", "Valuation": 65000, "Address": "11581 LATTING RD", "City": "EADS", "Description": "Map 327A; New 26' x 32' garage/shop. 1st floor Heated - 61sqft.  2nd floor Future expandable heated - 378 sqft.  unheated 771 sqft.  total 1410 sqft.  Exterior to match house.", "ZIP_Code": "38028", "State": "TN", "Latitude": 35.18050748562017, "Longitude": -89.67674571457675, "ObjectId": 5134, "GlobalID": "48f68e49-fb9b-4b1b-a794-9ae638a3cd83"}}, {"type": "Feature", "id": 5135, "geometry": {"type": "Point", "coordinates": [-90.0287356190629, 35.1061172202225]}, "properties": {"Record_ID": "COM-ALT-22-000280", "Issued_Date": 1653282000000, "Sub_Type": "COM", "Construction_Type": "ALT", "Valuation": 105000, "Address": "1005 OAKLAND AVE", "City": "MEMPHIS", "Description": "The proposed scope of work for this project includes: Add or replace antennas, ancillary equipment and ground equipment as per plans for an existing carrier on an existing wireless communication facility. NIS will be the general contractor for this project.  Cost of Construction will be $105,000", "ZIP_Code": "38106", "State": "TN", "Latitude": 35.106117220222465, "Longitude": -90.02873561906289, "ObjectId": 5135, "GlobalID": "4b3a6c6e-351a-4854-905b-465a21f85fee"}}, {"type": "Feature", "id": 5137, "geometry": {"type": "Point", "coordinates": [-89.8244671811752, 35.0655595148164]}, "properties": {"Record_ID": "RES-ACC-21-000288", "Issued_Date": 1618894800000, "Sub_Type": "Residential", "Construction_Type": "Accessory", "Valuation": 12000, "Address": "7175 CRESTRIDGE RD", "City": "MEMPHIS", "Description": "STORAGE 21 FT x 21-6 FT BACKYARD", "ZIP_Code": null, "State": "TN", "Latitude": 35.06555951481641, "Longitude": -89.82446718117515, "ObjectId": 5137, "GlobalID": "7cb529ae-2c4f-4545-9fec-6481bd4cb41c"}}, {"type": "Feature", "id": 5138, "geometry": {"type": "Point", "coordinates": [-89.8408876791675, 35.0265985232321]}, "properties": {"Record_ID": "RES-ALT-21-001284", "Issued_Date": 1631595600000, "Sub_Type": "RES", "Construction_Type": "ALT", "Valuation": 68000, "Address": "6662 BEAVERLODGE DR", "City": "MEMPHIS", "Description": "Fire Restoration Remove Sheetrock and Floors", "ZIP_Code": "38141", "State": "TN", "Latitude": 35.02659852323207, "Longitude": -89.84088767916751, "ObjectId": 5138, "GlobalID": "488f45ef-a2d3-4048-8cda-6f5ed5c05c4a"}}, {"type": "Feature", "id": 5155, "geometry": {"type": "Point", "coordinates": [-89.7406636993609, 35.1423744959641]}, "properties": {"Record_ID": "RES-NEW-21-000647", "Issued_Date": 1630472400000, "Sub_Type": "RES", "Construction_Type": "NEW", "Valuation": 420665, "Address": "711 WOODLAND FOX LN W", "City": "CORDOVA", "Description": "Single Family Residence with a double garage", "ZIP_Code": "38018", "State": "TN", "Latitude": 35.14237449596411, "Longitude": -89.74066369936085, "ObjectId": 5155, "GlobalID": "dd628deb-3dd2-4d51-8445-3710eca767e2"}}, {"type": "Feature", "id": 5159, "geometry": {"type": "Point", "coordinates": [-89.9751046347117, 35.139071506985]}, "properties": {"Record_ID": "RES-ALT-21-000668", "Issued_Date": 1624597200000, "Sub_Type": "Residential", "Construction_Type": "Alteration", "Valuation": 60000, "Address": "2548 SCHOOL AVE", "City": "MEMPHIS", "Description": "LEVELED HOME, REINFORCED FLOOR, REMODEL INTERIOR, ADD BATHROOM, ROOF, WINDOWS, SIDING.", "ZIP_Code": null, "State": "TN", "Latitude": 35.13907150698497, "Longitude": -89.97510463471171, "ObjectId": 5159, "GlobalID": "a97878b7-ef86-4265-91eb-0082438e4a56"}}, {"type": "Feature", "id": 5161, "geometry": {"type": "Point", "coordinates": [-89.7998746847857, 35.1145285040699]}, "properties": {"Record_ID": "COM-ACC-21-000009", "Issued_Date": 1620277200000, "Sub_Type": "Commercial", "Construction_Type": "Accessory", "Valuation": 83045, "Address": "1230 S GERMANTOWN RD", "City": "GERMANTOWN", "Description": "Refuse Storage Expansion", "ZIP_Code": null, "State": "TN", "Latitude": 35.11452850406992, "Longitude": -89.79987468478568, "ObjectId": 5161, "GlobalID": "abc5bbd8-9ec6-4f89-8e72-b8768f17079f"}}, {"type": "Feature", "id": 5168, "geometry": {"type": "Point", "coordinates": [-89.8575826706167, 35.0869795120497]}, "properties": {"Record_ID": "RES-ACC-21-000878", "Issued_Date": 1632718800000, "Sub_Type": "RES", "Construction_Type": "ACC", "Valuation": 75000, "Address": "2225 ABERGELDIE DR", "City": "MEMPHIS", "Description": "Swimming pool install", "ZIP_Code": "38119", "State": "TN", "Latitude": 35.08697951204966, "Longitude": -89.85758267061667, "ObjectId": 5168, "GlobalID": "4ccf5241-0e43-4905-99ed-535d8164a9a9"}}, {"type": "Feature", "id": 5173, "geometry": {"type": "Point", "coordinates": [-89.7591946934762, 35.1538584945178]}, "properties": {"Record_ID": "RES-ALT-21-001147", "Issued_Date": 1631077200000, "Sub_Type": "RES", "Construction_Type": "ALT", "Valuation": 5000, "Address": "1044 AVERETT CV", "City": "CORDOVA", "Description": "Finishing the upstairs bedroom; framing was already done along with electricity including sheetrock and insulation", "ZIP_Code": "38018", "State": "TN", "Latitude": 35.15385849451777, "Longitude": -89.75919469347619, "ObjectId": 5173, "GlobalID": "3c9cb801-9cea-479c-be98-6aba30c4a7c2"}}, {"type": "Feature", "id": 5183, "geometry": {"type": "Point", "coordinates": [-90.0099796330963, 35.0164825326725]}, "properties": {"Record_ID": "RES-ALT-21-001366", "Issued_Date": 1632459600000, "Sub_Type": "RES", "Construction_Type": "ALT", "Valuation": 10400, "Address": "4835 HOLT DR", "City": "MEMPHIS", "Description": "Pocket Replacement Windows - Replace 12 Windows.", "ZIP_Code": "38116", "State": "TN", "Latitude": 35.0164825326725, "Longitude": -90.00997963309631, "ObjectId": 5183, "GlobalID": "3d913dad-21ae-4c63-a21b-c3c413b1b91e"}}, {"type": "Feature", "id": 5185, "geometry": {"type": "Point", "coordinates": [-89.8783906612474, 35.1421945020869]}, "properties": {"Record_ID": "RES-ALT-21-000224", "Issued_Date": 1614837600000, "Sub_Type": "Residential", "Construction_Type": "Alteration", "Valuation": 15000, "Address": "454 FOUNTAIN CREST CV", "City": "MEMPHIS", "Description": "FINISH OUT ATTIC", "ZIP_Code": null, "State": "TN", "Latitude": 35.14219450208689, "Longitude": -89.87839066124737, "ObjectId": 5185, "GlobalID": "6ea31b1a-2955-4a54-ba54-fe1c9eb1e952"}}, {"type": "Feature", "id": 5188, "geometry": {"type": "Point", "coordinates": [-89.8505401720752, 35.0944765102604]}, "properties": {"Record_ID": "RES-ALT-21-000449", "Issued_Date": 1619758800000, "Sub_Type": "Residential", "Construction_Type": "Alteration", "Valuation": 55696, "Address": "6356 SHADOWOOD LN", "City": "MEMPHIS", "Description": "Kitchen Remodel", "ZIP_Code": null, "State": "TN", "Latitude": 35.09447651026037, "Longitude": -89.85054017207524, "ObjectId": 5188, "GlobalID": "3f55e709-98e3-424d-a109-8e0dc821e225"}}, {"type": "Feature", "id": 5191, "geometry": {"type": "Point", "coordinates": [-89.8649761737479, 35.0074735280687]}, "properties": {"Record_ID": "COM-ALT-22-000408", "Issued_Date": 1652331600000, "Sub_Type": "COM", "Construction_Type": "ALT", "Valuation": 159742, "Address": "5100 HICKORY HILL RD", "City": "MEMPHIS", "Description": "Add new breakroom in warehouse for existing tenant", "ZIP_Code": "38141", "State": "TN", "Latitude": 35.007473528068736, "Longitude": -89.86497617374795, "ObjectId": 5191, "GlobalID": "c465f5e8-1730-4401-a1b4-8c694c288c21"}}, {"type": "Feature", "id": 5197, "geometry": {"type": "Point", "coordinates": [-89.8350736716256, 35.1666924953448]}, "properties": {"Record_ID": "COM-ALT-22-000239", "Issued_Date": 1651467600000, "Sub_Type": "COM", "Construction_Type": "ALT", "Valuation": 110000, "Address": "6850 MACON RD", "City": "MEMPHIS", "Description": "The proposed scope of work for this project includes: Add or replace antennas, ancillary equipment and ground equipment as per plans for an existing carrier on an existing wireless communication facility. Mid South Communications will be the general contractor for this project Cost of Construction will be $110,000", "ZIP_Code": "38134", "State": "TN", "Latitude": 35.166692495344826, "Longitude": -89.83507367162565, "ObjectId": 5197, "GlobalID": "64c60e09-e955-438a-bc90-2ef724ad7580"}}, {"type": "Feature", "id": 5213, "geometry": {"type": "Point", "coordinates": [0, 0]}, "properties": {"Record_ID": "B1118537", "Issued_Date": 1611554400000, "Sub_Type": "Residential", "Construction_Type": "ALT", "Valuation": 5480, "Address": "4353 HIGH RIDGE PT", "City": "UNINCORPORATED", "Description": "FIRE REPAIR IN KITCHEN ELECTRICAL INSPECTION NEEDED   MP 153 P", "ZIP_Code": null, "State": "TN", "Latitude": 0, "Longitude": 0, "ObjectId": 5213, "GlobalID": "43c349c5-dd30-4920-b91b-6864800f658d"}}, {"type": "Feature", "id": 5229, "geometry": {"type": "Point", "coordinates": [-89.8419181751857, 35.0833705120707]}, "properties": {"Record_ID": "RES-NEW-21-000434", "Issued_Date": 1623301200000, "Sub_Type": "Residential", "Construction_Type": "New", "Valuation": 250000, "Address": "6574 CORINNE OAK CV", "City": "MEMPHIS", "Description": "NEW SINGLE FAMILY- ATTACHED 3 CAR GARAGE", "ZIP_Code": null, "State": "TN", "Latitude": 35.08337051207067, "Longitude": -89.84191817518565, "ObjectId": 5229, "GlobalID": "a0e81d16-829b-48c2-8957-db5360214bcd"}}, {"type": "Feature", "id": 5234, "geometry": {"type": "Point", "coordinates": [-89.9493106497359, 35.0182825296445]}, "properties": {"Record_ID": "RES-ALT-22-000642", "Issued_Date": 1652418000000, "Sub_Type": "RES", "Construction_Type": "ALT", "Valuation": 6311, "Address": "4753 ALLRAND RD", "City": "MEMPHIS", "Description": "Pocket Replacement Windows - Replace 7 Windows", "ZIP_Code": "38118", "State": "TN", "Latitude": 35.01828252964453, "Longitude": -89.94931064973588, "ObjectId": 5234, "GlobalID": "ddc321bc-4294-47ae-94d6-dc9ca548afb2"}}, {"type": "Feature", "id": 5235, "geometry": {"type": "Point", "coordinates": [-90.0521311148168, 35.1180205145406]}, "properties": {"Record_ID": "RES-ALT-21-000747", "Issued_Date": 1624510800000, "Sub_Type": "Residential", "Construction_Type": "Alteration", "Valuation": 1000, "Address": "1021 LATHAM ST", "City": "MEMPHIS", "Description": "INSTALL A DOOR WERE EXISTING WINDOW WAS. CONSTRUCT FLAT LANDING OVER PORCH.", "ZIP_Code": null, "State": "TN", "Latitude": 35.11802051454061, "Longitude": -90.0521311148168, "ObjectId": 5235, "GlobalID": "6c75e685-6bf0-499b-aa23-bf7e3edfc6dd"}}, {"type": "Feature", "id": 5254, "geometry": {"type": "Point", "coordinates": [-89.730712030561, 35.2248787689481]}, "properties": {"Record_ID": "RES-NEW-21-000560", "Issued_Date": 1631163600000, "Sub_Type": "RES", "Construction_Type": "NEW", "Valuation": 294783, "Address": "9950 LAKE GENEVA ST N", "City": "ARLINGTON", "Description": "Willows at The Lake District Subdivision - New Construction of Town Home on Single Lot", "ZIP_Code": "38002", "State": "TN", "Latitude": 35.224878768948145, "Longitude": -89.73071203056104, "ObjectId": 5254, "GlobalID": "7d982a98-abd1-4b96-82eb-cd59916075d8"}}, {"type": "Feature", "id": 5256, "geometry": {"type": "Point", "coordinates": [-89.7917026830458, 35.1756294916647]}, "properties": {"Record_ID": "COM-ALT-22-000438", "Issued_Date": 1653282000000, "Sub_Type": "COM", "Construction_Type": "ALT", "Valuation": 105000, "Address": "1892 N GERMANTOWN PKWY", "City": "MEMPHIS", "Description": "Modification of existing cell tower equipment for existing carrier, Verizon Wireless (applicant). Remove/replace/add antennas and other minor tower equipment to existing configuration. No increase in tower height or compound expansion.", "ZIP_Code": "38016", "State": "TN", "Latitude": 35.175629491664665, "Longitude": -89.79170268304584, "ObjectId": 5256, "GlobalID": "a9d7e25b-212d-45a5-b421-68a8dcf4a824"}}, {"type": "Feature", "id": 5293, "geometry": {"type": "Point", "coordinates": [-89.954094140862, 35.133842507083]}, "properties": {"Record_ID": "RES-ALT-22-000618", "Issued_Date": 1652245200000, "Sub_Type": "RES", "Construction_Type": "ALT", "Valuation": 10000, "Address": "70 N GREER ST", "City": "MEMPHIS", "Description": "Replacing windows and doors", "ZIP_Code": "38111", "State": "TN", "Latitude": 35.133842507082996, "Longitude": -89.95409414086198, "ObjectId": 5293, "GlobalID": "8ac8d7c0-0e44-4a90-8bb5-289f977a8b0e"}}, {"type": "Feature", "id": 5294, "geometry": {"type": "Point", "coordinates": [-89.8695211672239, 35.088365512303]}, "properties": {"Record_ID": "COM-NEW-22-000039", "Issued_Date": 1652331600000, "Sub_Type": "COM", "Construction_Type": "NEW", "Valuation": 675194, "Address": "2215 LYNNFIELD RD", "City": "MEMPHIS", "Description": "6,000SF Commercial Shell Building Construction of Wood Framing/Trussing with Brick Exterior Cladding and Asphalt Shingle Roo. The Shell Building is intendent to be fit out at a later date. No occupancy identified at this time.", "ZIP_Code": "38119", "State": "TN", "Latitude": 35.08836551230305, "Longitude": -89.86952116722392, "ObjectId": 5294, "GlobalID": "5413b260-2c3a-4942-a6b2-d293d60dc389"}}, {"type": "Feature", "id": 5303, "geometry": {"type": "Point", "coordinates": [-89.8153201289708, 35.1673295259806]}, "properties": {"Record_ID": "RES-NEW-21-000637", "Issued_Date": 1631768400000, "Sub_Type": "RES", "Construction_Type": "NEW", "Valuation": 215000, "Address": "7427 APPLING MIST DR", "City": "MEMPHIS", "Description": "Construction Single Family Residence with attached double car garage", "ZIP_Code": "38016", "State": "TN", "Latitude": 35.167329525980556, "Longitude": -89.81532012897078, "ObjectId": 5303, "GlobalID": "6d53fcee-5f43-4562-bfaa-a5e1186509a7"}}, {"type": "Feature", "id": 5317, "geometry": {"type": "Point", "coordinates": [-89.6624717116746, 35.2847994644401]}, "properties": {"Record_ID": "RES-ALT-21-000424", "Issued_Date": 1619586000000, "Sub_Type": "Residential", "Construction_Type": "Alteration", "Valuation": 15000, "Address": "12035 BROCKWELL RD", "City": "ARLINGTON", "Description": "REMOVAL OF WALL BETWEEN KITCHEN AND LIVING ROOM, REMOVAL OF WALL BETWEEN KITCHEN AND DINING. REMOVAL OF ENTRY WALL. REMOVE ACONSTIC (POPCORN CELING) PAINT.", "ZIP_Code": null, "State": "TN", "Latitude": 35.28479946444008, "Longitude": -89.66247171167464, "ObjectId": 5317, "GlobalID": "501c5310-cf78-4ffb-9fb2-8f060c9c7b05"}}, {"type": "Feature", "id": 5323, "geometry": {"type": "Point", "coordinates": [-89.8360411759044, 35.0972665090704]}, "properties": {"Record_ID": "COM-ALT-22-000154", "Issued_Date": 1653022800000, "Sub_Type": "COM", "Construction_Type": "ALT", "Valuation": 1908276, "Address": "6815 POPLAR AVE", "City": "GERMANTOWN", "Description": "Space modifications on the 3rd, 4th, and 5th floors.", "ZIP_Code": "38138", "State": "TN", "Latitude": 35.09726650907043, "Longitude": -89.83604117590443, "ObjectId": 5323, "GlobalID": "a75b5814-2828-4b3b-a172-4985e4dcf6c1"}}, {"type": "Feature", "id": 5378, "geometry": {"type": "Point", "coordinates": [-89.8379941700091, 35.1789954930516]}, "properties": {"Record_ID": "COM-ALT-21-000554", "Issued_Date": 1630990800000, "Sub_Type": "COM", "Construction_Type": "ALT", "Valuation": 228384, "Address": "1991 FLETCHER CREEK DR", "City": "MEMPHIS", "Description": "Adding New Equipment to existing cell tower", "ZIP_Code": "38133", "State": "TN", "Latitude": 35.17899549305155, "Longitude": -89.83799417000914, "ObjectId": 5378, "GlobalID": "0022d527-139c-4a2b-84fb-009b483e60e3"}}, {"type": "Feature", "id": 5412, "geometry": {"type": "Point", "coordinates": [-89.9072716566092, 35.0910475134408]}, "properties": {"Record_ID": "COM-ALT-21-000248", "Issued_Date": 1616389200000, "Sub_Type": "Commercial", "Construction_Type": "Alteration", "Valuation": 37946, "Address": "4657 QUINCE RD", "City": "MEMPHIS", "Description": "Hudson Company has been approached by McDonald's Property Management to bid on de-arching the McDonaldâ€™s at 4657 Quince Rd, Memphis, TN.  There are no real plans prepared for us to price this by, only the written scope of work below.  Basically, they are shutting the old store down and making the building not look like a McDonaldâ€™s.  It involves straightening the double mansard roof and removing any â€œbrandingâ€ element that would indicate that the store is a McDonaldâ€™s.  Our cost is $37,946.00.  Please let me know what I need to do to get this permitted so we can do the work for this owner?My cell number is 256-717-9761 if you need to discuss.Standard DeArch Scope:1.\tAll items denoting the McDonalds logo or trademark must be removed and/or replaced (including on the logoâ€™d glass, masonry, paneling, etc.). a.\tAny logos on the masonry need to be removed, and then repaired behind.b.\tAny logoâ€™d wall, window, and/or door panels need to be replaced.c.\tAny logoâ€™d windows need to be scraped (where possible) or replaced.2.\tWe do NOT need to paint.3.\tThe lot light poles can be removed, capped at bases.4.\tWe need to winterize the interior.5.\tFlag pole(s) can remain.6.\tPorta-potty for workers to be provided. Interior restrooms are NOT to be used.7.\tPermitting will be run through you, the GC.8.\tMost importantly, the double mansard needs to be modified to a single mansard roof per the attached. Neutral color shingling to be used (not picky). a.\tIf the base requires drawings or an asbestos survey to be done, please break that cost out as a separate line item. Iâ€™ll ask on thisâ€¦9.\tThe signage package is the responsibility of the outgoing Operator to remove â€“ road, directional, drive thru, building fascia, menu, etc. Same goes for a play-place and roof beams.If you could also quote up some bollards and chains, or cheap barriers, for the access points, that would be great as well. Should you have any further questions on the project, please donâ€™t hesitate to reach out.", "ZIP_Code": null, "State": "TN", "Latitude": 35.09104751344081, "Longitude": -89.90727165660924, "ObjectId": 5412, "GlobalID": "f3b873ef-dba7-4eda-ae03-89abcdf1d6a1"}}, {"type": "Feature", "id": 5430, "geometry": {"type": "Point", "coordinates": [-89.8127941763876, 35.1880854901454]}, "properties": {"Record_ID": "COM-ALT-22-000400", "Issued_Date": 1652936400000, "Sub_Type": "COM", "Construction_Type": "ALT", "Valuation": 45000, "Address": "2301 PATE RD", "City": "MEMPHIS", "Description": "Modification of existing cell tower equipment for existing carrier, Verizon Wireless (applicant). Remove/replace/add antennas and other minor tower equipment to existing configuration. Complete antenna mount modifications. No increase in tower height or compound expansion.", "ZIP_Code": "38133", "State": "TN", "Latitude": 35.18808549014543, "Longitude": -89.81279417638764, "ObjectId": 5430, "GlobalID": "69616f48-9271-47e2-a158-34f6f45eb316"}}, {"type": "Feature", "id": 5442, "geometry": {"type": "Point", "coordinates": [-90.0052648256913, 35.1001140253764]}, "properties": {"Record_ID": "COM-ALT-22-000436", "Issued_Date": 1653282000000, "Sub_Type": "COM", "Construction_Type": "ALT", "Valuation": 105000, "Address": "1709 E PERSON AVE", "City": "MEMPHIS", "Description": "Modification of existing cell tower equipment for existing carrier, Verizon Wireless (applicant). Remove/replace/add antennas and other minor tower equipment to existing configuration. No increase in tower height or compound expansion.", "ZIP_Code": "38106", "State": "TN", "Latitude": 35.10011402537645, "Longitude": -90.00526482569127, "ObjectId": 5442, "GlobalID": "f3a16deb-8c2b-4af0-88f1-d2122b582f91"}}, {"type": "Feature", "id": 5446, "geometry": {"type": "Point", "coordinates": [-89.838196677739, 35.0599975165189]}, "properties": {"Record_ID": "COM-ALT-21-000784", "Issued_Date": 1631250000000, "Sub_Type": "COM", "Construction_Type": "ALT", "Valuation": 92650, "Address": "6750 LENOX CENTER CT", "City": "MEMPHIS", "Description": "Alteration to existing space.", "ZIP_Code": "38115", "State": "TN", "Latitude": 35.059997516518955, "Longitude": -89.83819667773905, "ObjectId": 5446, "GlobalID": "98ac739b-3f51-4198-b3b5-56b5dc7ac2b7"}}, {"type": "Feature", "id": 5448, "geometry": {"type": "Point", "coordinates": [-90.0126706198599, 35.206931495315]}, "properties": {"Record_ID": "RES-ALT-20-000820", "Issued_Date": 1611036000000, "Sub_Type": "Residential", "Construction_Type": "ALT", "Valuation": 4500, "Address": "3003 LECONTE DR", "City": "MEMPHIS", "Description": "Pocket Replacement Windows- Replace 7 Windows", "ZIP_Code": null, "State": "TN", "Latitude": 35.206931495315054, "Longitude": -90.01267061985995, "ObjectId": 5448, "GlobalID": "30450582-1f23-4575-b650-6b108d2a5918"}}, {"type": "Feature", "id": 5449, "geometry": {"type": "Point", "coordinates": [0, 0]}, "properties": {"Record_ID": "RES-NEW-21-000496", "Issued_Date": 1631768400000, "Sub_Type": "RES", "Construction_Type": "NEW", "Valuation": 213500, "Address": "406 TURLEY 3812", "City": "", "Description": "PLANS SUBMITTED FOR PLAN REVIEW IN ORDER TO RECEIVE PERMITS", "ZIP_Code": null, "State": "TN", "Latitude": 0, "Longitude": 0, "ObjectId": 5449, "GlobalID": "85f48306-aad8-4076-b3e0-895413f428da"}}, {"type": "Feature", "id": 5467, "geometry": {"type": "Point", "coordinates": [-89.8151828250659, 35.16732610407]}, "properties": {"Record_ID": "RES-NEW-21-000638", "Issued_Date": 1631682000000, "Sub_Type": "RES", "Construction_Type": "NEW", "Valuation": 225000, "Address": "7431 APPLING MIST DR", "City": "MEMPHIS", "Description": "Construct Single family residence with attached double car garage.", "ZIP_Code": "38016", "State": "TN", "Latitude": 35.16732610406998, "Longitude": -89.81518282506588, "ObjectId": 5467, "GlobalID": "d3b8db3a-72e8-43d7-8cd9-7e956f69df84"}}, {"type": "Feature", "id": 5484, "geometry": {"type": "Point", "coordinates": [-89.6354987181154, 35.3005854601356]}, "properties": {"Record_ID": "RES-NEW-21-000331", "Issued_Date": 1620795600000, "Sub_Type": "Residential", "Construction_Type": "New", "Valuation": 309900, "Address": "6402 CLARKSON CIR", "City": "ARLINGTON", "Description": "ERECT NEW SINGLE FAMILY RESIDENCE W/ ATTACHED 3 CAR GARAGE", "ZIP_Code": null, "State": "TN", "Latitude": 35.3005854601356, "Longitude": -89.63549871811539, "ObjectId": 5484, "GlobalID": "f896eede-47cb-4362-851e-3d61ea164827"}}, {"type": "Feature", "id": 5523, "geometry": {"type": "Point", "coordinates": [-90.023103211247, 35.1385575464652]}, "properties": {"Record_ID": "COM-ALT-22-000281", "Issued_Date": 1651467600000, "Sub_Type": "COM", "Construction_Type": "ALT", "Valuation": 110000, "Address": "1150 MONROE AVE", "City": "MEMPHIS", "Description": "The proposed scope of work for this project includes: Add or replace antennas, ancillary equipment and ground equipment as per plans for an existing carrier on an existing wireless communication facility. Midsouth Communications will be the general contractor for this project.  Cost of Construction will be $110,000", "ZIP_Code": "38104", "State": "TN", "Latitude": 35.13855754646521, "Longitude": -90.023103211247, "ObjectId": 5523, "GlobalID": "f96a462b-988f-42f0-b444-26e49e2f9403"}}, {"type": "Feature", "id": 5528, "geometry": {"type": "Point", "coordinates": [-90.0556231205796, 35.0152045349371]}, "properties": {"Record_ID": "RES-ALT-21-001303", "Issued_Date": 1632718800000, "Sub_Type": "RES", "Construction_Type": "ALT", "Valuation": 8314, "Address": "4866 NEELY RD", "City": "MEMPHIS", "Description": "Pocket Replacement Windows - Replace 7 Windows", "ZIP_Code": "38109", "State": "TN", "Latitude": 35.01520453493708, "Longitude": -90.05562312057965, "ObjectId": 5528, "GlobalID": "dae765e5-8f21-478b-9490-4db06f7e95b3"}}, {"type": "Feature", "id": 5538, "geometry": {"type": "Point", "coordinates": [-89.9535406410741, 35.1329425072356]}, "properties": {"Record_ID": "RES-ALT-22-000617", "Issued_Date": 1652245200000, "Sub_Type": "RES", "Construction_Type": "ALT", "Valuation": 10000, "Address": "3228 WALNUT GROVE RD", "City": "MEMPHIS", "Description": "Replacing windows and doors", "ZIP_Code": "38111", "State": "TN", "Latitude": 35.132942507235605, "Longitude": -89.95354064107407, "ObjectId": 5538, "GlobalID": "1354a063-1e46-4eb1-9b43-1f44cbe6f213"}}, {"type": "Feature", "id": 5543, "geometry": {"type": "Point", "coordinates": [-89.9026456422978, 35.3274504667579]}, "properties": {"Record_ID": "RES-NEW-22-000352", "Issued_Date": 1652331600000, "Sub_Type": "RES", "Construction_Type": "NEW", "Valuation": 229600, "Address": "4786 BARRETT OAKS DR", "City": "MILLINGTON", "Description": "SFR w/ 2 car garage, 4 bd, 2 ba, Barrett Oaks Subdivision Lot 22", "ZIP_Code": "38053", "State": "TN", "Latitude": 35.327450466757895, "Longitude": -89.90264564229781, "ObjectId": 5543, "GlobalID": "fe86054b-328f-4cfd-a092-4d82d2a63959"}}, {"type": "Feature", "id": 5552, "geometry": {"type": "Point", "coordinates": [-89.8088161831187, 35.1021625069036]}, "properties": {"Record_ID": "RES-ACC-21-000405", "Issued_Date": 1620104400000, "Sub_Type": "Residential", "Construction_Type": "Accessory", "Valuation": 91800, "Address": "1676 CORDOVA RD", "City": "GERMANTOWN", "Description": "Install Gunite Pool", "ZIP_Code": null, "State": "TN", "Latitude": 35.10216250690364, "Longitude": -89.80881618311867, "ObjectId": 5552, "GlobalID": "38d9fce7-3bc1-4807-bd01-a9f34f3fc6f5"}}, {"type": "Feature", "id": 5558, "geometry": {"type": "Point", "coordinates": [-89.874682659977, 35.1771594950388]}, "properties": {"Record_ID": "RES-ALT-21-000055", "Issued_Date": 1611813600000, "Sub_Type": "Residential", "Construction_Type": "ALT", "Valuation": 6000, "Address": "5673 SYCAMORE RIDGE RD", "City": "MEMPHIS", "Description": "Pocket Replacement Windows- Replace 10 Windows", "ZIP_Code": null, "State": "TN", "Latitude": 35.17715949503882, "Longitude": -89.87468265997697, "ObjectId": 5558, "GlobalID": "ceec2804-207f-4c5b-b2fc-32117d8a334c"}}, {"type": "Feature", "id": 5562, "geometry": {"type": "Point", "coordinates": [-90.0195016213106, 35.1563155055634]}, "properties": {"Record_ID": "RES-ACC-21-000045", "Issued_Date": 1612764000000, "Sub_Type": "Residential", "Construction_Type": "Accessory", "Valuation": 2500, "Address": "1162 GREENLAW AVE", "City": "MEMPHIS", "Description": "This 8'x10' Tuff Shed will be installed 5' away from the property lines in the North-West corner of the backyard at 1162 Greenlaw Ave. Memphis TN, 38105. The design, style and paint have been approved by the Landmarks Commission, as we are in an Historic District, Speedway Terrace.", "ZIP_Code": null, "State": "TN", "Latitude": 35.15631550556339, "Longitude": -90.01950162131064, "ObjectId": 5562, "GlobalID": "de99a988-00bd-45f6-941f-5480f61e9935"}}, {"type": "Feature", "id": 5563, "geometry": {"type": "Point", "coordinates": [-90.0350491099551, 35.2631184852872]}, "properties": {"Record_ID": "RES-NEW-22-000337", "Issued_Date": 1652331600000, "Sub_Type": "RES", "Construction_Type": "NEW", "Valuation": 95000, "Address": "5038 BELFAST DR", "City": "MEMPHIS", "Description": "Erect single family home no covered parking", "ZIP_Code": "38127", "State": "TN", "Latitude": 35.26311848528716, "Longitude": -90.03504910995511, "ObjectId": 5563, "GlobalID": "4a5be380-edb3-4f55-aa1f-a04f7108caa6"}}, {"type": "Feature", "id": 5597, "geometry": {"type": "Point", "coordinates": [-89.8382866752637, 35.0975635091109]}, "properties": {"Record_ID": "COM-ALT-21-000867", "Issued_Date": 1631595600000, "Sub_Type": "COM", "Construction_Type": "ALT", "Valuation": 88050, "Address": "6800 POPLAR AVE", "City": "GERMANTOWN", "Description": "Interior renovations", "ZIP_Code": "38138", "State": "TN", "Latitude": 35.09756350911093, "Longitude": -89.83828667526373, "ObjectId": 5597, "GlobalID": "a1c18982-d90d-4f2a-9f6d-3b2599686631"}}, {"type": "Feature", "id": 5601, "geometry": {"type": "Point", "coordinates": [-90.1078141067775, 35.0060335390471]}, "properties": {"Record_ID": "RES-ALT-21-001354", "Issued_Date": 1632718800000, "Sub_Type": "RES", "Construction_Type": "ALT", "Valuation": 7200, "Address": "1329 LONGCREST RD", "City": "MEMPHIS", "Description": "Pocket Replacement Windows - Replace 10 Windows.", "ZIP_Code": "38109", "State": "TN", "Latitude": 35.00603353904709, "Longitude": -90.1078141067775, "ObjectId": 5601, "GlobalID": "f54751fe-092c-4c77-894c-7fa2cf4e0768"}}, {"type": "Feature", "id": 5608, "geometry": {"type": "Point", "coordinates": [-89.7606077593574, 35.1966042072619]}, "properties": {"Record_ID": "RES-ALT-20-000847", "Issued_Date": 1610431200000, "Sub_Type": "Residential", "Construction_Type": "ALT", "Valuation": 17281, "Address": "2598 HEARTH STONE DR", "City": "CORDOVA", "Description": "Vinyl Siding Installation", "ZIP_Code": null, "State": "TN", "Latitude": 35.19660420726195, "Longitude": -89.76060775935738, "ObjectId": 5608, "GlobalID": "02dee4f2-9547-48cc-8aa0-ec48b6b26a02"}}, {"type": "Feature", "id": 5615, "geometry": {"type": "Point", "coordinates": [-89.935846639154, 35.2363524861176]}, "properties": {"Record_ID": "RES-ALT-21-000593", "Issued_Date": 1620882000000, "Sub_Type": "Residential", "Construction_Type": "Alteration", "Valuation": 2291, "Address": "4067 TRUDY ST", "City": "MEMPHIS", "Description": "INSTALL REPLACEMENT WINDOWS. SAME SIZE AND SHAPE", "ZIP_Code": null, "State": "TN", "Latitude": 35.236352486117596, "Longitude": -89.93584663915397, "ObjectId": 5615, "GlobalID": "b71f0c49-ac04-4ec9-9ac0-b7e049f1e073"}}, {"type": "Feature", "id": 5651, "geometry": {"type": "Point", "coordinates": [-89.6649377105519, 35.2914414632424]}, "properties": {"Record_ID": "RES-ACC-21-000449", "Issued_Date": 1622523600000, "Sub_Type": "Residential", "Construction_Type": "Accessory", "Valuation": 6508, "Address": "6103 JACKSON ST", "City": "ARLINGTON", "Description": "24' POOL REPLACEMENT", "ZIP_Code": null, "State": "TN", "Latitude": 35.29144146324242, "Longitude": -89.6649377105519, "ObjectId": 5651, "GlobalID": "ad8238cb-9887-4689-a6d9-724493193170"}}, {"type": "Feature", "id": 5662, "geometry": {"type": "Point", "coordinates": [-90.0534496127368, 35.1441205094677]}, "properties": {"Record_ID": "COM-ALT-21-001257", "Issued_Date": 1651554000000, "Sub_Type": "COM", "Construction_Type": "ALT", "Valuation": 650000, "Address": "97 MONROE AVE", "City": "MEMPHIS", "Description": "Brodnax is the renovation of an existing mixed-use multi story (5) builidng with R-2 and A occupancy (NFPA 13) sprinklered.  The new construction will consists of a level 2 alteration of a residential floor (single residence).  This will provide bedrooms, office space, kitchen, living room, bathrooms, and misc support spaces. \n\nCurrent construction is 3B sprinklered with concrete floors, beams, and columns providing separation between each floor.  New interior walls will be metal stud, gyp. bd, and insulation. An existing mezzanine is to remain in place (IEBC).", "ZIP_Code": "38103", "State": "TN", "Latitude": 35.144120509467676, "Longitude": -90.05344961273684, "ObjectId": 5662, "GlobalID": "1083dc99-e357-47c0-8c04-9811f9978f23"}}, {"type": "Feature", "id": 5705, "geometry": {"type": "Point", "coordinates": [-89.9988286288905, 35.1278935102357]}, "properties": {"Record_ID": "RES-ADD-21-000479", "Issued_Date": 1631595600000, "Sub_Type": "RES", "Construction_Type": "ADD", "Valuation": 14500, "Address": "1878 COWDEN AVE", "City": "MEMPHIS", "Description": "Build screen porch", "ZIP_Code": "38104", "State": "TN", "Latitude": 35.127893510235694, "Longitude": -89.99882862889048, "ObjectId": 5705, "GlobalID": "da12c37a-1861-431f-8773-3874648080b6"}}, {"type": "Feature", "id": 5713, "geometry": {"type": "Point", "coordinates": [-89.8427371735166, 35.1054565077508]}, "properties": {"Record_ID": "RES-ADD-20-000115", "Issued_Date": 1619154000000, "Sub_Type": "Residential", "Construction_Type": "Addition", "Valuation": 97000, "Address": "1576 QUAIL POINTE CIR E", "City": "MEMPHIS", "Description": "320 sqft addition to existing house.  no bathroom or kitchen.  brick exterior. Architectural roof shingles.", "ZIP_Code": null, "State": "TN", "Latitude": 35.10545650775079, "Longitude": -89.8427371735166, "ObjectId": 5713, "GlobalID": "ae0a2d27-05b1-418e-ab79-5ee3c6803ff1"}}, {"type": "Feature", "id": 5758, "geometry": {"type": "Point", "coordinates": [-89.9063041466895, 35.2459824829111]}, "properties": {"Record_ID": "RES-ACC-21-000271", "Issued_Date": 1618894800000, "Sub_Type": "Residential", "Construction_Type": "Accessory", "Valuation": 2620.14, "Address": "4706 SHADOW BARK CV", "City": "MEMPHIS", "Description": "tuff shed storage building installed on property", "ZIP_Code": null, "State": "TN", "Latitude": 35.245982482911096, "Longitude": -89.90630414668946, "ObjectId": 5758, "GlobalID": "bc07702f-d99a-4da9-ad41-8832a6278b2c"}}, {"type": "Feature", "id": 5766, "geometry": {"type": "Point", "coordinates": [-89.7646278075281, 35.1930831708695]}, "properties": {"Record_ID": "RES-ALT-21-001294", "Issued_Date": 1632200400000, "Sub_Type": "RES", "Construction_Type": "ALT", "Valuation": 110000, "Address": "8934 CARROLLWOOD LN E", "City": "CORDOVA", "Description": "Entire house will be renovated, all bathrooms, flooring, countertops, some sheetrock. All new lighting, window repairs, paint.", "ZIP_Code": "38016", "State": "TN", "Latitude": 35.193083170869556, "Longitude": -89.76462780752811, "ObjectId": 5766, "GlobalID": "14db0efe-7bbb-49da-87b7-92eb34470be5"}}, {"type": "Feature", "id": 5778, "geometry": {"type": "Point", "coordinates": [-89.969713637458, 35.1199285105134]}, "properties": {"Record_ID": "RES-NEW-21-000121", "Issued_Date": 1614924000000, "Sub_Type": "Residential", "Construction_Type": "New", "Valuation": 160000, "Address": "447 JOSEPHINE ST", "City": "MEMPHIS", "Description": "CONSTRUCT NEW SINGLE FAMILY HOME WITH CARPORT, NEW DRIVEWAY AND WALKWAYS", "ZIP_Code": null, "State": "TN", "Latitude": 35.11992851051339, "Longitude": -89.96971363745804, "ObjectId": 5778, "GlobalID": "7d23a625-835c-40c9-b24d-7ed410749552"}}, {"type": "Feature", "id": 5827, "geometry": {"type": "Point", "coordinates": [-89.9961511229772, 35.2288374902784]}, "properties": {"Record_ID": "RES-NEW-22-000338", "Issued_Date": 1652936400000, "Sub_Type": "RES", "Construction_Type": "NEW", "Valuation": 95000, "Address": "3822 DENVER ST", "City": "MEMPHIS", "Description": "Erect single family home no covered parking", "ZIP_Code": "38127", "State": "TN", "Latitude": 35.22883749027843, "Longitude": -89.99615112297717, "ObjectId": 5827, "GlobalID": "224d722e-314c-4db6-9123-a9514a25e3b7"}}, {"type": "Feature", "id": 5829, "geometry": {"type": "Point", "coordinates": [-89.9839876313222, 35.1532915045818]}, "properties": {"Record_ID": "RES-ALT-22-000652", "Issued_Date": 1652418000000, "Sub_Type": "RES", "Construction_Type": "ALT", "Valuation": 2000, "Address": "2247 CROSS DR", "City": "MEMPHIS", "Description": "repair rafter ceiling joist and decking in office area where tree hit", "ZIP_Code": "38112", "State": "TN", "Latitude": 35.15329150458178, "Longitude": -89.9839876313222, "ObjectId": 5829, "GlobalID": "6cedba15-f27a-4e0f-b09a-a0d28cc2bd66"}}, {"type": "Feature", "id": 5869, "geometry": {"type": "Point", "coordinates": [-90.0021766320386, 35.0657215226235]}, "properties": {"Record_ID": "COM-ALT-22-000355", "Issued_Date": 1652677200000, "Sub_Type": "COM", "Construction_Type": "ALT", "Valuation": 110000, "Address": "2925 CARRIER ST", "City": "MEMPHIS", "Description": "Modification of existing cell tower equipment for existing carrier, Verizon Wireless (applicant). Remove/replace/add antennas and other minor tower equipment to existing configuration. No increase in tower height or compound expansion.", "ZIP_Code": "38116", "State": "TN", "Latitude": 35.06572152262352, "Longitude": -90.00217663203861, "ObjectId": 5869, "GlobalID": "cfb5f0e8-d3f8-4f64-b5e8-b936b9f4d03d"}}, {"type": "Feature", "id": 5882, "geometry": {"type": "Point", "coordinates": [-89.6357687179834, 35.3014494599776]}, "properties": {"Record_ID": "RES-NEW-21-000123", "Issued_Date": 1614578400000, "Sub_Type": "Residential", "Construction_Type": "New", "Valuation": 520000, "Address": "6441 MCCORD LOOP", "City": "ARLINGTON", "Description": "New single family residence with a triple garage.", "ZIP_Code": null, "State": "TN", "Latitude": 35.30144945997757, "Longitude": -89.63576871798337, "ObjectId": 5882, "GlobalID": "0281bc84-830e-4b48-a1a6-1a81337be0fc"}}, {"type": "Feature", "id": 5892, "geometry": {"type": "Point", "coordinates": [-90.0426856165079, 35.1319795113767]}, "properties": {"Record_ID": "RES-ALT-22-000551", "Issued_Date": 1652158800000, "Sub_Type": "RES", "Construction_Type": "ALT", "Valuation": 31241.12, "Address": "391 CLEABORN ST", "City": "MEMPHIS", "Description": "Building damage repair. Replace all damaged structure members and interior finishes do to fire.", "ZIP_Code": "38126", "State": "TN", "Latitude": 35.131979511376734, "Longitude": -90.0426856165079, "ObjectId": 5892, "GlobalID": "6612fc19-e7e7-4084-936f-f3c194a30dcd"}}, {"type": "Feature", "id": 5911, "geometry": {"type": "Point", "coordinates": [-89.8835611450666, 35.3651964585045]}, "properties": {"Record_ID": "RES-NEW-22-000311", "Issued_Date": 1651640400000, "Sub_Type": "RES", "Construction_Type": "NEW", "Valuation": 245026, "Address": "8762 WINDSTONE ESTATE DR", "City": "MILLINGTON", "Description": "2-story single family residence with 2 car attached garage.", "ZIP_Code": "38053", "State": "TN", "Latitude": 35.365196458504535, "Longitude": -89.88356114506661, "ObjectId": 5911, "GlobalID": "fdc61cdf-1650-4098-91c2-b54db1582152"}}, {"type": "Feature", "id": 5924, "geometry": {"type": "Point", "coordinates": [-89.7345032006187, 35.1492324943395]}, "properties": {"Record_ID": "RES-ACC-21-000838", "Issued_Date": 1630472400000, "Sub_Type": "RES", "Construction_Type": "ACC", "Valuation": 22000, "Address": "9674 WOODLAND VIEW LN", "City": "CORDOVA", "Description": "construct a detached shed at rear left of 1 acre lot", "ZIP_Code": "38018", "State": "TN", "Latitude": 35.14923249433946, "Longitude": -89.73450320061868, "ObjectId": 5924, "GlobalID": "51f6d5b9-e14e-42e4-8fb4-5474e5b43985"}}, {"type": "Feature", "id": 5927, "geometry": {"type": "Point", "coordinates": [-90.0466141143337, 35.1485395082956]}, "properties": {"Record_ID": "COM-ALT-21-000790", "Issued_Date": 1631509200000, "Sub_Type": "COM", "Construction_Type": "ALT", "Valuation": 48979, "Address": "208 POPLAR AVE", "City": "MEMPHIS", "Description": "Existing roof is a solid wood deck over steel framing with 1 layer of 4ply built up roof. �Decking is very solid, and existing roof is not saturated. �We are installing a layer of 1� fan fold board over existing roof, then install a 50 Mill Durolast, PVC, membrane system. �We are removing existing wall coping and installing new coping. Flat roof is 48 squares�\n\nThere are also 19 squares of asphalt shingle roofing around the perimeter. �This roof is 2 layers so we will be removing 2 layers down to deck and installing a new lifetime architectural system.", "ZIP_Code": "38103", "State": "TN", "Latitude": 35.148539508295656, "Longitude": -90.04661411433369, "ObjectId": 5927, "GlobalID": "5cdb976e-e991-4c40-9080-33891a4f2ec8"}}, {"type": "Feature", "id": 5934, "geometry": {"type": "Point", "coordinates": [-90.0162346292422, 35.0490985265195]}, "properties": {"Record_ID": "RES-ALT-20-000825", "Issued_Date": 1611036000000, "Sub_Type": "Residential", "Construction_Type": "ALT", "Valuation": 4731, "Address": "3626 HUCKLEBERRY ST", "City": "MEMPHIS", "Description": "Pocket Replacement Windows- Replace 7 Windows", "ZIP_Code": null, "State": "TN", "Latitude": 35.04909852651946, "Longitude": -90.0162346292422, "ObjectId": 5934, "GlobalID": "0063456d-10fc-4ff9-9519-3d0c514ec65a"}}, {"type": "Feature", "id": 5945, "geometry": {"type": "Point", "coordinates": [-89.7840661920598, 35.0701045121403]}, "properties": {"Record_ID": "RES-ALT-21-000537", "Issued_Date": 1624597200000, "Sub_Type": "Residential", "Construction_Type": "Alteration", "Valuation": 87000, "Address": "8336 SHADY CREEK DR", "City": "GERMANTOWN", "Description": "This permit application is for the following home improvements to the stated address:Window and entry door replacements in existing openings (no framing alterations)Re-surfacing of exterior wood deck. Replacing concrete patio around existing liner pool. Painting exterior of homeReplacing gutters around home. There are no structural alterations being made thus no plans are being provided.", "ZIP_Code": null, "State": "TN", "Latitude": 35.0701045121403, "Longitude": -89.78406619205981, "ObjectId": 5945, "GlobalID": "67244018-a91d-4a2b-ad9e-9569a46e0f1a"}}, {"type": "Feature", "id": 5999, "geometry": {"type": "Point", "coordinates": [-90.0081616217574, 35.1970674970517]}, "properties": {"Record_ID": "COM-ALT-21-000764", "Issued_Date": 1631595600000, "Sub_Type": "COM", "Construction_Type": "ALT", "Valuation": 40000, "Address": "2635 N WATKINS ST", "City": "MEMPHIS", "Description": "GENERAL REPAIR: DRYWALL, PAINT, FLOORING, TRIM", "ZIP_Code": "38127", "State": "TN", "Latitude": 35.19706749705171, "Longitude": -90.00816162175741, "ObjectId": 5999, "GlobalID": "8bc275ac-1a92-4fd1-910a-49e69b7a9929"}}, {"type": "Feature", "id": 6000, "geometry": {"type": "Point", "coordinates": [-89.8059226837596, 35.1046105062931]}, "properties": {"Record_ID": "RES-ALT-22-000587", "Issued_Date": 1652936400000, "Sub_Type": "RES", "Construction_Type": "ALT", "Valuation": 29440.82, "Address": "7705 MCHENRY CIR S", "City": "GERMANTOWN", "Description": "Remodel of existing master bathroom to include replacing vanity, toilet, plumbing fixtures, light fixtures, tile work and painting.  No redesign of space replacing existing in same space", "ZIP_Code": "38138", "State": "TN", "Latitude": 35.10461050629308, "Longitude": -89.80592268375963, "ObjectId": 6000, "GlobalID": "463e69da-38db-4788-96f1-61599921e100"}}, {"type": "Feature", "id": 6009, "geometry": {"type": "Point", "coordinates": [-90.0085171242606, 35.1576025048227]}, "properties": {"Record_ID": "RES-NEW-21-000864", "Issued_Date": 1651813200000, "Sub_Type": "RES", "Construction_Type": "NEW", "Valuation": 130289, "Address": "1470 LYNDALE AVE", "City": "MEMPHIS", "Description": "New sinigel family home. 4bd 2b all electric", "ZIP_Code": "38107", "State": "TN", "Latitude": 35.1576025048227, "Longitude": -90.0085171242606, "ObjectId": 6009, "GlobalID": "21061018-554a-48f1-89c0-39766fb19913"}}, {"type": "Feature", "id": 6060, "geometry": {"type": "Point", "coordinates": [-89.8253986845037, 35.0103985257521]}, "properties": {"Record_ID": "RES-ALT-22-000664", "Issued_Date": 1653541200000, "Sub_Type": "RES", "Construction_Type": "ALT", "Valuation": 3344.7, "Address": "7100 FARMHOUSE DR", "City": "MEMPHIS", "Description": "Vinyl Window Installation", "ZIP_Code": "38125", "State": "TN", "Latitude": 35.010398525752144, "Longitude": -89.82539868450371, "ObjectId": 6060, "GlobalID": "97bd448b-3566-4e70-9218-afa7e93783aa"}}, {"type": "Feature", "id": 6118, "geometry": {"type": "Point", "coordinates": [-89.730457402392, 35.2250315458445]}, "properties": {"Record_ID": "RES-NEW-21-000297", "Issued_Date": 1622696400000, "Sub_Type": "Residential", "Construction_Type": "New", "Valuation": 225700, "Address": "9958 LAKE GENEVA ST N", "City": "ARLINGTON", "Description": "New Construction of Townhouse for Lake District in Lakeland, TN.", "ZIP_Code": null, "State": "TN", "Latitude": 35.22503154584451, "Longitude": -89.73045740239198, "ObjectId": 6118, "GlobalID": "98cf61a9-56b0-485b-a709-49f46fae875a"}}, {"type": "Feature", "id": 6139, "geometry": {"type": "Point", "coordinates": [-89.7527191952079, 35.1548034940453]}, "properties": {"Record_ID": "RES-ADD-22-000159", "Issued_Date": 1652158800000, "Sub_Type": "RES", "Construction_Type": "ADD", "Valuation": 36500, "Address": "1080 BARNWELL CV N", "City": "CORDOVA", "Description": "Attic enclosure to  additional bedroom and office.", "ZIP_Code": "38018", "State": "TN", "Latitude": 35.154803494045346, "Longitude": -89.7527191952079, "ObjectId": 6139, "GlobalID": "dfd95414-f1e2-4a68-81a2-0d4a524215e4"}}, {"type": "Feature", "id": 6157, "geometry": {"type": "Point", "coordinates": [-89.9185801456108, 35.2109004903508]}, "properties": {"Record_ID": "COM-ALT-20-000437", "Issued_Date": 1614232800000, "Sub_Type": "Commercial", "Construction_Type": "Alteration", "Valuation": 950000, "Address": "3176 AUSTIN PEAY HWY", "City": "MEMPHIS", "Description": "Minor interior remodel to existing ALDI store. Exterior work includes: relamping sconces, updated logo sign, removal and addition/ replacement of rooftop units, and maintenance items. Interior work includes: new sales floor wall finishes and signage, replacement of gondolas, MDUs, and checklanes, and the addition of an EVAC system and curbside equipment.", "ZIP_Code": null, "State": "TN", "Latitude": 35.21090049035079, "Longitude": -89.91858014561082, "ObjectId": 6157, "GlobalID": "0ce0b690-2110-486a-833e-fcd424e98077"}}, {"type": "Feature", "id": 6164, "geometry": {"type": "Point", "coordinates": [-89.914453642014, 35.2825314760975]}, "properties": {"Record_ID": "RES-ALT-21-000434", "Issued_Date": 1619154000000, "Sub_Type": "Residential", "Construction_Type": "Alteration", "Valuation": 2919, "Address": "5774 WILLOW SPRINGS DR", "City": "MILLINGTON", "Description": "INSTALL REPLACEMENT WINDOWS. SAME SIZE AND TYPE", "ZIP_Code": null, "State": "TN", "Latitude": 35.28253147609751, "Longitude": -89.91445364201397, "ObjectId": 6164, "GlobalID": "500f76b7-f883-4462-b49c-9ce4fb6d7516"}}, {"type": "Feature", "id": 6168, "geometry": {"type": "Point", "coordinates": [-89.9096026606573, 35.0190745277403]}, "properties": {"Record_ID": "COM-ALT-21-000456", "Issued_Date": 1631682000000, "Sub_Type": "COM", "Construction_Type": "ALT", "Valuation": 21111025, "Address": "4600 E SHELBY DR", "City": "MEMPHIS", "Description": "Cognate BioServices, Inc. (Cognate), located in Memphis, Tennessee, has an existing cell therapy operation within leased space at 4600 East Shelby Drive with plans to expand their operations at this site to support commercial manufacturing for a new client requiring a broad range of proprietary cell and gene therapies.\n\nThis project expands Cognate occupancy of the ground floor leased space by 32,820 SF in an existing warehouse area to the west of current operations located in the center of the overall building separated by a full-height demising wall from existing operations.  The planned expansion extends to another existing full-height demising wall on the western edge of the project area that maintains separation from an adjacent tenant, Orchid Orthopedics, occupying approximately 32,680 SF of floor area on the west end of the building\n\nThe new process cleanrooms and required support areas on the ground floor require approximately 27,020 SF within the northern portion of the project area.  AES modular cleanroom scope occupies approximately 14,000 SF and the remaining SF consisting of Cryopreservation, Maintenance Shops, Cold Room/Freezer Rooms, Receiving/Loading Docks, JIT Office/Warehouse, Biowaste Storage, Utility Rooms, Electrical Rooms, Document Storage, and administration space. The Shelby Expansion Project Area will be segregated from both existing Cognate cleanroom operations and adjacent tenant (Orchid) operations to maintain operational independence of materials, personnel, cleanroom operations, and process waste.\nAn upper-level mechanical platform will be constructed above the process cleanrooms to provide support for the suspended walkable ceilings and mechanical equipment associated with the AES cleanroom scope.  In addition, part of the upper level in this area will be occupied by a new Electric Room with a connecting corridor to the Administration and Office areas to the north.\n\n  The southern portion of the project area contains the Administration and Office areas and Document Control Room with the two levels connected by a new personnel elevator.  Both levels are planned to connect non cGMP or CNC areas to the existing Cognate operation to the east with openings thru the demising wall between occupied areas.", "ZIP_Code": "38118", "State": "TN", "Latitude": 35.019074527740266, "Longitude": -89.90960266065727, "ObjectId": 6168, "GlobalID": "53bdf2e7-aff2-4a00-b303-4964e5a45fde"}}, {"type": "Feature", "id": 6175, "geometry": {"type": "Point", "coordinates": [-89.8240531798097, 35.0882575103188]}, "properties": {"Record_ID": "RES-ACC-21-000395", "Issued_Date": 1620277200000, "Sub_Type": "Residential", "Construction_Type": "Accessory", "Valuation": 3800, "Address": "7176 HAVERSHIRE CV", "City": "GERMANTOWN", "Description": "PLACE PORTABLE SHED ON PROPERTY", "ZIP_Code": null, "State": "TN", "Latitude": 35.08825751031883, "Longitude": -89.82405317980971, "ObjectId": 6175, "GlobalID": "038a8376-2331-4dfb-9d4a-12863c965e71"}}, {"type": "Feature", "id": 6176, "geometry": {"type": "Point", "coordinates": [-89.9922091381698, 35.0139265323934]}, "properties": {"Record_ID": "RES-ALT-22-000581", "Issued_Date": 1652245200000, "Sub_Type": "RES", "Construction_Type": "ALT", "Valuation": 40000, "Address": "4897 BRADY DR", "City": "MEMPHIS", "Description": "Replace roof, decking Rafters, Joists and studs (majority of them)  Bring upto burn standards.  Replace insulation, sheetrock kitchens etc..", "ZIP_Code": "38116", "State": "TN", "Latitude": 35.01392653239342, "Longitude": -89.99220913816983, "ObjectId": 6176, "GlobalID": "116e14ea-87ef-4748-858a-04c02da954fa"}}, {"type": "Feature", "id": 6195, "geometry": {"type": "Point", "coordinates": [-89.8038616819715, 35.1406734990907]}, "properties": {"Record_ID": "COM-ALT-21-000955", "Issued_Date": 1632891600000, "Sub_Type": "COM", "Construction_Type": "ALT", "Valuation": 203082, "Address": "7740 TRINITY RD", "City": "CORDOVA", "Description": "New Tenant Space Renovations", "ZIP_Code": "38018", "State": "TN", "Latitude": 35.140673499090745, "Longitude": -89.80386168197145, "ObjectId": 6195, "GlobalID": "d221b7b0-6bf1-4951-b975-90f7206fff7f"}}, {"type": "Feature", "id": 6206, "geometry": {"type": "Point", "coordinates": [-89.7229427031363, 35.1596994917646]}, "properties": {"Record_ID": "RES-NEW-22-000190", "Issued_Date": 1652331600000, "Sub_Type": "RES", "Construction_Type": "NEW", "Valuation": 288153, "Address": "10147 MACON RD", "City": "CORDOVA", "Description": "Building a single family residence w/ a 2 car garage.", "ZIP_Code": "38018", "State": "TN", "Latitude": 35.15969949176456, "Longitude": -89.72294270313628, "ObjectId": 6206, "GlobalID": "86c8abf6-46b4-408a-bec4-990ec6b7aa04"}}, {"type": "Feature", "id": 6214, "geometry": {"type": "Point", "coordinates": [-89.8363516815687, 35.0089405265213]}, "properties": {"Record_ID": "RES-ALT-21-001287", "Issued_Date": 1631509200000, "Sub_Type": "RES", "Construction_Type": "ALT", "Valuation": 19251.27, "Address": "6833 MARTHAS POINT", "City": "MEMPHIS", "Description": "Vinyl Siding Installation", "ZIP_Code": "38141", "State": "TN", "Latitude": 35.008940526521314, "Longitude": -89.83635168156867, "ObjectId": 6214, "GlobalID": "8169ea8b-576e-4198-b6c9-4e38542f3ad7"}}, {"type": "Feature", "id": 6290, "geometry": {"type": "Point", "coordinates": [-89.9026456422978, 35.3274504667579]}, "properties": {"Record_ID": "RES-NEW-22-000356", "Issued_Date": 1652158800000, "Sub_Type": "RES", "Construction_Type": "NEW", "Valuation": 215700, "Address": "4802 BARRETT OAKS DR", "City": "MILLINGTON", "Description": "SFR w/ 2 car garage, 3 bd, 2 ba, Barrett Oaks Subdivision Lot 26", "ZIP_Code": "38053", "State": "TN", "Latitude": 35.327450466757895, "Longitude": -89.90264564229781, "ObjectId": 6290, "GlobalID": "2cd6369e-23a9-471c-9304-772ab2e41bc3"}}, {"type": "Feature", "id": 6315, "geometry": {"type": "Point", "coordinates": [-90.0469876138845, 35.1537955072792]}, "properties": {"Record_ID": "COM-NEW-21-000019", "Issued_Date": 1623819600000, "Sub_Type": "Commercial", "Construction_Type": "New", "Valuation": 100370417, "Address": "361 N THIRD ST", "City": "MEMPHIS", "Description": "CONSTRUCTION OF NEW PATIENT FAMILY HOUSING FACILITY", "ZIP_Code": null, "State": "TN", "Latitude": 35.15379550727924, "Longitude": -90.04698761388451, "ObjectId": 6315, "GlobalID": "929eb2eb-4aea-4758-856d-8b9e59215345"}}, {"type": "Feature", "id": 6336, "geometry": {"type": "Point", "coordinates": [-89.8515166782597, 34.9952965298836]}, "properties": {"Record_ID": "COM-NEW-21-000183", "Issued_Date": 1632718800000, "Sub_Type": "COM", "Construction_Type": "NEW", "Valuation": 10427226, "Address": "6324 GLOBAL DR", "City": "MEMPHIS", "Description": "201,500SF Spec Warehouse; NEW CONSTRUCTION OF TILT-WALL CONCRETE SHIPPING AND DISTRIBUTION CENTER (SHELL ONLY); Code Minimum MEP Design; Extending Global Drive to become a new Private Drive", "ZIP_Code": "38141", "State": "TN", "Latitude": 34.995296529883596, "Longitude": -89.85151667825967, "ObjectId": 6336, "GlobalID": "118803ab-273e-4380-867a-18a4e1d5a700"}}, {"type": "Feature", "id": 6396, "geometry": {"type": "Point", "coordinates": [-89.8164076748723, 35.195915488764]}, "properties": {"Record_ID": "RES-ALT-21-001275", "Issued_Date": 1630645200000, "Sub_Type": "RES", "Construction_Type": "ALT", "Valuation": 5195, "Address": "7403 TWILLER CV", "City": "MEMPHIS", "Description": "Install replacement windows. Same size and type.", "ZIP_Code": "38133", "State": "TN", "Latitude": 35.19591548876401, "Longitude": -89.81640767487231, "ObjectId": 6396, "GlobalID": "b09078b4-8e8e-4d1a-83e4-3b228d3de686"}}, {"type": "Feature", "id": 6397, "geometry": {"type": "Point", "coordinates": [-89.8464586682986, 35.1693744953208]}, "properties": {"Record_ID": "COM-ALT-21-000042", "Issued_Date": 1613541600000, "Sub_Type": "Commercial", "Construction_Type": "Alteration", "Valuation": 298200, "Address": "1590 CENTURY CENTER PKWY", "City": "MEMPHIS", "Description": "New Tenant Interior Space Renovation", "ZIP_Code": null, "State": "TN", "Latitude": 35.1693744953208, "Longitude": -89.8464586682986, "ObjectId": 6397, "GlobalID": "33f2f2fb-1e3e-436a-ae1a-a26e6273e984"}}, {"type": "Feature", "id": 6437, "geometry": {"type": "Point", "coordinates": [-89.8420171751048, 35.0841895119135]}, "properties": {"Record_ID": "RES-ACC-21-000079", "Issued_Date": 1612764000000, "Sub_Type": "Residential", "Construction_Type": "Accessory", "Valuation": 100000, "Address": "6617 PIDGEON WOODS CV", "City": "MEMPHIS", "Description": "GUNITE POOL", "ZIP_Code": null, "State": "TN", "Latitude": 35.08418951191349, "Longitude": -89.84201717510481, "ObjectId": 6437, "GlobalID": "6baa7a40-889f-4217-b843-c4cae05f7e69"}}, {"type": "Feature", "id": 6462, "geometry": {"type": "Point", "coordinates": [-89.8543471746233, 35.0392345213288]}, "properties": {"Record_ID": "RES-ALT-21-001047", "Issued_Date": 1630472400000, "Sub_Type": "RES", "Construction_Type": "ALT", "Valuation": 11308, "Address": "6264 THISTLEBROOK DR", "City": "MEMPHIS", "Description": "Pocket Replacement Windows - Replace 10 Windows.", "ZIP_Code": "38115", "State": "TN", "Latitude": 35.03923452132876, "Longitude": -89.85434717462333, "ObjectId": 6462, "GlobalID": "97a647d5-f075-4bd0-a40f-653df2b0aa94"}}, {"type": "Feature", "id": 6465, "geometry": {"type": "Point", "coordinates": [-90.0017536278306, 35.1317275096111]}, "properties": {"Record_ID": "RES-ADD-21-000449", "Issued_Date": 1631854800000, "Sub_Type": "RES", "Construction_Type": "ADD", "Valuation": 40000, "Address": "1807 PEABODY AVE", "City": "MEMPHIS", "Description": "We plan to add a 16 x 8 foot addition across the back of our bedroom enlarging the existing bathroom, walk in closet and adding laundry area.", "ZIP_Code": "38104", "State": "TN", "Latitude": 35.13172750961112, "Longitude": -90.0017536278306, "ObjectId": 6465, "GlobalID": "b9648e09-3776-491a-9bd9-63968b32877a"}}, {"type": "Feature", "id": 6472, "geometry": {"type": "Point", "coordinates": [-89.7255421467999, 35.2652089271825]}, "properties": {"Record_ID": "RES-NEW-21-000580", "Issued_Date": 1631768400000, "Sub_Type": "RES", "Construction_Type": "NEW", "Valuation": 312266, "Address": "5096 MOUDRY RUN CV", "City": "ARLINGTON", "Description": "Building a single family residence w/ a 3 car garage.", "ZIP_Code": "38002", "State": "TN", "Latitude": 35.26520892718254, "Longitude": -89.72554214679994, "ObjectId": 6472, "GlobalID": "32a071b7-178c-449e-ae50-e4cdc6fc57af"}}, {"type": "Feature", "id": 6478, "geometry": {"type": "Point", "coordinates": [0, 0]}, "properties": {"Record_ID": "B1117878", "Issued_Date": 1614924000000, "Sub_Type": "Residential", "Construction_Type": "Accessory", "Valuation": 25000, "Address": "2695 MORNING SUN RD", "City": "UNINCORPORATED", "Description": "DETACHED GARAGE 18  X 22   MAP 158 K", "ZIP_Code": null, "State": "TN", "Latitude": 0, "Longitude": 0, "ObjectId": 6478, "GlobalID": "32436980-a0bb-4a89-a2c6-ef8687fa17d3"}}, {"type": "Feature", "id": 6484, "geometry": {"type": "Point", "coordinates": [-89.7229157034803, 35.1545604927769]}, "properties": {"Record_ID": "RES-ALT-22-000550", "Issued_Date": 1652158800000, "Sub_Type": "RES", "Construction_Type": "ALT", "Valuation": 80870.11, "Address": "1083 RED FERN CIR W", "City": "CORDOVA", "Description": "demo and framing repairs do to fire", "ZIP_Code": "38018", "State": "TN", "Latitude": 35.15456049277692, "Longitude": -89.72291570348025, "ObjectId": 6484, "GlobalID": "8a0ceaf9-2c1b-468a-9fcb-c0677bfe4d4a"}}, {"type": "Feature", "id": 6488, "geometry": {"type": "Point", "coordinates": [-89.882638662437, 35.1060955093869]}, "properties": {"Record_ID": "COM-ALT-22-000471", "Issued_Date": 1653368400000, "Sub_Type": "COM", "Construction_Type": "ALT", "Valuation": 71700, "Address": "5384 POPLAR AVE", "City": "MEMPHIS", "Description": "Office Renovation", "ZIP_Code": "38119", "State": "TN", "Latitude": 35.10609550938689, "Longitude": -89.88263866243696, "ObjectId": 6488, "GlobalID": "ccfc04c6-889a-47f0-a38b-7dd31e094d46"}}, {"type": "Feature", "id": 6550, "geometry": {"type": "Point", "coordinates": [0, 0]}, "properties": {"Record_ID": "B1114331", "Issued_Date": 1631509200000, "Sub_Type": "COM", "Construction_Type": "NEW", "Valuation": 900000, "Address": "6599 NAVY RD", "City": "UNINCORPORATED", "Description": "MP 310 L   GROUND UP CONSTRUCTION OF A WOOD FRAMED BUILDING INCLUDING MECHANICAL  ELECTRICAL  PLUMBING AND SITE WORK", "ZIP_Code": null, "State": "TN", "Latitude": 0, "Longitude": 0, "ObjectId": 6550, "GlobalID": "150eb0c7-205b-413d-a09c-3a65a92f5813"}}, {"type": "Feature", "id": 6559, "geometry": {"type": "Point", "coordinates": [-90.0721651163074, 35.0107135365519]}, "properties": {"Record_ID": "RES-ALT-21-001135", "Issued_Date": 1630645200000, "Sub_Type": "RES", "Construction_Type": "ALT", "Valuation": 11144, "Address": "5039 JOLLY DR", "City": "MEMPHIS", "Description": "Install replacement windows. Same size and type.", "ZIP_Code": "38109", "State": "TN", "Latitude": 35.01071353655192, "Longitude": -90.0721651163074, "ObjectId": 6559, "GlobalID": "a9922689-e79c-4667-89fb-c8c77f6245a1"}}, {"type": "Feature", "id": 6565, "geometry": {"type": "Point", "coordinates": [-89.8502791722497, 35.0929105105577]}, "properties": {"Record_ID": "RES-ALT-22-000530", "Issued_Date": 1651467600000, "Sub_Type": "RES", "Construction_Type": "ALT", "Valuation": 65000, "Address": "2054 SHADOWOOD CV", "City": "MEMPHIS", "Description": "Complete Kitchen Renovation", "ZIP_Code": "38119", "State": "TN", "Latitude": 35.092910510557736, "Longitude": -89.85027917224974, "ObjectId": 6565, "GlobalID": "aada6338-ee11-456e-8d9d-18417a2d2c2a"}}, {"type": "Feature", "id": 6569, "geometry": {"type": "Point", "coordinates": [-89.9953906333993, 35.0735785207759]}, "properties": {"Record_ID": "COM-ALT-21-000675", "Issued_Date": 1630990800000, "Sub_Type": "COM", "Construction_Type": "ALT", "Valuation": 241490.9, "Address": "1991 CORPORATE AVE", "City": "MEMPHIS", "Description": "Upgrading existing antenna equipment on Rooftop. See drawings for details. \n- Remove All Sprint Antennas, RRUs, Mounts and Coax/Fiber \n- Install (6) antennas: (3) Commscope (3) Nokia AEHC\n- Install (6) RRUs: (3) AHFIG (3) AHLOA\n- Install (2) HCS 2.0 Junction Box\n- Remove the Sprint BBS and RBS Cabinet\n-Install (1) HPL3 600 SSC\n- Install (1) LB3 Battery Cabinet\n- Install new (2) Amia Enclosures, (3) ABIA, (2) ASIB, (6) ABIL, (2) ASIK, (3) ABIC, (1) FSFM, Wiring & Breakers.\n- Install (2) HCS 2.0 Trunk Cable\n- Install Voltage Booster with 2 Amplifier Raycap", "ZIP_Code": "38132", "State": "TN", "Latitude": 35.07357852077591, "Longitude": -89.9953906333993, "ObjectId": 6569, "GlobalID": "12011bb9-26d8-4ccc-b2ad-74d8650d366f"}}, {"type": "Feature", "id": 6573, "geometry": {"type": "Point", "coordinates": [-90.0051961280092, 35.1145195131493]}, "properties": {"Record_ID": "RES-ALT-22-000646", "Issued_Date": 1653282000000, "Sub_Type": "RES", "Construction_Type": "ALT", "Valuation": 7500, "Address": "1155 KYLE ST", "City": "MEMPHIS", "Description": "Pocket Replacement Windows - Replace 8 Windows", "ZIP_Code": "38106", "State": "TN", "Latitude": 35.11451951314931, "Longitude": -90.00519612800919, "ObjectId": 6573, "GlobalID": "720fdde4-c85b-4461-bfc7-78d6ebc0dcbd"}}, {"type": "Feature", "id": 6587, "geometry": {"type": "Point", "coordinates": [-89.8934871750544, 35.1065903201293]}, "properties": {"Record_ID": "B1102423", "Issued_Date": 1610517600000, "Sub_Type": "Commercial", "Construction_Type": "New", "Valuation": 1153922, "Address": "5054 PARK AVE", "City": "MEMPHIS", "Description": "CONSTRUCTION OF SHELL SPACE FOR FUTURE BUILDOUT  MP  MONTGOMERY MARTIN CONTRACTOR", "ZIP_Code": null, "State": "TN", "Latitude": 35.106590320129264, "Longitude": -89.89348717505437, "ObjectId": 6587, "GlobalID": "1af6d81f-d434-4b19-b033-da4803588c48"}}, {"type": "Feature", "id": 6597, "geometry": {"type": "Point", "coordinates": [0, 0]}, "properties": {"Record_ID": "RES-NEW-21-000002", "Issued_Date": 1611122400000, "Sub_Type": "Residential", "Construction_Type": "New", "Valuation": 427533, "Address": "10498 ASHLYN VALLEY DR", "City": "ARLINGTON", "Description": "TO ERECT SINGLE FAMILY RESIDENCE WITH 3 CAR GARAGE", "ZIP_Code": null, "State": "TN", "Latitude": 0, "Longitude": 0, "ObjectId": 6597, "GlobalID": "f3630244-2c4e-41f1-bd70-e0794f59aece"}}, {"type": "Feature", "id": 6658, "geometry": {"type": "Point", "coordinates": [-90.044368615051, 35.147063508486]}, "properties": {"Record_ID": "COM-ALT-21-000726", "Issued_Date": 1632891600000, "Sub_Type": "COM", "Construction_Type": "ALT", "Valuation": 425800, "Address": "315 WASHINGTON AVE", "City": "MEMPHIS", "Description": "new Finishes in the dining room and new seating in the dining room, new signs and paint on the exterior of the building.", "ZIP_Code": "38103", "State": "TN", "Latitude": 35.14706350848604, "Longitude": -90.04436861505097, "ObjectId": 6658, "GlobalID": "3eadd0f7-e385-499d-87fe-2b0df2a22af7"}}, {"type": "Feature", "id": 6675, "geometry": {"type": "Point", "coordinates": [-90.1208596026921, 35.0135035381516]}, "properties": {"Record_ID": "RES-NEW-21-000531", "Issued_Date": 1631595600000, "Sub_Type": "RES", "Construction_Type": "NEW", "Valuation": 120000, "Address": "1740 W DODD RD", "City": "MEMPHIS", "Description": "New single family home", "ZIP_Code": "38109", "State": "TN", "Latitude": 35.01350353815157, "Longitude": -90.12085960269212, "ObjectId": 6675, "GlobalID": "f4a8e825-ccab-49bc-ac9c-a2a286347e07"}}, {"type": "Feature", "id": 6694, "geometry": {"type": "Point", "coordinates": [-89.7469682028867, 35.061554512197]}, "properties": {"Record_ID": "COM-ALT-22-000156", "Issued_Date": 1652418000000, "Sub_Type": "COM", "Construction_Type": "ALT", "Valuation": 973750, "Address": "9407 POPLAR AVE", "City": "GERMANTOWN", "Description": "Interior build out of existing 4,218 sf shell building for new Heartland Dental clinic", "ZIP_Code": "38138", "State": "TN", "Latitude": 35.06155451219704, "Longitude": -89.74696820288675, "ObjectId": 6694, "GlobalID": "53c9087f-400d-4fe8-868f-fb3fae9b06dc"}}, {"type": "Feature", "id": 6700, "geometry": {"type": "Point", "coordinates": [-89.8988881620424, 35.0433025224869]}, "properties": {"Record_ID": "RES-NEW-21-000616", "Issued_Date": 1631768400000, "Sub_Type": "RES", "Construction_Type": "NEW", "Valuation": 260984, "Address": "4953 CLEARBROOK CV", "City": "MEMPHIS", "Description": "New Single Family Residence w/attached dbl garage", "ZIP_Code": "38118", "State": "TN", "Latitude": 35.0433025224869, "Longitude": -89.89888816204237, "ObjectId": 6700, "GlobalID": "aac3b4fa-9c6f-490b-8f11-f26ee63ede60"}}, {"type": "Feature", "id": 6717, "geometry": {"type": "Point", "coordinates": [-89.9626936448541, 35.0364715266462]}, "properties": {"Record_ID": "RES-ALT-20-000491", "Issued_Date": 1612159200000, "Sub_Type": "Residential", "Construction_Type": "Alteration", "Valuation": 80000, "Address": "4073 BROMPTON RD", "City": "MEMPHIS", "Description": "Repairs to fire damaged building - Map page 74-P", "ZIP_Code": null, "State": "TN", "Latitude": 35.03647152664619, "Longitude": -89.96269364485406, "ObjectId": 6717, "GlobalID": "4eac464f-fff0-41f4-b1a7-87c2788d59a0"}}, {"type": "Feature", "id": 6738, "geometry": {"type": "Point", "coordinates": [-90.0651721117552, 35.109812516733]}, "properties": {"Record_ID": "RES-ALT-20-000786", "Issued_Date": 1615870800000, "Sub_Type": "Residential", "Construction_Type": "Alteration", "Valuation": 150000, "Address": "1376 KANSAS ST", "City": "MEMPHIS", "Description": "Replace electrical, HVAC, plumbing fixtures, wall ceiling and floor finishes on a previously hazardous material abated single family dwelling unit", "ZIP_Code": null, "State": "TN", "Latitude": 35.10981251673298, "Longitude": -90.06517211175523, "ObjectId": 6738, "GlobalID": "7ebf233d-cece-4908-bde6-715a41fcf3f9"}}, {"type": "Feature", "id": 6744, "geometry": {"type": "Point", "coordinates": [-90.0030181258676, 35.1562705048405]}, "properties": {"Record_ID": "RES-ALT-21-000726", "Issued_Date": 1624424400000, "Sub_Type": "Residential", "Construction_Type": "Alteration", "Valuation": 71352, "Address": "754 N BELVEDERE BLVD", "City": "MEMPHIS", "Description": "REMODEL THE KITCHEN WITH NEW CABINETS, FLOORING, COUNTERTOPS AND APPLIANCES. INSTALL A NEW TANKLESS WATER HEATER.", "ZIP_Code": null, "State": "TN", "Latitude": 35.15627050484048, "Longitude": -90.0030181258676, "ObjectId": 6744, "GlobalID": "70b1971d-5e07-4d3e-b95d-edc0da9d4ca6"}}, {"type": "Feature", "id": 6747, "geometry": {"type": "Point", "coordinates": [-89.9341411390018, 35.2457844841892]}, "properties": {"Record_ID": "RES-ALT-21-001325", "Issued_Date": 1632718800000, "Sub_Type": "RES", "Construction_Type": "ALT", "Valuation": 7500, "Address": "4412 KERWIN DR", "City": "MEMPHIS", "Description": "Pocket Replacement Windows - Replace 9 Windows.", "ZIP_Code": "38128", "State": "TN", "Latitude": 35.24578448418919, "Longitude": -89.93414113900182, "ObjectId": 6747, "GlobalID": "3f913837-049b-415b-9517-bdf64a88642e"}}, {"type": "Feature", "id": 6775, "geometry": {"type": "Point", "coordinates": [-89.8414231762641, 35.0689345148972]}, "properties": {"Record_ID": "COM-NEW-21-000023", "Issued_Date": 1619154000000, "Sub_Type": "Commercial", "Construction_Type": "New", "Valuation": 942774.97, "Address": "6658 PONDSIDE CIR", "City": "MEMPHIS", "Description": "8 unit apartment building damaged by fire.", "ZIP_Code": null, "State": "TN", "Latitude": 35.06893451489722, "Longitude": -89.84142317626412, "ObjectId": 6775, "GlobalID": "dfdfa7e7-8afa-4b4c-aa78-53e23d0b12f5"}}, {"type": "Feature", "id": 6787, "geometry": {"type": "Point", "coordinates": [-89.8070701795369, 35.164262494584]}, "properties": {"Record_ID": "RES-ACC-21-000771", "Issued_Date": 1630645200000, "Sub_Type": "RES", "Construction_Type": "ACC", "Valuation": 77555, "Address": "7583 FAIRWAY FOREST DR", "City": "MEMPHIS", "Description": "Gunite Pool 97 Perimeter Feet, Depth 3' - 6'", "ZIP_Code": "38016", "State": "TN", "Latitude": 35.16426249458404, "Longitude": -89.80707017953691, "ObjectId": 6787, "GlobalID": "4164afcc-bf8b-46ce-a436-4ff6a103afe4"}}, {"type": "Feature", "id": 6802, "geometry": {"type": "Point", "coordinates": [-89.7766431925035, 35.1326964752746]}, "properties": {"Record_ID": "RES-ADD-21-000023", "Issued_Date": 1612764000000, "Sub_Type": "Residential", "Construction_Type": "Addition", "Valuation": 18000, "Address": "8588 MAY ORCHARD LN", "City": "CORDOVA", "Description": "BUILDING SUNROOM IN BACKYARD", "ZIP_Code": null, "State": "TN", "Latitude": 35.13269647527458, "Longitude": -89.77664319250354, "ObjectId": 6802, "GlobalID": "1ecc67dd-3710-4dae-b47f-121ee9ec908d"}}, {"type": "Feature", "id": 6825, "geometry": {"type": "Point", "coordinates": [-90.0138091245918, 35.1303325104199]}, "properties": {"Record_ID": "RES-ACC-21-000549", "Issued_Date": 1630990800000, "Sub_Type": "RES", "Construction_Type": "ACC", "Valuation": 24000, "Address": "1426 VINTON AVE", "City": "MEMPHIS", "Description": "Replace existing, failing retaining wall with a finished concrete wall & replace existing fence around property line with an equal 6' wood fence.", "ZIP_Code": "38104", "State": "TN", "Latitude": 35.130332510419954, "Longitude": -90.0138091245918, "ObjectId": 6825, "GlobalID": "45fad3c5-ca02-4557-a367-802036d65ed6"}}, {"type": "Feature", "id": 6835, "geometry": {"type": "Point", "coordinates": [-89.8073716894609, 35.0108575248698]}, "properties": {"Record_ID": "RES-NEW-22-000414", "Issued_Date": 1653627600000, "Sub_Type": "RES", "Construction_Type": "NEW", "Valuation": 298556, "Address": "5040 LANDERS CV", "City": "MEMPHIS", "Description": "New Single Family Residence with double garage", "ZIP_Code": "38118", "State": "TN", "Latitude": 35.01085752486982, "Longitude": -89.80737168946095, "ObjectId": 6835, "GlobalID": "969bc538-e14a-4293-96e5-696d74204038"}}, {"type": "Feature", "id": 6850, "geometry": {"type": "Point", "coordinates": [-89.7514186990151, 35.102072504391]}, "properties": {"Record_ID": "RES-ALT-21-000971", "Issued_Date": 1632805200000, "Sub_Type": "RES", "Construction_Type": "ALT", "Valuation": 96000, "Address": "1558 DOGWOOD CREEK RD", "City": "GERMANTOWN", "Description": "Installing 56 solar panels & wiring & 2 Enphase batteries", "ZIP_Code": "38139", "State": "TN", "Latitude": 35.10207250439103, "Longitude": -89.75141869901506, "ObjectId": 6850, "GlobalID": "776fe349-e5d1-4102-8da5-0c4b139279d2"}}, {"type": "Feature", "id": 6867, "geometry": {"type": "Point", "coordinates": [-90.0051286281152, 35.1131875134084]}, "properties": {"Record_ID": "RES-NEW-22-000261", "Issued_Date": 1651726800000, "Sub_Type": "RES", "Construction_Type": "NEW", "Valuation": 165000, "Address": "1702 NETHERWOOD AVE", "City": "MEMPHIS", "Description": "NEW  SFR NO GARAGE OR CARPORT", "ZIP_Code": "38106", "State": "TN", "Latitude": 35.11318751340844, "Longitude": -90.00512862811522, "ObjectId": 6867, "GlobalID": "f89e4bdd-5d64-4bfc-bdf4-97ac0ce9cee0"}}, {"type": "Feature", "id": 6869, "geometry": {"type": "Point", "coordinates": [-89.9370031453615, 35.1372715056511]}, "properties": {"Record_ID": "RES-NEW-20-000287", "Issued_Date": 1613628000000, "Sub_Type": "Residential", "Construction_Type": "New", "Valuation": 425000, "Address": "3644 WAYNOKA AVE", "City": "MEMPHIS", "Description": "CONSTRUCTION OF NEW SFR AND GARAGE / STORAGE", "ZIP_Code": null, "State": "TN", "Latitude": 35.137271505651086, "Longitude": -89.93700314536147, "ObjectId": 6869, "GlobalID": "0e46e683-f09f-46c3-8ce4-38e867096880"}}, {"type": "Feature", "id": 6884, "geometry": {"type": "Point", "coordinates": [-89.8835611450666, 35.3651964585045]}, "properties": {"Record_ID": "RES-NEW-22-000306", "Issued_Date": 1651640400000, "Sub_Type": "RES", "Construction_Type": "NEW", "Valuation": 256843, "Address": "8757 WINDSTONE ESTATE DR", "City": "MILLINGTON", "Description": "2-story single family residence with 2 car attached garage.", "ZIP_Code": "38053", "State": "TN", "Latitude": 35.365196458504535, "Longitude": -89.88356114506661, "ObjectId": 6884, "GlobalID": "ff2e312e-5c62-43ef-9893-dc59c9b8ecf6"}}, {"type": "Feature", "id": 6898, "geometry": {"type": "Point", "coordinates": [-89.8745341567838, 35.2262544853752]}, "properties": {"Record_ID": "RES-ALT-21-000553", "Issued_Date": 1620018000000, "Sub_Type": "Residential", "Construction_Type": "Alteration", "Valuation": 6879.65, "Address": "5621 BLACKBURG DR", "City": "MEMPHIS", "Description": "Vinyl Window Installation", "ZIP_Code": null, "State": "TN", "Latitude": 35.226254485375165, "Longitude": -89.87453415678382, "ObjectId": 6898, "GlobalID": "7318c998-ffe2-4504-bb20-93a9396daff5"}}, {"type": "Feature", "id": 6901, "geometry": {"type": "Point", "coordinates": [-89.8917736592485, 35.1162115077971]}, "properties": {"Record_ID": "COM-ALT-20-000429", "Issued_Date": 1612504800000, "Sub_Type": "Commercial", "Construction_Type": "Alteration", "Valuation": 171100, "Address": "5100 SANDERLIN AVE", "City": "MEMPHIS", "Description": "Commercial fit-out for a physical therapy clinic to include: reception, waiting, restroom, kitchenette, office and treatment area.", "ZIP_Code": null, "State": "TN", "Latitude": 35.11621150779712, "Longitude": -89.89177365924846, "ObjectId": 6901, "GlobalID": "2a8b5b56-2b14-48fa-906a-ea01c167f9f3"}}, {"type": "Feature", "id": 6906, "geometry": {"type": "Point", "coordinates": [-90.0658426124229, 35.096816519319]}, "properties": {"Record_ID": "RES-ALT-21-000523", "Issued_Date": 1621227600000, "Sub_Type": "Residential", "Construction_Type": "Alteration", "Valuation": 8877, "Address": "1846 KANSAS ST", "City": "MEMPHIS", "Description": "Pocket Replacement Windows - 10 Windows", "ZIP_Code": null, "State": "TN", "Latitude": 35.096816519318985, "Longitude": -90.06584261242293, "ObjectId": 6906, "GlobalID": "a7dfa6a4-a9de-4742-8cbf-fb4d64b5f3d1"}}, {"type": "Feature", "id": 6907, "geometry": {"type": "Point", "coordinates": [-89.8152241771284, 35.166566494491]}, "properties": {"Record_ID": "RES-NEW-21-000286", "Issued_Date": 1620709200000, "Sub_Type": "Residential", "Construction_Type": "New", "Valuation": 275000, "Address": "7418 LOST GROVE LN", "City": "CORDOVA", "Description": "SINGLE FAMILY RESIDENCE W/ ATTACHED SOUBLE GARAGE", "ZIP_Code": null, "State": "TN", "Latitude": 35.16656649449097, "Longitude": -89.81522417712836, "ObjectId": 6907, "GlobalID": "c81ee0f2-fe44-40c5-bc85-df71cec42be2"}}, {"type": "Feature", "id": 6912, "geometry": {"type": "Point", "coordinates": [-89.8093246878096, 35.0279755215727]}, "properties": {"Record_ID": "RES-ACC-21-000834", "Issued_Date": 1631595600000, "Sub_Type": "RES", "Construction_Type": "ACC", "Valuation": 9500, "Address": "7632 RICHMOND RD", "City": "MEMPHIS", "Description": "18 x 18 utility shed style, 8 foot walls, 16 on center- shingle roof", "ZIP_Code": "38125", "State": "TN", "Latitude": 35.027975521572685, "Longitude": -89.80932468780958, "ObjectId": 6912, "GlobalID": "b4987062-cf94-42d9-8f49-b6cb22375e80"}}, {"type": "Feature", "id": 6915, "geometry": {"type": "Point", "coordinates": [-89.8680766665683, 35.1045115090559]}, "properties": {"Record_ID": "COM-ALT-22-000114", "Issued_Date": 1652936400000, "Sub_Type": "COM", "Construction_Type": "ALT", "Valuation": 2778026, "Address": "860 RIDGE LAKE BLVD", "City": "MEMPHIS", "Description": "Remodel existing floor in a multi-story office building for existing tenant that currently occupies entire building. New remodeled floor is for a new UL test lab.", "ZIP_Code": "38120", "State": "TN", "Latitude": 35.10451150905589, "Longitude": -89.86807666656829, "ObjectId": 6915, "GlobalID": "2c058bee-1a9f-432e-a8df-1ba3e55385a2"}}, {"type": "Feature", "id": 6950, "geometry": {"type": "Point", "coordinates": [-89.6661932118497, 35.266502468207]}, "properties": {"Record_ID": "COM-NEW-21-000213", "Issued_Date": 1630645200000, "Sub_Type": "COM", "Construction_Type": "NEW", "Valuation": 1083401, "Address": "5228 AIRLINE RD", "City": "ARLINGTON", "Description": "New build 2053 SF Taco Bell restaurant with drive-thru on greenfield lot.", "ZIP_Code": "38002", "State": "TN", "Latitude": 35.26650246820702, "Longitude": -89.66619321184972, "ObjectId": 6950, "GlobalID": "8d359663-c379-4333-b8a2-67d21f5b1c43"}}, {"type": "Feature", "id": 6960, "geometry": {"type": "Point", "coordinates": [-89.7931401941583, 35.0594542189442]}, "properties": {"Record_ID": "COM-ALT-21-000317", "Issued_Date": 1618203600000, "Sub_Type": "Commercial", "Construction_Type": "Alteration", "Valuation": 67000, "Address": "8125 SEDGWICK WAY", "City": "", "Description": "ALTERATION OF EXISTING OFFICE SPACE (360 SQ FT) INCLUDES DRYWALL PARTITIONS, MILLWORK, PAINT, MOVING (1) EXISTING AIR SUPPLY DIFFUSER AND SMALL AMOUNT ELECTRICAL WORK", "ZIP_Code": null, "State": "TN", "Latitude": 35.059454218944204, "Longitude": -89.79314019415831, "ObjectId": 6960, "GlobalID": "25d54071-700a-4c12-80d9-87da10613754"}}, {"type": "Feature", "id": 6973, "geometry": {"type": "Point", "coordinates": [-90.0219226166657, 35.2165794938326]}, "properties": {"Record_ID": "RES-ACC-21-000852", "Issued_Date": 1632114000000, "Sub_Type": "RES", "Construction_Type": "ACC", "Valuation": 4794.33, "Address": "3350 MADEWELL ST", "City": "MEMPHIS", "Description": "Shed 8 feet x 12 feet 6 inch", "ZIP_Code": "38127", "State": "TN", "Latitude": 35.21657949383265, "Longitude": -90.02192261666565, "ObjectId": 6973, "GlobalID": "c5a58994-fc94-43f9-b236-0d43304264a2"}}, {"type": "Feature", "id": 6979, "geometry": {"type": "Point", "coordinates": [-89.8846411618101, 35.1072115092554]}, "properties": {"Record_ID": "COM-ALT-21-000813", "Issued_Date": 1651726800000, "Sub_Type": "COM", "Construction_Type": "ALT", "Valuation": 125000, "Address": "5270 POPLAR AVE", "City": "MEMPHIS", "Description": "We will be completing a tenant finish out on this property. We will construct metal framed walls, acoustic ceilings, 2 bathrooms and office space. Strickland will serve as GC for complete build out.", "ZIP_Code": "38119", "State": "TN", "Latitude": 35.10721150925541, "Longitude": -89.88464116181012, "ObjectId": 6979, "GlobalID": "0b4e6357-a327-4929-84e4-f7c2d1cd73e1"}}, {"type": "Feature", "id": 6985, "geometry": {"type": "Point", "coordinates": [-89.963733133564, 35.2042404936667]}, "properties": {"Record_ID": "RES-NEW-21-000128", "Issued_Date": 1615442400000, "Sub_Type": "Residential", "Construction_Type": "New", "Valuation": 189336, "Address": "2904 BANNOCKBURN RD", "City": "MEMPHIS", "Description": "NEW CONSTRUCTION SFR W/ATT DBL GARAGE", "ZIP_Code": null, "State": "TN", "Latitude": 35.20424049366674, "Longitude": -89.96373313356399, "ObjectId": 6985, "GlobalID": "750e4696-911f-4204-913e-047b27f3989f"}}, {"type": "Feature", "id": 7011, "geometry": {"type": "Point", "coordinates": [-89.9153356448793, 35.2355694853587]}, "properties": {"Record_ID": "RES-ADD-21-000654", "Issued_Date": 1651640400000, "Sub_Type": "RES", "Construction_Type": "ADD", "Valuation": 48000, "Address": "4181 COLEMAN RD", "City": "MEMPHIS", "Description": "Additional square footage of living space being added on to exiting home.", "ZIP_Code": "38128", "State": "TN", "Latitude": 35.23556948535866, "Longitude": -89.91533564487928, "ObjectId": 7011, "GlobalID": "90632dcf-b8ff-4f76-a153-8c211f03e394"}}, {"type": "Feature", "id": 7018, "geometry": {"type": "Point", "coordinates": [-89.7804301970582, 35.0086615241214]}, "properties": {"Record_ID": "RES-ALT-21-000384", "Issued_Date": 1617166800000, "Sub_Type": "Residential", "Construction_Type": "Alteration", "Valuation": 26000, "Address": "5043 WEMBERLEY DR", "City": "MEMPHIS", "Description": "Pocket Replacement Windows- 30", "ZIP_Code": null, "State": "TN", "Latitude": 35.00866152412144, "Longitude": -89.78043019705814, "ObjectId": 7018, "GlobalID": "8909fe80-3b5d-47c7-9a0c-a8d5b93e6471"}}, {"type": "Feature", "id": 7033, "geometry": {"type": "Point", "coordinates": [-90.0004801255917, 35.1711115018103]}, "properties": {"Record_ID": "COM-ALT-20-000391", "Issued_Date": 1612159200000, "Sub_Type": "Commercial", "Construction_Type": "Alteration", "Valuation": 28963, "Address": "1228 N EVERGREEN ST", "City": "MEMPHIS", "Description": "REMODEL COMMERCIAL BUILDING", "ZIP_Code": null, "State": "TN", "Latitude": 35.171111501810344, "Longitude": -90.00048012559172, "ObjectId": 7033, "GlobalID": "74823703-3506-4f8d-b13c-fc6e7e8ba14f"}}, {"type": "Feature", "id": 7073, "geometry": {"type": "Point", "coordinates": [-89.8512871671533, 35.166467496107]}, "properties": {"Record_ID": "B1109932", "Issued_Date": 1616389200000, "Sub_Type": "Residential", "Construction_Type": "Accessory", "Valuation": 650, "Address": "6351 LIMEWOOD", "City": "MEMPHIS", "Description": "ACCESSORY CARPORT   MP 33D", "ZIP_Code": null, "State": "TN", "Latitude": 35.166467496107046, "Longitude": -89.85128716715329, "ObjectId": 7073, "GlobalID": "16219554-3d6a-4e7c-aaf9-ee0977d7426c"}}, {"type": "Feature", "id": 7087, "geometry": {"type": "Point", "coordinates": [-90.0561811199187, 35.0229805334293]}, "properties": {"Record_ID": "RES-ALT-22-000710", "Issued_Date": 1653973200000, "Sub_Type": "RES", "Construction_Type": "ALT", "Valuation": 9000, "Address": "4526 NEELY RD", "City": "MEMPHIS", "Description": "Pocket Replacement Windows - Replace 10 Windows", "ZIP_Code": "38109", "State": "TN", "Latitude": 35.02298053342929, "Longitude": -90.05618111991869, "ObjectId": 7087, "GlobalID": "f5879a84-eac3-4e67-91b2-3a6299d8bd33"}}, {"type": "Feature", "id": 7090, "geometry": {"type": "Point", "coordinates": [-89.9906611380213, 35.0227735305803]}, "properties": {"Record_ID": "COM-ALT-22-000294", "Issued_Date": 1651467600000, "Sub_Type": "COM", "Construction_Type": "ALT", "Valuation": 45546, "Address": "4583 AIRWAYS BLVD", "City": "MEMPHIS", "Description": "Roland Wright\nThu, Mar 31, 12:08 PM (22 hours ago)\nto me\n\n1. 4583#8 as follows:\n\n  A. Remove all drywall, insulation, charred studs, charred plywood, charred floor or ceiling joists, kitchen cabinets and countertops, bathroom vanity, tub surround, all interior doors, two exterior doors. windows and duct work.\n\n B. Seal framing for odor control. \n\n C. Replace R-13 and R-30 batt insulation, 1/2\"\" drywall, 5/8\"\" fire shield drywall, windows, interior and exterior doors, kitchen countertops, bathroom vanity, tub surround and replace charred  studs, plywood and ceiling or floor joists where needed.\n\nNote: Mechanical, Electrical and Plumbing licensed contractors seek to pull permits and bring all work up to code.\n\n2. 4583 #7\n\n    A. Remove all drywall, insulation, ductwork, kitchen cabinets, countertops, bathroom vanity and tub surround.\n\n    B. Seal all framing for odor control.\n\n    C. Replace 1/2\"\" drywall, 5/8\"\" fire shield drywall, insulation, ductwork, kitchen cabinets, countertops, bathroom vanity and tub surround.", "ZIP_Code": "38116", "State": "TN", "Latitude": 35.022773530580345, "Longitude": -89.99066113802127, "ObjectId": 7090, "GlobalID": "1fe77feb-7aad-43cf-a63b-d3c573968ba7"}}, {"type": "Feature", "id": 7119, "geometry": {"type": "Point", "coordinates": [-90.0291304707149, 35.1316404172745]}, "properties": {"Record_ID": "COM-ADD-21-000008", "Issued_Date": 1620104400000, "Sub_Type": "Commercial", "Construction_Type": "Addition", "Valuation": 324598, "Address": "20 DUDLEY ST", "City": "MEMPHIS", "Description": "AT&T will be installing cellular antennas and equipment cabinet of the rooftop of this building.", "ZIP_Code": null, "State": "TN", "Latitude": 35.13164041727454, "Longitude": -90.0291304707149, "ObjectId": 7119, "GlobalID": "4d094143-1ec5-4cec-a59c-4051f72b4be0"}}, {"type": "Feature", "id": 7126, "geometry": {"type": "Point", "coordinates": [-89.954094140862, 35.133842507083]}, "properties": {"Record_ID": "RES-ALT-22-000623", "Issued_Date": 1652245200000, "Sub_Type": "RES", "Construction_Type": "ALT", "Valuation": 10000, "Address": "75 N GREER ST", "City": "MEMPHIS", "Description": "Replacing windows and doors", "ZIP_Code": "38111", "State": "TN", "Latitude": 35.133842507082996, "Longitude": -89.95409414086198, "ObjectId": 7126, "GlobalID": "bf319051-12d1-4dbd-8d32-04bafdfd4bf1"}}, {"type": "Feature", "id": 7134, "geometry": {"type": "Point", "coordinates": [-90.0568111127351, 35.1300355123856]}, "properties": {"Record_ID": "COM-ALT-21-000649", "Issued_Date": 1630472400000, "Sub_Type": "COM", "Construction_Type": "ALT", "Valuation": 1065135, "Address": "136 WEBSTER AVE", "City": "MEMPHIS", "Description": "Tenant build out of an existing shell.", "ZIP_Code": "38126", "State": "TN", "Latitude": 35.130035512385646, "Longitude": -90.05681111273506, "ObjectId": 7134, "GlobalID": "c987ca2e-4772-47cd-b422-a163237f0479"}}, {"type": "Feature", "id": 7180, "geometry": {"type": "Point", "coordinates": [0, 0]}, "properties": {"Record_ID": "RES-NEW-21-000498", "Issued_Date": 1631768400000, "Sub_Type": "RES", "Construction_Type": "NEW", "Valuation": 213500, "Address": "414 Turley 3812", "City": "", "Description": "PLAN REVIEW FOR PERMIT ISSUANCE", "ZIP_Code": null, "State": "TN", "Latitude": 0, "Longitude": 0, "ObjectId": 7180, "GlobalID": "2c3aae29-cd16-441d-afac-a6686f23ed16"}}, {"type": "Feature", "id": 7207, "geometry": {"type": "Point", "coordinates": [-90.0587911121487, 35.1306385123549]}, "properties": {"Record_ID": "RES-ALT-21-000442", "Issued_Date": 1618549200000, "Sub_Type": "Residential", "Construction_Type": "Alteration", "Valuation": 8106.44, "Address": "608 S MAIN ST", "City": "MEMPHIS", "Description": "Vinyl Window Installation", "ZIP_Code": null, "State": "TN", "Latitude": 35.13063851235493, "Longitude": -90.05879111214871, "ObjectId": 7207, "GlobalID": "320efe79-8f86-4a54-9e4a-70390dbf4bb0"}}, {"type": "Feature", "id": 7208, "geometry": {"type": "Point", "coordinates": [-89.8695031692927, 35.0567305185426]}, "properties": {"Record_ID": "RES-ALT-21-001084", "Issued_Date": 1630558800000, "Sub_Type": "RES", "Construction_Type": "ALT", "Valuation": 9750, "Address": "5817 FOXDALE RD", "City": "MEMPHIS", "Description": "Pocket Replacement Windows - Replace 13 Windows.", "ZIP_Code": "38115", "State": "TN", "Latitude": 35.05673051854265, "Longitude": -89.86950316929264, "ObjectId": 7208, "GlobalID": "28985c88-bd89-4ff4-aa3c-5a4bba2c5dc6"}}, {"type": "Feature", "id": 7211, "geometry": {"type": "Point", "coordinates": [-89.9001976569955, 35.1150415084]}, "properties": {"Record_ID": "RES-ALT-20-000844", "Issued_Date": 1610085600000, "Sub_Type": "Residential", "Construction_Type": "ALT", "Valuation": 2538, "Address": "331 SAINT NICK DR", "City": "MEMPHIS", "Description": "INSTALL REPLACEMENT WINDOWS. SAME SIZE AND TYPE", "ZIP_Code": null, "State": "TN", "Latitude": 35.115041508400054, "Longitude": -89.90019765699546, "ObjectId": 7211, "GlobalID": "d78fc80b-b889-4a3e-a8d6-edd0d6b0a33e"}}, {"type": "Feature", "id": 7215, "geometry": {"type": "Point", "coordinates": [-89.9816071286639, 35.2036194945835]}, "properties": {"Record_ID": "RES-ADD-21-000471", "Issued_Date": 1631509200000, "Sub_Type": "RES", "Construction_Type": "ADD", "Valuation": 42300, "Address": "2470 CAPEWOOD DR", "City": "MEMPHIS", "Description": "2 Car Garage", "ZIP_Code": "38127", "State": "TN", "Latitude": 35.20361949458354, "Longitude": -89.98160712866385, "ObjectId": 7215, "GlobalID": "b83af1e9-fd5f-4ce0-adfa-e495ac730f59"}}, {"type": "Feature", "id": 7231, "geometry": {"type": "Point", "coordinates": [-90.0232411192739, 35.1715525027349]}, "properties": {"Record_ID": "RES-NEW-21-000328", "Issued_Date": 1619758800000, "Sub_Type": "Residential", "Construction_Type": "New", "Valuation": 105000, "Address": "1000 ELDRIDGE AVE", "City": "MEMPHIS", "Description": "single Family Residence", "ZIP_Code": null, "State": "TN", "Latitude": 35.171552502734855, "Longitude": -90.02324111927395, "ObjectId": 7231, "GlobalID": "1d129b16-cdab-453e-b30c-3fd2289c7429"}}, {"type": "Feature", "id": 7278, "geometry": {"type": "Point", "coordinates": [-89.9063626585351, 35.065406518456]}, "properties": {"Record_ID": "RES-ALT-20-000819", "Issued_Date": 1611036000000, "Sub_Type": "Residential", "Construction_Type": "ALT", "Valuation": 13890, "Address": "4724 ALOHA AVE", "City": "MEMPHIS", "Description": "Pocket Replacement Windows- Replace 15 Windows", "ZIP_Code": null, "State": "TN", "Latitude": 35.06540651845595, "Longitude": -89.90636265853513, "ObjectId": 7278, "GlobalID": "6442aa95-9de6-4269-bddc-bea3cf613f77"}}, {"type": "Feature", "id": 7289, "geometry": {"type": "Point", "coordinates": [-89.966563639579, 35.1008485141305]}, "properties": {"Record_ID": "RES-ALT-22-000380", "Issued_Date": 1651467600000, "Sub_Type": "RES", "Construction_Type": "ALT", "Valuation": 80000, "Address": "1100 HAYNES ST", "City": "MEMPHIS", "Description": "Structural renovations associated with 1100 Haynes due to fallen tree", "ZIP_Code": "38114", "State": "TN", "Latitude": 35.10084851413049, "Longitude": -89.96656363957901, "ObjectId": 7289, "GlobalID": "51f459a9-f1bb-4c72-b315-b3e98ede8cae"}}, {"type": "Feature", "id": 7299, "geometry": {"type": "Point", "coordinates": [-90.0137686231912, 35.1518065061953]}, "properties": {"Record_ID": "COM-ALT-22-000424", "Issued_Date": 1652763600000, "Sub_Type": "COM", "Construction_Type": "ALT", "Valuation": 128835, "Address": "1350 CONCOURSE AVE", "City": "MEMPHIS", "Description": "Interior expansion", "ZIP_Code": "38104", "State": "TN", "Latitude": 35.15180650619531, "Longitude": -90.01376862319118, "ObjectId": 7299, "GlobalID": "9c2ed330-9e97-4bd6-8a6c-f7de7e1f6dc8"}}, {"type": "Feature", "id": 7333, "geometry": {"type": "Point", "coordinates": [-89.7686806979772, 35.0446075165001]}, "properties": {"Record_ID": "COM-ALT-22-000320", "Issued_Date": 1651554000000, "Sub_Type": "COM", "Construction_Type": "ALT", "Valuation": 62151, "Address": "8831 GRAND SLAM DR", "City": "MEMPHIS", "Description": "Repair Fire Damage\nTo Whom It May Concern:\nMakowsky Construction Company, LLC will be repairing one (1) apartments at the Champion Hills at Windyke Apartments located at 8831 Grand Slam Unit #101 damaged by a fire November 17, 2021 for a cost of approximately $62,151.00.\nThe repair work consists of minor electrical repairs, minor HVAC repairs, plumbing repairs in kitchen, insulation, drywall, interior doors / trim, kitchen cabinets, kitchen plastic laminate tops, appliances, painting, LVP, carpeting and cleaning of the unit to restore it to the condition it was in prior to the fire damage.  \n\nThe mechanical, plumbing and electrical subcontractors will be applying for and paying for their own respective permits.", "ZIP_Code": "38125", "State": "TN", "Latitude": 35.044607516500065, "Longitude": -89.76868069797725, "ObjectId": 7333, "GlobalID": "0e294134-5ae0-4d0c-9a81-80636a07d7b3"}}, {"type": "Feature", "id": 7339, "geometry": {"type": "Point", "coordinates": [-90.0712021105673, 35.1025495184288]}, "properties": {"Record_ID": "RES-ALT-21-001300", "Issued_Date": 1632718800000, "Sub_Type": "RES", "Construction_Type": "ALT", "Valuation": 14600, "Address": "298 W FAY AVE", "City": "MEMPHIS", "Description": "Pocket Replacement Windows - Replace 16 Windows.", "ZIP_Code": "38109", "State": "TN", "Latitude": 35.10254951842878, "Longitude": -90.07120211056731, "ObjectId": 7339, "GlobalID": "efd8dae7-6d85-417c-8357-7651b7539421"}}, {"type": "Feature", "id": 7345, "geometry": {"type": "Point", "coordinates": [-90.0166126294763, 35.0439145275576]}, "properties": {"Record_ID": "RES-ALT-22-000566", "Issued_Date": 1651813200000, "Sub_Type": "RES", "Construction_Type": "ALT", "Valuation": 4686, "Address": "3776 SPIEGEL DR", "City": "MEMPHIS", "Description": "Install replacement windows. Same size and type.", "ZIP_Code": "38116", "State": "TN", "Latitude": 35.04391452755763, "Longitude": -90.01661262947626, "ObjectId": 7345, "GlobalID": "3d17105b-1640-464f-b892-c3d0b45d1d33"}}, {"type": "Feature", "id": 7353, "geometry": {"type": "Point", "coordinates": [-89.8150936775979, 35.1599604957866]}, "properties": {"Record_ID": "RES-ACC-21-000289", "Issued_Date": 1619758800000, "Sub_Type": "Residential", "Construction_Type": "Accessory", "Valuation": 40000, "Address": "1319 GRAYSTONE LN", "City": "CORDOVA", "Description": "We wish to construct an in-ground liner pool of 16' x 32' size freeform.The pool depth will be 3' to 5'.", "ZIP_Code": null, "State": "TN", "Latitude": 35.15996049578659, "Longitude": -89.81509367759794, "ObjectId": 7353, "GlobalID": "2019f4fe-40eb-4f69-81d5-f87003a69dbc"}}, {"type": "Feature", "id": 7361, "geometry": {"type": "Point", "coordinates": [-89.9568886412892, 35.1155545108067]}, "properties": {"Record_ID": "COM-ALT-22-000332", "Issued_Date": 1652072400000, "Sub_Type": "COM", "Construction_Type": "ALT", "Valuation": 982000, "Address": "545 CLUB WALK DR", "City": "MEMPHIS", "Description": "Exterior Envelope Repairs", "ZIP_Code": "38111", "State": "TENNESSEE", "Latitude": 35.115554510806724, "Longitude": -89.95688864128921, "ObjectId": 7361, "GlobalID": "86232b43-7551-49ed-bf22-3fb0790ffaef"}}, {"type": "Feature", "id": 7370, "geometry": {"type": "Point", "coordinates": [-89.7961979099298, 35.129162370096]}, "properties": {"Record_ID": "COM-ALT-22-000212", "Issued_Date": 1652158800000, "Sub_Type": "COM", "Construction_Type": "ALT", "Valuation": 1155834, "Address": "65 GERMANTOWN CT", "City": "CORDOVA", "Description": "Full floor demo and build out of administrative offices.", "ZIP_Code": "38018", "State": "TN", "Latitude": 35.129162370096, "Longitude": -89.79619790992984, "ObjectId": 7370, "GlobalID": "99c43be2-975c-404d-9e94-2762119b1ffd"}}, {"type": "Feature", "id": 7422, "geometry": {"type": "Point", "coordinates": [-89.7636018621732, 35.1763436305312]}, "properties": {"Record_ID": "RES-ALT-21-000408", "Issued_Date": 1618203600000, "Sub_Type": "Residential", "Construction_Type": "Alteration", "Valuation": 11479, "Address": "1874 CARLYN CV", "City": "CORDOVA", "Description": "INSTALL REPLACEMENT WINDOWS. SAME SIZE AND TYPE.", "ZIP_Code": null, "State": "TN", "Latitude": 35.17634363053117, "Longitude": -89.76360186217319, "ObjectId": 7422, "GlobalID": "65b0cba5-0eac-4e1a-8ecd-61dcc24799f8"}}, {"type": "Feature", "id": 7423, "geometry": {"type": "Point", "coordinates": [-89.8984381605146, 35.0686465174675]}, "properties": {"Record_ID": "RES-ALT-21-001310", "Issued_Date": 1632718800000, "Sub_Type": "RES", "Construction_Type": "ALT", "Valuation": 8383, "Address": "4924 COTTONWOOD RD", "City": "MEMPHIS", "Description": "Pocket Replacement Windows - Replace 7 Windows.", "ZIP_Code": "38118", "State": "TN", "Latitude": 35.068646517467464, "Longitude": -89.89843816051463, "ObjectId": 7423, "GlobalID": "8f48fe34-de00-46f4-a9c1-c1f5e55077d8"}}, {"type": "Feature", "id": 7448, "geometry": {"type": "Point", "coordinates": [-89.9879791319891, 35.1263545100577]}, "properties": {"Record_ID": "COM-ALT-22-000374", "Issued_Date": 1652677200000, "Sub_Type": "COM", "Construction_Type": "ALT", "Valuation": 110000, "Address": "673 COX ST", "City": "MEMPHIS", "Description": "Modification of existing cell tower equipment for existing carrier, Verizon Wireless (applicant). Remove/replace/add antennas and other minor tower equipment to existing configuration. No increase in tower height or compound expansion.", "ZIP_Code": "38104", "State": "TN", "Latitude": 35.12635451005772, "Longitude": -89.98797913198914, "ObjectId": 7448, "GlobalID": "000beaf6-b61d-43ee-afc3-7c24128d9a6b"}}, {"type": "Feature", "id": 7483, "geometry": {"type": "Point", "coordinates": [-89.6354987181154, 35.3005854601356]}, "properties": {"Record_ID": "RES-NEW-21-000464", "Issued_Date": 1623646800000, "Sub_Type": "Residential", "Construction_Type": "New", "Valuation": 570000, "Address": "6424 CLARKSON CIR", "City": "ARLINGTON", "Description": "SINGLE FAMILY RESIDENTIAL BRICK - 3 CAR GARAGE", "ZIP_Code": null, "State": "TN", "Latitude": 35.3005854601356, "Longitude": -89.63549871811539, "ObjectId": 7483, "GlobalID": "ca991b64-2f61-4780-9fd5-66b0c9907f1e"}}, {"type": "Feature", "id": 7486, "geometry": {"type": "Point", "coordinates": [-89.6840807060573, 35.2791024665206]}, "properties": {"Record_ID": "RES-NEW-22-000301", "Issued_Date": 1651813200000, "Sub_Type": "RES", "Construction_Type": "NEW", "Valuation": 398910, "Address": "5686 ARDSLEY DR E", "City": "ARLINGTON", "Description": "NEW SINGLE FAMILY RESIDENCE W 2 CAR GARAGE", "ZIP_Code": "38002", "State": "TN", "Latitude": 35.27910246652064, "Longitude": -89.68408070605729, "ObjectId": 7486, "GlobalID": "87b28bed-c01f-4805-ab76-d45efd6f4872"}}, {"type": "Feature", "id": 7498, "geometry": {"type": "Point", "coordinates": [-89.8389166808254, 35.0094625265308]}, "properties": {"Record_ID": "RES-ALT-22-000647", "Issued_Date": 1652418000000, "Sub_Type": "RES", "Construction_Type": "ALT", "Valuation": 4548, "Address": "5040 PHEASANT RUN LN", "City": "MEMPHIS", "Description": "INSTALL REPLACEMENT WINDOWS. SAME SIZE AND TYPE.", "ZIP_Code": "38141", "State": "TN", "Latitude": 35.00946252653084, "Longitude": -89.83891668082538, "ObjectId": 7498, "GlobalID": "45161379-4862-4d4a-b87f-cb6f73f3948b"}}, {"type": "Feature", "id": 7513, "geometry": {"type": "Point", "coordinates": [-89.7721816746425, 35.3844204497535]}, "properties": {"Record_ID": "B1116439", "Issued_Date": 1694581200000, "Sub_Type": "RES", "Construction_Type": "NEW", "Valuation": 350000, "Address": "9629 ROSEMARK RD", "City": "ATOKA", "Description": "NEW SINGLE FAMILY DWELLING HOME W ATTACHED DBL GARAGE  MAP 304 M  DOVETAIL CUSTOM CONSTRUCTION", "ZIP_Code": "38004", "State": "TN", "Latitude": 35.38442044975354, "Longitude": -89.77218167464248, "ObjectId": 7513, "GlobalID": "ff51ada3-bf97-484e-b831-b81fb71c57f2"}}, {"type": "Feature", "id": 7537, "geometry": {"type": "Point", "coordinates": [-89.9791321311647, 35.1760704998874]}, "properties": {"Record_ID": "RES-ACC-21-000363", "Issued_Date": 1619672400000, "Sub_Type": "Residential", "Construction_Type": "Accessory", "Valuation": 2038.06, "Address": "1499 Maplewood ST 38108", "City": "", "Description": "storage shed need and will be place in the back yard.", "ZIP_Code": null, "State": "TN", "Latitude": 35.17607049988744, "Longitude": -89.9791321311647, "ObjectId": 7537, "GlobalID": "8a85e514-2867-425f-bb5f-5f2689adba2b"}}, {"type": "Feature", "id": 7546, "geometry": {"type": "Point", "coordinates": [-89.8790881638157, 35.1000295104257]}, "properties": {"Record_ID": "RES-NEW-21-000461", "Issued_Date": 1624856400000, "Sub_Type": "Residential", "Construction_Type": "New", "Valuation": 444804, "Address": "1121 E IRVIN DR", "City": "MEMPHIS", "Description": "SFR ON LOT - NEW HOME", "ZIP_Code": null, "State": "TN", "Latitude": 35.1000295104257, "Longitude": -89.87908816381565, "ObjectId": 7546, "GlobalID": "1de03d79-28de-4029-a85e-5c5debc4d829"}}, {"type": "Feature", "id": 7563, "geometry": {"type": "Point", "coordinates": [-90.0093586239233, 35.1591955045469]}, "properties": {"Record_ID": "RES-ALT-21-000541", "Issued_Date": 1621918800000, "Sub_Type": "Residential", "Construction_Type": "Alteration", "Valuation": 60000, "Address": "805 N MCNEIL ST", "City": "MEMPHIS", "Description": "NEW ROOF-SOME WOOD EXTERIOR SIDING-2 BATH FLOOR JOIST-NEW LAUNDRY CLOSET", "ZIP_Code": null, "State": "TN", "Latitude": 35.15919550454688, "Longitude": -90.00935862392326, "ObjectId": 7563, "GlobalID": "7fa0096b-50dd-427c-8c95-052d71c585d3"}}, {"type": "Feature", "id": 7567, "geometry": {"type": "Point", "coordinates": [-89.8602511722284, 35.0509435192772]}, "properties": {"Record_ID": "COM-ALT-22-000419", "Issued_Date": 1653282000000, "Sub_Type": "COM", "Construction_Type": "ALT", "Valuation": 125000, "Address": "3517 RIDGE MEADOW PKWY", "City": "MEMPHIS", "Description": "Modification of existing cell tower equipment for existing carrier, Verizon Wireless (applicant). Remove/replace/add antennas and other minor tower equipment to existing configuration. No increase in tower height or compound expansion.", "ZIP_Code": "38115", "State": "TN", "Latitude": 35.050943519277205, "Longitude": -89.86025117222835, "ObjectId": 7567, "GlobalID": "50e04595-83b1-49ba-b374-f18ffbea579f"}}, {"type": "Feature", "id": 7613, "geometry": {"type": "Point", "coordinates": [-89.8006666886504, 35.0518975164664]}, "properties": {"Record_ID": "RES-ALT-21-001291", "Issued_Date": 1631250000000, "Sub_Type": "RES", "Construction_Type": "ALT", "Valuation": 6521, "Address": "7879 WINCHESTER HILLS", "City": "MEMPHIS", "Description": "Install replacement windows. Same size and type.", "ZIP_Code": "38119", "State": "TN", "Latitude": 35.051897516466376, "Longitude": -89.80066668865042, "ObjectId": 7613, "GlobalID": "31f22a9c-7a8b-45c8-afb4-97ac9f613e7b"}}, {"type": "Feature", "id": 7657, "geometry": {"type": "Point", "coordinates": [-89.8806361617483, 35.1250765055581]}, "properties": {"Record_ID": "RES-ALT-22-000576", "Issued_Date": 1653973200000, "Sub_Type": "RES", "Construction_Type": "ALT", "Valuation": 20000, "Address": "5400 SYCAMORE GROVE LN", "City": "MEMPHIS", "Description": "We have been told to perform a repair that we would normally not perform because it violates manufacturer installation instructions. \nR101.2\nR102.7.1\nR904.1\n\nWe are requesting permission to approve the repairs if this code is not enforced but we would also like code to inspect the work so A-Team Roofing does not incur liability due to the violation of the manufacturer installation instructions.", "ZIP_Code": "38120", "State": "TN", "Latitude": 35.12507650555812, "Longitude": -89.88063616174831, "ObjectId": 7657, "GlobalID": "c4f25834-b1ca-4167-82ee-e7a55fbca898"}}, {"type": "Feature", "id": 7683, "geometry": {"type": "Point", "coordinates": [-89.689732702539, 35.3086134609662]}, "properties": {"Record_ID": "RES-ADD-21-000402", "Issued_Date": 1630990800000, "Sub_Type": "RES", "Construction_Type": "ADD", "Valuation": 218500, "Address": "6790 E LONG RD", "City": "ARLINGTON", "Description": "This Project includes a first and second story addition as well as a full kitchen and master bath remodel.  The first floor addition includes filling in an alcove in the footprint of the home and will not extend outside the current footprint of the home.  The second floor addition will be adding a large bonus room above the existing garages.  This will require removal of the existing roof above the garage.", "ZIP_Code": "38002", "State": "TN", "Latitude": 35.30861346096622, "Longitude": -89.68973270253902, "ObjectId": 7683, "GlobalID": "38c769b7-b8ea-4e9b-a32d-a4bdb4127da3"}}, {"type": "Feature", "id": 7684, "geometry": {"type": "Point", "coordinates": [-89.9534551416847, 35.1239965089927]}, "properties": {"Record_ID": "RES-ADD-22-000169", "Issued_Date": 1652763600000, "Sub_Type": "RES", "Construction_Type": "ADD", "Valuation": 75000, "Address": "201 S HOLMES ST", "City": "MEMPHIS", "Description": "Addition of bedroom, bath, and sunroom", "ZIP_Code": "38111", "State": "TN", "Latitude": 35.12399650899273, "Longitude": -89.95345514168469, "ObjectId": 7684, "GlobalID": "83b79a7e-59b3-4a91-8256-3954592a63a0"}}, {"type": "Feature", "id": 7687, "geometry": {"type": "Point", "coordinates": [-89.920834635792, 35.3495454632398]}, "properties": {"Record_ID": "RES-NEW-21-000675", "Issued_Date": 1632546000000, "Sub_Type": "RES", "Construction_Type": "NEW", "Valuation": 81000, "Address": "4269 Carter RD", "City": "MILLINGTON", "Description": "I have a double wide trailer going on this property. I am the new owner and have the deed to the property. I just need to get the piers poured for the foundation and get my home moved.", "ZIP_Code": "38053", "State": "TN", "Latitude": 35.34954546323979, "Longitude": -89.92083463579206, "ObjectId": 7687, "GlobalID": "b93d30c3-acca-45dd-aa5c-694ef00a9a0b"}}, {"type": "Feature", "id": 7695, "geometry": {"type": "Point", "coordinates": [-89.7969946863884, 35.1021985063752]}, "properties": {"Record_ID": "RES-ADD-22-000203", "Issued_Date": 1653368400000, "Sub_Type": "RES", "Construction_Type": "ADD", "Valuation": 8000, "Address": "1666 BRIERBROOK RD", "City": "GERMANTOWN", "Description": "Already have a front porch, but want it larger.  Removing existing front porch and making it larger.", "ZIP_Code": "38138", "State": "TN", "Latitude": 35.10219850637517, "Longitude": -89.79699468638836, "ObjectId": 7695, "GlobalID": "8c6c61b8-509f-4860-bac2-69e1f29017cf"}}, {"type": "Feature", "id": 7698, "geometry": {"type": "Point", "coordinates": [-89.9487976397498, 35.1730374991371]}, "properties": {"Record_ID": "COM-ALT-22-000361", "Issued_Date": 1651554000000, "Sub_Type": "COM", "Construction_Type": "ALT", "Valuation": 205291, "Address": "3347 CHELSEA AVE", "City": "MEMPHIS", "Description": "809539 - T-Mobile upgrade to existing antenna and radio equipment. No change to tower height or footprint. Remove (2) Coax cables. Add (4) RRUs, (1) HCS 2.0, (1) HCS Part 3.", "ZIP_Code": "38108", "State": "TN", "Latitude": 35.173037499137074, "Longitude": -89.94879763974981, "ObjectId": 7698, "GlobalID": "099ef456-344a-4fb8-9741-eea1aef95c2a"}}, {"type": "Feature", "id": 7711, "geometry": {"type": "Point", "coordinates": [-89.9776291358856, 35.1105505127098]}, "properties": {"Record_ID": "RES-ALT-22-000671", "Issued_Date": 1653368400000, "Sub_Type": "RES", "Construction_Type": "ALT", "Valuation": 8300, "Address": "786 HAMILTON ST", "City": "MEMPHIS", "Description": "Pocket Replacement Windows - Replace 7 Windows", "ZIP_Code": "38114", "State": "TN", "Latitude": 35.11055051270983, "Longitude": -89.97762913588564, "ObjectId": 7711, "GlobalID": "1a54dcda-6742-4883-ae1f-9bb022e59330"}}, {"type": "Feature", "id": 7716, "geometry": {"type": "Point", "coordinates": [-89.7525616990343, 35.0969245054576]}, "properties": {"Record_ID": "RES-ACC-21-000332", "Issued_Date": 1620363600000, "Sub_Type": "Residential", "Construction_Type": "Accessory", "Valuation": 63500, "Address": "1875 GROVEWAY DR", "City": "GERMANTOWN", "Description": "gunite swimming pool.", "ZIP_Code": null, "State": "TN", "Latitude": 35.09692450545763, "Longitude": -89.75256169903435, "ObjectId": 7716, "GlobalID": "856333c2-1351-4b09-a408-b63c43a36d6e"}}, {"type": "Feature", "id": 7723, "geometry": {"type": "Point", "coordinates": [-90.0060241261884, 35.1387655084161]}, "properties": {"Record_ID": "RES-NEW-21-000433", "Issued_Date": 1623819600000, "Sub_Type": "Residential", "Construction_Type": "New", "Valuation": 121030, "Address": "128 ANGELUS ST", "City": "MEMPHIS", "Description": "SINGLE FAMILY", "ZIP_Code": null, "State": "TN", "Latitude": 35.13876550841608, "Longitude": -90.00602412618835, "ObjectId": 7723, "GlobalID": "7d1124fc-19e9-48dc-b7ca-2cce53a009ce"}}, {"type": "Feature", "id": 7732, "geometry": {"type": "Point", "coordinates": [-89.829489181976, 35.0318995216838]}, "properties": {"Record_ID": "RES-ALT-21-000326", "Issued_Date": 1616389200000, "Sub_Type": "Residential", "Construction_Type": "Alteration", "Valuation": 1736, "Address": "4261 TIMBER RISE RD", "City": "MEMPHIS", "Description": "INSTALL REPLACEMENT WINDOWS. SAME SIZE & TYPE.", "ZIP_Code": null, "State": "TN", "Latitude": 35.03189952168384, "Longitude": -89.82948918197602, "ObjectId": 7732, "GlobalID": "74704270-39bb-4228-a76a-226738f2d567"}}, {"type": "Feature", "id": 7745, "geometry": {"type": "Point", "coordinates": [-89.9546566439914, 35.0837035169812]}, "properties": {"Record_ID": "COM-ADD-21-000043", "Issued_Date": 1632373200000, "Sub_Type": "COM", "Construction_Type": "ADD", "Valuation": 146038, "Address": "1749 CHEROKEE BLVD", "City": "MEMPHIS", "Description": "Metal Building Products will provide Pickle Iron The following:\n2,600 S.F. Addition On the West Side of the existing building used as cold storage. The building will be a pre-engineered metal building w/ 26 gauge roof and wall panels. There will be a 2 hour fire wall separating the existing and new w/ 2 fire link o/h doors. 600 S.F. will be roof only.", "ZIP_Code": "38111", "State": "TN", "Latitude": 35.08370351698123, "Longitude": -89.9546566439914, "ObjectId": 7745, "GlobalID": "259a329f-9282-42b9-a40f-87fa9772bddb"}}, {"type": "Feature", "id": 7751, "geometry": {"type": "Point", "coordinates": [-89.8536226738184, 35.0546785182481]}, "properties": {"Record_ID": "COM-ALT-21-000773", "Issued_Date": 1630558800000, "Sub_Type": "COM", "Construction_Type": "ALT", "Valuation": 35000, "Address": "3437 W VILLAGE GROVE PL", "City": "MEMPHIS", "Description": "Interior work only\nRemove and replace sheetrock/Doors and trim/HVAC/plumbing/electrical/cabinets/ceramic tile/carpets/vinyl/window glass/paint complete apartment/final clean ready for occupancy", "ZIP_Code": "38115", "State": "TN", "Latitude": 35.05467851824814, "Longitude": -89.85362267381842, "ObjectId": 7751, "GlobalID": "73372856-cb60-48d8-94fe-e7d3836f4817"}}, {"type": "Feature", "id": 7754, "geometry": {"type": "Point", "coordinates": [-89.9738851344792, 35.1477385052259]}, "properties": {"Record_ID": "COM-ALT-21-000814", "Issued_Date": 1631163600000, "Sub_Type": "COM", "Construction_Type": "ALT", "Valuation": 130460, "Address": "2563 BROAD AVE", "City": "MEMPHIS", "Description": "Demo existing flooring in offices, demo rear restroom, demo existing break counter area and one wall in middle room. Add ramp from rear door, new flooring in offices, new plumbing fixtures, wall and tile in rear restroom and middle restroom. Rear to be ADA. Add security grate to store room, new fixed glass to offices. No exterior improvements as part of this contract", "ZIP_Code": "38112", "State": "TN", "Latitude": 35.14773850522589, "Longitude": -89.97388513447922, "ObjectId": 7754, "GlobalID": "b07ce06d-a6f8-45a0-b580-b5eaa6e11b5f"}}, {"type": "Feature", "id": 7756, "geometry": {"type": "Point", "coordinates": [-89.9235931478924, 35.1551905015302]}, "properties": {"Record_ID": "RES-ACC-20-000324", "Issued_Date": 1610431200000, "Sub_Type": "Residential", "Construction_Type": "ACC", "Valuation": 2000, "Address": "883 WINGFIELD RD", "City": "MEMPHIS", "Description": "INSTALL 10X10 SHED BEHIND HOUSE", "ZIP_Code": null, "State": "TN", "Latitude": 35.15519050153021, "Longitude": -89.92359314789243, "ObjectId": 7756, "GlobalID": "08d41aff-43c7-4522-83ea-8603eb02e843"}}, {"type": "Feature", "id": 7770, "geometry": {"type": "Point", "coordinates": [-89.9288671482166, 35.1280375071087]}, "properties": {"Record_ID": "RES-ADD-21-000186", "Issued_Date": 1622091600000, "Sub_Type": "Residential", "Construction_Type": "Addition", "Valuation": 50000, "Address": "128 S ROSE RD", "City": "MEMPHIS", "Description": "Demo old 1-car carport and add a 28'x28' 2-car garage attached to existing 1-car garage, all detached from primary structure.", "ZIP_Code": null, "State": "TN", "Latitude": 35.12803750710865, "Longitude": -89.92886714821661, "ObjectId": 7770, "GlobalID": "559293ad-ca49-418f-8497-5fcefa305076"}}, {"type": "Feature", "id": 7787, "geometry": {"type": "Point", "coordinates": [-89.7224701971535, 35.2527324734143]}, "properties": {"Record_ID": "RES-ACC-21-000035", "Issued_Date": 1611813600000, "Sub_Type": "Residential", "Construction_Type": "ACC", "Valuation": 42500, "Address": "4659 ELM LAWN CV", "City": "LAKELAND", "Description": "SWIMMING POOL CONSTRUCTION", "ZIP_Code": null, "State": "TN", "Latitude": 35.25273247341435, "Longitude": -89.72247019715348, "ObjectId": 7787, "GlobalID": "966babf6-f8ca-44fe-8d72-8d70c82473ea"}}, {"type": "Feature", "id": 7794, "geometry": {"type": "Point", "coordinates": [-89.8017241874673, 35.0655775138115]}, "properties": {"Record_ID": "RES-ADD-21-000468", "Issued_Date": 1631682000000, "Sub_Type": "RES", "Construction_Type": "ADD", "Valuation": 50000, "Address": "3021 CORDIE LEE LN", "City": "GERMANTOWN", "Description": "A master bedroom, full bath and 2 closets(apprx. 600 sq') added to first(only) level of personal home.", "ZIP_Code": "38138", "State": "TN", "Latitude": 35.065577513811476, "Longitude": -89.80172418746733, "ObjectId": 7794, "GlobalID": "9639132c-91d8-4681-bc63-46660faf9952"}}, {"type": "Feature", "id": 7819, "geometry": {"type": "Point", "coordinates": [-89.9370031453615, 35.1372715056511]}, "properties": {"Record_ID": "RES-ALT-21-000623", "Issued_Date": 1623214800000, "Sub_Type": "Residential", "Construction_Type": "Alteration", "Valuation": 20000, "Address": "3671 WAYNOKA AVE", "City": "MEMPHIS", "Description": "We will be remodeling the kitchen and removing an existing wall to open up the space.", "ZIP_Code": null, "State": "TN", "Latitude": 35.137271505651086, "Longitude": -89.93700314536147, "ObjectId": 7819, "GlobalID": "998563ab-22cf-465a-9df9-0848cb1bf95f"}}, {"type": "Feature", "id": 7825, "geometry": {"type": "Point", "coordinates": [-89.7932298026908, 35.1486953042585]}, "properties": {"Record_ID": "COM-ALT-21-000488", "Issued_Date": 1624856400000, "Sub_Type": "Commercial", "Construction_Type": "Alteration", "Valuation": 83266.34, "Address": "865 WILLOW TREE CIR", "City": "CORDOVA", "Description": "FIRST FLOOR RENOVATION OF AN OFFICE BLDG", "ZIP_Code": null, "State": "TN", "Latitude": 35.148695304258474, "Longitude": -89.79322980269082, "ObjectId": 7825, "GlobalID": "141961ea-97a7-41a7-90ed-2615def91139"}}, {"type": "Feature", "id": 7827, "geometry": {"type": "Point", "coordinates": [-89.9192326515287, 35.1181465086302]}, "properties": {"Record_ID": "RES-ADD-21-000601", "Issued_Date": 1653282000000, "Sub_Type": "RES", "Construction_Type": "ADD", "Valuation": 150000, "Address": "429 GREENFIELD RD", "City": "MEMPHIS", "Description": "Residential Home/ Addition/ Alteration", "ZIP_Code": "38117", "State": "TN", "Latitude": 35.1181465086302, "Longitude": -89.91923265152869, "ObjectId": 7827, "GlobalID": "6cdc86cf-9741-4e22-840e-839dbe14c97d"}}, {"type": "Feature", "id": 7870, "geometry": {"type": "Point", "coordinates": [-89.878516666752, 35.0574685187942]}, "properties": {"Record_ID": "RES-ALT-21-000411", "Issued_Date": 1617858000000, "Sub_Type": "Residential", "Construction_Type": "Alteration", "Valuation": 6000, "Address": "3328 LANSING DR", "City": "MEMPHIS", "Description": "Pocket Replacement Windows- 8 Windows", "ZIP_Code": null, "State": "TN", "Latitude": 35.0574685187942, "Longitude": -89.87851666675198, "ObjectId": 7870, "GlobalID": "438b0ee9-3024-4544-a65b-f667b0188f79"}}, {"type": "Feature", "id": 7880, "geometry": {"type": "Point", "coordinates": [-89.9946841303168, 35.1236095108949]}, "properties": {"Record_ID": "RES-NEW-21-000064", "Issued_Date": 1618290000000, "Sub_Type": "Residential", "Construction_Type": "New", "Valuation": 451000, "Address": "2017 ELZEY", "City": "MEMPHIS", "Description": "We are building a new single-family residence on Elzey Avenue in the Cooper Young area. PD Case #: PD18-48", "ZIP_Code": null, "State": "TN", "Latitude": 35.12360951089494, "Longitude": -89.99468413031676, "ObjectId": 7880, "GlobalID": "2dd6af19-5eb3-4588-af66-298e30a90b27"}}, {"type": "Feature", "id": 7928, "geometry": {"type": "Point", "coordinates": [-89.790964688918, 35.0890135087112]}, "properties": {"Record_ID": "RES-ADD-21-000130", "Issued_Date": 1618808400000, "Sub_Type": "Residential", "Construction_Type": "Addition", "Valuation": 12000, "Address": "2164 MISTY HOLLOW CV", "City": "GERMANTOWN", "Description": "COVER PATIO / SLAB ALREADY EXISTING.", "ZIP_Code": null, "State": "TN", "Latitude": 35.08901350871121, "Longitude": -89.79096468891797, "ObjectId": 7928, "GlobalID": "46b5d46e-e339-4160-9791-66cd977ab4c0"}}, {"type": "Feature", "id": 7970, "geometry": {"type": "Point", "coordinates": [-89.9515201446704, 35.086574516277]}, "properties": {"Record_ID": "RES-ADD-21-000316", "Issued_Date": 1624597200000, "Sub_Type": "Residential", "Construction_Type": "Addition", "Valuation": 22000, "Address": "3333 SHARPE AVE", "City": "MEMPHIS", "Description": "ADDING A ADDITIONAL BEDROOM W/A BATHROOM", "ZIP_Code": null, "State": "TN", "Latitude": 35.08657451627701, "Longitude": -89.95152014467043, "ObjectId": 7970, "GlobalID": "195ef028-3428-4c86-bb20-b24b5b18c5da"}}, {"type": "Feature", "id": 8025, "geometry": {"type": "Point", "coordinates": [-90.0186286200772, 35.1786985011257]}, "properties": {"Record_ID": "RES-NEW-21-000305", "Issued_Date": 1619758800000, "Sub_Type": "Residential", "Construction_Type": "New", "Valuation": 105000, "Address": "1119 SAINT CHARLES AVE", "City": "MEMPHIS", "Description": "New Construction / Single Family Residence", "ZIP_Code": null, "State": "TN", "Latitude": 35.17869850112576, "Longitude": -90.01862862007718, "ObjectId": 8025, "GlobalID": "c2b5e89c-746f-4500-888c-d412bbe80fb0"}}, {"type": "Feature", "id": 8060, "geometry": {"type": "Point", "coordinates": [-89.959921633944, 35.214446491492]}, "properties": {"Record_ID": "RES-ALT-21-000699", "Issued_Date": 1623387600000, "Sub_Type": "Residential", "Construction_Type": "Alteration", "Valuation": 2997, "Address": "3094 CASTLEBAY RD", "City": "MEMPHIS", "Description": "Install replacement windows. Same size and type.", "ZIP_Code": null, "State": "TN", "Latitude": 35.214446491492026, "Longitude": -89.95992163394396, "ObjectId": 8060, "GlobalID": "33db1f53-fe59-44ff-84e3-1e9a1c0b902e"}}, {"type": "Feature", "id": 8080, "geometry": {"type": "Point", "coordinates": [-89.9316076502628, 35.0852155156651]}, "properties": {"Record_ID": "COM-ALT-22-000367", "Issued_Date": 1652677200000, "Sub_Type": "COM", "Construction_Type": "ALT", "Valuation": 110000, "Address": "1659 GETWELL RD", "City": "MEMPHIS", "Description": "Modification of existing cell tower equipment for existing carrier, Verizon Wireless (applicant). Remove/replace/add antennas and other minor tower equipment to existing configuration. No increase in tower height or compound expansion.", "ZIP_Code": "38111", "State": "TN", "Latitude": 35.085215515665055, "Longitude": -89.9316076502628, "ObjectId": 8080, "GlobalID": "e7946bb0-d8db-4629-b32d-f8cff66ce40b"}}, {"type": "Feature", "id": 8112, "geometry": {"type": "Point", "coordinates": [-89.9474206436571, 35.1193525096399]}, "properties": {"Record_ID": "RES-NEW-21-000369", "Issued_Date": 1630645200000, "Sub_Type": "RES", "Construction_Type": "NEW", "Valuation": 350000, "Address": "378 ELLSWORTH ST", "City": "MEMPHIS", "Description": "SINGLE FAMILY DWELLING, OF BRICK AND WOOD", "ZIP_Code": "38111", "State": "TN", "Latitude": 35.11935250963989, "Longitude": -89.94742064365713, "ObjectId": 8112, "GlobalID": "79dcf407-5fb2-4e94-8f42-036c49937706"}}, {"type": "Feature", "id": 8116, "geometry": {"type": "Point", "coordinates": [-89.9249251434893, 35.2164534895414]}, "properties": {"Record_ID": "RES-ALT-21-001381", "Issued_Date": 1632459600000, "Sub_Type": "RES", "Construction_Type": "ALT", "Valuation": 15200, "Address": "3321 CRAIN CV", "City": "MEMPHIS", "Description": "Pocket Replacement Windows - Replace 15 Windows", "ZIP_Code": "38128", "State": "TN", "Latitude": 35.216453489541365, "Longitude": -89.92492514348933, "ObjectId": 8116, "GlobalID": "f02ba3a1-765d-402a-b250-eaa84a2cffb5"}}, {"type": "Feature", "id": 8132, "geometry": {"type": "Point", "coordinates": [-89.7600451991296, 35.0636515123579]}, "properties": {"Record_ID": "COM-ALT-21-000300", "Issued_Date": 1624510800000, "Sub_Type": "Commercial", "Construction_Type": "Alteration", "Valuation": 830834, "Address": "3100 FOREST HILL IRENE RD", "City": "GERMANTOWN", "Description": "Gus Fried Chicken - alterations of existing building.", "ZIP_Code": null, "State": "TN", "Latitude": 35.06365151235785, "Longitude": -89.76004519912962, "ObjectId": 8132, "GlobalID": "18825985-255b-4300-a71a-16635622eb15"}}, {"type": "Feature", "id": 8149, "geometry": {"type": "Point", "coordinates": [-89.7805156940483, 35.054651515036]}, "properties": {"Record_ID": "COM-ALT-21-000102", "Issued_Date": 1615870800000, "Sub_Type": "Commercial", "Construction_Type": "Alteration", "Valuation": 283664, "Address": "3350 Players Club PKWY", "City": "MEMPHIS", "Description": "Renovation of Office Space", "ZIP_Code": null, "State": "TN", "Latitude": 35.054651515036035, "Longitude": -89.7805156940483, "ObjectId": 8149, "GlobalID": "6b7e0a59-f414-46e7-be52-3907628a1aef"}}, {"type": "Feature", "id": 8150, "geometry": {"type": "Point", "coordinates": [-89.7386341998124, 35.1440664955407]}, "properties": {"Record_ID": "RES-NEW-21-000648", "Issued_Date": 1631768400000, "Sub_Type": "RES", "Construction_Type": "NEW", "Valuation": 337845, "Address": "9695 WOODLAND FOX LN N", "City": "CORDOVA", "Description": "Single Family Residence with double garage", "ZIP_Code": "38018", "State": "TN", "Latitude": 35.144066495540756, "Longitude": -89.73863419981235, "ObjectId": 8150, "GlobalID": "cea3a756-6576-46b7-ad1d-900b45c77be3"}}, {"type": "Feature", "id": 8151, "geometry": {"type": "Point", "coordinates": [-90.0591331182795, 35.03561653107]}, "properties": {"Record_ID": "RES-ALT-21-000652", "Issued_Date": 1623042000000, "Sub_Type": "Residential", "Construction_Type": "Alteration", "Valuation": 11500, "Address": "170 SULLIVAN DR", "City": "MEMPHIS", "Description": "REBUILD A DETACHED CARPORT FROM FIRE DAMAGE", "ZIP_Code": null, "State": "TN", "Latitude": 35.03561653106999, "Longitude": -90.0591331182795, "ObjectId": 8151, "GlobalID": "283a780a-80a4-44f2-8675-f6247ddfb2d5"}}, {"type": "Feature", "id": 8183, "geometry": {"type": "Point", "coordinates": [-89.8991626579079, 35.1054745102394]}, "properties": {"Record_ID": "RES-ALT-21-001322", "Issued_Date": 1631854800000, "Sub_Type": "RES", "Construction_Type": "ALT", "Valuation": 10120, "Address": "946 IVY RD", "City": "MEMPHIS", "Description": "Install replacement windows. Same size and type.", "ZIP_Code": "38117", "State": "TN", "Latitude": 35.10547451023937, "Longitude": -89.89916265790788, "ObjectId": 8183, "GlobalID": "0290506b-0583-44d8-9090-f52802b25643"}}, {"type": "Feature", "id": 8186, "geometry": {"type": "Point", "coordinates": [-89.7256471954896, 35.2646034712192]}, "properties": {"Record_ID": "RES-NEW-21-000112", "Issued_Date": 1616994000000, "Sub_Type": "Residential", "Construction_Type": "New", "Valuation": 295010, "Address": "5107 Moudry Run CV", "City": "LAKELAND", "Description": "Building a single family residence w/ a 3 car garage.", "ZIP_Code": null, "State": "TN", "Latitude": 35.26460347121924, "Longitude": -89.72564719548964, "ObjectId": 8186, "GlobalID": "0713c9be-c69f-48dc-8b0b-a26f06685232"}}, {"type": "Feature", "id": 8197, "geometry": {"type": "Point", "coordinates": [-89.9270806474277, 35.1475855031814]}, "properties": {"Record_ID": "RES-ADD-22-000139", "Issued_Date": 1652331600000, "Sub_Type": "RES", "Construction_Type": "ADD", "Valuation": 20000, "Address": "4018 FORREST DR", "City": "MEMPHIS", "Description": "I plan on doing a Addition to the house,  adding a bedroom and a bathroom. Enlarging the front porch and adding a carport.", "ZIP_Code": "38122", "State": "TN", "Latitude": 35.14758550318143, "Longitude": -89.92708064742767, "ObjectId": 8197, "GlobalID": "3821254e-5600-46d1-b8df-0adeb537a918"}}, {"type": "Feature", "id": 8200, "geometry": {"type": "Point", "coordinates": [-89.6410967188814, 35.2654404673033]}, "properties": {"Record_ID": "RES-NEW-22-000287", "Issued_Date": 1651554000000, "Sub_Type": "RES", "Construction_Type": "NEW", "Valuation": 490000, "Address": "5136 RACHEL FOREST CV", "City": "ARLINGTON", "Description": "New Home Construction", "ZIP_Code": "38002", "State": "TN", "Latitude": 35.26544046730326, "Longitude": -89.64109671888141, "ObjectId": 8200, "GlobalID": "3e39fa91-6fad-411e-918b-dfbe6a0c0195"}}, {"type": "Feature", "id": 8215, "geometry": {"type": "Point", "coordinates": [-90.0534496127368, 35.1441205094677]}, "properties": {"Record_ID": "COM-ALT-22-000094", "Issued_Date": 1653368400000, "Sub_Type": "COM", "Construction_Type": "ALT", "Valuation": 431502, "Address": "80 MONROE AVE", "City": "MEMPHIS", "Description": "Alteration", "ZIP_Code": "38103", "State": "TN", "Latitude": 35.144120509467676, "Longitude": -90.05344961273684, "ObjectId": 8215, "GlobalID": "62060c63-227e-4552-b069-973a41121864"}}, {"type": "Feature", "id": 8228, "geometry": {"type": "Point", "coordinates": [-89.7376981999939, 35.1452544952651]}, "properties": {"Record_ID": "RES-NEW-21-000183", "Issued_Date": 1620363600000, "Sub_Type": "Residential", "Construction_Type": "New", "Valuation": 267983, "Address": "759 WOODLAND BROOK LN", "City": "CORDOVA", "Description": "Building a single family residence w/ a 2 car garage.", "ZIP_Code": null, "State": "TN", "Latitude": 35.14525449526512, "Longitude": -89.7376981999939, "ObjectId": 8228, "GlobalID": "a31b0230-57bf-44e2-a78f-2e37e4fad0e3"}}, {"type": "Feature", "id": 8282, "geometry": {"type": "Point", "coordinates": [-89.7747241945204, 35.0720305113488]}, "properties": {"Record_ID": "RES-ACC-21-000573", "Issued_Date": 1624424400000, "Sub_Type": "Residential", "Construction_Type": "Accessory", "Valuation": 2600, "Address": "8653 HEATHERLY CV", "City": "GERMANTOWN", "Description": "INSTALL AND CONSTRUCT SHED IN BACK YARD", "ZIP_Code": null, "State": "TN", "Latitude": 35.072030511348764, "Longitude": -89.7747241945204, "ObjectId": 8282, "GlobalID": "697118bb-cfc7-4c61-bfff-76d277e33187"}}, {"type": "Feature", "id": 8285, "geometry": {"type": "Point", "coordinates": [-89.7102212067279, 35.1586824914034]}, "properties": {"Record_ID": "COM-ALT-22-000369", "Issued_Date": 1652677200000, "Sub_Type": "COM", "Construction_Type": "ALT", "Valuation": 110000, "Address": "10555 MACON RD", "City": "CORDOVA", "Description": "Modification of existing cell tower equipment for existing carrier, Verizon Wireless (applicant). Remove/replace/add antennas and other minor tower equipment to existing configuration. Complete antenna mount modifications. No increase in tower height or compound expansion.", "ZIP_Code": "38018", "State": "TN", "Latitude": 35.15868249140337, "Longitude": -89.71022120672792, "ObjectId": 8285, "GlobalID": "ed9e9edd-73ca-4bbe-9ead-1c98a5e9f2fc"}}, {"type": "Feature", "id": 8390, "geometry": {"type": "Point", "coordinates": [-89.7722041946288, 35.0810755094518]}, "properties": {"Record_ID": "RES-ALT-22-000503", "Issued_Date": 1652072400000, "Sub_Type": "RES", "Construction_Type": "ALT", "Valuation": 36500, "Address": "2421 BRACHTON AVE", "City": "GERMANTOWN", "Description": "This is a kitchen remodel project, where customer will be replacing cabinets, which they are dealing with a third party on. LBC is doing the demo, opening a partial wall up to adjacent living room, installing new appliances, updating electrical, and changing the way the vent hood for cooktop is vented. (Currently goes under slab and will be changed to go through roof. I have included engineer’s letter regarding the wall modifications for reference.", "ZIP_Code": "38139", "State": "TN", "Latitude": 35.081075509451836, "Longitude": -89.77220419462884, "ObjectId": 8390, "GlobalID": "08f5eab6-7908-4b3d-9143-cfb84eaa3803"}}, {"type": "Feature", "id": 8402, "geometry": {"type": "Point", "coordinates": [-89.8846141616074, 35.110424508621]}, "properties": {"Record_ID": "RES-ADD-21-000134", "Issued_Date": 1620018000000, "Sub_Type": "Residential", "Construction_Type": "Addition", "Valuation": 75000, "Address": "5249 KEATSWOOD CV", "City": "MEMPHIS", "Description": "Covered Screened Porch Addition", "ZIP_Code": null, "State": "TN", "Latitude": 35.110424508621, "Longitude": -89.88461416160736, "ObjectId": 8402, "GlobalID": "eded9e7b-943b-4a99-8e8b-3931de8bc56e"}}, {"type": "Feature", "id": 8414, "geometry": {"type": "Point", "coordinates": [-90.0466861133601, 35.1630205054531]}, "properties": {"Record_ID": "COM-ALT-22-000382", "Issued_Date": 1651813200000, "Sub_Type": "COM", "Construction_Type": "ALT", "Valuation": 95282, "Address": "61 KEEL AVE", "City": "MEMPHIS", "Description": "Install make up air, exhaust fan and hood in existing kitchen.", "ZIP_Code": "38107", "State": "TN", "Latitude": 35.163020505453126, "Longitude": -90.04668611336011, "ObjectId": 8414, "GlobalID": "2bfe93a4-5d8e-4220-86cf-0c005395a9d1"}}, {"type": "Feature", "id": 8415, "geometry": {"type": "Point", "coordinates": [-89.7863386923816, 35.055497515125]}, "properties": {"Record_ID": "COM-ALT-22-000350", "Issued_Date": 1652158800000, "Sub_Type": "COM", "Construction_Type": "ALT", "Valuation": 24400, "Address": "8275 TOURNAMENT DR", "City": "MEMPHIS", "Description": "New Tenant Space Renovations", "ZIP_Code": "38125", "State": "TN", "Latitude": 35.055497515125026, "Longitude": -89.78633869238156, "ObjectId": 8415, "GlobalID": "d320da02-3ea6-4eba-8093-fdc034315fbe"}}, {"type": "Feature", "id": 8429, "geometry": {"type": "Point", "coordinates": [-89.8898566599148, 35.114132508122]}, "properties": {"Record_ID": "COM-ALT-21-000133", "Issued_Date": 1613714400000, "Sub_Type": "Commercial", "Construction_Type": "Alteration", "Valuation": 68800, "Address": "5100 WHEELIS DR", "City": "MEMPHIS", "Description": "New Tenant Space Renovations", "ZIP_Code": null, "State": "TN", "Latitude": 35.11413250812202, "Longitude": -89.88985665991476, "ObjectId": 8429, "GlobalID": "026cf27e-16aa-4659-a108-80137990e9f2"}}, {"type": "Feature", "id": 8447, "geometry": {"type": "Point", "coordinates": [-90.0376996129879, 35.2062744965582]}, "properties": {"Record_ID": "RES-ALT-21-000095", "Issued_Date": 1612850400000, "Sub_Type": "Residential", "Construction_Type": "Alteration", "Valuation": 12000, "Address": "2980 TUDOR ST", "City": "MEMPHIS", "Description": "RENOVATIONS", "ZIP_Code": null, "State": "TN", "Latitude": 35.20627449655825, "Longitude": -90.0376996129879, "ObjectId": 8447, "GlobalID": "a9710d48-a61e-4ba7-b635-31f9e8452ea6"}}, {"type": "Feature", "id": 8513, "geometry": {"type": "Point", "coordinates": [-89.7255136376029, 35.1991432481161]}, "properties": {"Record_ID": "RES-ADD-21-000285", "Issued_Date": 1624597200000, "Sub_Type": "Residential", "Construction_Type": "Addition", "Valuation": 10000, "Address": "2694 LONGSHADOW LN", "City": "CORDOVA", "Description": "add porch and roof to existing home (including posts) rear", "ZIP_Code": null, "State": "TN", "Latitude": 35.19914324811606, "Longitude": -89.72551363760289, "ObjectId": 8513, "GlobalID": "8b3dff9c-6815-4599-ba53-4885c2861e44"}}, {"type": "Feature", "id": 8529, "geometry": {"type": "Point", "coordinates": [-89.7724344149478, 35.1666823593688]}, "properties": {"Record_ID": "RES-ALT-21-000072", "Issued_Date": 1611208800000, "Sub_Type": "Residential", "Construction_Type": "ALT", "Valuation": 870, "Address": "8724 CEDAR FARMS DR", "City": "CORDOVA", "Description": "INSTALL REPLACEMENT WINDOWS, SAME SIZE AND TYPE", "ZIP_Code": null, "State": "TN", "Latitude": 35.16668235936876, "Longitude": -89.77243441494777, "ObjectId": 8529, "GlobalID": "0d8327d7-5f53-444f-9c43-b6a6f01b1ee9"}}, {"type": "Feature", "id": 8530, "geometry": {"type": "Point", "coordinates": [-89.7381841998775, 35.1449754953416]}, "properties": {"Record_ID": "RES-NEW-21-000469", "Issued_Date": 1624338000000, "Sub_Type": "Residential", "Construction_Type": "New", "Valuation": 262231, "Address": "9718 S WOODLAND BROOK LN", "City": "CORDOVA", "Description": "Building a single family residence w/ a 2 car garage.", "ZIP_Code": null, "State": "TN", "Latitude": 35.14497549534162, "Longitude": -89.73818419987752, "ObjectId": 8530, "GlobalID": "3577aeb1-ff30-4855-abc4-ba2ce8188a79"}}, {"type": "Feature", "id": 8535, "geometry": {"type": "Point", "coordinates": [-90.0088366245644, 35.1516445060082]}, "properties": {"Record_ID": "RES-ALT-22-000513", "Issued_Date": 1652072400000, "Sub_Type": "RES", "Construction_Type": "ALT", "Valuation": 36000, "Address": "507 STONEWALL ST", "City": "MEMPHIS", "Description": "This is the remodel of an existing bathroom inside home. Demo work to studs and reconfiguration of room. Including moving one wall to expand the bathroom. Closing in one window opening on the back side of home (unseen from street) making it into a faux shutter. Typical trades work is expected, plumbing, electrical and hvac. Scope of work and plans are included in this application.", "ZIP_Code": "38112", "State": "TN", "Latitude": 35.151644506008246, "Longitude": -90.00883662456441, "ObjectId": 8535, "GlobalID": "2d9ce472-a92f-4d08-a482-dc1694095f27"}}, {"type": "Feature", "id": 8572, "geometry": {"type": "Point", "coordinates": [-89.9538072297892, 34.9991352186992]}, "properties": {"Record_ID": "COM-ALT-22-000336", "Issued_Date": 1651726800000, "Sub_Type": "COM", "Construction_Type": "ALT", "Valuation": 2721694, "Address": "3299 TCHULATECH DR", "City": "MEMPHIS", "Description": "Storage Rack System. Installing 32’ storage racks", "ZIP_Code": "38118", "State": "TN", "Latitude": 34.99913521869916, "Longitude": -89.95380722978919, "ObjectId": 8572, "GlobalID": "0ac4eb4a-615f-48fc-b3f0-b0ab86b32287"}}, {"type": "Feature", "id": 8577, "geometry": {"type": "Point", "coordinates": [-89.9709691300795, 35.2267044895759]}, "properties": {"Record_ID": "RES-ALT-21-000249", "Issued_Date": 1615528800000, "Sub_Type": "Residential", "Construction_Type": "Alteration", "Valuation": 15000, "Address": "3751 CROSSWOOD CV", "City": "MEMPHIS", "Description": "Repairs being made to house due to water damage.", "ZIP_Code": null, "State": "TN", "Latitude": 35.226704489575894, "Longitude": -89.97096913007954, "ObjectId": 8577, "GlobalID": "52478a8f-ced6-43ba-8921-ea3852aff8f8"}}, {"type": "Feature", "id": 8610, "geometry": {"type": "Point", "coordinates": [-89.7875986899319, 35.0877535088116]}, "properties": {"Record_ID": "RES-ADD-21-000197", "Issued_Date": 1620018000000, "Sub_Type": "Residential", "Construction_Type": "Addition", "Valuation": 35000, "Address": "8281 BRYN MANOR LN", "City": "GERMANTOWN", "Description": "BUILD ROOM UNDER ROOF IN ATTIC AND ADD DORMER", "ZIP_Code": null, "State": "TN", "Latitude": 35.08775350881158, "Longitude": -89.78759868993185, "ObjectId": 8610, "GlobalID": "109aa9c0-5a78-41df-ab11-568a0a1d0cc8"}}, {"type": "Feature", "id": 8643, "geometry": {"type": "Point", "coordinates": [-89.6421362171653, 35.2870854630875]}, "properties": {"Record_ID": "RES-ALT-21-001434", "Issued_Date": 1632805200000, "Sub_Type": "RES", "Construction_Type": "ALT", "Valuation": 2500, "Address": "12491 BULRUSH DR", "City": "MEMPHIS", "Description": "Screen in porch (existing) west side to be screened", "ZIP_Code": "38002", "State": "TN", "Latitude": 35.28708546308749, "Longitude": -89.64213621716526, "ObjectId": 8643, "GlobalID": "0798d2ba-8ad2-446d-87a0-b6855b0d1a17"}}, {"type": "Feature", "id": 8644, "geometry": {"type": "Point", "coordinates": [-89.7245266734389, 35.1584375117374]}, "properties": {"Record_ID": "RES-NEW-22-000171", "Issued_Date": 1651726800000, "Sub_Type": "RES", "Construction_Type": "NEW", "Valuation": 276942, "Address": "1214 PENNOCK DR", "City": "CORDOVA", "Description": "Building a single family residence w/ a 2 car garage.", "ZIP_Code": "38018", "State": "TN", "Latitude": 35.15843751173742, "Longitude": -89.72452667343886, "ObjectId": 8644, "GlobalID": "889a7d56-4f41-4047-a9a1-e7f0e5a02d14"}}, {"type": "Feature", "id": 8649, "geometry": {"type": "Point", "coordinates": [-89.8964581628912, 35.0405845229162]}, "properties": {"Record_ID": "COM-ALT-21-000793", "Issued_Date": 1631509200000, "Sub_Type": "COM", "Construction_Type": "ALT", "Valuation": 85000, "Address": "4900 OUTLAND CENTER DR", "City": "MEMPHIS", "Description": "Office renovation", "ZIP_Code": "38118", "State": "TN", "Latitude": 35.04058452291619, "Longitude": -89.89645816289116, "ObjectId": 8649, "GlobalID": "fa8118e5-b2fa-4229-8ff3-7a2d66e6e5bf"}}, {"type": "Feature", "id": 8658, "geometry": {"type": "Point", "coordinates": [-90.0473298808015, 35.0863031214647]}, "properties": {"Record_ID": "COM-NEW-21-000180", "Issued_Date": 1652936400000, "Sub_Type": "COM", "Construction_Type": "NEW", "Valuation": 3153940, "Address": "481 E MALLORY", "City": "MEMPHIS", "Description": "construct 4 self storage unit buildings totaling 34,400 sq/ft and concrete slaps with an additional 6 concrete slabs for future expansion.", "ZIP_Code": "38109", "State": "TN", "Latitude": 35.086303121464695, "Longitude": -90.0473298808015, "ObjectId": 8658, "GlobalID": "b83b3f30-bc4e-4baf-bbb1-7b0b8ac531c7"}}, {"type": "Feature", "id": 8667, "geometry": {"type": "Point", "coordinates": [-89.8949866603895, 35.0851795140552]}, "properties": {"Record_ID": "COM-ALT-21-000668", "Issued_Date": 1632805200000, "Sub_Type": "COM", "Construction_Type": "ALT", "Valuation": 317822, "Address": "1730 S WHITE STATION RD", "City": "MEMPHIS", "Description": "Renovate existing space to Convenience Store use", "ZIP_Code": "38117", "State": "TN", "Latitude": 35.08517951405517, "Longitude": -89.89498666038953, "ObjectId": 8667, "GlobalID": "e4f1fc7d-6448-4d37-862a-0245f6a40c93"}}, {"type": "Feature", "id": 8679, "geometry": {"type": "Point", "coordinates": [-89.8113226833526, 35.087951509818]}, "properties": {"Record_ID": "COM-ADD-22-000002", "Issued_Date": 1652763600000, "Sub_Type": "COM", "Construction_Type": "ADD", "Valuation": 650000, "Address": "7545 NORTH ST", "City": "GERMANTOWN", "Description": "Renovate and add to existing building", "ZIP_Code": "38138", "State": "TN", "Latitude": 35.08795150981801, "Longitude": -89.8113226833526, "ObjectId": 8679, "GlobalID": "020985d2-31eb-42f3-bbc9-f320002e5609"}}, {"type": "Feature", "id": 8681, "geometry": {"type": "Point", "coordinates": [-89.87529016804, 35.0513935198508]}, "properties": {"Record_ID": "RES-ALT-22-000596", "Issued_Date": 1652331600000, "Sub_Type": "RES", "Construction_Type": "ALT", "Valuation": 12095, "Address": "3514 CLARKE RD", "City": "MEMPHIS", "Description": "Pocket Replacement Windows - Replace 12 Windows", "ZIP_Code": "38115", "State": "TN", "Latitude": 35.05139351985078, "Longitude": -89.87529016804001, "ObjectId": 8681, "GlobalID": "8828c12c-c541-4796-9184-5cb79209ab35"}}, {"type": "Feature", "id": 8714, "geometry": {"type": "Point", "coordinates": [-89.7897541870048, 35.1234385018659]}, "properties": {"Record_ID": "RES-ACC-21-000829", "Issued_Date": 1631250000000, "Sub_Type": "RES", "Construction_Type": "ACC", "Valuation": 5240, "Address": "246 GLEN GYLE CV", "City": "CORDOVA", "Description": "Fence (144 liner feet)", "ZIP_Code": "38018", "State": "TN", "Latitude": 35.123438501865955, "Longitude": -89.78975418700485, "ObjectId": 8714, "GlobalID": "af6c6192-ceec-4718-9e43-cb03b200c3cc"}}, {"type": "Feature", "id": 8719, "geometry": {"type": "Point", "coordinates": [0, 0]}, "properties": {"Record_ID": "RES-NEW-21-000497", "Issued_Date": 1631768400000, "Sub_Type": "RES", "Construction_Type": "NEW", "Valuation": 213500, "Address": "410 TURLEY 3812", "City": "", "Description": "PLANS SUBMITTED FOR REVIEW TO RECEIVE PERMITS", "ZIP_Code": null, "State": "TN", "Latitude": 0, "Longitude": 0, "ObjectId": 8719, "GlobalID": "3754e4f4-d924-4255-8efc-c126b585355b"}}, {"type": "Feature", "id": 8728, "geometry": {"type": "Point", "coordinates": [-90.0636961106109, 35.1334285120242]}, "properties": {"Record_ID": "RES-ALT-21-000120", "Issued_Date": 1613973600000, "Sub_Type": "Residential", "Construction_Type": "Alteration", "Valuation": 683139, "Address": "483 MONTEIGNE BLVD", "City": "MEMPHIS", "Description": "Renovation of existing home. Renovation to include bathroom and bedroom on first floor, new floating stair serving all 3 floors, Dining room, kitchen, utility and bath renovation on 2nd floor plus addition of balcony. 3rd floor renovation of master bedroom, bath and addition of sitting room.", "ZIP_Code": null, "State": "TN", "Latitude": 35.13342851202418, "Longitude": -90.06369611061092, "ObjectId": 8728, "GlobalID": "6caf4dd7-c5e7-493d-a33c-b6b8ba911e4d"}}, {"type": "Feature", "id": 8735, "geometry": {"type": "Point", "coordinates": [-89.820390176863, 35.1488094982179]}, "properties": {"Record_ID": "RES-ALT-21-000353", "Issued_Date": 1618549200000, "Sub_Type": "Residential", "Construction_Type": "Alteration", "Valuation": 28000, "Address": "865 WINTERFIELDS DR", "City": "CORDOVA", "Description": "Expandable completed over garage", "ZIP_Code": null, "State": "TN", "Latitude": 35.148809498217915, "Longitude": -89.82039017686304, "ObjectId": 8735, "GlobalID": "2bfe948e-292e-4e8e-aa2c-d67e91d837d9"}}, {"type": "Feature", "id": 8740, "geometry": {"type": "Point", "coordinates": [-90.0736141130533, 35.0544355280037]}, "properties": {"Record_ID": "RES-ALT-21-000283", "Issued_Date": 1615528800000, "Sub_Type": "Residential", "Construction_Type": "Alteration", "Valuation": 2955, "Address": "285 ELDER RD", "City": "MEMPHIS", "Description": "INSTALL REPALCEMENT WINDOWS. SAME SIZE AND TYPE", "ZIP_Code": null, "State": "TN", "Latitude": 35.05443552800365, "Longitude": -90.07361411305334, "ObjectId": 8740, "GlobalID": "a32bbf29-c6f4-4867-88d9-6333732e1f29"}}, {"type": "Feature", "id": 8747, "geometry": {"type": "Point", "coordinates": [-89.7400516950055, 35.2113594823397]}, "properties": {"Record_ID": "RES-ALT-21-001293", "Issued_Date": 1631854800000, "Sub_Type": "RES", "Construction_Type": "ALT", "Valuation": 6770, "Address": "9652 MEADOW GREEN CV", "City": "LAKELAND", "Description": "Install replacement windows; same size and type.", "ZIP_Code": "38002", "State": "TN", "Latitude": 35.21135948233973, "Longitude": -89.74005169500546, "ObjectId": 8747, "GlobalID": "557f3bf5-c35d-4af6-a2d7-9f325eb64b4d"}}, {"type": "Feature", "id": 8752, "geometry": {"type": "Point", "coordinates": [-89.9048866546886, 35.1304585055706]}, "properties": {"Record_ID": "COM-ALT-22-000337", "Issued_Date": 1652418000000, "Sub_Type": "COM", "Construction_Type": "ALT", "Valuation": 110000, "Address": "4718 WALNUT GROVE RD", "City": "MEMPHIS", "Description": "Modification of existing cell tower equipment for existing wireless carrier, Verizon Wireless (applicant). Remove/replace/add antennas and other minor tower equipment. Complete antenna mount modifications.", "ZIP_Code": "38117", "State": "TN", "Latitude": 35.13045850557065, "Longitude": -89.90488665468861, "ObjectId": 8752, "GlobalID": "c28373fa-e34f-4bae-813f-ff2d8acc2860"}}, {"type": "Feature", "id": 8759, "geometry": {"type": "Point", "coordinates": [-90.0100111244033, 35.1491605065488]}, "properties": {"Record_ID": "RES-ACC-21-000741", "Issued_Date": 1632200400000, "Sub_Type": "RES", "Construction_Type": "ACC", "Valuation": 84471.04, "Address": "444 STONEWALL ST", "City": "MEMPHIS", "Description": "Install inground gunite swimming pool 6'3\" x 31'", "ZIP_Code": "38112", "State": "TN", "Latitude": 35.14916050654876, "Longitude": -90.01001112440333, "ObjectId": 8759, "GlobalID": "13f71a9a-a86b-40fe-bfc6-1579248485f4"}}, {"type": "Feature", "id": 8775, "geometry": {"type": "Point", "coordinates": [-90.0249601190114, 35.1683305034444]}, "properties": {"Record_ID": "RES-ALT-22-000643", "Issued_Date": 1653973200000, "Sub_Type": "RES", "Construction_Type": "ALT", "Valuation": 125000, "Address": "964 CHELSEA AVE", "City": "MEMPHIS", "Description": "Exterior Rotten wood replacement, new roofing application, new windows, interior/exterior doors, kitchen, bathroom remodel, sheet rock application/finish, interior, exterior paint.", "ZIP_Code": "38107", "State": "TN", "Latitude": 35.1683305034444, "Longitude": -90.02496011901137, "ObjectId": 8775, "GlobalID": "aa889a30-df6f-4cef-ad12-8f8ba6f212a8"}}, {"type": "Feature", "id": 8780, "geometry": {"type": "Point", "coordinates": [-89.969776642645, 35.0403415261954]}, "properties": {"Record_ID": "COM-ALT-22-000434", "Issued_Date": 1652763600000, "Sub_Type": "COM", "Construction_Type": "ALT", "Valuation": 110000, "Address": "2817 HANGAR RD", "City": "MEMPHIS", "Description": "The proposed scope of work for this project includes: Add or replace antennas, ancillary equipment and ground equipment as per plans for an existing carrier on an existing wireless communication facility. Mid South Communications will be the general contractor for this project Cost of Construction will be $110,000", "ZIP_Code": "38118", "State": "TN", "Latitude": 35.04034152619538, "Longitude": -89.96977664264503, "ObjectId": 8780, "GlobalID": "14261aa4-ebb3-4535-815a-d3f0c0851a1c"}}, {"type": "Feature", "id": 8786, "geometry": {"type": "Point", "coordinates": [-90.0751936155603, 35.0093545369534]}, "properties": {"Record_ID": "RES-ALT-22-000559", "Issued_Date": 1651726800000, "Sub_Type": "RES", "Construction_Type": "ALT", "Valuation": 8265.39, "Address": "320 WASHBURN DR", "City": "MEMPHIS", "Description": "Installing Vinyl Replacement Windows", "ZIP_Code": "38109", "State": "TN", "Latitude": 35.00935453695335, "Longitude": -90.07519361556031, "ObjectId": 8786, "GlobalID": "58a48fae-70dd-4c1c-ac6b-e90c2ae3f44e"}}, {"type": "Feature", "id": 8792, "geometry": {"type": "Point", "coordinates": [-89.8155346837065, 35.0646415146043]}, "properties": {"Record_ID": "RES-ALT-22-000630", "Issued_Date": 1652763600000, "Sub_Type": "RES", "Construction_Type": "ALT", "Valuation": 12000, "Address": "7448 MEADOW RISE CV", "City": "MEMPHIS", "Description": "Remove ceiling tiles, install car lights, add fridge circuit, install insulation/ drywall - update existing sink", "ZIP_Code": "38119", "State": "TN", "Latitude": 35.0646415146043, "Longitude": -89.81553468370655, "ObjectId": 8792, "GlobalID": "4a29216a-a342-4965-ba1a-b00f0a5689bd"}}, {"type": "Feature", "id": 8807, "geometry": {"type": "Point", "coordinates": [-89.9090581573341, 35.0723905171977]}, "properties": {"Record_ID": "COM-ALT-21-000805", "Issued_Date": 1632805200000, "Sub_Type": "COM", "Construction_Type": "ALT", "Valuation": 1585, "Address": "4656 AMERICAN WAY", "City": "MEMPHIS", "Description": "INSTALLED 2 12FT TALL PARTITION WALLS", "ZIP_Code": "38118", "State": "TN", "Latitude": 35.072390517197675, "Longitude": -89.90905815733414, "ObjectId": 8807, "GlobalID": "4ef5d5e2-ffd2-478e-b5d9-b0825b8ade88"}}, {"type": "Feature", "id": 8831, "geometry": {"type": "Point", "coordinates": [-89.6688932204987, 35.1232314965779]}, "properties": {"Record_ID": "RES-ACC-21-000571", "Issued_Date": 1624338000000, "Sub_Type": "Residential", "Construction_Type": "Accessory", "Valuation": 58000, "Address": "12062 MONTEREY RD", "City": "EADS", "Description": "POOL HOUSE", "ZIP_Code": null, "State": "TN", "Latitude": 35.123231496577866, "Longitude": -89.66889322049875, "ObjectId": 8831, "GlobalID": "999fc364-922d-4681-85bc-c73843a4f873"}}, {"type": "Feature", "id": 8840, "geometry": {"type": "Point", "coordinates": [-90.0045796286074, 35.1079945144061]}, "properties": {"Record_ID": "RES-ALT-22-000591", "Issued_Date": 1651813200000, "Sub_Type": "RES", "Construction_Type": "ALT", "Valuation": 68590, "Address": "1392 KYLE ST", "City": "MEMPHIS", "Description": "This is a fire damage home. There will be some miner roof repairs and interior wall replacement. (non load bearing) New HVAC system will be installed, some plumbing replaced and electrial repairs.", "ZIP_Code": "38106", "State": "TN", "Latitude": 35.10799451440606, "Longitude": -90.00457962860743, "ObjectId": 8840, "GlobalID": "13a60f9d-fede-4217-a03b-4dc93d5b818f"}}, {"type": "Feature", "id": 8875, "geometry": {"type": "Point", "coordinates": [0, 0]}, "properties": {"Record_ID": "RES-NEW-21-000347", "Issued_Date": 1622610000000, "Sub_Type": "Residential", "Construction_Type": "New", "Valuation": 464726, "Address": "10625 CURTMAN DR", "City": "MEMPHIS", "Description": "Building a single family residence w/ a 4 car garage.", "ZIP_Code": null, "State": "TN", "Latitude": 0, "Longitude": 0, "ObjectId": 8875, "GlobalID": "00925c43-226f-40a8-b72a-72f4c3e8bf53"}}, {"type": "Feature", "id": 8889, "geometry": {"type": "Point", "coordinates": [-89.9200876436212, 35.2347144857381]}, "properties": {"Record_ID": "RES-ALT-21-001320", "Issued_Date": 1632718800000, "Sub_Type": "RES", "Construction_Type": "ALT", "Valuation": 43072, "Address": "4042 HANNA DR", "City": "MEMPHIS", "Description": "Repair Damage from Fire", "ZIP_Code": "38128", "State": "TN", "Latitude": 35.23471448573807, "Longitude": -89.92008764362123, "ObjectId": 8889, "GlobalID": "461cbb0d-6e3c-4e81-9fb1-051d0dfd098c"}}, {"type": "Feature", "id": 8892, "geometry": {"type": "Point", "coordinates": [-89.9637601384083, 35.1305215081647]}, "properties": {"Record_ID": "RES-ALT-21-000696", "Issued_Date": 1625029200000, "Sub_Type": "Residential", "Construction_Type": "Alteration", "Valuation": 50000, "Address": "2921 IROQUOIS RD", "City": "MEMPHIS", "Description": "Removing kitchen cabinets and replacing. New appliances. Minor changes to plumbing to accommodate. Powder bath - add vanity.", "ZIP_Code": null, "State": "TN", "Latitude": 35.13052150816475, "Longitude": -89.96376013840835, "ObjectId": 8892, "GlobalID": "89e6f328-1812-491c-81ee-eb48be9a3813"}}, {"type": "Feature", "id": 8922, "geometry": {"type": "Point", "coordinates": [-89.7345931997492, 35.1621294918]}, "properties": {"Record_ID": "COM-NEW-22-000054", "Issued_Date": 1653368400000, "Sub_Type": "COM", "Construction_Type": "NEW", "Valuation": 7173398.69, "Address": "9800 MACON RD", "City": "CORDOVA", "Description": "Project Scope consists of the construction of a new stand-alone two-story ten (10) classroom building with a gross building area of 18,120 SF on the existing school site", "ZIP_Code": "38016", "State": "TN", "Latitude": 35.162129491799995, "Longitude": -89.73459319974921, "ObjectId": 8922, "GlobalID": "aec1889c-748a-47aa-9276-63ca4a6b9dbf"}}, {"type": "Feature", "id": 8927, "geometry": {"type": "Point", "coordinates": [-89.6862542054528, 35.2791294666119]}, "properties": {"Record_ID": "RES-NEW-22-000367", "Issued_Date": 1653282000000, "Sub_Type": "RES", "Construction_Type": "NEW", "Valuation": 431901, "Address": "5609 PLEASANT PARK PL", "City": "ARLINGTON", "Description": "New Single Family Residence w 2 car garage", "ZIP_Code": "38002", "State": "TN", "Latitude": 35.279129466611856, "Longitude": -89.68625420545276, "ObjectId": 8927, "GlobalID": "ee6f15e4-56bd-47c4-bb5d-e51e47153311"}}, {"type": "Feature", "id": 8939, "geometry": {"type": "Point", "coordinates": [-89.9109796394148, 35.3361084654327]}, "properties": {"Record_ID": "RES-ALT-21-000927", "Issued_Date": 1630645200000, "Sub_Type": "RES", "Construction_Type": "ALT", "Valuation": 2063, "Address": "7733 TECUMSEH ST", "City": "MILLINGTON", "Description": "Install replacement windows. Same size and type.", "ZIP_Code": "38053", "State": "TN", "Latitude": 35.336108465432744, "Longitude": -89.91097963941485, "ObjectId": 8939, "GlobalID": "9080c18c-2693-4013-b7f7-3e44fb24628a"}}, {"type": "Feature", "id": 8990, "geometry": {"type": "Point", "coordinates": [-89.8308301819886, 35.025995522909]}, "properties": {"Record_ID": "RES-ALT-22-000651", "Issued_Date": 1652418000000, "Sub_Type": "RES", "Construction_Type": "ALT", "Valuation": 1922, "Address": "4461 GREEN CREEK", "City": "MEMPHIS", "Description": "INSTALL REPLACEMENT WINDOWS. SAME SIZE AND TYPE.", "ZIP_Code": "38125", "State": "TN", "Latitude": 35.02599552290905, "Longitude": -89.83083018198866, "ObjectId": 8990, "GlobalID": "f9e35b1b-0f89-4cad-9312-2dff1d868aa2"}}, {"type": "Feature", "id": 9020, "geometry": {"type": "Point", "coordinates": [-90.0002821270984, 35.1490525061383]}, "properties": {"Record_ID": "RES-ADD-22-000178", "Issued_Date": 1652072400000, "Sub_Type": "RES", "Construction_Type": "ADD", "Valuation": 25000, "Address": "1717 AUTUMN AVE", "City": "MEMPHIS", "Description": "Exterior alterations for a rear porch and site improvements for a wooden, rear yard fence.", "ZIP_Code": "38112", "State": "TN", "Latitude": 35.14905250613835, "Longitude": -90.00028212709842, "ObjectId": 9020, "GlobalID": "dfe308fa-3ea7-48f9-94e8-fc7347033c42"}}, {"type": "Feature", "id": 9045, "geometry": {"type": "Point", "coordinates": [-89.8649761737479, 35.0074735280687]}, "properties": {"Record_ID": "COM-NEW-20-000125", "Issued_Date": 1610604000000, "Sub_Type": "Commercial", "Construction_Type": "New", "Valuation": 3750000, "Address": "5100 HICKORY HILL RD", "City": "MEMPHIS", "Description": "64004 square foot precast addition to an existing warehouse", "ZIP_Code": null, "State": "TN", "Latitude": 35.007473528068736, "Longitude": -89.86497617374795, "ObjectId": 9045, "GlobalID": "9655c4b7-c0b6-402c-a09e-c856945e8c88"}}, {"type": "Feature", "id": 9060, "geometry": {"type": "Point", "coordinates": [-89.6492012150607, 35.2892724629706]}, "properties": {"Record_ID": "RES-ADD-21-000113", "Issued_Date": 1616043600000, "Sub_Type": "Residential", "Construction_Type": "Addition", "Valuation": 105962.53, "Address": "12377 LONGHORN DR", "City": "ARLINGTON", "Description": "19 x24 COVERED PORCH WITH MASONRY FIREPLACE", "ZIP_Code": null, "State": "TN", "Latitude": 35.2892724629706, "Longitude": -89.64920121506074, "ObjectId": 9060, "GlobalID": "32914f8d-37b5-40e5-a6bc-4a7071a455ee"}}, {"type": "Feature", "id": 9082, "geometry": {"type": "Point", "coordinates": [-89.9985641928516, 35.1550769537419]}, "properties": {"Record_ID": "RES-ACC-20-000169", "Issued_Date": 1609912800000, "Sub_Type": "Residential", "Construction_Type": "ACC", "Valuation": 3046, "Address": "1803 TUTWILER AVE", "City": "MEMPHIS", "Description": "SMALL SHED 112 SQ FT", "ZIP_Code": null, "State": "TN", "Latitude": 35.1550769537419, "Longitude": -89.99856419285159, "ObjectId": 9082, "GlobalID": "57f46841-04a4-4058-aabd-7ced2ebc48f4"}}, {"type": "Feature", "id": 9105, "geometry": {"type": "Point", "coordinates": [-89.8800691551874, 35.2272354854283]}, "properties": {"Record_ID": "RES-NEW-22-000118", "Issued_Date": 1652936400000, "Sub_Type": "RES", "Construction_Type": "NEW", "Valuation": 299219, "Address": "3830 OLD BROWNSVILLE RD", "City": "MEMPHIS", "Description": "New construction house of 4 bedrooms and 3.5 baths approx. 2900 square feet.", "ZIP_Code": "38135", "State": "TN", "Latitude": 35.227235485428324, "Longitude": -89.88006915518736, "ObjectId": 9105, "GlobalID": "045559d9-32b0-4388-8c64-60bc985e0c4e"}}, {"type": "Feature", "id": 9120, "geometry": {"type": "Point", "coordinates": [-89.6428067284092, 35.1128184974865]}, "properties": {"Record_ID": "RES-NEW-20-000064", "Issued_Date": 1611554400000, "Sub_Type": "Residential", "Construction_Type": "New", "Valuation": 750000, "Address": "12654 BRAVO RD", "City": "COLLIERVILLE", "Description": "Single Family home with 3 car attached garagePD99-306CO", "ZIP_Code": null, "State": "TN", "Latitude": 35.11281849748653, "Longitude": -89.64280672840917, "ObjectId": 9120, "GlobalID": "2e1c8ff1-a958-4cb2-a2ad-abaf725ede78"}}, {"type": "Feature", "id": 9169, "geometry": {"type": "Point", "coordinates": [-89.958661645795, 35.0391265259449]}, "properties": {"Record_ID": "RES-ALT-22-000687", "Issued_Date": 1653886800000, "Sub_Type": "RES", "Construction_Type": "ALT", "Valuation": 6726, "Address": "3987 BISHOPS BRIDGE RD", "City": "MEMPHIS", "Description": "INSTALL REPLACEMENT WINDOWS. SAME SIZE AND TYPE.", "ZIP_Code": "38118", "State": "TN", "Latitude": 35.03912652594485, "Longitude": -89.95866164579496, "ObjectId": 9169, "GlobalID": "75594c34-aff7-48b0-a532-a6bb5b244b63"}}, {"type": "Feature", "id": 9179, "geometry": {"type": "Point", "coordinates": [-89.9498146429907, 35.1194245097317]}, "properties": {"Record_ID": "RES-ACC-21-000417", "Issued_Date": 1620622800000, "Sub_Type": "Residential", "Construction_Type": "Accessory", "Valuation": 30000, "Address": "434 S REESE ST", "City": "MEMPHIS", "Description": "DETACHED STUDIO - ART", "ZIP_Code": null, "State": "TN", "Latitude": 35.11942450973167, "Longitude": -89.94981464299072, "ObjectId": 9179, "GlobalID": "21f95294-730f-4e91-ba05-759bb9dc9769"}}, {"type": "Feature", "id": 9181, "geometry": {"type": "Point", "coordinates": [-90.011320618088, 35.2393584888893]}, "properties": {"Record_ID": "RES-ACC-20-000236", "Issued_Date": 1615269600000, "Sub_Type": "Residential", "Construction_Type": "Accessory", "Valuation": 15000, "Address": "6181 MILLINGTON RD", "City": "MEMPHIS", "Description": "PLACING A MOBILE HOME ON MY PROPERTY AS AN ACCESSORY DWELLING UNIT FOR MY VETERAN SONS.", "ZIP_Code": null, "State": "TN", "Latitude": 35.23935848888933, "Longitude": -90.01132061808802, "ObjectId": 9181, "GlobalID": "0db4c39d-77f2-4df1-a2a1-5f42eda52fc2"}}, {"type": "Feature", "id": 9187, "geometry": {"type": "Point", "coordinates": [-89.990710630923, 35.1310975092456]}, "properties": {"Record_ID": "COM-ALT-22-000411", "Issued_Date": 1653282000000, "Sub_Type": "COM", "Construction_Type": "ALT", "Valuation": 315000, "Address": "248 S COOPER ST", "City": "MEMPHIS", "Description": "Remodel of 1500 square foot commercial space.  Replace HVAC and lighting, relocate plumbing fixture, demo, painting, and drywall.", "ZIP_Code": "38104", "State": "TN", "Latitude": 35.13109750924559, "Longitude": -89.99071063092302, "ObjectId": 9187, "GlobalID": "fa557af6-1cee-4fb6-a12b-a4451d1db57e"}}, {"type": "Feature", "id": 9193, "geometry": {"type": "Point", "coordinates": [0, 0]}, "properties": {"Record_ID": "RES-NEW-21-000273", "Issued_Date": 1619672400000, "Sub_Type": "Residential", "Construction_Type": "New", "Valuation": 547420, "Address": "4759 KING EVERETT CV", "City": "ARLINGTON", "Description": "TO ERECT SINGLE FAMILY DWELLING W/ 4 CAR GARAGE", "ZIP_Code": null, "State": "TN", "Latitude": 0, "Longitude": 0, "ObjectId": 9193, "GlobalID": "d389a218-3d9e-46e5-bc91-675fd88b78b2"}}, {"type": "Feature", "id": 9229, "geometry": {"type": "Point", "coordinates": [-89.8977316561545, 35.1382795037138]}, "properties": {"Record_ID": "RES-ALT-21-000253", "Issued_Date": 1616734800000, "Sub_Type": "Residential", "Construction_Type": "Alteration", "Valuation": 38000, "Address": "278 N Mendenhall RD N", "City": "MEMPHIS", "Description": "Termite Repair to Screen in Porch ( Floor to Roof )", "ZIP_Code": null, "State": "TN", "Latitude": 35.13827950371384, "Longitude": -89.89773165615446, "ObjectId": 9229, "GlobalID": "643dabc4-f7c2-450b-8ba0-3750fd8a71c6"}}, {"type": "Feature", "id": 9237, "geometry": {"type": "Point", "coordinates": [-89.7386341998124, 35.1440664955407]}, "properties": {"Record_ID": "RES-NEW-22-000244", "Issued_Date": 1652331600000, "Sub_Type": "RES", "Construction_Type": "NEW", "Valuation": 396829, "Address": "9738 WOODLAND FOX LN N", "City": "CORDOVA", "Description": "Building a single family residence w/ a 2 car garage.", "ZIP_Code": "38018", "State": "TN", "Latitude": 35.144066495540756, "Longitude": -89.73863419981235, "ObjectId": 9237, "GlobalID": "01a0530a-fc25-4ead-a274-95ed7bfb7d82"}}, {"type": "Feature", "id": 9277, "geometry": {"type": "Point", "coordinates": [-90.0760306120303, 35.0598805270386]}, "properties": {"Record_ID": "RES-ALT-21-001379", "Issued_Date": 1632459600000, "Sub_Type": "RES", "Construction_Type": "ALT", "Valuation": 10000, "Address": "359 KING RD", "City": "MEMPHIS", "Description": "Pocket Replacement Windows - Replace 10 Windows.", "ZIP_Code": "38109", "State": "TN", "Latitude": 35.059880527038565, "Longitude": -90.0760306120303, "ObjectId": 9277, "GlobalID": "445f5483-5004-47f9-8b5e-ea01818c8e53"}}, {"type": "Feature", "id": 9278, "geometry": {"type": "Point", "coordinates": [-89.6840807060573, 35.2791024665206]}, "properties": {"Record_ID": "RES-NEW-22-000357", "Issued_Date": 1653973200000, "Sub_Type": "RES", "Construction_Type": "NEW", "Valuation": 502103, "Address": "5656 ARDSLEY DR E", "City": "ARLINGTON", "Description": "Single Family Residence w 2 car garage", "ZIP_Code": "38002", "State": "TN", "Latitude": 35.27910246652064, "Longitude": -89.68408070605729, "ObjectId": 9278, "GlobalID": "3f5abcc1-580b-4d70-9c18-24b61fac1092"}}, {"type": "Feature", "id": 9294, "geometry": {"type": "Point", "coordinates": [-89.9375071523453, 35.0282995271482]}, "properties": {"Record_ID": "COM-ALT-21-000134", "Issued_Date": 1614924000000, "Sub_Type": "Commercial", "Construction_Type": "Alteration", "Valuation": 265954, "Address": "4357 GETWELL RD", "City": "MEMPHIS", "Description": "T-Mobile proposes to replace ground equipment cabinets and antennas", "ZIP_Code": null, "State": "TN", "Latitude": 35.028299527148235, "Longitude": -89.93750715234533, "ObjectId": 9294, "GlobalID": "88b75a34-5411-4e47-b5cd-cce341d029a2"}}, {"type": "Feature", "id": 9332, "geometry": {"type": "Point", "coordinates": [-90.0149836238753, 35.1362995092984]}, "properties": {"Record_ID": "COM-ALT-21-000984", "Issued_Date": 1632891600000, "Sub_Type": "COM", "Construction_Type": "ALT", "Valuation": 217732, "Address": "1407 UNION AVE", "City": "MEMPHIS", "Description": "Remodel of Existing Tenant Office Area for New User", "ZIP_Code": "38104", "State": "TN", "Latitude": 35.13629950929844, "Longitude": -90.01498362387527, "ObjectId": 9332, "GlobalID": "f751913e-e0ae-4a76-aa6d-a0d764dc56bc"}}, {"type": "Feature", "id": 9351, "geometry": {"type": "Point", "coordinates": [-89.7967786797936, 35.2037274863561]}, "properties": {"Record_ID": "COM-ALT-22-000392", "Issued_Date": 1652158800000, "Sub_Type": "COM", "Construction_Type": "ALT", "Valuation": 20000, "Address": "7989 US HIGHWAY 64", "City": "MEMPHIS", "Description": "Permit requested for high storage shelving to be installed in the Target store located at 7989 US Highway 64.", "ZIP_Code": "38133", "State": "TN", "Latitude": 35.20372748635612, "Longitude": -89.79677867979358, "ObjectId": 9351, "GlobalID": "71b8389a-93af-44a0-a1c3-8040e1237af3"}}, {"type": "Feature", "id": 9352, "geometry": {"type": "Point", "coordinates": [-89.9531581411237, 35.1337975070504]}, "properties": {"Record_ID": "RES-ALT-22-000554", "Issued_Date": 1651726800000, "Sub_Type": "RES", "Construction_Type": "ALT", "Valuation": 10000, "Address": "93 N HOLMES ST", "City": "MEMPHIS", "Description": "Replacing windows and doors", "ZIP_Code": "38111", "State": "TN", "Latitude": 35.133797507050396, "Longitude": -89.95315814112368, "ObjectId": 9352, "GlobalID": "37ef0c49-67a0-432c-a4df-b0926fb2ec1d"}}, {"type": "Feature", "id": 9376, "geometry": {"type": "Point", "coordinates": [-89.9809231357209, 35.0991745150953]}, "properties": {"Record_ID": "RES-ADD-21-000453", "Issued_Date": 1631077200000, "Sub_Type": "RES", "Construction_Type": "ADD", "Valuation": 35000, "Address": "2482 ARLINGTON AVE", "City": "MEMPHIS", "Description": "Adding and Bedroom and two bathroom to existing home.  Also increase the Den size in the existing property.", "ZIP_Code": "38114", "State": "TN", "Latitude": 35.099174515095314, "Longitude": -89.98092313572093, "ObjectId": 9376, "GlobalID": "c54c9152-3806-42ca-aab1-656d0cf3e3be"}}, {"type": "Feature", "id": 9377, "geometry": {"type": "Point", "coordinates": [-90.0007726211577, 35.2370274888766]}, "properties": {"Record_ID": "RES-NEW-21-000522", "Issued_Date": 1632459600000, "Sub_Type": "RES", "Construction_Type": "NEW", "Valuation": 153586, "Address": "1855 BALDWIN AVE", "City": "MEMPHIS", "Description": "RESIDENTIAL NEW CONSTRUCTION", "ZIP_Code": "38127", "State": "TN", "Latitude": 35.237027488876656, "Longitude": -90.00077262115774, "ObjectId": 9377, "GlobalID": "f70d5494-2806-44d8-9b75-d7262dc87c62"}}, {"type": "Feature", "id": 9389, "geometry": {"type": "Point", "coordinates": [-89.9616631395849, 35.1214225098628]}, "properties": {"Record_ID": "RES-ACC-21-000203", "Issued_Date": 1617771600000, "Sub_Type": "Residential", "Construction_Type": "Accessory", "Valuation": 100785, "Address": "3005 GOODWYN GREEN CIR", "City": "MEMPHIS", "Description": "Installation of 15'x40' rectangle shape gunite swimming pool with 15' wide steps for shallow end entry", "ZIP_Code": null, "State": "TN", "Latitude": 35.121422509862825, "Longitude": -89.9616631395849, "ObjectId": 9389, "GlobalID": "db1c77c0-2928-4cfc-9444-f4ffdec50a9f"}}, {"type": "Feature", "id": 9401, "geometry": {"type": "Point", "coordinates": [-89.8646116657418, 35.1317815035285]}, "properties": {"Record_ID": "COM-ALT-22-000383", "Issued_Date": 1652763600000, "Sub_Type": "COM", "Construction_Type": "ALT", "Valuation": 110000, "Address": "5900 WALNUT GROVE RD", "City": "MEMPHIS", "Description": "Modification of existing cell tower equipment for existing carrier, Verizon Wireless (applicant). Remove/replace/add antennas and other minor tower equipment to existing configuration. No increase in tower height or compound expansion.", "ZIP_Code": "38120", "State": "TN", "Latitude": 35.13178150352852, "Longitude": -89.86461166574183, "ObjectId": 9401, "GlobalID": "431a9e58-ed92-4cc6-9ac6-8769ba6d811c"}}, {"type": "Feature", "id": 9404, "geometry": {"type": "Point", "coordinates": [-89.7841381951792, 35.0218105216847]}, "properties": {"Record_ID": "RES-NEW-21-000180", "Issued_Date": 1620104400000, "Sub_Type": "Residential", "Construction_Type": "New", "Valuation": 176473.5, "Address": "4633 TAYLOR RUN CV", "City": "MEMPHIS", "Description": "Build Single Family Residence with double Garage", "ZIP_Code": null, "State": "TN", "Latitude": 35.02181052168468, "Longitude": -89.78413819517922, "ObjectId": 9404, "GlobalID": "a483333c-7023-4fed-80ec-c624956b172f"}}, {"type": "Feature", "id": 9427, "geometry": {"type": "Point", "coordinates": [-89.8847581688185, 34.9991575305808]}, "properties": {"Record_ID": "COM-ALT-21-000106", "Issued_Date": 1614060000000, "Sub_Type": "Commercial", "Construction_Type": "Alteration", "Valuation": 577400, "Address": "5295 LOGISTICS DR", "City": "MEMPHIS", "Description": "Fortna will provide a connector conveyor line between the existing Mod B and Mod A and a short throw-on conveyor line at the existing Mod B.", "ZIP_Code": null, "State": "TN", "Latitude": 34.99915753058078, "Longitude": -89.88475816881851, "ObjectId": 9427, "GlobalID": "b18262c9-c2f4-4eda-8d87-1038991661b8"}}, {"type": "Feature", "id": 9444, "geometry": {"type": "Point", "coordinates": [-89.9408596436949, 35.1464155040223]}, "properties": {"Record_ID": "RES-NEW-21-000678", "Issued_Date": 1632459600000, "Sub_Type": "RES", "Construction_Type": "NEW", "Valuation": 275000, "Address": "558 SEVIER ST", "City": "MEMPHIS", "Description": "Building a single family home w/ attached dbl garage", "ZIP_Code": "38122", "State": "TN", "Latitude": 35.146415504022265, "Longitude": -89.9408596436949, "ObjectId": 9444, "GlobalID": "6898fa71-f73e-4c40-965e-a316a21ee1d9"}}, {"type": "Feature", "id": 9465, "geometry": {"type": "Point", "coordinates": [-90.0032836337676, 35.0345545288142]}, "properties": {"Record_ID": "COM-ALT-21-000673", "Issued_Date": 1631250000000, "Sub_Type": "COM", "Construction_Type": "ALT", "Valuation": 127688.43, "Address": "4161 PINE HOLLOW DR", "City": "MEMPHIS", "Description": "4161 Pine Hollow Dr. - Apt 1 - 1st floor - Fire loss rebuild - 100 % kitchen rebuild (due to fire water residual) and 100 % Dining Room rebuild (due to fire water residual\n\n4161 Pine Hollow Dr. - Apt 2 - Origin of fire - Kitchen stove - 100 % rebuild back to framing members", "ZIP_Code": "38116", "State": "TN", "Latitude": 35.03455452881419, "Longitude": -90.00328363376758, "ObjectId": 9465, "GlobalID": "6cae716d-509c-444f-996f-53ce76a509f7"}}, {"type": "Feature", "id": 9468, "geometry": {"type": "Point", "coordinates": [-89.8620826729985, 35.0313235232311]}, "properties": {"Record_ID": "RES-ALT-22-000705", "Issued_Date": 1653627600000, "Sub_Type": "RES", "Construction_Type": "ALT", "Valuation": 8500, "Address": "6024 ROSEWIND CIR W", "City": "MEMPHIS", "Description": "Pocket Replacement Windows - Replace 10 Windows", "ZIP_Code": "38141", "State": "TN", "Latitude": 35.0313235232311, "Longitude": -89.86208267299854, "ObjectId": 9468, "GlobalID": "6673adb0-5fdf-47cf-a9b9-22e6415eded4"}}, {"type": "Feature", "id": 9491, "geometry": {"type": "Point", "coordinates": [-89.9483656455063, 35.0871235160294]}, "properties": {"Record_ID": "RES-ALT-21-001270", "Issued_Date": 1631768400000, "Sub_Type": "RES", "Construction_Type": "ALT", "Valuation": 12655, "Address": "3399 PARKER AVE", "City": "MEMPHIS", "Description": "Pocket Replacement Windows - Replace 11 Windows.", "ZIP_Code": "38111", "State": "TN", "Latitude": 35.087123516029415, "Longitude": -89.9483656455063, "ObjectId": 9491, "GlobalID": "6a4d603b-e9e3-4d41-b0fb-d31351aa77bc"}}, {"type": "Feature", "id": 9503, "geometry": {"type": "Point", "coordinates": [-90.0889996121658, 35.0029915388163]}, "properties": {"Record_ID": "RES-ALT-22-000573", "Issued_Date": 1651726800000, "Sub_Type": "RES", "Construction_Type": "ALT", "Valuation": 17255, "Address": "5376 SOLITAIRE WAY", "City": "MEMPHIS", "Description": "Pocket Replacement Windows - Replace 18 Windows", "ZIP_Code": "38109", "State": "TN", "Latitude": 35.002991538816346, "Longitude": -90.08899961216585, "ObjectId": 9503, "GlobalID": "cb71ebb3-7a9d-4b7d-819a-41942331d4f2"}}, {"type": "Feature", "id": 9540, "geometry": {"type": "Point", "coordinates": [-89.9531581411237, 35.1337975070504]}, "properties": {"Record_ID": "RES-ALT-22-000622", "Issued_Date": 1652245200000, "Sub_Type": "RES", "Construction_Type": "ALT", "Valuation": 10000, "Address": "67 N HOLMES ST", "City": "MEMPHIS", "Description": "Replacing windows and doors", "ZIP_Code": "38111", "State": "TN", "Latitude": 35.133797507050396, "Longitude": -89.95315814112368, "ObjectId": 9540, "GlobalID": "a0b876da-212d-4354-ab97-7c16ce9de228"}}, {"type": "Feature", "id": 9549, "geometry": {"type": "Point", "coordinates": [-89.9044141542645, 35.1389185038838]}, "properties": {"Record_ID": "RES-ALT-22-000604", "Issued_Date": 1652158800000, "Sub_Type": "RES", "Construction_Type": "ALT", "Valuation": 198000, "Address": "330 VESCOVO DR", "City": "MEMPHIS", "Description": "Repair to roof frame structure due to tree damage from storm", "ZIP_Code": "38117", "State": "TN", "Latitude": 35.13891850388381, "Longitude": -89.90441415426444, "ObjectId": 9549, "GlobalID": "4a114674-6f31-466b-b5fe-e3df0d255305"}}, {"type": "Feature", "id": 9552, "geometry": {"type": "Point", "coordinates": [-89.7948661866196, 35.1076795052]}, "properties": {"Record_ID": "RES-ADD-21-000095", "Issued_Date": 1616389200000, "Sub_Type": "Residential", "Construction_Type": "Addition", "Valuation": 50412, "Address": "1514 WOLF BEND RD", "City": "GERMANTOWN", "Description": "Screened in porch with one Solid Cedar Wall on South side. Open Gable Tongue and Groove Ceiling.Recessed Lights (6), Ceiling Fans (2), Stacked Stone Knee Wall (18\"),  Screened Doors, Tile Flooring", "ZIP_Code": null, "State": "TN", "Latitude": 35.10767950519998, "Longitude": -89.79486618661963, "ObjectId": 9552, "GlobalID": "283ffd8c-f022-498e-bfd1-e3166e8afa88"}}, {"type": "Feature", "id": 9587, "geometry": {"type": "Point", "coordinates": [-90.0535621113894, 35.1641095055448]}, "properties": {"Record_ID": "RES-ALT-21-001289", "Issued_Date": 1632373200000, "Sub_Type": "RES", "Construction_Type": "ALT", "Valuation": 75000, "Address": "845 HARBOR ISLE CIR W", "City": "MEMPHIS", "Description": "Bathroom remodel. No exterior work. New tile, new tub, vanities, shower, etc. Slight changes in location of plumbing.", "ZIP_Code": "38103", "State": "TN", "Latitude": 35.16410950554475, "Longitude": -90.05356211138934, "ObjectId": 9587, "GlobalID": "477602d6-7d36-4f4c-8af8-68d742bcbd38"}}, {"type": "Feature", "id": 9607, "geometry": {"type": "Point", "coordinates": [-89.9888341300379, 35.1524545049614]}, "properties": {"Record_ID": "COM-ALT-21-000861", "Issued_Date": 1632978000000, "Sub_Type": "COM", "Construction_Type": "ALT", "Valuation": 245192.09, "Address": "2000 N PARKWAY", "City": "MEMPHIS", "Description": "1073 sqft renovation for Rhodes College Mens Basketball Locker Room", "ZIP_Code": "38112", "State": "TN", "Latitude": 35.15245450496137, "Longitude": -89.98883413003794, "ObjectId": 9607, "GlobalID": "5a1d4a78-d4fe-44d4-b999-5e6dba8d8f6d"}}, {"type": "Feature", "id": 9610, "geometry": {"type": "Point", "coordinates": [-89.7675286903976, 35.1656124925691]}, "properties": {"Record_ID": "RES-ALT-22-000584", "Issued_Date": 1651813200000, "Sub_Type": "RES", "Construction_Type": "ALT", "Valuation": 40000, "Address": "8830 CEDAR MILLS CIR", "City": "CORDOVA", "Description": "Removing and replacing roof per insurance. The plank decking beneath shingles has large gaps exceeding code and manufacturer installation instructions. Insurance is requiring inspection to determine if deckover is required.", "ZIP_Code": "38016", "State": "TN", "Latitude": 35.16561249256908, "Longitude": -89.76752869039764, "ObjectId": 9610, "GlobalID": "d6d32b4d-cb2f-42f6-8cb7-222c2bf008a4"}}, {"type": "Feature", "id": 9645, "geometry": {"type": "Point", "coordinates": [-89.7620836819046, 35.317289462481]}, "properties": {"Record_ID": "RES-ACC-21-000375", "Issued_Date": 1622091600000, "Sub_Type": "Residential", "Construction_Type": "Accessory", "Valuation": 40000, "Address": "7131 BRUNSWICK RD", "City": "ARLINGTON", "Description": "Build a pole barnBarn roof will be ribbed metalbarn sides will be ribbed metalbarn will be used for horsesbarn will have two 12ft wide by 48 ft long lean to on each side for storage of farm equipmentbarn will have two sections that will be closed in that are 12 ft wide by 48 ft long that will be the tack room and stallsbarn will have an open hallway down the middle 12 ft widebarn should be approx. 15 ft tall at ridge and have approx. a 4/12 metal roof slope", "ZIP_Code": null, "State": "TN", "Latitude": 35.31728946248102, "Longitude": -89.7620836819046, "ObjectId": 9645, "GlobalID": "05edfbe2-8e9c-4132-b6a8-22168d5f75ad"}}, {"type": "Feature", "id": 9647, "geometry": {"type": "Point", "coordinates": [-89.9702491298804, 35.2327254883615]}, "properties": {"Record_ID": "RES-ADD-21-000495", "Issued_Date": 1632373200000, "Sub_Type": "RES", "Construction_Type": "ADD", "Valuation": 38000, "Address": "2740 CRACKLEROSE DR", "City": "MEMPHIS", "Description": "Two bedroom addition with 1 bathroom", "ZIP_Code": "38127", "State": "TN", "Latitude": 35.232725488361474, "Longitude": -89.97024912988041, "ObjectId": 9647, "GlobalID": "e7913a1d-f37c-4de1-8d10-b48a1f0e6cf3"}}, {"type": "Feature", "id": 9699, "geometry": {"type": "Point", "coordinates": [-89.788714682321, 35.1992544868794]}, "properties": {"Record_ID": "COM-ALT-21-000943", "Issued_Date": 1634792400000, "Sub_Type": "COM", "Construction_Type": "ALT", "Valuation": 75000, "Address": "2760 N GERMANTOWN PKWY", "City": "MEMPHIS", "Description": "Install prefab jewelry kiosk in the common area of the mall", "ZIP_Code": "38133", "State": "TN", "Latitude": 35.19925448687942, "Longitude": -89.788714682321, "ObjectId": 9699, "GlobalID": "430e950b-0f3e-401b-968d-aaea7e8c9293"}}, {"type": "Feature", "id": 9703, "geometry": {"type": "Point", "coordinates": [-89.8566331760835, 35.0070325277893]}, "properties": {"Record_ID": "COM-ALT-20-000367", "Issued_Date": 1613023200000, "Sub_Type": "Commercial", "Construction_Type": "Alteration", "Valuation": 60000, "Address": "5106 TRADEPORT DR", "City": "MEMPHIS", "Description": "construction of a new approx. 1,254 sf breakroom & approx 48 sf ADA accessible restroom inside existing production warehouse including: metal studs, drywall, cabinetry, HM doors and frames, HM window glazing, acoustic ceilings, Plumbing, HVAC and electrical", "ZIP_Code": null, "State": "TN", "Latitude": 35.00703252778929, "Longitude": -89.85663317608352, "ObjectId": 9703, "GlobalID": "0297debe-ee6d-4426-b7b4-72725651ff45"}}, {"type": "Feature", "id": 9717, "geometry": {"type": "Point", "coordinates": [-89.8279006785653, 35.0910115099452]}, "properties": {"Record_ID": "RES-ADD-21-000469", "Issued_Date": 1632891600000, "Sub_Type": "RES", "Construction_Type": "ADD", "Valuation": 25000, "Address": "2108 SUNSET RD", "City": "GERMANTOWN", "Description": "Erect single story attached screen porch addition 10' x 14'", "ZIP_Code": "38138", "State": "TN", "Latitude": 35.09101150994517, "Longitude": -89.82790067856534, "ObjectId": 9717, "GlobalID": "a48951ec-cb9f-4d38-8bc2-3a136d07f234"}}, {"type": "Feature", "id": 9732, "geometry": {"type": "Point", "coordinates": [-89.7386341998124, 35.1440664955407]}, "properties": {"Record_ID": "RES-NEW-21-000602", "Issued_Date": 1631768400000, "Sub_Type": "RES", "Construction_Type": "NEW", "Valuation": 315000, "Address": "9671 WOODLAND FOX LN N", "City": "CORDOVA", "Description": "Single family residence with a double garage", "ZIP_Code": "38018", "State": "TN", "Latitude": 35.144066495540756, "Longitude": -89.73863419981235, "ObjectId": 9732, "GlobalID": "d67ca422-f32d-417e-887c-a7aa877af6af"}}, {"type": "Feature", "id": 9755, "geometry": {"type": "Point", "coordinates": [-89.9123791528409, 35.1270385065757]}, "properties": {"Record_ID": "RES-ADD-21-000047", "Issued_Date": 1624510800000, "Sub_Type": "Residential", "Construction_Type": "Addition", "Valuation": 10000, "Address": "158 GROVE PARK CIR", "City": "MEMPHIS", "Description": "An open porch addition/renovation to the front, which will make the opening 11ft in width and 8ft in depth.", "ZIP_Code": null, "State": "TN", "Latitude": 35.12703850657574, "Longitude": -89.91237915284094, "ObjectId": 9755, "GlobalID": "90a94a24-eeee-4c9c-a9d7-60a109f32e85"}}, {"type": "Feature", "id": 9804, "geometry": {"type": "Point", "coordinates": [-89.9014036496787, 35.2212594875512]}, "properties": {"Record_ID": "RES-ALT-21-001039", "Issued_Date": 1632978000000, "Sub_Type": "RES", "Construction_Type": "ALT", "Valuation": 4800, "Address": "4821 YALE RD", "City": "MEMPHIS", "Description": "Repair roof and side of home tree damage.", "ZIP_Code": "38128", "State": "TN", "Latitude": 35.22125948755125, "Longitude": -89.90140364967873, "ObjectId": 9804, "GlobalID": "ae1ca17c-6163-4500-963e-a17adf6e2953"}}, {"type": "Feature", "id": 9807, "geometry": {"type": "Point", "coordinates": [-89.9625181452415, 35.0312695276644]}, "properties": {"Record_ID": "COM-ALT-21-000481", "Issued_Date": 1631595600000, "Sub_Type": "COM", "Construction_Type": "ALT", "Valuation": 6900000, "Address": "3675 SWINNEA RD", "City": "MEMPHIS", "Description": "Installation of compressed natural gas fueling equipment for UPS' private fleet of vehicles.", "ZIP_Code": "38118", "State": "TN", "Latitude": 35.03126952766436, "Longitude": -89.96251814524149, "ObjectId": 9807, "GlobalID": "3f9619c5-1daa-4b9f-bb7a-8e1f73a909f5"}}, {"type": "Feature", "id": 9837, "geometry": {"type": "Point", "coordinates": [-89.7563326985382, 35.0885185072834]}, "properties": {"Record_ID": "RES-ACC-21-000500", "Issued_Date": 1623042000000, "Sub_Type": "Residential", "Construction_Type": "Accessory", "Valuation": 70000, "Address": "2205 DUNTREATH VALLEY DR", "City": "GERMANTOWN", "Description": "New Gunite Pool Construction", "ZIP_Code": null, "State": "TN", "Latitude": 35.088518507283354, "Longitude": -89.75633269853816, "ObjectId": 9837, "GlobalID": "8c9c6253-37be-4fb2-9fed-b49e8c8adbb7"}}, {"type": "Feature", "id": 9849, "geometry": {"type": "Point", "coordinates": [-89.9583421397257, 35.1332665073845]}, "properties": {"Record_ID": "RES-ALT-22-000611", "Issued_Date": 1652331600000, "Sub_Type": "RES", "Construction_Type": "ALT", "Valuation": 10000, "Address": "3198 WALNUT GROVE RD", "City": "MEMPHIS", "Description": "Replacing windows and doors", "ZIP_Code": "38111", "State": "TN", "Latitude": 35.1332665073845, "Longitude": -89.95834213972564, "ObjectId": 9849, "GlobalID": "66893c52-dec4-4f01-9ad9-1f53dce36a21"}}, {"type": "Feature", "id": 9863, "geometry": {"type": "Point", "coordinates": [-90.0705226175626, 34.9984015389062]}, "properties": {"Record_ID": "RES-NEW-21-000189", "Issued_Date": 1617771600000, "Sub_Type": "Residential", "Construction_Type": "New", "Valuation": 285000, "Address": "177 HERITAGE LAKE DR", "City": "MEMPHIS", "Description": "New construction of residential house w/garage", "ZIP_Code": null, "State": "TN", "Latitude": 34.998401538906165, "Longitude": -90.07052261756263, "ObjectId": 9863, "GlobalID": "847ff6d3-4fc7-42c2-90d6-6050d18b8be0"}}, {"type": "Feature", "id": 9874, "geometry": {"type": "Point", "coordinates": [-89.7397141993147, 35.1470994949902]}, "properties": {"Record_ID": "RES-NEW-21-000212", "Issued_Date": 1619067600000, "Sub_Type": "Residential", "Construction_Type": "New", "Valuation": 331886, "Address": "9648 WOODLAND BROOK LN", "City": "CORDOVA", "Description": "NEW SFR W/ATTACHED DBL GARAGE", "ZIP_Code": null, "State": "TN", "Latitude": 35.147099494990194, "Longitude": -89.73971419931468, "ObjectId": 9874, "GlobalID": "e259b427-6b29-458c-b14d-812d1caca6c6"}}, {"type": "Feature", "id": 9881, "geometry": {"type": "Point", "coordinates": [-90.0144031301122, 35.0435185275381]}, "properties": {"Record_ID": "RES-ALT-21-001365", "Issued_Date": 1631854800000, "Sub_Type": "RES", "Construction_Type": "ALT", "Valuation": 12895, "Address": "3752 GRACELAND DR", "City": "MEMPHIS", "Description": "INSTALL REPLACEMENT WINDOWS. SAME SIZE AND TYPE.", "ZIP_Code": "38116", "State": "TN", "Latitude": 35.0435185275381, "Longitude": -90.01440313011223, "ObjectId": 9881, "GlobalID": "75e7a8fe-56dc-49bc-930b-41189e2f4919"}}, {"type": "Feature", "id": 9889, "geometry": {"type": "Point", "coordinates": [-89.8073041819528, 35.1263995020569]}, "properties": {"Record_ID": "COM-ALT-22-000401", "Issued_Date": 1652936400000, "Sub_Type": "COM", "Construction_Type": "ALT", "Valuation": 45000, "Address": "7794 SMYTHE FARM RD", "City": "MEMPHIS", "Description": "Modification of existing cell tower equipment for existing carrier, Verizon Wireless (applicant). Remove/replace/add antennas and other minor tower equipment to existing configuration. Complete antenna mount modifications. No increase in tower height or compound expansion.", "ZIP_Code": "38120", "State": "TN", "Latitude": 35.12639950205686, "Longitude": -89.80730418195286, "ObjectId": 9889, "GlobalID": "1b14ee12-68bc-46ec-acd4-5b61c44ebd8c"}}, {"type": "Feature", "id": 9903, "geometry": {"type": "Point", "coordinates": [-89.7500101995132, 35.1004165046559]}, "properties": {"Record_ID": "RES-ACC-21-000438", "Issued_Date": 1621573200000, "Sub_Type": "Residential", "Construction_Type": "Accessory", "Valuation": 2000, "Address": "1758 DICKENS CV", "City": "GERMANTOWN", "Description": "PLANNING TO PUT A GAZEBO IN THE BACKYARD", "ZIP_Code": null, "State": "TN", "Latitude": 35.10041650465587, "Longitude": -89.75001019951316, "ObjectId": 9903, "GlobalID": "87e5ad58-a1c9-4007-bd83-f1f33aed694a"}}, {"type": "Feature", "id": 9915, "geometry": {"type": "Point", "coordinates": [-89.8226041839859, 35.0302795217011]}, "properties": {"Record_ID": "RES-ALT-21-001276", "Issued_Date": 1630645200000, "Sub_Type": "RES", "Construction_Type": "ALT", "Valuation": 13471, "Address": "7193 COUNTRY OAKS DR", "City": "MEMPHIS", "Description": "Install replacement windows. Same size and type.", "ZIP_Code": "38125", "State": "TN", "Latitude": 35.030279521701154, "Longitude": -89.82260418398594, "ObjectId": 9915, "GlobalID": "1d5c2f6b-64a9-4776-839a-a6aaf968b2c3"}}, {"type": "Feature", "id": 9919, "geometry": {"type": "Point", "coordinates": [-89.8594231760635, 34.9954495302006]}, "properties": {"Record_ID": "COM-ALT-21-000105", "Issued_Date": 1614664800000, "Sub_Type": "Commercial", "Construction_Type": "Alteration", "Valuation": 1500000, "Address": "6099 GLOBAL DR", "City": "MEMPHIS", "Description": "Tenant Improvement of existing shell building. Includes ~3000 SF of office space, lighting, HVAC in office, dock levelers, power for future conveyors.", "ZIP_Code": null, "State": "TN", "Latitude": 34.99544953020055, "Longitude": -89.85942317606347, "ObjectId": 9919, "GlobalID": "e9d3956d-a71a-43ac-8dc4-42bb486902a6"}}, {"type": "Feature", "id": 9957, "geometry": {"type": "Point", "coordinates": [-90.0386176170247, 35.1412045093825]}, "properties": {"Record_ID": "COM-ALT-22-000313", "Issued_Date": 1652418000000, "Sub_Type": "COM", "Construction_Type": "ALT", "Valuation": 40500, "Address": "661 MADISON AVE", "City": "MEMPHIS", "Description": "Remove 37 squares of modified bitumen down to deck\nReplace any rotten decking\nInstall 6\"\" of EPS insulation\nInstall Durolast PVC membrane mechanically attached\nwrap up and over parapet walls\nterminate into outside wall with termination bar", "ZIP_Code": "38103", "State": "TN", "Latitude": 35.14120450938251, "Longitude": -90.03861761702476, "ObjectId": 9957, "GlobalID": "6c8e91cb-96a6-472f-9eca-838f775c3ee7"}}, {"type": "Feature", "id": 9965, "geometry": {"type": "Point", "coordinates": [-89.8672981681632, 35.0833975131847]}, "properties": {"Record_ID": "RES-ALT-21-001088", "Issued_Date": 1630645200000, "Sub_Type": "RES", "Construction_Type": "ALT", "Valuation": 16800, "Address": "5876 RIDGEVALE AVE", "City": "MEMPHIS", "Description": "Pocket Replacement Windows - Replace 25 Windows.", "ZIP_Code": "38119", "State": "TN", "Latitude": 35.0833975131847, "Longitude": -89.8672981681632, "ObjectId": 9965, "GlobalID": "11850f78-345c-4668-a8fb-ca286fefb34e"}}, {"type": "Feature", "id": 10015, "geometry": {"type": "Point", "coordinates": [-89.8991626579079, 35.1054745102394]}, "properties": {"Record_ID": "RES-ALT-21-001141", "Issued_Date": 1630645200000, "Sub_Type": "RES", "Construction_Type": "ALT", "Valuation": 4479, "Address": "946 IVY RD", "City": "MEMPHIS", "Description": "Install replacement windows. Same size and type.", "ZIP_Code": "38117", "State": "TN", "Latitude": 35.10547451023937, "Longitude": -89.89916265790788, "ObjectId": 10015, "GlobalID": "afcf2997-cead-44af-b138-5c01df75016f"}}, {"type": "Feature", "id": 10060, "geometry": {"type": "Point", "coordinates": [-89.8820221548406, 35.2243014860918]}, "properties": {"Record_ID": "RES-ACC-21-000844", "Issued_Date": 1632200400000, "Sub_Type": "RES", "Construction_Type": "ACC", "Valuation": 30000, "Address": "3650 OLD BROWNSVILLE RD", "City": "MEMPHIS", "Description": "20 x 30 Brick and Stone", "ZIP_Code": "38135", "State": "TN", "Latitude": 35.22430148609184, "Longitude": -89.88202215484057, "ObjectId": 10060, "GlobalID": "1cbe60c3-197f-4e1d-89fd-f8fac4ee5a96"}}, {"type": "Feature", "id": 10070, "geometry": {"type": "Point", "coordinates": [-89.999175127799, 35.1430495072698]}, "properties": {"Record_ID": "RES-ALT-21-000577", "Issued_Date": 1620882000000, "Sub_Type": "Residential", "Construction_Type": "Alteration", "Valuation": 1266, "Address": "274 N MCLEAN BLVD", "City": "MEMPHIS", "Description": "INSTALL REPLACEMENT WINDOWS, SAME SIZE & TYPE", "ZIP_Code": null, "State": "TN", "Latitude": 35.14304950726979, "Longitude": -89.99917512779899, "ObjectId": 10070, "GlobalID": "440e0059-cee5-45fc-bdd1-01350da68acb"}}, {"type": "Feature", "id": 10087, "geometry": {"type": "Point", "coordinates": [-89.8629556679201, 35.1055015086346]}, "properties": {"Record_ID": "COM-ALT-21-000754", "Issued_Date": 1631509200000, "Sub_Type": "COM", "Construction_Type": "ALT", "Valuation": 143000, "Address": "959 RIDGEWAY LOOP RD", "City": "MEMPHIS", "Description": "INTERIOR ALTERATIONS TO EXISTING TENANT", "ZIP_Code": "38120", "State": "TN", "Latitude": 35.105501508634596, "Longitude": -89.86295566792012, "ObjectId": 10087, "GlobalID": "255eb52a-0637-4909-875b-ff91949504bc"}}, {"type": "Feature", "id": 10099, "geometry": {"type": "Point", "coordinates": [-89.8420693418008, 35.0805720795951]}, "properties": {"Record_ID": "RES-NEW-22-000260", "Issued_Date": 1653541200000, "Sub_Type": "RES", "Construction_Type": "NEW", "Valuation": 350000, "Address": "6636 WYNNE OAK CV", "City": "MEMPHIS", "Description": "With this project, we intend to build a beautiful 4 bed, 3 bath single family residence home in the new subdivision of Ivy Grove off of Kirby Rd in Memphis TN.\nPD Case #: PD 18-20", "ZIP_Code": "38119", "State": "TN", "Latitude": 35.08057207959511, "Longitude": -89.84206934180075, "ObjectId": 10099, "GlobalID": "78aea72a-59f5-491f-92e2-91a169da43b2"}}, {"type": "Feature", "id": 10112, "geometry": {"type": "Point", "coordinates": [-89.9232871560319, 35.0320345257849]}, "properties": {"Record_ID": "COM-ADD-20-000032", "Issued_Date": 1619586000000, "Sub_Type": "Commercial", "Construction_Type": "Addition", "Valuation": 562000, "Address": "4150 BF Goodrich", "City": "MEMPHIS", "Description": "The attached plans show a building addition of 6887 square feet of footings and slab.  We would like to get this foundation in the ground before the weather hits and disrupts our schedule.  SSR (Smith, Seckman, Reid & THE DESIGN SHOP) are currently working on the building envelope design, and that design will not be complete until mid-February.  Therefore, we are asking for approval to construction the foundation portion of the project prior to full release of the architectural drawings.", "ZIP_Code": null, "State": "TN", "Latitude": 35.032034525784944, "Longitude": -89.92328715603189, "ObjectId": 10112, "GlobalID": "ce5c0440-f35d-4da2-81bd-f7d482ce37be"}}, {"type": "Feature", "id": 10119, "geometry": {"type": "Point", "coordinates": [-89.8501846714402, 35.1056995080317]}, "properties": {"Record_ID": "RES-NEW-21-000733", "Issued_Date": 1632718800000, "Sub_Type": "RES", "Construction_Type": "NEW", "Valuation": 459100, "Address": "6367 MASSEY GREEN LN", "City": "MEMPHIS", "Description": "single family home with attached triple garage", "ZIP_Code": "38120", "State": "TN", "Latitude": 35.10569950803167, "Longitude": -89.85018467144019, "ObjectId": 10119, "GlobalID": "4c984333-2d30-4139-8ace-81fe256bf8e5"}}, {"type": "Feature", "id": 10120, "geometry": {"type": "Point", "coordinates": [-89.7915181856857, 35.1361374994397]}, "properties": {"Record_ID": "RES-ALT-21-001274", "Issued_Date": 1630645200000, "Sub_Type": "RES", "Construction_Type": "ALT", "Valuation": 2764, "Address": "432 REGIS CV", "City": "CORDOVA", "Description": "Install replacement windows. Same size and type.", "ZIP_Code": "38018", "State": "TN", "Latitude": 35.136137499439656, "Longitude": -89.79151818568567, "ObjectId": 10120, "GlobalID": "b944c87a-5de2-49aa-8db2-127090ff2886"}}, {"type": "Feature", "id": 10136, "geometry": {"type": "Point", "coordinates": [-89.9168251489216, 35.1680064987083]}, "properties": {"Record_ID": "RES-ACC-21-000530", "Issued_Date": 1631163600000, "Sub_Type": "RES", "Construction_Type": "ACC", "Valuation": 5800, "Address": "1374 WELLS STATION RD", "City": "MEMPHIS", "Description": "METAL STORAGE SHED", "ZIP_Code": "38108", "State": "TN", "Latitude": 35.16800649870835, "Longitude": -89.91682514892157, "ObjectId": 10136, "GlobalID": "fcb3e294-0915-4a64-8d07-fe0e87a2ae5a"}}, {"type": "Feature", "id": 10138, "geometry": {"type": "Point", "coordinates": [-89.8969531519572, 35.2053834904747]}, "properties": {"Record_ID": "COM-ALT-22-000128", "Issued_Date": 1651726800000, "Sub_Type": "COM", "Construction_Type": "ALT", "Valuation": 303330, "Address": "5050 STAGE RD", "City": "MEMPHIS", "Description": "Existing Aarons. No change in Use or Occupancy. Remodel to include but not limited to new CAM and GM office, lighting, new non-load bearing interior partition walls, ceilings, finishes, and fixtures. Storefront updates. Project Details section of this application only allows to choose Interior or Exterior and we cannot select both. it also does not allow to type anything in for Conveyor, Process Piping, Racking / Shelving section of this application. As mentioned we will have fixtures in this scope. Alarm, sprinkler, and signage, if any, will be a deferred submission separate submission by others, separate from the building permit.", "ZIP_Code": "38128", "State": "TN", "Latitude": 35.20538349047466, "Longitude": -89.89695315195722, "ObjectId": 10138, "GlobalID": "706b58b4-3f02-477b-a619-4366dd3d9c95"}}, {"type": "Feature", "id": 10139, "geometry": {"type": "Point", "coordinates": [-89.7057392019879, 35.2497534732585]}, "properties": {"Record_ID": "COM-ALT-22-000251", "Issued_Date": 1652418000000, "Sub_Type": "COM", "Construction_Type": "ALT", "Valuation": 110000, "Address": "4552 CHAMBERS CHAPEL RD", "City": "ARLINGTON", "Description": "The proposed scope of work for this project includes: Add or replace antennas, ancillary equipment and ground equipment as per plans for an existing carrier on an existing wireless communications facility.  MidSouth will be the general contractor for this project.  Cost of Construction will be $110,000.00", "ZIP_Code": "38002", "State": "TN", "Latitude": 35.24975347325854, "Longitude": -89.70573920198792, "ObjectId": 10139, "GlobalID": "e168ec62-c1ed-4176-817b-380dd8756f28"}}, {"type": "Feature", "id": 10222, "geometry": {"type": "Point", "coordinates": [-89.7344446954512, 35.2281984787752]}, "properties": {"Record_ID": "RES-ADD-21-000286", "Issued_Date": 1623214800000, "Sub_Type": "Residential", "Construction_Type": "Addition", "Valuation": 8000, "Address": "3761 SAIL BOAT LN", "City": "LAKELAND", "Description": "Addition of screen-room (28x10) on existing concrete patio.", "ZIP_Code": null, "State": "TN", "Latitude": 35.2281984787752, "Longitude": -89.73444469545122, "ObjectId": 10222, "GlobalID": "3edd6365-3443-45a2-87eb-82a569d65c02"}}, {"type": "Feature", "id": 10237, "geometry": {"type": "Point", "coordinates": [-90.0358591168657, 35.1551995065091]}, "properties": {"Record_ID": "COM-ALT-22-000442", "Issued_Date": 1653541200000, "Sub_Type": "COM", "Construction_Type": "ALT", "Valuation": 157828.77, "Address": "689 N PARKWAY", "City": "MEMPHIS", "Description": "Expand break room and office in 689 warehouse.", "ZIP_Code": "38105", "State": "TN", "Latitude": 35.15519950650908, "Longitude": -90.03585911686567, "ObjectId": 10237, "GlobalID": "2d46eb9b-3b24-410e-a38a-026618956267"}}, {"type": "Feature", "id": 10245, "geometry": {"type": "Point", "coordinates": [-89.9626126403802, 35.105285513082]}, "properties": {"Record_ID": "RES-ALT-21-000231", "Issued_Date": 1616648400000, "Sub_Type": "Residential", "Construction_Type": "Alteration", "Valuation": 600, "Address": "2988 N RADFORD RD", "City": "MEMPHIS", "Description": "Finish work from previous permit B1093223.", "ZIP_Code": null, "State": "TN", "Latitude": 35.105285513081995, "Longitude": -89.9626126403802, "ObjectId": 10245, "GlobalID": "9f24aa3c-cf59-4f65-a5b9-087ffa2de631"}}, {"type": "Feature", "id": 10267, "geometry": {"type": "Point", "coordinates": [-89.7240824188091, 35.1591349917814]}, "properties": {"Record_ID": "RES-NEW-22-000350", "Issued_Date": 1653282000000, "Sub_Type": "RES", "Construction_Type": "NEW", "Valuation": 284820, "Address": "10140 AMBERTON CV", "City": "CORDOVA", "Description": "Building a single family residence w/ a 2 car garage.", "ZIP_Code": "38018", "State": "TN", "Latitude": 35.159134991781364, "Longitude": -89.72408241880908, "ObjectId": 10267, "GlobalID": "f5bffe3d-1f33-4601-a7f3-749620dc138d"}}, {"type": "Feature", "id": 10275, "geometry": {"type": "Point", "coordinates": [-90.0226741205883, 35.1539755061642]}, "properties": {"Record_ID": "RES-ALT-22-000473", "Issued_Date": 1652245200000, "Sub_Type": "RES", "Construction_Type": "ALT", "Valuation": 25000, "Address": "1033 N PARKWAY", "City": "MEMPHIS", "Description": "Fix front porch, repair windows, cosmetic renovation including both bathrooms.", "ZIP_Code": "38105", "State": "TN", "Latitude": 35.15397550616422, "Longitude": -90.02267412058826, "ObjectId": 10275, "GlobalID": "00ed1dd4-7790-4aa7-a591-154b3757fcdc"}}, {"type": "Feature", "id": 10314, "geometry": {"type": "Point", "coordinates": [-90.0170626235624, 35.132321510173]}, "properties": {"Record_ID": "COM-ALT-22-000409", "Issued_Date": 1652245200000, "Sub_Type": "COM", "Construction_Type": "ALT", "Valuation": 55384, "Address": "1314 PEABODY AVE", "City": "MEMPHIS", "Description": "Alterations to repair a water leak and enclose a 2nd stroty porch with casement windows. repair ongoing water leak.", "ZIP_Code": "38104", "State": "TN", "Latitude": 35.13232151017299, "Longitude": -90.0170626235624, "ObjectId": 10314, "GlobalID": "e0aaa183-8df1-4f16-9fa7-286fb6912a0d"}}, {"type": "Feature", "id": 10336, "geometry": {"type": "Point", "coordinates": [-90.0609061141404, 35.0914075201645]}, "properties": {"Record_ID": "RES-ALT-21-000758", "Issued_Date": 1624597200000, "Sub_Type": "Residential", "Construction_Type": "Alteration", "Valuation": 7800, "Address": "53 E NORWOOD AVE", "City": "MEMPHIS", "Description": "Changing the roof, minor decking repairs.", "ZIP_Code": null, "State": "TN", "Latitude": 35.091407520164495, "Longitude": -90.06090611414037, "ObjectId": 10336, "GlobalID": "7257833c-9170-4c5e-b516-acfb44043e8f"}}, {"type": "Feature", "id": 10339, "geometry": {"type": "Point", "coordinates": [-90.0749056158163, 35.0066455374746]}, "properties": {"Record_ID": "COM-ALT-22-000195", "Issued_Date": 1652936400000, "Sub_Type": "COM", "Construction_Type": "ALT", "Valuation": 2439857.34, "Address": "5132 JONETTA ST", "City": "MEMPHIS", "Description": "THE SCOPE OF WORK INCLUDES PRIMARILY A LEVEL 1 ALTERATION INCLUDING THE REMOVAL AND REPLACEMENT OF WINDOWS, TOILET ROOM FIXTURES AND FINISHES, INTERIOR FLOORING AND CEILING IN CORRIDORS AND CLASSROOMS, REPLACING LIGHT FIXTURES WITH LED IN CORRIDORS AND CLASSROOMS, REPLACING HVAC IN CLASSROOMS, PAINTING THROUGHOUT, ELECTRICAL REPAIRS AS REQUIRED. A SMALL LEVEL 2 ALTERATION / RECONFIGURATION OF THE MAIN ENTRY TO PROVIDE A SECURE ENTRY POINT AND INTERIOR RAMP TO CONNECT 2 BUILDINGS.", "ZIP_Code": "38109", "State": "TN", "Latitude": 35.00664553747457, "Longitude": -90.0749056158163, "ObjectId": 10339, "GlobalID": "0daf3417-dc6a-44c5-9d62-b3ccbf09a240"}}, {"type": "Feature", "id": 10365, "geometry": {"type": "Point", "coordinates": [-89.9020156497999, 35.2168584884435]}, "properties": {"Record_ID": "RES-ALT-21-000414", "Issued_Date": 1622523600000, "Sub_Type": "Residential", "Construction_Type": "Alteration", "Valuation": 75000, "Address": "3412 JOSLYN ST", "City": "MEMPHIS", "Description": "Repairs due  to fire damage of residential structure.", "ZIP_Code": null, "State": "TN", "Latitude": 35.216858488443506, "Longitude": -89.90201564979988, "ObjectId": 10365, "GlobalID": "dc0e8c86-84bf-40d8-9642-338f75d2cfd0"}}, {"type": "Feature", "id": 10420, "geometry": {"type": "Point", "coordinates": [-89.8912111606701, 35.0968615115855]}, "properties": {"Record_ID": "RES-ALT-21-001323", "Issued_Date": 1632718800000, "Sub_Type": "RES", "Construction_Type": "ALT", "Valuation": 6500, "Address": "1262 S WHITE STATION RD", "City": "MEMPHIS", "Description": "Roof decking repair for nailing per code.", "ZIP_Code": "38117", "State": "TN", "Latitude": 35.09686151158553, "Longitude": -89.89121116067008, "ObjectId": 10420, "GlobalID": "f59f4035-2663-4e0c-9dc2-20191841748a"}}, {"type": "Feature", "id": 10426, "geometry": {"type": "Point", "coordinates": [-90.0416641111725, 35.2171644945972]}, "properties": {"Record_ID": "RES-NEW-22-000339", "Issued_Date": 1653541200000, "Sub_Type": "RES", "Construction_Type": "NEW", "Valuation": 95000, "Address": "630 BENHAM AVE", "City": "MEMPHIS", "Description": "Erect single family home no covered parking", "ZIP_Code": "38127", "State": "TN", "Latitude": 35.21716449459723, "Longitude": -90.04166411117252, "ObjectId": 10426, "GlobalID": "328a5fdf-83c7-4ea4-9b1f-eda9400a3c51"}}, {"type": "Feature", "id": 10451, "geometry": {"type": "Point", "coordinates": [-89.8150936775979, 35.1599604957866]}, "properties": {"Record_ID": "RES-ALT-21-000311", "Issued_Date": 1616648400000, "Sub_Type": "Residential", "Construction_Type": "Alteration", "Valuation": 2508.47, "Address": "1303 GRAYSTONE LN", "City": "CORDOVA", "Description": "Bathroom Remodeling", "ZIP_Code": null, "State": "TN", "Latitude": 35.15996049578659, "Longitude": -89.81509367759794, "ObjectId": 10451, "GlobalID": "a035bc63-2149-40de-b929-d46dc329ca15"}}, {"type": "Feature", "id": 10503, "geometry": {"type": "Point", "coordinates": [-89.7928666058389, 35.0221127158872]}, "properties": {"Record_ID": "COM-NEW-21-000291", "Issued_Date": 1652677200000, "Sub_Type": "COM", "Construction_Type": "NEW", "Valuation": 4060238.96, "Address": "8105 BLUE GLASS LN", "City": "MEMPHIS", "Description": "Included is a Permit Submittal Set for a G28IIE Apartment Building. It is part of a Apartment complex, is (2) stories in height and contains (28) units, with detached parking garages located elsewhere on the site. Building 1A", "ZIP_Code": "38125", "State": "TN", "Latitude": 35.02211271588722, "Longitude": -89.79286660583885, "ObjectId": 10503, "GlobalID": "d40fbbcf-6795-4bc7-b6f1-2630dafd54e2"}}, {"type": "Feature", "id": 10510, "geometry": {"type": "Point", "coordinates": [-90.0582826116694, 35.1400615104801]}, "properties": {"Record_ID": "COM-ALT-21-000305", "Issued_Date": 1621918800000, "Sub_Type": "Commercial", "Construction_Type": "Alteration", "Valuation": 1200000, "Address": "1 Dr Martin Luther King", "City": "MEMPHIS", "Description": "Tenant infill of Suite 101 of The Landing Residences for Restaurant/Bar.", "ZIP_Code": null, "State": "TN", "Latitude": 35.14006151048005, "Longitude": -90.05828261166937, "ObjectId": 10510, "GlobalID": "33e09c54-bd31-403b-9055-e68fe2f4e4d8"}}, {"type": "Feature", "id": 10515, "geometry": {"type": "Point", "coordinates": [-89.7382156855731, 35.3616864526977]}, "properties": {"Record_ID": "RES-ACC-21-000830", "Issued_Date": 1631768400000, "Sub_Type": "RES", "Construction_Type": "ACC", "Valuation": 40000, "Address": "10018 MOOSE RD", "City": "MILLINGTON", "Description": "Detached Garage", "ZIP_Code": "38053", "State": "TN", "Latitude": 35.361686452697704, "Longitude": -89.73821568557307, "ObjectId": 10515, "GlobalID": "fd969b57-5fed-49a2-8f5a-0f09355c668e"}}, {"type": "Feature", "id": 10516, "geometry": {"type": "Point", "coordinates": [-89.7607021952196, 35.1208285010989]}, "properties": {"Record_ID": "RES-ADD-22-000155", "Issued_Date": 1653368400000, "Sub_Type": "RES", "Construction_Type": "ADD", "Valuation": 21980, "Address": "151 S FOREST HILL IRENE RD", "City": "CORDOVA", "Description": "Cloned from RES-ALT-22-000487\n\nConvert attic into finished room over an existing room\n\nHouse is on septic per applicant - 4/19/22\n\nHouse is being moved from septic to sewer per applicant - 4/26/22", "ZIP_Code": "38018", "State": "TN", "Latitude": 35.12082850109886, "Longitude": -89.7607021952196, "ObjectId": 10516, "GlobalID": "fd993698-f994-4ac4-93e4-b9f74557183c"}}, {"type": "Feature", "id": 10518, "geometry": {"type": "Point", "coordinates": [-90.0765706119955, 35.0581345274061]}, "properties": {"Record_ID": "RES-ADD-22-000186", "Issued_Date": 1653973200000, "Sub_Type": "RES", "Construction_Type": "ADD", "Valuation": 30000, "Address": "3318 ALTA RD", "City": "MEMPHIS", "Description": "THE SCOPE OF WORK IS TO RENOVATE THE EXISTING RESIDENT AND TO CONSTRUCT  AN ADDITIONAL 762 SQ. FT. OF HEATED AREA. THE TOTAL HEATED AREA SHALL BE 1,722 SQ. FT. A 255 SQ. FT. COVERED PORCH SHALL BE ADDED TO THE NORTH SIDE OF THE EXISTING STRUCTURE.\n\nTHE ROOF SHALL BE REPLACED AND THE EXTERIOR SIDING SHALL BE DEMOLISHED AND REPLACED WITH STONE AND STUCCO. THE OLD WINDOWS SHALL BE DEMOLISHED AND NEW NEW WINDOWS INSTALLED.\n\nTHE KITCHEN SHALL BE RENOVATED AND ENLARGED TO THE WEST SIDE AND NORTH SIDE OF THE EXISTING STRUCTURE. A NEW MASTER BED ROOM AND BATHROOM SHALL BE CONSTRUCTED AT THE SOUTHEAST SIDE OF THE EXISTING STRUCTURE.\n\n    \nTHE EXISTING HVAC UNIT SHALL BE REPLACED.\n \nTHE PLUMBING AND ELECTRICAL SYSTEMS SHALL BE MODIFIED AND UPGRADED TO MEET THE STANDARD CODES AND ACCOMMODATE AS SHOWN ON THE FLOOR PLAN.", "ZIP_Code": "38109", "State": "TN", "Latitude": 35.05813452740611, "Longitude": -90.07657061199549, "ObjectId": 10518, "GlobalID": "da7c3e39-88e6-4497-a3a7-8c3ed1fe2e36"}}, {"type": "Feature", "id": 10520, "geometry": {"type": "Point", "coordinates": [-89.7229427031363, 35.1596994917646]}, "properties": {"Record_ID": "RES-NEW-22-000224", "Issued_Date": 1651726800000, "Sub_Type": "RES", "Construction_Type": "NEW", "Valuation": 304313, "Address": "10163 MACON RD", "City": "CORDOVA", "Description": "Building a single family residence w/ a 2 car garage.", "ZIP_Code": "38018", "State": "TN", "Latitude": 35.15969949176456, "Longitude": -89.72294270313628, "ObjectId": 10520, "GlobalID": "247944ed-45b7-40c6-bca9-f23846ba5024"}}, {"type": "Feature", "id": 10569, "geometry": {"type": "Point", "coordinates": [-89.9583421397257, 35.1332665073845]}, "properties": {"Record_ID": "RES-ALT-22-000614", "Issued_Date": 1652331600000, "Sub_Type": "RES", "Construction_Type": "ALT", "Valuation": 10000, "Address": "3206 WALNUT GROVE RD", "City": "MEMPHIS", "Description": "Replacing windows and doors", "ZIP_Code": "38111", "State": "TN", "Latitude": 35.1332665073845, "Longitude": -89.95834213972564, "ObjectId": 10569, "GlobalID": "92468f69-28ad-4f94-8016-57504583de86"}}, {"type": "Feature", "id": 10594, "geometry": {"type": "Point", "coordinates": [-89.9895091369678, 35.0438155263809]}, "properties": {"Record_ID": "COM-NEW-20-000152", "Issued_Date": 1618549200000, "Sub_Type": "Commercial", "Construction_Type": "New", "Valuation": 2233126, "Address": "3991 AIRWAYS BLVD", "City": "MEMPHIS", "Description": "Construction of a Modular Optimized Design data center.  This permit request includes construction of Building 1 ONLY and site grading to accommodate Building 1 & 2.  Drawings are submitted for all (4) Buildings, (3) of which may be built in the future.  Building 1 is 2,822 sqft, all Buildings 1-4 total 11,101 sqft. Construction consists of a structural steel and metal panel pre-fabricated building on concrete slab.  The building will house IT data pods along with UPS pods.  The exterior concrete yard will have generators, chiller pods, and a hydro decoupler skid.The Christman Company is submitting as the Construction Manager of the project.  Trade contractors will be hired to complete the building.", "ZIP_Code": null, "State": "TN", "Latitude": 35.04381552638089, "Longitude": -89.9895091369678, "ObjectId": 10594, "GlobalID": "697e984b-c529-46c0-bae7-f372176db852"}}, {"type": "Feature", "id": 10597, "geometry": {"type": "Point", "coordinates": [-89.9535406410741, 35.1329425072356]}, "properties": {"Record_ID": "RES-ALT-22-000619", "Issued_Date": 1652245200000, "Sub_Type": "RES", "Construction_Type": "ALT", "Valuation": 10000, "Address": "3238 WALNUT GROVE RD", "City": "MEMPHIS", "Description": "Replacing windows and doors", "ZIP_Code": "38111", "State": "TN", "Latitude": 35.132942507235605, "Longitude": -89.95354064107407, "ObjectId": 10597, "GlobalID": "0d976f20-e408-4010-84b7-2704d8b1d3e2"}}, {"type": "Feature", "id": 10614, "geometry": {"type": "Point", "coordinates": [-89.8835611450666, 35.3651964585045]}, "properties": {"Record_ID": "RES-NEW-22-000310", "Issued_Date": 1651640400000, "Sub_Type": "RES", "Construction_Type": "NEW", "Valuation": 281487, "Address": "8756 WINDSTONE ESTATE DR", "City": "MILLINGTON", "Description": "2-story single family residence with 2 car attached garage.", "ZIP_Code": "38053", "State": "TN", "Latitude": 35.365196458504535, "Longitude": -89.88356114506661, "ObjectId": 10614, "GlobalID": "2eaa2eac-5109-4612-910d-ed86278b8d9b"}}, {"type": "Feature", "id": 10623, "geometry": {"type": "Point", "coordinates": [-89.7186272000287, 35.2252554786538]}, "properties": {"Record_ID": "RES-ALT-21-000066", "Issued_Date": 1612245600000, "Sub_Type": "Residential", "Construction_Type": "Alteration", "Valuation": 35000, "Address": "10305 Monroe RD", "City": "LAKELAND", "Description": "Adding stairway to inside back of garage.  Install drain, replace 2 double doors, Carbon Monoxide Detector and fire proof drywall", "ZIP_Code": null, "State": "TN", "Latitude": 35.22525547865376, "Longitude": -89.7186272000287, "ObjectId": 10623, "GlobalID": "0101a6de-828f-42c4-9a8e-0dae9e6de30b"}}, {"type": "Feature", "id": 10631, "geometry": {"type": "Point", "coordinates": [-89.6496017267412, 35.1095064984399]}, "properties": {"Record_ID": "RES-ACC-21-000851", "Issued_Date": 1631682000000, "Sub_Type": "RES", "Construction_Type": "ACC", "Valuation": 28079, "Address": "12295 CASCABEL LN", "City": "COLLIERVILLE", "Description": "A brick fireplace with a masonry insert installed on end of existing porch", "ZIP_Code": "38017", "State": "TN", "Latitude": 35.10950649843993, "Longitude": -89.64960172674122, "ObjectId": 10631, "GlobalID": "2f697fab-8569-4956-8a19-6cb3fca2f1f8"}}, {"type": "Feature", "id": 10636, "geometry": {"type": "Point", "coordinates": [-89.7926061171255, 35.1905259851993]}, "properties": {"Record_ID": "COM-ALT-21-001261", "Issued_Date": 1652331600000, "Sub_Type": "COM", "Construction_Type": "ALT", "Valuation": 200000, "Address": "2393 N GERMANTOWN PKWY", "City": "CORDOVA", "Description": "THIS PROJECT IS A MINOR SPACE OPTIMIZATION REMODEL OF THE EXISTING FOOTWEAR DEPARTMENT. THIS REMODEL AFFECTS APPROXIMATELY ±2,890 S.F. OF AN APPROXIMATELY ±50,000 S.F STORE.\n\nSCOPE INCLUDES DEMOLITION, CONSTRUCTION OF NEW NON-LOAD BEARING PARTITIONS AND MINOR ELECTRICAL WORK.  NO STRUCTURAL WORK IS INVOLVED IN THE SCOPE OF WORK.\n\nDEMOLITION IS LIMITED TO REMOVAL AND RELOCATION (WHERE NOTED) OF EXISTING GRAPHICS, FIXTURES, AND LIGHTING. NEW WORK IS TO INCLUDE ADDITION OF NON-LOAD BEARING PARTITIONS AND NEW FINISHES THROUGHOUT FOOTWEAR DEPARTMENT. THE EXISTING HVAC SYSTEM IS TO REMAIN.", "ZIP_Code": "38016", "State": "TN", "Latitude": 35.190525985199336, "Longitude": -89.7926061171255, "ObjectId": 10636, "GlobalID": "6c1573e7-4d5c-4d2e-b1c3-6e02808d8077"}}, {"type": "Feature", "id": 10641, "geometry": {"type": "Point", "coordinates": [-89.882463163227, 35.0947555116144]}, "properties": {"Record_ID": "RES-NEW-22-000098", "Issued_Date": 1652763600000, "Sub_Type": "RES", "Construction_Type": "NEW", "Valuation": 650000, "Address": "5367 SHADY BREEZE CV", "City": "MEMPHIS", "Description": "New Residential Single Family", "ZIP_Code": "38119", "State": "TN", "Latitude": 35.09475551161442, "Longitude": -89.882463163227, "ObjectId": 10641, "GlobalID": "b5444dbc-ce02-4277-8fb0-8c3ccf8d7a27"}}, {"type": "Feature", "id": 10644, "geometry": {"type": "Point", "coordinates": [-89.9266891415929, 35.2377744854307]}, "properties": {"Record_ID": "RES-ALT-22-000657", "Issued_Date": 1652418000000, "Sub_Type": "RES", "Construction_Type": "ALT", "Valuation": 9900, "Address": "4069 TESSLAND RD", "City": "MEMPHIS", "Description": "Power Replacement Windows - Replace 10 Windows", "ZIP_Code": "38128", "State": "TN", "Latitude": 35.23777448543072, "Longitude": -89.92668914159287, "ObjectId": 10644, "GlobalID": "099bd32a-ebd1-4ed5-93f2-1262a7aa0176"}}, {"type": "Feature", "id": 10646, "geometry": {"type": "Point", "coordinates": [-89.935491149074, 35.086979515489]}, "properties": {"Record_ID": "RES-ALT-22-000548", "Issued_Date": 1651640400000, "Sub_Type": "RES", "Construction_Type": "ALT", "Valuation": 17000, "Address": "1566 ECHLES ST", "City": "MEMPHIS", "Description": "Tear out and reframe all walls studs and ceiling joist at property", "ZIP_Code": "38111", "State": "TN", "Latitude": 35.08697951548897, "Longitude": -89.93549114907405, "ObjectId": 10646, "GlobalID": "b38559d6-a9a6-4aaa-9d71-62587e8a8aa6"}}, {"type": "Feature", "id": 10661, "geometry": {"type": "Point", "coordinates": [-89.8318966806459, 35.0421145197723]}, "properties": {"Record_ID": "COM-ALT-21-000833", "Issued_Date": 1631250000000, "Sub_Type": "COM", "Construction_Type": "ALT", "Valuation": 0, "Address": "3785 RIVERDALE RD", "City": "MEMPHIS", "Description": "REMOVE 4 INTERIOR WALLS, TOTAL EXTERIOR RENOVATION", "ZIP_Code": "38115", "State": "TN", "Latitude": 35.04211451977227, "Longitude": -89.83189668064587, "ObjectId": 10661, "GlobalID": "fe3d266a-475d-4ef8-8fdf-4ff75d02c82b"}}, {"type": "Feature", "id": 10665, "geometry": {"type": "Point", "coordinates": [-89.8802806609134, 35.1393145027377]}, "properties": {"Record_ID": "RES-ALT-22-000638", "Issued_Date": 1652418000000, "Sub_Type": "RES", "Construction_Type": "ALT", "Valuation": 16206, "Address": "5452 MASON RD", "City": "MEMPHIS", "Description": "Pocket Replacement Windows - Replace 14 Windows", "ZIP_Code": "38120", "State": "TN", "Latitude": 35.13931450273775, "Longitude": -89.88028066091344, "ObjectId": 10665, "GlobalID": "5a95c9b0-e752-475c-8adb-a4a8590f604d"}}, {"type": "Feature", "id": 10673, "geometry": {"type": "Point", "coordinates": [-90.0705226175626, 34.9984015389062]}, "properties": {"Record_ID": "RES-NEW-21-000143", "Issued_Date": 1617685200000, "Sub_Type": "Residential", "Construction_Type": "New", "Valuation": 225000, "Address": "129 HERITAGE LAKE DR", "City": "MEMPHIS", "Description": "New Construction of Residential Home", "ZIP_Code": null, "State": "TN", "Latitude": 34.998401538906165, "Longitude": -90.07052261756263, "ObjectId": 10673, "GlobalID": "53e656bb-a8a5-4e64-845d-453a902a0e4c"}}, {"type": "Feature", "id": 10682, "geometry": {"type": "Point", "coordinates": [-89.8961341594105, 35.0953045121099]}, "properties": {"Record_ID": "RES-ALT-22-000425", "Issued_Date": 1653627600000, "Sub_Type": "RES", "Construction_Type": "ALT", "Valuation": 20000, "Address": "4915 AMBOY RD", "City": "MEMPHIS", "Description": "Remove a wall and remodel kitchen.", "ZIP_Code": "38117", "State": "TN", "Latitude": 35.09530451210988, "Longitude": -89.89613415941054, "ObjectId": 10682, "GlobalID": "690283e2-b835-45bf-abb1-b379da5e0247"}}, {"type": "Feature", "id": 10697, "geometry": {"type": "Point", "coordinates": [-89.777181193781, 35.0729395112774]}, "properties": {"Record_ID": "RES-ALT-21-000790", "Issued_Date": 1625029200000, "Sub_Type": "Residential", "Construction_Type": "Alteration", "Valuation": 30260, "Address": "2749 OAKLEIGH LN", "City": "GERMANTOWN", "Description": "Builder to Frame a shed style roof to cover the existing deck- approximately 20' x 14' over the existing exterior door. Flooring in screened porch to be Modern View composite decking over existing deck frame. NO reframing of deck supports is included in this line item. Frame out knee high wall (approx. 30\" ht) around porch for screens with decorative X type design. Install V - Groove ceilings. Ceilings to be vaulted to match the pitch of the roof. Tallest ceiling height 12â€™. Cornice height to be 9' high at lowest point over deck. Install shingles on shed style roof to match existing on the house. Includes 1 screen door", "ZIP_Code": null, "State": "TN", "Latitude": 35.07293951127742, "Longitude": -89.77718119378105, "ObjectId": 10697, "GlobalID": "7133dc63-757f-455f-b8ad-55ccd1e9ff27"}}, {"type": "Feature", "id": 10723, "geometry": {"type": "Point", "coordinates": [-89.8852486556699, 35.198183491371]}, "properties": {"Record_ID": "RES-ACC-21-000521", "Issued_Date": 1623387600000, "Sub_Type": "Residential", "Construction_Type": "Accessory", "Valuation": 7392.63, "Address": "5299 DUNNELLON AVE", "City": "MEMPHIS", "Description": "STORAGE SHED WITH DOUBLE SHED DOOR", "ZIP_Code": null, "State": "TN", "Latitude": 35.19818349137101, "Longitude": -89.88524865566991, "ObjectId": 10723, "GlobalID": "64298c65-f030-42c9-9c3a-c291163d1812"}}, {"type": "Feature", "id": 10726, "geometry": {"type": "Point", "coordinates": [-89.7888361935648, 35.026652520934]}, "properties": {"Record_ID": "RES-ACC-21-000077", "Issued_Date": 1615784400000, "Sub_Type": "Residential", "Construction_Type": "Accessory", "Valuation": 20000, "Address": "8228 MISTY FIELDS CV", "City": "MEMPHIS", "Description": "30Ã—30 garage/shop in back yard", "ZIP_Code": null, "State": "TN", "Latitude": 35.02665252093397, "Longitude": -89.78883619356485, "ObjectId": 10726, "GlobalID": "a42d3a84-561c-4f97-9ea7-1425b81d695d"}}, {"type": "Feature", "id": 10739, "geometry": {"type": "Point", "coordinates": [-89.6836802030336, 35.3264964571807]}, "properties": {"Record_ID": "RES-NEW-20-000184", "Issued_Date": 1616475600000, "Sub_Type": "Residential", "Construction_Type": "New", "Valuation": 350000, "Address": "11207 MILLINGTON ARLINGTON RD", "City": "ARLINGTON", "Description": "NEW SINGLE STORY FARM HOUSE", "ZIP_Code": null, "State": "TN", "Latitude": 35.32649645718073, "Longitude": -89.68368020303357, "ObjectId": 10739, "GlobalID": "c75d38ec-259e-41b9-9bdf-250381ccb691"}}, {"type": "Feature", "id": 10745, "geometry": {"type": "Point", "coordinates": [-89.882463163227, 35.0947555116144]}, "properties": {"Record_ID": "RES-NEW-22-000278", "Issued_Date": 1652072400000, "Sub_Type": "RES", "Construction_Type": "NEW", "Valuation": 750000, "Address": "5377 SHADY BREEZE CV", "City": "MEMPHIS", "Description": "New Single Family Residential", "ZIP_Code": "38119", "State": "TN", "Latitude": 35.09475551161442, "Longitude": -89.882463163227, "ObjectId": 10745, "GlobalID": "81d5ef27-3bb9-4b93-9f60-cfb9de275308"}}, {"type": "Feature", "id": 10754, "geometry": {"type": "Point", "coordinates": [-89.8230451728262, 35.1990834884347]}, "properties": {"Record_ID": "RES-ALT-21-001388", "Issued_Date": 1632718800000, "Sub_Type": "RES", "Construction_Type": "ALT", "Valuation": 7150, "Address": "7171 POLDER DR", "City": "MEMPHIS", "Description": "Pocket Replacement Windows - Replace 10 Windows", "ZIP_Code": "38133", "State": "TN", "Latitude": 35.19908348843465, "Longitude": -89.82304517282624, "ObjectId": 10754, "GlobalID": "8e39ddde-5cae-4f53-b352-ee008b58ad80"}}, {"type": "Feature", "id": 10759, "geometry": {"type": "Point", "coordinates": [-89.9946841303168, 35.1236095108949]}, "properties": {"Record_ID": "RES-NEW-20-000101", "Issued_Date": 1610344800000, "Sub_Type": "Residential", "Construction_Type": "New", "Valuation": 385000, "Address": "2030 ELZEY AV", "City": "MEMPHIS", "Description": "NEW 3213  SFRPD Case #: PD18-48", "ZIP_Code": null, "State": "TN", "Latitude": 35.12360951089494, "Longitude": -89.99468413031676, "ObjectId": 10759, "GlobalID": "ccae6127-8ec5-4b3b-b7af-0f9d7eedea35"}}, {"type": "Feature", "id": 10767, "geometry": {"type": "Point", "coordinates": [-89.7612691983175, 35.0709235109753]}, "properties": {"Record_ID": "RES-ACC-21-000856", "Issued_Date": 1632286800000, "Sub_Type": "RES", "Construction_Type": "ACC", "Valuation": 177989, "Address": "9010 GROVE FOREST CV", "City": "GERMANTOWN", "Description": "New residential gunite swimming pool and spa.  Note: This permit is NOT for the detached pool house that is shown on plan.  It is ONLY for the pool/spa.", "ZIP_Code": "38139", "State": "TN", "Latitude": 35.070923510975284, "Longitude": -89.76126919831748, "ObjectId": 10767, "GlobalID": "fb96c293-82ef-4d78-9bad-b202c993c644"}}, {"type": "Feature", "id": 10780, "geometry": {"type": "Point", "coordinates": [-89.9866111321391, 35.1298285093135]}, "properties": {"Record_ID": "RES-ADD-21-000096", "Issued_Date": 1616475600000, "Sub_Type": "Residential", "Construction_Type": "Addition", "Valuation": 32000, "Address": "2249 VINTON AVE", "City": "MEMPHIS", "Description": "We will be adding a 20x15 addition to the home.", "ZIP_Code": null, "State": "TN", "Latitude": 35.129828509313526, "Longitude": -89.98661113213906, "ObjectId": 10780, "GlobalID": "273c07ce-53e7-4d5b-898f-88cb2919ce83"}}, {"type": "Feature", "id": 10801, "geometry": {"type": "Point", "coordinates": [-89.7525616990343, 35.0969245054576]}, "properties": {"Record_ID": "RES-ADD-20-000229", "Issued_Date": 1610085600000, "Sub_Type": "Residential", "Construction_Type": "ADD", "Valuation": 20000, "Address": "1875 GROVEWAY DR", "City": "GERMANTOWN", "Description": "BACK PORCH ATTACH TO THE EXISTING HOUSE6 X 17'6 X 11;     26 X 16 X 20;   17 X 16 X 17", "ZIP_Code": null, "State": "TN", "Latitude": 35.09692450545763, "Longitude": -89.75256169903435, "ObjectId": 10801, "GlobalID": "0346403d-e266-461e-a591-ebf8ce2101cd"}}, {"type": "Feature", "id": 10848, "geometry": {"type": "Point", "coordinates": [-89.8523581753806, 35.0360485218703]}, "properties": {"Record_ID": "RES-ALT-21-001044", "Issued_Date": 1630472400000, "Sub_Type": "RES", "Construction_Type": "ALT", "Valuation": 18739, "Address": "4123 KINGSCREST CV", "City": "MEMPHIS", "Description": "Pocket Replacement Windows - Replace 16 Windows.", "ZIP_Code": "38115", "State": "TN", "Latitude": 35.03604852187032, "Longitude": -89.85235817538064, "ObjectId": 10848, "GlobalID": "835e897e-d440-4b5a-aaf0-9bbcaad1bb47"}}, {"type": "Feature", "id": 10868, "geometry": {"type": "Point", "coordinates": [-89.7798946873318, 35.1601404941943]}, "properties": {"Record_ID": "RES-ALT-21-001107", "Issued_Date": 1631595600000, "Sub_Type": "RES", "Construction_Type": "ALT", "Valuation": 60000, "Address": "8499 WOODLAND GREEN CT", "City": "CORDOVA", "Description": "Full kitchen renovation. Remove non-structural wall, replace flooring and cabinets. Add Vent a Hood", "ZIP_Code": "38016", "State": "TN", "Latitude": 35.160140494194316, "Longitude": -89.77989468733176, "ObjectId": 10868, "GlobalID": "4ddd17da-a951-41b9-8dd2-66cebdcc73a1"}}, {"type": "Feature", "id": 10884, "geometry": {"type": "Point", "coordinates": [-89.8695031692927, 35.0567305185426]}, "properties": {"Record_ID": "RES-ALT-22-000569", "Issued_Date": 1651640400000, "Sub_Type": "RES", "Construction_Type": "ALT", "Valuation": 7500, "Address": "5805 FOXDALE RD", "City": "MEMPHIS", "Description": "Pocket Replacement Windows - Replace 8 Windows", "ZIP_Code": "38115", "State": "TN", "Latitude": 35.05673051854265, "Longitude": -89.86950316929264, "ObjectId": 10884, "GlobalID": "85d222c0-443c-4bc3-9e8c-e9362d15bacb"}}, {"type": "Feature", "id": 10912, "geometry": {"type": "Point", "coordinates": [-90.082609609985, 35.0633905266387]}, "properties": {"Record_ID": "RES-ALT-21-000167", "Issued_Date": 1612850400000, "Sub_Type": "Residential", "Construction_Type": "Alteration", "Valuation": 6000, "Address": "526 NONCONNAH RD", "City": "MEMPHIS", "Description": "Pocket replacement Windows- 8 Windows", "ZIP_Code": null, "State": "TN", "Latitude": 35.06339052663869, "Longitude": -90.08260960998498, "ObjectId": 10912, "GlobalID": "49486744-a65f-4de7-9851-a34c4a3e926c"}}, {"type": "Feature", "id": 10929, "geometry": {"type": "Point", "coordinates": [-89.751855202196, 35.051366514425]}, "properties": {"Record_ID": "RES-NEW-21-000282", "Issued_Date": 1621227600000, "Sub_Type": "Residential", "Construction_Type": "New", "Valuation": 817000, "Address": "9330 FOREST BEND CT", "City": "GERMANTOWN", "Description": "NEW SINGLE FAMILY RESIDENCE W/ATT DBL & SINGLE GARAGE & PORTE COCHERE", "ZIP_Code": null, "State": "TN", "Latitude": 35.05136651442498, "Longitude": -89.75185520219598, "ObjectId": 10929, "GlobalID": "acede92c-6131-4987-b849-245fac75011b"}}, {"type": "Feature", "id": 10933, "geometry": {"type": "Point", "coordinates": [-89.9723056380254, 35.1003445144837]}, "properties": {"Record_ID": "RES-ALT-21-000136", "Issued_Date": 1612850400000, "Sub_Type": "Residential", "Construction_Type": "Alteration", "Valuation": 12770, "Address": "2686 BARRON AVE", "City": "MEMPHIS", "Description": "pocket Replacement Windows- 12 Windows", "ZIP_Code": null, "State": "TN", "Latitude": 35.100344514483716, "Longitude": -89.97230563802536, "ObjectId": 10933, "GlobalID": "f9816b81-f8b5-43d3-be10-11262c55bfee"}}, {"type": "Feature", "id": 10935, "geometry": {"type": "Point", "coordinates": [-89.8550986666652, 35.1578364979754]}, "properties": {"Record_ID": "RES-ACC-21-000804", "Issued_Date": 1631768400000, "Sub_Type": "RES", "Construction_Type": "ACC", "Valuation": 2500, "Address": "6250 THRUSHCROSS DR", "City": "MEMPHIS", "Description": "we are building a storage shed 10x16 ft in the backyard of the property.\nthe shed is located at 10 ft from the back fence, 14 ft from the street side fence, and 39 ft from the back of the house.\nthe whose house has wood fencing", "ZIP_Code": "38134", "State": "TN", "Latitude": 35.15783649797541, "Longitude": -89.85509866666524, "ObjectId": 10935, "GlobalID": "8bde25d6-d55a-4104-9c95-a3df3fa77b3e"}}, {"type": "Feature", "id": 10944, "geometry": {"type": "Point", "coordinates": [-89.7731394387044, 35.2059314127292]}, "properties": {"Record_ID": "COM-ADD-21-000019", "Issued_Date": 1618981200000, "Sub_Type": "Commercial", "Construction_Type": "Addition", "Valuation": 324499.47, "Address": "2929 BRUNSWICK RD", "City": "MEMPHIS", "Description": "Tearoff to deck, adhered 1.5â€ ISO, adhere Â¼â€ densdeck prime, fully adhere TPO", "ZIP_Code": null, "State": "TN", "Latitude": 35.20593141272923, "Longitude": -89.77313943870442, "ObjectId": 10944, "GlobalID": "b3a87d5a-b800-44cf-85b1-0344b5dbf6f9"}}, {"type": "Feature", "id": 10996, "geometry": {"type": "Point", "coordinates": [-89.7261830476587, 35.2659303998744]}, "properties": {"Record_ID": "RES-NEW-20-000212", "Issued_Date": 1613109600000, "Sub_Type": "Residential", "Construction_Type": "New", "Valuation": 261954, "Address": "5144 MOUDRY RUN CV", "City": "ARLINGTON", "Description": "BUILDING A SINGLE FAMILY RESIDENCE WITH 2 CAR GARAGE", "ZIP_Code": null, "State": "TN", "Latitude": 35.265930399874385, "Longitude": -89.72618304765868, "ObjectId": 10996, "GlobalID": "0d8ef5bc-3cc5-43e2-add3-448dda67ca4d"}}, {"type": "Feature", "id": 11060, "geometry": {"type": "Point", "coordinates": [-89.7859861839685, 35.1492430785376]}, "properties": {"Record_ID": "RES-ALT-21-000372", "Issued_Date": 1618376400000, "Sub_Type": "Residential", "Construction_Type": "Alteration", "Valuation": 11325.88, "Address": "883 PARSON FOREST CV", "City": "CORDOVA", "Description": "Vinyl Window Installation", "ZIP_Code": null, "State": "TN", "Latitude": 35.1492430785376, "Longitude": -89.78598618396855, "ObjectId": 11060, "GlobalID": "841339f4-5c28-406a-8ffa-644b8ecde95b"}}, {"type": "Feature", "id": 11067, "geometry": {"type": "Point", "coordinates": [-89.7980791871084, 35.0865655095078]}, "properties": {"Record_ID": "RES-NEW-21-000661", "Issued_Date": 1632891600000, "Sub_Type": "RES", "Construction_Type": "NEW", "Valuation": 1000000, "Address": "2280 PINNACLE CREEK DR", "City": "GERMANTOWN", "Description": "Construction of new home.", "ZIP_Code": "38138", "State": "TN", "Latitude": 35.086565509507835, "Longitude": -89.79807918710836, "ObjectId": 11067, "GlobalID": "6f9ac514-e1a2-4be0-bbe5-90504031b5c0"}}, {"type": "Feature", "id": 11070, "geometry": {"type": "Point", "coordinates": [-89.9790061268638, 35.2417254869846]}, "properties": {"Record_ID": "RES-ALT-21-000435", "Issued_Date": 1619154000000, "Sub_Type": "Residential", "Construction_Type": "Alteration", "Valuation": 5931, "Address": "2550 LISA AVE", "City": "MEMPHIS", "Description": "INSTALL REPLACEMENT WINDOWS. SAME SIZE AND TYPE", "ZIP_Code": null, "State": "TN", "Latitude": 35.2417254869846, "Longitude": -89.97900612686377, "ObjectId": 11070, "GlobalID": "6524386a-2451-42e9-b914-da58bb832b0a"}}, {"type": "Feature", "id": 11101, "geometry": {"type": "Point", "coordinates": [-89.8807576684503, 35.0218555259221]}, "properties": {"Record_ID": "COM-ALT-22-000331", "Issued_Date": 1652331600000, "Sub_Type": "COM", "Construction_Type": "ALT", "Valuation": 110000, "Address": "4465 S MENDENHALL RD", "City": "MEMPHIS", "Description": "Modification of existing cell tower equipment for existing wireless carrier, Verizon Wireless (applicant). Remove/replace/add antennas and other minor tower equipment. Complete antenna mount modifications.", "ZIP_Code": "38141", "State": "TN", "Latitude": 35.021855525922156, "Longitude": -89.88075766845029, "ObjectId": 11101, "GlobalID": "ba249d23-ac97-496e-9702-b43b13a8ca7f"}}, {"type": "Feature", "id": 11157, "geometry": {"type": "Point", "coordinates": [-89.9241286522672, 35.0861785151449]}, "properties": {"Record_ID": "RES-NEW-22-000256", "Issued_Date": 1652418000000, "Sub_Type": "RES", "Construction_Type": "NEW", "Valuation": 142576, "Address": "4069 NEW WILLOW RD", "City": "MEMPHIS", "Description": "New construction singel family home.", "ZIP_Code": "38111", "State": "TN", "Latitude": 35.086178515144944, "Longitude": -89.92412865226723, "ObjectId": 11157, "GlobalID": "6a40226b-faab-4505-8d74-e490d255b354"}}, {"type": "Feature", "id": 11160, "geometry": {"type": "Point", "coordinates": [-89.8751551678539, 35.0548225191682]}, "properties": {"Record_ID": "RES-ALT-21-000212", "Issued_Date": 1614146400000, "Sub_Type": "Residential", "Construction_Type": "Alteration", "Valuation": 11200, "Address": "3410 GAYWINDS CV", "City": "MEMPHIS", "Description": "Pocket Replacement Windows- Replace 14 Windows", "ZIP_Code": null, "State": "TN", "Latitude": 35.05482251916817, "Longitude": -89.87515516785395, "ObjectId": 11160, "GlobalID": "7724b371-f6b3-4941-8c7f-956fd3396369"}}, {"type": "Feature", "id": 11173, "geometry": {"type": "Point", "coordinates": [-89.8956166585068, 35.1113065089335]}, "properties": {"Record_ID": "COM-ALT-20-000347", "Issued_Date": 1613023200000, "Sub_Type": "Commercial", "Construction_Type": "Alteration", "Valuation": 850982, "Address": "711 S MENDENHALL RD", "City": "MEMPHIS", "Description": "Build out of an existing tenant space in Williamsburg Village Shopping Center for a new Torchy's Tacos restaurant. Work is interior except for adding steel awning over existing drive thru window and adding steel handrailing, gate and new plastic roll-down weather barriers in opening of existing exterior patio enclosure.", "ZIP_Code": null, "State": "TN", "Latitude": 35.11130650893347, "Longitude": -89.8956166585068, "ObjectId": 11173, "GlobalID": "6418ba60-f98e-43f0-a04c-5a79da7bb48a"}}, {"type": "Feature", "id": 11176, "geometry": {"type": "Point", "coordinates": [-89.6362007188905, 35.2858974630579]}, "properties": {"Record_ID": "RES-ADD-22-000201", "Issued_Date": 1653541200000, "Sub_Type": "RES", "Construction_Type": "ADD", "Valuation": 17700, "Address": "12889 SHANE HOLLOW DR", "City": "ARLINGTON", "Description": "427 sqft covered patio expansion", "ZIP_Code": "38002", "State": "TN", "Latitude": 35.28589746305794, "Longitude": -89.63620071889055, "ObjectId": 11176, "GlobalID": "aa793faf-2c4b-44f2-acc5-51043e285181"}}, {"type": "Feature", "id": 11223, "geometry": {"type": "Point", "coordinates": [-89.9539141400388, 35.1471355044591]}, "properties": {"Record_ID": "RES-ALT-22-000711", "Issued_Date": 1653973200000, "Sub_Type": "RES", "Construction_Type": "ALT", "Valuation": 7000, "Address": "548 MALCOMB ST", "City": "MEMPHIS", "Description": "Drywall installation and  framing", "ZIP_Code": "38112", "State": "TN", "Latitude": 35.147135504459136, "Longitude": -89.95391414003879, "ObjectId": 11223, "GlobalID": "28b44322-eaed-4e07-affa-c610313f1e7e"}}, {"type": "Feature", "id": 11242, "geometry": {"type": "Point", "coordinates": [-90.002779632694, 35.0531395251291]}, "properties": {"Record_ID": "COM-ALT-21-001272", "Issued_Date": 1653282000000, "Sub_Type": "COM", "Construction_Type": "ALT", "Valuation": 30000, "Address": "1814 WINCHESTER RD", "City": "MEMPHIS", "Description": "renovation of 1650 SF Existing restaurant.", "ZIP_Code": "38116", "State": "TN", "Latitude": 35.05313952512907, "Longitude": -90.00277963269404, "ObjectId": 11242, "GlobalID": "f8941360-0880-4f82-849d-6130d9ab8c0c"}}, {"type": "Feature", "id": 11264, "geometry": {"type": "Point", "coordinates": [-89.9299659726486, 35.1246391759729]}, "properties": {"Record_ID": "RES-ADD-21-000065", "Issued_Date": 1614837600000, "Sub_Type": "Residential", "Construction_Type": "Addition", "Valuation": 320000, "Address": "3958 POPLAR AVE", "City": "MEMPHIS", "Description": "ADD APPROX 450 SQ FT  SCREEN PORCHADD APPROX 750 SQ FT BEROOM, BATH & OFFICE(PHASE ONE ONLY)", "ZIP_Code": null, "State": "TN", "Latitude": 35.124639175972916, "Longitude": -89.92996597264865, "ObjectId": 11264, "GlobalID": "46950933-45ac-4004-9060-335db12cafb6"}}, {"type": "Feature", "id": 11278, "geometry": {"type": "Point", "coordinates": [-90.0072616264159, 35.1300985101757]}, "properties": {"Record_ID": "RES-ALT-21-000866", "Issued_Date": 1651640400000, "Sub_Type": "RES", "Construction_Type": "ALT", "Valuation": 15000, "Address": "1561 VINTON AVE", "City": "MEMPHIS", "Description": "CONVERT EXITING CARPORT TO ENCLOSED GARAGE WITH NEW EXTERIOR WALLS AND GARAGE DOOR.  ADD NEW AND REPLACE EXISTING WINDOWS AND DOORS IN EXISTING TWO STORY ACCESSORY STRUCTURE.  REMOVE EXISTING FENCE ALONG ALLEY AND REPLACE WITH NEW FENCE TO ENCLOSE LANDSCAPE AREA AND PARKING AREA.  NEW ELECTRICAL TO HVAC UNIT, LIGHTING, AND GARAGE DOOR.  NEW PLUMBING TO EXTERIOR HOSE BIBS.", "ZIP_Code": "38104", "State": "TN", "Latitude": 35.130098510175706, "Longitude": -90.0072616264159, "ObjectId": 11278, "GlobalID": "fa7815c7-51c6-4694-87bc-6d42a6fb5ade"}}, {"type": "Feature", "id": 11294, "geometry": {"type": "Point", "coordinates": [-89.898663142752, 35.3371884646704]}, "properties": {"Record_ID": "COM-ADD-21-000015", "Issued_Date": 1619154000000, "Sub_Type": "Commercial", "Construction_Type": "Addition", "Valuation": 80800, "Address": "4888 BILL KNIGHT RD", "City": "MILLINGTON", "Description": "Add two walls, electrical outlets, exhaust fan, utility sink and an awing to the maintenance building for the Millington Housing Authority.", "ZIP_Code": null, "State": "TN", "Latitude": 35.33718846467039, "Longitude": -89.89866314275203, "ObjectId": 11294, "GlobalID": "1f57f91a-d086-45d8-b02a-e4554cd435a4"}}, {"type": "Feature", "id": 11300, "geometry": {"type": "Point", "coordinates": [-90.0001426353149, 35.0241235307321]}, "properties": {"Record_ID": "RES-ALT-21-001316", "Issued_Date": 1632718800000, "Sub_Type": "RES", "Construction_Type": "ALT", "Valuation": 6000, "Address": "4537 TAMMY LN", "City": "MEMPHIS", "Description": "Pocket Replacement Windows - Replace 6 Windows", "ZIP_Code": "38116", "State": "TN", "Latitude": 35.02412353073213, "Longitude": -90.00014263531489, "ObjectId": 11300, "GlobalID": "c18c86f3-330a-4ebb-8217-255db31797e9"}}, {"type": "Feature", "id": 11302, "geometry": {"type": "Point", "coordinates": [-89.8957921599633, 35.0882935134768]}, "properties": {"Record_ID": "RES-ALT-22-000562", "Issued_Date": 1651813200000, "Sub_Type": "RES", "Construction_Type": "ALT", "Valuation": 5736, "Address": "1500 MOUNT MORIAH RD", "City": "MEMPHIS", "Description": "INSTALL REPLACEMENT WINDOWS. SAME SIZE AND TYPE.", "ZIP_Code": "38117", "State": "TN", "Latitude": 35.0882935134768, "Longitude": -89.89579215996335, "ObjectId": 11302, "GlobalID": "c621cb3d-10a9-4012-83a7-ae847fcf67da"}}, {"type": "Feature", "id": 11329, "geometry": {"type": "Point", "coordinates": [-89.7126898538394, 35.2565626350065]}, "properties": {"Record_ID": "RES-NEW-21-000230", "Issued_Date": 1620190800000, "Sub_Type": "Residential", "Construction_Type": "New", "Valuation": 515403, "Address": "4871 MAPLE WALK DR", "City": "ARLINGTON", "Description": "CONSTRUCT SINGLE FAMILY DWELLING. 3 CAR GARAGE", "ZIP_Code": null, "State": "TN", "Latitude": 35.256562635006496, "Longitude": -89.71268985383946, "ObjectId": 11329, "GlobalID": "30f8aa06-59eb-48d2-80c3-81aeffab068f"}}, {"type": "Feature", "id": 11334, "geometry": {"type": "Point", "coordinates": [-89.9988691260671, 35.170652501829]}, "properties": {"Record_ID": "RES-ALT-21-001375", "Issued_Date": 1632373200000, "Sub_Type": "RES", "Construction_Type": "ALT", "Valuation": 12000, "Address": "1771 ELDRIDGE AVE", "City": "MEMPHIS", "Description": "Repair roof, repair floor, paint, and repair wall", "ZIP_Code": "38108", "State": "TN", "Latitude": 35.170652501829004, "Longitude": -89.99886912606713, "ObjectId": 11334, "GlobalID": "244632ed-0a12-42ab-bf65-181da26e182d"}}, {"type": "Feature", "id": 11359, "geometry": {"type": "Point", "coordinates": [-89.8575511742067, 35.0320165228949]}, "properties": {"Record_ID": "RES-ALT-22-000595", "Issued_Date": 1652245200000, "Sub_Type": "RES", "Construction_Type": "ALT", "Valuation": 11124, "Address": "4261 RUNNINGBROOK CV", "City": "MEMPHIS", "Description": "Pocket Replacement Windows - Replace 9 Windows", "ZIP_Code": "38141", "State": "TN", "Latitude": 35.032016522894935, "Longitude": -89.85755117420666, "ObjectId": 11359, "GlobalID": "01f935b8-80ad-4513-b48b-55a4206f7e31"}}, {"type": "Feature", "id": 11360, "geometry": {"type": "Point", "coordinates": [-89.8065211897079, 35.010677524868]}, "properties": {"Record_ID": "RES-NEW-22-000413", "Issued_Date": 1653627600000, "Sub_Type": "RES", "Construction_Type": "NEW", "Valuation": 298556, "Address": "5043 GRANITE CREEK RD", "City": "MEMPHIS", "Description": "New Single Family Residence with double garage", "ZIP_Code": "38125", "State": "TN", "Latitude": 35.01067752486803, "Longitude": -89.80652118970794, "ObjectId": 11360, "GlobalID": "5dc21f82-e7a2-4273-9575-d37f59f285b1"}}, {"type": "Feature", "id": 11362, "geometry": {"type": "Point", "coordinates": [-89.8699351642579, 35.1319525037302]}, "properties": {"Record_ID": "RES-ALT-21-000624", "Issued_Date": 1623214800000, "Sub_Type": "Residential", "Construction_Type": "Alteration", "Valuation": 24000, "Address": "5754 WOODBRIAR CV", "City": "MEMPHIS", "Description": "Kitchen remodel. We will remove one existing wall to open up the space.", "ZIP_Code": null, "State": "TN", "Latitude": 35.131952503730254, "Longitude": -89.86993516425791, "ObjectId": 11362, "GlobalID": "7f331a38-a2da-4ba5-ad67-640adcb49b73"}}, {"type": "Feature", "id": 11363, "geometry": {"type": "Point", "coordinates": [-89.7510497019024, 35.0593135128192]}, "properties": {"Record_ID": "RES-ADD-21-000505", "Issued_Date": 1631768400000, "Sub_Type": "RES", "Construction_Type": "ADD", "Valuation": 80000, "Address": "3246 HOLLOW CREEK RD", "City": "GERMANTOWN", "Description": "Addition of exercise room to principal structure.", "ZIP_Code": "38138", "State": "TN", "Latitude": 35.059313512819244, "Longitude": -89.75104970190236, "ObjectId": 11363, "GlobalID": "aa3ae597-5030-40f8-825b-66aef4b87f6b"}}, {"type": "Feature", "id": 11370, "geometry": {"type": "Point", "coordinates": [-89.7189466992819, 35.2352544766989]}, "properties": {"Record_ID": "RES-NEW-22-000346", "Issued_Date": 1651726800000, "Sub_Type": "RES", "Construction_Type": "NEW", "Valuation": 400000, "Address": "10266 WADING HERON DR", "City": "LAKELAND", "Description": "4 Bedroom, 3.5 Bath Residential Brick House", "ZIP_Code": "38002", "State": "TN", "Latitude": 35.23525447669886, "Longitude": -89.71894669928193, "ObjectId": 11370, "GlobalID": "f85f7fd5-facd-4262-bf2b-3926a3860832"}}, {"type": "Feature", "id": 11387, "geometry": {"type": "Point", "coordinates": [-89.7125161988791, 35.2684014698889]}, "properties": {"Record_ID": "RES-NEW-21-000547", "Issued_Date": 1631768400000, "Sub_Type": "RES", "Construction_Type": "NEW", "Valuation": 294109, "Address": "5216 SAFFRON SPRING RD", "City": "ARLINGTON", "Description": "Building a single family residence w/ a 2 car garage.", "ZIP_Code": "38002", "State": "TN", "Latitude": 35.268401469888914, "Longitude": -89.71251619887909, "ObjectId": 11387, "GlobalID": "c8a442ab-f66f-493e-81d4-f2e543c8ed6b"}}, {"type": "Feature", "id": 11406, "geometry": {"type": "Point", "coordinates": [-89.7239804731864, 35.1591319599366]}, "properties": {"Record_ID": "RES-NEW-22-000349", "Issued_Date": 1652331600000, "Sub_Type": "RES", "Construction_Type": "NEW", "Valuation": 288153, "Address": "10144 AMBERTON CV", "City": "CORDOVA", "Description": "Building a single family residence w/ a 2 car garage.", "ZIP_Code": "38018", "State": "TN", "Latitude": 35.15913195993656, "Longitude": -89.7239804731864, "ObjectId": 11406, "GlobalID": "a4f85137-9734-451f-8e1d-62a65ae4388d"}}, {"type": "Feature", "id": 11427, "geometry": {"type": "Point", "coordinates": [-89.7499067029542, 35.0480005150045]}, "properties": {"Record_ID": "RES-ALT-21-000217", "Issued_Date": 1615183200000, "Sub_Type": "Residential", "Construction_Type": "Alteration", "Valuation": 65000, "Address": "3656 GREEN FOREST CV", "City": "GERMANTOWN", "Description": "Installing 32 solar panels on existing roof.", "ZIP_Code": null, "State": "TN", "Latitude": 35.04800051500454, "Longitude": -89.74990670295419, "ObjectId": 11427, "GlobalID": "9bd770c6-58d0-41b2-84af-00d0cf8c881f"}}, {"type": "Feature", "id": 11431, "geometry": {"type": "Point", "coordinates": [-89.8273921793873, 35.0805715119825]}, "properties": {"Record_ID": "RES-NEW-21-000366", "Issued_Date": 1622523600000, "Sub_Type": "Residential", "Construction_Type": "New", "Valuation": 920000, "Address": "2459 ALLELON BEND LN", "City": "GERMANTOWN", "Description": "Erect 2-story single family residence with attached 3-car garage", "ZIP_Code": null, "State": "TN", "Latitude": 35.08057151198254, "Longitude": -89.82739217938726, "ObjectId": 11431, "GlobalID": "5d4ff38b-c20f-4a04-bc5d-a8933f0310af"}}, {"type": "Feature", "id": 11440, "geometry": {"type": "Point", "coordinates": [-89.8139056867473, 35.0248165223981]}, "properties": {"Record_ID": "RES-ACC-21-000435", "Issued_Date": 1621400400000, "Sub_Type": "Residential", "Construction_Type": "Accessory", "Valuation": 3969, "Address": "4495 FAIRWIND CV", "City": "MEMPHIS", "Description": "STORAGE SHED", "ZIP_Code": null, "State": "TN", "Latitude": 35.02481652239814, "Longitude": -89.81390568674729, "ObjectId": 11440, "GlobalID": "aaa02f14-f94b-4215-950b-143e5ad86ad1"}}, {"type": "Feature", "id": 11454, "geometry": {"type": "Point", "coordinates": [-89.9264596485044, 35.133797505868]}, "properties": {"Record_ID": "RES-ALT-21-000158", "Issued_Date": 1615356000000, "Sub_Type": "Residential", "Construction_Type": "Alteration", "Valuation": 18500, "Address": "4061 N WALNUT GROVE CIR", "City": "MEMPHIS", "Description": "REPAIR TREE DAMAGED DETACHED GARAGE-RAFTERS, DOCKING,CORNICE, FRAME AND SIDING", "ZIP_Code": null, "State": "TN", "Latitude": 35.13379750586805, "Longitude": -89.9264596485044, "ObjectId": 11454, "GlobalID": "c4a8b27a-37c1-4fbf-9e1f-7dd866551d5a"}}, {"type": "Feature", "id": 11460, "geometry": {"type": "Point", "coordinates": [-90.0523696117519, 35.1636055055907]}, "properties": {"Record_ID": "RES-ADD-22-000184", "Issued_Date": 1653973200000, "Sub_Type": "RES", "Construction_Type": "ADD", "Valuation": 39960, "Address": "118 HARBOR TOWN BLVD", "City": "MEMPHIS", "Description": "Extend existing porch and screens", "ZIP_Code": "38103", "State": "TN", "Latitude": 35.16360550559074, "Longitude": -90.0523696117519, "ObjectId": 11460, "GlobalID": "8fabdf45-643b-4dc0-b362-a4a370bc0aa2"}}, {"type": "Feature", "id": 11480, "geometry": {"type": "Point", "coordinates": [-90.009759129108, 35.0785105204397]}, "properties": {"Record_ID": "RES-ALT-21-000139", "Issued_Date": 1612850400000, "Sub_Type": "Residential", "Construction_Type": "Alteration", "Valuation": 6100, "Address": "1584 ANTONA PL", "City": "MEMPHIS", "Description": "Pocket replacement windows- 9 windows", "ZIP_Code": null, "State": "TN", "Latitude": 35.0785105204397, "Longitude": -90.00975912910802, "ObjectId": 11480, "GlobalID": "01606c5d-d3e9-4848-84f6-10fe94acb2d6"}}, {"type": "Feature", "id": 11492, "geometry": {"type": "Point", "coordinates": [-89.8886281603729, 35.1123235084242]}, "properties": {"Record_ID": "COM-ALT-21-000437", "Issued_Date": 1624424400000, "Sub_Type": "Commercial", "Construction_Type": "Alteration", "Valuation": 88615, "Address": "681 S WHITE STATION RD", "City": "MEMPHIS", "Description": "Interior Build out of salon space. Licensed trades to pull permit under building permit.", "ZIP_Code": null, "State": "TN", "Latitude": 35.112323508424154, "Longitude": -89.88862816037292, "ObjectId": 11492, "GlobalID": "dcefa492-d92d-45f5-95f8-70a1b9be2922"}}, {"type": "Feature", "id": 11502, "geometry": {"type": "Point", "coordinates": [-90.114496604241, 35.0166625372484]}, "properties": {"Record_ID": "RES-ADD-22-000160", "Issued_Date": 1651899600000, "Sub_Type": "RES", "Construction_Type": "ADD", "Valuation": 60000, "Address": "4764 CORO RD", "City": "MEMPHIS", "Description": "Remodel living spaces, adding a bathroom and extension of a bedroom.", "ZIP_Code": "38109", "State": "TN", "Latitude": 35.01666253724839, "Longitude": -90.11449660424103, "ObjectId": 11502, "GlobalID": "77b9a947-3794-47f5-8e66-c2a4419dc3b2"}}, {"type": "Feature", "id": 11516, "geometry": {"type": "Point", "coordinates": [-89.6421362171653, 35.2870854630875]}, "properties": {"Record_ID": "RES-ACC-21-000902", "Issued_Date": 1632891600000, "Sub_Type": "RES", "Construction_Type": "ACC", "Valuation": 3000, "Address": "12491 BULRUSH DR", "City": "MEMPHIS", "Description": "Arbor 8 x 10", "ZIP_Code": "38002", "State": "TN", "Latitude": 35.28708546308749, "Longitude": -89.64213621716526, "ObjectId": 11516, "GlobalID": "62898e4d-2ec4-424c-8f28-5bb55e8926b4"}}, {"type": "Feature", "id": 11520, "geometry": {"type": "Point", "coordinates": [-89.7934981873891, 35.1016945063204]}, "properties": {"Record_ID": "RES-ACC-21-000789", "Issued_Date": 1631682000000, "Sub_Type": "RES", "Construction_Type": "ACC", "Valuation": 2400, "Address": "8090 BREEZY CREEK RD", "City": "GERMANTOWN", "Description": "Storage shed in backyard", "ZIP_Code": "38138", "State": "TN", "Latitude": 35.101694506320435, "Longitude": -89.79349818738913, "ObjectId": 11520, "GlobalID": "ce196d63-5079-4eac-bc50-2fad15804a19"}}, {"type": "Feature", "id": 11545, "geometry": {"type": "Point", "coordinates": [-89.8400191745457, 35.1012175084667]}, "properties": {"Record_ID": "COM-ALT-21-000636", "Issued_Date": 1632373200000, "Sub_Type": "COM", "Construction_Type": "ALT", "Valuation": 54351, "Address": "1755 KIRBY PKWY", "City": "MEMPHIS", "Description": "Alteration to existing space.", "ZIP_Code": "38120", "State": "TN", "Latitude": 35.10121750846674, "Longitude": -89.84001917454566, "ObjectId": 11545, "GlobalID": "7e49be09-155e-43a7-90e2-9fdb90b12e27"}}, {"type": "Feature", "id": 11550, "geometry": {"type": "Point", "coordinates": [-89.7546722016067, 35.0484325151286]}, "properties": {"Record_ID": "RES-ADD-22-000101", "Issued_Date": 1653973200000, "Sub_Type": "RES", "Construction_Type": "ADD", "Valuation": 10000, "Address": "3669 ROMANO WAY W", "City": "GERMANTOWN", "Description": "11' out x 21' wide v-joint & metal top pergola attached to the house", "ZIP_Code": "38138", "State": "TN", "Latitude": 35.048432515128596, "Longitude": -89.75467220160674, "ObjectId": 11550, "GlobalID": "1a168f40-becd-43c3-b9e0-98354ad7892d"}}, {"type": "Feature", "id": 11569, "geometry": {"type": "Point", "coordinates": [-90.0427846188892, 35.0952865185987]}, "properties": {"Record_ID": "RES-ALT-21-000354", "Issued_Date": 1616734800000, "Sub_Type": "Residential", "Construction_Type": "Alteration", "Valuation": 5096, "Address": "1812 S ORLEANS ST", "City": "MEMPHIS", "Description": "INSTALL REPLACEMENT WINDOWS. SAME SIZE AND TYPE", "ZIP_Code": null, "State": "TN", "Latitude": 35.09528651859872, "Longitude": -90.04278461888926, "ObjectId": 11569, "GlobalID": "95c2ef80-fab9-4c9b-8a12-ab19561b3228"}}, {"type": "Feature", "id": 11573, "geometry": {"type": "Point", "coordinates": [-89.9993731363567, 35.0113885332096]}, "properties": {"Record_ID": "RES-ALT-21-001297", "Issued_Date": 1632718800000, "Sub_Type": "RES", "Construction_Type": "ALT", "Valuation": 7776, "Address": "4983 CHILDS DR", "City": "MEMPHIS", "Description": "Pocket Replacement Windows - Replace 8 Windows", "ZIP_Code": "38116", "State": "TN", "Latitude": 35.011388533209626, "Longitude": -89.99937313635671, "ObjectId": 11573, "GlobalID": "1e81af89-4efa-4316-92b1-d0b89f0e43b6"}}, {"type": "Feature", "id": 11577, "geometry": {"type": "Point", "coordinates": [-90.0313816271922, 35.0164105336302]}, "properties": {"Record_ID": "B1052491", "Issued_Date": 1615356000000, "Sub_Type": "Residential", "Construction_Type": "Alteration", "Valuation": 6000, "Address": "1040 WHITEHAVEN LN", "City": "MEMPHIS", "Description": "FRAMING WORK", "ZIP_Code": null, "State": "TN", "Latitude": 35.01641053363023, "Longitude": -90.03138162719223, "ObjectId": 11577, "GlobalID": "3a53af18-da5c-4f6e-bbfe-adfb264f7de7"}}, {"type": "Feature", "id": 11579, "geometry": {"type": "Point", "coordinates": [-89.7560176946391, 35.1495384952292]}, "properties": {"Record_ID": "RES-NEW-21-000485", "Issued_Date": 1625029200000, "Sub_Type": "Residential", "Construction_Type": "New", "Valuation": 470559, "Address": "997 ROCKY OAKS TRL", "City": "CORDOVA", "Description": "SINGLE FAMILY HOUSE, 5 BEDS, 4.5 BATHS, 3 CAR GARAGE", "ZIP_Code": null, "State": "TN", "Latitude": 35.1495384952292, "Longitude": -89.75601769463906, "ObjectId": 11579, "GlobalID": "efed30eb-ec76-40d9-a366-c8f7487c530a"}}, {"type": "Feature", "id": 11583, "geometry": {"type": "Point", "coordinates": [-90.0470551131918, 35.1640285052715]}, "properties": {"Record_ID": "COM-ALT-21-000449", "Issued_Date": 1631250000000, "Sub_Type": "COM", "Construction_Type": "ALT", "Valuation": 7500000, "Address": "46 KEEL AVE", "City": "MEMPHIS", "Description": "Tenant infill of office headquarter in 2 existing historic buildings. \nExisting buildings have a concrete beam and column structure with brick and window infill on exterior. \nAll existing concrete beams and columns to remain.", "ZIP_Code": "38107", "State": "TN", "Latitude": 35.16402850527147, "Longitude": -90.04705511319179, "ObjectId": 11583, "GlobalID": "900991f5-12f5-4b74-9d96-652626d81068"}}, {"type": "Feature", "id": 11584, "geometry": {"type": "Point", "coordinates": [-89.8149226851406, 35.0452105184141]}, "properties": {"Record_ID": "RES-ALT-21-001042", "Issued_Date": 1631682000000, "Sub_Type": "RES", "Construction_Type": "ALT", "Valuation": 9125, "Address": "3782 KENNINGS DR", "City": "MEMPHIS", "Description": "deck repair, new window install, &, new ext door unit.", "ZIP_Code": "38125", "State": "TN", "Latitude": 35.04521051841414, "Longitude": -89.81492268514056, "ObjectId": 11584, "GlobalID": "2d380045-104a-4ae9-a65e-cb4719e48c2f"}}, {"type": "Feature", "id": 11601, "geometry": {"type": "Point", "coordinates": [-89.8566286659435, 35.1623814971481]}, "properties": {"Record_ID": "COM-ALT-21-000167", "Issued_Date": 1630990800000, "Sub_Type": "COM", "Construction_Type": "ALT", "Valuation": 14782, "Address": "6196 MACON RD", "City": "MEMPHIS", "Description": "no major changes just a little painting walls.", "ZIP_Code": "38134", "State": "TN", "Latitude": 35.16238149714811, "Longitude": -89.85662866594349, "ObjectId": 11601, "GlobalID": "6e394382-8221-4dde-95d6-5d5718943fc2"}}, {"type": "Feature", "id": 11646, "geometry": {"type": "Point", "coordinates": [0, 0]}, "properties": {"Record_ID": "RES-ALT-21-000491", "Issued_Date": 1619758800000, "Sub_Type": "Residential", "Construction_Type": "Alteration", "Valuation": 12000, "Address": "12502 LINDEN OAK DR", "City": "MEMPHIS", "Description": "WE ARE FINISHING AN UNFINISHED BATHROOM. WE ARE NOT USING A GENERAL CONTRACTOR, BUT WE ARE CALLING CONTRACTORS SEPERATELY TO DO THE WORK. WE ARE CALLING PLUMBER, ELECTRICIAN, AND ANOTHER CONTRACTOR TO DO THE FRAMING, INSULATION, DRYWALL, TILING AND PAINTING.", "ZIP_Code": null, "State": "TN", "Latitude": 0, "Longitude": 0, "ObjectId": 11646, "GlobalID": "523acd4b-d251-47fe-84e2-68b831c53b1b"}}, {"type": "Feature", "id": 11673, "geometry": {"type": "Point", "coordinates": [-89.6645732126936, 35.2605174693137]}, "properties": {"Record_ID": "COM-NEW-22-000037", "Issued_Date": 1653282000000, "Sub_Type": "COM", "Construction_Type": "NEW", "Valuation": 685000, "Address": "4930 AIRLINE RD", "City": "ARLINGTON", "Description": "A new C-store located at the corner of Airline Road & Arlington Trails", "ZIP_Code": "38002", "State": "TN", "Latitude": 35.26051746931366, "Longitude": -89.66457321269364, "ObjectId": 11673, "GlobalID": "2f49fb7a-db3c-4756-96e1-97013ec79ee4"}}, {"type": "Feature", "id": 11686, "geometry": {"type": "Point", "coordinates": [-89.9594581389302, 35.1406825059746]}, "properties": {"Record_ID": "RES-ALT-21-000895", "Issued_Date": 1630645200000, "Sub_Type": "RES", "Construction_Type": "ALT", "Valuation": 500, "Address": "3015 CRYSTAL AVE", "City": "MEMPHIS", "Description": "To enclose front porch, adding three windows and one door. One window to the east side, two windows and a door to the north side of existing porch. This means adding two walls. No heat, air or electric will be added except for what is there already. The setback is 30FT. from the sidewalk, the porch is 6ft. in depth. No code, zoning or land use restrictions.", "ZIP_Code": "38112", "State": "TN", "Latitude": 35.1406825059746, "Longitude": -89.95945813893024, "ObjectId": 11686, "GlobalID": "8ad9de17-1db9-416a-b675-eaceb4cc5347"}}, {"type": "Feature", "id": 11691, "geometry": {"type": "Point", "coordinates": [-89.9175271483308, 35.1740364975532]}, "properties": {"Record_ID": "RES-NEW-22-000206", "Issued_Date": 1651640400000, "Sub_Type": "RES", "Construction_Type": "NEW", "Valuation": 150000, "Address": "4268 TRUMAN RD", "City": "MEMPHIS", "Description": "Construct new home in owned property", "ZIP_Code": "38108", "State": "TN", "Latitude": 35.17403649755316, "Longitude": -89.91752714833079, "ObjectId": 11691, "GlobalID": "25d60dce-b479-4e03-80dd-13e0c33fe16c"}}, {"type": "Feature", "id": 11707, "geometry": {"type": "Point", "coordinates": [-89.7539341989301, 35.0926945063532]}, "properties": {"Record_ID": "RES-ALT-21-000641", "Issued_Date": 1622696400000, "Sub_Type": "Residential", "Construction_Type": "Alteration", "Valuation": 3381, "Address": "9208 LONGWOOD LN", "City": "GERMANTOWN", "Description": "Install replacement windows. Same size and type.", "ZIP_Code": null, "State": "TN", "Latitude": 35.0926945063532, "Longitude": -89.7539341989301, "ObjectId": 11707, "GlobalID": "4b0a59ea-a83f-4f15-9f7e-e8d81417f2ff"}}, {"type": "Feature", "id": 11708, "geometry": {"type": "Point", "coordinates": [-89.9386681467199, 35.1095335111862]}, "properties": {"Record_ID": "RES-NEW-21-000562", "Issued_Date": 1632718800000, "Sub_Type": "RES", "Construction_Type": "NEW", "Valuation": 175000, "Address": "3654 DOUGLASS AVE", "City": "MEMPHIS", "Description": "This will be a new construction single family residence near the University of Memphis Campus.", "ZIP_Code": "38111", "State": "TN", "Latitude": 35.10953351118623, "Longitude": -89.93866814671988, "ObjectId": 11708, "GlobalID": "b3439531-7d6d-4b7f-8d02-8c9e5f443c36"}}, {"type": "Feature", "id": 11712, "geometry": {"type": "Point", "coordinates": [-89.9177971517015, 35.1215665078931]}, "properties": {"Record_ID": "RES-ACC-21-000129", "Issued_Date": 1614664800000, "Sub_Type": "Residential", "Construction_Type": "Accessory", "Valuation": 199180, "Address": "211 CHERRY CIR W", "City": "MEMPHIS", "Description": "18'x38' SWIMMING POOL/SPA", "ZIP_Code": null, "State": "TN", "Latitude": 35.12156650789309, "Longitude": -89.9177971517015, "ObjectId": 11712, "GlobalID": "fd687d53-2e24-4d64-92da-11be2ed8df92"}}, {"type": "Feature", "id": 11717, "geometry": {"type": "Point", "coordinates": [-89.9239261493023, 35.1323125060483]}, "properties": {"Record_ID": "RES-ALT-21-001361", "Issued_Date": 1632718800000, "Sub_Type": "RES", "Construction_Type": "ALT", "Valuation": 100000, "Address": "61 PINEHURST ST", "City": "MEMPHIS", "Description": "Master bath remodel, , install new windows", "ZIP_Code": "38117", "State": "TN", "Latitude": 35.132312506048265, "Longitude": -89.9239261493023, "ObjectId": 11717, "GlobalID": "89084614-41e1-4309-8aff-ae4387442e0d"}}, {"type": "Feature", "id": 11734, "geometry": {"type": "Point", "coordinates": [-89.969776642645, 35.0403415261954]}, "properties": {"Record_ID": "COM-ALT-21-000771", "Issued_Date": 1631682000000, "Sub_Type": "COM", "Construction_Type": "ALT", "Valuation": 267667, "Address": "2819 HANGAR RD", "City": "MEMPHIS", "Description": "T-Mobile proposes to replace existing ground equipment and antenna equipment \n\nSignal Point Systems will be the general contractor for this project", "ZIP_Code": "38118", "State": "TN", "Latitude": 35.04034152619538, "Longitude": -89.96977664264503, "ObjectId": 11734, "GlobalID": "a84a8ec3-0d1c-4dc7-b19f-8d6a325d237f"}}, {"type": "Feature", "id": 11754, "geometry": {"type": "Point", "coordinates": [-89.7381841998775, 35.1449754953416]}, "properties": {"Record_ID": "RES-NEW-21-000179", "Issued_Date": 1620363600000, "Sub_Type": "Residential", "Construction_Type": "New", "Valuation": 267983, "Address": "9684 WOODLAND BROOK LN S", "City": "CORDOVA", "Description": "Building a single family residence w/ a 2 car garage.", "ZIP_Code": null, "State": "TN", "Latitude": 35.14497549534162, "Longitude": -89.73818419987752, "ObjectId": 11754, "GlobalID": "3565af30-9492-4529-a98d-57ad6e44da8f"}}, {"type": "Feature", "id": 11768, "geometry": {"type": "Point", "coordinates": [-89.9474206436571, 35.1193525096399]}, "properties": {"Record_ID": "RES-NEW-21-000596", "Issued_Date": 1653541200000, "Sub_Type": "RES", "Construction_Type": "NEW", "Valuation": 350000, "Address": "354 ELLSWORTH ST", "City": "MEMPHIS", "Description": "Single family dwelling of brick and wood", "ZIP_Code": "38111", "State": "TN", "Latitude": 35.11935250963989, "Longitude": -89.94742064365713, "ObjectId": 11768, "GlobalID": "7ba9c50f-4a47-4ae2-b03a-a14a4486d64b"}}, {"type": "Feature", "id": 11785, "geometry": {"type": "Point", "coordinates": [-89.9846536309913, 35.1555235041724]}, "properties": {"Record_ID": "RES-NEW-21-000698", "Issued_Date": 1632891600000, "Sub_Type": "RES", "Construction_Type": "NEW", "Valuation": 500000, "Address": "800 WEST DR", "City": "MEMPHIS", "Description": "New single family residence on previously undeveloped parcel at 800 West Drive.", "ZIP_Code": "38112", "State": "TN", "Latitude": 35.155523504172386, "Longitude": -89.98465363099132, "ObjectId": 11785, "GlobalID": "b3623af4-1b2c-46fb-9838-e8424b9a7a7e"}}, {"type": "Feature", "id": 11786, "geometry": {"type": "Point", "coordinates": [-89.8845916568762, 35.1826224944031]}, "properties": {"Record_ID": "RES-ALT-21-001070", "Issued_Date": 1630472400000, "Sub_Type": "RES", "Construction_Type": "ALT", "Valuation": 11800, "Address": "5310 ROCK RIDGE RD S", "City": "MEMPHIS", "Description": "Pocket Replacement Windows - Replace 12 Windows.", "ZIP_Code": "38134", "State": "TN", "Latitude": 35.18262249440314, "Longitude": -89.88459165687615, "ObjectId": 11786, "GlobalID": "d7cdf7b9-67ab-4ecb-860d-04af2b84cf4e"}}, {"type": "Feature", "id": 11866, "geometry": {"type": "Point", "coordinates": [-89.8491811721143, 35.0996335091834]}, "properties": {"Record_ID": "COM-ALT-22-000381", "Issued_Date": 1651467600000, "Sub_Type": "COM", "Construction_Type": "ALT", "Valuation": 63000, "Address": "6363 POPLAR AVE", "City": "MEMPHIS", "Description": "Alteration to existing space. Construction details are listed in the plans attached.", "ZIP_Code": "38119", "State": "TN", "Latitude": 35.099633509183455, "Longitude": -89.8491811721143, "ObjectId": 11866, "GlobalID": "5d718680-c00c-4530-848b-156edf5b98f2"}}, {"type": "Feature", "id": 11871, "geometry": {"type": "Point", "coordinates": [-89.7949741843022, 35.1426534983077]}, "properties": {"Record_ID": "COM-ALT-22-000110", "Issued_Date": 1653368400000, "Sub_Type": "COM", "Construction_Type": "ALT", "Valuation": 132658, "Address": "670 N GERMANTOWN PKWY", "City": "CORDOVA", "Description": "tenant improvement", "ZIP_Code": "38018", "State": "TN", "Latitude": 35.14265349830772, "Longitude": -89.79497418430223, "ObjectId": 11871, "GlobalID": "8e4753f8-4965-4e27-bdf4-40936c020e54"}}, {"type": "Feature", "id": 11891, "geometry": {"type": "Point", "coordinates": [-89.9674636315157, 35.2196394908074]}, "properties": {"Record_ID": "COM-ALT-22-000254", "Issued_Date": 1651467600000, "Sub_Type": "COM", "Construction_Type": "ALT", "Valuation": 110000, "Address": "3345 N RANGE HILLS DR", "City": "MEMPHIS", "Description": "The proposed scope of work for this project includes: Add or replace antennas, ancillary equipment and ground equipment as per plans for an existing carrier on an existing wireless communication facility. Mid South Communications will be the general contractor for this project Cost of Construction will be $110,000", "ZIP_Code": "38127", "State": "TN", "Latitude": 35.21963949080744, "Longitude": -89.96746363151568, "ObjectId": 11891, "GlobalID": "150ce9f6-564f-4228-b9f7-59309945301a"}}, {"type": "Feature", "id": 11922, "geometry": {"type": "Point", "coordinates": [-89.8142836882157, 35.0005705272067]}, "properties": {"Record_ID": "RES-ALT-21-000465", "Issued_Date": 1619672400000, "Sub_Type": "Residential", "Construction_Type": "Alteration", "Valuation": 5120, "Address": "5340 WAGNON CV", "City": "MEMPHIS", "Description": "INSTALL REPLACEMENT WINDOWS. SAME SIZE AND TYPE.", "ZIP_Code": null, "State": "TN", "Latitude": 35.00057052720674, "Longitude": -89.81428368821574, "ObjectId": 11922, "GlobalID": "f846ba85-9afd-43ea-b41d-f483b447552d"}}, {"type": "Feature", "id": 11941, "geometry": {"type": "Point", "coordinates": [-90.0662836101368, 35.1297745128573]}, "properties": {"Record_ID": "RES-ALT-22-000667", "Issued_Date": 1653973200000, "Sub_Type": "RES", "Construction_Type": "ALT", "Valuation": 90000, "Address": "655 S RIVERSIDE DR", "City": "MEMPHIS", "Description": "Kitchen remodel with new cabinets, new paint and relocation of receptacles, adding recess lighting, and moving sink  and electric oven.", "ZIP_Code": "38103", "State": "TN", "Latitude": 35.129774512857324, "Longitude": -90.0662836101368, "ObjectId": 11941, "GlobalID": "4ec29fee-53a8-46c7-aa52-b49e4d35e7fc"}}, {"type": "Feature", "id": 11943, "geometry": {"type": "Point", "coordinates": [-89.8887091672583, 35.0063665293305]}, "properties": {"Record_ID": "COM-ALT-21-000462", "Issued_Date": 1630558800000, "Sub_Type": "COM", "Construction_Type": "ALT", "Valuation": 169200, "Address": "5234 E HOLMES RD", "City": "MEMPHIS", "Description": "Remove all equipment from handrail and install new equipment on new corral on the tank.", "ZIP_Code": "38118", "State": "TN", "Latitude": 35.006366529330506, "Longitude": -89.88870916725831, "ObjectId": 11943, "GlobalID": "6be2e9ac-0de2-4661-8297-695ac54f69b9"}}, {"type": "Feature", "id": 12003, "geometry": {"type": "Point", "coordinates": [-89.6767097173474, 35.1383154939439]}, "properties": {"Record_ID": "RES-NEW-21-000076", "Issued_Date": 1620709200000, "Sub_Type": "Residential", "Construction_Type": "New", "Valuation": 86172, "Address": "450 REID HOOKER RD N", "City": "EADS", "Description": "Install a manufactured home.", "ZIP_Code": null, "State": "TN", "Latitude": 35.138315493943914, "Longitude": -89.6767097173474, "ObjectId": 12003, "GlobalID": "29f5bf4e-da28-44db-b679-cb13e6d5058e"}}, {"type": "Feature", "id": 12004, "geometry": {"type": "Point", "coordinates": [-90.0559786208621, 35.0093635361041]}, "properties": {"Record_ID": "RES-ALT-21-000234", "Issued_Date": 1614319200000, "Sub_Type": "Residential", "Construction_Type": "Alteration", "Valuation": 6355, "Address": "5054 NEELY RD", "City": "MEMPHIS", "Description": "INSTALL REPLACEMENT WINDOWS. SAME SIZE & TYPE", "ZIP_Code": null, "State": "TN", "Latitude": 35.00936353610408, "Longitude": -90.05597862086215, "ObjectId": 12004, "GlobalID": "a8256c91-868a-4193-b6c3-a0df2a358116"}}, {"type": "Feature", "id": 12013, "geometry": {"type": "Point", "coordinates": [-89.9111281525176, 35.1372445045106]}, "properties": {"Record_ID": "RES-ADD-21-000098", "Issued_Date": 1616562000000, "Sub_Type": "Residential", "Construction_Type": "Addition", "Valuation": 239049, "Address": "4490 MINDEN RD", "City": "MEMPHIS", "Description": "RESIDENTIAL ADDITION- BEDROOM, BATHROOM, COVERED PATIO", "ZIP_Code": null, "State": "TN", "Latitude": 35.137244504510626, "Longitude": -89.91112815251756, "ObjectId": 12013, "GlobalID": "8c9f079c-e333-4349-8c82-0cae3bd49128"}}, {"type": "Feature", "id": 12021, "geometry": {"type": "Point", "coordinates": [-89.7245386488007, 35.1585250880028]}, "properties": {"Record_ID": "RES-NEW-22-000388", "Issued_Date": 1653368400000, "Sub_Type": "RES", "Construction_Type": "NEW", "Valuation": 285123, "Address": "1218 PENNOCK DR", "City": "CORDOVA", "Description": "Building a single family residence w/ a 2 car garage.", "ZIP_Code": "38018", "State": "TN", "Latitude": 35.158525088002825, "Longitude": -89.72453864880067, "ObjectId": 12021, "GlobalID": "b99581e2-e54f-4681-ac44-61d5e44e7f9c"}}, {"type": "Feature", "id": 12062, "geometry": {"type": "Point", "coordinates": [-90.0221026287613, 35.0316385302192]}, "properties": {"Record_ID": "COM-ALT-22-000081", "Issued_Date": 1651726800000, "Sub_Type": "COM", "Construction_Type": "ALT", "Valuation": 350000, "Address": "1300 WESLEY DR", "City": "MEMPHIS", "Description": "Renovation of Medical Space", "ZIP_Code": "38116", "State": "TN", "Latitude": 35.031638530219226, "Longitude": -90.02210262876132, "ObjectId": 12062, "GlobalID": "8bad141e-49cd-47c8-90ff-1e8bf54c3009"}}, {"type": "Feature", "id": 12080, "geometry": {"type": "Point", "coordinates": [-89.8925116588546, 35.1191095072588]}, "properties": {"Record_ID": "RES-NEW-21-000692", "Issued_Date": 1632805200000, "Sub_Type": "RES", "Construction_Type": "NEW", "Valuation": 459100, "Address": "4993 GREENWAY AVE", "City": "MEMPHIS", "Description": "single family home", "ZIP_Code": "38117", "State": "TN", "Latitude": 35.119109507258806, "Longitude": -89.8925116588546, "ObjectId": 12080, "GlobalID": "0f0d61d9-b0e3-4f95-8216-e42805949b31"}}, {"type": "Feature", "id": 12085, "geometry": {"type": "Point", "coordinates": [-90.092964111285, 34.999724539635]}, "properties": {"Record_ID": "RES-NEW-21-000049", "Issued_Date": 1614060000000, "Sub_Type": "Residential", "Construction_Type": "New", "Valuation": 178600, "Address": "861 RUBY CREEK CV", "City": "MEMPHIS", "Description": "SFR WITH DOUBLE CAR GARAGE", "ZIP_Code": null, "State": "TN", "Latitude": 34.99972453963505, "Longitude": -90.09296411128496, "ObjectId": 12085, "GlobalID": "5b09cc8b-fa26-4dcf-8239-b466fda12fad"}}, {"type": "Feature", "id": 12103, "geometry": {"type": "Point", "coordinates": [-89.7929222369181, 35.1737584536023]}, "properties": {"Record_ID": "COM-ALT-21-000728", "Issued_Date": 1646200800000, "Sub_Type": "COM", "Construction_Type": "ALT", "Valuation": 13000, "Address": "1770 N GERMANTOWN PKWY", "City": "CORDOVA", "Description": "Addition of another bathroom.  Walls will be added and new plumbing and electrical in the rear of the building for a small bathroom.", "ZIP_Code": "38016", "State": "TN", "Latitude": 35.17375845360227, "Longitude": -89.79292223691812, "ObjectId": 12103, "GlobalID": "1c27012f-bd73-4385-8d12-2e661f5b028a"}}, {"type": "Feature", "id": 12108, "geometry": {"type": "Point", "coordinates": [-89.8132891774644, 35.1696084938061]}, "properties": {"Record_ID": "COM-ALT-22-000279", "Issued_Date": 1653282000000, "Sub_Type": "COM", "Construction_Type": "ALT", "Valuation": 105000, "Address": "1665 APPLING RD", "City": "CORDOVA", "Description": "The proposed scope of work for this project includes: Add or replace antennas, ancillary equipment and ground equipment as per plans for an existing carrier on an existing wireless communication facility. NIS will be the general contractor for this project.  Cost of Construction will be $105,000", "ZIP_Code": "38016", "State": "TN", "Latitude": 35.169608493806145, "Longitude": -89.81328917746436, "ObjectId": 12108, "GlobalID": "b3b1cb23-ce77-4c36-838e-15cf7d3eb8b9"}}, {"type": "Feature", "id": 12118, "geometry": {"type": "Point", "coordinates": [-90.009709631225, 35.0463265267776]}, "properties": {"Record_ID": "RES-ALT-21-001268", "Issued_Date": 1631250000000, "Sub_Type": "RES", "Construction_Type": "ALT", "Valuation": 86405, "Address": "1617 LEHR DR", "City": "MEMPHIS", "Description": "Repair after Fire", "ZIP_Code": "38116", "State": "TN", "Latitude": 35.04632652677756, "Longitude": -90.00970963122502, "ObjectId": 12118, "GlobalID": "12a30ca2-1362-41c7-b6fd-c686921e06dc"}}, {"type": "Feature", "id": 12119, "geometry": {"type": "Point", "coordinates": [-89.827441678452, 35.0946925091988]}, "properties": {"Record_ID": "RES-ADD-22-000175", "Issued_Date": 1652763600000, "Sub_Type": "RES", "Construction_Type": "ADD", "Valuation": 157420, "Address": "1970 VAL VERDE DR", "City": "GERMANTOWN", "Description": "Renovation within existing home footprint with conditioned space increase.\nKitchen Renovation - Footprint Increase to 600SF, Cabinet Replacement, Doorway Enlargement\nCarport area - converted to living space with bedroom, 1.5 baths, mudroom/entry hall.\nConventional foundation for new living space.\nApprox. 600SF increase to interior space.", "ZIP_Code": "38138", "State": "TN", "Latitude": 35.09469250919878, "Longitude": -89.82744167845203, "ObjectId": 12119, "GlobalID": "ec978a3c-01a9-43b0-9d03-14e6a0675b8f"}}, {"type": "Feature", "id": 12139, "geometry": {"type": "Point", "coordinates": [-89.6757107092035, 35.2666014686097]}, "properties": {"Record_ID": "RES-ADD-20-000239", "Issued_Date": 1609826400000, "Sub_Type": "Residential", "Construction_Type": "ADD", "Valuation": 20000, "Address": "5217 MELANIE CREEK CV", "City": "ARLINGTON", "Description": "5 X12 DORMER W/ FULL BATH IN UPSTAIRS BEDROOM", "ZIP_Code": null, "State": "TN", "Latitude": 35.266601468609714, "Longitude": -89.67571070920351, "ObjectId": 12139, "GlobalID": "571888b9-356e-4fdc-93a9-61947e04638f"}}, {"type": "Feature", "id": 12140, "geometry": {"type": "Point", "coordinates": [-89.7659446773775, 35.3693184524377]}, "properties": {"Record_ID": "RES-ADD-21-000155", "Issued_Date": 1620363600000, "Sub_Type": "Residential", "Construction_Type": "Addition", "Valuation": 40000, "Address": "8993 BARRET RD", "City": "MILLINGTON", "Description": "ADD APROX 146 SQ.FT. MST. CLOSET TO EXISTING HOUSE.", "ZIP_Code": null, "State": "TN", "Latitude": 35.369318452437696, "Longitude": -89.76594467737748, "ObjectId": 12140, "GlobalID": "8c8dcfa2-b747-4565-921e-54e677258040"}}, {"type": "Feature", "id": 12150, "geometry": {"type": "Point", "coordinates": [-89.6348507190881, 35.2885794624701]}, "properties": {"Record_ID": "RES-ACC-21-000869", "Issued_Date": 1631595600000, "Sub_Type": "RES", "Construction_Type": "ACC", "Valuation": 57225, "Address": "5954 BRANDON BROOK DR", "City": "ARLINGTON", "Description": "Install 20'x34' freeform mountain pond shape vinyl liner swimming pool", "ZIP_Code": "38002", "State": "TN", "Latitude": 35.28857946247007, "Longitude": -89.63485071908812, "ObjectId": 12150, "GlobalID": "b8a3ad1b-1d32-4218-92ce-4522608a5488"}}, {"type": "Feature", "id": 12173, "geometry": {"type": "Point", "coordinates": [-89.7381841998775, 35.1449754953416]}, "properties": {"Record_ID": "RES-NEW-21-000306", "Issued_Date": 1621573200000, "Sub_Type": "Residential", "Construction_Type": "New", "Valuation": 276299, "Address": "9661 WOODLAND BROOK LN S", "City": "CORDOVA", "Description": "Building a single family residence w/ a 2 car garage.", "ZIP_Code": null, "State": "TN", "Latitude": 35.14497549534162, "Longitude": -89.73818419987752, "ObjectId": 12173, "GlobalID": "8774e02e-06e7-43e7-9b0f-1c73570d8fe4"}}, {"type": "Feature", "id": 12178, "geometry": {"type": "Point", "coordinates": [-89.7386341998124, 35.1440664955407]}, "properties": {"Record_ID": "RES-NEW-22-000239", "Issued_Date": 1651726800000, "Sub_Type": "RES", "Construction_Type": "NEW", "Valuation": 425210, "Address": "9730 WOODLAND FOX LN N", "City": "CORDOVA", "Description": "Building a single family residence w/ a 2 car garage.", "ZIP_Code": "38018", "State": "TN", "Latitude": 35.144066495540756, "Longitude": -89.73863419981235, "ObjectId": 12178, "GlobalID": "1b54b34e-c2ec-4f04-ac6f-6be573123c5b"}}, {"type": "Feature", "id": 12182, "geometry": {"type": "Point", "coordinates": [-89.8723426608978, 35.1730014957535]}, "properties": {"Record_ID": "COM-ADD-21-000004", "Issued_Date": 1632373200000, "Sub_Type": "COM", "Construction_Type": "ADD", "Valuation": 4000000, "Address": "5700 PLEASANT VIEW RD", "City": "MEMPHIS", "Description": "Office & cold room expansion to an existing lab. Existing lab to be renovated.", "ZIP_Code": "38134", "State": "TN", "Latitude": 35.173001495753525, "Longitude": -89.8723426608978, "ObjectId": 12182, "GlobalID": "5b447351-773b-4937-b337-c6fc34837b30"}}, {"type": "Feature", "id": 12191, "geometry": {"type": "Point", "coordinates": [-89.8829176525453, 35.255288480042]}, "properties": {"Record_ID": "COM-ALT-22-000402", "Issued_Date": 1652936400000, "Sub_Type": "COM", "Construction_Type": "ALT", "Valuation": 45000, "Address": "5445 BOLEN HUSE RD", "City": "MEMPHIS", "Description": "Modification of existing cell tower equipment for existing carrier, Verizon Wireless (applicant). Remove/replace/add antennas and other minor tower equipment to existing configuration. No increase in tower height or compound expansion.", "ZIP_Code": "38128", "State": "TN", "Latitude": 35.25528848004204, "Longitude": -89.88291765254532, "ObjectId": 12191, "GlobalID": "e78465cb-af34-4aa7-9317-06f690cab608"}}, {"type": "Feature", "id": 12199, "geometry": {"type": "Point", "coordinates": [-89.9446756441155, 35.1239335086165]}, "properties": {"Record_ID": "COM-ALT-21-000068", "Issued_Date": 1613109600000, "Sub_Type": "Commercial", "Construction_Type": "Alteration", "Valuation": 473521, "Address": "274 S HIGHLAND ST", "City": "MEMPHIS", "Description": "replace of 432 exterior windows  in a 13-story high-rise building; 195 sliding and 237 fixed windows", "ZIP_Code": null, "State": "TN", "Latitude": 35.12393350861646, "Longitude": -89.94467564411553, "ObjectId": 12199, "GlobalID": "349c0612-af36-47d1-b3c6-fcb92027136d"}}, {"type": "Feature", "id": 12209, "geometry": {"type": "Point", "coordinates": [-89.770503194864, 35.0846935086626]}, "properties": {"Record_ID": "RES-ALT-21-000997", "Issued_Date": 1630558800000, "Sub_Type": "RES", "Construction_Type": "ALT", "Valuation": 60543, "Address": "8749 GUYBORO CV", "City": "GERMANTOWN", "Description": "Installing 20 solar panels & wiring on existing roof & 1 Enphase battery.", "ZIP_Code": "38139", "State": "TN", "Latitude": 35.084693508662575, "Longitude": -89.77050319486398, "ObjectId": 12209, "GlobalID": "59360f49-4c95-4928-8ecd-dd1156ccf054"}}, {"type": "Feature", "id": 12212, "geometry": {"type": "Point", "coordinates": [-89.9583421397257, 35.1332665073845]}, "properties": {"Record_ID": "RES-ALT-22-000606", "Issued_Date": 1652331600000, "Sub_Type": "RES", "Construction_Type": "ALT", "Valuation": 10000, "Address": "3170 WALNUT GROVE RD", "City": "MEMPHIS", "Description": "Replacement of windows and doors", "ZIP_Code": "38111", "State": "TN", "Latitude": 35.1332665073845, "Longitude": -89.95834213972564, "ObjectId": 12212, "GlobalID": "a7975262-a35c-467e-8b27-f956711a1209"}}, {"type": "Feature", "id": 12222, "geometry": {"type": "Point", "coordinates": [-89.8651066695569, 35.0713285154687]}, "properties": {"Record_ID": "COM-ALT-22-000211", "Issued_Date": 1651813200000, "Sub_Type": "COM", "Construction_Type": "ALT", "Valuation": 65000, "Address": "5959 DEBBIE CREST DR", "City": "MEMPHIS", "Description": "Fire Damage Rehab", "ZIP_Code": "38115", "State": "TN", "Latitude": 35.0713285154687, "Longitude": -89.8651066695569, "ObjectId": 12222, "GlobalID": "33ceea4e-8e46-468e-a5be-5f66fe188b49"}}, {"type": "Feature", "id": 12240, "geometry": {"type": "Point", "coordinates": [-89.6410112175659, 35.2857444633015]}, "properties": {"Record_ID": "RES-NEW-20-000318", "Issued_Date": 1611036000000, "Sub_Type": "Residential", "Construction_Type": "New", "Valuation": 398625, "Address": "5897 LINDEN OAK DR E", "City": "ARLINGTON", "Description": "CONSTRUCT NEW SFR W/ ATTACHED GARAGE (3 CAR)", "ZIP_Code": null, "State": "TN", "Latitude": 35.28574446330152, "Longitude": -89.64101121756593, "ObjectId": 12240, "GlobalID": "aff784a5-ece1-41b7-ae9e-5e4cae5670cf"}}, {"type": "Feature", "id": 12255, "geometry": {"type": "Point", "coordinates": [-89.7191987045455, 35.1540204927193]}, "properties": {"Record_ID": "RES-ACC-21-000696", "Issued_Date": 1632373200000, "Sub_Type": "RES", "Construction_Type": "ACC", "Valuation": 4342, "Address": "1119 MOSSY KNOLL DR", "City": "CORDOVA", "Description": "Putting shed in back yard", "ZIP_Code": "38018", "State": "TN", "Latitude": 35.1540204927193, "Longitude": -89.71919870454548, "ObjectId": 12255, "GlobalID": "b1dd7ecb-b001-4087-862a-dd5bd87a27c9"}}, {"type": "Feature", "id": 12257, "geometry": {"type": "Point", "coordinates": [-89.8228021800067, 35.0905435098127]}, "properties": {"Record_ID": "RES-ALT-21-000587", "Issued_Date": 1623214800000, "Sub_Type": "Residential", "Construction_Type": "Alteration", "Valuation": 1500, "Address": "7212 DONNINGTON DR", "City": "GERMANTOWN", "Description": "Requesting to close in and install garage door on the existing attached carport. I will use all the existing post and headers so no structural members are modified. Will install siding to match existing. I will pour a four inch curb to set bottom treated stud plate and prevent any water intrusion.", "ZIP_Code": null, "State": "TN", "Latitude": 35.090543509812676, "Longitude": -89.82280218000669, "ObjectId": 12257, "GlobalID": "421767e0-fcbe-427c-b676-ca71bc7fd7ba"}}, {"type": "Feature", "id": 12262, "geometry": {"type": "Point", "coordinates": [-90.0150961212501, 35.1757105015558]}, "properties": {"Record_ID": "RES-ALT-22-000567", "Issued_Date": 1651813200000, "Sub_Type": "RES", "Construction_Type": "ALT", "Valuation": 9775, "Address": "1247 LOUISVILLE AVE", "City": "MEMPHIS", "Description": "INSTALL REPLACEMENT WINDOWS. SAME SIZE AND TYPE.", "ZIP_Code": "38107", "State": "TN", "Latitude": 35.17571050155586, "Longitude": -90.01509612125014, "ObjectId": 12262, "GlobalID": "07063182-bff2-4135-8e55-f16011b664ca"}}, {"type": "Feature", "id": 12263, "geometry": {"type": "Point", "coordinates": [-89.9462281451837, 35.101082513185]}, "properties": {"Record_ID": "RES-ALT-21-001383", "Issued_Date": 1632718800000, "Sub_Type": "RES", "Construction_Type": "ALT", "Valuation": 3275, "Address": "3445 VANUYS RD", "City": "MEMPHIS", "Description": "Install replacement windows. Same size and type.", "ZIP_Code": "38111", "State": "TN", "Latitude": 35.10108251318505, "Longitude": -89.94622814518368, "ObjectId": 12263, "GlobalID": "22e33e65-3431-47e1-b2ca-c378eb07868c"}}, {"type": "Feature", "id": 12276, "geometry": {"type": "Point", "coordinates": [-89.9979646352922, 35.0336995287481]}, "properties": {"Record_ID": "RES-ALT-21-001355", "Issued_Date": 1632718800000, "Sub_Type": "RES", "Construction_Type": "ALT", "Valuation": 5000, "Address": "1975 FRANCISCO BLVD", "City": "MEMPHIS", "Description": "Replace damaged  members & ceiling  , Install 2 new windows, Install insulation, Sheet rock", "ZIP_Code": "38116", "State": "TN", "Latitude": 35.03369952874811, "Longitude": -89.99796463529222, "ObjectId": 12276, "GlobalID": "92e7f62b-e868-4f0f-8065-198892abd9cd"}}, {"type": "Feature", "id": 12293, "geometry": {"type": "Point", "coordinates": [-89.9580451324539, 35.2448304854412]}, "properties": {"Record_ID": "RES-ADD-21-000498", "Issued_Date": 1631077200000, "Sub_Type": "RES", "Construction_Type": "ADD", "Valuation": 20000, "Address": "4391 OAKS ROYAL DR", "City": "MEMPHIS", "Description": "We are finishing the upstairs rec room, this area will add 197 additional square feet to the building permit. We are also finishing some additional space upstairs which will be utilized as a bedroom, this area will add an additional 266 square feet to the building permit. \n\nBoth upstairs additions will add a total of 463 total square feet to the building permit.", "ZIP_Code": "38128", "State": "TN", "Latitude": 35.24483048544118, "Longitude": -89.95804513245395, "ObjectId": 12293, "GlobalID": "e2d695ac-da80-4159-a5f7-66dde3da5c0f"}}, {"type": "Feature", "id": 12298, "geometry": {"type": "Point", "coordinates": [-89.75872220178, 35.0284975192468]}, "properties": {"Record_ID": "COM-NEW-21-000042", "Issued_Date": 1623128400000, "Sub_Type": "Commercial", "Construction_Type": "New", "Valuation": 1450000, "Address": "4396 S FOREST HILL IRENE RD", "City": "MEMPHIS", "Description": "NEW CONSTRUCTION OF 5,000 VET CLINIC", "ZIP_Code": null, "State": "TN", "Latitude": 35.028497519246784, "Longitude": -89.75872220178002, "ObjectId": 12298, "GlobalID": "821a94e2-323a-423c-bcba-8fa6319822b5"}}, {"type": "Feature", "id": 12328, "geometry": {"type": "Point", "coordinates": [-89.6906237046647, 35.2727124680687]}, "properties": {"Record_ID": "RES-ACC-21-000418", "Issued_Date": 1619758800000, "Sub_Type": "Residential", "Construction_Type": "Accessory", "Valuation": 4000, "Address": "5398 SHETLAND TRAIL CV", "City": "ARLINGTON", "Description": "OUTDOOR DETACHED COVERED PERGOLA", "ZIP_Code": null, "State": "TN", "Latitude": 35.27271246806867, "Longitude": -89.69062370466466, "ObjectId": 12328, "GlobalID": "1a5691ef-3b0d-427e-bd76-6095c20f8383"}}, {"type": "Feature", "id": 12341, "geometry": {"type": "Point", "coordinates": [-90.0567571151395, 35.0936395195415]}, "properties": {"Record_ID": "COM-ALT-21-000403", "Issued_Date": 1621400400000, "Sub_Type": "Commercial", "Construction_Type": "Alteration", "Valuation": 32000, "Address": "1948 S THIRD ST", "City": "MEMPHIS", "Description": "Interior alterations for new tenant", "ZIP_Code": null, "State": "TN", "Latitude": 35.09363951954154, "Longitude": -90.05675711513946, "ObjectId": 12341, "GlobalID": "8ce58d59-9780-4bd1-9dac-030ab3ac764d"}}, {"type": "Feature", "id": 12346, "geometry": {"type": "Point", "coordinates": [-89.7853441726329, 35.3598144551691]}, "properties": {"Record_ID": "RES-ALT-22-000531", "Issued_Date": 1651726800000, "Sub_Type": "RES", "Construction_Type": "ALT", "Valuation": 7500, "Address": "8612 DONNELL RD", "City": "MILLINGTON", "Description": "Combine living room with sunroom.  Remove the dividing wall to make one room", "ZIP_Code": "38053", "State": "TN", "Latitude": 35.359814455169065, "Longitude": -89.7853441726329, "ObjectId": 12346, "GlobalID": "da54aec4-2f3c-4f7d-8f1f-f587bcd5eb5b"}}, {"type": "Feature", "id": 12360, "geometry": {"type": "Point", "coordinates": [-90.0124051269108, 35.1009025161484]}, "properties": {"Record_ID": "RES-NEW-21-000672", "Issued_Date": 1632805200000, "Sub_Type": "RES", "Construction_Type": "NEW", "Valuation": 77366, "Address": "1656 SILVER ST", "City": "MEMPHIS", "Description": "Single family home: 2 bedrooms and 1 bath", "ZIP_Code": "38106", "State": "TN", "Latitude": 35.10090251614838, "Longitude": -90.01240512691079, "ObjectId": 12360, "GlobalID": "9682e4ee-b045-4b0a-ae0b-9ede728056ae"}}, {"type": "Feature", "id": 12364, "geometry": {"type": "Point", "coordinates": [-89.8088161831187, 35.1021625069036]}, "properties": {"Record_ID": "RES-ACC-21-000443", "Issued_Date": 1622005200000, "Sub_Type": "Residential", "Construction_Type": "Accessory", "Valuation": 115741.54, "Address": "1700 CORDOVA RD", "City": "GERMANTOWN", "Description": "Install an inground gunite swimming pool", "ZIP_Code": null, "State": "TN", "Latitude": 35.10216250690364, "Longitude": -89.80881618311867, "ObjectId": 12364, "GlobalID": "021c5440-00d2-43ef-8bb6-dbd4366bc7e2"}}, {"type": "Feature", "id": 12376, "geometry": {"type": "Point", "coordinates": [-89.7120346990649, 35.2676094700234]}, "properties": {"Record_ID": "RES-NEW-21-000202", "Issued_Date": 1622091600000, "Sub_Type": "Residential", "Construction_Type": "New", "Valuation": 321691, "Address": "10512 LAWRENCEBURG LN", "City": "ARLINGTON", "Description": "Building a single family residence w/ a 3 car garage.", "ZIP_Code": null, "State": "TN", "Latitude": 35.26760947002337, "Longitude": -89.71203469906486, "ObjectId": 12376, "GlobalID": "f7d13c84-4947-4ebb-8137-fb035de1601e"}}, {"type": "Feature", "id": 12377, "geometry": {"type": "Point", "coordinates": [-89.7378062001601, 35.142257495861]}, "properties": {"Record_ID": "RES-NEW-22-000228", "Issued_Date": 1652331600000, "Sub_Type": "RES", "Construction_Type": "NEW", "Valuation": 385315, "Address": "698 WOODLAND FOX LN E", "City": "CORDOVA", "Description": "Building a single family residence w/ a 2 car garage.", "ZIP_Code": "38018", "State": "TN", "Latitude": 35.142257495861045, "Longitude": -89.73780620016007, "ObjectId": 12377, "GlobalID": "242dd6be-d945-4749-bedb-7fb41f731bc1"}}, {"type": "Feature", "id": 12405, "geometry": {"type": "Point", "coordinates": [-89.7393767053107, 35.0566045128414]}, "properties": {"Record_ID": "RES-ACC-21-000548", "Issued_Date": 1632718800000, "Sub_Type": "RES", "Construction_Type": "ACC", "Valuation": 168183.22, "Address": "9731 LIPSEY CV", "City": "GERMANTOWN", "Description": "Install inground gunite swimming pool", "ZIP_Code": "38139", "State": "TN", "Latitude": 35.05660451284141, "Longitude": -89.73937670531068, "ObjectId": 12405, "GlobalID": "e2673f8a-2acb-4558-8fa1-99c93e1f1e50"}}, {"type": "Feature", "id": 12419, "geometry": {"type": "Point", "coordinates": [-89.9156731513269, 35.1362365049103]}, "properties": {"Record_ID": "RES-ALT-20-000828", "Issued_Date": 1611208800000, "Sub_Type": "Residential", "Construction_Type": "ALT", "Valuation": 5900, "Address": "180 WARING RD", "City": "MEMPHIS", "Description": "RENOVATING KITCHEN AND BATHROOMS IN HOME", "ZIP_Code": null, "State": "TN", "Latitude": 35.13623650491028, "Longitude": -89.9156731513269, "ObjectId": 12419, "GlobalID": "3e399b6c-d08c-4680-8c62-4ef6885312e2"}}, {"type": "Feature", "id": 12443, "geometry": {"type": "Point", "coordinates": [-89.8995766586793, 35.0919295129271]}, "properties": {"Record_ID": "RES-ALT-21-001358", "Issued_Date": 1632718800000, "Sub_Type": "RES", "Construction_Type": "ALT", "Valuation": 12000, "Address": "4801 VERNE RD", "City": "MEMPHIS", "Description": "Pocket Replacement Windows - Replace 13 Windows.", "ZIP_Code": "38117", "State": "TN", "Latitude": 35.09192951292713, "Longitude": -89.89957665867925, "ObjectId": 12443, "GlobalID": "7973022f-183b-4a28-9a61-19a299ed9c78"}}, {"type": "Feature", "id": 12493, "geometry": {"type": "Point", "coordinates": [-90.0659596116371, 35.1083005170653]}, "properties": {"Record_ID": "RES-ALT-20-000783", "Issued_Date": 1615870800000, "Sub_Type": "Residential", "Construction_Type": "Alteration", "Valuation": 156000, "Address": "136 GOODLOE AVE", "City": "MEMPHIS", "Description": "Replace electrical, HVAC, plumbing fixtures, wall ceiling and floor finishes on a previously hazardous material abated single family dwelling unit", "ZIP_Code": null, "State": "TN", "Latitude": 35.10830051706527, "Longitude": -90.06595961163708, "ObjectId": 12493, "GlobalID": "e221df4c-cbc8-46d8-8d3b-62be664139c7"}}, {"type": "Feature", "id": 12495, "geometry": {"type": "Point", "coordinates": [-90.0087196270506, 35.1142945133497]}, "properties": {"Record_ID": "RES-ADD-21-000332", "Issued_Date": 1632200400000, "Sub_Type": "RES", "Construction_Type": "ADD", "Valuation": 15000, "Address": "1571 WAVERLY AVE", "City": "MEMPHIS", "Description": "13 x 18 addition to existing home", "ZIP_Code": "38106", "State": "TN", "Latitude": 35.114294513349655, "Longitude": -90.0087196270506, "ObjectId": 12495, "GlobalID": "d64de53e-1046-440f-a007-af55196c31bd"}}, {"type": "Feature", "id": 12510, "geometry": {"type": "Point", "coordinates": [-89.8956166585068, 35.1113065089335]}, "properties": {"Record_ID": "COM-ALT-21-000096", "Issued_Date": 1620363600000, "Sub_Type": "Commercial", "Construction_Type": "Alteration", "Valuation": 152780, "Address": "711 S MENDENHALL RD", "City": "MEMPHIS", "Description": "INTERIOR BUILD OUT SPACE IN SHELL BUILDING", "ZIP_Code": null, "State": "TN", "Latitude": 35.11130650893347, "Longitude": -89.8956166585068, "ObjectId": 12510, "GlobalID": "0af58adc-0880-4fce-b383-da8cbd5f4b5f"}}, {"type": "Feature", "id": 12536, "geometry": {"type": "Point", "coordinates": [-89.858914667766, 35.1249415046244]}, "properties": {"Record_ID": "RES-ADD-21-000307", "Issued_Date": 1630472400000, "Sub_Type": "RES", "Construction_Type": "ADD", "Valuation": 106000, "Address": "199 CLOISTER GREEN CV", "City": "MEMPHIS", "Description": "We are building a large Screened In Porch with Fireplace and Stone work for the floors.\nTongue and a Groove Ceiling.", "ZIP_Code": "38120", "State": "TN", "Latitude": 35.124941504624424, "Longitude": -89.85891466776597, "ObjectId": 12536, "GlobalID": "67b10d91-3a0b-4de5-8613-dc20a69d195f"}}, {"type": "Feature", "id": 12556, "geometry": {"type": "Point", "coordinates": [-89.8291336798125, 35.0666575148052]}, "properties": {"Record_ID": "RES-ACC-21-000410", "Issued_Date": 1624597200000, "Sub_Type": "Residential", "Construction_Type": "Accessory", "Valuation": 7500, "Address": "7031 HEARTHSIDE CV", "City": "MEMPHIS", "Description": "12â€™x20â€™ storage shed", "ZIP_Code": null, "State": "TN", "Latitude": 35.066657514805215, "Longitude": -89.82913367981249, "ObjectId": 12556, "GlobalID": "118fce2e-f9c9-47e5-921e-50551b87108a"}}, {"type": "Feature", "id": 12563, "geometry": {"type": "Point", "coordinates": [-89.7606616875972, 35.2371444781768]}, "properties": {"Record_ID": "RES-ADD-21-000194", "Issued_Date": 1620882000000, "Sub_Type": "Residential", "Construction_Type": "Addition", "Valuation": 18500, "Address": "4095 PHEASANT HILL CV S", "City": "LAKELAND", "Description": "ADDING ON AN AWNING", "ZIP_Code": null, "State": "TN", "Latitude": 35.2371444781768, "Longitude": -89.76066168759723, "ObjectId": 12563, "GlobalID": "f79081c5-c0be-43fd-8fab-8386b8170585"}}, {"type": "Feature", "id": 12597, "geometry": {"type": "Point", "coordinates": [-89.7926251879833, 35.0962945073475]}, "properties": {"Record_ID": "RES-ALT-21-001023", "Issued_Date": 1630558800000, "Sub_Type": "RES", "Construction_Type": "ALT", "Valuation": 9500, "Address": "1900 GRENVILLE DR", "City": "GERMANTOWN", "Description": "Removal of existing interior load bearing wall on first floor. Replace with steel beam(W12x26) to span approx. 21' 9\" as prescribed in the engineer letter provided.", "ZIP_Code": "38138", "State": "TN", "Latitude": 35.09629450734748, "Longitude": -89.79262518798328, "ObjectId": 12597, "GlobalID": "18f8f450-d388-4539-8090-c54077708f7a"}}, {"type": "Feature", "id": 12598, "geometry": {"type": "Point", "coordinates": [-90.064227118167, 35.0157895352014]}, "properties": {"Record_ID": "RES-ADD-21-000060", "Issued_Date": 1613628000000, "Sub_Type": "Residential", "Construction_Type": "Addition", "Valuation": 65000, "Address": "32 W PAXTON LN", "City": "MEMPHIS", "Description": "Fire Repair", "ZIP_Code": null, "State": "TN", "Latitude": 35.015789535201414, "Longitude": -90.06422711816704, "ObjectId": 12598, "GlobalID": "b89b0763-eac4-4f4c-bfaa-39046a764513"}}, {"type": "Feature", "id": 12611, "geometry": {"type": "Point", "coordinates": [-89.9357566488035, 35.0899945149066]}, "properties": {"Record_ID": "RES-ADD-20-000238", "Issued_Date": 1613628000000, "Sub_Type": "Residential", "Construction_Type": "Addition", "Valuation": 8000, "Address": "3801 DUNN RD", "City": "MEMPHIS", "Description": "12 x 26 porch canopy (cover)", "ZIP_Code": null, "State": "TN", "Latitude": 35.089994514906614, "Longitude": -89.93575664880352, "ObjectId": 12611, "GlobalID": "1f389793-84c9-41c8-9c58-7a9c238d8d76"}}, {"type": "Feature", "id": 12620, "geometry": {"type": "Point", "coordinates": [-89.9885731248652, 35.2319604893278]}, "properties": {"Record_ID": "RES-NEW-21-000211", "Issued_Date": 1618894800000, "Sub_Type": "Residential", "Construction_Type": "New", "Valuation": 90000, "Address": "3936 UNIVERSITY ST", "City": "MEMPHIS", "Description": "ERECT SINGLE FAMILY HOME NO GARAGE NO CARPORT", "ZIP_Code": null, "State": "TN", "Latitude": 35.231960489327776, "Longitude": -89.98857312486524, "ObjectId": 12620, "GlobalID": "891e36d7-2261-45b2-a07c-48d30a462827"}}, {"type": "Feature", "id": 12625, "geometry": {"type": "Point", "coordinates": [-89.9601421390296, 35.1362905068692]}, "properties": {"Record_ID": "COM-ALT-21-000122", "Issued_Date": 1614232800000, "Sub_Type": "Commercial", "Construction_Type": "Alteration", "Valuation": 419469.7, "Address": "143 HAYDEN ST", "City": "MEMPHIS", "Description": "THE PROPOSED SCOPE OF WORK WILL CONSIST OF MODIFYING EXISTING TELECOMMUNICATIONS EQUIPMENT ON AN EXISTING TOWER SITE. THE PROPOSED CONSTRUCTION WILL INCLUDE THE INSTALLATION OF ANTENNA(S), CABLE(S) AND ANCILLARY EQUIPMENT ON THE TOWER AND THE INSTALLATION OF ANCILLARY EQUIPMENT ON THE GROUND.", "ZIP_Code": null, "State": "TN", "Latitude": 35.13629050686915, "Longitude": -89.96014213902961, "ObjectId": 12625, "GlobalID": "8558aef7-e62d-44f3-b591-8e70be700792"}}, {"type": "Feature", "id": 12628, "geometry": {"type": "Point", "coordinates": [-89.9033386422156, 35.3258034671118]}, "properties": {"Record_ID": "COM-NEW-21-000052", "Issued_Date": 1615870800000, "Sub_Type": "Commercial", "Construction_Type": "New", "Valuation": 1879521, "Address": "7308 Egret Drive E", "City": "MILLINGTON", "Description": "This multifamily project consists of (5) total residential buildings (R-2) of Type VA construction and a freestanding leasing building (A-3), also of Type VA construction. All residential buildings will be protected with an automatic sprinkler system in accordance with NFPA-13R. The leasing building will not be equipped with an automatic sprinkler system. There will be 80 total units, with a mix of two bedroom and three bedroom units. All residential buildings will be two stories. This building permit application is being submitted for Residential Building #2 at 7308 Egret Drive E. Please refer to the master permit application number COM-NEW-21-000006 for all related construction documents and attachments.", "ZIP_Code": null, "State": "TN", "Latitude": 35.325803467111854, "Longitude": -89.90333864221557, "ObjectId": 12628, "GlobalID": "df07394a-a7c8-4b65-9651-be318394ebef"}}, {"type": "Feature", "id": 12643, "geometry": {"type": "Point", "coordinates": [-89.780137693098, 35.0708605118181]}, "properties": {"Record_ID": "RES-ALT-21-000505", "Issued_Date": 1620795600000, "Sub_Type": "Residential", "Construction_Type": "Alteration", "Valuation": 131990.1, "Address": "8464 POPLAR PIKE", "City": "GERMANTOWN", "Description": "Kitchen remodel to include new cabinets, framing - opening up doorways, electrical, new appliances, new flooring.  Master bath remodel to include new cabinets, new shower, new tub and tilework.", "ZIP_Code": null, "State": "TN", "Latitude": 35.07086051181808, "Longitude": -89.78013769309803, "ObjectId": 12643, "GlobalID": "01e877f9-c736-407b-a734-68f65ce2e88e"}}, {"type": "Feature", "id": 12647, "geometry": {"type": "Point", "coordinates": [-89.7444346942046, 35.205068483773]}, "properties": {"Record_ID": "RES-ACC-21-000839", "Issued_Date": 1632114000000, "Sub_Type": "RES", "Construction_Type": "ACC", "Valuation": 4500, "Address": "9525 CHI CHI CV", "City": "LAKELAND", "Description": "storage shed", "ZIP_Code": "38002", "State": "TN", "Latitude": 35.20506848377298, "Longitude": -89.74443469420463, "ObjectId": 12647, "GlobalID": "b8a51580-c068-4862-bd6d-ed752504e71a"}}, {"type": "Feature", "id": 12650, "geometry": {"type": "Point", "coordinates": [-89.7484081852924, 35.3233644606783]}, "properties": {"Record_ID": "RES-ACC-20-000297", "Issued_Date": 1611208800000, "Sub_Type": "Residential", "Construction_Type": "ACC", "Valuation": 36300, "Address": "9356 OSBORN BEND RD", "City": "ARLINGTON", "Description": "inground swimming pool", "ZIP_Code": null, "State": "TN", "Latitude": 35.323364460678306, "Longitude": -89.74840818529235, "ObjectId": 12650, "GlobalID": "abc3e462-7b42-4a48-bf33-b77b70cd0046"}}, {"type": "Feature", "id": 12688, "geometry": {"type": "Point", "coordinates": [-89.845063679175, 35.008697526952]}, "properties": {"Record_ID": "RES-ALT-21-000630", "Issued_Date": 1623042000000, "Sub_Type": "Residential", "Construction_Type": "Alteration", "Valuation": 10000, "Address": "5086 KENNET CT", "City": "MEMPHIS", "Description": "finish work started on previous expired permit B1084165", "ZIP_Code": null, "State": "TN", "Latitude": 35.008697526952034, "Longitude": -89.84506367917494, "ObjectId": 12688, "GlobalID": "855f1583-e1f2-488c-b91f-cd329afe15ea"}}, {"type": "Feature", "id": 12689, "geometry": {"type": "Point", "coordinates": [-89.8297501618762, 35.3365584617153]}, "properties": {"Record_ID": "RES-ALT-21-001110", "Issued_Date": 1630990800000, "Sub_Type": "RES", "Construction_Type": "ALT", "Valuation": 50000, "Address": "7776 SHAMROCK RD", "City": "MILLINGTON", "Description": "Install new sheetrock, insulation, cabinets, flooring and paint.\n\nSubcontractors to install electric, plumb and HVAC", "ZIP_Code": "38053", "State": "TN", "Latitude": 35.33655846171533, "Longitude": -89.82975016187616, "ObjectId": 12689, "GlobalID": "065bb662-7352-4f10-8498-63da347e7e39"}}, {"type": "Feature", "id": 12690, "geometry": {"type": "Point", "coordinates": [-90.0454171220689, 35.035562530475]}, "properties": {"Record_ID": "RES-ALT-21-000472", "Issued_Date": 1620018000000, "Sub_Type": "Residential", "Construction_Type": "Alteration", "Valuation": 8400, "Address": "4141 SHIRLEY DR", "City": "MEMPHIS", "Description": "Pocket Replacement Windows- 7 Windows", "ZIP_Code": null, "State": "TN", "Latitude": 35.03556253047496, "Longitude": -90.04541712206891, "ObjectId": 12690, "GlobalID": "ced9611a-d5be-43b5-a40b-7771a184cdb2"}}, {"type": "Feature", "id": 12712, "geometry": {"type": "Point", "coordinates": [-89.7939706923409, 35.0236195217589]}, "properties": {"Record_ID": "COM-NEW-21-000280", "Issued_Date": 1651726800000, "Sub_Type": "COM", "Construction_Type": "NEW", "Valuation": 656003, "Address": "4574 CLUB RUN CV", "City": "MEMPHIS", "Description": "Included is a Permit Review Submittal for a Clubhouse building for an Apartment Complex Development. The Clubhouse includes a Pool area, is one story in height.", "ZIP_Code": "38125", "State": "TN", "Latitude": 35.02361952175891, "Longitude": -89.79397069234086, "ObjectId": 12712, "GlobalID": "3edd52ca-ddd5-4661-a6bc-b2051b41c86b"}}, {"type": "Feature", "id": 12744, "geometry": {"type": "Point", "coordinates": [-89.7903057009194, 35.1722023134279]}, "properties": {"Record_ID": "COM-NEW-20-000173", "Issued_Date": 1612504800000, "Sub_Type": "Commercial", "Construction_Type": "New", "Valuation": 15000, "Address": "8176 OLD DEXTER RD", "City": "CORDOVA", "Description": "Renovation of Existing cafÃ©", "ZIP_Code": null, "State": "TN", "Latitude": 35.17220231342789, "Longitude": -89.79030570091945, "ObjectId": 12744, "GlobalID": "a896537c-11d7-44f1-b3db-10866525ed39"}}, {"type": "Feature", "id": 12765, "geometry": {"type": "Point", "coordinates": [-89.7583036984346, 35.0817325087101]}, "properties": {"Record_ID": "RES-ALT-21-001357", "Issued_Date": 1632373200000, "Sub_Type": "RES", "Construction_Type": "ALT", "Valuation": 115641, "Address": "2424 FOREST HILL IRENE RD", "City": "GERMANTOWN", "Description": "Interior kitchen alterations including expanding the width of qty 2 cased openings from kitchen to dining room and kitchen to family room", "ZIP_Code": "38139", "State": "TN", "Latitude": 35.081732508710076, "Longitude": -89.75830369843462, "ObjectId": 12765, "GlobalID": "b00d7767-6019-4d64-bfbf-a4bfeae3df64"}}, {"type": "Feature", "id": 12767, "geometry": {"type": "Point", "coordinates": [-89.9488786429354, 35.1242125087476]}, "properties": {"Record_ID": "RES-ADD-21-000149", "Issued_Date": 1620882000000, "Sub_Type": "Residential", "Construction_Type": "Addition", "Valuation": 400000, "Address": "272 WINDOVER RD", "City": "MEMPHIS", "Description": "ADDITION OF NEW DEN, GARAGE AND UPSTAIRS", "ZIP_Code": null, "State": "TN", "Latitude": 35.124212508747604, "Longitude": -89.94887864293544, "ObjectId": 12767, "GlobalID": "8251dd00-6597-4ea2-8628-93ee30b78864"}}, {"type": "Feature", "id": 12779, "geometry": {"type": "Point", "coordinates": [-90.0282271284757, 35.0100745347403]}, "properties": {"Record_ID": "RES-ALT-21-000373", "Issued_Date": 1618376400000, "Sub_Type": "Residential", "Construction_Type": "Alteration", "Valuation": 10961.81, "Address": "1023 HESTER RD", "City": "MEMPHIS", "Description": "Vinyl Window Installation", "ZIP_Code": null, "State": "TN", "Latitude": 35.010074534740355, "Longitude": -90.02822712847573, "ObjectId": 12779, "GlobalID": "457ee8ad-3bb5-47c9-a731-eb3c5a32711b"}}, {"type": "Feature", "id": 12786, "geometry": {"type": "Point", "coordinates": [-90.0335911182053, 35.1443635085384]}, "properties": {"Record_ID": "COM-ALT-21-000247", "Issued_Date": 1652245200000, "Sub_Type": "COM", "Construction_Type": "ALT", "Valuation": 65000, "Address": "782 WASHINGTON AVE", "City": "MEMPHIS", "Description": "Build901, LLC will be remodeling an existing restaurant space to include new flooring, interior / exterior paint, lighting fixtures, and remodeling existing bathroom space with new fixtures and tile. New cooking appliances will be added in the kitchen area and a new countertop at the front register. We will also be resurfacing and existing exterior deck / patio space with new deck boards and covering.", "ZIP_Code": "38105", "State": "TN", "Latitude": 35.144363508538405, "Longitude": -90.03359111820524, "ObjectId": 12786, "GlobalID": "986d66f2-6944-449e-be8b-91295c2362cf"}}, {"type": "Feature", "id": 12813, "geometry": {"type": "Point", "coordinates": [-89.7966751685762, 35.3735754529756]}, "properties": {"Record_ID": "RES-ALT-21-000782", "Issued_Date": 1624424400000, "Sub_Type": "Residential", "Construction_Type": "Alteration", "Valuation": 25956.17, "Address": "7921 MUDVILLE RD", "City": "MILLINGTON", "Description": "Vinyl Window Installation", "ZIP_Code": null, "State": "TN", "Latitude": 35.37357545297563, "Longitude": -89.79667516857623, "ObjectId": 12813, "GlobalID": "d12b2c42-c77c-44da-ab1f-9d0050a9e817"}}, {"type": "Feature", "id": 12823, "geometry": {"type": "Point", "coordinates": [-89.9408596436949, 35.1464155040223]}, "properties": {"Record_ID": "RES-NEW-21-000679", "Issued_Date": 1632459600000, "Sub_Type": "RES", "Construction_Type": "NEW", "Valuation": 275000, "Address": "550 SEVIER ST", "City": "MEMPHIS", "Description": "single family home w/ att dbl garage", "ZIP_Code": "38122", "State": "TN", "Latitude": 35.146415504022265, "Longitude": -89.9408596436949, "ObjectId": 12823, "GlobalID": "2ac4823a-fade-405f-b807-35dd90e4d9df"}}, {"type": "Feature", "id": 12850, "geometry": {"type": "Point", "coordinates": [-89.8531186693218, 35.1256705042246]}, "properties": {"Record_ID": "COM-ALT-20-000302", "Issued_Date": 1609740000000, "Sub_Type": "Commercial", "Construction_Type": "ALT", "Valuation": 200000, "Address": "6325 HUMPHREYS BLVD", "City": "MEMPHIS", "Description": "Interior remodel, addition of walls, ceilings, flooring, millwork.", "ZIP_Code": null, "State": "TN", "Latitude": 35.1256705042246, "Longitude": -89.85311866932182, "ObjectId": 12850, "GlobalID": "181765b0-c187-4a83-b9d7-69bdd2c16a2a"}}, {"type": "Feature", "id": 12871, "geometry": {"type": "Point", "coordinates": [-89.7661156903557, 35.1722184912047]}, "properties": {"Record_ID": "RES-ALT-21-001267", "Issued_Date": 1631595600000, "Sub_Type": "RES", "Construction_Type": "ALT", "Valuation": 78120, "Address": "1715 SWANSEA CV", "City": "CORDOVA", "Description": "Roof mounted solar panels 12.38 kW, 33 LG375,33 EnphaseIQ7plus", "ZIP_Code": "38016", "State": "TN", "Latitude": 35.17221849120469, "Longitude": -89.76611569035573, "ObjectId": 12871, "GlobalID": "11b8ae35-87b3-4352-8726-7bdd6f400d8c"}}, {"type": "Feature", "id": 12882, "geometry": {"type": "Point", "coordinates": [-89.7236131975095, 35.242526475474]}, "properties": {"Record_ID": "RES-ALT-22-000636", "Issued_Date": 1652763600000, "Sub_Type": "RES", "Construction_Type": "ALT", "Valuation": 40000, "Address": "4265 MOUNT GILLESPIE DR", "City": "LAKELAND", "Description": "Outdoor Living Structure or 14 x 16 \nRemoving existing Concrete \nExpand concrete out for structure and firepit area \nInstall Landscape Drainage pipe", "ZIP_Code": "38002", "State": "TN", "Latitude": 35.242526475474044, "Longitude": -89.72361319750945, "ObjectId": 12882, "GlobalID": "5ff1bd2d-d37b-4765-a899-c982c2eca7e1"}}, {"type": "Feature", "id": 12909, "geometry": {"type": "Point", "coordinates": [-89.8898071650557, 35.0355805236109]}, "properties": {"Record_ID": "COM-ACC-21-000017", "Issued_Date": 1614319200000, "Sub_Type": "Commercial", "Construction_Type": "Accessory", "Valuation": 16140, "Address": "3948 WILLOW LAKE BLVD", "City": "MEMPHIS", "Description": "Install Pallet Rack", "ZIP_Code": null, "State": "TN", "Latitude": 35.03558052361087, "Longitude": -89.88980716505567, "ObjectId": 12909, "GlobalID": "a1e3a9ed-e86c-493b-a027-1deca1b12f7b"}}, {"type": "Feature", "id": 12910, "geometry": {"type": "Point", "coordinates": [-89.8078396773949, 35.1936294888343]}, "properties": {"Record_ID": "RES-ACC-21-000237", "Issued_Date": 1618203600000, "Sub_Type": "Residential", "Construction_Type": "Accessory", "Valuation": 19499, "Address": "7645 REESE RD", "City": "MEMPHIS", "Description": "15 x 30 Stealth swimming pool", "ZIP_Code": null, "State": "TN", "Latitude": 35.19362948883434, "Longitude": -89.80783967739491, "ObjectId": 12910, "GlobalID": "322b9333-d0c4-40e7-aee5-697fb580e399"}}, {"type": "Feature", "id": 12920, "geometry": {"type": "Point", "coordinates": [-89.8835611450666, 35.3651964585045]}, "properties": {"Record_ID": "RES-NEW-22-000309", "Issued_Date": 1651640400000, "Sub_Type": "RES", "Construction_Type": "NEW", "Valuation": 100000, "Address": "8742 WINDSTONE ESTATE DR", "City": "MILLINGTON", "Description": "2-story single family residence with 2 car attached garage.", "ZIP_Code": "38053", "State": "TN", "Latitude": 35.365196458504535, "Longitude": -89.88356114506661, "ObjectId": 12920, "GlobalID": "19bace2a-c7d3-4654-b0ac-f27f10b9657d"}}, {"type": "Feature", "id": 12925, "geometry": {"type": "Point", "coordinates": [-89.8143556750562, 35.2017564875233]}, "properties": {"Record_ID": "RES-ALT-21-001137", "Issued_Date": 1630645200000, "Sub_Type": "RES", "Construction_Type": "ALT", "Valuation": 6680, "Address": "2809 ARBOR LANE CV", "City": "MEMPHIS", "Description": "Install replacement windows. Same size and type.", "ZIP_Code": "38133", "State": "TN", "Latitude": 35.20175648752328, "Longitude": -89.81435567505616, "ObjectId": 12925, "GlobalID": "710d87f4-aec4-49ca-84b8-5213c03a6829"}}, {"type": "Feature", "id": 12930, "geometry": {"type": "Point", "coordinates": [-89.9474206436571, 35.1193525096399]}, "properties": {"Record_ID": "RES-NEW-21-000513", "Issued_Date": 1630645200000, "Sub_Type": "RES", "Construction_Type": "NEW", "Valuation": 350000, "Address": "366 ELLSWORTH ST", "City": "MEMPHIS", "Description": "SINGLE FAMILY DWELING OF BRICK & WOOD", "ZIP_Code": "38111", "State": "TN", "Latitude": 35.11935250963989, "Longitude": -89.94742064365713, "ObjectId": 12930, "GlobalID": "f35c7b3e-9114-497c-be22-0f34a2148149"}}, {"type": "Feature", "id": 12949, "geometry": {"type": "Point", "coordinates": [-89.8262041797401, 35.080202512003]}, "properties": {"Record_ID": "RES-NEW-21-000370", "Issued_Date": 1620190800000, "Sub_Type": "Residential", "Construction_Type": "New", "Valuation": 350000, "Address": "2455 ALLELON CIR E", "City": "GERMANTOWN", "Description": "We are building a new, single-family residence w/ attached 3 car garage", "ZIP_Code": null, "State": "TN", "Latitude": 35.080202512003005, "Longitude": -89.82620417974006, "ObjectId": 12949, "GlobalID": "f0e8bffc-e8fb-416e-afa2-6df239418c7d"}}, {"type": "Feature", "id": 12959, "geometry": {"type": "Point", "coordinates": [-89.9531581411237, 35.1337975070504]}, "properties": {"Record_ID": "RES-ALT-22-000553", "Issued_Date": 1652331600000, "Sub_Type": "RES", "Construction_Type": "ALT", "Valuation": 10000, "Address": "91 N HOLMES ST", "City": "MEMPHIS", "Description": "Replacing windows and doors", "ZIP_Code": "38111", "State": "TN", "Latitude": 35.133797507050396, "Longitude": -89.95315814112368, "ObjectId": 12959, "GlobalID": "96a5b1e8-1eb8-466f-aa35-4daf2954a3fe"}}, {"type": "Feature", "id": 12977, "geometry": {"type": "Point", "coordinates": [-89.8334851713424, 35.177699493107]}, "properties": {"Record_ID": "COM-ALT-22-000351", "Issued_Date": 1652850000000, "Sub_Type": "COM", "Construction_Type": "ALT", "Valuation": 69621, "Address": "6935 APPLING FARMS PKWY", "City": "MEMPHIS", "Description": "interior renovations", "ZIP_Code": "38133", "State": "TN", "Latitude": 35.17769949310698, "Longitude": -89.83348517134236, "ObjectId": 12977, "GlobalID": "2931f39e-988c-45e8-b15e-bd9634cb11e4"}}, {"type": "Feature", "id": 12996, "geometry": {"type": "Point", "coordinates": [-90.032407613185, 35.2253994925685]}, "properties": {"Record_ID": "RES-ALT-22-000698", "Issued_Date": 1653541200000, "Sub_Type": "RES", "Construction_Type": "ALT", "Valuation": 9630.96, "Address": "879 CARROLTON RD", "City": "MEMPHIS", "Description": "Vinyl Window Installation", "ZIP_Code": "38127", "State": "TN", "Latitude": 35.22539949256854, "Longitude": -90.03240761318504, "ObjectId": 12996, "GlobalID": "86854ef5-4471-4ba0-a5c7-7b745c87dac9"}}, {"type": "Feature", "id": 13018, "geometry": {"type": "Point", "coordinates": [-89.6840807060573, 35.2791024665206]}, "properties": {"Record_ID": "RES-NEW-22-000302", "Issued_Date": 1652850000000, "Sub_Type": "RES", "Construction_Type": "NEW", "Valuation": 447715, "Address": "5649 ARDSLEY DR E", "City": "ARLINGTON", "Description": "New Single Family Residence w 2 car garage", "ZIP_Code": "38002", "State": "TN", "Latitude": 35.27910246652064, "Longitude": -89.68408070605729, "ObjectId": 13018, "GlobalID": "747a9db0-a033-459a-a846-31dd21079f1d"}}, {"type": "Feature", "id": 13048, "geometry": {"type": "Point", "coordinates": [-90.0781681118436, 35.0537155283467]}, "properties": {"Record_ID": "RES-ALT-22-000558", "Issued_Date": 1651726800000, "Sub_Type": "RES", "Construction_Type": "ALT", "Valuation": 10885.06, "Address": "419 ELDER RD", "City": "MEMPHIS", "Description": "Installing Vinyl Replacement Windows.", "ZIP_Code": "38109", "State": "TN", "Latitude": 35.05371552834675, "Longitude": -90.07816811184362, "ObjectId": 13048, "GlobalID": "2122cb07-e72c-4bda-9200-d395eb75638b"}}, {"type": "Feature", "id": 13068, "geometry": {"type": "Point", "coordinates": [-89.9956651240607, 35.2144824930754]}, "properties": {"Record_ID": "RES-NEW-22-000341", "Issued_Date": 1652936400000, "Sub_Type": "RES", "Construction_Type": "NEW", "Valuation": 95000, "Address": "3292 DENVER ST", "City": "MEMPHIS", "Description": "Erect single family home no covered parking", "ZIP_Code": "38127", "State": "TN", "Latitude": 35.214482493075366, "Longitude": -89.9956651240607, "ObjectId": 13068, "GlobalID": "f29e2150-5112-4449-8440-1fc056fce70d"}}, {"type": "Feature", "id": 13081, "geometry": {"type": "Point", "coordinates": [-89.9225626371839, 35.3214654688215]}, "properties": {"Record_ID": "RES-NEW-21-000033", "Issued_Date": 1611295200000, "Sub_Type": "Residential", "Construction_Type": "New", "Valuation": 354813, "Address": "4239 DAWSON RIDGE DR", "City": "MILLINGTON", "Description": "TO CONSTRUCT NEW SINGLE FAMILY HOME W/ATTACHED DBL GARAGE", "ZIP_Code": null, "State": "TN", "Latitude": 35.321465468821536, "Longitude": -89.92256263718389, "ObjectId": 13081, "GlobalID": "5d3488de-e772-47c6-93aa-88ddf044c11b"}}, {"type": "Feature", "id": 13082, "geometry": {"type": "Point", "coordinates": [-89.8327381811077, 35.0314315219191]}, "properties": {"Record_ID": "RES-ALT-21-000324", "Issued_Date": 1616389200000, "Sub_Type": "Residential", "Construction_Type": "Alteration", "Valuation": 6699, "Address": "4270 SAND FOX CV", "City": "MEMPHIS", "Description": "INSTALL REPLACEMENT WINDOWS. SAME SIZE & TYPE.", "ZIP_Code": null, "State": "TN", "Latitude": 35.031431521919124, "Longitude": -89.83273818110766, "ObjectId": 13082, "GlobalID": "2f702d03-5706-412d-afee-29288295accb"}}, {"type": "Feature", "id": 13083, "geometry": {"type": "Point", "coordinates": [-89.839033676907, 35.0692135147369]}, "properties": {"Record_ID": "RES-ALT-22-000572", "Issued_Date": 1651726800000, "Sub_Type": "RES", "Construction_Type": "ALT", "Valuation": 8300, "Address": "6732 MILLERS POND CIR", "City": "MEMPHIS", "Description": "Pocket Replacement Windows - Replace 7 Windows", "ZIP_Code": "38119", "State": "TN", "Latitude": 35.06921351473688, "Longitude": -89.83903367690698, "ObjectId": 13083, "GlobalID": "c654c681-971b-4702-9677-e59d9c1a9daf"}}, {"type": "Feature", "id": 13087, "geometry": {"type": "Point", "coordinates": [-89.7243061923675, 35.3174334607705]}, "properties": {"Record_ID": "RES-ACC-21-000139", "Issued_Date": 1617771600000, "Sub_Type": "Residential", "Construction_Type": "Accessory", "Valuation": 110350, "Address": "7030 GRATITUDE CHURCH RD", "City": "ARLINGTON", "Description": "Freeform gunite pool (110 ln ft) and spa", "ZIP_Code": null, "State": "TN", "Latitude": 35.317433460770474, "Longitude": -89.72430619236746, "ObjectId": 13087, "GlobalID": "964f7e48-1a7c-4ebb-8b65-7df98e3455e5"}}, {"type": "Feature", "id": 13113, "geometry": {"type": "Point", "coordinates": [-89.8502971784673, 34.9972945294352]}, "properties": {"Record_ID": "COM-ALT-22-000283", "Issued_Date": 1653454800000, "Sub_Type": "COM", "Construction_Type": "ALT", "Valuation": 1315280, "Address": "6386 GLOBAL DR", "City": "MEMPHIS", "Description": "1,774 SF Office, 30,000 SF concrete pad on NE of Site, Demising Wall separating the BLDG into 2 areas", "ZIP_Code": "38141", "State": "TN", "Latitude": 34.9972945294352, "Longitude": -89.85029717846734, "ObjectId": 13113, "GlobalID": "9f1b173c-da0d-4755-b7a2-d53faa9a54c6"}}, {"type": "Feature", "id": 13117, "geometry": {"type": "Point", "coordinates": [-89.9449141440053, 35.1246085084941]}, "properties": {"Record_ID": "COM-NEW-21-000140", "Issued_Date": 1632114000000, "Sub_Type": "COM", "Construction_Type": "NEW", "Valuation": 1400000, "Address": "262 S HIGHLAND ST", "City": "MEMPHIS", "Description": "New Ground-up construction", "ZIP_Code": "38111", "State": "TN", "Latitude": 35.12460850849414, "Longitude": -89.94491414400532, "ObjectId": 13117, "GlobalID": "4fbb29b5-206d-4397-bf89-3c99b8289af0"}}, {"type": "Feature", "id": 13169, "geometry": {"type": "Point", "coordinates": [-89.9883211311754, 35.1373075079179]}, "properties": {"Record_ID": "RES-ALT-22-000515", "Issued_Date": 1652936400000, "Sub_Type": "RES", "Construction_Type": "ALT", "Valuation": 100000, "Address": "2194 COURT AVE", "City": "MEMPHIS", "Description": "Sheetrock, roof repair (shingles, etc.) due to kitchen fire damage", "ZIP_Code": "38104", "State": "TN", "Latitude": 35.1373075079179, "Longitude": -89.9883211311754, "ObjectId": 13169, "GlobalID": "654ecb4e-1ddc-4bc3-a77f-a4bdb6738027"}}, {"type": "Feature", "id": 13173, "geometry": {"type": "Point", "coordinates": [-89.8889746534263, 35.2165794879189]}, "properties": {"Record_ID": "RES-ALT-21-001278", "Issued_Date": 1630645200000, "Sub_Type": "RES", "Construction_Type": "ALT", "Valuation": 4016, "Address": "5226 BLUERIDGE DR", "City": "MEMPHIS", "Description": "Install replacement windows. Same size and type.", "ZIP_Code": "38134", "State": "TN", "Latitude": 35.216579487918914, "Longitude": -89.88897465342633, "ObjectId": 13173, "GlobalID": "c3696063-17dc-4d86-bbe1-69ded82b26ea"}}, {"type": "Feature", "id": 13190, "geometry": {"type": "Point", "coordinates": [-90.0085216248415, 35.1487555065623]}, "properties": {"Record_ID": "COM-ALT-21-000798", "Issued_Date": 1631768400000, "Sub_Type": "COM", "Construction_Type": "ALT", "Valuation": 73000, "Address": "1545 OVERTON PARK AVE", "City": "MEMPHIS", "Description": "BAR INSTALL FOR RESTUARANT", "ZIP_Code": "38112", "State": "TN", "Latitude": 35.148755506562324, "Longitude": -90.00852162484149, "ObjectId": 13190, "GlobalID": "9b81e104-c98a-407b-965b-efb65e9be4f8"}}, {"type": "Feature", "id": 13192, "geometry": {"type": "Point", "coordinates": [-89.8082851848717, 35.0775475117374]}, "properties": {"Record_ID": "RES-NEW-22-000184", "Issued_Date": 1652072400000, "Sub_Type": "RES", "Construction_Type": "NEW", "Valuation": 596001, "Address": "2606 CANALE TAGG CV", "City": "GERMANTOWN", "Description": "Construction of a new brick home.  Home will be two stories and total squarefootage will be 5,901 sqft. There will be a 3 car garage.  Home will have 5 bedrooms and 5.5 bathrooms.", "ZIP_Code": "38138", "State": "TN", "Latitude": 35.07754751173739, "Longitude": -89.8082851848717, "ObjectId": 13192, "GlobalID": "1fb2ff71-f0ca-426f-ac8d-833fee2343cf"}}, {"type": "Feature", "id": 13195, "geometry": {"type": "Point", "coordinates": [-89.8409956774131, 35.0531125180013]}, "properties": {"Record_ID": "RES-ALT-20-000772", "Issued_Date": 1611554400000, "Sub_Type": "Residential", "Construction_Type": "ALT", "Valuation": 4400, "Address": "3461 HALLSHIRE DR", "City": "MEMPHIS", "Description": "Pocket Replacement Windows- Replace 5 Windows", "ZIP_Code": null, "State": "TN", "Latitude": 35.05311251800128, "Longitude": -89.8409956774131, "ObjectId": 13195, "GlobalID": "8ab67eff-44a5-4ff3-9248-a91fa34c6377"}}, {"type": "Feature", "id": 13204, "geometry": {"type": "Point", "coordinates": [-89.800045690488, 35.0262655215028]}, "properties": {"Record_ID": "RES-ACC-21-000097", "Issued_Date": 1614319200000, "Sub_Type": "Residential", "Construction_Type": "Accessory", "Valuation": 4000, "Address": "4452 BERKELY WOODS DR", "City": "MEMPHIS", "Description": "Patio Cover", "ZIP_Code": null, "State": "TN", "Latitude": 35.02626552150285, "Longitude": -89.80004569048806, "ObjectId": 13204, "GlobalID": "cfd5d5f0-c57e-42ad-aef8-d88781fffb8b"}}, {"type": "Feature", "id": 13212, "geometry": {"type": "Point", "coordinates": [-89.99150262836, 35.1667465022697]}, "properties": {"Record_ID": "RES-ALT-21-000650", "Issued_Date": 1623128400000, "Sub_Type": "Residential", "Construction_Type": "Alteration", "Valuation": 11700, "Address": "1930 EDWARD AVE", "City": "MEMPHIS", "Description": "Pocket replacement window- 12 Windows", "ZIP_Code": null, "State": "TN", "Latitude": 35.16674650226968, "Longitude": -89.99150262836, "ObjectId": 13212, "GlobalID": "55b12c5e-dfe0-464f-ab8a-596d665788db"}}, {"type": "Feature", "id": 13215, "geometry": {"type": "Point", "coordinates": [-89.7691306953155, 35.0835955088189]}, "properties": {"Record_ID": "RES-ALT-21-001280", "Issued_Date": 1632027600000, "Sub_Type": "RES", "Construction_Type": "ALT", "Valuation": 120000, "Address": "2391 CALKINS RD", "City": "GERMANTOWN", "Description": "The project will include remodeling the 2 existing bathrooms, replacing all flooring, trim, doors and painting all rooms in the upstairs of the home.", "ZIP_Code": "38139", "State": "TN", "Latitude": 35.083595508818945, "Longitude": -89.76913069531552, "ObjectId": 13215, "GlobalID": "f3055826-fa23-4ae7-a801-f6446cbe3abd"}}, {"type": "Feature", "id": 13226, "geometry": {"type": "Point", "coordinates": [-89.7386341998124, 35.1440664955407]}, "properties": {"Record_ID": "RES-NEW-21-000600", "Issued_Date": 1631768400000, "Sub_Type": "RES", "Construction_Type": "NEW", "Valuation": 348854, "Address": "9699 WOODLAND FOX LN N", "City": "CORDOVA", "Description": "Single family residence with a double garage", "ZIP_Code": "38018", "State": "TN", "Latitude": 35.144066495540756, "Longitude": -89.73863419981235, "ObjectId": 13226, "GlobalID": "869c3c6a-c7e6-4c4e-8f43-013f4cfa6aea"}}, {"type": "Feature", "id": 13233, "geometry": {"type": "Point", "coordinates": [0, 0]}, "properties": {"Record_ID": "RES-NEW-21-000495", "Issued_Date": 1631768400000, "Sub_Type": "RES", "Construction_Type": "NEW", "Valuation": 213500, "Address": "400 Turley RD 3812", "City": "", "Description": "New SFR with single driveway.", "ZIP_Code": null, "State": "TN", "Latitude": 0, "Longitude": 0, "ObjectId": 13233, "GlobalID": "39728a4e-0c3a-41d9-9536-7811d6c94ff1"}}, {"type": "Feature", "id": 13268, "geometry": {"type": "Point", "coordinates": [-89.9947021366819, 35.0262025300823]}, "properties": {"Record_ID": "RES-ALT-21-001076", "Issued_Date": 1630990800000, "Sub_Type": "RES", "Construction_Type": "ALT", "Valuation": 97771, "Address": "4482 SAINT HONORE DR", "City": "MEMPHIS", "Description": "Roof mounted solar panels 12.75 kW, 34 LG375, 34 EnphaseIQ7plus", "ZIP_Code": "38116", "State": "TN", "Latitude": 35.02620253008234, "Longitude": -89.99470213668187, "ObjectId": 13268, "GlobalID": "1cb6ecc4-2254-4348-aa70-236aca199bc2"}}, {"type": "Feature", "id": 13269, "geometry": {"type": "Point", "coordinates": [-89.9971457494543, 35.1017037462116]}, "properties": {"Record_ID": "B1050511", "Issued_Date": 1624942800000, "Sub_Type": "Commercial", "Construction_Type": "New", "Valuation": 155000, "Address": "1960 WABASH AVE", "City": "MEMPHIS", "Description": "4800 SQ FT TIRE SHOP TO BE BUILT USING PRE ENGINEERED METAL BUILDING", "ZIP_Code": null, "State": "TN", "Latitude": 35.1017037462116, "Longitude": -89.99714574945435, "ObjectId": 13269, "GlobalID": "7479f258-fd3b-474a-91f4-a2ee1cfe9d46"}}, {"type": "Feature", "id": 13272, "geometry": {"type": "Point", "coordinates": [-89.6863262055106, 35.277950466847]}, "properties": {"Record_ID": "RES-NEW-21-000158", "Issued_Date": 1615957200000, "Sub_Type": "Residential", "Construction_Type": "New", "Valuation": 287300, "Address": "11288 ARDSLEY DR S", "City": "ARLINGTON", "Description": "CONSTRUST NEW SFR W/ ATTACHED GARAGE (2 CAR)", "ZIP_Code": null, "State": "TN", "Latitude": 35.277950466846995, "Longitude": -89.68632620551064, "ObjectId": 13272, "GlobalID": "da4f351b-722c-4b0d-b793-71b1376b07cd"}}, {"type": "Feature", "id": 13280, "geometry": {"type": "Point", "coordinates": [-89.8503016726602, 35.0865295118172]}, "properties": {"Record_ID": "RES-ACC-21-000034", "Issued_Date": 1612332000000, "Sub_Type": "Residential", "Construction_Type": "Accessory", "Valuation": 65325, "Address": "2267 Heatherwood CV", "City": "MEMPHIS", "Description": "18'x34' rectangular vinyl liner swimming pool (3.5'-8' approximate depth)", "ZIP_Code": null, "State": "TN", "Latitude": 35.086529511817254, "Longitude": -89.85030167266018, "ObjectId": 13280, "GlobalID": "2a249138-aba9-4004-a7b5-ee9e3a0283f1"}}, {"type": "Feature", "id": 13319, "geometry": {"type": "Point", "coordinates": [-89.9356576298378, 35.3772924584682]}, "properties": {"Record_ID": "RES-ADD-22-000072", "Issued_Date": 1653973200000, "Sub_Type": "RES", "Construction_Type": "ADD", "Valuation": 32000, "Address": "4035 KERR RD", "City": "MILLINGTON", "Description": "Addition of approximately 399sf to existing dwelling, to include one bedroom, one bathroom and a walk-in closet. Addition will be single story uniform width of approximately 15' onto the west end of the existing structure.  Construction will be typical residential with concrete footings and slab on grade, wood framed, and brick or siding exterior compatible with existing structure. Minimal grading will be required.  Utilities for the addition will be extension of utilities serving the existing building, as follows: water and electric - MLGW, gas - propane with tank on-site, sewer - septic system to be approved by Health Department.  A new asphalt shingle roof will be installed on the existing structure and the new addition.", "ZIP_Code": "38053", "State": "TN", "Latitude": 35.37729245846819, "Longitude": -89.93565762983776, "ObjectId": 13319, "GlobalID": "11f7d99c-4235-4496-acf2-3dd13ef08c38"}}, {"type": "Feature", "id": 13347, "geometry": {"type": "Point", "coordinates": [-89.9230351500586, 35.12453650754]}, "properties": {"Record_ID": "RES-ALT-21-000362", "Issued_Date": 1618549200000, "Sub_Type": "Residential", "Construction_Type": "Alteration", "Valuation": 36500, "Address": "205 TUCKAHOE LN", "City": "MEMPHIS", "Description": "Convert 2nd story attic to Exercise room 440 sq. ft.", "ZIP_Code": null, "State": "TN", "Latitude": 35.12453650753995, "Longitude": -89.92303515005857, "ObjectId": 13347, "GlobalID": "1387c9e1-6313-4bb4-bac6-bd996e59f895"}}, {"type": "Feature", "id": 13351, "geometry": {"type": "Point", "coordinates": [-90.0491971119078, 35.1745315033033]}, "properties": {"Record_ID": "RES-ADD-21-000144", "Issued_Date": 1620104400000, "Sub_Type": "Residential", "Construction_Type": "Addition", "Valuation": 32000, "Address": "1296 ISLAND HARBOR DR", "City": "MEMPHIS", "Description": "Construct a 10' X 15' room addition", "ZIP_Code": null, "State": "TN", "Latitude": 35.17453150330333, "Longitude": -90.04919711190776, "ObjectId": 13351, "GlobalID": "ad668ae3-9b47-457e-baa4-b6ae58e76e95"}}, {"type": "Feature", "id": 13384, "geometry": {"type": "Point", "coordinates": [-89.8398616747456, 35.0988235089319]}, "properties": {"Record_ID": "COM-ALT-22-000292", "Issued_Date": 1651208400000, "Sub_Type": "COM", "Construction_Type": "ALT", "Valuation": 90583, "Address": "1779 KIRBY PKWY", "City": "GERMANTOWN", "Description": "Interior Alteration - Adding walls on the second floor to create more offices.", "ZIP_Code": "38138", "State": "TN", "Latitude": 35.0988235089319, "Longitude": -89.83986167474563, "ObjectId": 13384, "GlobalID": "a46f42b4-f3a4-4651-b94b-d9099435b318"}}, {"type": "Feature", "id": 13386, "geometry": {"type": "Point", "coordinates": [-89.918850145292, 35.2145994896358]}, "properties": {"Record_ID": "COM-ALT-22-000472", "Issued_Date": 1653368400000, "Sub_Type": "COM", "Construction_Type": "ALT", "Valuation": 69000, "Address": "3276 POWERS RD", "City": "MEMPHIS", "Description": "T-Mobile upgrade to existing antenna and radio equipment. No change to tower height or footprint. Installing (3) antennas, (3) RRHs, (1) HCS 2.0 pendant, (1) HCS 2.0 trunk. Removing (3)antennas, (3) RRUs, (1) COVP, (1) coax, and (3) TMAs. Replacing (2) ground cabinets. Removing (1) COVP on ground. Installing (1) 200A load center. Installing voltage booster.", "ZIP_Code": "38128", "State": "TN", "Latitude": 35.21459948963575, "Longitude": -89.91885014529204, "ObjectId": 13386, "GlobalID": "5c90447c-2f91-4721-bd8f-1d4f8c4e9761"}}, {"type": "Feature", "id": 13388, "geometry": {"type": "Point", "coordinates": [-89.934294145565, 35.1455785038961]}, "properties": {"Record_ID": "RES-ADD-21-000013", "Issued_Date": 1611900000000, "Sub_Type": "Residential", "Construction_Type": "ADD", "Valuation": 20500, "Address": "3745 SWAN RIDGE CIR N", "City": "MEMPHIS", "Description": "MASTER BED-BATH ADDITION-TOTAL 398 SF", "ZIP_Code": null, "State": "TN", "Latitude": 35.14557850389606, "Longitude": -89.93429414556503, "ObjectId": 13388, "GlobalID": "99a4564d-584f-4232-bf75-2b7d6d35f17d"}}, {"type": "Feature", "id": 13396, "geometry": {"type": "Point", "coordinates": [-89.9364001468739, 35.1167515096644]}, "properties": {"Record_ID": "COM-ALT-20-000415", "Issued_Date": 1614146400000, "Sub_Type": "Commercial", "Construction_Type": "Alteration", "Valuation": 3796980, "Address": "3798 WALKER AVE", "City": "MEMPHIS", "Description": "The project is at the University of Memphis.  The Owner is the Tennessee Board of Regents.  The contact information for the Owner is: Robert Bryant; Tennessee Board of Regents; 1 Bridgestone Park; Nashville, TN 37214; Robert.Bryant@TBR.EDUThis project includes the replacement of the existing 2-pipe HVAC system with a 4-pipe HVAC systemincluding piping, pumps, fan coil units, and air handling units in an existing building. This includes the replacement of the existing heat exchanger with gas-fired boilers, hazardous materials abatement to accommodate new HVAC systems, temperature control system replacement, commissioning, architectural (ceiling and wall demolition & replacement as required to accommodate new HVAC system installation and adding rated walls at boiler room), structural, electrical, and plumbing modifications to accommodate the new HVAC systems. The work will be performed in two phases over the course of two years.  We are requesting a plan review only for the project. A contract has not yet been awarded and the contractor is to be determined.", "ZIP_Code": null, "State": "TN", "Latitude": 35.11675150966436, "Longitude": -89.93640014687394, "ObjectId": 13396, "GlobalID": "cea5fb40-6877-400d-8852-e1245f90da69"}}, {"type": "Feature", "id": 13410, "geometry": {"type": "Point", "coordinates": [-89.7649231940525, 35.1208015012904]}, "properties": {"Record_ID": "RES-ACC-21-000383", "Issued_Date": 1622696400000, "Sub_Type": "Residential", "Construction_Type": "Accessory", "Valuation": 2142, "Address": "8911 MAGNOLIA LEAF CV", "City": "CORDOVA", "Description": "Installing an 8ft X 8ft storage shed to the lower left side of the backyard.", "ZIP_Code": null, "State": "TN", "Latitude": 35.120801501290366, "Longitude": -89.76492319405249, "ObjectId": 13410, "GlobalID": "a0e18e34-24a1-49f3-b833-82caa2f7d9db"}}, {"type": "Feature", "id": 13424, "geometry": {"type": "Point", "coordinates": [-89.725732697091, 35.239961476073]}, "properties": {"Record_ID": "RES-ALT-22-000590", "Issued_Date": 1652158800000, "Sub_Type": "RES", "Construction_Type": "ALT", "Valuation": 30000, "Address": "10086 FRENCH SPRINGS RD", "City": "LAKELAND", "Description": "We are doing an alteration of a room we were using as an office and making it a bedroom with a bathroom.   We have been approved by the City of Lakeland.", "ZIP_Code": "38002", "State": "TN", "Latitude": 35.239961476072985, "Longitude": -89.72573269709099, "ObjectId": 13424, "GlobalID": "ebbe1a9c-4a4d-4ee1-8a20-3fad1f7e1489"}}, {"type": "Feature", "id": 13435, "geometry": {"type": "Point", "coordinates": [-89.7670336954344, 35.0906785073282]}, "properties": {"Record_ID": "RES-ALT-21-000309", "Issued_Date": 1616648400000, "Sub_Type": "Residential", "Construction_Type": "Alteration", "Valuation": 7891.56, "Address": "2119 DALKEITH DR", "City": "GERMANTOWN", "Description": "Bathroom Remodeling", "ZIP_Code": null, "State": "TN", "Latitude": 35.090678507328214, "Longitude": -89.7670336954344, "ObjectId": 13435, "GlobalID": "99fc1a3e-a76e-436c-9272-75d181819404"}}, {"type": "Feature", "id": 13447, "geometry": {"type": "Point", "coordinates": [-89.7346246955808, 35.2254714793201]}, "properties": {"Record_ID": "COM-ALT-22-000359", "Issued_Date": 1653022800000, "Sub_Type": "COM", "Construction_Type": "ALT", "Valuation": 162932, "Address": "9875 HUFF N PUFF RD", "City": "LAKELAND", "Description": "TENANT FINISH-OUT FOR A 3350SF FITNESS CENTER WITH NEW ADA RESTROOMS, MOP SINK, HVAC/DUCTWORK, AND LIGHTING", "ZIP_Code": "38002", "State": "TN", "Latitude": 35.22547147932015, "Longitude": -89.73462469558085, "ObjectId": 13447, "GlobalID": "5e5c26b3-0200-45a4-9077-33c4512b6e33"}}, {"type": "Feature", "id": 13454, "geometry": {"type": "Point", "coordinates": [-90.0631651122585, 35.1105865164918]}, "properties": {"Record_ID": "RES-ALT-21-000419", "Issued_Date": 1617858000000, "Sub_Type": "Residential", "Construction_Type": "Alteration", "Valuation": 4550, "Address": "1354 KENTUCKY ST", "City": "MEMPHIS", "Description": "Pocket Replacement Windows- 7 Windows", "ZIP_Code": null, "State": "TN", "Latitude": 35.11058651649181, "Longitude": -90.0631651122585, "ObjectId": 13454, "GlobalID": "f5c0f08c-661f-4a14-a5c1-5d7f580f9c59"}}, {"type": "Feature", "id": 13455, "geometry": {"type": "Point", "coordinates": [-90.101203605954, 35.0465785307704]}, "properties": {"Record_ID": "RES-ALT-21-000103", "Issued_Date": 1611813600000, "Sub_Type": "Residential", "Construction_Type": "ALT", "Valuation": 4586, "Address": "3684 PARAKEET RD", "City": "MEMPHIS", "Description": "Vinyl Siding Installation", "ZIP_Code": null, "State": "TN", "Latitude": 35.04657853077036, "Longitude": -90.10120360595401, "ObjectId": 13455, "GlobalID": "79085594-3caa-4790-89b9-4d43b69e9237"}}, {"type": "Feature", "id": 13463, "geometry": {"type": "Point", "coordinates": [-90.0318721188298, 35.1420865089097]}, "properties": {"Record_ID": "COM-ALT-21-000074", "Issued_Date": 1615269600000, "Sub_Type": "Commercial", "Construction_Type": "Alteration", "Valuation": 347328, "Address": "877 Jefferson AVE", "City": "MEMPHIS", "Description": "Renovation of existing space", "ZIP_Code": null, "State": "TN", "Latitude": 35.14208650890974, "Longitude": -90.03187211882981, "ObjectId": 13463, "GlobalID": "976ddf93-7269-414a-80eb-b921652710fe"}}, {"type": "Feature", "id": 13465, "geometry": {"type": "Point", "coordinates": [-90.012193633215, 35.0052685349815]}, "properties": {"Record_ID": "RES-ALT-22-000669", "Issued_Date": 1653368400000, "Sub_Type": "RES", "Construction_Type": "ALT", "Valuation": 14400, "Address": "1548 WHITEPLAINS RD", "City": "MEMPHIS", "Description": "Pocket Replacement Windows - Replace 16 Windows", "ZIP_Code": "38116", "State": "TN", "Latitude": 35.005268534981525, "Longitude": -90.01219363321505, "ObjectId": 13465, "GlobalID": "bd6f87de-f71f-41d0-9501-15ab338b1dda"}}, {"type": "Feature", "id": 13473, "geometry": {"type": "Point", "coordinates": [-89.8327966816464, 35.0228905236089]}, "properties": {"Record_ID": "RES-ALT-20-000822", "Issued_Date": 1611036000000, "Sub_Type": "Residential", "Construction_Type": "ALT", "Valuation": 7374, "Address": "6908 ROCKBROOK DR", "City": "MEMPHIS", "Description": "Pocket Replacement Windows- Replace 10 Windows", "ZIP_Code": null, "State": "TN", "Latitude": 35.02289052360886, "Longitude": -89.83279668164639, "ObjectId": 13473, "GlobalID": "a6e0f5c6-d299-4a86-abe3-632190c55bfc"}}, {"type": "Feature", "id": 13499, "geometry": {"type": "Point", "coordinates": [-90.0397561167606, 35.1404395095834]}, "properties": {"Record_ID": "B1084126", "Issued_Date": 1611813600000, "Sub_Type": "Commercial", "Construction_Type": "ALT", "Valuation": 946650, "Address": "580 Monroe AVE", "City": "MEMPHIS", "Description": "REMOVE AND REPLACE CONCRETE DOCK AREA OUTSIDE MEMPHIS MADE BREWRY TAP ROOM  ADD NEW SWITCH BACK ADA RAMP  STEPS  DECK  AND STADIUM SEATING  REMOVE ASHPALT AT MADISON AVENUE WALL AND REPLACE WITH WHITE AND BLACK LIMESTONE CONCRETE W  DECORATIVE DESIGN  LANDSCAPE IMPROVEMENTS TO INCLUDE LIMESTONE AGGREGATE  PLANTINGS  DEAD TREE REMOVAL  AND HILLSIDE CLEANUP  LIGHTING TO INCLUDE POLE LIGHTS", "ZIP_Code": null, "State": "TN", "Latitude": 35.14043950958343, "Longitude": -90.03975611676064, "ObjectId": 13499, "GlobalID": "88bb82a2-b1ad-4346-b6fa-14f464ce0891"}}, {"type": "Feature", "id": 13510, "geometry": {"type": "Point", "coordinates": [-89.984793134789, 35.0970775156794]}, "properties": {"Record_ID": "RES-ALT-22-000686", "Issued_Date": 1653886800000, "Sub_Type": "RES", "Construction_Type": "ALT", "Valuation": 8309, "Address": "2336 POE AVE", "City": "MEMPHIS", "Description": "INSTALL REPLACEMENT WINDOWS. SAME SIZE AND TYPE.", "ZIP_Code": "38114", "State": "TN", "Latitude": 35.09707751567944, "Longitude": -89.98479313478904, "ObjectId": 13510, "GlobalID": "42c805dd-ad0a-42cb-8ded-44b7df91ccf1"}}, {"type": "Feature", "id": 13523, "geometry": {"type": "Point", "coordinates": [-90.0203566278295, 35.0533015258734]}, "properties": {"Record_ID": "COM-ALT-22-000421", "Issued_Date": 1653282000000, "Sub_Type": "COM", "Construction_Type": "ALT", "Valuation": 125000, "Address": "1224 WINCHESTER RD", "City": "MEMPHIS", "Description": "Modification of existing cell tower equipment for existing carrier, Verizon Wireless (applicant). Remove/replace/add antennas and other minor tower equipment to existing configuration. No increase in tower height or compound expansion.", "ZIP_Code": "38116", "State": "TN", "Latitude": 35.0533015258734, "Longitude": -90.02035662782951, "ObjectId": 13523, "GlobalID": "5352f53c-96e0-4e0c-ada0-75640abeb9f6"}}, {"type": "Feature", "id": 13557, "geometry": {"type": "Point", "coordinates": [-89.9333581344081, 35.3182884699269]}, "properties": {"Record_ID": "COM-ALT-21-000162", "Issued_Date": 1615870800000, "Sub_Type": "Commercial", "Construction_Type": "Alteration", "Valuation": 21000, "Address": "7054 US HIGHWAY 51 N", "City": "MILLINGTON", "Description": "REMOVE AND REPLACE DAMAGE ROOF. REMODEL INSIDE OF UNIT. ADD NEW WINDOWS, SIDING, INTERIOR FINISHES. REPLACE ELECTRICAL, PLUMBING, MECHANICAL. UNIT IS SINGLE FAMILY HOUSE WITH STORAGE OFFICE SPACE", "ZIP_Code": null, "State": "TN", "Latitude": 35.31828846992691, "Longitude": -89.93335813440807, "ObjectId": 13557, "GlobalID": "4f4ea79c-32bb-40c1-b0b8-1ae5b32cfb06"}}, {"type": "Feature", "id": 13563, "geometry": {"type": "Point", "coordinates": [-89.9323951554787, 35.0018395321454]}, "properties": {"Record_ID": "COM-ALT-22-000376", "Issued_Date": 1652677200000, "Sub_Type": "COM", "Construction_Type": "ALT", "Valuation": 110000, "Address": "3951 CHAD LN", "City": "MEMPHIS", "Description": "Modification of existing cell tower equipment for existing carrier, Verizon Wireless (applicant). Remove/replace/add antennas and other minor tower equipment to existing configuration. No increase in tower height or compound expansion.", "ZIP_Code": "38118", "State": "TN", "Latitude": 35.00183953214539, "Longitude": -89.93239515547864, "ObjectId": 13563, "GlobalID": "62a7fb0c-0b63-4c80-8f94-9748c1e93604"}}, {"type": "Feature", "id": 13576, "geometry": {"type": "Point", "coordinates": [-89.8181626869787, 35.0030995268771]}, "properties": {"Record_ID": "RES-ALT-22-000627", "Issued_Date": 1652763600000, "Sub_Type": "RES", "Construction_Type": "ALT", "Valuation": 10000, "Address": "7328 WILL CV", "City": "MEMPHIS", "Description": "Install windows, change kitchen faucet, replace bathroom faucet, install new vinyl flooring in 3 bedrooms, and paint", "ZIP_Code": "38125", "State": "TN", "Latitude": 35.003099526877065, "Longitude": -89.81816268697872, "ObjectId": 13576, "GlobalID": "9ae78326-1652-4799-9a5d-d3b93ef62a62"}}, {"type": "Feature", "id": 13578, "geometry": {"type": "Point", "coordinates": [-89.7514366992954, 35.0976985052553]}, "properties": {"Record_ID": "RES-ACC-21-000818", "Issued_Date": 1630990800000, "Sub_Type": "RES", "Construction_Type": "ACC", "Valuation": 85000, "Address": "9331 GROVEWAY CV", "City": "GERMANTOWN", "Description": "Install 18 x 38 pool", "ZIP_Code": "38139", "State": "TN", "Latitude": 35.09769850525529, "Longitude": -89.7514366992954, "ObjectId": 13578, "GlobalID": "faf2dceb-1fb8-4aaa-8a2c-c966fd7f9269"}}, {"type": "Feature", "id": 13617, "geometry": {"type": "Point", "coordinates": [-89.9505166347062, 35.2422564856113]}, "properties": {"Record_ID": "RES-ACC-21-000787", "Issued_Date": 1630472400000, "Sub_Type": "RES", "Construction_Type": "ACC", "Valuation": 3173, "Address": "4275 GLADSTONE ST", "City": "MEMPHIS", "Description": "Storm Shelter 120'", "ZIP_Code": "38128", "State": "TN", "Latitude": 35.24225648561128, "Longitude": -89.95051663470622, "ObjectId": 13617, "GlobalID": "01f15d07-8909-4700-a74c-f223849df488"}}, {"type": "Feature", "id": 13627, "geometry": {"type": "Point", "coordinates": [-89.9043511552042, 35.1248515066513]}, "properties": {"Record_ID": "RES-ADD-21-000441", "Issued_Date": 1631682000000, "Sub_Type": "RES", "Construction_Type": "ADD", "Valuation": 170000, "Address": "4795 GWYNNE RD", "City": "MEMPHIS", "Description": "Addition/ Remodel - Kitchen", "ZIP_Code": "38117", "State": "TN", "Latitude": 35.12485150665128, "Longitude": -89.90435115520422, "ObjectId": 13627, "GlobalID": "ee976347-ced5-489d-9ffa-3df00dd08e03"}}, {"type": "Feature", "id": 13629, "geometry": {"type": "Point", "coordinates": [0, 0]}, "properties": {"Record_ID": "COM-ALT-21-000047", "Issued_Date": 1611554400000, "Sub_Type": "Commercial", "Construction_Type": "ALT", "Valuation": 41200, "Address": "400 INNOVATION DR", "City": "MEMPHIS", "Description": "Restrooms Door and Frame ElevationsConnect new fixtures to existing SW, Vent, CW & HW, repair existing wall as required.  Provide a new square floor drain and connect  back to existing SW.", "ZIP_Code": null, "State": "TN", "Latitude": 0, "Longitude": 0, "ObjectId": 13629, "GlobalID": "5702fe4e-a501-4ccb-a4cd-f71fea30eadd"}}, {"type": "Feature", "id": 13640, "geometry": {"type": "Point", "coordinates": [-89.7756466886037, 35.1586824942939]}, "properties": {"Record_ID": "RES-ALT-22-000577", "Issued_Date": 1653973200000, "Sub_Type": "RES", "Construction_Type": "ALT", "Valuation": 1000, "Address": "8614 MARYSVILLE AVE", "City": "CORDOVA", "Description": "We have been told to perform a repair that we would normally not perform because it violates manufacturer installation instructions. \nR101.2\nR102.7.1\nR904.1\n\nWe are requesting permission to approve the repairs if this code is not enforced but we would also like code to inspect the work so A-Team Roofing does not incur liability due to the violation of the manufacturer installation instructions.", "ZIP_Code": "38016", "State": "TN", "Latitude": 35.1586824942939, "Longitude": -89.77564668860371, "ObjectId": 13640, "GlobalID": "56814025-4b11-4371-a891-ecbfa1ac656b"}}, {"type": "Feature", "id": 13672, "geometry": {"type": "Point", "coordinates": [-89.7105812028177, 35.2167594799708]}, "properties": {"Record_ID": "RES-NEW-22-000319", "Issued_Date": 1652331600000, "Sub_Type": "RES", "Construction_Type": "NEW", "Valuation": 750000, "Address": "10630 BENTBROOKE DR", "City": "LAKELAND", "Description": "Single Family New Home with Attached Garage", "ZIP_Code": "38002", "State": "TN", "Latitude": 35.21675947997085, "Longitude": -89.71058120281772, "ObjectId": 13672, "GlobalID": "dbf37555-752b-4965-8375-1ddf855d5a86"}}, {"type": "Feature", "id": 13687, "geometry": {"type": "Point", "coordinates": [-89.9402746471673, 35.0959165139395]}, "properties": {"Record_ID": "RES-ALT-21-000513", "Issued_Date": 1620104400000, "Sub_Type": "Residential", "Construction_Type": "Alteration", "Valuation": 14939, "Address": "1296 TYNE ST", "City": "MEMPHIS", "Description": "Pocket replacement Windows- 15 Windows", "ZIP_Code": null, "State": "TN", "Latitude": 35.09591651393948, "Longitude": -89.94027464716733, "ObjectId": 13687, "GlobalID": "4b4d6b45-96d0-4fe3-8d3b-77bd69b6f16a"}}, {"type": "Feature", "id": 13697, "geometry": {"type": "Point", "coordinates": [-89.9550121403442, 35.1378655063319]}, "properties": {"Record_ID": "RES-ADD-21-000326", "Issued_Date": 1631509200000, "Sub_Type": "RES", "Construction_Type": "ADD", "Valuation": 22000, "Address": "3233 N WAYNOKA CIR", "City": "MEMPHIS", "Description": "Adding a room to enclose the back corner of the house; includes footings, foundation, flooring, framing, drywall, siding, ceiling, roof.", "ZIP_Code": "38111", "State": "TN", "Latitude": 35.137865506331906, "Longitude": -89.95501214034415, "ObjectId": 13697, "GlobalID": "1d7d2557-a4a4-42df-bae0-0ddf69a74141"}}, {"type": "Feature", "id": 13701, "geometry": {"type": "Point", "coordinates": [-89.9241691489789, 35.13621850529]}, "properties": {"Record_ID": "RES-ACC-20-000232", "Issued_Date": 1615957200000, "Sub_Type": "Residential", "Construction_Type": "Accessory", "Valuation": 30000, "Address": "235 WALLACE RD", "City": "MEMPHIS", "Description": "BUILD A FENCE AROUND HOUSE AND GARAGE", "ZIP_Code": null, "State": "TN", "Latitude": 35.13621850529003, "Longitude": -89.92416914897886, "ObjectId": 13701, "GlobalID": "f288b11c-14f8-4c8d-9116-eed38db61c6e"}}, {"type": "Feature", "id": 13736, "geometry": {"type": "Point", "coordinates": [-89.8118311833041, 35.0865385101192]}, "properties": {"Record_ID": "COM-ALT-20-000441", "Issued_Date": 1618549200000, "Sub_Type": "Commercial", "Construction_Type": "Alteration", "Valuation": 53250, "Address": "2277 WEST ST", "City": "GERMANTOWN", "Description": "REMOVE INTERIOR NON LOADBEARING WALLS + RENOVATE BATHROOMS", "ZIP_Code": null, "State": "TN", "Latitude": 35.08653851011923, "Longitude": -89.81183118330405, "ObjectId": 13736, "GlobalID": "c9bb7865-ada8-4be1-a3aa-a640cd54ed8a"}}, {"type": "Feature", "id": 13749, "geometry": {"type": "Point", "coordinates": [-90.0254056159336, 35.2130964946715]}, "properties": {"Record_ID": "RES-NEW-22-000344", "Issued_Date": 1653541200000, "Sub_Type": "RES", "Construction_Type": "NEW", "Valuation": 95000, "Address": "3209 MADEWELL ST", "City": "MEMPHIS", "Description": "Erect single family home no covered parking", "ZIP_Code": "38127", "State": "TN", "Latitude": 35.21309649467153, "Longitude": -90.02540561593356, "ObjectId": 13749, "GlobalID": "58528d8c-1cd2-4c32-b5f0-f817fb9e4e84"}}, {"type": "Feature", "id": 13766, "geometry": {"type": "Point", "coordinates": [-89.7601306902832, 35.198570485748]}, "properties": {"Record_ID": "RES-ALT-22-000650", "Issued_Date": 1652418000000, "Sub_Type": "RES", "Construction_Type": "ALT", "Valuation": 3536, "Address": "2690 SUMMER SWEET CV", "City": "CORDOVA", "Description": "INSTALL REPLACEMENT WINDOWS. SAME SIZE AND TYPE.", "ZIP_Code": "38016", "State": "TN", "Latitude": 35.19857048574799, "Longitude": -89.76013069028323, "ObjectId": 13766, "GlobalID": "b69c2977-ee7b-45fd-91f8-ad119e961f1f"}}, {"type": "Feature", "id": 13767, "geometry": {"type": "Point", "coordinates": [0, 0]}, "properties": {"Record_ID": "B1113322", "Issued_Date": 1616130000000, "Sub_Type": "Residential", "Construction_Type": "Accessory", "Valuation": 5830, "Address": "1327 RIVER END CV", "City": "UNINCORPORATED", "Description": "INSTALL PUSH PIERS   MAP 140 G   REDEEMERS GROUP INC", "ZIP_Code": null, "State": "TN", "Latitude": 0, "Longitude": 0, "ObjectId": 13767, "GlobalID": "79dcb49b-ee04-4e50-81eb-223566be9647"}}, {"type": "Feature", "id": 13770, "geometry": {"type": "Point", "coordinates": [-89.8982491619523, 35.0473975216507]}, "properties": {"Record_ID": "RES-ALT-21-001302", "Issued_Date": 1632718800000, "Sub_Type": "RES", "Construction_Type": "ALT", "Valuation": 19000, "Address": "4956 FOXHALL DR", "City": "MEMPHIS", "Description": "Pocket Replacement Windows - Replace 16 Windows", "ZIP_Code": "38118", "State": "TN", "Latitude": 35.04739752165071, "Longitude": -89.8982491619523, "ObjectId": 13770, "GlobalID": "dd6a7a35-13d0-4074-afe2-92f9368c89cc"}}, {"type": "Feature", "id": 13781, "geometry": {"type": "Point", "coordinates": [-89.7287341967043, 35.2332024775368]}, "properties": {"Record_ID": "RES-NEW-20-000176", "Issued_Date": 1622610000000, "Sub_Type": "Residential", "Construction_Type": "New", "Valuation": 775000, "Address": "3959 FOREST POINTE WAY", "City": "LAKELAND", "Description": "NEW SFR 6503 SQ FT", "ZIP_Code": null, "State": "TN", "Latitude": 35.233202477536764, "Longitude": -89.72873419670432, "ObjectId": 13781, "GlobalID": "0e4bdf04-8161-429c-9c25-523bac180b18"}}, {"type": "Feature", "id": 13786, "geometry": {"type": "Point", "coordinates": [-89.9366431403412, 35.2150494903383]}, "properties": {"Record_ID": "RES-ALT-21-001142", "Issued_Date": 1630645200000, "Sub_Type": "RES", "Construction_Type": "ALT", "Valuation": 65000, "Address": "3796 WESTWOOD CV", "City": "MEMPHIS", "Description": "Replace roof, sheetrock, doors, flooring, windows, plumbing, HVAC, electrical", "ZIP_Code": "38128", "State": "TN", "Latitude": 35.21504949033828, "Longitude": -89.93664314034119, "ObjectId": 13786, "GlobalID": "38c4039a-9313-4c35-bf2e-d5a91164fd2c"}}, {"type": "Feature", "id": 13793, "geometry": {"type": "Point", "coordinates": [-89.9111956538499, 35.1166345085725]}, "properties": {"Record_ID": "COM-ALT-21-000635", "Issued_Date": 1630990800000, "Sub_Type": "COM", "Construction_Type": "ALT", "Valuation": 74360, "Address": "4540 POPLAR AVE", "City": "MEMPHIS", "Description": "RENOVATION TO EXISTING EMPTY LEASE SPACE-PAINT/ TILE / FLOORING CASEWORK", "ZIP_Code": "38117", "State": "TN", "Latitude": 35.116634508572524, "Longitude": -89.91119565384996, "ObjectId": 13793, "GlobalID": "412fef02-12f6-487f-871e-30dd3973c74f"}}, {"type": "Feature", "id": 13794, "geometry": {"type": "Point", "coordinates": [-89.9558041460593, 35.0471815242304]}, "properties": {"Record_ID": "RES-ALT-22-000557", "Issued_Date": 1651640400000, "Sub_Type": "RES", "Construction_Type": "ALT", "Valuation": 13374, "Address": "3684 EARLS COURT RD", "City": "MEMPHIS", "Description": "Pocket Replacement Windows - Replace 13 Windows", "ZIP_Code": "38118", "State": "TN", "Latitude": 35.04718152423043, "Longitude": -89.95580414605931, "ObjectId": 13794, "GlobalID": "7b158429-0be8-440b-99a8-cae6ef041201"}}, {"type": "Feature", "id": 13804, "geometry": {"type": "Point", "coordinates": [-89.7518507023481, 35.0490445148837]}, "properties": {"Record_ID": "RES-ACC-21-000805", "Issued_Date": 1631077200000, "Sub_Type": "RES", "Construction_Type": "ACC", "Valuation": 82872, "Address": "9281 POSITANO LN", "City": "GERMANTOWN", "Description": "This project is an 18'x36' in ground gunite swimming pool with a 7'x12' wet deck.", "ZIP_Code": "38138", "State": "TN", "Latitude": 35.04904451488366, "Longitude": -89.75185070234814, "ObjectId": 13804, "GlobalID": "c2745e53-67a6-4d14-97a8-8f95b35e40b3"}}, {"type": "Feature", "id": 13807, "geometry": {"type": "Point", "coordinates": [-89.9751721355026, 35.1267415094142]}, "properties": {"Record_ID": "COM-ALT-22-000423", "Issued_Date": 1652158800000, "Sub_Type": "COM", "Construction_Type": "ALT", "Valuation": 684953, "Address": "240 S HOLLYWOOD ST", "City": "MEMPHIS", "Description": "Existing single ply EPDM roof to be completely removed and properly disposed of.  \nNew fully adhered 60mil TPO membrane on top of (2) layers of 2\"\" ISO to be installed.\nAll metal coping, gutters and downspout will be replaced as well.", "ZIP_Code": "38104", "State": "TN", "Latitude": 35.12674150941419, "Longitude": -89.97517213550262, "ObjectId": 13807, "GlobalID": "302a5d21-850b-4302-aa59-be78493dfc10"}}, {"type": "Feature", "id": 13808, "geometry": {"type": "Point", "coordinates": [-90.0559426180708, 35.0522935276443]}, "properties": {"Record_ID": "RES-NEW-22-000318", "Issued_Date": 1652158800000, "Sub_Type": "RES", "Construction_Type": "NEW", "Valuation": 150000, "Address": "3444 NEELY RD", "City": "MEMPHIS", "Description": "New residential constructiom", "ZIP_Code": "38109", "State": "TN", "Latitude": 35.05229352764427, "Longitude": -90.05594261807083, "ObjectId": 13808, "GlobalID": "ab080ce4-9032-4811-8cc0-2128432a57e0"}}, {"type": "Feature", "id": 13825, "geometry": {"type": "Point", "coordinates": [-89.9258341515263, 35.0903005144079]}, "properties": {"Record_ID": "RES-ACC-20-000278", "Issued_Date": 1611900000000, "Sub_Type": "Residential", "Construction_Type": "ACC", "Valuation": 5000, "Address": "1497 TITUS RD", "City": "MEMPHIS", "Description": "8FT WROUGHT IRON  BLOCK BOTTOM FENCE GATE", "ZIP_Code": null, "State": "TN", "Latitude": 35.09030051440792, "Longitude": -89.92583415152627, "ObjectId": 13825, "GlobalID": "4d2b135e-f6dd-40b9-a54c-ff04aa3573ac"}}, {"type": "Feature", "id": 13837, "geometry": {"type": "Point", "coordinates": [-89.7446237035705, 35.0610235121989]}, "properties": {"Record_ID": "RES-NEW-22-000334", "Issued_Date": 1651813200000, "Sub_Type": "RES", "Construction_Type": "NEW", "Valuation": 800000, "Address": "3077 CHAPEL WOODS CV", "City": "GERMANTOWN", "Description": "New Single Family Residence with attached triple garage", "ZIP_Code": "38139", "State": "TN", "Latitude": 35.06102351219887, "Longitude": -89.74462370357045, "ObjectId": 13837, "GlobalID": "a0d09280-cdba-428a-85de-7070d6e22f63"}}, {"type": "Feature", "id": 13839, "geometry": {"type": "Point", "coordinates": [-89.9292312322937, 35.1517747319111]}, "properties": {"Record_ID": "RES-ALT-21-000091", "Issued_Date": 1611295200000, "Sub_Type": "Residential", "Construction_Type": "ALT", "Valuation": 18440, "Address": "3948 TUTWILER AVE", "City": "MEMPHIS", "Description": "MINOR ALTERATIONS TO THE INTERIOR", "ZIP_Code": null, "State": "TN", "Latitude": 35.15177473191107, "Longitude": -89.9292312322937, "ObjectId": 13839, "GlobalID": "d24b5031-cb87-4445-8f39-ae5e6ec52fa7"}}, {"type": "Feature", "id": 13855, "geometry": {"type": "Point", "coordinates": [-89.9922091381698, 35.0139265323934]}, "properties": {"Record_ID": "RES-ALT-22-000582", "Issued_Date": 1651899600000, "Sub_Type": "RES", "Construction_Type": "ALT", "Valuation": 40000, "Address": "4899 BRADY DR", "City": "MEMPHIS", "Description": "Replace roof, decking Rafters, Joists and studs (majority of them)  Bring upto burn standards.  Replace insulation, sheetrock kitchens etc..", "ZIP_Code": "38116", "State": "TN", "Latitude": 35.01392653239342, "Longitude": -89.99220913816983, "ObjectId": 13855, "GlobalID": "b09d7694-c010-413c-8eb8-fa7372eb30d2"}}, {"type": "Feature", "id": 13872, "geometry": {"type": "Point", "coordinates": [-89.8469086741556, 35.0779975133507]}, "properties": {"Record_ID": "RES-ALT-21-001075", "Issued_Date": 1630558800000, "Sub_Type": "RES", "Construction_Type": "ALT", "Valuation": 13100, "Address": "6498 SULGRAVE DR", "City": "MEMPHIS", "Description": "Pocket Replacement Windows - Replace 17 Windows.", "ZIP_Code": "38119", "State": "TN", "Latitude": 35.077997513350724, "Longitude": -89.8469086741556, "ObjectId": 13872, "GlobalID": "d59d6d39-69bc-4e99-bf38-ef5cde158029"}}, {"type": "Feature", "id": 13897, "geometry": {"type": "Point", "coordinates": [-89.8829806602575, 35.1379285031301]}, "properties": {"Record_ID": "RES-ACC-21-000887", "Issued_Date": 1632891600000, "Sub_Type": "RES", "Construction_Type": "ACC", "Valuation": 15000, "Address": "5352 BRENTON AVE", "City": "MEMPHIS", "Description": "DETACHED GARAGE  24 X 32", "ZIP_Code": "38120", "State": "TN", "Latitude": 35.13792850313014, "Longitude": -89.88298066025747, "ObjectId": 13897, "GlobalID": "65ed503f-d8c8-4326-8743-f67a2f949482"}}, {"type": "Feature", "id": 13907, "geometry": {"type": "Point", "coordinates": [0, 0]}, "properties": {"Record_ID": "B1087922", "Issued_Date": 1611813600000, "Sub_Type": "Commercial", "Construction_Type": "New", "Valuation": 85000, "Address": "3874 W MCMURPHY CV", "City": "UNINCORPORATED", "Description": "CONSTRUCT A 1 STORY MAINTENANCE BUILDING  MAP 1 1", "ZIP_Code": null, "State": "TN", "Latitude": 0, "Longitude": 0, "ObjectId": 13907, "GlobalID": "132cfeb9-61d9-47f7-a31d-9ea8db7d47ba"}}, {"type": "Feature", "id": 13913, "geometry": {"type": "Point", "coordinates": [-89.917014155954, 35.0598355200244]}, "properties": {"Record_ID": "COM-ALT-21-000763", "Issued_Date": 1631595600000, "Sub_Type": "COM", "Construction_Type": "ALT", "Valuation": 40000, "Address": "3234 W DANVILLE CIR", "City": "MEMPHIS", "Description": "GENERAL REPAIR: DRYWALL, PAINT, FLOORING, TRIM", "ZIP_Code": "38118", "State": "TN", "Latitude": 35.05983552002443, "Longitude": -89.91701415595405, "ObjectId": 13913, "GlobalID": "0c9841ab-27fb-427e-9c1b-b2c19c2e1b64"}}, {"type": "Feature", "id": 13920, "geometry": {"type": "Point", "coordinates": [-89.6481797271518, 35.1092544984271]}, "properties": {"Record_ID": "RES-ACC-21-000283", "Issued_Date": 1618894800000, "Sub_Type": "Residential", "Construction_Type": "Accessory", "Valuation": 57189, "Address": "12431 ZAPATA CV", "City": "COLLIERVILLE", "Description": "This project is a 12' x 24' inground gunite swimming pool.", "ZIP_Code": null, "State": "TN", "Latitude": 35.10925449842714, "Longitude": -89.64817972715183, "ObjectId": 13920, "GlobalID": "4e766be3-bb31-4116-ac38-34da0cd182c7"}}, {"type": "Feature", "id": 13936, "geometry": {"type": "Point", "coordinates": [-89.6872891989157, 35.3734494481158]}, "properties": {"Record_ID": "RES-NEW-22-000359", "Issued_Date": 1653454800000, "Sub_Type": "RES", "Construction_Type": "NEW", "Valuation": 300000, "Address": "9071 OSBORNTOWN RD", "City": "ARLINGTON", "Description": "We are building a one story residential structure.  sq ft approx 2397 heated with a 2 car garage.", "ZIP_Code": "38011", "State": "TN", "Latitude": 35.37344944811582, "Longitude": -89.68728919891574, "ObjectId": 13936, "GlobalID": "38e8536c-d192-422d-926d-26bf9bba64f0"}}, {"type": "Feature", "id": 13950, "geometry": {"type": "Point", "coordinates": [-89.8041991895112, 35.02361052221]}, "properties": {"Record_ID": "RES-ALT-21-000569", "Issued_Date": 1621573200000, "Sub_Type": "Residential", "Construction_Type": "Alteration", "Valuation": 2340, "Address": "4523 SWEET WHISPER LN", "City": "MEMPHIS", "Description": "patio cover", "ZIP_Code": null, "State": "TN", "Latitude": 35.02361052221, "Longitude": -89.80419918951117, "ObjectId": 13950, "GlobalID": "22d74a29-8f9f-4d44-9f98-1f8c2cc60904"}}, {"type": "Feature", "id": 13959, "geometry": {"type": "Point", "coordinates": [-89.7618766972676, 35.0844595083289]}, "properties": {"Record_ID": "RES-ACC-21-000282", "Issued_Date": 1618808400000, "Sub_Type": "Residential", "Construction_Type": "Accessory", "Valuation": 2500, "Address": "2355 STRATFIELD DR", "City": "GERMANTOWN", "Description": "My permit has already been submitted and approved by the City of Germantown. The permit is for an 8 x 12 x 8 wood shed.", "ZIP_Code": null, "State": "TN", "Latitude": 35.08445950832892, "Longitude": -89.76187669726764, "ObjectId": 13959, "GlobalID": "250648b5-50dd-4f6c-8a7c-249c540d409a"}}, {"type": "Feature", "id": 13966, "geometry": {"type": "Point", "coordinates": [-89.8260421794056, 35.0860165108487]}, "properties": {"Record_ID": "RES-ACC-21-000060", "Issued_Date": 1611900000000, "Sub_Type": "Residential", "Construction_Type": "ACC", "Valuation": 10000, "Address": "7072 BUCKINGHAM DR", "City": "GERMANTOWN", "Description": "Covering the back patio. Connected from house to garage. No electrical, no concrete and no plumbing. Structure only. Approval by Germantown received and will be attached.", "ZIP_Code": null, "State": "TN", "Latitude": 35.08601651084867, "Longitude": -89.82604217940559, "ObjectId": 13966, "GlobalID": "ac1c66ef-3d4c-4f21-9e50-b53c6f1a989e"}}, {"type": "Feature", "id": 13975, "geometry": {"type": "Point", "coordinates": [-89.9218786544127, 35.0628505196444]}, "properties": {"Record_ID": "RES-ALT-21-001150", "Issued_Date": 1630990800000, "Sub_Type": "RES", "Construction_Type": "ALT", "Valuation": 18322.23, "Address": "3106 S GOODLETT ST", "City": "MEMPHIS", "Description": "Vinyl Siding Installation", "ZIP_Code": "38118", "State": "TN", "Latitude": 35.06285051964439, "Longitude": -89.92187865441272, "ObjectId": 13975, "GlobalID": "3fe6a116-c969-4404-86df-39af57b7c4f3"}}, {"type": "Feature", "id": 13988, "geometry": {"type": "Point", "coordinates": [-89.7267137022382, 35.157458492373]}, "properties": {"Record_ID": "COM-ALT-22-000325", "Issued_Date": 1652072400000, "Sub_Type": "COM", "Construction_Type": "ALT", "Valuation": 317143.8, "Address": "1205 N HOUSTON LEVEE RD", "City": "CORDOVA", "Description": "Interior Remodel. Decor and Dining Updates. Front Counter, Menus and Service Area. Restroom Fixture Upgrades. No Kitchen Scope. No Exterior Scope.", "ZIP_Code": "38018", "State": "TN", "Latitude": 35.157458492373046, "Longitude": -89.72671370223821, "ObjectId": 13988, "GlobalID": "9cf21321-35a3-4b56-ac9d-fa826e4643cb"}}, {"type": "Feature", "id": 14013, "geometry": {"type": "Point", "coordinates": [-89.99992662976, 35.1100195138015]}, "properties": {"Record_ID": "RES-ALT-22-000495", "Issued_Date": 1651554000000, "Sub_Type": "RES", "Construction_Type": "ALT", "Valuation": 9500, "Address": "1795 GLENVIEW AVE", "City": "MEMPHIS", "Description": "Roof decking repair for nailing per code.", "ZIP_Code": "38114", "State": "TN", "Latitude": 35.11001951380151, "Longitude": -89.99992662976001, "ObjectId": 14013, "GlobalID": "fbda2397-787d-4997-b33d-91de2434e50f"}}, {"type": "Feature", "id": 14019, "geometry": {"type": "Point", "coordinates": [-90.0453181170963, 35.1119545154317]}, "properties": {"Record_ID": "RES-ALT-21-001377", "Issued_Date": 1632718800000, "Sub_Type": "RES", "Construction_Type": "ALT", "Valuation": 82340, "Address": "514 E TRIGG AVE", "City": "MEMPHIS", "Description": "Installing 37 solar panels & wiring on residential roof & 1 Enphase battery", "ZIP_Code": "38106", "State": "TN", "Latitude": 35.11195451543167, "Longitude": -90.04531811709631, "ObjectId": 14019, "GlobalID": "536dd81e-5fde-47a4-8754-880ea29e2133"}}, {"type": "Feature", "id": 14029, "geometry": {"type": "Point", "coordinates": [-89.8065211897079, 35.010677524868]}, "properties": {"Record_ID": "RES-NEW-22-000412", "Issued_Date": 1653627600000, "Sub_Type": "RES", "Construction_Type": "NEW", "Valuation": 298556, "Address": "5046 GRANITE CREEK RD", "City": "MEMPHIS", "Description": "New Single Family Residence with double garage", "ZIP_Code": "38125", "State": "TN", "Latitude": 35.01067752486803, "Longitude": -89.80652118970794, "ObjectId": 14029, "GlobalID": "4e11599b-3a0b-4c16-925f-ecaddf5e8277"}}, {"type": "Feature", "id": 14030, "geometry": {"type": "Point", "coordinates": [-90.0473791143131, 35.1456415088992]}, "properties": {"Record_ID": "COM-ALT-22-000448", "Issued_Date": 1653627600000, "Sub_Type": "COM", "Construction_Type": "ALT", "Valuation": 2060805, "Address": "200 JEFFERSON AVE", "City": "MEMPHIS", "Description": "Minor demolition, tenant improvements/alternates to interior build out of non-load bearing partitions and installation of furniture in existing occupied space. No structural modifications are required.", "ZIP_Code": "38103", "State": "TN", "Latitude": 35.14564150889923, "Longitude": -90.04737911431313, "ObjectId": 14030, "GlobalID": "ad5e4b3c-5731-4790-949b-f5f11ca23e20"}}, {"type": "Feature", "id": 14085, "geometry": {"type": "Point", "coordinates": [-90.0179311178376, 35.2155354938598]}, "properties": {"Record_ID": "RES-ALT-22-000644", "Issued_Date": 1652418000000, "Sub_Type": "RES", "Construction_Type": "ALT", "Valuation": 9625, "Address": "1362 PAULLUS AVE", "City": "MEMPHIS", "Description": "Pocket Replacement Windows - Replace 11 Windows", "ZIP_Code": "38127", "State": "TN", "Latitude": 35.21553549385985, "Longitude": -90.01793111783763, "ObjectId": 14085, "GlobalID": "569f9bdc-5591-4ae6-acbe-f910965c4c78"}}, {"type": "Feature", "id": 14094, "geometry": {"type": "Point", "coordinates": [-89.9535406410741, 35.1329425072356]}, "properties": {"Record_ID": "RES-ALT-22-000620", "Issued_Date": 1652245200000, "Sub_Type": "RES", "Construction_Type": "ALT", "Valuation": 10000, "Address": "3256 WALNUT GROVE RD", "City": "MEMPHIS", "Description": "Replacing windows and doors", "ZIP_Code": "38111", "State": "TN", "Latitude": 35.132942507235605, "Longitude": -89.95354064107407, "ObjectId": 14094, "GlobalID": "781cb848-7fb3-4a74-aeba-2c7030bb2cf5"}}, {"type": "Feature", "id": 14107, "geometry": {"type": "Point", "coordinates": [-89.9583421397257, 35.1332665073845]}, "properties": {"Record_ID": "RES-ALT-22-000615", "Issued_Date": 1652677200000, "Sub_Type": "RES", "Construction_Type": "ALT", "Valuation": 10000, "Address": "3214 WALNUT GROVE RD", "City": "MEMPHIS", "Description": "Replacing windows and doors", "ZIP_Code": "38111", "State": "TN", "Latitude": 35.1332665073845, "Longitude": -89.95834213972564, "ObjectId": 14107, "GlobalID": "3fc0c338-c5cc-47d8-bae0-e1e17118e10d"}}, {"type": "Feature", "id": 14128, "geometry": {"type": "Point", "coordinates": [-90.0473251150882, 35.1340855111685]}, "properties": {"Record_ID": "B1118127", "Issued_Date": 1611727200000, "Sub_Type": "Residential", "Construction_Type": "New", "Valuation": 166576, "Address": "444 RATLIFF LN", "City": "MEMPHIS", "Description": "3BR New construction individual townhouse residence Building K 6 on site plan  Building Type G B", "ZIP_Code": null, "State": "TN", "Latitude": 35.134085511168514, "Longitude": -90.04732511508821, "ObjectId": 14128, "GlobalID": "fca303f7-975b-4afa-a054-bbde30b38ef2"}}, {"type": "Feature", "id": 14133, "geometry": {"type": "Point", "coordinates": [-90.0568651193795, 35.0283535324008]}, "properties": {"Record_ID": "RES-ACC-21-000854", "Issued_Date": 1632286800000, "Sub_Type": "RES", "Construction_Type": "ACC", "Valuation": 3262, "Address": "203 BYRON DR", "City": "MEMPHIS", "Description": "Storage Shed (Home Depot)", "ZIP_Code": "38109", "State": "TN", "Latitude": 35.02835353240077, "Longitude": -90.05686511937945, "ObjectId": 14133, "GlobalID": "525a2744-f0a0-4dda-99e3-c516b8b6ed18"}}, {"type": "Feature", "id": 14134, "geometry": {"type": "Point", "coordinates": [-89.6447507278028, 35.1138534973676]}, "properties": {"Record_ID": "RES-NEW-21-000706", "Issued_Date": 1632286800000, "Sub_Type": "RES", "Construction_Type": "NEW", "Valuation": 700000, "Address": "12565 MAGS LN", "City": "COLLIERVILLE", "Description": "Residential New Construction W/ ATT TRIPLE GARAGE", "ZIP_Code": "38017", "State": "TN", "Latitude": 35.11385349736756, "Longitude": -89.64475072780277, "ObjectId": 14134, "GlobalID": "0c883c62-bd71-4944-9c30-299c05baf7b0"}}, {"type": "Feature", "id": 14138, "geometry": {"type": "Point", "coordinates": [-89.7415276989666, 35.1447414955354]}, "properties": {"Record_ID": "RES-NEW-21-000646", "Issued_Date": 1630472400000, "Sub_Type": "RES", "Construction_Type": "NEW", "Valuation": 447632, "Address": "724 WOODLAND FOX CV", "City": "CORDOVA", "Description": "Single Family Residence with Double Garage", "ZIP_Code": "38018", "State": "TN", "Latitude": 35.1447414955354, "Longitude": -89.74152769896665, "ObjectId": 14138, "GlobalID": "46a1c2e9-dd88-4ac8-963c-976005c7c82d"}}, {"type": "Feature", "id": 14141, "geometry": {"type": "Point", "coordinates": [-89.6380547174341, 35.3001624603324]}, "properties": {"Record_ID": "RES-ACC-20-000328", "Issued_Date": 1612245600000, "Sub_Type": "Residential", "Construction_Type": "Accessory", "Valuation": 2500, "Address": "6386 ANGLIA VALLEY DR", "City": "ARLINGTON", "Description": "10 X12 WOOD STORAGE SHED W/ ASPHALT SHINGLES W/ PIER FOUNDATION", "ZIP_Code": null, "State": "TN", "Latitude": 35.30016246033235, "Longitude": -89.63805471743409, "ObjectId": 14141, "GlobalID": "fece4892-acd7-49fe-960a-5ffe1faa086d"}}, {"type": "Feature", "id": 14144, "geometry": {"type": "Point", "coordinates": [-89.9516866440656, 35.0951155146018]}, "properties": {"Record_ID": "RES-NEW-21-000671", "Issued_Date": 1631595600000, "Sub_Type": "RES", "Construction_Type": "NEW", "Valuation": 223412, "Address": "1322 PARTEE CV", "City": "MEMPHIS", "Description": "New single family home: 3 bedroom and 2.5 baths with two car garage", "ZIP_Code": "38111", "State": "TN", "Latitude": 35.095115514601765, "Longitude": -89.95168664406562, "ObjectId": 14144, "GlobalID": "1c9681ad-45e3-4ede-8f3b-b852ebad205e"}}, {"type": "Feature", "id": 14174, "geometry": {"type": "Point", "coordinates": [-89.7518552024141, 35.0480095150884]}, "properties": {"Record_ID": "RES-ACC-21-000017", "Issued_Date": 1611640800000, "Sub_Type": "Residential", "Construction_Type": "ACC", "Valuation": 58000, "Address": "9330 ROMANO WAY S", "City": "GERMANTOWN", "Description": "16X32 GUNITE POOL AND EQUIPMENT", "ZIP_Code": null, "State": "TN", "Latitude": 35.0480095150884, "Longitude": -89.75185520241413, "ObjectId": 14174, "GlobalID": "19cece21-5e86-4b76-939b-bdf277ce438f"}}, {"type": "Feature", "id": 14187, "geometry": {"type": "Point", "coordinates": [-90.0045526214229, 35.217227492932]}, "properties": {"Record_ID": "COM-ALT-21-000686", "Issued_Date": 1632286800000, "Sub_Type": "COM", "Construction_Type": "ALT", "Valuation": 19000, "Address": "1775 FRAYSER BLVD", "City": "MEMPHIS", "Description": "new tire store", "ZIP_Code": "38127", "State": "TN", "Latitude": 35.21722749293197, "Longitude": -90.00455262142292, "ObjectId": 14187, "GlobalID": "ba373359-10d5-4a91-ba04-ed7ea8e8a657"}}, {"type": "Feature", "id": 14192, "geometry": {"type": "Point", "coordinates": [-89.7378062001601, 35.142257495861]}, "properties": {"Record_ID": "RES-NEW-22-000292", "Issued_Date": 1651726800000, "Sub_Type": "RES", "Construction_Type": "NEW", "Valuation": 399253, "Address": "684 WOODLAND FOX LN E", "City": "CORDOVA", "Description": "Building a single family residence w/ a 2 car garage.", "ZIP_Code": "38018", "State": "TN", "Latitude": 35.142257495861045, "Longitude": -89.73780620016007, "ObjectId": 14192, "GlobalID": "59bed723-0e66-480b-bbf3-bd4db200e7e0"}}, {"type": "Feature", "id": 14193, "geometry": {"type": "Point", "coordinates": [-89.7256471954896, 35.2646034712192]}, "properties": {"Record_ID": "RES-NEW-21-000468", "Issued_Date": 1624856400000, "Sub_Type": "Residential", "Construction_Type": "New", "Valuation": 312266, "Address": "5112 Moudry Run CV", "City": "LAKELAND", "Description": "Building a single family residence w/ a 3 car garage.", "ZIP_Code": null, "State": "TN", "Latitude": 35.26460347121924, "Longitude": -89.72564719548964, "ObjectId": 14193, "GlobalID": "2b9ff63a-7c50-499c-ab74-40e2b999a695"}}, {"type": "Feature", "id": 14221, "geometry": {"type": "Point", "coordinates": [-89.9989051293384, 35.1207475116451]}, "properties": {"Record_ID": "RES-ADD-22-000080", "Issued_Date": 1652331600000, "Sub_Type": "RES", "Construction_Type": "ADD", "Valuation": 75000, "Address": "1899 OLIVER AVE", "City": "MEMPHIS", "Description": "Finish upstairs area making it usable space with a bonus room, two bedrooms and a bathroom. Downstairs remodeling the kitchen and bathroom and enclosing the back porch and making it a bedroom and bathroom. New HVAC, plumbing, electrical, and plumbing to be pulled by licensed contractors.\n\nPer applicant 5/10/22:\n1. ALT cost: $5,000\n2. 2nd floor already on HVAC", "ZIP_Code": "38114", "State": "TN", "Latitude": 35.12074751164509, "Longitude": -89.99890512933844, "ObjectId": 14221, "GlobalID": "bf0c1f22-537d-459d-8367-849a78dd36ce"}}, {"type": "Feature", "id": 14249, "geometry": {"type": "Point", "coordinates": [-89.9955786678536, 35.1728865290071]}, "properties": {"Record_ID": "COM-ALT-22-000371", "Issued_Date": 1652677200000, "Sub_Type": "COM", "Construction_Type": "ALT", "Valuation": 110000, "Address": "1291 MCLEAN BLVD", "City": "MEMPHIS", "Description": "Modification of existing cell tower equipment for existing carrier, Verizon Wireless (applicant). Remove/replace/add antennas and other minor tower equipment to existing configuration. Complete antenna mount modifications. No increase in tower height or compound expansion.", "ZIP_Code": "38108", "State": "TN", "Latitude": 35.17288652900707, "Longitude": -89.99557866785365, "ObjectId": 14249, "GlobalID": "afe6a128-6892-4482-ba2c-c60ab9803f64"}}, {"type": "Feature", "id": 14250, "geometry": {"type": "Point", "coordinates": [-89.7604411974903, 35.0871415077361]}, "properties": {"Record_ID": "RES-ALT-22-000639", "Issued_Date": 1652418000000, "Sub_Type": "RES", "Construction_Type": "ALT", "Valuation": 48350, "Address": "2159 E GLENALDEN DR", "City": "GERMANTOWN", "Description": "Finishing bonus room above garage and adding stairs", "ZIP_Code": "38139", "State": "TN", "Latitude": 35.087141507736135, "Longitude": -89.7604411974903, "ObjectId": 14250, "GlobalID": "cbfaff64-e445-475a-8a56-ad45a64e4bba"}}, {"type": "Feature", "id": 14319, "geometry": {"type": "Point", "coordinates": [-89.7805156940483, 35.054651515036]}, "properties": {"Record_ID": "COM-ALT-22-000145", "Issued_Date": 1651554000000, "Sub_Type": "COM", "Construction_Type": "ALT", "Valuation": 227625, "Address": "3400 PLAYERS CLUB PKWY", "City": "MEMPHIS", "Description": "Interior Alterations", "ZIP_Code": "38125", "State": "TN", "Latitude": 35.054651515036035, "Longitude": -89.7805156940483, "ObjectId": 14319, "GlobalID": "a0fe59f4-6495-4d20-b9e6-f5a0283c7f78"}}, {"type": "Feature", "id": 14347, "geometry": {"type": "Point", "coordinates": [-89.9583421397257, 35.1332665073845]}, "properties": {"Record_ID": "RES-ALT-22-000605", "Issued_Date": 1652331600000, "Sub_Type": "RES", "Construction_Type": "ALT", "Valuation": 10000, "Address": "3168 WALNUT GROVE RD", "City": "MEMPHIS", "Description": "Window and door replacement", "ZIP_Code": "38111", "State": "TN", "Latitude": 35.1332665073845, "Longitude": -89.95834213972564, "ObjectId": 14347, "GlobalID": "884865f2-6cc7-494c-ba6c-c46d866a5a51"}}, {"type": "Feature", "id": 14350, "geometry": {"type": "Point", "coordinates": [-89.9534416422455, 35.1155005106648]}, "properties": {"Record_ID": "RES-ALT-21-000019", "Issued_Date": 1609999200000, "Sub_Type": "Residential", "Construction_Type": "ALT", "Valuation": 7500, "Address": "525 S HOLMES ST", "City": "MEMPHIS", "Description": "6X11 BATHROOM REMODEL", "ZIP_Code": null, "State": "TN", "Latitude": 35.11550051066479, "Longitude": -89.95344164224547, "ObjectId": 14350, "GlobalID": "776a7194-b6e3-4356-b148-e88f23e08b8e"}}, {"type": "Feature", "id": 14356, "geometry": {"type": "Point", "coordinates": [-89.8174561818531, 35.0849185106868]}, "properties": {"Record_ID": "RES-ADD-21-000436", "Issued_Date": 1631595600000, "Sub_Type": "RES", "Construction_Type": "ADD", "Valuation": 35000, "Address": "2342 TURPINS GLEN DR", "City": "GERMANTOWN", "Description": "Convert space above garage into living space-total 486 sf", "ZIP_Code": "38138", "State": "TN", "Latitude": 35.08491851068684, "Longitude": -89.81745618185309, "ObjectId": 14356, "GlobalID": "60d179e4-a32b-4ce7-9bb5-6057118ddd61"}}, {"type": "Feature", "id": 14362, "geometry": {"type": "Point", "coordinates": [-90.0110281185288, 35.2339224899431]}, "properties": {"Record_ID": "COM-ALT-22-000365", "Issued_Date": 1652677200000, "Sub_Type": "COM", "Construction_Type": "ALT", "Valuation": 110000, "Address": "3988 N WATKINS ST", "City": "MEMPHIS", "Description": "Modification of existing cell tower equipment for existing carrier, Verizon Wireless (applicant). Remove/replace/add antennas and other minor tower equipment to existing configuration. Complete antenna mount modifications. No increase in tower height or compound expansion.", "ZIP_Code": "38127", "State": "TN", "Latitude": 35.23392248994312, "Longitude": -90.0110281185288, "ObjectId": 14362, "GlobalID": "bac1433d-4b91-4c16-babb-efe128239fb3"}}, {"type": "Feature", "id": 14385, "geometry": {"type": "Point", "coordinates": [-89.9916781357966, 35.0525815247489]}, "properties": {"Record_ID": "COM-ALT-22-000315", "Issued_Date": 1653282000000, "Sub_Type": "COM", "Construction_Type": "ALT", "Valuation": 63000, "Address": "3483 AIRWAYS BLVD", "City": "MEMPHIS", "Description": "Tenant infill of Bay 2 1320 SF .", "ZIP_Code": "38116", "State": "TN", "Latitude": 35.052581524748916, "Longitude": -89.99167813579663, "ObjectId": 14385, "GlobalID": "343f540e-a932-42a4-8a61-d5d96f597173"}}, {"type": "Feature", "id": 14398, "geometry": {"type": "Point", "coordinates": [-90.0901201104212, 35.0250055345286]}, "properties": {"Record_ID": "COM-ALT-22-000197", "Issued_Date": 1652158800000, "Sub_Type": "COM", "Construction_Type": "ALT", "Valuation": 4848470, "Address": "778 PARKROSE AVE", "City": "MEMPHIS", "Description": "THE SCOPE OF WORK INCLUDES PRIMARILY A LEVEL 1 ALTERATION INCLUDING THE REMOVAL AND REPLACEMENT OF WINDOWS, TOILET ROOM FIXTURES AND FINISHES, INTERIOR FLOORING AND CEILING IN CORRIDORS AND CLASSROOMS, REPLACING LIGHT FIXTURES WITH LED IN CORRIDORS AND CLASSROOMS, REPLACING HVAC IN CLASSROOMS, PAINTING THROUGHOUT, ELECTRICAL REPAIRS AS REQUIRED. A SMALL LEVEL 2 ALTERATION / RECONFIGURATION OF THE MAIN ENTRY TO PROVIDE A SECURE ENTRY POINT.", "ZIP_Code": "38109", "State": "TN", "Latitude": 35.02500553452861, "Longitude": -90.09012011042115, "ObjectId": 14398, "GlobalID": "5307262a-24d6-41f3-aae4-97c7c0feb91c"}}, {"type": "Feature", "id": 14399, "geometry": {"type": "Point", "coordinates": [-89.81643026832, 35.1671567611013]}, "properties": {"Record_ID": "RES-NEW-21-000639", "Issued_Date": 1631768400000, "Sub_Type": "RES", "Construction_Type": "NEW", "Valuation": 215000, "Address": "1533 APPLING WALK LN", "City": "MEMPHIS", "Description": "Construct Single Family Residence with attached double car garage", "ZIP_Code": "38016", "State": "TN", "Latitude": 35.167156761101275, "Longitude": -89.81643026831998, "ObjectId": 14399, "GlobalID": "79080e68-4ec1-4642-860a-268a8fb24acb"}}, {"type": "Feature", "id": 14411, "geometry": {"type": "Point", "coordinates": [-89.7994831792507, 35.2005954870926]}, "properties": {"Record_ID": "RES-ADD-21-000033", "Issued_Date": 1632200400000, "Sub_Type": "RES", "Construction_Type": "ADD", "Valuation": 1000, "Address": "7887 DEER CV", "City": "MEMPHIS", "Description": "i want to extend my sumroom. at the moment its kinda small. no electricity will be installed.", "ZIP_Code": "38133", "State": "TN", "Latitude": 35.20059548709257, "Longitude": -89.79948317925069, "ObjectId": 14411, "GlobalID": "a6a715fb-20f6-4f15-8412-6cf9ba1b5721"}}, {"type": "Feature", "id": 14433, "geometry": {"type": "Point", "coordinates": [-89.7410777050046, 35.0540665134178]}, "properties": {"Record_ID": "RES-ACC-21-000795", "Issued_Date": 1631509200000, "Sub_Type": "RES", "Construction_Type": "ACC", "Valuation": 80000, "Address": "9695 POPLAR AVE", "City": "GERMANTOWN", "Description": "Wood framed metal pole barn.", "ZIP_Code": "38139", "State": "TN", "Latitude": 35.054066513417766, "Longitude": -89.74107770500463, "ObjectId": 14433, "GlobalID": "66affea9-ca08-4850-8a16-9c624e458957"}}, {"type": "Feature", "id": 14440, "geometry": {"type": "Point", "coordinates": [-89.746338201946, 35.0786905087842]}, "properties": {"Record_ID": "B1117881", "Issued_Date": 1609826400000, "Sub_Type": "Residential", "Construction_Type": "ACC", "Valuation": 57250, "Address": "9564 N FOX HILL CIR", "City": "GERMANTOWN", "Description": "pool builder  MAP 136 N", "ZIP_Code": null, "State": "TN", "Latitude": 35.078690508784206, "Longitude": -89.74633820194602, "ObjectId": 14440, "GlobalID": "b67074a6-7298-4ca4-bed0-98b32ecde126"}}, {"type": "Feature", "id": 14471, "geometry": {"type": "Point", "coordinates": [-89.826667684646, 35.0027935273109]}, "properties": {"Record_ID": "RES-ALT-21-000753", "Issued_Date": 1623906000000, "Sub_Type": "Residential", "Construction_Type": "Alteration", "Valuation": 4180, "Address": "5304 CHEROKEE ROSE LN", "City": "MEMPHIS", "Description": "Install replacement windows. Same size and type.", "ZIP_Code": null, "State": "TN", "Latitude": 35.0027935273109, "Longitude": -89.82666768464595, "ObjectId": 14471, "GlobalID": "cad2f00f-aa8b-4879-a8b4-92944c0dbb25"}}, {"type": "Feature", "id": 14473, "geometry": {"type": "Point", "coordinates": [-89.8927861533408, 35.2018824909781]}, "properties": {"Record_ID": "RES-ACC-21-000875", "Issued_Date": 1632373200000, "Sub_Type": "RES", "Construction_Type": "ACC", "Valuation": 5000, "Address": "5118 BATTLE CREEK DR", "City": "MEMPHIS", "Description": "Backyard Shed", "ZIP_Code": "38134", "State": "TN", "Latitude": 35.20188249097814, "Longitude": -89.89278615334082, "ObjectId": 14473, "GlobalID": "57a713cb-36e7-450a-961c-b05b9b5193b3"}}, {"type": "Feature", "id": 14476, "geometry": {"type": "Point", "coordinates": [-89.8938481629222, 35.0511865207092]}, "properties": {"Record_ID": "RES-ALT-21-001363", "Issued_Date": 1632718800000, "Sub_Type": "RES", "Construction_Type": "ALT", "Valuation": 131789, "Address": "3554 DUANE CV", "City": "MEMPHIS", "Description": "Repair Fire", "ZIP_Code": "38118", "State": "TN", "Latitude": 35.05118652070922, "Longitude": -89.89384816292218, "ObjectId": 14476, "GlobalID": "09feed4d-c54e-48f2-ae8b-a237a3f68301"}}, {"type": "Feature", "id": 14506, "geometry": {"type": "Point", "coordinates": [-89.9475556438546, 35.1157705103512]}, "properties": {"Record_ID": "RES-ADD-20-000159", "Issued_Date": 1609999200000, "Sub_Type": "Residential", "Construction_Type": "ADD", "Valuation": 55000, "Address": "521 ELLSWORTH ST", "City": "MEMPHIS", "Description": "We will be adding a 13'4\" x 13'4\" addition to the rear of the existing home to add to master bedroom. It will be conventional foundation. In the existing interior space will be a full bathroom added to the current master bedroom. The remaining portions of the existing home will be remodeled including new recessed lighting, new kitchen cabinets, new existing bathroom tile, complete interior paint, and sand/refinish existing hardwood floors. The existing exterior of the home will remain only to include landscape cleanup and minor wood repairs. Attached architectural plans show a site plan, foundation, and framing plans to be performed per current residential building code.", "ZIP_Code": null, "State": "TN", "Latitude": 35.115770510351176, "Longitude": -89.94755564385461, "ObjectId": 14506, "GlobalID": "019a1da4-f44d-487c-8f1c-906b9f4aac08"}}, {"type": "Feature", "id": 14518, "geometry": {"type": "Point", "coordinates": [-89.9440546390762, 35.2031604930043]}, "properties": {"Record_ID": "RES-ALT-20-000391", "Issued_Date": 1611208800000, "Sub_Type": "Residential", "Construction_Type": "ALT", "Valuation": 17000, "Address": "2857 CHISWICK PL", "City": "MEMPHIS", "Description": "POCKET REPLACEMENT WINDOWS - REPLACE 20 WINDOWS", "ZIP_Code": null, "State": "TN", "Latitude": 35.20316049300425, "Longitude": -89.94405463907623, "ObjectId": 14518, "GlobalID": "f628d8ae-4101-46aa-b484-62df628fcb1a"}}, {"type": "Feature", "id": 14534, "geometry": {"type": "Point", "coordinates": [-89.736811700435, 35.1422664958154]}, "properties": {"Record_ID": "RES-NEW-22-000269", "Issued_Date": 1652331600000, "Sub_Type": "RES", "Construction_Type": "NEW", "Valuation": 477023, "Address": "682 WOODLAND LEVEE WAY", "City": "CORDOVA", "Description": "Building a single family residence w/ a 3 car garage.", "ZIP_Code": "38018", "State": "TN", "Latitude": 35.14226649581537, "Longitude": -89.73681170043497, "ObjectId": 14534, "GlobalID": "6b309724-a939-4a86-bd25-ae592eb011ee"}}, {"type": "Feature", "id": 14556, "geometry": {"type": "Point", "coordinates": [-89.8341601792689, 35.0536525175937]}, "properties": {"Record_ID": "RES-ALT-22-000568", "Issued_Date": 1651813200000, "Sub_Type": "RES", "Construction_Type": "ALT", "Valuation": 8643, "Address": "6875 KIRBY ARMS DR", "City": "MEMPHIS", "Description": "INSTALL REPLACEMENT WINDOWS. SAME SIZE AND TYPE.", "ZIP_Code": "38115", "State": "TN", "Latitude": 35.05365251759372, "Longitude": -89.83416017926888, "ObjectId": 14556, "GlobalID": "2d2c2d4a-3c39-4944-8f65-003058f6345a"}}, {"type": "Feature", "id": 14560, "geometry": {"type": "Point", "coordinates": [-89.8610836648048, 35.1609504976272]}, "properties": {"Record_ID": "COM-ALT-22-000416", "Issued_Date": 1653282000000, "Sub_Type": "COM", "Construction_Type": "ALT", "Valuation": 125000, "Address": "6072 EXECUTIVE CENTRE DR", "City": "MEMPHIS", "Description": "Modification of existing cell tower equipment for existing carrier, Verizon Wireless (applicant). Remove/replace/add antennas and other minor tower equipment to existing configuration. No increase in tower height or compound expansion.", "ZIP_Code": "38134", "State": "TN", "Latitude": 35.16095049762717, "Longitude": -89.86108366480475, "ObjectId": 14560, "GlobalID": "d2432542-8d06-4b03-9706-0a139f6b4544"}}, {"type": "Feature", "id": 14587, "geometry": {"type": "Point", "coordinates": [-90.0051961275899, 35.1209095118919]}, "properties": {"Record_ID": "RES-NEW-21-000149", "Issued_Date": 1616994000000, "Sub_Type": "Residential", "Construction_Type": "New", "Valuation": 200000, "Address": "1692 EUCLID AVE", "City": "MEMPHIS", "Description": "New Construction of Residential House", "ZIP_Code": null, "State": "TN", "Latitude": 35.120909511891945, "Longitude": -90.00519612758985, "ObjectId": 14587, "GlobalID": "fabdc7cf-dc00-4ffd-b3c5-b153dca15485"}}, {"type": "Feature", "id": 14598, "geometry": {"type": "Point", "coordinates": [-89.751855202196, 35.051366514425]}, "properties": {"Record_ID": "RES-NEW-21-000360", "Issued_Date": 1621400400000, "Sub_Type": "Residential", "Construction_Type": "New", "Valuation": 1600000, "Address": "9285 FOREST BEND CT", "City": "GERMANTOWN", "Description": "NEW SFR W/ATTACHED 3 CAR GARAGE", "ZIP_Code": null, "State": "TN", "Latitude": 35.05136651442498, "Longitude": -89.75185520219598, "ObjectId": 14598, "GlobalID": "56a8dad2-d7b0-4715-9f33-c81ca7b3daa6"}}, {"type": "Feature", "id": 14622, "geometry": {"type": "Point", "coordinates": [-89.6752382077149, 35.2911354637601]}, "properties": {"Record_ID": "COM-ALT-21-000795", "Issued_Date": 1631077200000, "Sub_Type": "COM", "Construction_Type": "ALT", "Valuation": 204200, "Address": "6055 AIRLINE RD", "City": "ARLINGTON", "Description": "Update bathrooms, lighting, HVAC and interior finishing for office downstairs only.", "ZIP_Code": "38002", "State": "TN", "Latitude": 35.29113546376014, "Longitude": -89.67523820771494, "ObjectId": 14622, "GlobalID": "be250768-c1df-4f72-a6a4-1440c103455e"}}, {"type": "Feature", "id": 14637, "geometry": {"type": "Point", "coordinates": [-89.9583421397257, 35.1332665073845]}, "properties": {"Record_ID": "RES-ALT-22-000610", "Issued_Date": 1653368400000, "Sub_Type": "RES", "Construction_Type": "ALT", "Valuation": 10000, "Address": "3188 WALNUT GROVE RD", "City": "MEMPHIS", "Description": "Replacing windows and doors", "ZIP_Code": "38111", "State": "TN", "Latitude": 35.1332665073845, "Longitude": -89.95834213972564, "ObjectId": 14637, "GlobalID": "3c5568f3-5da9-47f4-b055-fcd3e42ab8a6"}}, {"type": "Feature", "id": 14660, "geometry": {"type": "Point", "coordinates": [-89.8905946440618, 35.3510574615905]}, "properties": {"Record_ID": "RES-NEW-20-000324", "Issued_Date": 1609999200000, "Sub_Type": "Residential", "Construction_Type": "New", "Valuation": 178600, "Address": "5045 SHELLBACK DR", "City": "MILLINGTON", "Description": "SFR W/ATTACHED DOUBLE GARAGE", "ZIP_Code": null, "State": "TN", "Latitude": 35.351057461590536, "Longitude": -89.89059464406185, "ObjectId": 14660, "GlobalID": "34a86d79-679f-44aa-96a5-fab41c8db30e"}}, {"type": "Feature", "id": 14666, "geometry": {"type": "Point", "coordinates": [-90.0133816262499, 35.1068695150173]}, "properties": {"Record_ID": "RES-ADD-22-000164", "Issued_Date": 1652158800000, "Sub_Type": "RES", "Construction_Type": "ADD", "Valuation": 38000, "Address": "1474 KERR AVE", "City": "MEMPHIS", "Description": "Residential Addition on #3 bedrooms", "ZIP_Code": "38106", "State": "TN", "Latitude": 35.10686951501726, "Longitude": -90.01338162624987, "ObjectId": 14666, "GlobalID": "de8a2a1f-60a0-4a8a-8c26-c41fe1265ce9"}}, {"type": "Feature", "id": 14683, "geometry": {"type": "Point", "coordinates": [-89.7856094819123, 35.1537804060957]}, "properties": {"Record_ID": "COM-ALT-21-000117", "Issued_Date": 1613628000000, "Sub_Type": "Commercial", "Construction_Type": "Alteration", "Valuation": 282826, "Address": "10555 MACON RD", "City": "MEMPHIS", "Description": "T-Mobile proposes to replace cabinets and antennas. Crown Castle will be the general contractor for this project.", "ZIP_Code": null, "State": "TN", "Latitude": 35.15378040609568, "Longitude": -89.78560948191233, "ObjectId": 14683, "GlobalID": "fa33a057-6b4b-473e-8001-803fffa962cb"}}, {"type": "Feature", "id": 14706, "geometry": {"type": "Point", "coordinates": [-89.7406636993609, 35.1423744959641]}, "properties": {"Record_ID": "RES-NEW-21-000604", "Issued_Date": 1631768400000, "Sub_Type": "RES", "Construction_Type": "NEW", "Valuation": 315000, "Address": "704 WOODLAND FOX LN W", "City": "CORDOVA", "Description": "Single family residence with double garage", "ZIP_Code": "38018", "State": "TN", "Latitude": 35.14237449596411, "Longitude": -89.74066369936085, "ObjectId": 14706, "GlobalID": "433942e5-605e-4800-a3f7-528e266d5fd9"}}, {"type": "Feature", "id": 14751, "geometry": {"type": "Point", "coordinates": [-89.9999446279561, 35.1374245084103]}, "properties": {"Record_ID": "COM-ALT-22-000340", "Issued_Date": 1655355600000, "Sub_Type": "COM", "Construction_Type": "ALT", "Valuation": 79415, "Address": "1839 MADISON AVE", "City": "MEMPHIS", "Description": "Makowsky Construction Company, LLC will be completing a tenant finish out at the Madison at McLean Apartments located at 1839 Madison Avenue, Suite 101, Memphis, TN 38104.  \n\nThe work consists of minor framing, electrical wiring / light fixtures, HVAC ductwork (system already installed), plumbing for sink, adjusting fire sprinkler heads, insulation, drywall, store front glass, interior trim, kitchenette cabinets / tops, painting, LVP and cleaning of the space.  \n\nThe mechanical, plumbing, fire sprinkler and electrical subcontractors will be applying for and paying for their own respective permits.", "ZIP_Code": "38104", "State": "TN", "Latitude": 35.13742450841026, "Longitude": -89.9999446279561, "ObjectId": 14751, "GlobalID": "87a11dc8-091b-4c5a-81e8-87ab684bc1de"}}, {"type": "Feature", "id": 14793, "geometry": {"type": "Point", "coordinates": [-89.6851292057541, 35.27929146653]}, "properties": {"Record_ID": "RES-NEW-21-000053", "Issued_Date": 1612159200000, "Sub_Type": "Residential", "Construction_Type": "New", "Valuation": 282500, "Address": "5636 DRAPER TL", "City": "ARLINGTON", "Description": "CONSTRUCT NEW SFR W/ ATTACHED GARAGE (2 CAR)", "ZIP_Code": null, "State": "TN", "Latitude": 35.27929146652998, "Longitude": -89.68512920575407, "ObjectId": 14793, "GlobalID": "34ebfac5-9e8a-49e2-b95d-c81713042591"}}, {"type": "Feature", "id": 14796, "geometry": {"type": "Point", "coordinates": [-89.7728746941218, 35.0860075085076]}, "properties": {"Record_ID": "RES-ADD-21-000477", "Issued_Date": 1632891600000, "Sub_Type": "RES", "Construction_Type": "ADD", "Valuation": 28150, "Address": "2308 DOGWOOD OAKS DR", "City": "GERMANTOWN", "Description": "Porch over existing concrete patio slab.  Previous owner poured concrete.  Shed style with 1' overhang.", "ZIP_Code": "38139", "State": "TN", "Latitude": 35.086007508507606, "Longitude": -89.7728746941218, "ObjectId": 14796, "GlobalID": "b6db00ec-0ebc-4841-a4c1-a4d47906f6e0"}}, {"type": "Feature", "id": 14808, "geometry": {"type": "Point", "coordinates": [-90.0598201670128, 35.2301685827408]}, "properties": {"Record_ID": "COM-ACC-21-000082", "Issued_Date": 1632200400000, "Sub_Type": "COM", "Construction_Type": "ACC", "Valuation": 20000, "Address": "3659 OLD CUBA BENJESTOWN RD", "City": "MEMPHIS", "Description": "Installation of platform to support water well head.", "ZIP_Code": "38127", "State": "TN", "Latitude": 35.23016858274079, "Longitude": -90.05982016701279, "ObjectId": 14808, "GlobalID": "d7fc7d24-e2af-4c7c-9ab5-c3aca7604aa9"}}, {"type": "Feature", "id": 14809, "geometry": {"type": "Point", "coordinates": [-90.0626926108051, 35.134688511732]}, "properties": {"Record_ID": "COM-ALT-21-000729", "Issued_Date": 1630558800000, "Sub_Type": "COM", "Construction_Type": "ALT", "Valuation": 109195, "Address": "456 TENNESSEE ST", "City": "MEMPHIS", "Description": "Interior renovations, remove selected walls, rework ATC, frame new walls, paint, trim, floor finish and new electric", "ZIP_Code": "38103", "State": "TN", "Latitude": 35.13468851173197, "Longitude": -90.06269261080514, "ObjectId": 14809, "GlobalID": "320779a8-d8e6-465c-9160-5cf412ef8efc"}}, {"type": "Feature", "id": 14815, "geometry": {"type": "Point", "coordinates": [0, 0]}, "properties": {"Record_ID": "RES-ADD-21-000289", "Issued_Date": 1623906000000, "Sub_Type": "Residential", "Construction_Type": "Addition", "Valuation": 5000, "Address": "12547 BULRUSH DR", "City": "MEMPHIS", "Description": "COMPLETION OF BONUS ROOOM PLUS HVAS & ELECTRICAL 19 x 35 ROOM INSTELI INSTALLATION, SHEETROCK, CARPET.", "ZIP_Code": null, "State": "TN", "Latitude": 0, "Longitude": 0, "ObjectId": 14815, "GlobalID": "fa0ea1a3-5686-40b2-b4e1-63fb3b6ad9bd"}}, {"type": "Feature", "id": 14820, "geometry": {"type": "Point", "coordinates": [-90.0477526227161, 35.0157535344817]}, "properties": {"Record_ID": "RES-ALT-21-000399", "Issued_Date": 1618549200000, "Sub_Type": "Residential", "Construction_Type": "Alteration", "Valuation": 15400, "Address": "4833 LEONARD RD", "City": "MEMPHIS", "Description": "Pocket Replacement Windows- 17 Windows", "ZIP_Code": null, "State": "TN", "Latitude": 35.01575353448173, "Longitude": -90.04775262271612, "ObjectId": 14820, "GlobalID": "216442c8-aa5c-40d3-829b-e86718527de7"}}, {"type": "Feature", "id": 14838, "geometry": {"type": "Point", "coordinates": [-89.9385048228605, 35.0670407911441]}, "properties": {"Record_ID": "B1118868", "Issued_Date": 1620190800000, "Sub_Type": "Commercial", "Construction_Type": "New", "Valuation": 12696645, "Address": "2981 JULIUS LEWIS DR", "City": "MEMPHIS", "Description": "NEW BLDG CONSTRUCTION OF CITY OF MEMPHIS", "ZIP_Code": null, "State": "TN", "Latitude": 35.06704079114407, "Longitude": -89.93850482286048, "ObjectId": 14838, "GlobalID": "ed9e3a37-5334-452b-aa4c-6e725c854d7b"}}, {"type": "Feature", "id": 14839, "geometry": {"type": "Point", "coordinates": [-90.0318721188298, 35.1420865089097]}, "properties": {"Record_ID": "COM-ALT-21-000567", "Issued_Date": 1632978000000, "Sub_Type": "COM", "Construction_Type": "ALT", "Valuation": 5537800, "Address": "877 JEFFERSON AVE", "City": "MEMPHIS", "Description": "Renovations to 5th & 6th floors of Rout building to accommodate new cancer patient rooms, as well as required modifications to architectural, mechanical, plumbing, fire protection, and electrical to service these two floors.", "ZIP_Code": "38103", "State": "TN", "Latitude": 35.14208650890974, "Longitude": -90.03187211882981, "ObjectId": 14839, "GlobalID": "0838f950-7052-44e8-8377-a7e0b432759f"}}, {"type": "Feature", "id": 14898, "geometry": {"type": "Point", "coordinates": [-89.9467501428111, 35.135075506515]}, "properties": {"Record_ID": "B1113339", "Issued_Date": 1616130000000, "Sub_Type": "Residential", "Construction_Type": "Alteration", "Valuation": 2930, "Address": "3449 HIGHLAND PARK PL", "City": "MEMPHIS", "Description": "INSTALL SMART JACKS    MP 56 E   REDEEMERS GROUP   INC", "ZIP_Code": null, "State": "TN", "Latitude": 35.13507550651499, "Longitude": -89.94675014281111, "ObjectId": 14898, "GlobalID": "59d4315a-4805-41e7-b930-f0aef92bb832"}}, {"type": "Feature", "id": 14907, "geometry": {"type": "Point", "coordinates": [-89.7275281976144, 35.2244544792059]}, "properties": {"Record_ID": "COM-ALT-22-000394", "Issued_Date": 1652763600000, "Sub_Type": "COM", "Construction_Type": "ALT", "Valuation": 110000, "Address": "3685 MONROE RD", "City": "LAKELAND", "Description": "Modification of existing cell tower equipment for existing carrier, Verizon Wireless (applicant). Remove/replace/add antennas and other minor tower equipment to existing configuration. Complete antenna mount modifications. No increase in tower height or compound expansion.", "ZIP_Code": "38002", "State": "TN", "Latitude": 35.22445447920593, "Longitude": -89.72752819761446, "ObjectId": 14907, "GlobalID": "f8a049c7-8bed-4a49-b21f-8c292d75d5ab"}}, {"type": "Feature", "id": 14908, "geometry": {"type": "Point", "coordinates": [-89.7094247101316, 35.1099745009809]}, "properties": {"Record_ID": "RES-ADD-21-000446", "Issued_Date": 1632718800000, "Sub_Type": "RES", "Construction_Type": "ADD", "Valuation": 100000, "Address": "10715 CURTMAN DR", "City": "EADS", "Description": "Building a pool house 24'x20'3\"", "ZIP_Code": "38028", "State": "TN", "Latitude": 35.10997450098095, "Longitude": -89.70942471013159, "ObjectId": 14908, "GlobalID": "6b8abc20-1cc0-43ff-b5a4-efc31e14b7b0"}}, {"type": "Feature", "id": 14935, "geometry": {"type": "Point", "coordinates": [-89.809648684451, 35.078213511666]}, "properties": {"Record_ID": "RES-NEW-22-000132", "Issued_Date": 1652418000000, "Sub_Type": "RES", "Construction_Type": "NEW", "Valuation": 800000, "Address": "7593 TAGG DR", "City": "GERMANTOWN", "Description": "New Single Family Residential Construction with 3 car garage", "ZIP_Code": "38138", "State": "TN", "Latitude": 35.07821351166601, "Longitude": -89.80964868445096, "ObjectId": 14935, "GlobalID": "2f7701e6-e76f-478c-ab37-74b3f435e1ce"}}, {"type": "Feature", "id": 14960, "geometry": {"type": "Point", "coordinates": [-89.9312476412099, 35.2244904882433]}, "properties": {"Record_ID": "RES-NEW-20-000160", "Issued_Date": 1610085600000, "Sub_Type": "Residential", "Construction_Type": "New", "Valuation": 123000, "Address": "3977 TIMBERWOOD ST", "City": "MEMPHIS", "Description": "SINGLE FAMILY HOME DEVELOPMENT", "ZIP_Code": null, "State": "TN", "Latitude": 35.224490488243255, "Longitude": -89.93124764120992, "ObjectId": 14960, "GlobalID": "d7349eb3-32b8-40ae-bd38-79c07af7b492"}}, {"type": "Feature", "id": 14973, "geometry": {"type": "Point", "coordinates": [-89.921046146093, 35.1932424939319]}, "properties": {"Record_ID": "COM-ALT-22-000235", "Issued_Date": 1651467600000, "Sub_Type": "COM", "Construction_Type": "ALT", "Valuation": 110000, "Address": "2254 TANT RD", "City": "MEMPHIS", "Description": "The proposed scope of work for this project includes: Add or replace antennas, ancillary equipment and ground equipment as per plans for an existing carrier on an existing wireless communication facility. Mid South Communications will be the general contractor for this project Cost of Construction will be $110,000", "ZIP_Code": "38128", "State": "TN", "Latitude": 35.1932424939319, "Longitude": -89.921046146093, "ObjectId": 14973, "GlobalID": "9d7d6064-22ac-4450-9c0b-b78e6fc41541"}}, {"type": "Feature", "id": 15001, "geometry": {"type": "Point", "coordinates": [-89.8903111441134, 35.3514624614985]}, "properties": {"Record_ID": "RES-NEW-20-000302", "Issued_Date": 1609826400000, "Sub_Type": "Residential", "Construction_Type": "New", "Valuation": 178600, "Address": "5157 SHELLBACK DR", "City": "MILLINGTON", "Description": "SFR W/ DOUBLE CAR GARAGE 1786 SQ FT", "ZIP_Code": null, "State": "TN", "Latitude": 35.351462461498514, "Longitude": -89.89031114411337, "ObjectId": 15001, "GlobalID": "6e057f5d-098b-4826-93b8-2ee118df6f67"}}, {"type": "Feature", "id": 15005, "geometry": {"type": "Point", "coordinates": [-89.9143051492308, 35.1739014974368]}, "properties": {"Record_ID": "RES-ADD-21-000239", "Issued_Date": 1622178000000, "Sub_Type": "Residential", "Construction_Type": "Addition", "Valuation": 10000, "Address": "4403 TRUMAN RD", "City": "MEMPHIS", "Description": "ADD PORCH TO THE FRONT OF THE HOUSE", "ZIP_Code": null, "State": "TN", "Latitude": 35.173901497436816, "Longitude": -89.91430514923078, "ObjectId": 15005, "GlobalID": "a44db7a8-7c23-40cb-9977-e923fd54fc24"}}, {"type": "Feature", "id": 15025, "geometry": {"type": "Point", "coordinates": [-89.769850695315, 35.080544509453]}, "properties": {"Record_ID": "RES-ALT-21-000742", "Issued_Date": 1624597200000, "Sub_Type": "Residential", "Construction_Type": "Alteration", "Valuation": 12146, "Address": "8759 JOHANNESBURG DR", "City": "GERMANTOWN", "Description": "Install replacement windows. Same size and type.", "ZIP_Code": null, "State": "TN", "Latitude": 35.080544509453034, "Longitude": -89.769850695315, "ObjectId": 15025, "GlobalID": "b757e178-b207-4864-b296-1a85d5d404ec"}}, {"type": "Feature", "id": 15034, "geometry": {"type": "Point", "coordinates": [-89.736811700435, 35.1422664958154]}, "properties": {"Record_ID": "RES-NEW-22-000246", "Issued_Date": 1652331600000, "Sub_Type": "RES", "Construction_Type": "NEW", "Valuation": 402000, "Address": "637 WOODLAND LEVEE WAY", "City": "CORDOVA", "Description": "Building a single family residence w/ a 2 car garage.", "ZIP_Code": "38018", "State": "TN", "Latitude": 35.14226649581537, "Longitude": -89.73681170043497, "ObjectId": 15034, "GlobalID": "4fb239dd-b1a2-41d5-a619-ca5785672609"}}, {"type": "Feature", "id": 15096, "geometry": {"type": "Point", "coordinates": [-89.921383637509, 35.3214834687653]}, "properties": {"Record_ID": "RES-NEW-21-000137", "Issued_Date": 1615356000000, "Sub_Type": "Residential", "Construction_Type": "New", "Valuation": 323600, "Address": "7150 RYAN HILL", "City": "MILLINGTON", "Description": "SINGLE FAMILY HOME W/ATT DBL GARAGE", "ZIP_Code": null, "State": "TN", "Latitude": 35.3214834687653, "Longitude": -89.92138363750895, "ObjectId": 15096, "GlobalID": "2792d3c7-7189-4c5d-8c3c-24e3f9d500fa"}}, {"type": "Feature", "id": 15098, "geometry": {"type": "Point", "coordinates": [-89.751855202196, 35.051366514425]}, "properties": {"Record_ID": "RES-NEW-21-000320", "Issued_Date": 1619499600000, "Sub_Type": "Residential", "Construction_Type": "New", "Valuation": 1400000, "Address": "9305 FOREST BEND CT", "City": "GERMANTOWN", "Description": "NEW RESIDENCE W/ATTACHED 4 CAR GARAGE", "ZIP_Code": null, "State": "TN", "Latitude": 35.05136651442498, "Longitude": -89.75185520219598, "ObjectId": 15098, "GlobalID": "4fa037c7-9aaa-469e-b47b-a54a5868523f"}}, {"type": "Feature", "id": 15146, "geometry": {"type": "Point", "coordinates": [-90.0008626342889, 35.0368135282621]}, "properties": {"Record_ID": "COM-ALT-22-000391", "Issued_Date": 1652763600000, "Sub_Type": "COM", "Construction_Type": "ALT", "Valuation": 110000, "Address": "1888 E RAINES RD", "City": "MEMPHIS", "Description": "Modification of existing cell tower equipment for existing carrier, Verizon Wireless (applicant). Remove/replace/add antennas and other minor tower equipment to existing configuration. Complete antenna mount modifications. No increase in tower height or compound expansion.", "ZIP_Code": "38116", "State": "TN", "Latitude": 35.03681352826207, "Longitude": -90.00086263428885, "ObjectId": 15146, "GlobalID": "0d3ff119-eed2-4af0-a3b7-21fa7b3a39ea"}}, {"type": "Feature", "id": 15193, "geometry": {"type": "Point", "coordinates": [-89.9738851344792, 35.1477385052259]}, "properties": {"Record_ID": "COM-NEW-20-000113", "Issued_Date": 1617944400000, "Sub_Type": "Commercial", "Construction_Type": "New", "Valuation": 25000000, "Address": "2540 BROAD", "City": "MEMPHIS", "Description": "201 unit 3/4 split apartment building. Building is part of phase 1", "ZIP_Code": null, "State": "TN", "Latitude": 35.14773850522589, "Longitude": -89.97388513447922, "ObjectId": 15193, "GlobalID": "5b44057f-4e05-40e7-973a-1334b1c6c6c3"}}, {"type": "Feature", "id": 15212, "geometry": {"type": "Point", "coordinates": [-90.0472936150502, 35.1347965110273]}, "properties": {"Record_ID": "B1118119", "Issued_Date": 1611727200000, "Sub_Type": "Commercial", "Construction_Type": "New", "Valuation": 898810, "Address": "443 VANCE AVE", "City": "MEMPHIS", "Description": "NEW MF 8 UNITS", "ZIP_Code": null, "State": "TN", "Latitude": 35.13479651102734, "Longitude": -90.04729361505015, "ObjectId": 15212, "GlobalID": "71982878-963d-41c0-bd1b-4df8bde26f15"}}, {"type": "Feature", "id": 15213, "geometry": {"type": "Point", "coordinates": [-89.8543786704676, 35.1028285087829]}, "properties": {"Record_ID": "COM-ALT-22-000326", "Issued_Date": 1652936400000, "Sub_Type": "COM", "Construction_Type": "ALT", "Valuation": 488604, "Address": "6286 BRIARCREST AVE", "City": "MEMPHIS", "Description": "Renovation of Medical Space", "ZIP_Code": "38120", "State": "TN", "Latitude": 35.10282850878287, "Longitude": -89.85437867046758, "ObjectId": 15213, "GlobalID": "3076d256-73db-445b-8c11-529f70d5462f"}}, {"type": "Feature", "id": 15216, "geometry": {"type": "Point", "coordinates": [-89.8593376737196, 35.0319085229948]}, "properties": {"Record_ID": "COM-ACC-20-000032", "Issued_Date": 1610690400000, "Sub_Type": "Commercial", "Construction_Type": "ACC", "Valuation": 272779, "Address": "4273 CRUMP RD", "City": "MEMPHIS", "Description": "To improve wireless communication services for your residents, Verizon will be (a) adding antennae with remote radio units onto the existing tower, as well as (b) installing an equipment platform with cabinet(s) and small backup generator on a concrete pad. Otherwise, there will be: - No major ground construction (concrete pad and described equipment only),- No change to the structure, height, or lighting of the tower,- No change in tower use, and- No lease exceedance.The project value for this co-location is $85,000. Thank you very much for your consideration.", "ZIP_Code": null, "State": "TN", "Latitude": 35.03190852299484, "Longitude": -89.85933767371961, "ObjectId": 15216, "GlobalID": "3fb10716-eff7-4ed2-a0ad-bded78db16b0"}}, {"type": "Feature", "id": 15224, "geometry": {"type": "Point", "coordinates": [-89.952451649766, 35.0044765325073]}, "properties": {"Record_ID": "COM-NEW-20-000128", "Issued_Date": 1618290000000, "Sub_Type": "Commercial", "Construction_Type": "New", "Valuation": 6841136, "Address": "3303 E HOLMES RD", "City": "MEMPHIS", "Description": "105,00 square foot addition to existing 210,000 square foot warehouse and associated site work.", "ZIP_Code": null, "State": "TN", "Latitude": 35.0044765325073, "Longitude": -89.95245164976595, "ObjectId": 15224, "GlobalID": "04d7925d-c12b-4fe6-967f-4738221ecb5f"}}, {"type": "Feature", "id": 15258, "geometry": {"type": "Point", "coordinates": [-89.760832698658, 35.0675485116226]}, "properties": {"Record_ID": "COM-ALT-21-000745", "Issued_Date": 1631250000000, "Sub_Type": "COM", "Construction_Type": "ALT", "Valuation": 59370, "Address": "9067 POPLAR AVE", "City": "GERMANTOWN", "Description": "Tenant Improvements for retail store.  Remove old plumbing from salon fixtures. Remove walls. replace lights", "ZIP_Code": "38138", "State": "TN", "Latitude": 35.067548511622654, "Longitude": -89.76083269865799, "ObjectId": 15258, "GlobalID": "4bb61f02-dcc4-4c25-866f-bbc617e61bc1"}}, {"type": "Feature", "id": 15271, "geometry": {"type": "Point", "coordinates": [-89.9784886362043, 35.1020635144188]}, "properties": {"Record_ID": "RES-ALT-22-000659", "Issued_Date": 1652763600000, "Sub_Type": "RES", "Construction_Type": "ALT", "Valuation": 20000, "Address": "1517 CELLA ST", "City": "MEMPHIS", "Description": "Replace rotted 2x4’s in bedrooms and kitchen to complete the conversion of a duplex to a single family residence.", "ZIP_Code": "38114", "State": "TN", "Latitude": 35.10206351441881, "Longitude": -89.97848863620433, "ObjectId": 15271, "GlobalID": "e61596b2-d873-4fc8-854c-dc73bef4ee3f"}}, {"type": "Feature", "id": 15281, "geometry": {"type": "Point", "coordinates": [-89.8928536596049, 35.1062035098169]}, "properties": {"Record_ID": "COM-ALT-21-000259", "Issued_Date": 1630558800000, "Sub_Type": "COM", "Construction_Type": "ALT", "Valuation": 300000, "Address": "5076 PARK AVE", "City": "MEMPHIS", "Description": "interior renovate an existing retail building into a new restaurant.", "ZIP_Code": "38117", "State": "TN", "Latitude": 35.1062035098169, "Longitude": -89.89285365960485, "ObjectId": 15281, "GlobalID": "c893e6ca-2e63-4117-923a-548e2d26fe51"}}, {"type": "Feature", "id": 15287, "geometry": {"type": "Point", "coordinates": [-89.8847266613748, 35.1135025080194]}, "properties": {"Record_ID": "RES-NEW-21-000194", "Issued_Date": 1619586000000, "Sub_Type": "Residential", "Construction_Type": "New", "Valuation": 950000, "Address": "5332 REVERE RD", "City": "MEMPHIS", "Description": "SINGLE FAMILY RESIDENCE WITH ATTACHED GARAGE", "ZIP_Code": null, "State": "TN", "Latitude": 35.113502508019415, "Longitude": -89.8847266613748, "ObjectId": 15287, "GlobalID": "7a6fb6e8-ff5d-48fd-834a-e87edf3a3584"}}, {"type": "Feature", "id": 15299, "geometry": {"type": "Point", "coordinates": [-90.005776619386, 35.2428954879481]}, "properties": {"Record_ID": "COM-ALT-22-000017", "Issued_Date": 1653022800000, "Sub_Type": "COM", "Construction_Type": "ALT", "Valuation": 247273, "Address": "4362 MILLINGTON RD", "City": "MEMPHIS", "Description": "Removing back building that has already collapsed down to slab and installing to pre-engineered metal building onto exiting slab.", "ZIP_Code": "38127", "State": "TN", "Latitude": 35.242895487948076, "Longitude": -90.00577661938604, "ObjectId": 15299, "GlobalID": "1d9b0b17-2f3f-4e32-810d-073d85cbf2fc"}}, {"type": "Feature", "id": 15303, "geometry": {"type": "Point", "coordinates": [-90.0383431169591, 35.1433555089475]}, "properties": {"Record_ID": "RES-NEW-21-000383", "Issued_Date": 1632373200000, "Sub_Type": "RES", "Construction_Type": "NEW", "Valuation": 286739, "Address": "633 JEFFERSON AVE", "City": "MEMPHIS", "Description": "New Construction of Residential home.( DETACHED GARAGE SHALL BE BY SEPARATE PERMIT )", "ZIP_Code": "38105", "State": "TN", "Latitude": 35.14335550894745, "Longitude": -90.03834311695908, "ObjectId": 15303, "GlobalID": "f83da970-5e84-40c7-a8b3-e2648a847e55"}}, {"type": "Feature", "id": 15327, "geometry": {"type": "Point", "coordinates": [-89.9636791376099, 35.1430225057012]}, "properties": {"Record_ID": "RES-ALT-22-000594", "Issued_Date": 1652158800000, "Sub_Type": "RES", "Construction_Type": "ALT", "Valuation": 13112, "Address": "425 LIPFORD ST", "City": "MEMPHIS", "Description": "Pocket Replacement Windows - Replace 13 Windows", "ZIP_Code": "38112", "State": "TN", "Latitude": 35.14302250570121, "Longitude": -89.96367913760989, "ObjectId": 15327, "GlobalID": "ff14bc6e-e22e-424a-880a-628948aa3334"}}, {"type": "Feature", "id": 15351, "geometry": {"type": "Point", "coordinates": [-89.783404695398, 35.0215675217005]}, "properties": {"Record_ID": "RES-NEW-21-000135", "Issued_Date": 1618376400000, "Sub_Type": "Residential", "Construction_Type": "New", "Valuation": 179560.5, "Address": "4649 Bradford Range PASS", "City": "MEMPHIS", "Description": "single family residence with double garage", "ZIP_Code": null, "State": "TN", "Latitude": 35.02156752170048, "Longitude": -89.78340469539799, "ObjectId": 15351, "GlobalID": "31d5a7ca-92ce-4e62-988e-86a4d566c146"}}, {"type": "Feature", "id": 15358, "geometry": {"type": "Point", "coordinates": [-89.9975821350997, 35.0382715278299]}, "properties": {"Record_ID": "RES-ALT-21-001295", "Issued_Date": 1631854800000, "Sub_Type": "RES", "Construction_Type": "ALT", "Valuation": 13600, "Address": "1978 LYDGATE CV", "City": "MEMPHIS", "Description": "Pocket Replacement Windows - Replace 17 Windows.", "ZIP_Code": "38116", "State": "TN", "Latitude": 35.038271527829956, "Longitude": -89.99758213509972, "ObjectId": 15358, "GlobalID": "720904ca-775a-49e8-b26e-ac9f836f84fe"}}, {"type": "Feature", "id": 15362, "geometry": {"type": "Point", "coordinates": [-90.0575941204245, 35.0092375362002]}, "properties": {"Record_ID": "RES-ACC-21-000831", "Issued_Date": 1631077200000, "Sub_Type": "RES", "Construction_Type": "ACC", "Valuation": 3200, "Address": "5064 APPLEVILLE ST", "City": "MEMPHIS", "Description": "Storage Shed", "ZIP_Code": "38109", "State": "TN", "Latitude": 35.00923753620015, "Longitude": -90.05759412042451, "ObjectId": 15362, "GlobalID": "926f4f03-fca5-43a8-8abc-3f6fdc2d691f"}}, {"type": "Feature", "id": 15383, "geometry": {"type": "Point", "coordinates": [-89.71833470697, 35.1205944992769]}, "properties": {"Record_ID": "RES-ACC-21-000874", "Issued_Date": 1632114000000, "Sub_Type": "RES", "Construction_Type": "ACC", "Valuation": 61000, "Address": "140 POINT CLEAR CV", "City": "EADS", "Description": "Gunite Swimming Pool 18 feet x 43 feet 3'.6\" to 8' deep with diving board", "ZIP_Code": "38028", "State": "TN", "Latitude": 35.12059449927688, "Longitude": -89.71833470697003, "ObjectId": 15383, "GlobalID": "20d36463-4e04-417d-ae58-3aaf41912ef3"}}, {"type": "Feature", "id": 15391, "geometry": {"type": "Point", "coordinates": [-89.9456988233299, 35.0704269700055]}, "properties": {"Record_ID": "COM-ALT-21-000471", "Issued_Date": 1623733200000, "Sub_Type": "Commercial", "Construction_Type": "Alteration", "Valuation": 86686, "Address": "3543 LAMAR AVE", "City": "MEMPHIS", "Description": "Verizon Wireless proposes to replace 9 Radio units that are mounted behind the antennas. No proposed ground work nor any proposed antenna replacements. CMS Wireless will be the GC for this project. CMS Wireless has provided a contract valuation letter that also includes the cost of Verizon's radios that are being replaced.", "ZIP_Code": null, "State": "TN", "Latitude": 35.07042697000553, "Longitude": -89.94569882332986, "ObjectId": 15391, "GlobalID": "66675ecd-e430-4ad2-b7dc-37c2806f547a"}}, {"type": "Feature", "id": 15417, "geometry": {"type": "Point", "coordinates": [-89.8882231549916, 35.195987491935]}, "properties": {"Record_ID": "RES-ALT-21-001370", "Issued_Date": 1632459600000, "Sub_Type": "RES", "Construction_Type": "ALT", "Valuation": 26000, "Address": "5238 TWIN WOODS AVE", "City": "MEMPHIS", "Description": "Pocket Replacement Windows - Replace 22 Windows", "ZIP_Code": "38134", "State": "TN", "Latitude": 35.195987491934964, "Longitude": -89.8882231549916, "ObjectId": 15417, "GlobalID": "e5ad72f8-749b-4254-9c89-d0dd3cc0735d"}}, {"type": "Feature", "id": 15442, "geometry": {"type": "Point", "coordinates": [-89.9505166347062, 35.2422564856113]}, "properties": {"Record_ID": "RES-ACC-21-000786", "Issued_Date": 1630472400000, "Sub_Type": "RES", "Construction_Type": "ACC", "Valuation": 1000, "Address": "4275 GLADSTONE ST", "City": "MEMPHIS", "Description": "305' Privacy Fence", "ZIP_Code": "38128", "State": "TN", "Latitude": 35.24225648561128, "Longitude": -89.95051663470622, "ObjectId": 15442, "GlobalID": "126783ea-7c05-4dcb-9071-ba7e7c31ecff"}}, {"type": "Feature", "id": 15449, "geometry": {"type": "Point", "coordinates": [-89.8911571604555, 35.1003715108913]}, "properties": {"Record_ID": "RES-ACC-21-000809", "Issued_Date": 1630990800000, "Sub_Type": "RES", "Construction_Type": "ACC", "Valuation": 4619.35, "Address": "1105 S WHITE STATION RD", "City": "MEMPHIS", "Description": "Building a storage shed", "ZIP_Code": "38117", "State": "TN", "Latitude": 35.10037151089134, "Longitude": -89.89115716045549, "ObjectId": 15449, "GlobalID": "f4e7c355-ee6d-4c71-8a4b-c570e043bd24"}}, {"type": "Feature", "id": 15484, "geometry": {"type": "Point", "coordinates": [-89.909647648176, 35.2094694902352]}, "properties": {"Record_ID": "RES-ALT-21-000390", "Issued_Date": 1618203600000, "Sub_Type": "Residential", "Construction_Type": "Alteration", "Valuation": 10837, "Address": "3101 SCHEIBLER RD", "City": "MEMPHIS", "Description": "INSTALL REPLACEMENT WINDOWS. SAME SIZE AND TYPE.", "ZIP_Code": null, "State": "TN", "Latitude": 35.20946949023521, "Longitude": -89.90964764817603, "ObjectId": 15484, "GlobalID": "264cceaf-5f47-434f-967e-4af6e647762f"}}, {"type": "Feature", "id": 15495, "geometry": {"type": "Point", "coordinates": [-89.7999736904285, 35.0274895212578]}, "properties": {"Record_ID": "RES-ALT-22-000637", "Issued_Date": 1652418000000, "Sub_Type": "RES", "Construction_Type": "ALT", "Valuation": 6612, "Address": "4419 BERKELY WOODS DR", "City": "MEMPHIS", "Description": "INSTALL REPLACEMENT WINDOWS. SAME SIZE AND TYPE.", "ZIP_Code": "38125", "State": "TN", "Latitude": 35.02748952125783, "Longitude": -89.7999736904285, "ObjectId": 15495, "GlobalID": "d646024a-ac00-4244-bb35-99b50a84a5df"}}, {"type": "Feature", "id": 15501, "geometry": {"type": "Point", "coordinates": [-89.9026456422978, 35.3274504667579]}, "properties": {"Record_ID": "RES-NEW-22-000354", "Issued_Date": 1652331600000, "Sub_Type": "RES", "Construction_Type": "NEW", "Valuation": 229600, "Address": "4794 BARRETT OAKS DR", "City": "MILLINGTON", "Description": "SFR w/ 2 car garage, 4 bd, 2 ba, Barrett Oaks Subdivision Lot 24", "ZIP_Code": "38053", "State": "TN", "Latitude": 35.327450466757895, "Longitude": -89.90264564229781, "ObjectId": 15501, "GlobalID": "aa0a4826-96e4-4f10-a26e-25e38bdd4274"}}, {"type": "Feature", "id": 15522, "geometry": {"type": "Point", "coordinates": [-89.8154574328757, 35.1673329478911]}, "properties": {"Record_ID": "RES-NEW-21-000636", "Issued_Date": 1631682000000, "Sub_Type": "RES", "Construction_Type": "NEW", "Valuation": 225000, "Address": "7423 APPLING MIST DR", "City": "MEMPHIS", "Description": "Construct Single Family Residence  with attached double car garage", "ZIP_Code": "38016", "State": "TN", "Latitude": 35.16733294789106, "Longitude": -89.81545743287569, "ObjectId": 15522, "GlobalID": "1c8cea78-c7f8-408c-9810-d4006573bf05"}}, {"type": "Feature", "id": 15523, "geometry": {"type": "Point", "coordinates": [-89.9377546515865, 35.0389015250676]}, "properties": {"Record_ID": "COM-ALT-22-000430", "Issued_Date": 1651640400000, "Sub_Type": "COM", "Construction_Type": "ALT", "Valuation": 1100000, "Address": "3965 OLD GETWELL RD", "City": "MEMPHIS", "Description": "Local Mechanical Contractor requires additional 1 story offices to facilitate growth and need. Office Expansion of 3,794 SQ FT. built within existing shop/ warehouse area.  Work to also include Office Work consisting of: New Metal Framed Offices with Painted Gypsum Board and sheathed walls, New Suspended Ceiling System, New Structural Mezzanine Deck, and New Flooring. New Mechanical, New Electrical, New Concrete Stoops, and New Sprinkler throughout New Offices. No Plumbing.", "ZIP_Code": "38118", "State": "TN", "Latitude": 35.038901525067644, "Longitude": -89.93775465158649, "ObjectId": 15523, "GlobalID": "9f0618d7-423b-4c3b-8ea9-4dad10cfa990"}}, {"type": "Feature", "id": 15529, "geometry": {"type": "Point", "coordinates": [-89.9258341515263, 35.0903005144079]}, "properties": {"Record_ID": "RES-ACC-20-000277", "Issued_Date": 1611900000000, "Sub_Type": "Residential", "Construction_Type": "ACC", "Valuation": 10000, "Address": "1505 TITUS RD", "City": "MEMPHIS", "Description": "FENCE 8FT WROUGHT IRON / BLOCK BOTTOM FENCE/GATE.", "ZIP_Code": null, "State": "TN", "Latitude": 35.09030051440792, "Longitude": -89.92583415152627, "ObjectId": 15529, "GlobalID": "57e7773f-35da-4fc0-8ee7-f52b5e2005e7"}}, {"type": "Feature", "id": 15534, "geometry": {"type": "Point", "coordinates": [-89.9474206436571, 35.1193525096399]}, "properties": {"Record_ID": "RES-NEW-21-000595", "Issued_Date": 1653022800000, "Sub_Type": "RES", "Construction_Type": "NEW", "Valuation": 350000, "Address": "350 ELLSWORTH ST", "City": "MEMPHIS", "Description": "Single family dwelling", "ZIP_Code": "38111", "State": "TN", "Latitude": 35.11935250963989, "Longitude": -89.94742064365713, "ObjectId": 15534, "GlobalID": "002dbbf0-5bd6-488e-bc2e-9c2be154243c"}}, {"type": "Feature", "id": 15536, "geometry": {"type": "Point", "coordinates": [-90.0091426252593, 35.1397915083526]}, "properties": {"Record_ID": "RES-ADD-22-000147", "Issued_Date": 1651640400000, "Sub_Type": "RES", "Construction_Type": "ADD", "Valuation": 12000, "Address": "1544 COURT AVE", "City": "MEMPHIS", "Description": "Cloned from RES-ALT-22-000340\n\nREPAIR/ REBUILD FRONT PORCH, REPAIR/ REBUILD BACKYARD 1ST FLOOR. ROOF AND ADD ROOF OVER NEW DECK, NEW 12x12 DEK ON GRADE, NEW SIDING", "ZIP_Code": "38104", "State": "TN", "Latitude": 35.13979150835261, "Longitude": -90.00914262525934, "ObjectId": 15536, "GlobalID": "18326490-1489-4f10-84f1-7c065a2fcbae"}}, {"type": "Feature", "id": 15558, "geometry": {"type": "Point", "coordinates": [-90.0313816271922, 35.0164105336302]}, "properties": {"Record_ID": "RES-ALT-21-001687", "Issued_Date": 1652677200000, "Sub_Type": "RES", "Construction_Type": "ALT", "Valuation": 20000, "Address": "989 WHITEHAVEN LN", "City": "MEMPHIS", "Description": "Fire Damage", "ZIP_Code": "38116", "State": "TN", "Latitude": 35.01641053363023, "Longitude": -90.03138162719223, "ObjectId": 15558, "GlobalID": "91f955bc-4a31-439f-8dfb-5dbb3f53d79a"}}, {"type": "Feature", "id": 15589, "geometry": {"type": "Point", "coordinates": [-90.0097636335234, 35.0108395337758]}, "properties": {"Record_ID": "RES-ALT-21-000582", "Issued_Date": 1620882000000, "Sub_Type": "Residential", "Construction_Type": "Alteration", "Valuation": 4581.75, "Address": "1630 HUTSON RD", "City": "MEMPHIS", "Description": "Vinyl Window Installation", "ZIP_Code": null, "State": "TN", "Latitude": 35.01083953377576, "Longitude": -90.00976363352338, "ObjectId": 15589, "GlobalID": "daab70d5-dcae-4864-a4b4-2019adcca0bc"}}, {"type": "Feature", "id": 15593, "geometry": {"type": "Point", "coordinates": [-90.0036346224955, 35.2048344953248]}, "properties": {"Record_ID": "B1117871", "Issued_Date": 1610085600000, "Sub_Type": "Commercial", "Construction_Type": "New", "Valuation": 7220000, "Address": "2935 N Watkins", "City": "MEMPHIS", "Description": "New Ground up construction of Gym and community spaces   To include retrofit of existing pool house  existing block and slab of pool house to stay  all other remaining structure to be demolished  MAP 14 B", "ZIP_Code": null, "State": "TN", "Latitude": 35.20483449532477, "Longitude": -90.00363462249553, "ObjectId": 15593, "GlobalID": "b53f55a8-44ba-48fa-a8e0-87774410aeca"}}, {"type": "Feature", "id": 15594, "geometry": {"type": "Point", "coordinates": [-89.9807206399839, 35.0347885277729]}, "properties": {"Record_ID": "B1114559", "Issued_Date": 1623819600000, "Sub_Type": "Commercial", "Construction_Type": "Accessory", "Valuation": 1499600, "Address": "4354 LOUIS CARRUTHERS DR", "City": "MEMPHIS", "Description": "CONSTRUCTION OF NEW BLDG TO HOUSE ELECTRICAL AND MECH EQUIPMLENT FOR ASSOCIATED DEICING OPERATIONS FOR AIRCRAFT MAP 83", "ZIP_Code": null, "State": "TN", "Latitude": 35.034788527772896, "Longitude": -89.9807206399839, "ObjectId": 15594, "GlobalID": "4fb87a70-6732-4038-ac7c-c69584373cc7"}}, {"type": "Feature", "id": 15603, "geometry": {"type": "Point", "coordinates": [-89.8417381763166, 35.0667925153338]}, "properties": {"Record_ID": "COM-ALT-22-000243", "Issued_Date": 1651467600000, "Sub_Type": "COM", "Construction_Type": "ALT", "Valuation": 110000, "Address": "6645 QUINCE RD", "City": "MEMPHIS", "Description": "The proposed scope of work for this project includes: Add or replace antennas, ancillary equipment and ground equipment as per plans for an existing carrier on an existing wireless communication facility. Mid South Communications will be the general contractor for this project Cost of Construction will be $110,000", "ZIP_Code": "38119", "State": "TN", "Latitude": 35.06679251533381, "Longitude": -89.8417381763166, "ObjectId": 15603, "GlobalID": "afd2cceb-f823-467a-800b-b0c361f1658b"}}, {"type": "Feature", "id": 15630, "geometry": {"type": "Point", "coordinates": [0, 0]}, "properties": {"Record_ID": "RES-NEW-20-000273", "Issued_Date": 1609826400000, "Sub_Type": "Residential", "Construction_Type": "New", "Valuation": 254400, "Address": "11996 HAYES CREST CIR N", "City": "MEMPHIS", "Description": "BUILDING A SINGLE FAMILY RESIDENCE WITH 2 CAR GARAGE", "ZIP_Code": null, "State": "TN", "Latitude": 0, "Longitude": 0, "ObjectId": 15630, "GlobalID": "81ed62b2-23e6-4df0-9c6b-3769c4a0a8dc"}}, {"type": "Feature", "id": 15651, "geometry": {"type": "Point", "coordinates": [-89.9164201500179, 35.1530305016375]}, "properties": {"Record_ID": "RES-ALT-22-000701", "Issued_Date": 1653627600000, "Sub_Type": "RES", "Construction_Type": "ALT", "Valuation": 20000, "Address": "4289 GREENMOUNT AVE", "City": "MEMPHIS", "Description": "Remodel- Kitchen, Bath and New Roof. Paint.", "ZIP_Code": "38122", "State": "TN", "Latitude": 35.153030501637474, "Longitude": -89.91642015001787, "ObjectId": 15651, "GlobalID": "3874d924-9767-40d4-a038-589c0852bdf1"}}, {"type": "Feature", "id": 15657, "geometry": {"type": "Point", "coordinates": [-89.8276846791889, 35.0823715116403]}, "properties": {"Record_ID": "RES-NEW-21-000651", "Issued_Date": 1631509200000, "Sub_Type": "RES", "Construction_Type": "NEW", "Valuation": 700000, "Address": "7066 ALLELON CIR N", "City": "GERMANTOWN", "Description": "We are building a new, five-bedroom, single-family home in Allelon subdivision of Germantown.", "ZIP_Code": "38138", "State": "TN", "Latitude": 35.08237151164026, "Longitude": -89.82768467918892, "ObjectId": 15657, "GlobalID": "8bf0752d-4656-48bb-9ddd-6621e96e09ff"}}, {"type": "Feature", "id": 15676, "geometry": {"type": "Point", "coordinates": [-89.9538072297892, 34.9991352186992]}, "properties": {"Record_ID": "COM-ALT-21-001006", "Issued_Date": 1651813200000, "Sub_Type": "COM", "Construction_Type": "ALT", "Valuation": 29000000, "Address": "3299 TCHULATECH DR", "City": "MEMPHIS", "Description": "Technology / Conveyor System for Walgreens.  Related to permit COM-ALT-21-000590. \nPharmaceutical packaging and distribution.", "ZIP_Code": "38118", "State": "TN", "Latitude": 34.99913521869916, "Longitude": -89.95380722978919, "ObjectId": 15676, "GlobalID": "d50cd5dd-4402-4c3a-b02b-b1a33f1b7dc5"}}, {"type": "Feature", "id": 15692, "geometry": {"type": "Point", "coordinates": [-89.7518507023481, 35.0490445148837]}, "properties": {"Record_ID": "RES-ADD-21-000455", "Issued_Date": 1632805200000, "Sub_Type": "RES", "Construction_Type": "ADD", "Valuation": 43601, "Address": "9281 POSITANO LN", "City": "GERMANTOWN", "Description": "This project is a 16 x 12 x 8 screened covered porch.", "ZIP_Code": "38138", "State": "TN", "Latitude": 35.04904451488366, "Longitude": -89.75185070234814, "ObjectId": 15692, "GlobalID": "e9dc424a-66dd-4920-b454-1d5f348a71e4"}}, {"type": "Feature", "id": 15767, "geometry": {"type": "Point", "coordinates": [-89.8857796546825, 35.2109364888865]}, "properties": {"Record_ID": "RES-ALT-21-001308", "Issued_Date": 1630990800000, "Sub_Type": "RES", "Construction_Type": "ALT", "Valuation": 40000, "Address": "5279 DARE AVE", "City": "MEMPHIS", "Description": "Kitchen Renovation\nDemo Existing kitchen walls, wood framing for floors to connect storage room.  Smooth and Repair ceiling at kitchen.  Furnish and install backsplash.  Install new tile.  \n\nBathroom Renovation\nRough end plumbing, install vent and water lines, run electrical wires for GFI, vent fan and paint new bathroom", "ZIP_Code": "38134", "State": "TN", "Latitude": 35.210936488886524, "Longitude": -89.88577965468251, "ObjectId": 15767, "GlobalID": "b96538ad-2539-4eb1-98cd-eed0171c734f"}}, {"type": "Feature", "id": 15775, "geometry": {"type": "Point", "coordinates": [-89.9953501291102, 35.1391795078613]}, "properties": {"Record_ID": "RES-NEW-21-000631", "Issued_Date": 1631595600000, "Sub_Type": "RES", "Construction_Type": "NEW", "Valuation": 430000, "Address": "84 N REMBERT ST", "City": "MEMPHIS", "Description": "New construction of Residential Duplex", "ZIP_Code": "38104", "State": "TN", "Latitude": 35.13917950786132, "Longitude": -89.9953501291102, "ObjectId": 15775, "GlobalID": "5690097f-fd51-4402-8019-840343fe024b"}}, {"type": "Feature", "id": 15791, "geometry": {"type": "Point", "coordinates": [-89.7222451889457, 35.3775624488683]}, "properties": {"Record_ID": "RES-ALT-22-000437", "Issued_Date": 1653541200000, "Sub_Type": "RES", "Construction_Type": "ALT", "Valuation": 41365, "Address": "9990 REDWOOD RD", "City": "ATOKA", "Description": "This is a detached garage that was damaged from a tree that fell on it.  Structural repairs and painting needed to restore the structure.", "ZIP_Code": "38004", "State": "TN", "Latitude": 35.37756244886832, "Longitude": -89.72224518894566, "ObjectId": 15791, "GlobalID": "74385cdf-7e80-4ad1-bd81-f2e5b422ace3"}}, {"type": "Feature", "id": 15809, "geometry": {"type": "Point", "coordinates": [-89.9083246413857, 35.3175324689567]}, "properties": {"Record_ID": "RES-ADD-21-000464", "Issued_Date": 1632373200000, "Sub_Type": "RES", "Construction_Type": "ADD", "Valuation": 20000, "Address": "7011 W HONEYSUCKLE LN", "City": "MILLINGTON", "Description": "Enclosed Patio", "ZIP_Code": "38053", "State": "TN", "Latitude": 35.3175324689567, "Longitude": -89.90832464138569, "ObjectId": 15809, "GlobalID": "96b1ecb4-347b-4018-baec-38b4138fa91e"}}, {"type": "Feature", "id": 15820, "geometry": {"type": "Point", "coordinates": [-89.9177971517015, 35.1215665078931]}, "properties": {"Record_ID": "RES-ALT-21-001348", "Issued_Date": 1632200400000, "Sub_Type": "RES", "Construction_Type": "ALT", "Valuation": 30000, "Address": "210 CHERRY CIR W", "City": "MEMPHIS", "Description": "POOL HOUSE ONLY --Install New Windows and Doors and Painting", "ZIP_Code": "38117", "State": "TN", "Latitude": 35.12156650789309, "Longitude": -89.9177971517015, "ObjectId": 15820, "GlobalID": "f49cac6c-dc6e-42fd-91b6-a6cae533805f"}}, {"type": "Feature", "id": 15823, "geometry": {"type": "Point", "coordinates": [-89.7381841998775, 35.1449754953416]}, "properties": {"Record_ID": "RES-NEW-20-000327", "Issued_Date": 1612936800000, "Sub_Type": "Residential", "Construction_Type": "New", "Valuation": 235135, "Address": "9709 S WOODLAND BROOK LN", "City": "CORDOVA", "Description": "Building a single family residence w/ a 2 car garage. PD Case#: PD19-09 CO", "ZIP_Code": null, "State": "TN", "Latitude": 35.14497549534162, "Longitude": -89.73818419987752, "ObjectId": 15823, "GlobalID": "cf2de35a-8cb9-4692-a342-ebf5e5386180"}}, {"type": "Feature", "id": 15835, "geometry": {"type": "Point", "coordinates": [-89.8231846803865, 35.083100511298]}, "properties": {"Record_ID": "RES-ADD-21-000448", "Issued_Date": 1631768400000, "Sub_Type": "RES", "Construction_Type": "ADD", "Valuation": 93428, "Address": "7191 MCVAY MANOR CV", "City": "GERMANTOWN", "Description": "This project is an 18' x 19' x 13' covered porch. It has 8x8 cedar posts, 2x12 beams, 2x8 rafters, a brick covered masonry fireplace, with a shingled roof.", "ZIP_Code": "38138", "State": "TN", "Latitude": 35.08310051129804, "Longitude": -89.82318468038652, "ObjectId": 15835, "GlobalID": "45a99906-326a-4a1e-92f8-080b14eb6ce4"}}, {"type": "Feature", "id": 15836, "geometry": {"type": "Point", "coordinates": [-90.0705226175626, 34.9984015389062]}, "properties": {"Record_ID": "RES-ALT-21-000670", "Issued_Date": 1622178000000, "Sub_Type": "Residential", "Construction_Type": "Alteration", "Valuation": 1750, "Address": "199 HERITAGE LAKE DR", "City": "MEMPHIS", "Description": "Install replacement windows. Same size and type.", "ZIP_Code": null, "State": "TN", "Latitude": 34.998401538906165, "Longitude": -90.07052261756263, "ObjectId": 15836, "GlobalID": "607a4a8f-2c49-4ca6-84c0-5494ebd622a2"}}, {"type": "Feature", "id": 15846, "geometry": {"type": "Point", "coordinates": [-89.7448634303926, 35.1998817080567]}, "properties": {"Record_ID": "RES-ALT-21-000046", "Issued_Date": 1612764000000, "Sub_Type": "Residential", "Construction_Type": "Alteration", "Valuation": 11600, "Address": "2736 SHADOW POINT CV W", "City": "CORDOVA", "Description": "Roof decking repair for nailing shingles per Code.", "ZIP_Code": null, "State": "TN", "Latitude": 35.199881708056715, "Longitude": -89.74486343039258, "ObjectId": 15846, "GlobalID": "3646a592-5fe5-4d63-a6d5-242e653523a4"}}, {"type": "Feature", "id": 15855, "geometry": {"type": "Point", "coordinates": [-89.9079241584704, 35.0597815196342]}, "properties": {"Record_ID": "RES-ALT-22-000706", "Issued_Date": 1653627600000, "Sub_Type": "RES", "Construction_Type": "ALT", "Valuation": 14986, "Address": "4659 DELUTH AVE", "City": "MEMPHIS", "Description": "Pocket Replacement Windows - Replace 14 Windows", "ZIP_Code": "38118", "State": "TN", "Latitude": 35.05978151963418, "Longitude": -89.9079241584704, "ObjectId": 15855, "GlobalID": "4c1092f3-b990-4b26-9504-9e90133b12c1"}}, {"type": "Feature", "id": 15861, "geometry": {"type": "Point", "coordinates": [-89.8903111441134, 35.3514624614985]}, "properties": {"Record_ID": "RES-NEW-20-000301", "Issued_Date": 1609826400000, "Sub_Type": "Residential", "Construction_Type": "New", "Valuation": 229600, "Address": "5169 SHELLBACK DR", "City": "MILLINGTON", "Description": "SFR W/ DOUBLE CAR GARAGE 2296 SQ FT", "ZIP_Code": null, "State": "TN", "Latitude": 35.351462461498514, "Longitude": -89.89031114411337, "ObjectId": 15861, "GlobalID": "8d6f6a38-932e-4c82-83e3-1954f8e5b9d0"}}, {"type": "Feature", "id": 15894, "geometry": {"type": "Point", "coordinates": [-89.9038741554895, 35.1225115070911]}, "properties": {"Record_ID": "RES-ACC-21-000132", "Issued_Date": 1614664800000, "Sub_Type": "Residential", "Construction_Type": "Accessory", "Valuation": 167869, "Address": "4724 COLE RD", "City": "MEMPHIS", "Description": "20x40 SWIMMING POOL/SPA", "ZIP_Code": null, "State": "TN", "Latitude": 35.12251150709108, "Longitude": -89.90387415548948, "ObjectId": 15894, "GlobalID": "6997c568-acf5-4dcc-a708-7cf609dfc9f5"}}, {"type": "Feature", "id": 15918, "geometry": {"type": "Point", "coordinates": [-89.8900096595843, 35.1185335072617]}, "properties": {"Record_ID": "RES-ADD-21-000027", "Issued_Date": 1612764000000, "Sub_Type": "Residential", "Construction_Type": "Addition", "Valuation": 100000, "Address": "437 MEADOWCREST CIR", "City": "MEMPHIS", "Description": "ADDING BEDROOM, REMODEL KITCHEN & BATHROOMS", "ZIP_Code": null, "State": "TN", "Latitude": 35.118533507261674, "Longitude": -89.89000965958428, "ObjectId": 15918, "GlobalID": "dd4317a8-9cec-4d1c-adc9-567bb0087e1c"}}, {"type": "Feature", "id": 15949, "geometry": {"type": "Point", "coordinates": [-89.7185551940533, 35.3160564607851]}, "properties": {"Record_ID": "RES-NEW-22-000035", "Issued_Date": 1651640400000, "Sub_Type": "RES", "Construction_Type": "NEW", "Valuation": 442481, "Address": "10620 PLEASANT RIDGE RD", "City": "ARLINGTON", "Description": "SINGLE FAMILY Residential W/ATT DBL GARAGE", "ZIP_Code": "38002", "State": "TN", "Latitude": 35.31605646078514, "Longitude": -89.7185551940533, "ObjectId": 15949, "GlobalID": "51c9ff22-7371-4eb1-83d3-07a410e372a1"}}, {"type": "Feature", "id": 15967, "geometry": {"type": "Point", "coordinates": [-89.723014697482, 35.2454604748699]}, "properties": {"Record_ID": "B1118081", "Issued_Date": 1615356000000, "Sub_Type": "Residential", "Construction_Type": "Addition", "Valuation": 10000, "Address": "4480 MOUNT GILLESPIE DR", "City": "LAKELAND", "Description": "INCREASE SIZE OF CONCRETE PATIO W  A FIRE PIT IN BACKYARD AND EXTEND DRIVEWAY INTO THE BACKYARD BY 12    CONSTRUCT HOUSE ATTACHED COVERED CEDAR PERGOLA OVER PATIO    MP 156 H", "ZIP_Code": null, "State": "TN", "Latitude": 35.24546047486992, "Longitude": -89.72301469748199, "ObjectId": 15967, "GlobalID": "2499ff47-2a2a-493f-97b7-b9b20da100a2"}}, {"type": "Feature", "id": 15969, "geometry": {"type": "Point", "coordinates": [-90.018183121849, 35.153669506025]}, "properties": {"Record_ID": "RES-ALT-21-000071", "Issued_Date": 1611208800000, "Sub_Type": "Residential", "Construction_Type": "ALT", "Valuation": 30029, "Address": "1234 N PARKWAY", "City": "MEMPHIS", "Description": "INSTALL REPLACEMENT WINDOWS. SAME TYPE AND SIZE", "ZIP_Code": null, "State": "TN", "Latitude": 35.153669506024976, "Longitude": -90.01818312184903, "ObjectId": 15969, "GlobalID": "b0b2f2db-7df4-4bb6-ba12-b87ffccb12af"}}, {"type": "Feature", "id": 15990, "geometry": {"type": "Point", "coordinates": [-89.9341636349196, 35.3072454721284]}, "properties": {"Record_ID": "RES-ACC-21-000835", "Issued_Date": 1631595600000, "Sub_Type": "RES", "Construction_Type": "ACC", "Valuation": 32700, "Address": "3820 SPRINGTON CV", "City": "MILLINGTON", "Description": "Detached studio to the rear of main dwelling.", "ZIP_Code": "38053", "State": "TN", "Latitude": 35.307245472128415, "Longitude": -89.93416363491956, "ObjectId": 15990, "GlobalID": "2f47290b-3881-45a9-aa1b-57b3c20c289f"}}, {"type": "Feature", "id": 16058, "geometry": {"type": "Point", "coordinates": [-89.7307756876033, 35.224840574724]}, "properties": {"Record_ID": "RES-NEW-21-000559", "Issued_Date": 1631163600000, "Sub_Type": "RES", "Construction_Type": "NEW", "Valuation": 231248, "Address": "9948 LAKE GENEVA ST N", "City": "ARLINGTON", "Description": "Willows at The Lake District Subdivision - New Construction of Town Home on Single Lot", "ZIP_Code": "38002", "State": "TN", "Latitude": 35.224840574724034, "Longitude": -89.7307756876033, "ObjectId": 16058, "GlobalID": "2c972f7e-e747-4086-a380-b913abe04f0b"}}, {"type": "Feature", "id": 16105, "geometry": {"type": "Point", "coordinates": [-89.8312666768422, 35.1031345077024]}, "properties": {"Record_ID": "RES-ALT-21-000179", "Issued_Date": 1613973600000, "Sub_Type": "Residential", "Construction_Type": "Alteration", "Valuation": 55000, "Address": "6917 SURREY LN", "City": "GERMANTOWN", "Description": "kitchen remodel: new tops, new cabinets, new lights, new tile, new plumbing fixtures", "ZIP_Code": null, "State": "TN", "Latitude": 35.103134507702435, "Longitude": -89.8312666768422, "ObjectId": 16105, "GlobalID": "0b556ef6-f670-4c7e-b856-4336b02ae07e"}}, {"type": "Feature", "id": 16137, "geometry": {"type": "Point", "coordinates": [-90.0100201344819, 34.9950175369078]}, "properties": {"Record_ID": "RES-ALT-22-000697", "Issued_Date": 1653627600000, "Sub_Type": "RES", "Construction_Type": "ALT", "Valuation": 11883.36, "Address": "5572 LOCH LOMOND RD", "City": "MEMPHIS", "Description": "Vinyl Window Installation", "ZIP_Code": "38116", "State": "TN", "Latitude": 34.99501753690784, "Longitude": -90.01002013448195, "ObjectId": 16137, "GlobalID": "b0b909a9-34f5-46ba-9046-49acade5b947"}}, {"type": "Feature", "id": 16174, "geometry": {"type": "Point", "coordinates": [-89.9583421397257, 35.1332665073845]}, "properties": {"Record_ID": "RES-ALT-22-000613", "Issued_Date": 1652331600000, "Sub_Type": "RES", "Construction_Type": "ALT", "Valuation": 10000, "Address": "3204 WALNUT GROVE RD", "City": "MEMPHIS", "Description": "Replacing windows and doors", "ZIP_Code": "38111", "State": "TN", "Latitude": 35.1332665073845, "Longitude": -89.95834213972564, "ObjectId": 16174, "GlobalID": "16055fcb-8646-44be-8430-7f67b42c7dc5"}}, {"type": "Feature", "id": 16201, "geometry": {"type": "Point", "coordinates": [-89.9180716372141, 35.3396814650495]}, "properties": {"Record_ID": "RES-ALT-21-000127", "Issued_Date": 1614060000000, "Sub_Type": "Residential", "Construction_Type": "Alteration", "Valuation": 54522, "Address": "4342 BENNETT WOOD DR", "City": "MILLINGTON", "Description": "Installing 20 solar panels on the roof", "ZIP_Code": null, "State": "TN", "Latitude": 35.3396814650495, "Longitude": -89.91807163721407, "ObjectId": 16201, "GlobalID": "035bc57a-d482-4f63-9c57-2d3314e4e428"}}, {"type": "Feature", "id": 16211, "geometry": {"type": "Point", "coordinates": [-89.9366548385117, 35.1331186021874]}, "properties": {"Record_ID": "RES-ALT-22-000564", "Issued_Date": 1651813200000, "Sub_Type": "RES", "Construction_Type": "ALT", "Valuation": 111000, "Address": "3735 S WOODLAND DR S", "City": "MEMPHIS", "Description": "Remodel existing Kitchen, Master bathroom, and Guest bedroom.", "ZIP_Code": "38111", "State": "TN", "Latitude": 35.13311860218742, "Longitude": -89.9366548385117, "ObjectId": 16211, "GlobalID": "a759baca-b663-4bf3-b7f8-9215dd9ad4bc"}}, {"type": "Feature", "id": 16240, "geometry": {"type": "Point", "coordinates": [-90.0634666107193, 35.1327445121484]}, "properties": {"Record_ID": "RES-ALT-22-000597", "Issued_Date": 1652763600000, "Sub_Type": "RES", "Construction_Type": "ALT", "Valuation": 75000, "Address": "52 W CALHOUN AVE", "City": "MEMPHIS", "Description": "Bathroom remodel", "ZIP_Code": "38103", "State": "TENNESSEE", "Latitude": 35.13274451214842, "Longitude": -90.06346661071929, "ObjectId": 16240, "GlobalID": "198c341e-75e6-44d1-b5d3-dc7a4dea774d"}}, {"type": "Feature", "id": 16285, "geometry": {"type": "Point", "coordinates": [-90.0577201180812, 35.044625529233]}, "properties": {"Record_ID": "RES-ALT-21-000459", "Issued_Date": 1620709200000, "Sub_Type": "Residential", "Construction_Type": "Alteration", "Valuation": 85000, "Address": "165 E FAIRWAY AVE", "City": "MEMPHIS", "Description": "Fire reconstruction", "ZIP_Code": null, "State": "TN", "Latitude": 35.04462552923299, "Longitude": -90.05772011808119, "ObjectId": 16285, "GlobalID": "b0e45957-6f1f-4bd6-a53b-5053e6d5e5cc"}}, {"type": "Feature", "id": 16288, "geometry": {"type": "Point", "coordinates": [0, 0]}, "properties": {"Record_ID": "B1101038", "Issued_Date": 1631077200000, "Sub_Type": "RES", "Construction_Type": "ACC", "Valuation": 20000, "Address": "2954 LITTLE JOHN RD", "City": "UNINCORPORATED", "Description": "30X30 DETACHED GARAGE OWNER MP 315 M", "ZIP_Code": null, "State": "TN", "Latitude": 0, "Longitude": 0, "ObjectId": 16288, "GlobalID": "cc63082b-804f-4c4b-b9d8-854e66f317fa"}}, {"type": "Feature", "id": 16291, "geometry": {"type": "Point", "coordinates": [-90.0556366140138, 35.1155095151898]}, "properties": {"Record_ID": "COM-ALT-21-000020", "Issued_Date": 1614146400000, "Sub_Type": "Commercial", "Construction_Type": "Alteration", "Valuation": 217906, "Address": "1185 THIRD ST", "City": "MEMPHIS", "Description": "Verizon Wireless proposes to install new equipment", "ZIP_Code": null, "State": "TN", "Latitude": 35.115509515189856, "Longitude": -90.0556366140138, "ObjectId": 16291, "GlobalID": "8503c5aa-4a5b-4429-a3f8-09fe8ab3b846"}}, {"type": "Feature", "id": 16320, "geometry": {"type": "Point", "coordinates": [-89.7229427031363, 35.1596994917646]}, "properties": {"Record_ID": "RES-NEW-22-000187", "Issued_Date": 1652331600000, "Sub_Type": "RES", "Construction_Type": "NEW", "Valuation": 297142, "Address": "10159 MACON RD", "City": "CORDOVA", "Description": "Building a single family residence w/ a 2 car garage.", "ZIP_Code": "38018", "State": "TN", "Latitude": 35.15969949176456, "Longitude": -89.72294270313628, "ObjectId": 16320, "GlobalID": "08898f0c-0a21-4002-affd-4bbcd254fb4a"}}, {"type": "Feature", "id": 16326, "geometry": {"type": "Point", "coordinates": [-90.0418711117218, 35.2079934964066]}, "properties": {"Record_ID": "RES-ACC-21-000814", "Issued_Date": 1632718800000, "Sub_Type": "RES", "Construction_Type": "ACC", "Valuation": 10000, "Address": "3030 SINCLAIR ST", "City": "MEMPHIS", "Description": "Privacy fence 6 ft. high around backyard", "ZIP_Code": "38127", "State": "TN", "Latitude": 35.20799349640655, "Longitude": -90.04187111172183, "ObjectId": 16326, "GlobalID": "bf369359-53a5-4ff1-b5d3-1710879f1b40"}}]}