{"type": "FeatureCollection", "features": [{"type": "Feature", "id": 1, "geometry": {"type": "Point", "coordinates": [-90.12650771, 35.08314508]}, "properties": {"ProjectNumber": 20260401, "CompanyName": "Morgan Steel, LLC", "CityCouncilDistrict": 6, "CountyCommissionDistrict": 9, "ProjectType": "Manufacturing", "PilotType": "Jobs", "PilotStatus": "Approved", "PilotTerm": "8", "ProjectedTaxesAbatedCity": "$497,954.00 ", "ProjectedTaxesAbatedCounty": "$519,028.00 ", "Approved_Date": null, "RampUpPeriod": 2, "ProjectedNewJobs": "119", "ProjectedAveragePayrollOfNewJobs": "$57,973.00 ", "TotalNewPayroll": "$6,898,787.00 ", "ProjectedRetainedJobs": "0", "ProjectedAveragePayrollOfRetainedJobs": " $-   ", "TotalRetainedPayroll": " $-   ", "TotalJobs": "119", "EmploymentDirect": "119", "EmploymentIndirect": "150", "WagesDirect": "$8,775,187.00 ", "WagesIndirect": "$11,052,900.00 ", "ProjectedCapitalInvestment": "$11,694,839.00 ", "RealPropertyInvestment": "$2,699,839.00 ", "PersonalPropertyInvestment": "$8,645,000.00 ", "CommunityReinvestmentCredit": "$1,917,882.00 ", "CapitalInvestmentNotInPilot": "$350,000.00 ", "ProjectedMWBE_LOSBSpending": " $-   ", "MWBE_LOSBSpendingConstruction": " $-   ", "MWBE_LOSBSpendingOperations": " $-   ", "TotalCapitalInvestment": "$11,694,839.00 ", "TotalIncentiveProvided": "$1,016,982.00 ", "TotalNewTaxRevenues": "$6,286,780.00 ", "BenefitCostRatio": 6.18, "Latitude": 35.08314508, "Longitude": -90.12650771, "Main_Address": "2315 Pier St,", "City": "Memphis", "State": "TN", "ZIP_Code": 38106, "ParcelID": "050102 00039C", "ObjectId": 1}}, {"type": "Feature", "id": 2, "geometry": {"type": "Point", "coordinates": [-89.962683, 35.0329821]}, "properties": {"ProjectNumber": 20250801, "CompanyName": "Mallory Alexander International Logistics,LLC \n& Beeline Importand Services,LLC", "CityCouncilDistrict": 3, "CountyCommissionDistrict": 11, "ProjectType": "Logistics", "PilotType": "Jobs", "PilotStatus": "Approved", "PilotTerm": "5", "ProjectedTaxesAbatedCity": "$250,587.00 ", "ProjectedTaxesAbatedCounty": "$265,850.00 ", "Approved_Date": null, "RampUpPeriod": 2, "ProjectedNewJobs": "35", "ProjectedAveragePayrollOfNewJobs": "$49,728.00 ", "TotalNewPayroll": "$1,740,480.00 ", "ProjectedRetainedJobs": "0", "ProjectedAveragePayrollOfRetainedJobs": " $-   ", "TotalRetainedPayroll": " $-   ", "TotalJobs": "35", "EmploymentDirect": "35", "EmploymentIndirect": "61", "WagesDirect": "$2,175,600.00 ", "WagesIndirect": "$4,410,056.00 ", "ProjectedCapitalInvestment": "$11,100,000.00 ", "RealPropertyInvestment": " $-   ", "PersonalPropertyInvestment": "$11,100,000.00 ", "CommunityReinvestmentCredit": " $-   ", "CapitalInvestmentNotInPilot": " $-   ", "ProjectedMWBE_LOSBSpending": " $-   ", "MWBE_LOSBSpendingConstruction": " $-   ", "MWBE_LOSBSpendingOperations": " $-   ", "TotalCapitalInvestment": "$11,100,000.00 ", "TotalIncentiveProvided": "$557,554.00 ", "TotalNewTaxRevenues": "$1,817,333.00 ", "BenefitCostRatio": 3.01, "Latitude": 35.0329821, "Longitude": -89.962683, "Main_Address": "4242 Swinnea Road ", "City": "Memphis", "State": "TN", "ZIP_Code": 38118, "ParcelID": "060-1760-0-00407-0", "ObjectId": 2}}, {"type": "Feature", "id": 3, "geometry": {"type": "Point", "coordinates": [-89.85488611, 35.00741207]}, "properties": {"ProjectNumber": 20250401, "CompanyName": "LifeScience Logistics LLC", "CityCouncilDistrict": 3, "CountyCommissionDistrict": 12, "ProjectType": "?logistics", "PilotType": "Fast Track", "PilotStatus": "Approved", "PilotTerm": "10", "ProjectedTaxesAbatedCity": "$2,756,597.00 ", "ProjectedTaxesAbatedCounty": "$3,458,956.00 ", "Approved_Date": null, "RampUpPeriod": 2, "ProjectedNewJobs": "101", "ProjectedAveragePayrollOfNewJobs": "$61,850.00 ", "TotalNewPayroll": "$6,246,850.00 ", "ProjectedRetainedJobs": "0", "ProjectedAveragePayrollOfRetainedJobs": " $-   ", "TotalRetainedPayroll": " $-   ", "TotalJobs": "101", "EmploymentDirect": "-", "EmploymentIndirect": "-", "WagesDirect": " - ", "WagesIndirect": " - ", "ProjectedCapitalInvestment": "$20,000,000.00 ", "RealPropertyInvestment": "$3,000,000.00 ", "PersonalPropertyInvestment": "$17,000,000.00 ", "CommunityReinvestmentCredit": "$25,000,000.00 ", "CapitalInvestmentNotInPilot": " - ", "ProjectedMWBE_LOSBSpending": "$1,578,000.00 ", "MWBE_LOSBSpendingConstruction": "$750,000.00 ", "MWBE_LOSBSpendingOperations": "$828,000.00 ", "TotalCapitalInvestment": "$45,000,000.00 ", "TotalIncentiveProvided": "$6,215,553.00 ", "TotalNewTaxRevenues": "$8,423,021.00 ", "BenefitCostRatio": 1.36, "Latitude": 35.00741207, "Longitude": -89.85488611, "Main_Address": "5200 Tradeport Drive", "City": "Memphis", "State": "TN", "ZIP_Code": 38141, "ParcelID": "094300 00590", "ObjectId": 3}}, {"type": "Feature", "id": 4, "geometry": {"type": "Point", "coordinates": [-89.85438928, 35.0095383]}, "properties": {"ProjectNumber": 20241105, "CompanyName": "AAON ", "CityCouncilDistrict": 3, "CountyCommissionDistrict": 12, "ProjectType": "Manufacturing", "PilotType": "Jobs", "PilotStatus": "Approved", "PilotTerm": "15", "ProjectedTaxesAbatedCity": " - ", "ProjectedTaxesAbatedCounty": "$39,057,836.00 ", "Approved_Date": null, "RampUpPeriod": 3, "ProjectedNewJobs": "291", "ProjectedAveragePayrollOfNewJobs": "$57,232.00 ", "TotalNewPayroll": "$16,654,512.00 ", "ProjectedRetainedJobs": "0", "ProjectedAveragePayrollOfRetainedJobs": " - ", "TotalRetainedPayroll": " - ", "TotalJobs": "291", "EmploymentDirect": "291", "EmploymentIndirect": "401", "WagesDirect": "$21,650,866.00 ", "WagesIndirect": "$28,318,620.00 ", "ProjectedCapitalInvestment": "$238,500,000.00 ", "RealPropertyInvestment": "$93,000,000.00 ", "PersonalPropertyInvestment": "$145,500,000.00 ", "CommunityReinvestmentCredit": "$38,649,700.00 ", "CapitalInvestmentNotInPilot": " $-   ", "ProjectedMWBE_LOSBSpending": "$11,815,000.00 ", "MWBE_LOSBSpendingConstruction": "$7,500,000.00 ", "MWBE_LOSBSpendingOperations": "$4,315,000.00 ", "TotalCapitalInvestment": "$277,149,700.00 ", "TotalIncentiveProvided": "$39,057,836.00 ", "TotalNewTaxRevenues": "$29,168,664.00 ", "BenefitCostRatio": 1.34, "Latitude": 35.0095383, "Longitude": -89.85438928, "Main_Address": "5106 Tradeport Dr", "City": "Memphis", "State": "TN", "ZIP_Code": 38141, "ParcelID": "094300 0 0630", "ObjectId": 4}}, {"type": "Feature", "id": 5, "geometry": {"type": "Point", "coordinates": [-89.88701426, 35.01131286]}, "properties": {"ProjectNumber": 20240717, "CompanyName": "Reconext Tennessee, LLC?", "CityCouncilDistrict": 3, "CountyCommissionDistrict": 11, "ProjectType": "Distribution", "PilotType": "Fast Track", "PilotStatus": "Approved", "PilotTerm": "10", "ProjectedTaxesAbatedCity": " - ", "ProjectedTaxesAbatedCounty": "$1,608,638.00 ", "Approved_Date": null, "RampUpPeriod": 2, "ProjectedNewJobs": "161", "ProjectedAveragePayrollOfNewJobs": "$39,000.00 ", "TotalNewPayroll": "$6,279,000.00 ", "ProjectedRetainedJobs": "0", "ProjectedAveragePayrollOfRetainedJobs": " - ", "TotalRetainedPayroll": " - ", "TotalJobs": "161", "EmploymentDirect": "161", "EmploymentIndirect": null, "WagesDirect": " - ", "WagesIndirect": " - ", "ProjectedCapitalInvestment": "$4,581,351.00 ", "RealPropertyInvestment": "$400,000.00 ", "PersonalPropertyInvestment": "$4,181,351.00 ", "CommunityReinvestmentCredit": "$10,691,700.00 ", "CapitalInvestmentNotInPilot": " $-   ", "ProjectedMWBE_LOSBSpending": "$402,159.50 ", "MWBE_LOSBSpendingConstruction": " - ", "MWBE_LOSBSpendingOperations": " - ", "TotalCapitalInvestment": "$14,837,051.00 ", "TotalIncentiveProvided": "$1,608,638.00 ", "TotalNewTaxRevenues": "$6,164,028.00 ", "BenefitCostRatio": 0.26, "Latitude": 35.01131286, "Longitude": -89.88701426, "Main_Address": "5020 Tuggle Road, Suite 101", "City": "Memphis", "State": "TN", "ZIP_Code": 38118, "ParcelID": "094200 00443", "ObjectId": 5}}, {"type": "Feature", "id": 6, "geometry": {"type": "Point", "coordinates": [-90.054026, 35.141292]}, "properties": {"ProjectNumber": 20240201, "CompanyName": "mStreet Fiber Memphis fka Blue Suede Networks, LLC", "CityCouncilDistrict": 7, "CountyCommissionDistrict": 8, "ProjectType": "Office/HQ", "PilotType": "Jobs", "PilotStatus": "Approved", "PilotTerm": "15", "ProjectedTaxesAbatedCity": "$1,652,199.00 ", "ProjectedTaxesAbatedCounty": "$2,073,153.00 ", "Approved_Date": null, "RampUpPeriod": 5, "ProjectedNewJobs": "15", "ProjectedAveragePayrollOfNewJobs": "$123,533.00 ", "TotalNewPayroll": "$1,852,995.00 ", "ProjectedRetainedJobs": "0", "ProjectedAveragePayrollOfRetainedJobs": " $-   ", "TotalRetainedPayroll": " - ", "TotalJobs": "15", "EmploymentDirect": "15", "EmploymentIndirect": "0", "WagesDirect": " $-   ", "WagesIndirect": " $-   ", "ProjectedCapitalInvestment": "$799,725,962.00 ", "RealPropertyInvestment": " $-   ", "PersonalPropertyInvestment": "$799,725,962.00 ", "CommunityReinvestmentCredit": " $-   ", "CapitalInvestmentNotInPilot": "$29,434,598.00 ", "ProjectedMWBE_LOSBSpending": "$55,243,203.00 ", "MWBE_LOSBSpendingConstruction": " $-   ", "MWBE_LOSBSpendingOperations": " $-   ", "TotalCapitalInvestment": "$829,160,560.00 ", "TotalIncentiveProvided": "$3,725,352.00 ", "TotalNewTaxRevenues": "$11,865,654.00 ", "BenefitCostRatio": 3.19, "Latitude": 35.141292, "Longitude": -90.054026, "Main_Address": "100 Peabody Place", "City": "Memphis", "State": "TN", "ZIP_Code": 38103, "ParcelID": "002050 A00001 ", "ObjectId": 6}}, {"type": "Feature", "id": 7, "geometry": {"type": "Point", "coordinates": [-90.03058304, 35.13465621]}, "properties": {"ProjectNumber": 20231105, "CompanyName": "Fresh Start Facility Services, Inc.", "CityCouncilDistrict": 6, "CountyCommissionDistrict": 8, "ProjectType": "Office", "PilotType": "Fast Track", "PilotStatus": "Approved", "PilotTerm": "10", "ProjectedTaxesAbatedCity": "$139,607.00 ", "ProjectedTaxesAbatedCounty": "$175,173.00 ", "Approved_Date": null, "RampUpPeriod": 2, "ProjectedNewJobs": "260", "ProjectedAveragePayrollOfNewJobs": "$37,347.00 ", "TotalNewPayroll": "$9,710,220.00 ", "ProjectedRetainedJobs": "0", "ProjectedAveragePayrollOfRetainedJobs": " $-   ", "TotalRetainedPayroll": " - ", "TotalJobs": "260", "EmploymentDirect": "260", "EmploymentIndirect": "103", "WagesDirect": "$12,137,775.00 ", "WagesIndirect": "$7,032,531.00 ", "ProjectedCapitalInvestment": "$2,996,000.00 ", "RealPropertyInvestment": "$1,080,000.00 ", "PersonalPropertyInvestment": "$1,916,000.00 ", "CommunityReinvestmentCredit": "$60,000.00 ", "CapitalInvestmentNotInPilot": " $-   ", "ProjectedMWBE_LOSBSpending": "$317,217.00 ", "MWBE_LOSBSpendingConstruction": "$47,217.00 ", "MWBE_LOSBSpendingOperations": "$270,000.00 ", "TotalCapitalInvestment": "$3,056,000.00 ", "TotalIncentiveProvided": "$314,780.00 ", "TotalNewTaxRevenues": "$10,697,600.00 ", "BenefitCostRatio": 33.98, "Latitude": 35.13465621, "Longitude": -90.03058304, "Main_Address": "296 East St", "City": "Memphis", "State": "TN", "ZIP_Code": 38126, "ParcelID": "018011 00010C", "ObjectId": 7}}, {"type": "Feature", "id": 8, "geometry": {"type": "Point", "coordinates": [-89.948237, 35.072082]}, "properties": {"ProjectNumber": 20231005, "CompanyName": "CRDN of the MidSouth", "CityCouncilDistrict": 3, "CountyCommissionDistrict": 10, "ProjectType": "None", "PilotType": "Fast Track", "PilotStatus": "Approved", "PilotTerm": "10", "ProjectedTaxesAbatedCity": "$464,749.00 ", "ProjectedTaxesAbatedCounty": "$583,151.00 ", "Approved_Date": null, "RampUpPeriod": 2, "ProjectedNewJobs": "29", "ProjectedAveragePayrollOfNewJobs": "$45,668.00 ", "TotalNewPayroll": "$1,324,372.00 ", "ProjectedRetainedJobs": "0", "ProjectedAveragePayrollOfRetainedJobs": " $-   ", "TotalRetainedPayroll": " - ", "TotalJobs": "29", "EmploymentDirect": "29", "EmploymentIndirect": "36", "WagesDirect": "$1,144,268.00 ", "WagesIndirect": "$2,457,972.00 ", "ProjectedCapitalInvestment": "$6,367,100.00 ", "RealPropertyInvestment": "$4,050,000.00 ", "PersonalPropertyInvestment": "$830,000.00 ", "CommunityReinvestmentCredit": "$1,487,100.00 ", "CapitalInvestmentNotInPilot": " $-   ", "ProjectedMWBE_LOSBSpending": "$1,169,685.00 ", "MWBE_LOSBSpendingConstruction": "$1,012,500.00 ", "MWBE_LOSBSpendingOperations": "$157,185.00 ", "TotalCapitalInvestment": "$6,367,100.00 ", "TotalIncentiveProvided": "$1,047,900.00 ", "TotalNewTaxRevenues": "$1,857,808.00 ", "BenefitCostRatio": 1.77, "Latitude": 35.072082, "Longitude": -89.948237, "Main_Address": "3495 Lamar Ave", "City": "Memphis", "State": "TN", "ZIP_Code": 38118, "ParcelID": "7300100068", "ObjectId": 8}}, {"type": "Feature", "id": 9, "geometry": {"type": "Point", "coordinates": [-89.86814491, 35.10467887]}, "properties": {"ProjectNumber": 20230806, "CompanyName": "American Residential Services", "CityCouncilDistrict": 2, "CountyCommissionDistrict": 4, "ProjectType": "Office/HQ", "PilotType": "Fast Track", "PilotStatus": "Approved", "PilotTerm": "10", "ProjectedTaxesAbatedCity": "$131,764.00 ", "ProjectedTaxesAbatedCounty": "$165,346.00 ", "Approved_Date": null, "RampUpPeriod": 2, "ProjectedNewJobs": "50", "ProjectedAveragePayrollOfNewJobs": "$123,452.00 ", "TotalNewPayroll": "$6,172,600.00 ", "ProjectedRetainedJobs": "0", "ProjectedAveragePayrollOfRetainedJobs": " $-   ", "TotalRetainedPayroll": " - ", "TotalJobs": "50", "EmploymentDirect": "50", "EmploymentIndirect": "75", "WagesDirect": " $-   ", "WagesIndirect": " $-   ", "ProjectedCapitalInvestment": "$1,200,000.00 ", "RealPropertyInvestment": "$500,000.00 ", "PersonalPropertyInvestment": "$700,000.00 ", "CommunityReinvestmentCredit": "$1,100,664.00 ", "CapitalInvestmentNotInPilot": " $-   ", "ProjectedMWBE_LOSBSpending": "$172,881.00 ", "MWBE_LOSBSpendingConstruction": "$125,000.00 ", "MWBE_LOSBSpendingOperations": "$47,881.00 ", "TotalCapitalInvestment": "$2,300,664.00 ", "TotalIncentiveProvided": "$319,208.00 ", "TotalNewTaxRevenues": "$3,873,365.00 ", "BenefitCostRatio": 12.13, "Latitude": 35.10467887, "Longitude": -89.86814491, "Main_Address": "965 Ridge Lake Blvd", "City": "Memphis", "State": "TN", "ZIP_Code": 38120, "ParcelID": "080023 A00019", "ObjectId": 9}}, {"type": "Feature", "id": 10, "geometry": {"type": "Point", "coordinates": [-90.1230294, 35.08398404]}, "properties": {"ProjectNumber": 20230607, "CompanyName": "DMN Incorporated", "CityCouncilDistrict": 6, "CountyCommissionDistrict": 9, "ProjectType": "Distribution", "PilotType": "Fast Track", "PilotStatus": "Approved", "PilotTerm": "10", "ProjectedTaxesAbatedCity": "$762,524.00 ", "ProjectedTaxesAbatedCounty": "$956,824.00 ", "Approved_Date": null, "RampUpPeriod": 2, "ProjectedNewJobs": "40", "ProjectedAveragePayrollOfNewJobs": "$61,000.00 ", "TotalNewPayroll": "$2,440,000.00 ", "ProjectedRetainedJobs": "0", "ProjectedAveragePayrollOfRetainedJobs": " $-   ", "TotalRetainedPayroll": " - ", "TotalJobs": "40", "EmploymentDirect": "40", "EmploymentIndirect": "49", "WagesDirect": "$3,050,000.00 ", "WagesIndirect": "$3,348,611.00 ", "ProjectedCapitalInvestment": "$17,121,512.00 ", "RealPropertyInvestment": "$7,186,302.00 ", "PersonalPropertyInvestment": "$9,310,834.00 ", "CommunityReinvestmentCredit": "$911,100.00 ", "CapitalInvestmentNotInPilot": "$624,376.00 ", "ProjectedMWBE_LOSBSpending": "$2,093,293.00 ", "MWBE_LOSBSpendingConstruction": "$1,821,575.00 ", "MWBE_LOSBSpendingOperations": "$271,718.00 ", "TotalCapitalInvestment": "$18,032,612.00 ", "TotalIncentiveProvided": "$3,038,469.00 ", "TotalNewTaxRevenues": "$1,811,453.00 ", "BenefitCostRatio": 1.68, "Latitude": 35.08398404, "Longitude": -90.1230294, "Main_Address": "2500 Channel Ave", "City": "Memphis", "State": "TN", "ZIP_Code": 38106, "ParcelID": "050225 00033", "ObjectId": 10}}, {"type": "Feature", "id": 11, "geometry": {"type": "Point", "coordinates": [-89.96117358, 35.16582646]}, "properties": {"ProjectNumber": 20230606, "CompanyName": "PMC Biogenix, Inc.", "CityCouncilDistrict": 5, "CountyCommissionDistrict": 7, "ProjectType": "Manufacturing", "PilotType": "Jobs", "PilotStatus": "Approved", "PilotTerm": "10", "ProjectedTaxesAbatedCity": "$1,654,444.00 ", "ProjectedTaxesAbatedCounty": "$2,075,988.00 ", "Approved_Date": null, "RampUpPeriod": 2, "ProjectedNewJobs": "35", "ProjectedAveragePayrollOfNewJobs": "$70,000.00 ", "TotalNewPayroll": "$2,450,000.00 ", "ProjectedRetainedJobs": "0", "ProjectedAveragePayrollOfRetainedJobs": " $-   ", "TotalRetainedPayroll": " - ", "TotalJobs": "35", "EmploymentDirect": "35", "EmploymentIndirect": "83", "WagesDirect": "$3,185,000.00 ", "WagesIndirect": "$5,672,137.00 ", "ProjectedCapitalInvestment": "$47,500,000.00 ", "RealPropertyInvestment": "$8,000,000.00 ", "PersonalPropertyInvestment": "$39,500,000.00 ", "CommunityReinvestmentCredit": " $-   ", "CapitalInvestmentNotInPilot": " $-   ", "ProjectedMWBE_LOSBSpending": "$2,558,065.00 ", "MWBE_LOSBSpendingConstruction": "$2,000,000.00 ", "MWBE_LOSBSpendingOperations": "$558,065.00 ", "TotalCapitalInvestment": "$47,500,000.00 ", "TotalIncentiveProvided": "$3,730,432.00 ", "TotalNewTaxRevenues": "$4,460,544.00 ", "BenefitCostRatio": 1.2, "Latitude": 35.16582646, "Longitude": -89.96117358, "Main_Address": "1248 Warford St", "City": "Memphis", "State": "TN", "ZIP_Code": 38108, "ParcelID": "043007 00010", "ObjectId": 11}}, {"type": "Feature", "id": 12, "geometry": {"type": "Point", "coordinates": [-89.9716076, 35.14833592]}, "properties": {"ProjectNumber": 20230407, "CompanyName": "Link Apartments Broad Avenue Phase II", "CityCouncilDistrict": 5, "CountyCommissionDistrict": 7, "ProjectType": "Residential", "PilotType": "Residential", "PilotStatus": "Approved", "PilotTerm": "15", "ProjectedTaxesAbatedCity": "$6,036,825.00 ", "ProjectedTaxesAbatedCounty": "$7,574,985.00 ", "Approved_Date": null, "RampUpPeriod": 3, "ProjectedNewJobs": "-", "ProjectedAveragePayrollOfNewJobs": " $-   ", "TotalNewPayroll": " - ", "ProjectedRetainedJobs": "0", "ProjectedAveragePayrollOfRetainedJobs": " $-   ", "TotalRetainedPayroll": " - ", "TotalJobs": "0", "EmploymentDirect": "0", "EmploymentIndirect": "127", "WagesDirect": " $-   ", "WagesIndirect": "$4,929,413.00 ", "ProjectedCapitalInvestment": "$53,905,754.00 ", "RealPropertyInvestment": "$44,779,054.00 ", "PersonalPropertyInvestment": "$9,126,700.00 ", "CommunityReinvestmentCredit": " $-   ", "CapitalInvestmentNotInPilot": "$13,873,618.00 ", "ProjectedMWBE_LOSBSpending": "$13,565,783.00 ", "MWBE_LOSBSpendingConstruction": "$12,413,939.00 ", "MWBE_LOSBSpendingOperations": "$1,151,844.00 ", "TotalCapitalInvestment": "$67,779,372.00 ", "TotalIncentiveProvided": "$13,611,810.00 ", "TotalNewTaxRevenues": "$15,559,402.00 ", "BenefitCostRatio": 1.14, "Latitude": 35.14833592, "Longitude": -89.9716076, "Main_Address": "490 North Bingham St", "City": "Memphis", "State": "TN ", "ZIP_Code": 38112, "ParcelID": "033042 00012, 033020 00014", "ObjectId": 12}}, {"type": "Feature", "id": 13, "geometry": {"type": "Point", "coordinates": [-90.0167649, 35.12072001]}, "properties": {"ProjectNumber": 20230406, "CompanyName": "Richardson Oilseed Products US Limited", "CityCouncilDistrict": 6, "CountyCommissionDistrict": 8, "ProjectType": "Manufacturing", "PilotType": "Expansion", "PilotStatus": "Approved", "PilotTerm": "15", "ProjectedTaxesAbatedCity": "$16,452,109.00 ", "ProjectedTaxesAbatedCounty": "$17,952,604.00 ", "Approved_Date": null, "RampUpPeriod": 2, "ProjectedNewJobs": "0", "ProjectedAveragePayrollOfNewJobs": " $-   ", "TotalNewPayroll": " $-   ", "ProjectedRetainedJobs": "105", "ProjectedAveragePayrollOfRetainedJobs": "$76,000.00 ", "TotalRetainedPayroll": "$7,980,000.00 ", "TotalJobs": "105", "EmploymentDirect": "105", "EmploymentIndirect": "230", "WagesDirect": "$10,374,000.00 ", "WagesIndirect": "$16,955,658.00 ", "ProjectedCapitalInvestment": "$340,000,000.00 ", "RealPropertyInvestment": "$80,000,000.00 ", "PersonalPropertyInvestment": "$260,000,000.00 ", "CommunityReinvestmentCredit": " $-   ", "CapitalInvestmentNotInPilot": " $-   ", "ProjectedMWBE_LOSBSpending": "$30,392,289.00 ", "MWBE_LOSBSpendingConstruction": "$25,000,000.00 ", "MWBE_LOSBSpendingOperations": "$5,392,289.00 ", "TotalCapitalInvestment": "$340,000,000.00 ", "TotalIncentiveProvided": "$34,977,886.00 ", "TotalNewTaxRevenues": "$28,108,883.00 ", "BenefitCostRatio": 0.81, "Latitude": 35.12072001, "Longitude": -90.0167649, "Main_Address": "1351 Williams Ave", "City": "Memphis", "State": "TN", "ZIP_Code": 38104, "ParcelID": "015017 0001C", "ObjectId": 13}}, {"type": "Feature", "id": 14, "geometry": {"type": "Point", "coordinates": [89.795869, 35.130888]}, "properties": {"ProjectNumber": 20230207, "CompanyName": "West Fraser, Inc.", "CityCouncilDistrict": 2, "CountyCommissionDistrict": 2, "ProjectType": "Office/HQ", "PilotType": "Jobs", "PilotStatus": "Approved", "PilotTerm": "10", "ProjectedTaxesAbatedCity": "$573,880.00 ", "ProjectedTaxesAbatedCounty": "$740,108.00 ", "Approved_Date": null, "RampUpPeriod": 2, "ProjectedNewJobs": "80", "ProjectedAveragePayrollOfNewJobs": "$80,000.00 ", "TotalNewPayroll": "$6,400,000.00 ", "ProjectedRetainedJobs": "-", "ProjectedAveragePayrollOfRetainedJobs": " $-   ", "TotalRetainedPayroll": " - ", "TotalJobs": "80", "EmploymentDirect": "80", "EmploymentIndirect": "66", "WagesDirect": "$8,320,000.00 ", "WagesIndirect": "$4,510,374.00 ", "ProjectedCapitalInvestment": "$5,000,000.00 ", "RealPropertyInvestment": "$3,500,000.00 ", "PersonalPropertyInvestment": "$1,500,000.00 ", "CommunityReinvestmentCredit": " $-   ", "CapitalInvestmentNotInPilot": " $-   ", "ProjectedMWBE_LOSBSpending": "$1,069,098.00 ", "MWBE_LOSBSpendingConstruction": "$875,000.00 ", "MWBE_LOSBSpendingOperations": "$194,098.00 ", "TotalCapitalInvestment": "$5,000,000.00 ", "TotalIncentiveProvided": "$1,293,988.00 ", "TotalNewTaxRevenues": "$4,962,418.00 ", "BenefitCostRatio": 3.83, "Latitude": 35.130888, "Longitude": 89.795869, "Main_Address": "57 Germantown Court", "City": "Memphis", "State": "TN", "ZIP_Code": 38018, "ParcelID": "091115 00001", "ObjectId": 14}}, {"type": "Feature", "id": 15, "geometry": {"type": "Point", "coordinates": [-89.924573, 35.008205]}, "properties": {"ProjectNumber": 20230206, "CompanyName": "Belnick, LLC d/b/a Ubique Group", "CityCouncilDistrict": 3, "CountyCommissionDistrict": 11, "ProjectType": "Distribution", "PilotType": "Fast Track", "PilotStatus": "Approved", "PilotTerm": "10", "ProjectedTaxesAbatedCity": "$4,520,193.00 ", "ProjectedTaxesAbatedCounty": "$5,671,908.00 ", "Approved_Date": null, "RampUpPeriod": 2, "ProjectedNewJobs": "152", "ProjectedAveragePayrollOfNewJobs": "$43,741.00 ", "TotalNewPayroll": "$6,648,632.00 ", "ProjectedRetainedJobs": "-", "ProjectedAveragePayrollOfRetainedJobs": " $-   ", "TotalRetainedPayroll": " - ", "TotalJobs": "152", "EmploymentDirect": "152", "EmploymentIndirect": "156", "WagesDirect": "$8,310,790.00 ", "WagesIndirect": "$10,660,884.00 ", "ProjectedCapitalInvestment": "$14,000,000.00 ", "RealPropertyInvestment": "$2,000,000.00 ", "PersonalPropertyInvestment": "$12,000,000.00 ", "CommunityReinvestmentCredit": "$51,667,100.00 ", "CapitalInvestmentNotInPilot": " $-   ", "ProjectedMWBE_LOSBSpending": "$1,959,901.00 ", "MWBE_LOSBSpendingConstruction": "$500,000.00 ", "MWBE_LOSBSpendingOperations": "$1,459,901.00 ", "TotalCapitalInvestment": "$65,667,100.00 ", "TotalIncentiveProvided": "$10,192,101.00 ", "TotalNewTaxRevenues": "$11,045,307.00 ", "BenefitCostRatio": 1.08, "Latitude": 35.008205, "Longitude": -89.924573, "Main_Address": "4160 Holmes Rd", "City": "Memphis", "State": "TN", "ZIP_Code": 38118, "ParcelID": "094100 00178, 094100 00094C, 094100 00031", "ObjectId": 15}}, {"type": "Feature", "id": 16, "geometry": {"type": "Point", "coordinates": [-89.901995, 35.0356559]}, "properties": {"ProjectNumber": 20230205, "CompanyName": "MSS Steel Tubes USA", "CityCouncilDistrict": 3, "CountyCommissionDistrict": 11, "ProjectType": "Manufacturing", "PilotType": "Fast Track", "PilotStatus": "Approved", "PilotTerm": "10", "ProjectedTaxesAbatedCity": "$291,937.00 ", "ProjectedTaxesAbatedCounty": "$366,320.00 ", "Approved_Date": null, "RampUpPeriod": 2, "ProjectedNewJobs": "130", "ProjectedAveragePayrollOfNewJobs": "$61,846.00 ", "TotalNewPayroll": "$8,039,980.00 ", "ProjectedRetainedJobs": "-", "ProjectedAveragePayrollOfRetainedJobs": " $-   ", "TotalRetainedPayroll": " - ", "TotalJobs": "130", "EmploymentDirect": "130", "EmploymentIndirect": "103", "WagesDirect": "$8,039,980.00 ", "WagesIndirect": "$7,038,917.00 ", "ProjectedCapitalInvestment": "$6,800,000.00 ", "RealPropertyInvestment": "$500,000.00 ", "PersonalPropertyInvestment": "$6,300,000.00 ", "CommunityReinvestmentCredit": "$1,236,570.00 ", "CapitalInvestmentNotInPilot": " $-   ", "ProjectedMWBE_LOSBSpending": "$241,828.00 ", "MWBE_LOSBSpendingConstruction": "$98,739.00 ", "MWBE_LOSBSpendingOperations": "$143,089.00 ", "TotalCapitalInvestment": "$8,036,570.00 ", "TotalIncentiveProvided": "$658,257.00 ", "TotalNewTaxRevenues": "$6,502,749.00 ", "BenefitCostRatio": 9.88, "Latitude": 35.0356559, "Longitude": -89.901995, "Main_Address": "4129 Outland Road", "City": "Memphis", "State": "TN", "ZIP_Code": 38118, "ParcelID": "074033 00018", "ObjectId": 16}}, {"type": "Feature", "id": 17, "geometry": {"type": "Point", "coordinates": [-89.8499843, 35.020401]}, "properties": {"ProjectNumber": 20221105, "CompanyName": "Exel Inc. dba DHL Supply Chain 4", "CityCouncilDistrict": 3, "CountyCommissionDistrict": 12, "ProjectType": "Distribution", "PilotType": "Jobs", "PilotStatus": "Approved", "PilotTerm": "6", "ProjectedTaxesAbatedCity": "$1,090,632.00 ", "ProjectedTaxesAbatedCounty": "$1,368,253.00 ", "Approved_Date": null, "RampUpPeriod": 2, "ProjectedNewJobs": "42", "ProjectedAveragePayrollOfNewJobs": "$46,411.00 ", "TotalNewPayroll": "$1,949,262.00 ", "ProjectedRetainedJobs": "0", "ProjectedAveragePayrollOfRetainedJobs": " $-   ", "TotalRetainedPayroll": " - ", "TotalJobs": "42", "EmploymentDirect": "42", "EmploymentIndirect": "43", "WagesDirect": "$2,436,578.00 ", "WagesIndirect": "$2,895,147.00 ", "ProjectedCapitalInvestment": "$4,846,642.00 ", "RealPropertyInvestment": "$3,000,000.00 ", "PersonalPropertyInvestment": "$1,846,642.00 ", "CommunityReinvestmentCredit": "$19,180,000.00 ", "CapitalInvestmentNotInPilot": " $-   ", "ProjectedMWBE_LOSBSpending": "$1,118,873.00 ", "MWBE_LOSBSpendingConstruction": "$750,000.00 ", "MWBE_LOSBSpendingOperations": "$368,873.00 ", "TotalCapitalInvestment": "$24,026,642.00 ", "TotalIncentiveProvided": "$2,459,155.00 ", "TotalNewTaxRevenues": "$2,140,450.00 ", "BenefitCostRatio": 0.87, "Latitude": 35.020401, "Longitude": -89.8499843, "Main_Address": "6401 East Shelby Drive", "City": "Memphis", "State": "TN", "ZIP_Code": 38141, "ParcelID": "093700 00301C", "ObjectId": 17}}, {"type": "Feature", "id": 18, "geometry": {"type": "Point", "coordinates": [-89.970787, 35.129186]}, "properties": {"ProjectNumber": 20220905, "CompanyName": "NBC Universal - Young Rock", "CityCouncilDistrict": 6, "CountyCommissionDistrict": 8, "ProjectType": "Other", "PilotType": "Jobs", "PilotStatus": "Terminated", "PilotTerm": "4", "ProjectedTaxesAbatedCity": "$561,922.00 ", "ProjectedTaxesAbatedCounty": "$724,369.00 ", "Approved_Date": null, "RampUpPeriod": 1, "ProjectedNewJobs": "257", "ProjectedAveragePayrollOfNewJobs": "$27,215.00 ", "TotalNewPayroll": "$6,994,255.00 ", "ProjectedRetainedJobs": "0", "ProjectedAveragePayrollOfRetainedJobs": " $-   ", "TotalRetainedPayroll": " - ", "TotalJobs": "257", "EmploymentDirect": "257", "EmploymentIndirect": "181", "WagesDirect": "$6,994,176.00 ", "WagesIndirect": "$12,188,359.00 ", "ProjectedCapitalInvestment": "$37,464,473.00 ", "RealPropertyInvestment": " $-   ", "PersonalPropertyInvestment": " $-   ", "CommunityReinvestmentCredit": " $-   ", "CapitalInvestmentNotInPilot": " $-   ", "ProjectedMWBE_LOSBSpending": " $-   ", "MWBE_LOSBSpendingConstruction": " $-   ", "MWBE_LOSBSpendingOperations": " $-   ", "TotalCapitalInvestment": "$37,464,473.00 ", "TotalIncentiveProvided": "$1,286,291.00 ", "TotalNewTaxRevenues": "$1,132,469.00 ", "BenefitCostRatio": 0.88, "Latitude": 35.129186, "Longitude": -89.970787, "Main_Address": "-", "City": "Memphis", "State": "TN", "ZIP_Code": 38103, "ParcelID": "P015730, P058000, P058001, P071695, P243804", "ObjectId": 18}}, {"type": "Feature", "id": 19, "geometry": {"type": "Point", "coordinates": [-90.03829186, 35.08323189]}, "properties": {"ProjectNumber": 20220706, "CompanyName": "Riviana Foods 2022", "CityCouncilDistrict": 6, "CountyCommissionDistrict": 10, "ProjectType": "Manufacturing", "PilotType": "Jobs", "PilotStatus": "Approved", "PilotTerm": "11", "ProjectedTaxesAbatedCity": "$3,823,526.00 ", "ProjectedTaxesAbatedCounty": "$4,862,117.00 ", "Approved_Date": null, "RampUpPeriod": 2, "ProjectedNewJobs": "80", "ProjectedAveragePayrollOfNewJobs": "$44,574.00 ", "TotalNewPayroll": "$3,565,920.00 ", "ProjectedRetainedJobs": "0", "ProjectedAveragePayrollOfRetainedJobs": " $-   ", "TotalRetainedPayroll": " - ", "TotalJobs": "80", "EmploymentDirect": "80", "EmploymentIndirect": "119", "WagesDirect": "$4,457,400.00 ", "WagesIndirect": "$7,584,941.00 ", "ProjectedCapitalInvestment": "$80,600,000.00 ", "RealPropertyInvestment": "$26,642,000.00 ", "PersonalPropertyInvestment": "$53,966,000.00 ", "CommunityReinvestmentCredit": " $-   ", "CapitalInvestmentNotInPilot": " $-   ", "ProjectedMWBE_LOSBSpending": "$7,963,352.00 ", "MWBE_LOSBSpendingConstruction": "$6,660,500.00 ", "MWBE_LOSBSpendingOperations": "$1,302,852.00 ", "TotalCapitalInvestment": "$80,600,000.00 ", "TotalIncentiveProvided": "$8,685,683.00 ", "TotalNewTaxRevenues": "$8,429,005.00 ", "BenefitCostRatio": 0.97, "Latitude": 35.08323189, "Longitude": -90.03829186, "Main_Address": "2314 S Lauderdale", "City": "Memphis", "State": "TN", "ZIP_Code": 38106, "ParcelID": "049065 00001C", "ObjectId": 19}}, {"type": "Feature", "id": 20, "geometry": {"type": "Point", "coordinates": [-90.0164819, 35.1665794]}, "properties": {"ProjectNumber": 20220205, "CompanyName": "Northside Renaissance Development", "CityCouncilDistrict": 7, "CountyCommissionDistrict": 8, "ProjectType": "Neighborhood Project", "PilotType": "Community Builder", "PilotStatus": "Approved", "PilotTerm": "20", "ProjectedTaxesAbatedCity": "$10,148,751.00 ", "ProjectedTaxesAbatedCounty": "$12,260,202.00 ", "Approved_Date": null, "RampUpPeriod": 3, "ProjectedNewJobs": "-", "ProjectedAveragePayrollOfNewJobs": " - ", "TotalNewPayroll": " - ", "ProjectedRetainedJobs": "-", "ProjectedAveragePayrollOfRetainedJobs": " - ", "TotalRetainedPayroll": " $-   ", "TotalJobs": "-", "EmploymentDirect": "-", "EmploymentIndirect": "-", "WagesDirect": " - ", "WagesIndirect": " - ", "ProjectedCapitalInvestment": "$22,013,348.00 ", "RealPropertyInvestment": "$22,013,348.00 ", "PersonalPropertyInvestment": " $-   ", "CommunityReinvestmentCredit": " $-   ", "CapitalInvestmentNotInPilot": "$2,928,824.00 ", "ProjectedMWBE_LOSBSpending": "$6,540,148.00 ", "MWBE_LOSBSpendingConstruction": "$5,390,837.00 ", "MWBE_LOSBSpendingOperations": "$1,149,311.00 ", "TotalCapitalInvestment": "$24,937,172.00 ", "TotalIncentiveProvided": "$17,290,670.00 ", "TotalNewTaxRevenues": "$19,591,679.00 ", "BenefitCostRatio": 1.13, "Latitude": 35.1665794, "Longitude": -90.0164819, "Main_Address": "1212 Vollintine", "City": "Memphis", "State": "TN", "ZIP_Code": 38107, "ParcelID": "021077 00001C", "ObjectId": 20}}, {"type": "Feature", "id": 21, "geometry": {"type": "Point", "coordinates": [-89.7808097, 35.0503203]}, "properties": {"ProjectNumber": 20220105, "CompanyName": "MHR Fund Management LLC", "CityCouncilDistrict": 2, "CountyCommissionDistrict": 4, "ProjectType": "Manufacturing", "PilotType": "Jobs", "PilotStatus": "Approved", "PilotTerm": "15", "ProjectedTaxesAbatedCity": "$6,750,384.00 ", "ProjectedTaxesAbatedCounty": "$8,586,494.00 ", "Approved_Date": null, "RampUpPeriod": 2, "ProjectedNewJobs": "400", "ProjectedAveragePayrollOfNewJobs": "$44,647.00 ", "TotalNewPayroll": "$17,858,800.00 ", "ProjectedRetainedJobs": "0", "ProjectedAveragePayrollOfRetainedJobs": " $-   ", "TotalRetainedPayroll": " $-   ", "TotalJobs": "400", "EmploymentDirect": "400", "EmploymentIndirect": "605", "WagesDirect": "$22,323,500.00 ", "WagesIndirect": "$38,546,792.00 ", "ProjectedCapitalInvestment": "$112,500,000.00 ", "RealPropertyInvestment": "$40,500,000.00 ", "PersonalPropertyInvestment": "$72,000,000.00 ", "CommunityReinvestmentCredit": " $-   ", "CapitalInvestmentNotInPilot": " $-   ", "ProjectedMWBE_LOSBSpending": "$2,925,532.00 ", "MWBE_LOSBSpendingConstruction": "$625,000.00 ", "MWBE_LOSBSpendingOperations": "$2,300,532.00 ", "TotalCapitalInvestment": "$112,500,000.00 ", "TotalIncentiveProvided": "$15,336,878.00 ", "TotalNewTaxRevenues": "$37,026,444.00 ", "BenefitCostRatio": 2.41, "Latitude": 35.0503203, "Longitude": -89.7808097, "Main_Address": "8400 Winchester Road", "City": "Memphis", "State": "TN", "ZIP_Code": 38125, "ParcelID": "081093 00002", "ObjectId": 21}}, {"type": "Feature", "id": 22, "geometry": {"type": "Point", "coordinates": [-89.8596581, 34.9976939]}, "properties": {"ProjectNumber": 20211206, "CompanyName": "Performance Food Group", "CityCouncilDistrict": 3, "CountyCommissionDistrict": 12, "ProjectType": "Distribution", "PilotType": "Jobs", "PilotStatus": "Approved", "PilotTerm": "7", "ProjectedTaxesAbatedCity": "$1,309,971.00 ", "ProjectedTaxesAbatedCounty": "$1,665,894.00 ", "Approved_Date": null, "RampUpPeriod": 2, "ProjectedNewJobs": "25", "ProjectedAveragePayrollOfNewJobs": "$45,492.00 ", "TotalNewPayroll": "$1,137,300.00 ", "ProjectedRetainedJobs": "60", "ProjectedAveragePayrollOfRetainedJobs": "$45,492.00 ", "TotalRetainedPayroll": " $-   ", "TotalJobs": "96", "EmploymentDirect": "25", "EmploymentIndirect": "27", "WagesDirect": "$1,421,652.00 ", "WagesIndirect": "$1,687,199.00 ", "ProjectedCapitalInvestment": "$25,700,000.00 ", "RealPropertyInvestment": "$21,300,000.00 ", "PersonalPropertyInvestment": "$4,400,000.00 ", "CommunityReinvestmentCredit": " $-   ", "CapitalInvestmentNotInPilot": "$3,500,000.00 ", "ProjectedMWBE_LOSBSpending": "$5,771,438.00 ", "MWBE_LOSBSpendingConstruction": "$5,325,000.00 ", "MWBE_LOSBSpendingOperations": "$446,438.00 ", "TotalCapitalInvestment": "$29,200,000.00 ", "TotalIncentiveProvided": "$2,976,256.00 ", "TotalNewTaxRevenues": "$2,115,488.00 ", "BenefitCostRatio": 0.71, "Latitude": 34.9976939, "Longitude": -89.8596581, "Main_Address": "6325 Global Drive", "City": "Memphis", "State": "TN", "ZIP_Code": 38141, "ParcelID": "094300 00657", "ObjectId": 22}}, {"type": "Feature", "id": 23, "geometry": {"type": "Point", "coordinates": [-89.98952075, 35.00587811]}, "properties": {"ProjectNumber": 20211205, "CompanyName": "Medtronic Logistics LLC & CEVA Logistics U.S., Inc.", "CityCouncilDistrict": 3, "CountyCommissionDistrict": 11, "ProjectType": "Distribution", "PilotType": "Jobs", "PilotStatus": "Approved", "PilotTerm": "15", "ProjectedTaxesAbatedCity": "$9,852,493.00 ", "ProjectedTaxesAbatedCounty": "$12,532,377.00 ", "Approved_Date": null, "RampUpPeriod": 2, "ProjectedNewJobs": "265", "ProjectedAveragePayrollOfNewJobs": "$48,715.00 ", "TotalNewPayroll": "$12,909,475.00 ", "ProjectedRetainedJobs": "365", "ProjectedAveragePayrollOfRetainedJobs": "$48,715.00 ", "TotalRetainedPayroll": " $-   ", "TotalJobs": "630", "EmploymentDirect": "265", "EmploymentIndirect": "285", "WagesDirect": "$16,136,844.00 ", "WagesIndirect": "$17,884,313.00 ", "ProjectedCapitalInvestment": "$133,350,000.00 ", "RealPropertyInvestment": "$62,250,000.00 ", "PersonalPropertyInvestment": "$71,100,000.00 ", "CommunityReinvestmentCredit": " $-   ", "CapitalInvestmentNotInPilot": " $-   ", "ProjectedMWBE_LOSBSpending": "$18,920,230.00 ", "MWBE_LOSBSpendingConstruction": "$15,562,500.00 ", "MWBE_LOSBSpendingOperations": "$3,357,730.00 ", "TotalCapitalInvestment": "$133,350,000.00 ", "TotalIncentiveProvided": "$22,384,869.00 ", "TotalNewTaxRevenues": "$26,113,344.00 ", "BenefitCostRatio": 1.17, "Latitude": 35.00587811, "Longitude": -89.98952075, "Main_Address": "5214 Airways Blvd", "City": "Memphis", "State": "TN", "ZIP_Code": 38116, "ParcelID": "094400 00088, 094400 00092, 094400 00093, 094400 00094, 094400 00124, 094400 00160", "ObjectId": 23}}, {"type": "Feature", "id": 24, "geometry": {"type": "Point", "coordinates": [-90.0407174, 35.1851373]}, "properties": {"ProjectNumber": 20211106, "CompanyName": "KTG USA LP 2021", "CityCouncilDistrict": 7, "CountyCommissionDistrict": 8, "ProjectType": "Manufacturing", "PilotType": "Jobs", "PilotStatus": "Approved", "PilotTerm": "6", "ProjectedTaxesAbatedCity": "$489,517.00 ", "ProjectedTaxesAbatedCounty": "$605,641.00 ", "Approved_Date": null, "RampUpPeriod": 2, "ProjectedNewJobs": "36", "ProjectedAveragePayrollOfNewJobs": "$54,185.00 ", "TotalNewPayroll": "$1,950,660.00 ", "ProjectedRetainedJobs": "505", "ProjectedAveragePayrollOfRetainedJobs": "$54,185.00 ", "TotalRetainedPayroll": " $-   ", "TotalJobs": "541", "EmploymentDirect": "36", "EmploymentIndirect": "59", "WagesDirect": "$2,438,325.00 ", "WagesIndirect": "$3,714,771.00 ", "ProjectedCapitalInvestment": "$21,795,982.00 ", "RealPropertyInvestment": " $-   ", "PersonalPropertyInvestment": "$19,774,714.00 ", "CommunityReinvestmentCredit": " $-   ", "CapitalInvestmentNotInPilot": "$2,021,268.00 ", "ProjectedMWBE_LOSBSpending": "$82,379.00 ", "MWBE_LOSBSpendingConstruction": " $-   ", "MWBE_LOSBSpendingOperations": "$82,379.00 ", "TotalCapitalInvestment": "$21,795,982.00 ", "TotalIncentiveProvided": " $-   ", "TotalNewTaxRevenues": "$1,684,873.00 ", "BenefitCostRatio": 1.54, "Latitude": 35.1851373, "Longitude": -90.0407174, "Main_Address": "400 Mahannah Ave", "City": "Memphis", "State": "TN", "ZIP_Code": 38107, "ParcelID": "039035 00017C", "ObjectId": 24}}, {"type": "Feature", "id": 25, "geometry": {"type": "Point", "coordinates": [-89.95422519, 34.99840285]}, "properties": {"ProjectNumber": 20210906, "CompanyName": "Exel Inc. dba DHL Supply Chain 3", "CityCouncilDistrict": 3, "CountyCommissionDistrict": 11, "ProjectType": "Distribution", "PilotType": "Jobs", "PilotStatus": "Approved", "PilotTerm": "5", "ProjectedTaxesAbatedCity": "$350,713.00 ", "ProjectedTaxesAbatedCounty": "$446,107.00 ", "Approved_Date": null, "RampUpPeriod": 2, "ProjectedNewJobs": "75", "ProjectedAveragePayrollOfNewJobs": "$43,679.00 ", "TotalNewPayroll": "$3,275,925.00 ", "ProjectedRetainedJobs": "0", "ProjectedAveragePayrollOfRetainedJobs": " $-   ", "TotalRetainedPayroll": " $-   ", "TotalJobs": "75", "EmploymentDirect": "75", "EmploymentIndirect": "86", "WagesDirect": "$4,094,906.00 ", "WagesIndirect": "$5,087,116.00 ", "ProjectedCapitalInvestment": "$7,076,368.00 ", "RealPropertyInvestment": "$3,280,378.00 ", "PersonalPropertyInvestment": "$3,795,990.00 ", "CommunityReinvestmentCredit": "$4,026,237.00 ", "CapitalInvestmentNotInPilot": " $-   ", "ProjectedMWBE_LOSBSpending": "$939,618.00 ", "MWBE_LOSBSpendingConstruction": "$820,095.00 ", "MWBE_LOSBSpendingOperations": "$119,523.00 ", "TotalCapitalInvestment": "$11,102,605.00 ", "TotalIncentiveProvided": "$796,820.00 ", "TotalNewTaxRevenues": "$1,970,281.00 ", "BenefitCostRatio": 2.47, "Latitude": 34.99840285, "Longitude": -89.95422519, "Main_Address": "3299 Tchulatech", "City": "Memphis", "State": "TN", "ZIP_Code": 38118, "ParcelID": "094100 00318", "ObjectId": 25}}, {"type": "Feature", "id": 26, "geometry": {"type": "Point", "coordinates": [-90.1141311, 35.0920903]}, "properties": {"ProjectNumber": 20210905, "CompanyName": "RedDOT Corporation", "CityCouncilDistrict": 6, "CountyCommissionDistrict": 9, "ProjectType": "Manufacturing", "PilotType": "Fast Track", "PilotStatus": "Approved", "PilotTerm": "10", "ProjectedTaxesAbatedCity": "$856,900.00 ", "ProjectedTaxesAbatedCounty": "$1,089,986.00 ", "Approved_Date": null, "RampUpPeriod": 2, "ProjectedNewJobs": "84", "ProjectedAveragePayrollOfNewJobs": "$34,211.00 ", "TotalNewPayroll": "$2,873,724.00 ", "ProjectedRetainedJobs": "41", "ProjectedAveragePayrollOfRetainedJobs": "$34,211.00 ", "TotalRetainedPayroll": " $-   ", "TotalJobs": "125", "EmploymentDirect": "84", "EmploymentIndirect": "114", "WagesDirect": "$3,592,155.00 ", "WagesIndirect": "$7,158,858.00 ", "ProjectedCapitalInvestment": "$14,260,000.00 ", "RealPropertyInvestment": "$10,000,000.00 ", "PersonalPropertyInvestment": "$4,260,000.00 ", "CommunityReinvestmentCredit": "$650,000.00 ", "CapitalInvestmentNotInPilot": " $-   ", "ProjectedMWBE_LOSBSpending": "$542,003.00 ", "MWBE_LOSBSpendingConstruction": "$250,000.00 ", "MWBE_LOSBSpendingOperations": "$292,033.00 ", "TotalCapitalInvestment": "$1,426,000.00 ", "TotalIncentiveProvided": "$1,946,886.00 ", "TotalNewTaxRevenues": "$4,494,383.00 ", "BenefitCostRatio": 2.31, "Latitude": 35.0920903, "Longitude": -90.1141311, "Main_Address": "2049 Harbor Avenue", "City": "Memphis", "State": "TN", "ZIP_Code": 38106, "ParcelID": "050111 00040C, 050111 00001C", "ObjectId": 26}}, {"type": "Feature", "id": 27, "geometry": {"type": "Point", "coordinates": [-89.8086941, 35.2013141]}, "properties": {"ProjectNumber": 20210805, "CompanyName": "Memphis Record Pressing", "CityCouncilDistrict": 1, "CountyCommissionDistrict": 1, "ProjectType": "Distribution", "PilotType": "Fast Track", "PilotStatus": "Approved", "PilotTerm": "10", "ProjectedTaxesAbatedCity": "$534,724.00 ", "ProjectedTaxesAbatedCounty": "$630,167.00 ", "Approved_Date": null, "RampUpPeriod": 2, "ProjectedNewJobs": "111", "ProjectedAveragePayrollOfNewJobs": "$36,128.00 ", "TotalNewPayroll": "$4,010,208.00 ", "ProjectedRetainedJobs": "65", "ProjectedAveragePayrollOfRetainedJobs": "$36,128.00 ", "TotalRetainedPayroll": " $-   ", "TotalJobs": "176", "EmploymentDirect": "111", "EmploymentIndirect": "119", "WagesDirect": "$5,012,760.00 ", "WagesIndirect": "$7,034,566.00 ", "ProjectedCapitalInvestment": "$10,341,438.00 ", "RealPropertyInvestment": "$2,000,000.00 ", "PersonalPropertyInvestment": "$5,500,000.00 ", "CommunityReinvestmentCredit": "$2,841,438.00 ", "CapitalInvestmentNotInPilot": " $-   ", "ProjectedMWBE_LOSBSpending": "$682,234.00 ", "MWBE_LOSBSpendingConstruction": "$500,000.00 ", "MWBE_LOSBSpendingOperations": "$182,234.00 ", "TotalCapitalInvestment": "$10,341,438.00 ", "TotalIncentiveProvided": "$1,214,891.00 ", "TotalNewTaxRevenues": "$4,944,991.00 ", "BenefitCostRatio": 4.07, "Latitude": 35.2013141, "Longitude": -89.8086941, "Main_Address": "7625 Appling Center Drive", "City": "Memphis", "State": "TN", "ZIP_Code": 38133, "ParcelID": "092005 00053", "ObjectId": 27}}, {"type": "Feature", "id": 28, "geometry": {"type": "Point", "coordinates": [-90.0498099, 35.085154]}, "properties": {"ProjectNumber": 20210706, "CompanyName": "Atlantic Track + Turnout Co.", "CityCouncilDistrict": 6, "CountyCommissionDistrict": 10, "ProjectType": "Manufacturing", "PilotType": "Jobs", "PilotStatus": "Approved", "PilotTerm": "6", "ProjectedTaxesAbatedCity": "$337,141.00 ", "ProjectedTaxesAbatedCounty": "$428,874.00 ", "Approved_Date": null, "RampUpPeriod": 2, "ProjectedNewJobs": "26", "ProjectedAveragePayrollOfNewJobs": "$41,202.00 ", "TotalNewPayroll": "$1,071,252.00 ", "ProjectedRetainedJobs": "0", "ProjectedAveragePayrollOfRetainedJobs": " $-   ", "TotalRetainedPayroll": " $-   ", "TotalJobs": "26", "EmploymentDirect": "26", "EmploymentIndirect": "26", "WagesDirect": "$1,339,065.00 ", "WagesIndirect": "$1,560,949.00 ", "ProjectedCapitalInvestment": "$11,305,000.00 ", "RealPropertyInvestment": " $-   ", "PersonalPropertyInvestment": "$11,305,000.00 ", "CommunityReinvestmentCredit": " $-   ", "CapitalInvestmentNotInPilot": "$160,000.00 ", "ProjectedMWBE_LOSBSpending": "$26,576.00 ", "MWBE_LOSBSpendingConstruction": " $-   ", "MWBE_LOSBSpendingOperations": "$26,576.00 ", "TotalCapitalInvestment": "$11,465,000.00 ", "TotalIncentiveProvided": "$531,519.00 ", "TotalNewTaxRevenues": "$959,051.00 ", "BenefitCostRatio": 1.8, "Latitude": 35.085154, "Longitude": -90.0498099, "Main_Address": "391 E Mallory", "City": "Memphis", "State": "TN", "ZIP_Code": 38109, "ParcelID": "049006 00025, 049006 00024, 049006 00030", "ObjectId": 28}}, {"type": "Feature", "id": 29, "geometry": {"type": "Point", "coordinates": [-89.947057, 35.1489819]}, "properties": {"ProjectNumber": 20210502, "CompanyName": "3393 Summer Ave", "CityCouncilDistrict": 5, "CountyCommissionDistrict": 13, "ProjectType": "Neighborhood Project", "PilotType": "Community Builder", "PilotStatus": "Approved", "PilotTerm": "15", "ProjectedTaxesAbatedCity": "$250,932.00 ", "ProjectedTaxesAbatedCounty": "$317,983.00 ", "Approved_Date": null, "RampUpPeriod": 2, "ProjectedNewJobs": "41", "ProjectedAveragePayrollOfNewJobs": "$24,640.00 ", "TotalNewPayroll": "$1,010,240.00 ", "ProjectedRetainedJobs": "0", "ProjectedAveragePayrollOfRetainedJobs": " $-   ", "TotalRetainedPayroll": " $-   ", "TotalJobs": "40", "EmploymentDirect": "41", "EmploymentIndirect": "19", "WagesDirect": "$1,017,337.00 ", "WagesIndirect": "$1,101,987.00 ", "ProjectedCapitalInvestment": "$2,720,000.00 ", "RealPropertyInvestment": "$2,720,000.00 ", "PersonalPropertyInvestment": " $-   ", "CommunityReinvestmentCredit": " $-   ", "CapitalInvestmentNotInPilot": " $-   ", "ProjectedMWBE_LOSBSpending": "$415,337.00 ", "MWBE_LOSBSpendingConstruction": "$330,000.00 ", "MWBE_LOSBSpendingOperations": "$85,337.00 ", "TotalCapitalInvestment": "$2,720,000.00 ", "TotalIncentiveProvided": "$568,915.00 ", "TotalNewTaxRevenues": "$2,551,717.00 ", "BenefitCostRatio": 4.49, "Latitude": 35.1489819, "Longitude": -89.947057, "Main_Address": "3393 Summer Ave", "City": "Memphis", "State": "TN", "ZIP_Code": 38122, "ParcelID": "044040 00001C, 044040 00039, 044040 00034C", "ObjectId": 29}}, {"type": "Feature", "id": 30, "geometry": {"type": "Point", "coordinates": [-89.9346659, 35.0277847]}, "properties": {"ProjectNumber": 20210501, "CompanyName": "Walgreen Company", "CityCouncilDistrict": 3, "CountyCommissionDistrict": 11, "ProjectType": "Distribution", "PilotType": "Fast Track", "PilotStatus": "Approved", "PilotTerm": "10", "ProjectedTaxesAbatedCity": "$1,589,072.00 ", "ProjectedTaxesAbatedCounty": "$2,013,689.00 ", "Approved_Date": null, "RampUpPeriod": 2, "ProjectedNewJobs": "200", "ProjectedAveragePayrollOfNewJobs": "$41,035.00 ", "TotalNewPayroll": "$8,207,000.00 ", "ProjectedRetainedJobs": "0", "ProjectedAveragePayrollOfRetainedJobs": " $-   ", "TotalRetainedPayroll": " $-   ", "TotalJobs": "200", "EmploymentDirect": "200", "EmploymentIndirect": "369", "WagesDirect": "$10,258,750.00 ", "WagesIndirect": "$21,813,066.00 ", "ProjectedCapitalInvestment": "$32,450,160.00 ", "RealPropertyInvestment": "$7,500,000.00 ", "PersonalPropertyInvestment": "$22,000,000.00 ", "CommunityReinvestmentCredit": "$2,450,160.00 ", "CapitalInvestmentNotInPilot": "$500,000.00 ", "ProjectedMWBE_LOSBSpending": "$2,415,414.00 ", "MWBE_LOSBSpendingConstruction": "$1,875,000.00 ", "MWBE_LOSBSpendingOperations": "$540,414.00 ", "TotalCapitalInvestment": "$32,450,160.00 ", "TotalIncentiveProvided": "$3,602,761.00 ", "TotalNewTaxRevenues": "$11,936,024.00 ", "BenefitCostRatio": 3.31, "Latitude": 35.0277847, "Longitude": -89.9346659, "Main_Address": "3299 Tchulatech Dr", "City": "Memphis", "State": "TN", "ZIP_Code": 38118, "ParcelID": "094100 00318", "ObjectId": 30}}, {"type": "Feature", "id": 31, "geometry": {"type": "Point", "coordinates": [-89.8788688, 35.0253325]}, "properties": {"ProjectNumber": 20210402, "CompanyName": "Eversana Life Science Services, LLC", "CityCouncilDistrict": 3, "CountyCommissionDistrict": 11, "ProjectType": "Distribution", "PilotType": "Expansion", "PilotStatus": "Approved", "PilotTerm": "15", "ProjectedTaxesAbatedCity": "$6,115,092.00 ", "ProjectedTaxesAbatedCounty": "$7,749,135.00 ", "Approved_Date": null, "RampUpPeriod": 3, "ProjectedNewJobs": "50", "ProjectedAveragePayrollOfNewJobs": "$42,800.00 ", "TotalNewPayroll": "$2,140,000.00 ", "ProjectedRetainedJobs": "315", "ProjectedAveragePayrollOfRetainedJobs": "$42,800.00 ", "TotalRetainedPayroll": "$13,482,000.00 ", "TotalJobs": "365", "EmploymentDirect": "365", "EmploymentIndirect": "379", "WagesDirect": "$19,527,406.00 ", "WagesIndirect": "$41,931,612.00 ", "ProjectedCapitalInvestment": "$30,000,000.00 ", "RealPropertyInvestment": "$18,000,000.00 ", "PersonalPropertyInvestment": "$12,000,000.00 ", "CommunityReinvestmentCredit": "$43,273,766.00 ", "CapitalInvestmentNotInPilot": " $-   ", "ProjectedMWBE_LOSBSpending": "$6,579,634.00 ", "MWBE_LOSBSpendingConstruction": "$4,500,000.00 ", "MWBE_LOSBSpendingOperations": "$2,079,634.00 ", "TotalCapitalInvestment": "$30,000,000.00 ", "TotalIncentiveProvided": "$13,864,227.00 ", "TotalNewTaxRevenues": "$38,231,172.00 ", "BenefitCostRatio": 2.76, "Latitude": 35.0253325, "Longitude": -89.8788688, "Main_Address": "4500 Mendenhall", "City": "Memphis", "State": "TN", "ZIP_Code": 38141, "ParcelID": "093400 00586, 093400 00563, 093400 00585, 093400 00543", "ObjectId": 31}}, {"type": "Feature", "id": 32, "geometry": {"type": "Point", "coordinates": [-89.86000629, 35.09384635]}, "properties": {"ProjectNumber": 20210401, "CompanyName": "Sylvamo Corporation", "CityCouncilDistrict": 2, "CountyCommissionDistrict": 4, "ProjectType": "Office/HQ", "PilotType": "Jobs", "PilotStatus": "Approved", "PilotTerm": "15", "ProjectedTaxesAbatedCity": "$1,868,011.00 ", "ProjectedTaxesAbatedCounty": "$2,282,846.00 ", "Approved_Date": null, "RampUpPeriod": 2, "ProjectedNewJobs": "300", "ProjectedAveragePayrollOfNewJobs": "$179,235.00 ", "TotalNewPayroll": "$53,770,500.00 ", "ProjectedRetainedJobs": "0", "ProjectedAveragePayrollOfRetainedJobs": " $-   ", "TotalRetainedPayroll": " $-   ", "TotalJobs": "300", "EmploymentDirect": "300", "EmploymentIndirect": "411", "WagesDirect": "$69,901,260.00 ", "WagesIndirect": "$24,306,622.00 ", "ProjectedCapitalInvestment": "$14,500,000.00 ", "RealPropertyInvestment": "$7,500,000.00 ", "PersonalPropertyInvestment": "$7,000,000.00 ", "CommunityReinvestmentCredit": "$7,455,683.00 ", "CapitalInvestmentNotInPilot": " $-   ", "ProjectedMWBE_LOSBSpending": "$2,486,630.00 ", "MWBE_LOSBSpendingConstruction": "$1,875,000.00 ", "MWBE_LOSBSpendingOperations": "$611,630.00 ", "TotalCapitalInvestment": "$21,955,683.00 ", "TotalIncentiveProvided": "$4,077,536.00 ", "TotalNewTaxRevenues": "$35,569,630.00 ", "BenefitCostRatio": 8.72, "Latitude": 35.09384635, "Longitude": -89.86000629, "Main_Address": "6077 Primacy Parkway", "City": "Memphis", "State": "TN", "ZIP_Code": 38119, "ParcelID": "081004 00017", "ObjectId": 32}}, {"type": "Feature", "id": 33, "geometry": {"type": "Point", "coordinates": [-89.891351, 35.036734]}, "properties": {"ProjectNumber": 20210302, "CompanyName": "Alphatec Spine, Inc.", "CityCouncilDistrict": 3, "CountyCommissionDistrict": 11, "ProjectType": "Distribution", "PilotType": "Fast Track", "PilotStatus": "Approved", "PilotTerm": "10", "ProjectedTaxesAbatedCity": "$258,328.00 ", "ProjectedTaxesAbatedCounty": "$327,352.00 ", "Approved_Date": null, "RampUpPeriod": 2, "ProjectedNewJobs": "95", "ProjectedAveragePayrollOfNewJobs": "$52,657.00 ", "TotalNewPayroll": "$5,002,415.00 ", "ProjectedRetainedJobs": "1", "ProjectedAveragePayrollOfRetainedJobs": " $-   ", "TotalRetainedPayroll": " $-   ", "TotalJobs": "95", "EmploymentDirect": "95", "EmploymentIndirect": "99", "WagesDirect": "$6,253,019.00 ", "WagesIndirect": "$5,852,286.00 ", "ProjectedCapitalInvestment": "$3,500,000.00 ", "RealPropertyInvestment": "$1,500,000.00 ", "PersonalPropertyInvestment": "$2,000,000.00 ", "CommunityReinvestmentCredit": "$758,800.00 ", "CapitalInvestmentNotInPilot": " $-   ", "ProjectedMWBE_LOSBSpending": "$462,852.00 ", "MWBE_LOSBSpendingConstruction": "$375,000.00 ", "MWBE_LOSBSpendingOperations": "$87,852.00 ", "TotalCapitalInvestment": "$3,500,000.00 ", "TotalIncentiveProvided": "$585,680.00 ", "TotalNewTaxRevenues": "$4,617,110.00 ", "BenefitCostRatio": 7.88, "Latitude": 35.036734, "Longitude": -89.891351, "Main_Address": "4101 Willow Lake Boulevard", "City": "Memphis", "State": "TN", "ZIP_Code": 38118, "ParcelID": "074101 00029", "ObjectId": 33}}, {"type": "Feature", "id": 34, "geometry": {"type": "Point", "coordinates": [-89.7808097, 35.0503203]}, "properties": {"ProjectNumber": 20210301, "CompanyName": "Mullen Technologies Inc.", "CityCouncilDistrict": 2, "CountyCommissionDistrict": 4, "ProjectType": "Manufacturing", "PilotType": "Jobs", "PilotStatus": "Approved", "PilotTerm": "15", "ProjectedTaxesAbatedCity": "$17,905,178.00 ", "ProjectedTaxesAbatedCounty": "$22,689,689.00 ", "Approved_Date": null, "RampUpPeriod": 2, "ProjectedNewJobs": "434", "ProjectedAveragePayrollOfNewJobs": "$53,109.00 ", "TotalNewPayroll": "$23,049,306.00 ", "ProjectedRetainedJobs": "0", "ProjectedAveragePayrollOfRetainedJobs": " $-   ", "TotalRetainedPayroll": " $-   ", "TotalJobs": "434", "EmploymentDirect": "434", "EmploymentIndirect": "677", "WagesDirect": "$29,964,098.00 ", "WagesIndirect": "$40,020,178.00 ", "ProjectedCapitalInvestment": "$377,027,200.00 ", "RealPropertyInvestment": "$26,000,000.00 ", "PersonalPropertyInvestment": "$336,400,000.00 ", "CommunityReinvestmentCredit": "$14,627,200.00 ", "CapitalInvestmentNotInPilot": " $-   ", "ProjectedMWBE_LOSBSpending": "$9,742,780.00 ", "MWBE_LOSBSpendingConstruction": "$6,500,000.00 ", "MWBE_LOSBSpendingOperations": "$3,242,780.00 ", "TotalCapitalInvestment": "$377,027,200.00 ", "TotalIncentiveProvided": "$40,594,867.00 ", "TotalNewTaxRevenues": "$52,790,868.00 ", "BenefitCostRatio": 1.3, "Latitude": 35.0503203, "Longitude": -89.7808097, "Main_Address": "8400 Winchester", "City": "Memphis", "State": "TN", "ZIP_Code": 38125, "ParcelID": "081093 00002", "ObjectId": 34}}, {"type": "Feature", "id": 35, "geometry": {"type": "Point", "coordinates": [-89.8571532, 34.9985447]}, "properties": {"ProjectNumber": 20210103, "CompanyName": "Ubiquiti Inc.", "CityCouncilDistrict": 3, "CountyCommissionDistrict": 12, "ProjectType": "Distribution", "PilotType": "Fast Track", "PilotStatus": "Approved", "PilotTerm": "10", "ProjectedTaxesAbatedCity": "$788,581.00 ", "ProjectedTaxesAbatedCounty": "$999,293.00 ", "Approved_Date": null, "RampUpPeriod": 2, "ProjectedNewJobs": "25", "ProjectedAveragePayrollOfNewJobs": "$37,027.00 ", "TotalNewPayroll": "$925,675.00 ", "ProjectedRetainedJobs": "0", "ProjectedAveragePayrollOfRetainedJobs": " $-   ", "TotalRetainedPayroll": " $-   ", "TotalJobs": "25", "EmploymentDirect": "25", "EmploymentIndirect": "22", "WagesDirect": "$1,157,094.00 ", "WagesIndirect": "$1,300,508.00 ", "ProjectedCapitalInvestment": "$10,599,317.00 ", "RealPropertyInvestment": "$2,000,000.00 ", "PersonalPropertyInvestment": "$3,000,000.00 ", "CommunityReinvestmentCredit": "$5,599,317.00 ", "CapitalInvestmentNotInPilot": " $-   ", "ProjectedMWBE_LOSBSpending": "$768,181.00 ", "MWBE_LOSBSpendingConstruction": "$500,000.00 ", "MWBE_LOSBSpendingOperations": "$268,181.00 ", "TotalCapitalInvestment": "$10,599,317.00 ", "TotalIncentiveProvided": "$1,787,874.00 ", "TotalNewTaxRevenues": "$1,688,895.00 ", "BenefitCostRatio": 0.94, "Latitude": 34.9985447, "Longitude": -89.8571532, "Main_Address": "6200 Global Drive", "City": "Memphis", "State": "TN", "ZIP_Code": 38141, "ParcelID": "094300 00601C", "ObjectId": 35}}, {"type": "Feature", "id": 36, "geometry": {"type": "Point", "coordinates": [-89.8574154, 34.9968902]}, "properties": {"ProjectNumber": 20210101, "CompanyName": "Imperial Industrial Supply Company", "CityCouncilDistrict": 3, "CountyCommissionDistrict": 12, "ProjectType": "Distribution", "PilotType": "Fast Track", "PilotStatus": "Approved", "PilotTerm": "10", "ProjectedTaxesAbatedCity": "$1,860,438.00 ", "ProjectedTaxesAbatedCounty": "$2,357,566.00 ", "Approved_Date": null, "RampUpPeriod": 2, "ProjectedNewJobs": "35", "ProjectedAveragePayrollOfNewJobs": "$37,771.00 ", "TotalNewPayroll": "$1,321,985.00 ", "ProjectedRetainedJobs": "0", "ProjectedAveragePayrollOfRetainedJobs": " $-   ", "TotalRetainedPayroll": " $-   ", "TotalJobs": "35", "EmploymentDirect": "35", "EmploymentIndirect": "31", "WagesDirect": "$1,652,481.00 ", "WagesIndirect": "$1,832,534.00 ", "ProjectedCapitalInvestment": "$20,900,000.00 ", "RealPropertyInvestment": "$19,700,000.00 ", "PersonalPropertyInvestment": "$1,200,000.00 ", "CommunityReinvestmentCredit": " $-   ", "CapitalInvestmentNotInPilot": " $-   ", "ProjectedMWBE_LOSBSpending": "$913,951.00 ", "MWBE_LOSBSpendingConstruction": "$281,250.00 ", "MWBE_LOSBSpendingOperations": "$632,701.00 ", "TotalCapitalInvestment": "$20,900,000.00 ", "TotalIncentiveProvided": "$4,218,004.00 ", "TotalNewTaxRevenues": "$2,881,663.00 ", "BenefitCostRatio": 0.68, "Latitude": 34.9968902, "Longitude": -89.8574154, "Main_Address": "6099 Global Drive", "City": "Memphis", "State": "TN", "ZIP_Code": 38141, "ParcelID": "094200 00503", "ObjectId": 36}}, {"type": "Feature", "id": 37, "geometry": {"type": "Point", "coordinates": [-89.9901388, 35.0629907]}, "properties": {"ProjectNumber": 20201201, "CompanyName": "Crown World, Inc.", "CityCouncilDistrict": 3, "CountyCommissionDistrict": 10, "ProjectType": "Manufacturing", "PilotType": "Fast Track", "PilotStatus": "Approved", "PilotTerm": "10", "ProjectedTaxesAbatedCity": "$186,960.00 ", "ProjectedTaxesAbatedCounty": "$236,920.00 ", "Approved_Date": null, "RampUpPeriod": 2, "ProjectedNewJobs": "25", "ProjectedAveragePayrollOfNewJobs": "$32,205.00 ", "TotalNewPayroll": "$805,125.00 ", "ProjectedRetainedJobs": "0", "ProjectedAveragePayrollOfRetainedJobs": " $-   ", "TotalRetainedPayroll": " $-   ", "TotalJobs": "25", "EmploymentDirect": "25", "EmploymentIndirect": "14", "WagesDirect": "$1,006,406.00 ", "WagesIndirect": "$815,374.00 ", "ProjectedCapitalInvestment": "$2,700,000.00 ", "RealPropertyInvestment": "$2,200,000.00 ", "PersonalPropertyInvestment": "$500,000.00 ", "CommunityReinvestmentCredit": " $-   ", "CapitalInvestmentNotInPilot": "$50,000.00 ", "ProjectedMWBE_LOSBSpending": "$401,082.00 ", "MWBE_LOSBSpendingConstruction": "$337,500.00 ", "MWBE_LOSBSpendingOperations": "$63,582.00 ", "TotalCapitalInvestment": "$2,750,000.00 ", "TotalIncentiveProvided": "$728,210.00 ", "TotalNewTaxRevenues": "$1,129,755.00 ", "BenefitCostRatio": 2.67, "Latitude": 35.0629907, "Longitude": -89.9901388, "Main_Address": "2990 Airways", "City": "Memphis", "State": "TN", "ZIP_Code": 38116, "ParcelID": "060220 00076", "ObjectId": 37}}, {"type": "Feature", "id": 38, "geometry": {"type": "Point", "coordinates": [-89.9099908, 35.0214008]}, "properties": {"ProjectNumber": 20201101, "CompanyName": "Charles River Laboratories, Inc. f.k.a. Cognate BioServices, Inc.", "CityCouncilDistrict": 3, "CountyCommissionDistrict": 11, "ProjectType": "Manufacturing", "PilotType": "Jobs", "PilotStatus": "Approved", "PilotTerm": "11", "ProjectedTaxesAbatedCity": "$22,939,282.00 ", "ProjectedTaxesAbatedCounty": "$29,068,941.00 ", "Approved_Date": null, "RampUpPeriod": 4, "ProjectedNewJobs": "25", "ProjectedAveragePayrollOfNewJobs": "$79,061.00 ", "TotalNewPayroll": "$1,976,525.00 ", "ProjectedRetainedJobs": "0", "ProjectedAveragePayrollOfRetainedJobs": " $-   ", "TotalRetainedPayroll": " $-   ", "TotalJobs": "25", "EmploymentDirect": "25", "EmploymentIndirect": "914", "WagesDirect": "$44,703,986.00 ", "WagesIndirect": "$52,445,320.00 ", "ProjectedCapitalInvestment": "$69,666,629.00 ", "RealPropertyInvestment": "$46,171,715.00 ", "PersonalPropertyInvestment": "$16,874,638.00 ", "CommunityReinvestmentCredit": "$15,859,608.00 ", "CapitalInvestmentNotInPilot": "$6,620,276.00 ", "ProjectedMWBE_LOSBSpending": " - ", "MWBE_LOSBSpendingConstruction": " - ", "MWBE_LOSBSpendingOperations": " - ", "TotalCapitalInvestment": "$69,666,629.00 ", "TotalIncentiveProvided": "$12,980,063.07 ", "TotalNewTaxRevenues": "$17,602,712.88 ", "BenefitCostRatio": 1.35, "Latitude": 35.0214008, "Longitude": -89.9099908, "Main_Address": "4600 East Shelby Drive", "City": "Memphis", "State": "TN", "ZIP_Code": 38118, "ParcelID": "093301 A00005, 093600 00445, 094200 00551", "ObjectId": 38}}, {"type": "Feature", "id": 39, "geometry": {"type": "Point", "coordinates": [-89.952594, 35.0045414]}, "properties": {"ProjectNumber": 20201002, "CompanyName": "Arvato Digital Services, LLC", "CityCouncilDistrict": 3, "CountyCommissionDistrict": 11, "ProjectType": "Distribution", "PilotType": "Expansion", "PilotStatus": "Approved", "PilotTerm": "11", "ProjectedTaxesAbatedCity": "$1,596,734.00 ", "ProjectedTaxesAbatedCounty": "$2,023,403.00 ", "Approved_Date": null, "RampUpPeriod": 2, "ProjectedNewJobs": "6", "ProjectedAveragePayrollOfNewJobs": "$55,998.00 ", "TotalNewPayroll": "$335,988.00 ", "ProjectedRetainedJobs": "180", "ProjectedAveragePayrollOfRetainedJobs": "$55,998.00 ", "TotalRetainedPayroll": "$10,079,640.00 ", "TotalJobs": "186", "EmploymentDirect": "186", "EmploymentIndirect": "190", "WagesDirect": "$13,019,535.00 ", "WagesIndirect": "$10,902,200.00 ", "ProjectedCapitalInvestment": "$30,257,475.00 ", "RealPropertyInvestment": "$17,625,000.00 ", "PersonalPropertyInvestment": "$11,967,038.00 ", "CommunityReinvestmentCredit": " $-   ", "CapitalInvestmentNotInPilot": "$665,437.00 ", "ProjectedMWBE_LOSBSpending": "$2,324,270.00 ", "MWBE_LOSBSpendingConstruction": "$1,781,250.00 ", "MWBE_LOSBSpendingOperations": "$543,020.00 ", "TotalCapitalInvestment": "$30,257,475.00 ", "TotalIncentiveProvided": "$3,620,137.00 ", "TotalNewTaxRevenues": "$10,924,587.00 ", "BenefitCostRatio": 3.02, "Latitude": 35.0045414, "Longitude": -89.952594, "Main_Address": "3303 East Holmes Road", "City": "Memphis", "State": "TN", "ZIP_Code": 38118, "ParcelID": "094100 00304", "ObjectId": 39}}, {"type": "Feature", "id": 40, "geometry": {"type": "Point", "coordinates": [-89.9266404, 35.0331238]}, "properties": {"ProjectNumber": 20201001, "CompanyName": "Pristex Solutions, LLC", "CityCouncilDistrict": 3, "CountyCommissionDistrict": 11, "ProjectType": "Manufacturing", "PilotType": "Jobs", "PilotStatus": "Approved", "PilotTerm": "13", "ProjectedTaxesAbatedCity": "$665,986.00 ", "ProjectedTaxesAbatedCounty": "$843,939.00 ", "Approved_Date": null, "RampUpPeriod": 2, "ProjectedNewJobs": "439", "ProjectedAveragePayrollOfNewJobs": "$34,644.00 ", "TotalNewPayroll": "$15,208,716.00 ", "ProjectedRetainedJobs": "0", "ProjectedAveragePayrollOfRetainedJobs": " $-   ", "TotalRetainedPayroll": " $-   ", "TotalJobs": "439", "EmploymentDirect": "439", "EmploymentIndirect": "773", "WagesDirect": "$19,010,895.00 ", "WagesIndirect": "$44,354,740.00 ", "ProjectedCapitalInvestment": "$11,608,422.00 ", "RealPropertyInvestment": "$1,826,000.00 ", "PersonalPropertyInvestment": "$5,315,000.00 ", "CommunityReinvestmentCredit": "$2,345,600.00 ", "CapitalInvestmentNotInPilot": "$2,121,822.00 ", "ProjectedMWBE_LOSBSpending": "$682,989.00 ", "MWBE_LOSBSpendingConstruction": "$456,500.00 ", "MWBE_LOSBSpendingOperations": "$226,489.00 ", "TotalCapitalInvestment": "$11,608,422.00 ", "TotalIncentiveProvided": "$1,509,925.00 ", "TotalNewTaxRevenues": "$28,537,950.00 ", "BenefitCostRatio": 18.9, "Latitude": 35.0331238, "Longitude": -89.9266404, "Main_Address": "4259 Delp Street", "City": "Memphis", "State": "TN", "ZIP_Code": 38118, "ParcelID": "073101 00814", "ObjectId": 40}}, {"type": "Feature", "id": 41, "geometry": {"type": "Point", "coordinates": [-89.9413064, 35.1073504]}, "properties": {"ProjectNumber": 20200805, "CompanyName": "Water to Wine, LLC", "CityCouncilDistrict": 4, "CountyCommissionDistrict": 10, "ProjectType": "Residential", "PilotType": "Residential", "PilotStatus": "Approved", "PilotTerm": "11", "ProjectedTaxesAbatedCity": "$910,712.00 ", "ProjectedTaxesAbatedCounty": "$1,154,065.00 ", "Approved_Date": null, "RampUpPeriod": 2, "ProjectedNewJobs": "7", "ProjectedAveragePayrollOfNewJobs": "$57,988.00 ", "TotalNewPayroll": "$405,916.00 ", "ProjectedRetainedJobs": "0", "ProjectedAveragePayrollOfRetainedJobs": " $-   ", "TotalRetainedPayroll": " $-   ", "TotalJobs": "7", "EmploymentDirect": "7", "EmploymentIndirect": "0", "WagesDirect": "$405,916.00 ", "WagesIndirect": " $-   ", "ProjectedCapitalInvestment": "$9,235,000.00 ", "RealPropertyInvestment": "$8,635,000.00 ", "PersonalPropertyInvestment": " $-   ", "CommunityReinvestmentCredit": " $-   ", "CapitalInvestmentNotInPilot": "$600,000.00 ", "ProjectedMWBE_LOSBSpending": "$2,080,555.00 ", "MWBE_LOSBSpendingConstruction": "$2,050,000.00 ", "MWBE_LOSBSpendingOperations": "$30,555.00 ", "TotalCapitalInvestment": "$9,235,000.00 ", "TotalIncentiveProvided": "$2,064,777.00 ", "TotalNewTaxRevenues": "$1,344,491.00 ", "BenefitCostRatio": 0.65, "Latitude": 35.1073504, "Longitude": -89.9413064, "Main_Address": "3637 Park Avenue", "City": "Memphis", "State": "TN", "ZIP_Code": 38111, "ParcelID": "058048 00005", "ObjectId": 41}}, {"type": "Feature", "id": 42, "geometry": {"type": "Point", "coordinates": [-89.9460522, 35.1284789]}, "properties": {"ProjectNumber": 20200804, "CompanyName": "Poplar Plaza Residential", "CityCouncilDistrict": 5, "CountyCommissionDistrict": 13, "ProjectType": "Residential", "PilotType": "Residential", "PilotStatus": "Approved", "PilotTerm": "15", "ProjectedTaxesAbatedCity": "$6,492,735.00 ", "ProjectedTaxesAbatedCounty": "$8,227,680.00 ", "Approved_Date": null, "RampUpPeriod": 2, "ProjectedNewJobs": "0", "ProjectedAveragePayrollOfNewJobs": " $-   ", "TotalNewPayroll": " $-   ", "ProjectedRetainedJobs": "0", "ProjectedAveragePayrollOfRetainedJobs": " $-   ", "TotalRetainedPayroll": " $-   ", "TotalJobs": "0", "EmploymentDirect": "0", "EmploymentIndirect": "0", "WagesDirect": " $-   ", "WagesIndirect": " $-   ", "ProjectedCapitalInvestment": "$56,485,000.00 ", "RealPropertyInvestment": "$47,645,000.00 ", "PersonalPropertyInvestment": " $-   ", "CommunityReinvestmentCredit": " $-   ", "CapitalInvestmentNotInPilot": "$8,840,000.00 ", "ProjectedMWBE_LOSBSpending": "$11,775,933.00 ", "MWBE_LOSBSpendingConstruction": "$11,286,250.00 ", "MWBE_LOSBSpendingOperations": "$489,683.00 ", "TotalCapitalInvestment": "$56,485,000.00 ", "TotalIncentiveProvided": "$14,720,415.00 ", "TotalNewTaxRevenues": "$12,735,957.00 ", "BenefitCostRatio": 0.87, "Latitude": 35.1284789, "Longitude": -89.9460522, "Main_Address": "3486 Poplar Avenue", "City": "Memphis", "State": "TN", "ZIP_Code": 38111, "ParcelID": "044052 00001C, 044052 00002", "ObjectId": 42}}, {"type": "Feature", "id": 43, "geometry": {"type": "Point", "coordinates": [-89.9115991, 35.0722146]}, "properties": {"ProjectNumber": 20200803, "CompanyName": "RDX, LLC", "CityCouncilDistrict": 4, "CountyCommissionDistrict": 11, "ProjectType": "Distribution", "PilotType": "Jobs", "PilotStatus": "Approved", "PilotTerm": "6", "ProjectedTaxesAbatedCity": "$408,420.00 ", "ProjectedTaxesAbatedCounty": "$517,554.00 ", "Approved_Date": null, "RampUpPeriod": 2, "ProjectedNewJobs": "15", "ProjectedAveragePayrollOfNewJobs": "$44,172.00 ", "TotalNewPayroll": "$662,580.00 ", "ProjectedRetainedJobs": "0", "ProjectedAveragePayrollOfRetainedJobs": " $-   ", "TotalRetainedPayroll": " $-   ", "TotalJobs": "15", "EmploymentDirect": "15", "EmploymentIndirect": "16", "WagesDirect": "$828,225.00 ", "WagesIndirect": "$900,592.00 ", "ProjectedCapitalInvestment": "$8,699,485.00 ", "RealPropertyInvestment": "$8,499,485.00 ", "PersonalPropertyInvestment": "$200,000.00 ", "CommunityReinvestmentCredit": " $-   ", "CapitalInvestmentNotInPilot": " $-   ", "ProjectedMWBE_LOSBSpending": "$1,915,425.00 ", "MWBE_LOSBSpendingConstruction": "$1,774,871.00 ", "MWBE_LOSBSpendingOperations": "$140,554.00 ", "TotalCapitalInvestment": "$8,699,485.00 ", "TotalIncentiveProvided": "$925,974.00 ", "TotalNewTaxRevenues": "$809,628.00 ", "BenefitCostRatio": 0.89, "Latitude": 35.0722146, "Longitude": -89.9115991, "Main_Address": "4504 American Way", "City": "Memphis", "State": "TN", "ZIP_Code": 38118, "ParcelID": "073022 000373", "ObjectId": 43}}, {"type": "Feature", "id": 44, "geometry": {"type": "Point", "coordinates": [-89.75877104, 35.1629774]}, "properties": {"ProjectNumber": 20200802, "CompanyName": "Aesthetic Management Partners", "CityCouncilDistrict": 2, "CountyCommissionDistrict": 5, "ProjectType": "Office/HQ", "PilotType": "Jobs", "PilotStatus": "Approved", "PilotTerm": "9", "ProjectedTaxesAbatedCity": " $-   ", "ProjectedTaxesAbatedCounty": "$261,355.00 ", "Approved_Date": null, "RampUpPeriod": 1, "ProjectedNewJobs": "35", "ProjectedAveragePayrollOfNewJobs": "$68,226.30 ", "TotalNewPayroll": "$2,387,920.50 ", "ProjectedRetainedJobs": "0", "ProjectedAveragePayrollOfRetainedJobs": " $-   ", "TotalRetainedPayroll": " $-   ", "TotalJobs": "35", "EmploymentDirect": "35", "EmploymentIndirect": "32", "WagesDirect": "$4,081,992.00 ", "WagesIndirect": "$1,801,184.00 ", "ProjectedCapitalInvestment": "$2,900,000.00 ", "RealPropertyInvestment": "$1,885,680.00 ", "PersonalPropertyInvestment": "$500,000.00 ", "CommunityReinvestmentCredit": " $-   ", "CapitalInvestmentNotInPilot": "$514,320.00 ", "ProjectedMWBE_LOSBSpending": "$39,203.00 ", "MWBE_LOSBSpendingConstruction": " $-   ", "MWBE_LOSBSpendingOperations": "$39,203.00 ", "TotalCapitalInvestment": "$2,900,000.00 ", "TotalIncentiveProvided": "$261,355.00 ", "TotalNewTaxRevenues": "$1,721,437.00 ", "BenefitCostRatio": 6.59, "Latitude": 35.1629774, "Longitude": -89.75877104, "Main_Address": "9113 Macon Road", "City": "Cordova", "State": "TN", "ZIP_Code": 38016, "ParcelID": "D0215 00466", "ObjectId": 44}}, {"type": "Feature", "id": 45, "geometry": {"type": "Point", "coordinates": [-89.9510271, 35.00192159]}, "properties": {"ProjectNumber": 20200801, "CompanyName": "Exel Inc. dba DHL Supply Chain 2", "CityCouncilDistrict": 3, "CountyCommissionDistrict": 11, "ProjectType": "Distribution", "PilotType": "Jobs", "PilotStatus": "Approved", "PilotTerm": "13", "ProjectedTaxesAbatedCity": "$8,716,211.00 ", "ProjectedTaxesAbatedCounty": "$11,045,306.00 ", "Approved_Date": null, "RampUpPeriod": 2, "ProjectedNewJobs": "255", "ProjectedAveragePayrollOfNewJobs": "$37,448.00 ", "TotalNewPayroll": "$9,549,240.00 ", "ProjectedRetainedJobs": "0", "ProjectedAveragePayrollOfRetainedJobs": " $-   ", "TotalRetainedPayroll": " $-   ", "TotalJobs": "255", "EmploymentDirect": "255", "EmploymentIndirect": "265", "WagesDirect": "$11,936,550.00 ", "WagesIndirect": "$14,916,055.00 ", "ProjectedCapitalInvestment": "$85,718,770.00 ", "RealPropertyInvestment": "$71,843,448.00 ", "PersonalPropertyInvestment": "$13,875,322.00 ", "CommunityReinvestmentCredit": " $-   ", "CapitalInvestmentNotInPilot": " $-   ", "ProjectedMWBE_LOSBSpending": "$19,487,911.00 ", "MWBE_LOSBSpendingConstruction": "$16,523,683.00 ", "MWBE_LOSBSpendingOperations": "$2,964,228.00 ", "TotalCapitalInvestment": "$85,718,770.00 ", "TotalIncentiveProvided": "$19,761,517.00 ", "TotalNewTaxRevenues": "$21,668,293.00 ", "BenefitCostRatio": 1.1, "Latitude": 35.00192159, "Longitude": -89.9510271, "Main_Address": "3300 TCHULATECH DR", "City": "Memphis", "State": "TN", "ZIP_Code": 38118, "ParcelID": "094100 00303", "ObjectId": 45}}, {"type": "Feature", "id": 46, "geometry": {"type": "Point", "coordinates": [-90.0034244, 35.2400005]}, "properties": {"ProjectNumber": 20200502, "CompanyName": "Ampro Industries, Inc.", "CityCouncilDistrict": 7, "CountyCommissionDistrict": 7, "ProjectType": "Manufacturing", "PilotType": "Jobs", "PilotStatus": "Approved", "PilotTerm": "6", "ProjectedTaxesAbatedCity": "$2,181,839.00 ", "ProjectedTaxesAbatedCounty": "$1,713,525.00 ", "Approved_Date": null, "RampUpPeriod": 2, "ProjectedNewJobs": "36", "ProjectedAveragePayrollOfNewJobs": "$32,170.00 ", "TotalNewPayroll": "$1,158,120.00 ", "ProjectedRetainedJobs": "0", "ProjectedAveragePayrollOfRetainedJobs": " $-   ", "TotalRetainedPayroll": " $-   ", "TotalJobs": "36", "EmploymentDirect": "36", "EmploymentIndirect": "47", "WagesDirect": "$1,447,650.00 ", "WagesIndirect": "$2,672,124.00 ", "ProjectedCapitalInvestment": "$39,000,000.00 ", "RealPropertyInvestment": "$19,000,000.00 ", "PersonalPropertyInvestment": "$20,000,000.00 ", "CommunityReinvestmentCredit": " $-   ", "CapitalInvestmentNotInPilot": " $-   ", "ProjectedMWBE_LOSBSpending": "$4,209,859.00 ", "MWBE_LOSBSpendingConstruction": "$3,750,000.00 ", "MWBE_LOSBSpendingOperations": "$459,859.00 ", "TotalCapitalInvestment": "$30,000,000.00 ", "TotalIncentiveProvided": "$3,065,725.00 ", "TotalNewTaxRevenues": "$2,312,813.00 ", "BenefitCostRatio": 0.75, "Latitude": 35.2400005, "Longitude": -90.0034244, "Main_Address": "4171 Steele Street", "City": "Memphis", "State": "TN", "ZIP_Code": 38127, "ParcelID": "071001 00072, 071001 00046", "ObjectId": 46}}, {"type": "Feature", "id": 47, "geometry": {"type": "Point", "coordinates": [-89.9749478, 35.1248341]}, "properties": {"ProjectNumber": 20200501, "CompanyName": "Central Lofts", "CityCouncilDistrict": 5, "CountyCommissionDistrict": 13, "ProjectType": "Residential", "PilotType": "Residential", "PilotStatus": "Approved", "PilotTerm": "15", "ProjectedTaxesAbatedCity": "$2,330,055.00 ", "ProjectedTaxesAbatedCounty": "$2,952,675.00 ", "Approved_Date": null, "RampUpPeriod": 2, "ProjectedNewJobs": "0", "ProjectedAveragePayrollOfNewJobs": " $-   ", "TotalNewPayroll": " $-   ", "ProjectedRetainedJobs": "0", "ProjectedAveragePayrollOfRetainedJobs": " $-   ", "TotalRetainedPayroll": " $-   ", "TotalJobs": "0", "EmploymentDirect": "0", "EmploymentIndirect": "0", "WagesDirect": " $-   ", "WagesIndirect": " $-   ", "ProjectedCapitalInvestment": "$20,049,255.00 ", "RealPropertyInvestment": "$17,097,250.00 ", "PersonalPropertyInvestment": " $-   ", "CommunityReinvestmentCredit": " $-   ", "CapitalInvestmentNotInPilot": "$2,952,005.00 ", "ProjectedMWBE_LOSBSpending": "$4,653,819.00 ", "MWBE_LOSBSpendingConstruction": "$4,050,313.00 ", "MWBE_LOSBSpendingOperations": "$603,506.00 ", "TotalCapitalInvestment": "$20,049,255.00 ", "TotalIncentiveProvided": "$5,282,730.00 ", "TotalNewTaxRevenues": "$2,972,317.00 ", "BenefitCostRatio": 0.56, "Latitude": 35.1248341, "Longitude": -89.9749478, "Main_Address": "2601 Central Avenue", "City": "Memphis", "State": "TN", "ZIP_Code": 38104, "ParcelID": "045017 00007", "ObjectId": 47}}, {"type": "Feature", "id": 48, "geometry": {"type": "Point", "coordinates": [-89.971814, 35.149846]}, "properties": {"ProjectNumber": 20200402, "CompanyName": "2615 Summer, LLC d/b/a Stone Solution", "CityCouncilDistrict": 5, "CountyCommissionDistrict": 7, "ProjectType": "Manufacturing", "PilotType": "Jobs", "PilotStatus": "Approved", "PilotTerm": "5", "ProjectedTaxesAbatedCity": "$57,931.00 ", "ProjectedTaxesAbatedCounty": "$73,411.00 ", "Approved_Date": null, "RampUpPeriod": 2, "ProjectedNewJobs": "15", "ProjectedAveragePayrollOfNewJobs": "$44,640.00 ", "TotalNewPayroll": "$669,600.00 ", "ProjectedRetainedJobs": "0", "ProjectedAveragePayrollOfRetainedJobs": " $-   ", "TotalRetainedPayroll": " $-   ", "TotalJobs": "15", "EmploymentDirect": "15", "EmploymentIndirect": "14", "WagesDirect": "$837,000.00 ", "WagesIndirect": "$788,018.00 ", "ProjectedCapitalInvestment": "$2,090,000.00 ", "RealPropertyInvestment": "$775,000.00 ", "PersonalPropertyInvestment": "$1,315,000.00 ", "CommunityReinvestmentCredit": " $-   ", "CapitalInvestmentNotInPilot": " $-   ", "ProjectedMWBE_LOSBSpending": "$69,701.00 ", "MWBE_LOSBSpendingConstruction": "$50,000.00 ", "MWBE_LOSBSpendingOperations": "$19,701.00 ", "TotalCapitalInvestment": "$2,090,000.00 ", "TotalIncentiveProvided": "$131,342.00 ", "TotalNewTaxRevenues": "$385,350.00 ", "BenefitCostRatio": 2.93, "Latitude": 35.149846, "Longitude": -89.971814, "Main_Address": "2615 Summer Avenue", "City": "Memphis", "State": "TN", "ZIP_Code": 38112, "ParcelID": "033042 00021", "ObjectId": 48}}, {"type": "Feature", "id": 49, "geometry": {"type": "Point", "coordinates": [-89.8571532, 34.9985447]}, "properties": {"ProjectNumber": 20200401, "CompanyName": "Exel Inc. dba DHL Supply Chain 1", "CityCouncilDistrict": 3, "CountyCommissionDistrict": 12, "ProjectType": "Distribution", "PilotType": "Expansion", "PilotStatus": "Approved", "PilotTerm": "7", "ProjectedTaxesAbatedCity": "$1,039,101.00 ", "ProjectedTaxesAbatedCounty": "$1,316,766.00 ", "Approved_Date": null, "RampUpPeriod": 2, "ProjectedNewJobs": "0", "ProjectedAveragePayrollOfNewJobs": " $-   ", "TotalNewPayroll": " $-   ", "ProjectedRetainedJobs": "105", "ProjectedAveragePayrollOfRetainedJobs": "$36,454.00 ", "TotalRetainedPayroll": "$3,827,670.00 ", "TotalJobs": "105", "EmploymentDirect": "105", "EmploymentIndirect": "119", "WagesDirect": "$4,784,588.00 ", "WagesIndirect": "$6,698,513.00 ", "ProjectedCapitalInvestment": "$20,757,228.00 ", "RealPropertyInvestment": "$4,500,000.00 ", "PersonalPropertyInvestment": "$7,854,553.00 ", "CommunityReinvestmentCredit": "$8,399,675.00 ", "CapitalInvestmentNotInPilot": " $-   ", "ProjectedMWBE_LOSBSpending": "$1,478,380.00 ", "MWBE_LOSBSpendingConstruction": "$1,125,000.00 ", "MWBE_LOSBSpendingOperations": "$353,380.00 ", "TotalCapitalInvestment": "$20,757,228.00 ", "TotalIncentiveProvided": "$2,355,867.00 ", "TotalNewTaxRevenues": "$4,230,109.00 ", "BenefitCostRatio": 1.8, "Latitude": 34.9985447, "Longitude": -89.8571532, "Main_Address": "6200 Global Drive", "City": "Memphis", "State": "TN", "ZIP_Code": 38141, "ParcelID": "094300 00601C", "ObjectId": 49}}, {"type": "Feature", "id": 50, "geometry": {"type": "Point", "coordinates": [-89.974332, 35.148529]}, "properties": {"ProjectNumber": 20200301, "CompanyName": "Link Apartments Broad Avenue", "CityCouncilDistrict": 5, "CountyCommissionDistrict": 7, "ProjectType": "Residential", "PilotType": "Residential", "PilotStatus": "Approved", "PilotTerm": "15", "ProjectedTaxesAbatedCity": "$7,766,250.00 ", "ProjectedTaxesAbatedCounty": "$9,841,500.00 ", "Approved_Date": null, "RampUpPeriod": 3, "ProjectedNewJobs": "0", "ProjectedAveragePayrollOfNewJobs": " $-   ", "TotalNewPayroll": " $-   ", "ProjectedRetainedJobs": "0", "ProjectedAveragePayrollOfRetainedJobs": " $-   ", "TotalRetainedPayroll": " $-   ", "TotalJobs": "0", "EmploymentDirect": "6", "EmploymentIndirect": "6", "WagesDirect": "$347,928.00 ", "WagesIndirect": "$347,928.00 ", "ProjectedCapitalInvestment": "$71,500,000.00 ", "RealPropertyInvestment": "$60,500,000.00 ", "PersonalPropertyInvestment": " $-   ", "CommunityReinvestmentCredit": " $-   ", "CapitalInvestmentNotInPilot": "$11,000,000.00 ", "ProjectedMWBE_LOSBSpending": "$14,770,315.00 ", "MWBE_LOSBSpendingConstruction": "$14,125,000.00 ", "MWBE_LOSBSpendingOperations": "$645,315.00 ", "TotalCapitalInvestment": "$71,500,000.00 ", "TotalIncentiveProvided": "$17,607,750.00 ", "TotalNewTaxRevenues": "$8,666,228.00 ", "BenefitCostRatio": 0.41, "Latitude": 35.148529, "Longitude": -89.974332, "Main_Address": "2542 Broad Avenue", "City": "Memphis", "State": "TN", "ZIP_Code": 38112, "ParcelID": "033020 00015", "ObjectId": 50}}, {"type": "Feature", "id": 51, "geometry": {"type": "Point", "coordinates": [-89.9648748, 35.0503177]}, "properties": {"ProjectNumber": 20200102, "CompanyName": "United Parcel Service 2020", "CityCouncilDistrict": 3, "CountyCommissionDistrict": 11, "ProjectType": "Distribution", "PilotType": "Jobs", "PilotStatus": "Approved", "PilotTerm": "15", "ProjectedTaxesAbatedCity": "$16,774,024.00 ", "ProjectedTaxesAbatedCounty": "$21,256,269.00 ", "Approved_Date": null, "RampUpPeriod": 2, "ProjectedNewJobs": "25", "ProjectedAveragePayrollOfNewJobs": "$47,840.00 ", "TotalNewPayroll": "$1,196,000.00 ", "ProjectedRetainedJobs": "0", "ProjectedAveragePayrollOfRetainedJobs": " $-   ", "TotalRetainedPayroll": " $-   ", "TotalJobs": "25", "EmploymentDirect": "25", "EmploymentIndirect": "28", "WagesDirect": "$1,495,000.00 ", "WagesIndirect": "$1,576,036.00 ", "ProjectedCapitalInvestment": "$216,600,000.00 ", "RealPropertyInvestment": "$81,600,000.00 ", "PersonalPropertyInvestment": "$135,000,000.00 ", "CommunityReinvestmentCredit": " $-   ", "CapitalInvestmentNotInPilot": " $-   ", "ProjectedMWBE_LOSBSpending": "$26,104,544.00 ", "MWBE_LOSBSpendingConstruction": "$20,400,000.00 ", "MWBE_LOSBSpendingOperations": "$5,704,544.00 ", "TotalCapitalInvestment": "$216,600,000.00 ", "TotalIncentiveProvided": "$38,030,293.00 ", "TotalNewTaxRevenues": "$17,569,327.00 ", "BenefitCostRatio": 0.46, "Latitude": 35.0503177, "Longitude": -89.9648748, "Main_Address": "3675 New Swinnea Road", "City": "Memphis", "State": "TN", "ZIP_Code": 38118, "ParcelID": "060186 00008C", "ObjectId": 51}}, {"type": "Feature", "id": 52, "geometry": {"type": "Point", "coordinates": [-89.8925974, 35.0335956]}, "properties": {"ProjectNumber": 20200101, "CompanyName": "Blues City Brewery, LLC 2", "CityCouncilDistrict": 3, "CountyCommissionDistrict": 11, "ProjectType": "Distribution", "PilotType": "Jobs", "PilotStatus": "Terminated", "PilotTerm": "12", "ProjectedTaxesAbatedCity": "$1,617,320.00 ", "ProjectedTaxesAbatedCounty": "$2,049,490.00 ", "Approved_Date": null, "RampUpPeriod": 2, "ProjectedNewJobs": "155", "ProjectedAveragePayrollOfNewJobs": "$56,609.00 ", "TotalNewPayroll": "$8,774,395.00 ", "ProjectedRetainedJobs": "0", "ProjectedAveragePayrollOfRetainedJobs": " $-   ", "TotalRetainedPayroll": " $-   ", "TotalJobs": "155", "EmploymentDirect": "155", "EmploymentIndirect": "101", "WagesDirect": "$10,967,994.00 ", "WagesIndirect": "$5,684,987.00 ", "ProjectedCapitalInvestment": "$49,000,000.00 ", "RealPropertyInvestment": " $-   ", "PersonalPropertyInvestment": "$49,000,000.00 ", "CommunityReinvestmentCredit": " $-   ", "CapitalInvestmentNotInPilot": " $-   ", "ProjectedMWBE_LOSBSpending": "$183,341.00 ", "MWBE_LOSBSpendingConstruction": " $-   ", "MWBE_LOSBSpendingOperations": "$183,341.00 ", "TotalCapitalInvestment": "$49,000,000.00 ", "TotalIncentiveProvided": "$3,666,810.00 ", "TotalNewTaxRevenues": "$10,099,286.00 ", "BenefitCostRatio": 2.75, "Latitude": 35.0335956, "Longitude": -89.8925974, "Main_Address": "5151 East Raines Road", "City": "Memphis", "State": "TN", "ZIP_Code": 38118, "ParcelID": "093400 00628", "ObjectId": 52}}, {"type": "Feature", "id": 53, "geometry": {"type": "Point", "coordinates": [-89.949259, 35.1742997]}, "properties": {"ProjectNumber": 20191202, "CompanyName": "Penn A Kem LLC", "CityCouncilDistrict": 7, "CountyCommissionDistrict": 7, "ProjectType": "Manufacturing", "PilotType": "Jobs", "PilotStatus": "Approved", "PilotTerm": "12", "ProjectedTaxesAbatedCity": "$1,034,562.00 ", "ProjectedTaxesAbatedCounty": "$1,311,045.00 ", "Approved_Date": null, "RampUpPeriod": 2, "ProjectedNewJobs": "28", "ProjectedAveragePayrollOfNewJobs": "$73,740.00 ", "TotalNewPayroll": "$2,064,720.00 ", "ProjectedRetainedJobs": "0", "ProjectedAveragePayrollOfRetainedJobs": " $-   ", "TotalRetainedPayroll": " $-   ", "TotalJobs": "28", "EmploymentDirect": "28", "EmploymentIndirect": "64", "WagesDirect": "$2,580,900.00 ", "WagesIndirect": "$3,602,368.00 ", "ProjectedCapitalInvestment": "$31,345,000.00 ", "RealPropertyInvestment": " $-   ", "PersonalPropertyInvestment": "$31,345,000.00 ", "CommunityReinvestmentCredit": " $-   ", "CapitalInvestmentNotInPilot": " $-   ", "ProjectedMWBE_LOSBSpending": "$117,280.00 ", "MWBE_LOSBSpendingConstruction": " $-   ", "MWBE_LOSBSpendingOperations": "$117,280.00 ", "TotalCapitalInvestment": "$31,345,000.00 ", "TotalIncentiveProvided": "$2,867,307.00 ", "TotalNewTaxRevenues": "$3,028,272.00 ", "BenefitCostRatio": 1.29, "Latitude": 35.1742997, "Longitude": -89.949259, "Main_Address": "3324 Chelsea Avenue", "City": "Memphis", "State": "TN", "ZIP_Code": 38108, "ParcelID": "043047 00014", "ObjectId": 53}}, {"type": "Feature", "id": 54, "geometry": {"type": "Point", "coordinates": [-90.0970204, 35.0723278]}, "properties": {"ProjectNumber": 20191201, "CompanyName": "Hyosung Heavy Industries Corporation", "CityCouncilDistrict": 6, "CountyCommissionDistrict": 9, "ProjectType": "Manufacturing", "PilotType": "Jobs", "PilotStatus": "Approved", "PilotTerm": "11", "ProjectedTaxesAbatedCity": "$4,567,553.00 ", "ProjectedTaxesAbatedCounty": "$5,788,232.00 ", "Approved_Date": null, "RampUpPeriod": 2, "ProjectedNewJobs": "131", "ProjectedAveragePayrollOfNewJobs": "$51,475.00 ", "TotalNewPayroll": "$6,743,225.00 ", "ProjectedRetainedJobs": "0", "ProjectedAveragePayrollOfRetainedJobs": " $-   ", "TotalRetainedPayroll": " $-   ", "TotalJobs": "131", "EmploymentDirect": "131", "EmploymentIndirect": "115", "WagesDirect": "$8,429,031.00 ", "WagesIndirect": "$6,473,005.00 ", "ProjectedCapitalInvestment": "$102,972,646.00 ", "RealPropertyInvestment": "$36,190,247.00 ", "PersonalPropertyInvestment": "$29,803,243.00 ", "CommunityReinvestmentCredit": " $-   ", "CapitalInvestmentNotInPilot": "$36,979,156.00 ", "ProjectedMWBE_LOSBSpending": "$4,350,929.00 ", "MWBE_LOSBSpendingConstruction": "$2,797,561.00 ", "MWBE_LOSBSpendingOperations": "$1,553,368.00 ", "TotalCapitalInvestment": "$102,972,646.00 ", "TotalIncentiveProvided": "$10,355,785.00 ", "TotalNewTaxRevenues": "$9,453,993.00 ", "BenefitCostRatio": 0.91, "Latitude": 35.0723278, "Longitude": -90.0970204, "Main_Address": "2865 Riverport Road", "City": "Memphis", "State": "TN", "ZIP_Code": 38109, "ParcelID": "050118 00055, 050118 00038", "ObjectId": 54}}, {"type": "Feature", "id": 55, "geometry": {"type": "Point", "coordinates": [-89.939464, 35.028239]}, "properties": {"ProjectNumber": 20191110, "CompanyName": "The Pallet Factory Inc.", "CityCouncilDistrict": 3, "CountyCommissionDistrict": 11, "ProjectType": "Manufacturing", "PilotType": "Jobs", "PilotStatus": "Approved", "PilotTerm": "7", "ProjectedTaxesAbatedCity": "$281,367.00 ", "ProjectedTaxesAbatedCounty": "$356,559.00 ", "Approved_Date": null, "RampUpPeriod": 2, "ProjectedNewJobs": "23", "ProjectedAveragePayrollOfNewJobs": "$55,767.00 ", "TotalNewPayroll": "$1,282,641.00 ", "ProjectedRetainedJobs": "0", "ProjectedAveragePayrollOfRetainedJobs": " $-   ", "TotalRetainedPayroll": " $-   ", "TotalJobs": "23", "EmploymentDirect": "23", "EmploymentIndirect": "23", "WagesDirect": "$1,603,301.00 ", "WagesIndirect": "$1,294,601.00 ", "ProjectedCapitalInvestment": "$5,300,000.00 ", "RealPropertyInvestment": "$3,500,000.00 ", "PersonalPropertyInvestment": "$1,800,000.00 ", "CommunityReinvestmentCredit": " $-   ", "CapitalInvestmentNotInPilot": " $-   ", "ProjectedMWBE_LOSBSpending": "$970,689.00 ", "MWBE_LOSBSpendingConstruction": "$875,000.00 ", "MWBE_LOSBSpendingOperations": "$95,689.00 ", "TotalCapitalInvestment": "$5,300,000.00 ", "TotalIncentiveProvided": "$637,926.00 ", "TotalNewTaxRevenues": "$952,320.00 ", "BenefitCostRatio": 1.49, "Latitude": 35.028239, "Longitude": -89.939464, "Main_Address": "3740 Arnold Road", "City": "Memphis", "State": "TN", "ZIP_Code": 38118, "ParcelID": "073092 00066C", "ObjectId": 55}}, {"type": "Feature", "id": 56, "geometry": {"type": "Point", "coordinates": [-89.8082037, 35.1406769]}, "properties": {"ProjectNumber": 20191109, "CompanyName": "Arlington Memphis, LLC dba Velo at Shelby Farms", "CityCouncilDistrict": 2, "CountyCommissionDistrict": 5, "ProjectType": "Neighborhood Project", "PilotType": "Sewer Capacity", "PilotStatus": "Approved", "PilotTerm": "2", "ProjectedTaxesAbatedCity": "$594,438.00 ", "ProjectedTaxesAbatedCounty": " $-   ", "Approved_Date": null, "RampUpPeriod": 2, "ProjectedNewJobs": "0", "ProjectedAveragePayrollOfNewJobs": " $-   ", "TotalNewPayroll": " $-   ", "ProjectedRetainedJobs": "0", "ProjectedAveragePayrollOfRetainedJobs": " $-   ", "TotalRetainedPayroll": " $-   ", "TotalJobs": "0", "EmploymentDirect": "0", "EmploymentIndirect": "0", "WagesDirect": " $-   ", "WagesIndirect": " $-   ", "ProjectedCapitalInvestment": "$37,650,000.00 ", "RealPropertyInvestment": "$32,150,000.00 ", "PersonalPropertyInvestment": " $-   ", "CommunityReinvestmentCredit": " $-   ", "CapitalInvestmentNotInPilot": "$5,500,000.00 ", "ProjectedMWBE_LOSBSpending": "$248,600.00 ", "MWBE_LOSBSpendingConstruction": "$248,600.00 ", "MWBE_LOSBSpendingOperations": " $-   ", "TotalCapitalInvestment": "$37,650,000.00 ", "TotalIncentiveProvided": "$594,438.00 ", "TotalNewTaxRevenues": "$1,665,988.00 ", "BenefitCostRatio": 2.8, "Latitude": 35.1406769, "Longitude": -89.8082037, "Main_Address": "7620 Raleigh Lagrange Road", "City": "Memphis", "State": "TN", "ZIP_Code": 38018, "ParcelID": "091029 00015", "ObjectId": 56}}, {"type": "Feature", "id": 57, "geometry": {"type": "Point", "coordinates": [-89.9881962, 35.1057116]}, "properties": {"ProjectNumber": 20191107, "CompanyName": "Stepherson Incorporated, dba Superlo Foods", "CityCouncilDistrict": 4, "CountyCommissionDistrict": 10, "ProjectType": "Retail", "PilotType": "Community Builder", "PilotStatus": "Approved", "PilotTerm": "15", "ProjectedTaxesAbatedCity": "$66,480.00 ", "ProjectedTaxesAbatedCounty": "$84,240.00 ", "Approved_Date": null, "RampUpPeriod": 5, "ProjectedNewJobs": "68", "ProjectedAveragePayrollOfNewJobs": "$35,513.00 ", "TotalNewPayroll": "$2,414,884.00 ", "ProjectedRetainedJobs": "0", "ProjectedAveragePayrollOfRetainedJobs": " $-   ", "TotalRetainedPayroll": " $-   ", "TotalJobs": "68", "EmploymentDirect": "68", "EmploymentIndirect": "27", "WagesDirect": "$1,866,075.00 ", "WagesIndirect": "$1,542,537.00 ", "ProjectedCapitalInvestment": "$1,065,000.00 ", "RealPropertyInvestment": "$315,000.00 ", "PersonalPropertyInvestment": " $-   ", "CommunityReinvestmentCredit": "$750,000.00 ", "CapitalInvestmentNotInPilot": "$335,955.00 ", "ProjectedMWBE_LOSBSpending": "$101,358.00 ", "MWBE_LOSBSpendingConstruction": "$78,750.00 ", "MWBE_LOSBSpendingOperations": "$22,608.00 ", "TotalCapitalInvestment": "$1,400,955.00 ", "TotalIncentiveProvided": "$150,720.00 ", "TotalNewTaxRevenues": "$3,194,427.00 ", "BenefitCostRatio": 21.19, "Latitude": 35.1057116, "Longitude": -89.9881962, "Main_Address": "2269 Lamar", "City": "Memphis", "State": "TN", "ZIP_Code": 38114, "ParcelID": "047020 00131", "ObjectId": 57}}, {"type": "Feature", "id": 58, "geometry": {"type": "Point", "coordinates": [-89.88895763, 35.00150585]}, "properties": {"ProjectNumber": 20191106, "CompanyName": "LeSaint Logistics", "CityCouncilDistrict": 3, "CountyCommissionDistrict": 11, "ProjectType": "Office/HQ", "PilotType": "Fast Track", "PilotStatus": "Approved", "PilotTerm": "10", "ProjectedTaxesAbatedCity": "$4,321,199.00 ", "ProjectedTaxesAbatedCounty": "$5,478,633.00 ", "Approved_Date": null, "RampUpPeriod": 2, "ProjectedNewJobs": "71", "ProjectedAveragePayrollOfNewJobs": "$37,620.00 ", "TotalNewPayroll": "$2,671,020.00 ", "ProjectedRetainedJobs": "0", "ProjectedAveragePayrollOfRetainedJobs": " $-   ", "TotalRetainedPayroll": " - ", "TotalJobs": "71", "EmploymentDirect": "71", "EmploymentIndirect": "81", "WagesDirect": "$3,338,775.00 ", "WagesIndirect": "$4,627,611.00 ", "ProjectedCapitalInvestment": "$48,208,952.00 ", "RealPropertyInvestment": "$6,198,600.00 ", "PersonalPropertyInvestment": "$4,576,952.00 ", "CommunityReinvestmentCredit": "$37,433,400.00 ", "CapitalInvestmentNotInPilot": " $-   ", "ProjectedMWBE_LOSBSpending": "$2,587,017.00 ", "MWBE_LOSBSpendingConstruction": "$1,549,650.00 ", "MWBE_LOSBSpendingOperations": "$1,037,367.00 ", "TotalCapitalInvestment": "$48,208,952.00 ", "TotalIncentiveProvided": "$6,235,275.00 ", "TotalNewTaxRevenues": "$9,799,832.00 ", "BenefitCostRatio": 1.57, "Latitude": 35.00150585, "Longitude": -89.88895763, "Main_Address": "5461 Davidson Road.", "City": "Memphis", "State": "TN", "ZIP_Code": 38118, "ParcelID": "094200 00446", "ObjectId": 58}}, {"type": "Feature", "id": 59, "geometry": {"type": "Point", "coordinates": [-89.8623471, 35.1045496]}, "properties": {"ProjectNumber": 20191005, "CompanyName": "Raymond James and Associates, Inc.", "CityCouncilDistrict": 2, "CountyCommissionDistrict": 4, "ProjectType": "Office/HQ", "PilotType": "Jobs", "PilotStatus": "Approved", "PilotTerm": "8", "ProjectedTaxesAbatedCity": "$1,426,570.00 ", "ProjectedTaxesAbatedCounty": "$1,811,840.00 ", "Approved_Date": null, "RampUpPeriod": 2, "ProjectedNewJobs": "100", "ProjectedAveragePayrollOfNewJobs": "$63,970.00 ", "TotalNewPayroll": "$6,397,000.00 ", "ProjectedRetainedJobs": "0", "ProjectedAveragePayrollOfRetainedJobs": " $-   ", "TotalRetainedPayroll": " $-   ", "TotalJobs": "100", "EmploymentDirect": "100", "EmploymentIndirect": "285", "WagesDirect": "$7,996,250.00 ", "WagesIndirect": "$16,041,795.00 ", "ProjectedCapitalInvestment": "$23,608,000.00 ", "RealPropertyInvestment": "$15,839,000.00 ", "PersonalPropertyInvestment": "$7,769,000.00 ", "CommunityReinvestmentCredit": " $-   ", "CapitalInvestmentNotInPilot": " $-   ", "ProjectedMWBE_LOSBSpending": "$4,445,516.00 ", "MWBE_LOSBSpendingConstruction": "$3,959,750.00 ", "MWBE_LOSBSpendingOperations": "$485,766.00 ", "TotalCapitalInvestment": "$23,608,000.00 ", "TotalIncentiveProvided": "$3,328,440.00 ", "TotalNewTaxRevenues": "$5,839,804.00 ", "BenefitCostRatio": 1.8, "Latitude": 35.1045496, "Longitude": -89.8623471, "Main_Address": "1100 Ridgeway Loop", "City": "Memphis", "State": "TN", "ZIP_Code": 38120, "ParcelID": "080024 00011C, 080023 J00001", "ObjectId": 59}}, {"type": "Feature", "id": 60, "geometry": {"type": "Point", "coordinates": [-90.0489801, 35.1495343]}, "properties": {"ProjectNumber": 20190802, "CompanyName": "NBC Universal - Bluff City Law", "CityCouncilDistrict": 6, "CountyCommissionDistrict": 8, "ProjectType": "Office/HQ", "PilotType": "Jobs", "PilotStatus": "Terminated", "PilotTerm": "4", "ProjectedTaxesAbatedCity": "$613,439.00 ", "ProjectedTaxesAbatedCounty": "$790,312.00 ", "Approved_Date": null, "RampUpPeriod": 1, "ProjectedNewJobs": "366", "ProjectedAveragePayrollOfNewJobs": "$62,213.00 ", "TotalNewPayroll": "$22,769,958.00 ", "ProjectedRetainedJobs": "0", "ProjectedAveragePayrollOfRetainedJobs": " $-   ", "TotalRetainedPayroll": " $-   ", "TotalJobs": "366", "EmploymentDirect": "61", "EmploymentIndirect": "55", "WagesDirect": "$3,795,000.00 ", "WagesIndirect": "$3,142,205.00 ", "ProjectedCapitalInvestment": "$41,000,000.00 ", "RealPropertyInvestment": " $-   ", "PersonalPropertyInvestment": " $-   ", "CommunityReinvestmentCredit": " $-   ", "CapitalInvestmentNotInPilot": " $-   ", "ProjectedMWBE_LOSBSpending": " $-   ", "MWBE_LOSBSpendingConstruction": " $-   ", "MWBE_LOSBSpendingOperations": " $-   ", "TotalCapitalInvestment": "$41,000,000.00 ", "TotalIncentiveProvided": "$1,403,743.00 ", "TotalNewTaxRevenues": "$26,532,163.00 ", "BenefitCostRatio": 18.9, "Latitude": 35.1495343, "Longitude": -90.0489801, "Main_Address": null, "City": "Memphis", "State": "TN", "ZIP_Code": 38103, "ParcelID": "TTP 000455, P015730, P058000, P058001, P071695, P243804", "ObjectId": 60}}, {"type": "Feature", "id": 61, "geometry": {"type": "Point", "coordinates": [-89.9320385, 35.0047176]}, "properties": {"ProjectNumber": 20190801, "CompanyName": "Cherry Tree International Corp.", "CityCouncilDistrict": 3, "CountyCommissionDistrict": 11, "ProjectType": "Distribution", "PilotType": "Fast Track", "PilotStatus": "Approved", "PilotTerm": "10", "ProjectedTaxesAbatedCity": "$746,422.00 ", "ProjectedTaxesAbatedCounty": "$961,638.00 ", "Approved_Date": null, "RampUpPeriod": 2, "ProjectedNewJobs": "25", "ProjectedAveragePayrollOfNewJobs": "$28,877.00 ", "TotalNewPayroll": "$721,925.00 ", "ProjectedRetainedJobs": "0", "ProjectedAveragePayrollOfRetainedJobs": " $-   ", "TotalRetainedPayroll": " $-   ", "TotalJobs": "25", "EmploymentDirect": "25", "EmploymentIndirect": "25", "WagesDirect": "$872,500.00 ", "WagesIndirect": "$1,428,275.00 ", "ProjectedCapitalInvestment": "$9,246,163.00 ", "RealPropertyInvestment": "$220,000.00 ", "PersonalPropertyInvestment": " $-   ", "CommunityReinvestmentCredit": "$8,126,163.00 ", "CapitalInvestmentNotInPilot": "$900,000.00 ", "ProjectedMWBE_LOSBSpending": "$311,209.00 ", "MWBE_LOSBSpendingConstruction": "$55,000.00 ", "MWBE_LOSBSpendingOperations": "$256,209.00 ", "TotalCapitalInvestment": "$9,246,163.00 ", "TotalIncentiveProvided": "$1,708,060.00 ", "TotalNewTaxRevenues": "$241,902.00 ", "BenefitCostRatio": 0.89, "Latitude": 35.0047176, "Longitude": -89.9320385, "Main_Address": "3955 East Holmes Road", "City": "Memphis", "State": "TN", "ZIP_Code": 38118, "ParcelID": "094100 00153, 09410 000155", "ObjectId": 61}}, {"type": "Feature", "id": 62, "geometry": {"type": "Point", "coordinates": [-89.876828, 35.1051726]}, "properties": {"ProjectNumber": 20190801, "CompanyName": "Renasant Bank", "CityCouncilDistrict": 2, "CountyCommissionDistrict": 4, "ProjectType": "Office/HQ", "PilotType": "Jobs", "PilotStatus": "Approved", "PilotTerm": "9", "ProjectedTaxesAbatedCity": "$756,745.00 ", "ProjectedTaxesAbatedCounty": "$958,841.00 ", "Approved_Date": null, "RampUpPeriod": 2, "ProjectedNewJobs": "15", "ProjectedAveragePayrollOfNewJobs": "$93,333.00 ", "TotalNewPayroll": "$1,399,995.00 ", "ProjectedRetainedJobs": "0", "ProjectedAveragePayrollOfRetainedJobs": " $-   ", "TotalRetainedPayroll": " $-   ", "TotalJobs": "15", "EmploymentDirect": "15", "EmploymentIndirect": "17", "WagesDirect": "$1,749,994.00 ", "WagesIndirect": "$956,879.00 ", "ProjectedCapitalInvestment": "$15,830,300.00 ", "RealPropertyInvestment": "$9,686,866.00 ", "PersonalPropertyInvestment": "$1,300,000.00 ", "CommunityReinvestmentCredit": " $-   ", "CapitalInvestmentNotInPilot": "$4,843,434.00 ", "ProjectedMWBE_LOSBSpending": "$3,382,338.00 ", "MWBE_LOSBSpendingConstruction": "$3,125,000.00 ", "MWBE_LOSBSpendingOperations": "$257,338.00 ", "TotalCapitalInvestment": "$15,830,300.00 ", "TotalIncentiveProvided": "$1,715,586.00 ", "TotalNewTaxRevenues": "$1,376,997.00 ", "BenefitCostRatio": 0.8, "Latitude": 35.1051726, "Longitude": -89.876828, "Main_Address": "5575 Poplar Avenue", "City": "Memphis", "State": "TN", "ZIP_Code": 38119, "ParcelID": "056060 00001C", "ObjectId": 62}}, {"type": "Feature", "id": 63, "geometry": {"type": "Point", "coordinates": [-89.921453, 35.034516]}, "properties": {"ProjectNumber": 20190704, "CompanyName": "FR8 Zone Inc.", "CityCouncilDistrict": 3, "CountyCommissionDistrict": 11, "ProjectType": "Distribution", "PilotType": "Fast Track", "PilotStatus": "Approved", "PilotTerm": "10", "ProjectedTaxesAbatedCity": "$894,141.00 ", "ProjectedTaxesAbatedCounty": "$1,151,948.00 ", "Approved_Date": null, "RampUpPeriod": 2, "ProjectedNewJobs": "32", "ProjectedAveragePayrollOfNewJobs": "$32,805.00 ", "TotalNewPayroll": "$1,049,760.00 ", "ProjectedRetainedJobs": "0", "ProjectedAveragePayrollOfRetainedJobs": " $-   ", "TotalRetainedPayroll": " $-   ", "TotalJobs": "32", "EmploymentDirect": "32", "EmploymentIndirect": "44", "WagesDirect": "$1,312,200.00 ", "WagesIndirect": "$2,373,008.00 ", "ProjectedCapitalInvestment": "$10,700,000.00 ", "RealPropertyInvestment": "$9,800,000.00 ", "PersonalPropertyInvestment": "$900,000.00 ", "CommunityReinvestmentCredit": "$11,550,000.00 ", "CapitalInvestmentNotInPilot": "$850,000.00 ", "ProjectedMWBE_LOSBSpending": "$1,306,913.00 ", "MWBE_LOSBSpendingConstruction": "$1,000,000.00 ", "MWBE_LOSBSpendingOperations": "$306,913.00 ", "TotalCapitalInvestment": "$11,550,000.00 ", "TotalIncentiveProvided": "$2,046,088.00 ", "TotalNewTaxRevenues": "$1,972,854.00 ", "BenefitCostRatio": 0.96, "Latitude": 35.034516, "Longitude": -89.921453, "Main_Address": "4173 BF Goodrich", "City": "Memphis", "State": "TN", "ZIP_Code": 38118, "ParcelID": "073097 00038C", "ObjectId": 63}}, {"type": "Feature", "id": 64, "geometry": {"type": "Point", "coordinates": [-89.9476176, 35.1153054]}, "properties": {"ProjectNumber": 20190703, "CompanyName": "The Grove Studios", "CityCouncilDistrict": 5, "CountyCommissionDistrict": 13, "ProjectType": "Neighborhood Project", "PilotType": "Residential", "PilotStatus": "Approved", "PilotTerm": "10", "ProjectedTaxesAbatedCity": "$336,780.00 ", "ProjectedTaxesAbatedCounty": "$422,590.00 ", "Approved_Date": null, "RampUpPeriod": 2, "ProjectedNewJobs": "3", "ProjectedAveragePayrollOfNewJobs": "$71,557.00 ", "TotalNewPayroll": "$214,671.00 ", "ProjectedRetainedJobs": "0", "ProjectedAveragePayrollOfRetainedJobs": " $-   ", "TotalRetainedPayroll": " $-   ", "TotalJobs": "3", "EmploymentDirect": "3", "EmploymentIndirect": "0", "WagesDirect": "$214,671.00 ", "WagesIndirect": " $-   ", "ProjectedCapitalInvestment": "$4,880,000.00 ", "RealPropertyInvestment": "$4,443,300.00 ", "PersonalPropertyInvestment": " $-   ", "CommunityReinvestmentCredit": " $-   ", "CapitalInvestmentNotInPilot": "$436,700.00 ", "ProjectedMWBE_LOSBSpending": "$1,132,680.00 ", "MWBE_LOSBSpendingConstruction": "$1,038,825.00 ", "MWBE_LOSBSpendingOperations": "$93,855.00 ", "TotalCapitalInvestment": "$4,880,000.00 ", "TotalIncentiveProvided": "$423,630.00 ", "TotalNewTaxRevenues": "$435,629.00 ", "BenefitCostRatio": 0.57, "Latitude": 35.1153054, "Longitude": -89.9476176, "Main_Address": "3440 Southern Avenue", "City": "Memphis", "State": "TN", "ZIP_Code": 38111, "ParcelID": "045121 00019, 045121 00020", "ObjectId": 64}}, {"type": "Feature", "id": 65, "geometry": {"type": "Point", "coordinates": [-89.9467599, 35.113397]}, "properties": {"ProjectNumber": 20190702, "CompanyName": "The Grove Townhouses", "CityCouncilDistrict": 5, "CountyCommissionDistrict": 13, "ProjectType": "Neighborhood Project", "PilotType": "Residential", "PilotStatus": "Approved", "PilotTerm": "10", "ProjectedTaxesAbatedCity": "$333,518.00 ", "ProjectedTaxesAbatedCounty": "$429,682.00 ", "Approved_Date": null, "RampUpPeriod": 2, "ProjectedNewJobs": "0", "ProjectedAveragePayrollOfNewJobs": " $-   ", "TotalNewPayroll": " $-   ", "ProjectedRetainedJobs": "0", "ProjectedAveragePayrollOfRetainedJobs": "$48,373.00 ", "TotalRetainedPayroll": " $-   ", "TotalJobs": "5", "EmploymentDirect": "5", "EmploymentIndirect": "0", "WagesDirect": "$241,865.00 ", "WagesIndirect": " $-   ", "ProjectedCapitalInvestment": "$4,565,520.00 ", "RealPropertyInvestment": "$4,235,961.00 ", "PersonalPropertyInvestment": " $-   ", "CommunityReinvestmentCredit": " $-   ", "CapitalInvestmentNotInPilot": "$329,559.00 ", "ProjectedMWBE_LOSBSpending": "$1,300,240.00 ", "MWBE_LOSBSpendingConstruction": "$877,740.00 ", "MWBE_LOSBSpendingOperations": "$422,500.00 ", "TotalCapitalInvestment": "$4,565,520.00 ", "TotalIncentiveProvided": "$763,200.00 ", "TotalNewTaxRevenues": "$431,431.00 ", "BenefitCostRatio": 0.57, "Latitude": 35.113397, "Longitude": -89.9467599, "Main_Address": "3468 Spottswood Avenue", "City": "Memphis", "State": "TN", "ZIP_Code": 38111, "ParcelID": "045119 00014, 045119 00018, 045119 00019", "ObjectId": 65}}, {"type": "Feature", "id": 66, "geometry": {"type": "Point", "coordinates": [-89.98756641, 34.99646705]}, "properties": {"ProjectNumber": 20190701, "CompanyName": "Patterson Warehouse, Inc.", "CityCouncilDistrict": 3, "CountyCommissionDistrict": 11, "ProjectType": "Distribution", "PilotType": "Jobs", "PilotStatus": "Approved", "PilotTerm": "6", "ProjectedTaxesAbatedCity": "$1,640,410.00 ", "ProjectedTaxesAbatedCounty": "$2,113,388.00 ", "Approved_Date": null, "RampUpPeriod": 2, "ProjectedNewJobs": "41", "ProjectedAveragePayrollOfNewJobs": "$37,617.00 ", "TotalNewPayroll": "$1,542,297.00 ", "ProjectedRetainedJobs": "0", "ProjectedAveragePayrollOfRetainedJobs": " $-   ", "TotalRetainedPayroll": " $-   ", "TotalJobs": "41", "EmploymentDirect": "41", "EmploymentIndirect": "41", "WagesDirect": "$1,927,871.00 ", "WagesIndirect": "$2,211,212.00 ", "ProjectedCapitalInvestment": "$30,209,700.00 ", "RealPropertyInvestment": "$28,000,000.00 ", "PersonalPropertyInvestment": "$1,600,000.00 ", "CommunityReinvestmentCredit": "$609,700.00 ", "CapitalInvestmentNotInPilot": " $-   ", "ProjectedMWBE_LOSBSpending": "$7,563,070.00 ", "MWBE_LOSBSpendingConstruction": "$7,000,000.00 ", "MWBE_LOSBSpendingOperations": "$663,070.00 ", "TotalCapitalInvestment": "$30,209,700.00 ", "TotalIncentiveProvided": "$3,753,798.00 ", "TotalNewTaxRevenues": "$2,492,295.00 ", "BenefitCostRatio": 0.66, "Latitude": 34.99646705, "Longitude": -89.98756641, "Main_Address": "5568 Airways Blvd", "City": "Memphis", "State": "TN", "ZIP_Code": 38116, "ParcelID": "094400 00101, 094400 00111, 094400 00112, 094400 00113, 094400 00137, 094400 00153", "ObjectId": 66}}, {"type": "Feature", "id": 67, "geometry": {"type": "Point", "coordinates": [-90.05472, 35.14272]}, "properties": {"ProjectNumber": 20190601, "CompanyName": "AutoZone Parts Inc.", "CityCouncilDistrict": 7, "CountyCommissionDistrict": 8, "ProjectType": "Office/HQ", "PilotType": "Jobs", "PilotStatus": "Approved", "PilotTerm": "15", "ProjectedTaxesAbatedCity": "$5,789,738.00 ", "ProjectedTaxesAbatedCounty": "$7,337,044.00 ", "Approved_Date": null, "RampUpPeriod": 5, "ProjectedNewJobs": "130", "ProjectedAveragePayrollOfNewJobs": "$80,439.00 ", "TotalNewPayroll": "$10,457,070.00 ", "ProjectedRetainedJobs": "0", "ProjectedAveragePayrollOfRetainedJobs": " $-   ", "TotalRetainedPayroll": " $-   ", "TotalJobs": "130", "EmploymentDirect": "130", "EmploymentIndirect": "130", "WagesDirect": "$13,071,338.00 ", "WagesIndirect": "$20,388,648.00 ", "ProjectedCapitalInvestment": "$45,056,014.00 ", "RealPropertyInvestment": "$9,004,500.00 ", "PersonalPropertyInvestment": "$33,134,714.00 ", "CommunityReinvestmentCredit": "$2,916,800.00 ", "CapitalInvestmentNotInPilot": " $-   ", "ProjectedMWBE_LOSBSpending": "$3,278,874.00 ", "MWBE_LOSBSpendingConstruction": "$2,251,125.00 ", "MWBE_LOSBSpendingOperations": "$1,023,834.00 ", "TotalCapitalInvestment": "$45,056,014.00 ", "TotalIncentiveProvided": "$11,279,798.00 ", "TotalNewTaxRevenues": "$14,052,261.00 ", "BenefitCostRatio": 1.24, "Latitude": 35.14272, "Longitude": -90.05472, "Main_Address": "100 South Front Street", "City": "Memphis", "State": "TN", "ZIP_Code": 38103, "ParcelID": "002042 00021, 002042 0020, 002042 0019, 002044 00004C", "ObjectId": 67}}, {"type": "Feature", "id": 68, "geometry": {"type": "Point", "coordinates": [-90.04403, 35.0536065]}, "properties": {"ProjectNumber": 20190501, "CompanyName": "Pandrol USA", "CityCouncilDistrict": 6, "CountyCommissionDistrict": 9, "ProjectType": "Manufacturing", "PilotType": "Community Builder", "PilotStatus": "Approved", "PilotTerm": "15", "ProjectedTaxesAbatedCity": "$855,225.00 ", "ProjectedTaxesAbatedCounty": "$1,257,906.00 ", "Approved_Date": null, "RampUpPeriod": 2, "ProjectedNewJobs": "82", "ProjectedAveragePayrollOfNewJobs": "$59,068.00 ", "TotalNewPayroll": "$4,843,576.00 ", "ProjectedRetainedJobs": "0", "ProjectedAveragePayrollOfRetainedJobs": " $-   ", "TotalRetainedPayroll": " $-   ", "TotalJobs": "82", "EmploymentDirect": "82", "EmploymentIndirect": "106", "WagesDirect": "$6,296,649.00 ", "WagesIndirect": "$5,802,546.00 ", "ProjectedCapitalInvestment": "$12,891,200.00 ", "RealPropertyInvestment": "$5,050,000.00 ", "PersonalPropertyInvestment": "$6,800,000.00 ", "CommunityReinvestmentCredit": "$1,041,200.00 ", "CapitalInvestmentNotInPilot": " $-   ", "ProjectedMWBE_LOSBSpending": "$1,613,285.00 ", "MWBE_LOSBSpendingConstruction": "$1,262,500.00 ", "MWBE_LOSBSpendingOperations": "$350,785.00 ", "TotalCapitalInvestment": "$12,891,200.00 ", "TotalIncentiveProvided": "$2,338,569.00 ", "TotalNewTaxRevenues": "$6,185,604.00 ", "BenefitCostRatio": 2.65, "Latitude": 35.0536065, "Longitude": -90.04403, "Main_Address": "611 Winchester Road", "City": "Memphis", "State": "TN", "ZIP_Code": 38116, "ParcelID": "077017 00003", "ObjectId": 68}}, {"type": "Feature", "id": 69, "geometry": {"type": "Point", "coordinates": [-90.0498099, 35.085154]}, "properties": {"ProjectNumber": 20190402, "CompanyName": "Cleveland Track Materials", "CityCouncilDistrict": 6, "CountyCommissionDistrict": 10, "ProjectType": "Manufacturing", "PilotType": "Jobs", "PilotStatus": "Approved", "PilotTerm": "7", "ProjectedTaxesAbatedCity": "$285,564.00 ", "ProjectedTaxesAbatedCounty": "$367,901.00 ", "Approved_Date": null, "RampUpPeriod": 2, "ProjectedNewJobs": "51", "ProjectedAveragePayrollOfNewJobs": "$47,380.00 ", "TotalNewPayroll": "$2,416,380.00 ", "ProjectedRetainedJobs": "0", "ProjectedAveragePayrollOfRetainedJobs": " $-   ", "TotalRetainedPayroll": " $-   ", "TotalJobs": "51", "EmploymentDirect": "51", "EmploymentIndirect": "68", "WagesDirect": "$3,020,475.00 ", "WagesIndirect": "$3,667,376.00 ", "ProjectedCapitalInvestment": "$6,030,000.00 ", "RealPropertyInvestment": "$3,195,000.00 ", "PersonalPropertyInvestment": "$2,835,000.00 ", "CommunityReinvestmentCredit": " $-   ", "CapitalInvestmentNotInPilot": " $-   ", "ProjectedMWBE_LOSBSpending": "$896,770.00 ", "MWBE_LOSBSpendingConstruction": "$798,750.00 ", "MWBE_LOSBSpendingOperations": "$98,020.00 ", "TotalCapitalInvestment": "$6,030,000.00 ", "TotalIncentiveProvided": "$653,465.00 ", "TotalNewTaxRevenues": "$2,176,616.00 ", "BenefitCostRatio": 3.33, "Latitude": 35.085154, "Longitude": -90.0498099, "Main_Address": "391 East Mallory", "City": "Memphis", "State": "TN", "ZIP_Code": 38109, "ParcelID": "049006 00025, 049006 00024 , 049006 00030", "ObjectId": 69}}, {"type": "Feature", "id": 70, "geometry": {"type": "Point", "coordinates": [-89.9057165, 35.0425588]}, "properties": {"ProjectNumber": 20190401, "CompanyName": "JM Smucker LLC 2", "CityCouncilDistrict": 3, "CountyCommissionDistrict": 11, "ProjectType": "Manufacturing", "PilotType": "Jobs", "PilotStatus": "Approved", "PilotTerm": "6", "ProjectedTaxesAbatedCity": "$323,317.00 ", "ProjectedTaxesAbatedCounty": "$416,538.00 ", "Approved_Date": null, "RampUpPeriod": 2, "ProjectedNewJobs": "25", "ProjectedAveragePayrollOfNewJobs": "$43,224.00 ", "TotalNewPayroll": "$1,080,600.00 ", "ProjectedRetainedJobs": "0", "ProjectedAveragePayrollOfRetainedJobs": " $-   ", "TotalRetainedPayroll": " $-   ", "TotalJobs": "25", "EmploymentDirect": "25", "EmploymentIndirect": "48", "WagesDirect": "$1,351,375.00 ", "WagesIndirect": "$2,588,736.00 ", "ProjectedCapitalInvestment": "$8,800,000.00 ", "RealPropertyInvestment": "$3,280,000.00 ", "PersonalPropertyInvestment": "$5,600,000.00 ", "CommunityReinvestmentCredit": " $-   ", "CapitalInvestmentNotInPilot": " $-   ", "ProjectedMWBE_LOSBSpending": "$585,978.00 ", "MWBE_LOSBSpendingConstruction": "$475,000.00 ", "MWBE_LOSBSpendingOperations": "$110,978.00 ", "TotalCapitalInvestment": "$8,880,000.00 ", "TotalIncentiveProvided": "$739,855.00 ", "TotalNewTaxRevenues": "$1,462,267.00 ", "BenefitCostRatio": 1.98, "Latitude": 35.0425588, "Longitude": -89.9057165, "Main_Address": "4740 Burbank Road", "City": "Memphis", "State": "TN", "ZIP_Code": 38118, "ParcelID": "074032 00038", "ObjectId": 70}}, {"type": "Feature", "id": 71, "geometry": {"type": "Point", "coordinates": [-90.0381953, 35.0831968]}, "properties": {"ProjectNumber": 20190101, "CompanyName": "Riviana Foods 2019", "CityCouncilDistrict": 6, "CountyCommissionDistrict": 10, "ProjectType": "Manufacturing", "PilotType": "Jobs", "PilotStatus": "Approved", "PilotTerm": "7", "ProjectedTaxesAbatedCity": "$716,417.00 ", "ProjectedTaxesAbatedCounty": "$922,982.00 ", "Approved_Date": null, "RampUpPeriod": 2, "ProjectedNewJobs": "43", "ProjectedAveragePayrollOfNewJobs": "$43,552.00 ", "TotalNewPayroll": "$1,872,736.00 ", "ProjectedRetainedJobs": "0", "ProjectedAveragePayrollOfRetainedJobs": " $-   ", "TotalRetainedPayroll": " $-   ", "TotalJobs": "43", "EmploymentDirect": "43", "EmploymentIndirect": "92", "WagesDirect": "$2,340,920.00 ", "WagesIndirect": "$4,961,744.00 ", "ProjectedCapitalInvestment": "$21,536,839.00 ", "RealPropertyInvestment": "$3,969,589.00 ", "PersonalPropertyInvestment": "$17,567,250.00 ", "CommunityReinvestmentCredit": " $-   ", "CapitalInvestmentNotInPilot": " $-   ", "ProjectedMWBE_LOSBSpending": "$1,134,719.00 ", "MWBE_LOSBSpendingConstruction": "$992,397.00 ", "MWBE_LOSBSpendingOperations": "$142,322.00 ", "TotalCapitalInvestment": "$21,536,839.00 ", "TotalIncentiveProvided": "$1,639,399.00 ", "TotalNewTaxRevenues": "$2,177,129.00 ", "BenefitCostRatio": 1.33, "Latitude": 35.0831968, "Longitude": -90.0381953, "Main_Address": "2314 South Lauderdale Street", "City": "Memphis", "State": "TN", "ZIP_Code": 38106, "ParcelID": "049065 00001C", "ObjectId": 71}}, {"type": "Feature", "id": 72, "geometry": {"type": "Point", "coordinates": [-89.9938245, 35.0645854]}, "properties": {"ProjectNumber": 20181202, "CompanyName": "Power Transport", "CityCouncilDistrict": 3, "CountyCommissionDistrict": 10, "ProjectType": "Distribution", "PilotType": "Jobs", "PilotStatus": "Approved", "PilotTerm": "8", "ProjectedTaxesAbatedCity": "$107,306.00 ", "ProjectedTaxesAbatedCounty": "$138,246.00 ", "Approved_Date": null, "RampUpPeriod": 2, "ProjectedNewJobs": "26", "ProjectedAveragePayrollOfNewJobs": "$62,807.00 ", "TotalNewPayroll": "$1,632,982.00 ", "ProjectedRetainedJobs": "0", "ProjectedAveragePayrollOfRetainedJobs": " $-   ", "TotalRetainedPayroll": " $-   ", "TotalJobs": "26", "EmploymentDirect": "26", "EmploymentIndirect": "26", "WagesDirect": "$2,041,228.00 ", "WagesIndirect": "$1,402,232.00 ", "ProjectedCapitalInvestment": "$1,675,000.00 ", "RealPropertyInvestment": "$1,625,000.00 ", "PersonalPropertyInvestment": " $-   ", "CommunityReinvestmentCredit": " $-   ", "CapitalInvestmentNotInPilot": "$50,000.00 ", "ProjectedMWBE_LOSBSpending": "$286,833.00 ", "MWBE_LOSBSpendingConstruction": "$250,000.00 ", "MWBE_LOSBSpendingOperations": "$36,833.00 ", "TotalCapitalInvestment": "$1,675,000.00 ", "TotalIncentiveProvided": "$245,552.00 ", "TotalNewTaxRevenues": "$860,634.00 ", "BenefitCostRatio": 3.5, "Latitude": 35.0645854, "Longitude": -89.9938245, "Main_Address": "3036 Directors Row", "City": "Memphis", "State": "TN", "ZIP_Code": 38131, "ParcelID": "060222 I00015, 060222 I00003C", "ObjectId": 72}}, {"type": "Feature", "id": 73, "geometry": {"type": "Point", "coordinates": [-90.0507731, 35.1430786]}, "properties": {"ProjectNumber": 20181201, "CompanyName": "Indigo Ag", "CityCouncilDistrict": 7, "CountyCommissionDistrict": 8, "ProjectType": "Office/HQ", "PilotType": "Jobs", "PilotStatus": "Approved", "PilotTerm": "15", "ProjectedTaxesAbatedCity": "$113,536.00 ", "ProjectedTaxesAbatedCounty": "$146,271.00 ", "Approved_Date": null, "RampUpPeriod": 2, "ProjectedNewJobs": "625", "ProjectedAveragePayrollOfNewJobs": "$92,313.00 ", "TotalNewPayroll": "$57,695,625.00 ", "ProjectedRetainedJobs": "75", "ProjectedAveragePayrollOfRetainedJobs": "$92,313.00 ", "TotalRetainedPayroll": " $-   ", "TotalJobs": "700", "EmploymentDirect": "625", "EmploymentIndirect": "533", "WagesDirect": "$72,119,531.00 ", "WagesIndirect": "$28,745,756.00 ", "ProjectedCapitalInvestment": "$1,298,902.00 ", "RealPropertyInvestment": " $-   ", "PersonalPropertyInvestment": "$1,298,902.00 ", "CommunityReinvestmentCredit": " $-   ", "CapitalInvestmentNotInPilot": " $-   ", "ProjectedMWBE_LOSBSpending": "$995,268.00 ", "MWBE_LOSBSpendingConstruction": "$978,797.00 ", "MWBE_LOSBSpendingOperations": "$16,471.00 ", "TotalCapitalInvestment": "$5,214,088.00 ", "TotalIncentiveProvided": "$259,807.00 ", "TotalNewTaxRevenues": "$42,304,548.00 ", "BenefitCostRatio": 162.83, "Latitude": 35.1430786, "Longitude": -90.0507731, "Main_Address": "175 Toyota Plaza", "City": "Memphis", "State": "TN", "ZIP_Code": 38103, "ParcelID": "002063 00001C", "ObjectId": 73}}, {"type": "Feature", "id": 74, "geometry": {"type": "Point", "coordinates": [-89.876195, 35.03739]}, "properties": {"ProjectNumber": 20181101, "CompanyName": "Mark Anthony Brewing Company", "CityCouncilDistrict": 3, "CountyCommissionDistrict": 11, "ProjectType": "Distribution", "PilotType": "Fast Track", "PilotStatus": "Approved", "PilotTerm": "10", "ProjectedTaxesAbatedCity": "$1,016,350.00 ", "ProjectedTaxesAbatedCounty": "$1,309,394.00 ", "Approved_Date": null, "RampUpPeriod": 2, "ProjectedNewJobs": "30", "ProjectedAveragePayrollOfNewJobs": "$37,679.00 ", "TotalNewPayroll": "$1,130,370.00 ", "ProjectedRetainedJobs": "0", "ProjectedAveragePayrollOfRetainedJobs": " $-   ", "TotalRetainedPayroll": " $-   ", "TotalJobs": "30", "EmploymentDirect": "30", "EmploymentIndirect": "25", "WagesDirect": "$1,412,963.00 ", "WagesIndirect": "$1,348,300.00 ", "ProjectedCapitalInvestment": "$11,456,473.00 ", "RealPropertyInvestment": "$925,861.00 ", "PersonalPropertyInvestment": "$300,000.00 ", "CommunityReinvestmentCredit": "$10,230,612.00 ", "CapitalInvestmentNotInPilot": " $-   ", "ProjectedMWBE_LOSBSpending": "$580,327.00 ", "MWBE_LOSBSpendingConstruction": "$231,465.00 ", "MWBE_LOSBSpendingOperations": "$348,862.00 ", "TotalCapitalInvestment": "$11,456,473.00 ", "TotalIncentiveProvided": "$2,325,744.00 ", "TotalNewTaxRevenues": "$1,827,780.00 ", "BenefitCostRatio": 0.79, "Latitude": 35.03739, "Longitude": -89.876195, "Main_Address": "5625 Challenge Drive", "City": "Memphis", "State": "TN", "ZIP_Code": 38115, "ParcelID": "093400 00565", "ObjectId": 74}}, {"type": "Feature", "id": 75, "geometry": {"type": "Point", "coordinates": [-89.893934, 35.078114]}, "properties": {"ProjectNumber": 20180701, "CompanyName": "JNJ Logistics LLC", "CityCouncilDistrict": 4, "CountyCommissionDistrict": 11, "ProjectType": "Distribution", "PilotType": "Expansion", "PilotStatus": "Approved", "PilotTerm": "15", "ProjectedTaxesAbatedCity": "$2,558,689.00 ", "ProjectedTaxesAbatedCounty": "$3,296,434.00 ", "Approved_Date": null, "RampUpPeriod": 2, "ProjectedNewJobs": "222", "ProjectedAveragePayrollOfNewJobs": "$65,410.00 ", "TotalNewPayroll": "$14,521,020.00 ", "ProjectedRetainedJobs": "290", "ProjectedAveragePayrollOfRetainedJobs": "$65,410.00 ", "TotalRetainedPayroll": "$17,715,600.00 ", "TotalJobs": "512", "EmploymentDirect": "512", "EmploymentIndirect": "675", "WagesDirect": "$41,862,400.00 ", "WagesIndirect": "$35,970,075.00 ", "ProjectedCapitalInvestment": "$20,575,000.00 ", "RealPropertyInvestment": "$18,850,000.00 ", "PersonalPropertyInvestment": "$1,725,000.00 ", "CommunityReinvestmentCredit": " $-   ", "CapitalInvestmentNotInPilot": " $-   ", "ProjectedMWBE_LOSBSpending": "$5,090,769.00 ", "MWBE_LOSBSpendingConstruction": "$4,212,500.00 ", "MWBE_LOSBSpendingOperations": "$878,269.00 ", "TotalCapitalInvestment": "$20,575,000.00 ", "TotalIncentiveProvided": "$5,855,123.00 ", "TotalNewTaxRevenues": "$35,595,269.00 ", "BenefitCostRatio": 6.08, "Latitude": 35.078114, "Longitude": -89.893934, "Main_Address": "5000 American Way", "City": "Memphis", "State": "TN", "ZIP_Code": 38115, "ParcelID": "074001 00243, 074001 B00018, 074001 B00019, 074001 B00017", "ObjectId": 75}}, {"type": "Feature", "id": 76, "geometry": {"type": "Point", "coordinates": [-89.9790137, 35.1473783]}, "properties": {"ProjectNumber": 20180603, "CompanyName": "Thrive at The Park", "CityCouncilDistrict": 5, "CountyCommissionDistrict": 7, "ProjectType": "Residential", "PilotType": "Residential", "PilotStatus": "Approved", "PilotTerm": "15", "ProjectedTaxesAbatedCity": "$2,757,800.00 ", "ProjectedTaxesAbatedCounty": "$3,552,955.00 ", "Approved_Date": null, "RampUpPeriod": 2, "ProjectedNewJobs": "12", "ProjectedAveragePayrollOfNewJobs": "$54,899.00 ", "TotalNewPayroll": "$658,788.00 ", "ProjectedRetainedJobs": "0", "ProjectedAveragePayrollOfRetainedJobs": " $-   ", "TotalRetainedPayroll": " $-   ", "TotalJobs": "12", "EmploymentDirect": "12", "EmploymentIndirect": "0", "WagesDirect": "$658,788.00 ", "WagesIndirect": " $-   ", "ProjectedCapitalInvestment": "$22,255,410.00 ", "RealPropertyInvestment": "$19,368,917.00 ", "PersonalPropertyInvestment": " $-   ", "CommunityReinvestmentCredit": " $-   ", "CapitalInvestmentNotInPilot": "$2,886,493.00 ", "ProjectedMWBE_LOSBSpending": "$5,190,781.00 ", "MWBE_LOSBSpendingConstruction": "$4,749,691.00 ", "MWBE_LOSBSpendingOperations": "$441,090.00 ", "TotalCapitalInvestment": "$22,255,410.00 ", "TotalIncentiveProvided": "$6,310,755.00 ", "TotalNewTaxRevenues": "$3,288,208.00 ", "BenefitCostRatio": 0, "Latitude": 35.1473783, "Longitude": -89.9790137, "Main_Address": "2344 Autumn Drive", "City": "Memphis", "State": "TN", "ZIP_Code": 38112, "ParcelID": "033005 00042Z, 033002 00036Z", "ObjectId": 76}}, {"type": "Feature", "id": 77, "geometry": {"type": "Point", "coordinates": [-90.0579941, 35.0953488]}, "properties": {"ProjectNumber": 20180602, "CompanyName": "Southgate Center", "CityCouncilDistrict": 6, "CountyCommissionDistrict": 8, "ProjectType": "Neighborhood Project", "PilotType": "Community Builder", "PilotStatus": "Approved", "PilotTerm": "15", "ProjectedTaxesAbatedCity": "$506,610.00 ", "ProjectedTaxesAbatedCounty": "$652,681.00 ", "Approved_Date": null, "RampUpPeriod": 5, "ProjectedNewJobs": "92", "ProjectedAveragePayrollOfNewJobs": "$24,960.00 ", "TotalNewPayroll": "$2,296,320.00 ", "ProjectedRetainedJobs": "0", "ProjectedAveragePayrollOfRetainedJobs": " $-   ", "TotalRetainedPayroll": " $-   ", "TotalJobs": "92", "EmploymentDirect": "92", "EmploymentIndirect": "41", "WagesDirect": "$2,870,400.00 ", "WagesIndirect": "$2,250,859.00 ", "ProjectedCapitalInvestment": "$6,802,200.00 ", "RealPropertyInvestment": "$1,000,000.00 ", "PersonalPropertyInvestment": "$300,000.00 ", "CommunityReinvestmentCredit": "$4,252,200.00 ", "CapitalInvestmentNotInPilot": "$1,250,000.00 ", "ProjectedMWBE_LOSBSpending": "$423,894.00 ", "MWBE_LOSBSpendingConstruction": "$250,000.00 ", "MWBE_LOSBSpendingOperations": "$173,894.00 ", "TotalCapitalInvestment": "$6,802,200.00 ", "TotalIncentiveProvided": "$1,159,291.00 ", "TotalNewTaxRevenues": "$4,524,365.00 ", "BenefitCostRatio": 3.9, "Latitude": 35.0953488, "Longitude": -90.0579941, "Main_Address": "1897 South Third Street", "City": "Memphis", "State": "TN", "ZIP_Code": 38109, "ParcelID": "050056 00002", "ObjectId": 77}}, {"type": "Feature", "id": 78, "geometry": {"type": "Point", "coordinates": [-89.974332, 35.148529]}, "properties": {"ProjectNumber": 20180601, "CompanyName": "Broad Ave Tower Mixed Used Development", "CityCouncilDistrict": 5, "CountyCommissionDistrict": 7, "ProjectType": "Residential", "PilotType": "Residential", "PilotStatus": "Approved", "PilotTerm": "15", "ProjectedTaxesAbatedCity": "$5,515,960.00 ", "ProjectedTaxesAbatedCounty": "$7,106,375.00 ", "Approved_Date": null, "RampUpPeriod": 2, "ProjectedNewJobs": "8", "ProjectedAveragePayrollOfNewJobs": "$36,625.00 ", "TotalNewPayroll": "$293,000.00 ", "ProjectedRetainedJobs": "0", "ProjectedAveragePayrollOfRetainedJobs": " $-   ", "TotalRetainedPayroll": " $-   ", "TotalJobs": "8", "EmploymentDirect": "8", "EmploymentIndirect": "6", "WagesDirect": "$293,000.00 ", "WagesIndirect": "$329,394.00 ", "ProjectedCapitalInvestment": "$51,100,000.00 ", "RealPropertyInvestment": "$41,900,000.00 ", "PersonalPropertyInvestment": " $-   ", "CommunityReinvestmentCredit": " $-   ", "CapitalInvestmentNotInPilot": "$9,200,000.00 ", "ProjectedMWBE_LOSBSpending": "$12,125,000.00 ", "MWBE_LOSBSpendingConstruction": "$9,500,000.00 ", "MWBE_LOSBSpendingOperations": "$2,625,000.00 ", "TotalCapitalInvestment": "$51,100,000.00 ", "TotalIncentiveProvided": "$12,622,335.00 ", "TotalNewTaxRevenues": "$7,041,586.00 ", "BenefitCostRatio": 0.56, "Latitude": 35.148529, "Longitude": -89.974332, "Main_Address": "2542 Broad Ave", "City": "Memphis", "State": "TN", "ZIP_Code": 38112, "ParcelID": "033020 00015", "ObjectId": 78}}, {"type": "Feature", "id": 79, "geometry": {"type": "Point", "coordinates": [-89.8862498, 35.0729154]}, "properties": {"ProjectNumber": 20180503, "CompanyName": "William R Moore College of Technology", "CityCouncilDistrict": 4, "CountyCommissionDistrict": 11, "ProjectType": "Neighborhood Project", "PilotType": "Community Builder", "PilotStatus": "Approved", "PilotTerm": "15", "ProjectedTaxesAbatedCity": "$286,955.00 ", "ProjectedTaxesAbatedCounty": "$369,692.00 ", "Approved_Date": null, "RampUpPeriod": 2, "ProjectedNewJobs": "4", "ProjectedAveragePayrollOfNewJobs": "$56,750.00 ", "TotalNewPayroll": "$227,000.00 ", "ProjectedRetainedJobs": "0", "ProjectedAveragePayrollOfRetainedJobs": " $-   ", "TotalRetainedPayroll": " $-   ", "TotalJobs": "4", "EmploymentDirect": "4", "EmploymentIndirect": "2", "WagesDirect": "$283,750.00 ", "WagesIndirect": "$106,578.00 ", "ProjectedCapitalInvestment": "$3,396,000.00 ", "RealPropertyInvestment": "$1,830,000.00 ", "PersonalPropertyInvestment": "$566,000.00 ", "CommunityReinvestmentCredit": " $-   ", "CapitalInvestmentNotInPilot": "$1,000,000.00 ", "ProjectedMWBE_LOSBSpending": "$443,497.00 ", "MWBE_LOSBSpendingConstruction": "$345,000.00 ", "MWBE_LOSBSpendingOperations": "$98,497.00 ", "TotalCapitalInvestment": "$3,396,000.00 ", "TotalIncentiveProvided": "$656,647.00 ", "TotalNewTaxRevenues": "$456,929.00 ", "BenefitCostRatio": 0.7, "Latitude": 35.0729154, "Longitude": -89.8862498, "Main_Address": "2785 South Mendenhall", "City": "Memphis", "State": "TN", "ZIP_Code": 38115, "ParcelID": "0074001 A00006", "ObjectId": 79}}, {"type": "Feature", "id": 80, "geometry": {"type": "Point", "coordinates": [-90.020844, 35.02223]}, "properties": {"ProjectNumber": 20180502, "CompanyName": "JD USA Shopping Center, dba The Whitehaven Landing", "CityCouncilDistrict": 3, "CountyCommissionDistrict": 9, "ProjectType": "Neighborhood Project", "PilotType": "Community Builder", "PilotStatus": "Approved", "PilotTerm": "15", "ProjectedTaxesAbatedCity": "$469,001.00 ", "ProjectedTaxesAbatedCounty": "$604,228.00 ", "Approved_Date": null, "RampUpPeriod": 2, "ProjectedNewJobs": "89", "ProjectedAveragePayrollOfNewJobs": "$22,804.00 ", "TotalNewPayroll": "$2,029,556.00 ", "ProjectedRetainedJobs": "0", "ProjectedAveragePayrollOfRetainedJobs": " $-   ", "TotalRetainedPayroll": " $-   ", "TotalJobs": "89", "EmploymentDirect": "89", "EmploymentIndirect": "42", "WagesDirect": "$2,536,925.00 ", "WagesIndirect": "$2,305,758.00 ", "ProjectedCapitalInvestment": "$4,578,224.00 ", "RealPropertyInvestment": "$2,405,228.00 ", "PersonalPropertyInvestment": "$723,081.00 ", "CommunityReinvestmentCredit": "$1,329,700.00 ", "CapitalInvestmentNotInPilot": "$120,215.00 ", "ProjectedMWBE_LOSBSpending": "$762,291.00 ", "MWBE_LOSBSpendingConstruction": "$601,307.00 ", "MWBE_LOSBSpendingOperations": "$160,984.00 ", "TotalCapitalInvestment": "$3,734,928.00 ", "TotalIncentiveProvided": "$1,073,229.00 ", "TotalNewTaxRevenues": "$433,205.00 ", "BenefitCostRatio": 0.4, "Latitude": 35.02223, "Longitude": -90.020844, "Main_Address": "1232 East Shelby Drive", "City": "Memphis", "State": "TN", "ZIP_Code": 38116, "ParcelID": "079060 00003", "ObjectId": 80}}, {"type": "Feature", "id": 81, "geometry": {"type": "Point", "coordinates": [-89.9403867, 35.0582389]}, "properties": {"ProjectNumber": 20180501, "CompanyName": "Mimeo.com, Inc.", "CityCouncilDistrict": 3, "CountyCommissionDistrict": 10, "ProjectType": "Office/HQ", "PilotType": "Expansion", "PilotStatus": "Approved", "PilotTerm": "15", "ProjectedTaxesAbatedCity": "$1,639,846.00 ", "ProjectedTaxesAbatedCounty": "$1,947,103.00 ", "Approved_Date": null, "RampUpPeriod": 2, "ProjectedNewJobs": "0", "ProjectedAveragePayrollOfNewJobs": null, "TotalNewPayroll": " $-   ", "ProjectedRetainedJobs": "376", "ProjectedAveragePayrollOfRetainedJobs": "$61,335.70 ", "TotalRetainedPayroll": "$23,062,223.20 ", "TotalJobs": "376", "EmploymentDirect": "376", "EmploymentIndirect": "0", "WagesDirect": "$23,062,223.20 ", "WagesIndirect": " $-   ", "ProjectedCapitalInvestment": "$43,469,000.00 ", "RealPropertyInvestment": "$6,469,000.00 ", "PersonalPropertyInvestment": "$37,000,000.00 ", "CommunityReinvestmentCredit": " $-   ", "CapitalInvestmentNotInPilot": " $-   ", "ProjectedMWBE_LOSBSpending": "$876,234.00 ", "MWBE_LOSBSpendingConstruction": "$500,000.00 ", "MWBE_LOSBSpendingOperations": "$376,234.00 ", "TotalCapitalInvestment": "$43,469,000.00 ", "TotalIncentiveProvided": "$3,586,949.00 ", "TotalNewTaxRevenues": "$29,528,112.00 ", "BenefitCostRatio": 8.23, "Latitude": 35.0582389, "Longitude": -89.9403867, "Main_Address": "3350 Miac Cove", "City": "Memphis", "State": "TN", "ZIP_Code": 38118, "ParcelID": "073006 00055", "ObjectId": 81}}, {"type": "Feature", "id": 82, "geometry": {"type": "Point", "coordinates": [-90.1249412, 35.0830779]}, "properties": {"ProjectNumber": 20180403, "CompanyName": "OMO Energy and Technology Inc", "CityCouncilDistrict": 6, "CountyCommissionDistrict": 9, "ProjectType": "Distribution", "PilotType": "Fast Track", "PilotStatus": "Approved", "PilotTerm": "10", "ProjectedTaxesAbatedCity": "$131,067.00 ", "ProjectedTaxesAbatedCounty": "$168,858.00 ", "Approved_Date": null, "RampUpPeriod": 2, "ProjectedNewJobs": "25", "ProjectedAveragePayrollOfNewJobs": "$50,866.00 ", "TotalNewPayroll": "$1,271,650.00 ", "ProjectedRetainedJobs": "0", "ProjectedAveragePayrollOfRetainedJobs": " $-   ", "TotalRetainedPayroll": " $-   ", "TotalJobs": "25", "EmploymentDirect": "25", "EmploymentIndirect": "30", "WagesDirect": "$1,589,563.00 ", "WagesIndirect": "$1,598,670.00 ", "ProjectedCapitalInvestment": "$3,098,000.00 ", "RealPropertyInvestment": "$895,000.00 ", "PersonalPropertyInvestment": "$2,203,000.00 ", "CommunityReinvestmentCredit": " $-   ", "CapitalInvestmentNotInPilot": " $-   ", "ProjectedMWBE_LOSBSpending": "$119,989.00 ", "MWBE_LOSBSpendingConstruction": "$75,000.00 ", "MWBE_LOSBSpendingOperations": "$44,989.00 ", "TotalCapitalInvestment": "$3,098,000.00 ", "TotalIncentiveProvided": "$299,925.00 ", "TotalNewTaxRevenues": "$1,134,790.00 ", "BenefitCostRatio": 3.78, "Latitude": 35.0830779, "Longitude": -90.1249412, "Main_Address": "2550 Channel Drive", "City": "Memphis", "State": "TN", "ZIP_Code": 38106, "ParcelID": "050115 00030C", "ObjectId": 82}}, {"type": "Feature", "id": 83, "geometry": {"type": "Point", "coordinates": [-89.7982633, 35.1942331]}, "properties": {"ProjectNumber": 20180402, "CompanyName": "Enclara Pharmacia Inc", "CityCouncilDistrict": 1, "CountyCommissionDistrict": 1, "ProjectType": "Distribution", "PilotType": "Expansion", "PilotStatus": "Approved", "PilotTerm": "9", "ProjectedTaxesAbatedCity": "$277,999.00 ", "ProjectedTaxesAbatedCounty": "$349,253.00 ", "Approved_Date": null, "RampUpPeriod": 2, "ProjectedNewJobs": "0", "ProjectedAveragePayrollOfNewJobs": " $-   ", "TotalNewPayroll": " $-   ", "ProjectedRetainedJobs": "216", "ProjectedAveragePayrollOfRetainedJobs": "$53,706.00 ", "TotalRetainedPayroll": "$12,507,459.00 ", "TotalJobs": "216", "EmploymentDirect": "216", "EmploymentIndirect": "174", "WagesDirect": "$14,500,620.00 ", "WagesIndirect": "$9,272,286.00 ", "ProjectedCapitalInvestment": "$9,465,550.00 ", "RealPropertyInvestment": " $-   ", "PersonalPropertyInvestment": "$9,465,550.00 ", "CommunityReinvestmentCredit": "$2,183,895.00 ", "CapitalInvestmentNotInPilot": "$2,183,895.00 ", "ProjectedMWBE_LOSBSpending": "$31,363.00 ", "MWBE_LOSBSpendingConstruction": " $-   ", "MWBE_LOSBSpendingOperations": "$31,363.00 ", "TotalCapitalInvestment": "$11,649,445.00 ", "TotalIncentiveProvided": "$627,252.00 ", "TotalNewTaxRevenues": "$7,943,774.00 ", "BenefitCostRatio": 12.66, "Latitude": 35.1942331, "Longitude": -89.7982633, "Main_Address": "2525 Horizon Lake Drive", "City": "Memphis", "State": "TN", "ZIP_Code": 38133, "ParcelID": "092008 00015", "ObjectId": 83}}, {"type": "Feature", "id": 84, "geometry": {"type": "Point", "coordinates": [-89.93219057, 34.99565777]}, "properties": {"ProjectNumber": 20180401, "CompanyName": "Franklin Sports Inc. 2", "CityCouncilDistrict": 3, "CountyCommissionDistrict": 11, "ProjectType": "Distribution", "PilotType": "Jobs", "PilotStatus": "Approved", "PilotTerm": "6", "ProjectedTaxesAbatedCity": "$835,266.00 ", "ProjectedTaxesAbatedCounty": "$1,076,097.00 ", "Approved_Date": null, "RampUpPeriod": 2, "ProjectedNewJobs": "27", "ProjectedAveragePayrollOfNewJobs": "$39,722.00 ", "TotalNewPayroll": "$1,072,494.00 ", "ProjectedRetainedJobs": "60", "ProjectedAveragePayrollOfRetainedJobs": "$41,141.00 ", "TotalRetainedPayroll": " $-   ", "TotalJobs": "87", "EmploymentDirect": "87", "EmploymentIndirect": "85", "WagesDirect": "$4,426,193.00 ", "WagesIndirect": "$4,529,565.00 ", "ProjectedCapitalInvestment": "$15,250,000.00 ", "RealPropertyInvestment": "$13,750,000.00 ", "PersonalPropertyInvestment": "$1,500,000.00 ", "CommunityReinvestmentCredit": " $-   ", "CapitalInvestmentNotInPilot": "$1,160,000.00 ", "ProjectedMWBE_LOSBSpending": "$3,724,205.00 ", "MWBE_LOSBSpendingConstruction": "$3,437,500.00 ", "MWBE_LOSBSpendingOperations": "$286,705.00 ", "TotalCapitalInvestment": "$16,410,000.00 ", "TotalIncentiveProvided": "$1,911,363.00 ", "TotalNewTaxRevenues": "$1,405,255.00 ", "BenefitCostRatio": 2.37, "Latitude": 34.99565777, "Longitude": -89.93219057, "Main_Address": "5580 Getwell Road", "City": "Memphis", "State": "TN", "ZIP_Code": 38118, "ParcelID": "094100 00069", "ObjectId": 84}}, {"type": "Feature", "id": 85, "geometry": {"type": "Point", "coordinates": [-89.8607393, 35.0074115]}, "properties": {"ProjectNumber": 20180302, "CompanyName": "Barrett Distribution 2018", "CityCouncilDistrict": 3, "CountyCommissionDistrict": 12, "ProjectType": "Distribution", "PilotType": "Jobs", "PilotStatus": "Approved", "PilotTerm": "10", "ProjectedTaxesAbatedCity": "$2,995,819.00 ", "ProjectedTaxesAbatedCounty": "$3,859,602.00 ", "Approved_Date": null, "RampUpPeriod": 2, "ProjectedNewJobs": "166", "ProjectedAveragePayrollOfNewJobs": "$40,539.00 ", "TotalNewPayroll": "$6,729,474.00 ", "ProjectedRetainedJobs": "0", "ProjectedAveragePayrollOfRetainedJobs": " $-   ", "TotalRetainedPayroll": " $-   ", "TotalJobs": "166", "EmploymentDirect": "166", "EmploymentIndirect": "162", "WagesDirect": "$8,411,843.00 ", "WagesIndirect": "$8,632,818.00 ", "ProjectedCapitalInvestment": "$40,000,100.00 ", "RealPropertyInvestment": "$1,920,000.00 ", "PersonalPropertyInvestment": "$11,330,000.00 ", "CommunityReinvestmentCredit": "$26,750,100.00 ", "CapitalInvestmentNotInPilot": " $-   ", "ProjectedMWBE_LOSBSpending": "$1,508,313.00 ", "MWBE_LOSBSpendingConstruction": "$480,000.00 ", "MWBE_LOSBSpendingOperations": "$1,028,313.00 ", "TotalCapitalInvestment": "$40,000,100.00 ", "TotalIncentiveProvided": "$6,855,421.00 ", "TotalNewTaxRevenues": "$8,512,346.00 ", "BenefitCostRatio": 1.24, "Latitude": 35.0074115, "Longitude": -89.8607393, "Main_Address": "6100 East Holmes Road", "City": "Memphis", "State": "TN", "ZIP_Code": 38141, "ParcelID": "94200 00507", "ObjectId": 85}}, {"type": "Feature", "id": 86, "geometry": {"type": "Point", "coordinates": [-89.8544471, 35.1743989]}, "properties": {"ProjectNumber": 20180301, "CompanyName": "Onyx Medical LLC", "CityCouncilDistrict": 1, "CountyCommissionDistrict": 5, "ProjectType": "Manufacturing", "PilotType": "Expansion", "PilotStatus": "Terminated", "PilotTerm": "10", "ProjectedTaxesAbatedCity": "$843,935.00 ", "ProjectedTaxesAbatedCounty": "$1,087,266.00 ", "Approved_Date": null, "RampUpPeriod": 2, "ProjectedNewJobs": "40", "ProjectedAveragePayrollOfNewJobs": "$52,939.00 ", "TotalNewPayroll": "$2,117,560.00 ", "ProjectedRetainedJobs": "116", "ProjectedAveragePayrollOfRetainedJobs": "$55,797.00 ", "TotalRetainedPayroll": "$6,472,452.00 ", "TotalJobs": "156", "EmploymentDirect": "156", "EmploymentIndirect": "260", "WagesDirect": "$10,323,105.00 ", "WagesIndirect": "$13,855,140.00 ", "ProjectedCapitalInvestment": "$13,687,995.00 ", "RealPropertyInvestment": "$3,688,195.00 ", "PersonalPropertyInvestment": "$6,000,000.00 ", "CommunityReinvestmentCredit": "$3,999,800.00 ", "CapitalInvestmentNotInPilot": " $-   ", "ProjectedMWBE_LOSBSpending": "$1,134,916.00 ", "MWBE_LOSBSpendingConstruction": "$845,236.00 ", "MWBE_LOSBSpendingOperations": "$289,680.00 ", "TotalCapitalInvestment": "$13,687,995.00 ", "TotalIncentiveProvided": "$1,931,201.00 ", "TotalNewTaxRevenues": "$7,662,621.00 ", "BenefitCostRatio": 3.97, "Latitude": 35.1743989, "Longitude": -89.8544471, "Main_Address": "1800 North Shelby Oaks Drive", "City": "Memphis", "State": "TN", "ZIP_Code": 38134, "ParcelID": "089044 00360", "ObjectId": 86}}, {"type": "Feature", "id": 87, "geometry": {"type": "Point", "coordinates": [-89.905965, 35.014082]}, "properties": {"ProjectNumber": 20180101, "CompanyName": "The Northwest Company, LLC", "CityCouncilDistrict": 3, "CountyCommissionDistrict": 11, "ProjectType": "Distribution", "PilotType": "Fast Track", "PilotStatus": "Approved", "PilotTerm": "10", "ProjectedTaxesAbatedCity": "$2,170,665.00 ", "ProjectedTaxesAbatedCounty": "$2,796,532.00 ", "Approved_Date": null, "RampUpPeriod": 2, "ProjectedNewJobs": "25", "ProjectedAveragePayrollOfNewJobs": "$34,250.00 ", "TotalNewPayroll": "$856,250.00 ", "ProjectedRetainedJobs": "0", "ProjectedAveragePayrollOfRetainedJobs": " $-   ", "TotalRetainedPayroll": " $-   ", "TotalJobs": "25", "EmploymentDirect": "100", "EmploymentIndirect": "97", "WagesDirect": "$3,245,313.00 ", "WagesIndirect": "$5,169,033.00 ", "ProjectedCapitalInvestment": "$25,237,500.00 ", "RealPropertyInvestment": "$3,716,400.00 ", "PersonalPropertyInvestment": "$800,000.00 ", "CommunityReinvestmentCredit": "$19,520,900.00 ", "CapitalInvestmentNotInPilot": "$1,200,000.00 ", "ProjectedMWBE_LOSBSpending": "$1,674,180.00 ", "MWBE_LOSBSpendingConstruction": "$929,100.00 ", "MWBE_LOSBSpendingOperations": "$745,080.00 ", "TotalCapitalInvestment": "$25,237,300.00 ", "TotalIncentiveProvided": "$4,967,197.00 ", "TotalNewTaxRevenues": "$5,117,002.00 ", "BenefitCostRatio": 1.03, "Latitude": 35.014082, "Longitude": -89.905965, "Main_Address": "4755 Southpoint Drive", "City": "Memphis", "State": "TN", "ZIP_Code": 38118, "ParcelID": "094200 00420", "ObjectId": 87}}, {"type": "Feature", "id": 88, "geometry": {"type": "Point", "coordinates": [-89.8940677, 35.0095108]}, "properties": {"ProjectNumber": 20171202, "CompanyName": "Conectiv, LLC. Fka Vantiva fka Technicolor", "CityCouncilDistrict": 3, "CountyCommissionDistrict": 11, "ProjectType": "Distribution", "PilotType": "Expansion", "PilotStatus": "Approved", "PilotTerm": "14", "ProjectedTaxesAbatedCity": "$15,663,858.00 ", "ProjectedTaxesAbatedCounty": "$19,678,684.00 ", "Approved_Date": null, "RampUpPeriod": 2, "ProjectedNewJobs": "300", "ProjectedAveragePayrollOfNewJobs": "$50,694.00 ", "TotalNewPayroll": "$15,208,200.00 ", "ProjectedRetainedJobs": "-", "ProjectedAveragePayrollOfRetainedJobs": "$46,085.00 ", "TotalRetainedPayroll": "$42,213,860.00 ", "TotalJobs": "300", "EmploymentDirect": "300", "EmploymentIndirect": "550", "WagesDirect": "$52,767,325.00 ", "WagesIndirect": "$47,587,077.00 ", "ProjectedCapitalInvestment": "$17,977,321.00 ", "RealPropertyInvestment": "$1,000,000.00 ", "PersonalPropertyInvestment": "$16,977,321.00 ", "CommunityReinvestmentCredit": "$86,831,200.00 ", "CapitalInvestmentNotInPilot": "$142,582,600.00 ", "ProjectedMWBE_LOSBSpending": "$5,551,381.00 ", "MWBE_LOSBSpendingConstruction": "$250,000.00 ", "MWBE_LOSBSpendingOperations": "$5,301,381.00 ", "TotalCapitalInvestment": "$142,582,600.00 ", "TotalIncentiveProvided": "$35,342,542.00 ", "TotalNewTaxRevenues": "$63,692,835.00 ", "BenefitCostRatio": 1.8, "Latitude": 35.0095108, "Longitude": -89.8940677, "Main_Address": "5215 Lamar Ave", "City": "Memphis", "State": "TN", "ZIP_Code": 38118, "ParcelID": "094200 00546, 094100 00179, 094100 00172C, 093700 00534C", "ObjectId": 88}}, {"type": "Feature", "id": 89, "geometry": {"type": "Point", "coordinates": [-89.895128, 35.007122]}, "properties": {"ProjectNumber": 20171201, "CompanyName": "Agilent Technologies", "CityCouncilDistrict": 3, "CountyCommissionDistrict": 11, "ProjectType": "Distribution", "PilotType": "Fast Track", "PilotStatus": "Approved", "PilotTerm": "10", "ProjectedTaxesAbatedCity": "$715,572.00 ", "ProjectedTaxesAbatedCounty": "$908,999.00 ", "Approved_Date": null, "RampUpPeriod": 2, "ProjectedNewJobs": "117", "ProjectedAveragePayrollOfNewJobs": "$40,670.00 ", "TotalNewPayroll": "$4,758,390.00 ", "ProjectedRetainedJobs": "0", "ProjectedAveragePayrollOfRetainedJobs": " $-   ", "TotalRetainedPayroll": " $-   ", "TotalJobs": "117", "EmploymentDirect": "117", "EmploymentIndirect": "141", "WagesDirect": "$5,947,988.00 ", "WagesIndirect": "$7,513,749.00 ", "ProjectedCapitalInvestment": "$7,544,240.00 ", "RealPropertyInvestment": "$360,000.00 ", "PersonalPropertyInvestment": "$340,000.00 ", "CommunityReinvestmentCredit": "$6,824,240.00 ", "CapitalInvestmentNotInPilot": "$20,000.00 ", "ProjectedMWBE_LOSBSpending": "$332,184.00 ", "MWBE_LOSBSpendingConstruction": "$90,000.00 ", "MWBE_LOSBSpendingOperations": "$242,184.00 ", "TotalCapitalInvestment": "$7,544,240.00 ", "TotalIncentiveProvided": "$1,614,563.00 ", "TotalNewTaxRevenues": "$5,048,502.00 ", "BenefitCostRatio": 3.13, "Latitude": 35.007122, "Longitude": -89.895128, "Main_Address": "5050 Holmes Road", "City": "Memphis", "State": "TN", "ZIP_Code": 38118, "ParcelID": "094200 00544", "ObjectId": 89}}, {"type": "Feature", "id": 90, "geometry": {"type": "Point", "coordinates": [-90.0513266, 35.1900387]}, "properties": {"ProjectNumber": 20171101, "CompanyName": "PeroxyChem LLC", "CityCouncilDistrict": 7, "CountyCommissionDistrict": 8, "ProjectType": "Manufacturing", "PilotType": "Jobs", "PilotStatus": "Approved", "PilotTerm": "7", "ProjectedTaxesAbatedCity": "$302,515.00 ", "ProjectedTaxesAbatedCounty": "$389,738.00 ", "Approved_Date": null, "RampUpPeriod": 2, "ProjectedNewJobs": "15", "ProjectedAveragePayrollOfNewJobs": "$56,667.00 ", "TotalNewPayroll": "$850,005.00 ", "ProjectedRetainedJobs": "0", "ProjectedAveragePayrollOfRetainedJobs": " $-   ", "TotalRetainedPayroll": " $-   ", "TotalJobs": "15", "EmploymentDirect": "15", "EmploymentIndirect": "21", "WagesDirect": "$1,062,506.00 ", "WagesIndirect": "$1,119,069.00 ", "ProjectedCapitalInvestment": "$9,602,700.00 ", "RealPropertyInvestment": "$2,763,265.00 ", "PersonalPropertyInvestment": "$4,426,343.00 ", "CommunityReinvestmentCredit": " $-   ", "CapitalInvestmentNotInPilot": "$2,413,092.00 ", "ProjectedMWBE_LOSBSpending": "$794,654.00 ", "MWBE_LOSBSpendingConstruction": "$690,816.00 ", "MWBE_LOSBSpendingOperations": "$103,838.00 ", "TotalCapitalInvestment": "$9,602,700.00 ", "TotalIncentiveProvided": "$692,253.00 ", "TotalNewTaxRevenues": "$788,868.00 ", "BenefitCostRatio": 1.14, "Latitude": 35.1900387, "Longitude": -90.0513266, "Main_Address": "335 Stiles Drive", "City": "Memphis", "State": "TN", "ZIP_Code": 38127, "ParcelID": "069074 00014Z", "ObjectId": 90}}, {"type": "Feature", "id": 91, "geometry": {"type": "Point", "coordinates": [-89.86052, 35.1053933]}, "properties": {"ProjectNumber": 20171003, "CompanyName": "Pfizer Inc.", "CityCouncilDistrict": 2, "CountyCommissionDistrict": 4, "ProjectType": "Office/HQ", "PilotType": "Expansion", "PilotStatus": "Approved", "PilotTerm": "14", "ProjectedTaxesAbatedCity": "$2,582,313.00 ", "ProjectedTaxesAbatedCounty": "$3,326,869.00 ", "Approved_Date": null, "RampUpPeriod": 2, "ProjectedNewJobs": "0", "ProjectedAveragePayrollOfNewJobs": " $-   ", "TotalNewPayroll": " $-   ", "ProjectedRetainedJobs": "250", "ProjectedAveragePayrollOfRetainedJobs": "$88,776.00 ", "TotalRetainedPayroll": "$22,194,000.00 ", "TotalJobs": "250", "EmploymentDirect": "250", "EmploymentIndirect": "180", "WagesDirect": "$27,742,500.00 ", "WagesIndirect": "$9,592,020.00 ", "ProjectedCapitalInvestment": "$21,252,733.00 ", "RealPropertyInvestment": "$4,748,575.00 ", "PersonalPropertyInvestment": "$2,992,000.00 ", "CommunityReinvestmentCredit": "$13,512,158.00 ", "CapitalInvestmentNotInPilot": " $-   ", "ProjectedMWBE_LOSBSpending": "$2,073,521.00 ", "MWBE_LOSBSpendingConstruction": "$1,187,144.00 ", "MWBE_LOSBSpendingOperations": "$886,377.00 ", "TotalCapitalInvestment": "$21,252,733.00 ", "TotalIncentiveProvided": "$5,909,182.00 ", "TotalNewTaxRevenues": "$17,284,704.00 ", "BenefitCostRatio": 2.93, "Latitude": 35.1053933, "Longitude": -89.86052, "Main_Address": "949 South Shady Grove", "City": "Memphis", "State": "TN", "ZIP_Code": 38120, "ParcelID": "80024 00025", "ObjectId": 91}}, {"type": "Feature", "id": 92, "geometry": {"type": "Point", "coordinates": [-90.0094186, 35.1385169]}, "properties": {"ProjectNumber": 20171002, "CompanyName": "1544 Madison Partners", "CityCouncilDistrict": 5, "CountyCommissionDistrict": 1, "ProjectType": "Residential", "PilotType": "Residential", "PilotStatus": "Approved", "PilotTerm": "15", "ProjectedTaxesAbatedCity": "$3,783,697.00 ", "ProjectedTaxesAbatedCounty": "$4,874,648.00 ", "Approved_Date": null, "RampUpPeriod": 2, "ProjectedNewJobs": "0", "ProjectedAveragePayrollOfNewJobs": " $-   ", "TotalNewPayroll": " $-   ", "ProjectedRetainedJobs": "0", "ProjectedAveragePayrollOfRetainedJobs": " $-   ", "TotalRetainedPayroll": " $-   ", "TotalJobs": "0", "EmploymentDirect": "0", "EmploymentIndirect": "0", "WagesDirect": " $-   ", "WagesIndirect": " $-   ", "ProjectedCapitalInvestment": "$35,789,816.00 ", "RealPropertyInvestment": "$29,609,100.00 ", "PersonalPropertyInvestment": " $-   ", "CommunityReinvestmentCredit": " $-   ", "CapitalInvestmentNotInPilot": "$6,180,716.00 ", "ProjectedMWBE_LOSBSpending": "$8,485,330.00 ", "MWBE_LOSBSpendingConstruction": "$8,485,330.00 ", "MWBE_LOSBSpendingOperations": " $-   ", "TotalCapitalInvestment": "$35,789,816.00 ", "TotalIncentiveProvided": "$8,658,345.00 ", "TotalNewTaxRevenues": "$5,318,260.00 ", "BenefitCostRatio": 0, "Latitude": 35.1385169, "Longitude": -90.0094186, "Main_Address": "1544 Madison Ave", "City": "Memphis", "State": "TN", "ZIP_Code": 38104, "ParcelID": "017031 00012C", "ObjectId": 92}}, {"type": "Feature", "id": 93, "geometry": {"type": "Point", "coordinates": [-89.949253, 35.008314]}, "properties": {"ProjectNumber": 20171001, "CompanyName": "Amazon.com.dedc, LLC", "CityCouncilDistrict": 3, "CountyCommissionDistrict": 11, "ProjectType": "Distribution", "PilotType": "Jobs", "PilotStatus": "Approved", "PilotTerm": "15", "ProjectedTaxesAbatedCity": "$6,640,188.00 ", "ProjectedTaxesAbatedCounty": "$8,554,748.00 ", "Approved_Date": null, "RampUpPeriod": 2, "ProjectedNewJobs": "600", "ProjectedAveragePayrollOfNewJobs": "$28,912.00 ", "TotalNewPayroll": "$17,347,200.00 ", "ProjectedRetainedJobs": "0", "ProjectedAveragePayrollOfRetainedJobs": " $-   ", "TotalRetainedPayroll": " $-   ", "TotalJobs": "600", "EmploymentDirect": "600", "EmploymentIndirect": "585", "WagesDirect": "$21,684,000.00 ", "WagesIndirect": "$31,174,065.00 ", "ProjectedCapitalInvestment": "$62,999,206.00 ", "RealPropertyInvestment": "$39,698,406.00 ", "PersonalPropertyInvestment": "$23,300,800.00 ", "CommunityReinvestmentCredit": " $-   ", "CapitalInvestmentNotInPilot": " $-   ", "ProjectedMWBE_LOSBSpending": "$12,203,842.00 ", "MWBE_LOSBSpendingConstruction": "$9,924,602.00 ", "MWBE_LOSBSpendingOperations": "$2,279,240.00 ", "TotalCapitalInvestment": "$62,999,206.00 ", "TotalIncentiveProvided": "$15,194,936.00 ", "TotalNewTaxRevenues": "$36,851,947.00 ", "BenefitCostRatio": 2.42, "Latitude": 35.008314, "Longitude": -89.949253, "Main_Address": "3292 Holmes Road", "City": "Memphis", "State": "TN", "ZIP_Code": 38118, "ParcelID": "094100 00289", "ObjectId": 93}}, {"type": "Feature", "id": 94, "geometry": {"type": "Point", "coordinates": [-89.99047898, 35.13593619]}, "properties": {"ProjectNumber": 20170902, "CompanyName": "Overton Square LLC", "CityCouncilDistrict": 4, "CountyCommissionDistrict": 13, "ProjectType": "Neighborhood Project", "PilotType": "Community Builder", "PilotStatus": "Approved", "PilotTerm": "15", "ProjectedTaxesAbatedCity": "$2,594,304.00 ", "ProjectedTaxesAbatedCounty": "$3,287,631.00 ", "Approved_Date": null, "RampUpPeriod": 5, "ProjectedNewJobs": "65", "ProjectedAveragePayrollOfNewJobs": "$22,690.00 ", "TotalNewPayroll": "$1,474,850.00 ", "ProjectedRetainedJobs": "0", "ProjectedAveragePayrollOfRetainedJobs": " $-   ", "TotalRetainedPayroll": " $-   ", "TotalJobs": "65", "EmploymentDirect": "65", "EmploymentIndirect": "51", "WagesDirect": "$1,917,305.00 ", "WagesIndirect": "$2,913,681.00 ", "ProjectedCapitalInvestment": "$27,100,000.00 ", "RealPropertyInvestment": "$20,318,881.00 ", "PersonalPropertyInvestment": "$3,161,000.00 ", "CommunityReinvestmentCredit": " $-   ", "CapitalInvestmentNotInPilot": "$3,620,119.00 ", "ProjectedMWBE_LOSBSpending": "$5,187,010.00 ", "MWBE_LOSBSpendingConstruction": "$4,304,720.00 ", "MWBE_LOSBSpendingOperations": "$882,290.00 ", "TotalCapitalInvestment": "$27,100,000.00 ", "TotalIncentiveProvided": "$5,881,935.00 ", "TotalNewTaxRevenues": "$5,583,525.00 ", "BenefitCostRatio": 0.95, "Latitude": 35.13593619, "Longitude": -89.99047898, "Main_Address": "21 S Cooper St", "City": "Memphis", "State": "TN", "ZIP_Code": 38104, "ParcelID": "017073 00022", "ObjectId": 94}}, {"type": "Feature", "id": 95, "geometry": {"type": "Point", "coordinates": [-89.898044, 35.033791]}, "properties": {"ProjectNumber": 20170901, "CompanyName": "AVT Beckett Elevator USA, Inc.", "CityCouncilDistrict": 3, "CountyCommissionDistrict": 11, "ProjectType": "Manufacturing", "PilotType": "Fast Track", "PilotStatus": "Approved", "PilotTerm": "10", "ProjectedTaxesAbatedCity": "$208,542.00 ", "ProjectedTaxesAbatedCounty": "$268,669.00 ", "Approved_Date": null, "RampUpPeriod": 2, "ProjectedNewJobs": "25", "ProjectedAveragePayrollOfNewJobs": "$35,992.00 ", "TotalNewPayroll": "$899,800.00 ", "ProjectedRetainedJobs": "0", "ProjectedAveragePayrollOfRetainedJobs": " $-   ", "TotalRetainedPayroll": " $-   ", "TotalJobs": "25", "EmploymentDirect": "25", "EmploymentIndirect": "38", "WagesDirect": "$1,169,740.00 ", "WagesIndirect": "$2,024,982.00 ", "ProjectedCapitalInvestment": "$3,575,000.00 ", "RealPropertyInvestment": "$500,000.00 ", "PersonalPropertyInvestment": "$2,955,000.00 ", "CommunityReinvestmentCredit": " $-   ", "CapitalInvestmentNotInPilot": "$120,000.00 ", "ProjectedMWBE_LOSBSpending": "$176,018.00 ", "MWBE_LOSBSpendingConstruction": "$125,000.00 ", "MWBE_LOSBSpendingOperations": "$51,018.00 ", "TotalCapitalInvestment": "$3,575,000.00 ", "TotalIncentiveProvided": "$477,211.00 ", "TotalNewTaxRevenues": "$1,222,984.00 ", "BenefitCostRatio": 2.56, "Latitude": 35.033791, "Longitude": -89.898044, "Main_Address": "4949 East Raines Road", "City": "Memphis", "State": "TN", "ZIP_Code": 38118, "ParcelID": "093400 00394", "ObjectId": 95}}, {"type": "Feature", "id": 96, "geometry": {"type": "Point", "coordinates": [-90.00052042, 35.13749353]}, "properties": {"ProjectNumber": 20170702, "CompanyName": "Makowsky Ringel Greenberg, LLC", "CityCouncilDistrict": 6, "CountyCommissionDistrict": 8, "ProjectType": "Residential", "PilotType": "Residential", "PilotStatus": "Approved", "PilotTerm": "14", "ProjectedTaxesAbatedCity": "$1,520,988.00 ", "ProjectedTaxesAbatedCounty": "$1,959,533.00 ", "Approved_Date": null, "RampUpPeriod": 2, "ProjectedNewJobs": "10", "ProjectedAveragePayrollOfNewJobs": "$53,289.00 ", "TotalNewPayroll": "$532,890.00 ", "ProjectedRetainedJobs": "0", "ProjectedAveragePayrollOfRetainedJobs": " $-   ", "TotalRetainedPayroll": " $-   ", "TotalJobs": "10", "EmploymentDirect": "10", "EmploymentIndirect": "0", "WagesDirect": "$532,890.00 ", "WagesIndirect": " $-   ", "ProjectedCapitalInvestment": "$14,075,497.00 ", "RealPropertyInvestment": "$12,258,940.00 ", "PersonalPropertyInvestment": " $-   ", "CommunityReinvestmentCredit": " $-   ", "CapitalInvestmentNotInPilot": "$1,924,557.00 ", "ProjectedMWBE_LOSBSpending": "$3,062,735.00 ", "MWBE_LOSBSpendingConstruction": "$2,807,235.00 ", "MWBE_LOSBSpendingOperations": "$255,500.00 ", "TotalCapitalInvestment": "$14,075,497.00 ", "TotalIncentiveProvided": "$3,480,522.00 ", "TotalNewTaxRevenues": "$6,784,365.00 ", "BenefitCostRatio": 0.36, "Latitude": 35.13749353, "Longitude": -90.00052042, "Main_Address": "1819 Madison Ave", "City": "Memphis", "State": "TN", "ZIP_Code": 38104, "ParcelID": "017047 00001C, 017047 00003, 017047 00004", "ObjectId": 96}}, {"type": "Feature", "id": 97, "geometry": {"type": "Point", "coordinates": [-89.86644, 35.10733]}, "properties": {"ProjectNumber": 20170701, "CompanyName": "ABB Installation Products Inc", "CityCouncilDistrict": 2, "CountyCommissionDistrict": 4, "ProjectType": "Office/HQ", "PilotType": "Expansion", "PilotStatus": "Approved", "PilotTerm": "15", "ProjectedTaxesAbatedCity": "$1,373,304.00 ", "ProjectedTaxesAbatedCounty": "$1,769,268.00 ", "Approved_Date": null, "RampUpPeriod": 2, "ProjectedNewJobs": "75", "ProjectedAveragePayrollOfNewJobs": "$86,788.00 ", "TotalNewPayroll": "$6,509,100.00 ", "ProjectedRetainedJobs": "523", "ProjectedAveragePayrollOfRetainedJobs": "$86,788.00 ", "TotalRetainedPayroll": "$58,861,543.00 ", "TotalJobs": "598", "EmploymentDirect": "598", "EmploymentIndirect": "622", "WagesDirect": "$64,874,012.00 ", "WagesIndirect": "$32,666,196.00 ", "ProjectedCapitalInvestment": "$20,750,000.00 ", "RealPropertyInvestment": "$7,500,000.00 ", "PersonalPropertyInvestment": "$13,250,000.00 ", "CommunityReinvestmentCredit": "$1.00 ", "CapitalInvestmentNotInPilot": " $-   ", "ProjectedMWBE_LOSBSpending": "$2,346,386.00 ", "MWBE_LOSBSpendingConstruction": "$1,875,000.00 ", "MWBE_LOSBSpendingOperations": "$471,386.00 ", "TotalCapitalInvestment": "$20,750,000.00 ", "TotalIncentiveProvided": "$3,142,573.00 ", "TotalNewTaxRevenues": "$44,886,156.00 ", "BenefitCostRatio": 14.28, "Latitude": 35.10733, "Longitude": -89.86644, "Main_Address": "860 Ridge Lake Boulevard", "City": "Memphis", "State": "TN", "ZIP_Code": 38120, "ParcelID": "080023 A00040C", "ObjectId": 97}}, {"type": "Feature", "id": 98, "geometry": {"type": "Point", "coordinates": [-89.978505, 35.196134]}, "properties": {"ProjectNumber": 20170601, "CompanyName": "Frayser Gateway", "CityCouncilDistrict": 7, "CountyCommissionDistrict": 7, "ProjectType": "Neighborhood Project", "PilotType": "Community Builder", "PilotStatus": "Approved", "PilotTerm": "15", "ProjectedTaxesAbatedCity": "$1,956,870.00 ", "ProjectedTaxesAbatedCounty": "$2,515,155.00 ", "Approved_Date": null, "RampUpPeriod": 5, "ProjectedNewJobs": "136", "ProjectedAveragePayrollOfNewJobs": "$23,294.00 ", "TotalNewPayroll": "$3,167,984.00 ", "ProjectedRetainedJobs": "0", "ProjectedAveragePayrollOfRetainedJobs": " $-   ", "TotalRetainedPayroll": " $-   ", "TotalJobs": "136", "EmploymentDirect": "136", "EmploymentIndirect": "54", "WagesDirect": "$3,168,000.00 ", "WagesIndirect": "$2,835,972.00 ", "ProjectedCapitalInvestment": "$16,080,000.00 ", "RealPropertyInvestment": "$14,290,000.00 ", "PersonalPropertyInvestment": " $-   ", "CommunityReinvestmentCredit": " $-   ", "CapitalInvestmentNotInPilot": "$1,790,000.00 ", "ProjectedMWBE_LOSBSpending": "$3,868,304.00 ", "MWBE_LOSBSpendingConstruction": "$3,197,500.00 ", "MWBE_LOSBSpendingOperations": "$670,804.00 ", "TotalCapitalInvestment": "$16,080,000.00 ", "TotalIncentiveProvided": "$4,472,025.00 ", "TotalNewTaxRevenues": "$7,745,475.00 ", "BenefitCostRatio": 1.73, "Latitude": 35.196134, "Longitude": -89.978505, "Main_Address": "2571 North Hollywood", "City": "Memphis", "State": "TN", "ZIP_Code": 38127, "ParcelID": "072045 00118, 072045 00126, 072045 00125, 072045 00123", "ObjectId": 98}}, {"type": "Feature", "id": 99, "geometry": {"type": "Point", "coordinates": [-90.13503445, 35.08307008]}, "properties": {"ProjectNumber": 20170503, "CompanyName": "Cargill Inc.", "CityCouncilDistrict": 6, "CountyCommissionDistrict": 9, "ProjectType": "Manufacturing", "PilotType": "Jobs", "PilotStatus": "Approved", "PilotTerm": "6", "ProjectedTaxesAbatedCity": "$518,670.00 ", "ProjectedTaxesAbatedCounty": "$666,642.00 ", "Approved_Date": null, "RampUpPeriod": 2, "ProjectedNewJobs": "24", "ProjectedAveragePayrollOfNewJobs": "$60,417.00 ", "TotalNewPayroll": "$1,450,008.00 ", "ProjectedRetainedJobs": "0", "ProjectedAveragePayrollOfRetainedJobs": " $-   ", "TotalRetainedPayroll": " $-   ", "TotalJobs": "24", "EmploymentDirect": "24", "EmploymentIndirect": "76", "WagesDirect": "$1,812,510.00 ", "WagesIndirect": "$3,991,368.00 ", "ProjectedCapitalInvestment": "$20,000,000.00 ", "RealPropertyInvestment": " $-   ", "PersonalPropertyInvestment": "$20,000,000.00 ", "CommunityReinvestmentCredit": " $-   ", "CapitalInvestmentNotInPilot": " $-   ", "ProjectedMWBE_LOSBSpending": "$59,265.00 ", "MWBE_LOSBSpendingConstruction": " $-   ", "MWBE_LOSBSpendingOperations": " $-   ", "TotalCapitalInvestment": "$20,000,000.00 ", "TotalIncentiveProvided": "$1,185,312.00 ", "TotalNewTaxRevenues": "$1,500,207.00 ", "BenefitCostRatio": 1.27, "Latitude": 35.08307008, "Longitude": -90.13503445, "Main_Address": "2330 Buoy Street", "City": "Memphis", "State": "TN", "ZIP_Code": 38109, "ParcelID": "5010200045", "ObjectId": 99}}, {"type": "Feature", "id": 100, "geometry": {"type": "Point", "coordinates": [-89.9685864, 35.0927439]}, "properties": {"ProjectNumber": 20170502, "CompanyName": "Neighborhood Docs", "CityCouncilDistrict": 4, "CountyCommissionDistrict": 10, "ProjectType": "Neighborhood Project", "PilotType": "Community Builder", "PilotStatus": "Approved", "PilotTerm": "15", "ProjectedTaxesAbatedCity": "$477,967.00 ", "ProjectedTaxesAbatedCounty": "$614,350.00 ", "Approved_Date": null, "RampUpPeriod": 1, "ProjectedNewJobs": "36", "ProjectedAveragePayrollOfNewJobs": "$52,119.00 ", "TotalNewPayroll": "$1,876,284.00 ", "ProjectedRetainedJobs": "6", "ProjectedAveragePayrollOfRetainedJobs": " $-   ", "TotalRetainedPayroll": " $-   ", "TotalJobs": "42", "EmploymentDirect": "42", "EmploymentIndirect": "37", "WagesDirect": "$2,736,250.00 ", "WagesIndirect": "$1,943,166.00 ", "ProjectedCapitalInvestment": "$3,744,919.00 ", "RealPropertyInvestment": "$3,419,919.00 ", "PersonalPropertyInvestment": "$250,000.00 ", "CommunityReinvestmentCredit": " $-   ", "CapitalInvestmentNotInPilot": "$75,000.00 ", "ProjectedMWBE_LOSBSpending": "$655,078.00 ", "MWBE_LOSBSpendingConstruction": "$491,230.00 ", "MWBE_LOSBSpendingOperations": "$163,848.00 ", "TotalCapitalInvestment": "$3,744,919.00 ", "TotalIncentiveProvided": "$1,092,317.00 ", "TotalNewTaxRevenues": "$2,937,858.00 ", "BenefitCostRatio": 2.69, "Latitude": 35.0927439, "Longitude": -89.9685864, "Main_Address": "2829 Lamar", "City": "Memphis", "State": "TN", "ZIP_Code": 38114, "ParcelID": "059019 00028, 059019 00027, 059019 00008, 059019 00009", "ObjectId": 100}}, {"type": "Feature", "id": 101, "geometry": {"type": "Point", "coordinates": [-90.1325342, 35.0820987]}, "properties": {"ProjectNumber": 20170502, "CompanyName": "SPV-NA1, LLC (dba, NouriTech)", "CityCouncilDistrict": 6, "CountyCommissionDistrict": 9, "ProjectType": "Manufacturing", "PilotType": "Jobs", "PilotStatus": "Approved", "PilotTerm": "12", "ProjectedTaxesAbatedCity": "$11,632,971.00 ", "ProjectedTaxesAbatedCounty": "$14,951,789.00 ", "Approved_Date": null, "RampUpPeriod": 2, "ProjectedNewJobs": "66", "ProjectedAveragePayrollOfNewJobs": "$62,955.00 ", "TotalNewPayroll": "$4,155,030.00 ", "ProjectedRetainedJobs": "0", "ProjectedAveragePayrollOfRetainedJobs": " $-   ", "TotalRetainedPayroll": " $-   ", "TotalJobs": "66", "EmploymentDirect": "66", "EmploymentIndirect": "107", "WagesDirect": "$5,193,788.00 ", "WagesIndirect": "$5,619,426.00 ", "ProjectedCapitalInvestment": "$120,000,000.00 ", "RealPropertyInvestment": "$85,000,000.00 ", "PersonalPropertyInvestment": "$35,000,000.00 ", "CommunityReinvestmentCredit": " $-   ", "CapitalInvestmentNotInPilot": " $-   ", "ProjectedMWBE_LOSBSpending": "$25,237,714.00 ", "MWBE_LOSBSpendingConstruction": "$21,250,000.00 ", "MWBE_LOSBSpendingOperations": "$3,987,714.00 ", "TotalCapitalInvestment": "$120,000,000.00 ", "TotalIncentiveProvided": "$26,584,760.00 ", "TotalNewTaxRevenues": "$14,203,413.00 ", "BenefitCostRatio": 0.53, "Latitude": 35.0820987, "Longitude": -90.1325342, "Main_Address": "2330 Buoy Street", "City": "Memphis", "State": "TN", "ZIP_Code": 38109, "ParcelID": "050102 00045,  050102 00046", "ObjectId": 101}}, {"type": "Feature", "id": 102, "geometry": {"type": "Point", "coordinates": [-90.1266403, 35.0831754]}, "properties": {"ProjectNumber": 20170402, "CompanyName": "Nucor Steel Memphis 2017", "CityCouncilDistrict": 6, "CountyCommissionDistrict": 9, "ProjectType": "Manufacturing", "PilotType": "Jobs", "PilotStatus": "Approved", "PilotTerm": "5", "ProjectedTaxesAbatedCity": "$232,918.00 ", "ProjectedTaxesAbatedCounty": "$300,075.00 ", "Approved_Date": null, "RampUpPeriod": 2, "ProjectedNewJobs": "15", "ProjectedAveragePayrollOfNewJobs": "$56,333.00 ", "TotalNewPayroll": "$844,995.00 ", "ProjectedRetainedJobs": "0", "ProjectedAveragePayrollOfRetainedJobs": " $-   ", "TotalRetainedPayroll": " $-   ", "TotalJobs": "15", "EmploymentDirect": "15", "EmploymentIndirect": "19", "WagesDirect": "$1,196,813.00 ", "WagesIndirect": "$997,842.00 ", "ProjectedCapitalInvestment": "$8,100,000.00 ", "RealPropertyInvestment": "$1,700,000.00 ", "PersonalPropertyInvestment": "$6,100,000.00 ", "CommunityReinvestmentCredit": " $-   ", "CapitalInvestmentNotInPilot": "$300,000.00 ", "ProjectedMWBE_LOSBSpending": "$133,963.00 ", "MWBE_LOSBSpendingConstruction": "$87,500.00 ", "MWBE_LOSBSpendingOperations": "$46,462.00 ", "TotalCapitalInvestment": "$8,100,000.00 ", "TotalIncentiveProvided": "$532,993.00 ", "TotalNewTaxRevenues": "$595,493.00 ", "BenefitCostRatio": 1.12, "Latitude": 35.0831754, "Longitude": -90.1266403, "Main_Address": "2315 Pier Street", "City": "Memphis", "State": "TN", "ZIP_Code": 38106, "ParcelID": "050102 00039C", "ObjectId": 102}}, {"type": "Feature", "id": 103, "geometry": {"type": "Point", "coordinates": [-90.035816, 35.0822999]}, "properties": {"ProjectNumber": 20170401, "CompanyName": "Ebrofrost North America, Inc.", "CityCouncilDistrict": 6, "CountyCommissionDistrict": 10, "ProjectType": "Manufacturing", "PilotType": "Jobs", "PilotStatus": "Approved", "PilotTerm": "8", "ProjectedTaxesAbatedCity": "$1,166,033.00 ", "ProjectedTaxesAbatedCounty": "$1,502,236.00 ", "Approved_Date": null, "RampUpPeriod": 2, "ProjectedNewJobs": "16", "ProjectedAveragePayrollOfNewJobs": "$48,477.00 ", "TotalNewPayroll": "$775,632.00 ", "ProjectedRetainedJobs": "0", "ProjectedAveragePayrollOfRetainedJobs": " $-   ", "TotalRetainedPayroll": " $-   ", "TotalJobs": "16", "EmploymentDirect": "16", "EmploymentIndirect": "38", "WagesDirect": "$1,160,400.00 ", "WagesIndirect": "$1,995,684.00 ", "ProjectedCapitalInvestment": "$25,664,467.00 ", "RealPropertyInvestment": "$11,819,467.00 ", "PersonalPropertyInvestment": "$13,845,000.00 ", "CommunityReinvestmentCredit": "$1,019,467.00 ", "CapitalInvestmentNotInPilot": "$250,000.00 ", "ProjectedMWBE_LOSBSpending": "$3,005,577.00 ", "MWBE_LOSBSpendingConstruction": "$2,700,000.00 ", "MWBE_LOSBSpendingOperations": "$305,577.00 ", "TotalCapitalInvestment": "$25,914,467.00 ", "TotalIncentiveProvided": "$2,668,270.00 ", "TotalNewTaxRevenues": "$1,581,690.00 ", "BenefitCostRatio": 0.78, "Latitude": 35.0822999, "Longitude": -90.035816, "Main_Address": "2360 Prospect Street", "City": "Memphis", "State": "TN", "ZIP_Code": 38106, "ParcelID": "049069 00004C, 049059 00057", "ObjectId": 103}}, {"type": "Feature", "id": 104, "geometry": {"type": "Point", "coordinates": [-89.7849127, 35.0586125]}, "properties": {"ProjectNumber": 20170202, "CompanyName": "Sedgwick Claims Management Services, Inc.", "CityCouncilDistrict": 2, "CountyCommissionDistrict": 4, "ProjectType": "Office/HQ", "PilotType": "Expansion", "PilotStatus": "Approved", "PilotTerm": "15", "ProjectedTaxesAbatedCity": "$4,558,828.00 ", "ProjectedTaxesAbatedCounty": "$5,873,272.00 ", "Approved_Date": null, "RampUpPeriod": 3, "ProjectedNewJobs": "130", "ProjectedAveragePayrollOfNewJobs": "$38,126.00 ", "TotalNewPayroll": "$4,956,380.00 ", "ProjectedRetainedJobs": "865", "ProjectedAveragePayrollOfRetainedJobs": "$68,643.00 ", "TotalRetainedPayroll": "$59,376,195.00 ", "TotalJobs": "995", "EmploymentDirect": "995", "EmploymentIndirect": "1254", "WagesDirect": "$80,090,719.00 ", "WagesIndirect": "$65,857,572.00 ", "ProjectedCapitalInvestment": "$33,538,400.00 ", "RealPropertyInvestment": "$10,400,000.00 ", "PersonalPropertyInvestment": "$5,000,000.00 ", "CommunityReinvestmentCredit": "$18,100,000.00 ", "CapitalInvestmentNotInPilot": " $-   ", "ProjectedMWBE_LOSBSpending": "$4,164,815.00 ", "MWBE_LOSBSpendingConstruction": "$2,600,000.00 ", "MWBE_LOSBSpendingOperations": "$1,564,815.00 ", "TotalCapitalInvestment": "$33,538,400.00 ", "TotalIncentiveProvided": "$10,432,101.00 ", "TotalNewTaxRevenues": "$72,320,382.00 ", "BenefitCostRatio": 6.93, "Latitude": 35.0586125, "Longitude": -89.7849127, "Main_Address": "8125 Sedgwick Way", "City": "Memphis", "State": "TN", "ZIP_Code": 38125, "ParcelID": "081092 00002", "ObjectId": 104}}, {"type": "Feature", "id": 105, "geometry": {"type": "Point", "coordinates": [-89.905918, 35.0215253]}, "properties": {"ProjectNumber": 20170201, "CompanyName": "NuVasive, Inc 2017", "CityCouncilDistrict": 3, "CountyCommissionDistrict": 11, "ProjectType": "Manufacturing", "PilotType": "Jobs", "PilotStatus": "Terminated", "PilotTerm": "11", "ProjectedTaxesAbatedCity": "$3,956,538.00 ", "ProjectedTaxesAbatedCounty": "$5,097,325.00 ", "Approved_Date": null, "RampUpPeriod": 3, "ProjectedNewJobs": "15", "ProjectedAveragePayrollOfNewJobs": "$38,000.00 ", "TotalNewPayroll": "$570,000.00 ", "ProjectedRetainedJobs": "0", "ProjectedAveragePayrollOfRetainedJobs": " $-   ", "TotalRetainedPayroll": " $-   ", "TotalJobs": "15", "EmploymentDirect": "15", "EmploymentIndirect": "25", "WagesDirect": "$656,250.00 ", "WagesIndirect": "$1,312,950.00 ", "ProjectedCapitalInvestment": "$116,402,606.00 ", "RealPropertyInvestment": "$668,885.00 ", "PersonalPropertyInvestment": "$115,733,721.00 ", "CommunityReinvestmentCredit": " $-   ", "CapitalInvestmentNotInPilot": " $-   ", "ProjectedMWBE_LOSBSpending": "$637,065.00 ", "MWBE_LOSBSpendingConstruction": "$167,221.00 ", "MWBE_LOSBSpendingOperations": "$469,843.00 ", "TotalCapitalInvestment": "$116,402,606.00 ", "TotalIncentiveProvided": "$9,053,864.00 ", "TotalNewTaxRevenues": "$5,050,295.00 ", "BenefitCostRatio": 0.56, "Latitude": 35.0215253, "Longitude": -89.905918, "Main_Address": "4670 East Shelby Drive", "City": "Memphis", "State": "TN", "ZIP_Code": 38118, "ParcelID": "093405 A00018", "ObjectId": 105}}, {"type": "Feature", "id": 106, "geometry": {"type": "Point", "coordinates": [-89.8635178, 35.0179151]}, "properties": {"ProjectNumber": 20161101, "CompanyName": "International Distributors USA, Inc.", "CityCouncilDistrict": 3, "CountyCommissionDistrict": 12, "ProjectType": "Distribution", "PilotType": "Fast Track", "PilotStatus": "Terminated", "PilotTerm": "10", "ProjectedTaxesAbatedCity": "$554,511.00 ", "ProjectedTaxesAbatedCounty": "$714,393.00 ", "Approved_Date": null, "RampUpPeriod": 2, "ProjectedNewJobs": "40", "ProjectedAveragePayrollOfNewJobs": "$37,106.00 ", "TotalNewPayroll": "$1,484,240.00 ", "ProjectedRetainedJobs": "0", "ProjectedAveragePayrollOfRetainedJobs": " $-   ", "TotalRetainedPayroll": " $-   ", "TotalJobs": "40", "EmploymentDirect": "40", "EmploymentIndirect": "40", "WagesDirect": "$1,935,230.00 ", "WagesIndirect": "$2,100,720.00 ", "ProjectedCapitalInvestment": "$6,475,334.00 ", "RealPropertyInvestment": "$5,700,000.00 ", "PersonalPropertyInvestment": "$775,334.00 ", "CommunityReinvestmentCredit": " $-   ", "CapitalInvestmentNotInPilot": " $-   ", "ProjectedMWBE_LOSBSpending": "$190,336.00 ", "MWBE_LOSBSpendingConstruction": " $-   ", "MWBE_LOSBSpendingOperations": "$190,336.00 ", "TotalCapitalInvestment": "$6,475,334.00 ", "TotalIncentiveProvided": "$1,268,904.00 ", "TotalNewTaxRevenues": "$1,931,960.00 ", "BenefitCostRatio": 1.52, "Latitude": 35.0179151, "Longitude": -89.8635178, "Main_Address": "4770 Hickory Hill Road", "City": "Memphis", "State": "TN", "ZIP_Code": 38141, "ParcelID": "093600 00234, 093600 00231", "ObjectId": 106}}, {"type": "Feature", "id": 107, "geometry": {"type": "Point", "coordinates": [-90.1113389, 35.0888275]}, "properties": {"ProjectNumber": 20160901, "CompanyName": "W.M. Barr & Company, Inc.", "CityCouncilDistrict": 6, "CountyCommissionDistrict": 9, "ProjectType": "Manufacturing", "PilotType": "Expansion", "PilotStatus": "Approved", "PilotTerm": "9", "ProjectedTaxesAbatedCity": "$544,115.00 ", "ProjectedTaxesAbatedCounty": "$683,295.00 ", "Approved_Date": null, "RampUpPeriod": 2, "ProjectedNewJobs": "36", "ProjectedAveragePayrollOfNewJobs": "$46,836.00 ", "TotalNewPayroll": "$1,686,096.00 ", "ProjectedRetainedJobs": "185", "ProjectedAveragePayrollOfRetainedJobs": "$56,241.00 ", "TotalRetainedPayroll": "$10,404,585.00 ", "TotalJobs": "221", "EmploymentDirect": "221", "EmploymentIndirect": "385", "WagesDirect": "$15,113,361.00 ", "WagesIndirect": "$19,899,880.00 ", "ProjectedCapitalInvestment": "$13,500,000.00 ", "RealPropertyInvestment": "$2,500,000.00 ", "PersonalPropertyInvestment": "$11,000,000.00 ", "CommunityReinvestmentCredit": " $-   ", "CapitalInvestmentNotInPilot": " $-   ", "ProjectedMWBE_LOSBSpending": "$736,259.00 ", "MWBE_LOSBSpendingConstruction": "$625,000.00 ", "MWBE_LOSBSpendingOperations": "$111,259.00 ", "TotalCapitalInvestment": "$13,500,000.00 ", "TotalIncentiveProvided": "$1,227,410.00 ", "TotalNewTaxRevenues": "$9,638,773.00 ", "BenefitCostRatio": 7.85, "Latitude": 35.0888275, "Longitude": -90.1113389, "Main_Address": "2105 Channel Avenue", "City": "Memphis", "State": "TN", "ZIP_Code": 38106, "ParcelID": "050113 00015C, 050113 00006C, 050102 00044", "ObjectId": 107}}, {"type": "Feature", "id": 108, "geometry": {"type": "Point", "coordinates": [-89.916999, 35.073859]}, "properties": {"ProjectNumber": 20160603, "CompanyName": "TAG Truck Enterprises, LLC", "CityCouncilDistrict": 4, "CountyCommissionDistrict": 11, "ProjectType": "Distribution", "PilotType": "Expansion", "PilotStatus": "Approved", "PilotTerm": "12", "ProjectedTaxesAbatedCity": "$2,705,040.00 ", "ProjectedTaxesAbatedCounty": "$3,476,772.00 ", "Approved_Date": null, "RampUpPeriod": 2, "ProjectedNewJobs": "62", "ProjectedAveragePayrollOfNewJobs": "$54,715.00 ", "TotalNewPayroll": "$3,392,330.00 ", "ProjectedRetainedJobs": "141", "ProjectedAveragePayrollOfRetainedJobs": " $-   ", "TotalRetainedPayroll": "$7,714,815.00 ", "TotalJobs": "203", "EmploymentDirect": "203", "EmploymentIndirect": "201", "WagesDirect": "$13,883,931.00 ", "WagesIndirect": "$10,389,288.00 ", "ProjectedCapitalInvestment": "$27,810,000.00 ", "RealPropertyInvestment": "$22,100,000.00 ", "PersonalPropertyInvestment": "$1,390,000.00 ", "CommunityReinvestmentCredit": " $-   ", "CapitalInvestmentNotInPilot": "$4,320,000.00 ", "ProjectedMWBE_LOSBSpending": "$6,255,732.00 ", "MWBE_LOSBSpendingConstruction": "$4,001,568.00 ", "MWBE_LOSBSpendingOperations": "$2,254,164.00 ", "TotalCapitalInvestment": "$27,810,000.00 ", "TotalIncentiveProvided": "$6,278,420.00 ", "TotalNewTaxRevenues": "$11,662,339.00 ", "BenefitCostRatio": 1.86, "Latitude": 35.073859, "Longitude": -89.916999, "Main_Address": "4450 American Way", "City": "Memphis", "State": "TN", "ZIP_Code": 38118, "ParcelID": "0703011 00235C", "ObjectId": 108}}, {"type": "Feature", "id": 109, "geometry": {"type": "Point", "coordinates": [-89.9929733, 35.1372878]}, "properties": {"ProjectNumber": 20160602, "CompanyName": "Turner Holdings, L.L.C.", "CityCouncilDistrict": 4, "CountyCommissionDistrict": 13, "ProjectType": "Manufacturing", "PilotType": "Jobs", "PilotStatus": "Approved", "PilotTerm": "7", "ProjectedTaxesAbatedCity": "$496,622.00 ", "ProjectedTaxesAbatedCounty": "$639,812.00 ", "Approved_Date": null, "RampUpPeriod": 2, "ProjectedNewJobs": "25", "ProjectedAveragePayrollOfNewJobs": "$51,283.00 ", "TotalNewPayroll": "$1,282,075.00 ", "ProjectedRetainedJobs": "0", "ProjectedAveragePayrollOfRetainedJobs": " $-   ", "TotalRetainedPayroll": " $-   ", "TotalJobs": "25", "EmploymentDirect": "25", "EmploymentIndirect": "34", "WagesDirect": "$1,602,594.00 ", "WagesIndirect": "$1,757,392.00 ", "ProjectedCapitalInvestment": "$8,810,800.00 ", "RealPropertyInvestment": "$5,000,000.00 ", "PersonalPropertyInvestment": "$3,000,000.00 ", "CommunityReinvestmentCredit": "$810,800.00 ", "CapitalInvestmentNotInPilot": " $-   ", "ProjectedMWBE_LOSBSpending": "$1,396,460.00 ", "MWBE_LOSBSpendingConstruction": "$666,564.00 ", "MWBE_LOSBSpendingOperations": "$729,897.00 ", "TotalCapitalInvestment": "$8,810,800.00 ", "TotalIncentiveProvided": "$1,136,434.00 ", "TotalNewTaxRevenues": "$1,140,041.00 ", "BenefitCostRatio": 1, "Latitude": 35.1372878, "Longitude": -89.9929733, "Main_Address": "2040 Madison Avenue", "City": "Memphis", "State": "TN", "ZIP_Code": 38104, "ParcelID": "017068 00066", "ObjectId": 109}}, {"type": "Feature", "id": 110, "geometry": {"type": "Point", "coordinates": [-90.0520541, 35.1411338]}, "properties": {"ProjectNumber": 20160601, "CompanyName": "ServiceMaster Global Holdings, Inc.", "CityCouncilDistrict": 7, "CountyCommissionDistrict": 8, "ProjectType": "Office/HQ", "PilotType": "Expansion", "PilotStatus": "Terminated", "PilotTerm": "15", "ProjectedTaxesAbatedCity": "$369,242.00 ", "ProjectedTaxesAbatedCounty": "$474,589.00 ", "Approved_Date": null, "RampUpPeriod": 4, "ProjectedNewJobs": "0", "ProjectedAveragePayrollOfNewJobs": " $-   ", "TotalNewPayroll": " $-   ", "ProjectedRetainedJobs": "965", "ProjectedAveragePayrollOfRetainedJobs": "$95,741.00 ", "TotalRetainedPayroll": "$92,390,065.00 ", "TotalJobs": "965", "EmploymentDirect": "965", "EmploymentIndirect": "1315", "WagesDirect": "$136,276,094.00 ", "WagesIndirect": "$67,969,720.00 ", "ProjectedCapitalInvestment": "$36,000,000.00 ", "RealPropertyInvestment": "$26,700,000.00 ", "PersonalPropertyInvestment": "$9,300,000.00 ", "CommunityReinvestmentCredit": " $-   ", "CapitalInvestmentNotInPilot": " $-   ", "ProjectedMWBE_LOSBSpending": "$20,866,875.00 ", "MWBE_LOSBSpendingConstruction": " $-   ", "MWBE_LOSBSpendingOperations": "$20,866,875.00 ", "TotalCapitalInvestment": "$9,300,000.00 ", "TotalIncentiveProvided": "$843,831.00 ", "TotalNewTaxRevenues": "$76,575,081.00 ", "BenefitCostRatio": 24.36, "Latitude": 35.1411338, "Longitude": -90.0520541, "Main_Address": "150 Peabody Place", "City": "Memphis", "State": "TN", "ZIP_Code": 38103, "ParcelID": "002051 A00004", "ObjectId": 110}}, {"type": "Feature", "id": 111, "geometry": {"type": "Point", "coordinates": [-89.8830379, 35.1078486]}, "properties": {"ProjectNumber": 20160302, "CompanyName": "Evergreen Packaging, Inc.", "CityCouncilDistrict": 5, "CountyCommissionDistrict": 4, "ProjectType": "Office/HQ", "PilotType": "Jobs", "PilotStatus": "Terminated", "PilotTerm": "15", "ProjectedTaxesAbatedCity": "$519,155.00 ", "ProjectedTaxesAbatedCounty": "$657,248.00 ", "Approved_Date": null, "RampUpPeriod": 3, "ProjectedNewJobs": "70", "ProjectedAveragePayrollOfNewJobs": "$176,283.00 ", "TotalNewPayroll": "$12,339,810.00 ", "ProjectedRetainedJobs": "0", "ProjectedAveragePayrollOfRetainedJobs": " $-   ", "TotalRetainedPayroll": " $-   ", "TotalJobs": "70", "EmploymentDirect": "70", "EmploymentIndirect": "95", "WagesDirect": "$15,424,763.00 ", "WagesIndirect": "$4,910,360.00 ", "ProjectedCapitalInvestment": "$3,823,800.00 ", "RealPropertyInvestment": "$3,168,800.00 ", "PersonalPropertyInvestment": "$655,000.00 ", "CommunityReinvestmentCredit": "$2,908,800.00 ", "CapitalInvestmentNotInPilot": "$2,908,800.00 ", "ProjectedMWBE_LOSBSpending": "$885,000.00 ", "MWBE_LOSBSpendingConstruction": "$65,000.00 ", "MWBE_LOSBSpendingOperations": "$820,000.00 ", "TotalCapitalInvestment": "$3,823,800.00 ", "TotalIncentiveProvided": "$1,167,403.00 ", "TotalNewTaxRevenues": "$7,139,205.00 ", "BenefitCostRatio": 6.12, "Latitude": 35.1078486, "Longitude": -89.8830379, "Main_Address": "5350 Poplar Avenue", "City": "Memphis", "State": "TN", "ZIP_Code": 38119, "ParcelID": "056039 00029", "ObjectId": 111}}, {"type": "Feature", "id": 112, "geometry": {"type": "Point", "coordinates": [-89.963533, 35.169668]}, "properties": {"ProjectNumber": 20160301, "CompanyName": "Hollywood Feed, LLC", "CityCouncilDistrict": 7, "CountyCommissionDistrict": 7, "ProjectType": "Distribution", "PilotType": "Jobs", "PilotStatus": "Approved", "PilotTerm": "10", "ProjectedTaxesAbatedCity": "$571,688.00 ", "ProjectedTaxesAbatedCounty": "$736,523.00 ", "Approved_Date": null, "RampUpPeriod": 2, "ProjectedNewJobs": "108", "ProjectedAveragePayrollOfNewJobs": "$49,500.00 ", "TotalNewPayroll": "$5,346,000.00 ", "ProjectedRetainedJobs": "0", "ProjectedAveragePayrollOfRetainedJobs": " $-   ", "TotalRetainedPayroll": " $-   ", "TotalJobs": "108", "EmploymentDirect": "108", "EmploymentIndirect": "126", "WagesDirect": "$6,682,500.00 ", "WagesIndirect": "$6,917,274.00 ", "ProjectedCapitalInvestment": "$10,185,000.00 ", "RealPropertyInvestment": "$4,600,000.00 ", "PersonalPropertyInvestment": "$5,585,000.00 ", "CommunityReinvestmentCredit": " $-   ", "CapitalInvestmentNotInPilot": " $-   ", "ProjectedMWBE_LOSBSpending": "$1,096,232.00 ", "MWBE_LOSBSpendingConstruction": "$900,000.00 ", "MWBE_LOSBSpendingOperations": "$196,232.00 ", "TotalCapitalInvestment": "$10,185,000.00 ", "TotalIncentiveProvided": "$1,308,211.00 ", "TotalNewTaxRevenues": "$4,869,118.00 ", "BenefitCostRatio": 3.72, "Latitude": 35.169668, "Longitude": -89.963533, "Main_Address": "1339 E Warford St", "City": "Memphis", "State": "TN", "ZIP_Code": 38108, "ParcelID": "043006 00008C", "ObjectId": 112}}, {"type": "Feature", "id": 113, "geometry": {"type": "Point", "coordinates": [-89.8630791, 35.0019052]}, "properties": {"ProjectNumber": 20151103, "CompanyName": "Pacific Paper", "CityCouncilDistrict": 3, "CountyCommissionDistrict": 11, "ProjectType": "Distribution", "PilotType": "Standard/Basic", "PilotStatus": "Terminated", "PilotTerm": "3", "ProjectedTaxesAbatedCity": "$88,396.00 ", "ProjectedTaxesAbatedCounty": "$113,883.00 ", "Approved_Date": null, "RampUpPeriod": 2, "ProjectedNewJobs": "27", "ProjectedAveragePayrollOfNewJobs": "$27,271.00 ", "TotalNewPayroll": "$736,317.00 ", "ProjectedRetainedJobs": "0", "ProjectedAveragePayrollOfRetainedJobs": " $-   ", "TotalRetainedPayroll": " $-   ", "TotalJobs": "27", "EmploymentDirect": "27", "EmploymentIndirect": "51", "WagesDirect": "$920,396.00 ", "WagesIndirect": "$2,771,595.00 ", "ProjectedCapitalInvestment": "$3,695,800.00 ", "RealPropertyInvestment": "$300,000.00 ", "PersonalPropertyInvestment": "$2,035,000.00 ", "CommunityReinvestmentCredit": "$1,360,800.00 ", "CapitalInvestmentNotInPilot": " $-   ", "ProjectedMWBE_LOSBSpending": "$480,750.00 ", "MWBE_LOSBSpendingConstruction": "$75,000.00 ", "MWBE_LOSBSpendingOperations": "$450,750.00 ", "TotalCapitalInvestment": "$3,695,800.00 ", "TotalIncentiveProvided": "$202,279.00 ", "TotalNewTaxRevenues": "$202,279.00 ", "BenefitCostRatio": 2.2, "Latitude": 35.0019052, "Longitude": -89.8630791, "Main_Address": "5300 Hickory Hill", "City": "Memphis", "State": "TN", "ZIP_Code": 38141, "ParcelID": "094200 00480C", "ObjectId": 113}}, {"type": "Feature", "id": 114, "geometry": {"type": "Point", "coordinates": [-89.873898, 35.040911]}, "properties": {"ProjectNumber": 20151102, "CompanyName": "DunAn Precision Inc", "CityCouncilDistrict": 3, "CountyCommissionDistrict": 11, "ProjectType": "Distribution", "PilotType": "Standard/Basic", "PilotStatus": "Terminated", "PilotTerm": "8", "ProjectedTaxesAbatedCity": "$928,982.00 ", "ProjectedTaxesAbatedCounty": "$1,196,835.00 ", "Approved_Date": null, "RampUpPeriod": 2, "ProjectedNewJobs": "104", "ProjectedAveragePayrollOfNewJobs": "$54,529.00 ", "TotalNewPayroll": "$5,671,016.00 ", "ProjectedRetainedJobs": "0", "ProjectedAveragePayrollOfRetainedJobs": " $-   ", "TotalRetainedPayroll": " $-   ", "TotalJobs": "104", "EmploymentDirect": "104", "EmploymentIndirect": "93", "WagesDirect": "$6,896,000.00 ", "WagesIndirect": "$5,054,085.00 ", "ProjectedCapitalInvestment": "$23,648,000.00 ", "RealPropertyInvestment": "$4,148,000.00 ", "PersonalPropertyInvestment": "$19,500,000.00 ", "CommunityReinvestmentCredit": "$3,648,000.00 ", "CapitalInvestmentNotInPilot": " $-   ", "ProjectedMWBE_LOSBSpending": "$560,250.00 ", "MWBE_LOSBSpendingConstruction": "$218,750.00 ", "MWBE_LOSBSpendingOperations": "$341,500.00 ", "TotalCapitalInvestment": "$23,648,000.00 ", "TotalIncentiveProvided": "$2,125,817.00 ", "TotalNewTaxRevenues": "$4,271,495.00 ", "BenefitCostRatio": 2.01, "Latitude": 35.040911, "Longitude": -89.873898, "Main_Address": "5750 Challenge Drive", "City": "Memphis", "State": "TN", "ZIP_Code": 38115, "ParcelID": "093400 00543", "ObjectId": 114}}, {"type": "Feature", "id": 115, "geometry": {"type": "Point", "coordinates": [-89.9098886, 35.1161402]}, "properties": {"ProjectNumber": 20151101, "CompanyName": "LEDIC Management Group, LLC", "CityCouncilDistrict": 5, "CountyCommissionDistrict": 4, "ProjectType": "Office/HQ", "PilotType": "Standard/Basic", "PilotStatus": "Terminated", "PilotTerm": "5", "ProjectedTaxesAbatedCity": "$184,984.00 ", "ProjectedTaxesAbatedCounty": "$238,321.00 ", "Approved_Date": null, "RampUpPeriod": 2, "ProjectedNewJobs": "70", "ProjectedAveragePayrollOfNewJobs": "$42,491.00 ", "TotalNewPayroll": "$2,974,370.00 ", "ProjectedRetainedJobs": "0", "ProjectedAveragePayrollOfRetainedJobs": " $-   ", "TotalRetainedPayroll": " $-   ", "TotalJobs": "70", "EmploymentDirect": "70", "EmploymentIndirect": "88", "WagesDirect": "$3,803,800.00 ", "WagesIndirect": "$4,782,360.00 ", "ProjectedCapitalInvestment": "$12,179,020.00 ", "RealPropertyInvestment": "$2,300,000.00 ", "PersonalPropertyInvestment": "$2,200,000.00 ", "CommunityReinvestmentCredit": "$1,229,020.00 ", "CapitalInvestmentNotInPilot": "$6,450,000.00 ", "ProjectedMWBE_LOSBSpending": "$4,000,000.00 ", "MWBE_LOSBSpendingConstruction": "$800,000.00 ", "MWBE_LOSBSpendingOperations": "$3,200,000.00 ", "TotalCapitalInvestment": "$12,179,020.00 ", "TotalIncentiveProvided": "$423,305.00 ", "TotalNewTaxRevenues": "$1,668,602.00 ", "BenefitCostRatio": 3.93, "Latitude": 35.1161402, "Longitude": -89.9098886, "Main_Address": "555 S Perkins Road", "City": "Memphis", "State": "TN", "ZIP_Code": 38117, "ParcelID": "057012 00027", "ObjectId": 115}}, {"type": "Feature", "id": 116, "geometry": {"type": "Point", "coordinates": [-90.0366364, 35.1568548]}, "properties": {"ProjectNumber": 20151002, "CompanyName": "MLB Uptown", "CityCouncilDistrict": 7, "CountyCommissionDistrict": 8, "ProjectType": "Neighborhood Project", "PilotType": "Community Builder", "PilotStatus": "Approved", "PilotTerm": "15", "ProjectedTaxesAbatedCity": "$413,712.00 ", "ProjectedTaxesAbatedCounty": "$531,742.00 ", "Approved_Date": null, "RampUpPeriod": 0, "ProjectedNewJobs": "0", "ProjectedAveragePayrollOfNewJobs": " $-   ", "TotalNewPayroll": " $-   ", "ProjectedRetainedJobs": "0", "ProjectedAveragePayrollOfRetainedJobs": " $-   ", "TotalRetainedPayroll": " $-   ", "TotalJobs": "0", "EmploymentDirect": "0", "EmploymentIndirect": "0", "WagesDirect": " $-   ", "WagesIndirect": " $-   ", "ProjectedCapitalInvestment": "$4,504,000.00 ", "RealPropertyInvestment": "$1,950,000.00 ", "PersonalPropertyInvestment": "$1,800,000.00 ", "CommunityReinvestmentCredit": "$754,000.00 ", "CapitalInvestmentNotInPilot": "$1,067,000.00 ", "ProjectedMWBE_LOSBSpending": "$292,500.00 ", "MWBE_LOSBSpendingConstruction": "$292,500.00 ", "MWBE_LOSBSpendingOperations": " $-   ", "TotalCapitalInvestment": "$5,571,000.00 ", "TotalIncentiveProvided": "$945,454.00 ", "TotalNewTaxRevenues": "$315,151.00 ", "BenefitCostRatio": 0.33, "Latitude": 35.1568548, "Longitude": -90.0366364, "Main_Address": "544 Jackson Avenue", "City": "Memphis", "State": "TN", "ZIP_Code": 38105, "ParcelID": "001107 00001", "ObjectId": 116}}, {"type": "Feature", "id": 117, "geometry": {"type": "Point", "coordinates": [-89.9610862, 35.1455508]}, "properties": {"ProjectNumber": 20151001, "CompanyName": "Binghampton Gateway Center", "CityCouncilDistrict": 5, "CountyCommissionDistrict": 7, "ProjectType": "Neighborhood Project", "PilotType": "Community Builder", "PilotStatus": "Approved", "PilotTerm": "15", "ProjectedTaxesAbatedCity": "$813,125.00 ", "ProjectedTaxesAbatedCounty": "$1,047,571.00 ", "Approved_Date": null, "RampUpPeriod": 5, "ProjectedNewJobs": "0", "ProjectedAveragePayrollOfNewJobs": " $-   ", "TotalNewPayroll": " $-   ", "ProjectedRetainedJobs": "0", "ProjectedAveragePayrollOfRetainedJobs": " $-   ", "TotalRetainedPayroll": " $-   ", "TotalJobs": "0", "EmploymentDirect": "0", "EmploymentIndirect": "0", "WagesDirect": " $-   ", "WagesIndirect": " $-   ", "ProjectedCapitalInvestment": "$6,845,255.00 ", "RealPropertyInvestment": "$5,321,595.00 ", "PersonalPropertyInvestment": " $-   ", "CommunityReinvestmentCredit": " $-   ", "CapitalInvestmentNotInPilot": "$1,523,660.00 ", "ProjectedMWBE_LOSBSpending": "$798,239.00 ", "MWBE_LOSBSpendingConstruction": "$798,239.00 ", "MWBE_LOSBSpendingOperations": " $-   ", "TotalCapitalInvestment": "$6,845,255.00 ", "TotalIncentiveProvided": "$1,860,696.00 ", "TotalNewTaxRevenues": "$620,232.00 ", "BenefitCostRatio": 0.45, "Latitude": 35.1455508, "Longitude": -89.9610862, "Main_Address": "480 Tillman Street", "City": "Memphis", "State": "TN", "ZIP_Code": 38112, "ParcelID": "037042 00046", "ObjectId": 117}}, {"type": "Feature", "id": 118, "geometry": {"type": "Point", "coordinates": [-89.89078, 35.1762371]}, "properties": {"ProjectNumber": 20150802, "CompanyName": "State Systems, Inc.", "CityCouncilDistrict": 1, "CountyCommissionDistrict": 6, "ProjectType": "Office/HQ", "PilotType": "Standard/Basic", "PilotStatus": "Terminated", "PilotTerm": "4", "ProjectedTaxesAbatedCity": "$63,662.00 ", "ProjectedTaxesAbatedCounty": "$76,706.00 ", "Approved_Date": null, "RampUpPeriod": 2, "ProjectedNewJobs": "25", "ProjectedAveragePayrollOfNewJobs": "$49,081.00 ", "TotalNewPayroll": "$1,227,025.00 ", "ProjectedRetainedJobs": "0", "ProjectedAveragePayrollOfRetainedJobs": " $-   ", "TotalRetainedPayroll": " $-   ", "TotalJobs": "25", "EmploymentDirect": "25", "EmploymentIndirect": "10", "WagesDirect": "$1,521,525.00 ", "WagesIndirect": "$543,450.00 ", "ProjectedCapitalInvestment": "$1,650,000.00 ", "RealPropertyInvestment": "$250,000.00 ", "PersonalPropertyInvestment": "$150,000.00 ", "CommunityReinvestmentCredit": "$1,135,200.00 ", "CapitalInvestmentNotInPilot": "$114,800.00 ", "ProjectedMWBE_LOSBSpending": "$402,500.00 ", "MWBE_LOSBSpendingConstruction": "$62,500.00 ", "MWBE_LOSBSpendingOperations": "$340,000.00 ", "TotalCapitalInvestment": "$1,650,000.00 ", "TotalIncentiveProvided": "$140,368.00 ", "TotalNewTaxRevenues": "$412,051.00 ", "BenefitCostRatio": 2.94, "Latitude": 35.1762371, "Longitude": -89.89078, "Main_Address": "1861 Vanderhorn Drive", "City": "Memphis", "State": "TN", "ZIP_Code": 38134, "ParcelID": "088040 A00024C", "ObjectId": 118}}, {"type": "Feature", "id": 119, "geometry": {"type": "Point", "coordinates": [-89.882372, 35.032192]}, "properties": {"ProjectNumber": 20150801, "CompanyName": "Solae, LLC", "CityCouncilDistrict": 3, "CountyCommissionDistrict": 11, "ProjectType": "Distribution", "PilotType": "Retention", "PilotStatus": "Approved", "PilotTerm": "11", "ProjectedTaxesAbatedCity": "$2,144,132.00 ", "ProjectedTaxesAbatedCounty": "$2,762,349.00 ", "Approved_Date": null, "RampUpPeriod": 2, "ProjectedNewJobs": "0", "ProjectedAveragePayrollOfNewJobs": " $-   ", "TotalNewPayroll": " $-   ", "ProjectedRetainedJobs": "276", "ProjectedAveragePayrollOfRetainedJobs": "$62,961.00 ", "TotalRetainedPayroll": " $-   ", "TotalJobs": "276", "EmploymentDirect": "276", "EmploymentIndirect": "698", "WagesDirect": "$22,160,600.00 ", "WagesIndirect": "$37,932,810.00 ", "ProjectedCapitalInvestment": "$32,606,579.00 ", "RealPropertyInvestment": "$250,000.00 ", "PersonalPropertyInvestment": "$20,000,000.00 ", "CommunityReinvestmentCredit": "$12,356,579.00 ", "CapitalInvestmentNotInPilot": " $-   ", "ProjectedMWBE_LOSBSpending": "$12,562,500.00 ", "MWBE_LOSBSpendingConstruction": "$62,500.00 ", "MWBE_LOSBSpendingOperations": "$12,500,000.00 ", "TotalCapitalInvestment": "$32,606,579.00 ", "TotalIncentiveProvided": "$4,906,481.00 ", "TotalNewTaxRevenues": "$18,866,887.00 ", "BenefitCostRatio": 3.85, "Latitude": 35.032192, "Longitude": -89.882372, "Main_Address": "4272 South Mendenhall Road", "City": "Memphis", "State": "TN", "ZIP_Code": 38141, "ParcelID": "094100 00292, 093400 00506", "ObjectId": 119}}, {"type": "Feature", "id": 120, "geometry": {"type": "Point", "coordinates": [-89.946008, 35.038943]}, "properties": {"ProjectNumber": 20150601, "CompanyName": "Dayco Products, LLC", "CityCouncilDistrict": 3, "CountyCommissionDistrict": 10, "ProjectType": "Distribution", "PilotType": "Standard/Basic", "PilotStatus": "Terminated", "PilotTerm": "5", "ProjectedTaxesAbatedCity": "$527,636.00 ", "ProjectedTaxesAbatedCounty": "$635,561.00 ", "Approved_Date": null, "RampUpPeriod": 2, "ProjectedNewJobs": "174", "ProjectedAveragePayrollOfNewJobs": "$26,753.00 ", "TotalNewPayroll": "$4,655,022.00 ", "ProjectedRetainedJobs": "0", "ProjectedAveragePayrollOfRetainedJobs": " $-   ", "TotalRetainedPayroll": " $-   ", "TotalJobs": "174", "EmploymentDirect": "174", "EmploymentIndirect": "163", "WagesDirect": "$5,818,734.00 ", "WagesIndirect": "$8,858,235.00 ", "ProjectedCapitalInvestment": "$11,284,400.00 ", "RealPropertyInvestment": "$8,284,400.00 ", "PersonalPropertyInvestment": "$3,000,000.00 ", "CommunityReinvestmentCredit": "$7,884,400.00 ", "CapitalInvestmentNotInPilot": " $-   ", "ProjectedMWBE_LOSBSpending": "$1,077,730.00 ", "MWBE_LOSBSpendingConstruction": "$104,961.00 ", "MWBE_LOSBSpendingOperations": "$972,769.00 ", "TotalCapitalInvestment": "$11,284,400.00 ", "TotalIncentiveProvided": "$1,163,197.00 ", "TotalNewTaxRevenues": "$3,584,248.00 ", "BenefitCostRatio": 3.08, "Latitude": 35.038943, "Longitude": -89.946008, "Main_Address": "3530 Raines Road", "City": "Memphis", "State": "TN", "ZIP_Code": 38118, "ParcelID": "073088 00201, 094200 00420", "ObjectId": 120}}, {"type": "Feature", "id": 121, "geometry": {"type": "Point", "coordinates": [-89.854339, 35.018954]}, "properties": {"ProjectNumber": 20150301, "CompanyName": "Impact Innovations, Inc. 2", "CityCouncilDistrict": 3, "CountyCommissionDistrict": 12, "ProjectType": "None", "PilotType": "Standard/Basic", "PilotStatus": "Terminated", "PilotTerm": "3", "ProjectedTaxesAbatedCity": "$134,624.00 ", "ProjectedTaxesAbatedCounty": "$162,217.00 ", "Approved_Date": null, "RampUpPeriod": 1, "ProjectedNewJobs": "45", "ProjectedAveragePayrollOfNewJobs": "$53,636.00 ", "TotalNewPayroll": "$2,413,620.00 ", "ProjectedRetainedJobs": "0", "ProjectedAveragePayrollOfRetainedJobs": " $-   ", "TotalRetainedPayroll": " $-   ", "TotalJobs": "45", "EmploymentDirect": "45", "EmploymentIndirect": "71", "WagesDirect": "$3,017,025.00 ", "WagesIndirect": "$3,516,914.00 ", "ProjectedCapitalInvestment": "$1,285,000.00 ", "RealPropertyInvestment": "$285,000.00 ", "PersonalPropertyInvestment": "$1,000,000.00 ", "CommunityReinvestmentCredit": " $-   ", "CapitalInvestmentNotInPilot": "$750,000.00 ", "ProjectedMWBE_LOSBSpending": "$2,509,001.00 ", "MWBE_LOSBSpendingConstruction": "$91,000.00 ", "MWBE_LOSBSpendingOperations": "$159,900.00 ", "TotalCapitalInvestment": "$2,035,000.00 ", "TotalIncentiveProvided": "$296,841.00 ", "TotalNewTaxRevenues": "$2,373,232.00 ", "BenefitCostRatio": 1.21, "Latitude": 35.018954, "Longitude": -89.854339, "Main_Address": "6269 East Shelby Drive", "City": "Memphis", "State": "TN", "ZIP_Code": 38141, "ParcelID": "093700 00574C", "ObjectId": 121}}, {"type": "Feature", "id": 122, "geometry": {"type": "Point", "coordinates": [-89.9067184, 35.0156544]}, "properties": {"ProjectNumber": 20150201, "CompanyName": "Coca-Cola Refreshments USA, Inc.", "CityCouncilDistrict": 3, "CountyCommissionDistrict": 11, "ProjectType": "Distribution", "PilotType": "Retention", "PilotStatus": "Approved", "PilotTerm": "15", "ProjectedTaxesAbatedCity": "$1,526,539.00 ", "ProjectedTaxesAbatedCounty": "$1,966,686.00 ", "Approved_Date": null, "RampUpPeriod": 2, "ProjectedNewJobs": "50", "ProjectedAveragePayrollOfNewJobs": "$39,913.00 ", "TotalNewPayroll": "$1,995,650.00 ", "ProjectedRetainedJobs": "317", "ProjectedAveragePayrollOfRetainedJobs": "$39,793.00 ", "TotalRetainedPayroll": " $-   ", "TotalJobs": "367", "EmploymentDirect": "367", "EmploymentIndirect": "755", "WagesDirect": "$18,262,539.00 ", "WagesIndirect": "$40,979,890.00 ", "ProjectedCapitalInvestment": "$10,039,000.00 ", "RealPropertyInvestment": "$3,991,000.00 ", "PersonalPropertyInvestment": "$809,000.00 ", "CommunityReinvestmentCredit": "$5,239,000.00 ", "CapitalInvestmentNotInPilot": " $-   ", "ProjectedMWBE_LOSBSpending": "$3,221,329.00 ", "MWBE_LOSBSpendingConstruction": "$636,290.00 ", "MWBE_LOSBSpendingOperations": "$2,585,039.00 ", "TotalCapitalInvestment": "$10,039,000.00 ", "TotalIncentiveProvided": "$3,493,225.00 ", "TotalNewTaxRevenues": "$27,339,598.00 ", "BenefitCostRatio": 7.83, "Latitude": 35.0156544, "Longitude": -89.9067184, "Main_Address": "4770 Southpoint Drive", "City": "Memphis", "State": "TN", "ZIP_Code": 38118, "ParcelID": "094200 00431", "ObjectId": 122}}, {"type": "Feature", "id": 123, "geometry": {"type": "Point", "coordinates": [-89.7986837, 35.1902921]}, "properties": {"ProjectNumber": 20150101, "CompanyName": "IKEA Property, Inc.", "CityCouncilDistrict": 1, "CountyCommissionDistrict": 1, "ProjectType": "Retail", "PilotType": "Standard/Basic", "PilotStatus": "Approved", "PilotTerm": "11.8", "ProjectedTaxesAbatedCity": "$5,031,359.00 ", "ProjectedTaxesAbatedCounty": "$5,705,979.00 ", "Approved_Date": null, "RampUpPeriod": 2, "ProjectedNewJobs": "175", "ProjectedAveragePayrollOfNewJobs": "$41,011.00 ", "TotalNewPayroll": "$7,176,925.00 ", "ProjectedRetainedJobs": "0", "ProjectedAveragePayrollOfRetainedJobs": " $-   ", "TotalRetainedPayroll": " $-   ", "TotalJobs": "175", "EmploymentDirect": "175", "EmploymentIndirect": "260", "WagesDirect": "$7,597,695.00 ", "WagesIndirect": "$4,613,630.00 ", "ProjectedCapitalInvestment": "$64,269,000.00 ", "RealPropertyInvestment": "$31,516,000.00 ", "PersonalPropertyInvestment": "$11,738,000.00 ", "CommunityReinvestmentCredit": " $-   ", "CapitalInvestmentNotInPilot": "$21,015,000.00 ", "ProjectedMWBE_LOSBSpending": "$3,437,500.00 ", "MWBE_LOSBSpendingConstruction": "$2,500,000.00 ", "MWBE_LOSBSpendingOperations": "$937,500.00 ", "TotalCapitalInvestment": "$64,269,000.00 ", "TotalIncentiveProvided": "$10,737,338.00 ", "TotalNewTaxRevenues": "$17,595,951.00 ", "BenefitCostRatio": 1.64, "Latitude": 35.1902921, "Longitude": -89.7986837, "Main_Address": "7900 Ikea Way", "City": "Memphis", "State": "TN", "ZIP_Code": 38016, "ParcelID": "096500 00740", "ObjectId": 123}}, {"type": "Feature", "id": 124, "geometry": {"type": "Point", "coordinates": [-89.871852, 35.0370282]}, "properties": {"ProjectNumber": 20141202, "CompanyName": "Cummins, Inc.", "CityCouncilDistrict": 3, "CountyCommissionDistrict": 11, "ProjectType": "Distribution", "PilotType": "Retention", "PilotStatus": "Approved", "PilotTerm": "15", "ProjectedTaxesAbatedCity": "$5,652,442.00 ", "ProjectedTaxesAbatedCounty": "$7,282,208.00 ", "Approved_Date": null, "RampUpPeriod": 2, "ProjectedNewJobs": "70", "ProjectedAveragePayrollOfNewJobs": "$36,639.00 ", "TotalNewPayroll": "$2,564,730.00 ", "ProjectedRetainedJobs": "897", "ProjectedAveragePayrollOfRetainedJobs": "$37,800.00 ", "TotalRetainedPayroll": " $-   ", "TotalJobs": "967", "EmploymentDirect": "967", "EmploymentIndirect": "959", "WagesDirect": "$44,388,979.00 ", "WagesIndirect": "$52,052,602.00 ", "ProjectedCapitalInvestment": "$37,216,100.00 ", "RealPropertyInvestment": "$34,161,100.00 ", "PersonalPropertyInvestment": "$3,055,000.00 ", "CommunityReinvestmentCredit": "$27,761,100.00 ", "CapitalInvestmentNotInPilot": " $-   ", "ProjectedMWBE_LOSBSpending": "$7,101,204.00 ", "MWBE_LOSBSpendingConstruction": "$2,690,000.00 ", "MWBE_LOSBSpendingOperations": "$4,411,204.00 ", "TotalCapitalInvestment": "$37,216,100.00 ", "TotalIncentiveProvided": "$12,934,650.00 ", "TotalNewTaxRevenues": "$59,654,475.00 ", "BenefitCostRatio": 4.61, "Latitude": 35.0370282, "Longitude": -89.871852, "Main_Address": "4155 Quest Way", "City": "Memphis", "State": "TN", "ZIP_Code": 38115, "ParcelID": "093400 00549", "ObjectId": 124}}, {"type": "Feature", "id": 125, "geometry": {"type": "Point", "coordinates": [-89.8853981, 35.0011542]}, "properties": {"ProjectNumber": 20141201, "CompanyName": "Target Corporation", "CityCouncilDistrict": 3, "CountyCommissionDistrict": 11, "ProjectType": "Distribution", "PilotType": "Standard/Basic", "PilotStatus": "Terminated", "PilotTerm": "15", "ProjectedTaxesAbatedCity": "$5,318,782.00 ", "ProjectedTaxesAbatedCounty": "$6,852,343.00 ", "Approved_Date": null, "RampUpPeriod": 2, "ProjectedNewJobs": "462", "ProjectedAveragePayrollOfNewJobs": "$28,456.00 ", "TotalNewPayroll": "$13,146,672.00 ", "ProjectedRetainedJobs": "0", "ProjectedAveragePayrollOfRetainedJobs": " $-   ", "TotalRetainedPayroll": " $-   ", "TotalJobs": "462", "EmploymentDirect": "462", "EmploymentIndirect": "225", "WagesDirect": "$18,198,922.00 ", "WagesIndirect": "$12,212,550.00 ", "ProjectedCapitalInvestment": "$69,119,545.00 ", "RealPropertyInvestment": "$3,355,000.00 ", "PersonalPropertyInvestment": "$48,925,045.00 ", "CommunityReinvestmentCredit": "$16,839,500.00 ", "CapitalInvestmentNotInPilot": " $-   ", "ProjectedMWBE_LOSBSpending": "$12,198,000.00 ", "MWBE_LOSBSpendingConstruction": "$1,500,000.00 ", "MWBE_LOSBSpendingOperations": "$10,698,000.00 ", "TotalCapitalInvestment": "$69,119,545.00 ", "TotalIncentiveProvided": "$12,171,125.00 ", "TotalNewTaxRevenues": "$27,262,007.00 ", "BenefitCostRatio": 2.24, "Latitude": 35.0011542, "Longitude": -89.8853981, "Main_Address": "5461 Davidson Road", "City": "Memphis", "State": "TN", "ZIP_Code": 38118, "ParcelID": "094200 00494, 094200 00446", "ObjectId": 125}}, {"type": "Feature", "id": 126, "geometry": {"type": "Point", "coordinates": [-89.8952366, 35.007446]}, "properties": {"ProjectNumber": 20141003, "CompanyName": "FedEx SupplyChain Systems, Inc.", "CityCouncilDistrict": 3, "CountyCommissionDistrict": 11, "ProjectType": "Distribution", "PilotType": "Standard/Basic", "PilotStatus": "Terminated", "PilotTerm": "5", "ProjectedTaxesAbatedCity": "$296,740.00 ", "ProjectedTaxesAbatedCounty": "$382,300.00 ", "Approved_Date": null, "RampUpPeriod": 2, "ProjectedNewJobs": "87", "ProjectedAveragePayrollOfNewJobs": "$31,747.00 ", "TotalNewPayroll": "$2,761,989.00 ", "ProjectedRetainedJobs": "0", "ProjectedAveragePayrollOfRetainedJobs": " $-   ", "TotalRetainedPayroll": " $-   ", "TotalJobs": "87", "EmploymentDirect": "87", "EmploymentIndirect": "82", "WagesDirect": "$3,584,800.00 ", "WagesIndirect": "$4,450,796.00 ", "ProjectedCapitalInvestment": "$6,820,800.00 ", "RealPropertyInvestment": "$4,320,800.00 ", "PersonalPropertyInvestment": "$2,500,000.00 ", "CommunityReinvestmentCredit": "$4,320,800.00 ", "CapitalInvestmentNotInPilot": " $-   ", "ProjectedMWBE_LOSBSpending": "$392,500.00 ", "MWBE_LOSBSpendingConstruction": "$392,500.00 ", "MWBE_LOSBSpendingOperations": " $-   ", "TotalCapitalInvestment": "$6,820,800.00 ", "TotalIncentiveProvided": "$679,040.00 ", "TotalNewTaxRevenues": "$1,856,818.00 ", "BenefitCostRatio": 2.73, "Latitude": 35.007446, "Longitude": -89.8952366, "Main_Address": "5050 East Holmes Road", "City": "Memphis", "State": "TN", "ZIP_Code": 38118, "ParcelID": "094200 00544", "ObjectId": 126}}, {"type": "Feature", "id": 127, "geometry": {"type": "Point", "coordinates": [-89.9135102, 35.02295935]}, "properties": {"ProjectNumber": 20141002, "CompanyName": "ACS Clothing Limited", "CityCouncilDistrict": 3, "CountyCommissionDistrict": 11, "ProjectType": "Distribution", "PilotType": "Standard/Basic", "PilotStatus": "Terminated", "PilotTerm": "5", "ProjectedTaxesAbatedCity": "$480,623.00 ", "ProjectedTaxesAbatedCounty": "$619,201.00 ", "Approved_Date": null, "RampUpPeriod": 2, "ProjectedNewJobs": "125", "ProjectedAveragePayrollOfNewJobs": "$33,767.00 ", "TotalNewPayroll": "$4,220,875.00 ", "ProjectedRetainedJobs": "0", "ProjectedAveragePayrollOfRetainedJobs": " $-   ", "TotalRetainedPayroll": " $-   ", "TotalJobs": "125", "EmploymentDirect": "125", "EmploymentIndirect": "117", "WagesDirect": "$5,065,050.00 ", "WagesIndirect": "$6,350,526.00 ", "ProjectedCapitalInvestment": "$16,659,480.00 ", "RealPropertyInvestment": "$600,000.00 ", "PersonalPropertyInvestment": "$9,516,000.00 ", "CommunityReinvestmentCredit": "$3,823,480.00 ", "CapitalInvestmentNotInPilot": "$2,720,000.00 ", "ProjectedMWBE_LOSBSpending": "$963,445.00 ", "MWBE_LOSBSpendingConstruction": "$342,000.00 ", "MWBE_LOSBSpendingOperations": "$621,445.00 ", "TotalCapitalInvestment": "$16,659,480.00 ", "TotalIncentiveProvided": "$1,099,824.00 ", "TotalNewTaxRevenues": "$2,787,939.00 ", "BenefitCostRatio": 2.53, "Latitude": 35.02295935, "Longitude": -89.9135102, "Main_Address": "4400 Quality Drive", "City": "Memphis", "State": "TN", "ZIP_Code": 38118, "ParcelID": "093301 A00004", "ObjectId": 127}}, {"type": "Feature", "id": 128, "geometry": {"type": "Point", "coordinates": [-89.9321938, 35.004761]}, "properties": {"ProjectNumber": 20141001, "CompanyName": "Benchmark Education Company", "CityCouncilDistrict": 3, "CountyCommissionDistrict": 11, "ProjectType": "Distribution", "PilotType": "Standard/Basic", "PilotStatus": "Approved", "PilotTerm": "4", "ProjectedTaxesAbatedCity": "$190,851.00 ", "ProjectedTaxesAbatedCounty": "$245,880.00 ", "Approved_Date": null, "RampUpPeriod": 2, "ProjectedNewJobs": "60", "ProjectedAveragePayrollOfNewJobs": "$33,593.00 ", "TotalNewPayroll": "$2,015,580.00 ", "ProjectedRetainedJobs": "0", "ProjectedAveragePayrollOfRetainedJobs": " $-   ", "TotalRetainedPayroll": " $-   ", "TotalJobs": "60", "EmploymentDirect": "60", "EmploymentIndirect": "56", "WagesDirect": "$2,277,600.00 ", "WagesIndirect": "$3,039,568.00 ", "ProjectedCapitalInvestment": "$4,661,625.00 ", "RealPropertyInvestment": "$650,000.00 ", "PersonalPropertyInvestment": "$500,000.00 ", "CommunityReinvestmentCredit": "$3,511,625.00 ", "CapitalInvestmentNotInPilot": " $-   ", "ProjectedMWBE_LOSBSpending": "$47,500.00 ", "MWBE_LOSBSpendingConstruction": " $-   ", "MWBE_LOSBSpendingOperations": "$47,500.00 ", "TotalCapitalInvestment": "$4,661,625.00 ", "TotalIncentiveProvided": "$436,732.00 ", "TotalNewTaxRevenues": "$1,026,244.00 ", "BenefitCostRatio": 2.35, "Latitude": 35.004761, "Longitude": -89.9321938, "Main_Address": "3955 East Holmes Road", "City": "Memphis", "State": "TN", "ZIP_Code": 38118, "ParcelID": "094100 00153, 094200 00517C", "ObjectId": 128}}, {"type": "Feature", "id": 129, "geometry": {"type": "Point", "coordinates": [-89.9214889, 35.040161]}, "properties": {"ProjectNumber": 20140601, "CompanyName": "Re-Cy, LLC", "CityCouncilDistrict": 3, "CountyCommissionDistrict": 10, "ProjectType": "Manufacturing", "PilotType": "Standard/Basic", "PilotStatus": "Approved", "PilotTerm": "4", "ProjectedTaxesAbatedCity": "$191,056.00 ", "ProjectedTaxesAbatedCounty": "$246,143.00 ", "Approved_Date": null, "RampUpPeriod": 2, "ProjectedNewJobs": "36", "ProjectedAveragePayrollOfNewJobs": "$40,962.00 ", "TotalNewPayroll": "$1,474,632.00 ", "ProjectedRetainedJobs": "0", "ProjectedAveragePayrollOfRetainedJobs": " $-   ", "TotalRetainedPayroll": " $-   ", "TotalJobs": "36", "EmploymentDirect": "36", "EmploymentIndirect": "45", "WagesDirect": "$7,185,137.00 ", "WagesIndirect": "$9,227,260.00 ", "ProjectedCapitalInvestment": "$8,935,073.00 ", "RealPropertyInvestment": "$300,000.00 ", "PersonalPropertyInvestment": "$4,850,000.00 ", "CommunityReinvestmentCredit": "$2,152,752.00 ", "CapitalInvestmentNotInPilot": " $-   ", "ProjectedMWBE_LOSBSpending": "$275,625.00 ", "MWBE_LOSBSpendingConstruction": "$258,125.00 ", "MWBE_LOSBSpendingOperations": "$17,500.00 ", "TotalCapitalInvestment": "$8,935,073.00 ", "TotalIncentiveProvided": "$437,199.00 ", "TotalNewTaxRevenues": "$763,265.00 ", "BenefitCostRatio": 1.75, "Latitude": 35.040161, "Longitude": -89.9214889, "Main_Address": "3970 Delp Street", "City": "Memphis", "State": "TN", "ZIP_Code": 38118, "ParcelID": "073037 00052", "ObjectId": 129}}, {"type": "Feature", "id": 130, "geometry": {"type": "Point", "coordinates": [-89.992258, 35.093451]}, "properties": {"ProjectNumber": 20140501, "CompanyName": "ABF Freight System", "CityCouncilDistrict": 4, "CountyCommissionDistrict": 10, "ProjectType": "Distribution", "PilotType": "Standard/Basic", "PilotStatus": "Terminated", "PilotTerm": "14", "ProjectedTaxesAbatedCity": "$1,776,439.00 ", "ProjectedTaxesAbatedCounty": "$2,288,639.00 ", "Approved_Date": null, "RampUpPeriod": 3, "ProjectedNewJobs": "283", "ProjectedAveragePayrollOfNewJobs": "$73,546.00 ", "TotalNewPayroll": "$20,813,518.00 ", "ProjectedRetainedJobs": "0", "ProjectedAveragePayrollOfRetainedJobs": " $-   ", "TotalRetainedPayroll": " $-   ", "TotalJobs": "283", "EmploymentDirect": "283", "EmploymentIndirect": "345", "WagesDirect": "$30,365,334.00 ", "WagesIndirect": "$18,725,910.00 ", "ProjectedCapitalInvestment": "$20,550,000.00 ", "RealPropertyInvestment": "$18,050,000.00 ", "PersonalPropertyInvestment": "$2,500,000.00 ", "CommunityReinvestmentCredit": "$1.00 ", "CapitalInvestmentNotInPilot": " $-   ", "ProjectedMWBE_LOSBSpending": "$7,622,434.00 ", "MWBE_LOSBSpendingConstruction": "$6,055,000.00 ", "MWBE_LOSBSpendingOperations": "$1,567,434.00 ", "TotalCapitalInvestment": "$20,550,000.00 ", "TotalIncentiveProvided": "$4,065,078.00 ", "TotalNewTaxRevenues": "$21,562,029.00 ", "BenefitCostRatio": 5.3, "Latitude": 35.093451, "Longitude": -89.992258, "Main_Address": "2080 Dunn Avenue", "City": "Memphis", "State": "TN", "ZIP_Code": 38114, "ParcelID": "060108 00006, 060108 00007C, 060108 00010C", "ObjectId": 130}}, {"type": "Feature", "id": 131, "geometry": {"type": "Point", "coordinates": [-89.9476541, 35.0530871]}, "properties": {"ProjectNumber": 20140401, "CompanyName": "Continental Tire", "CityCouncilDistrict": 3, "CountyCommissionDistrict": 10, "ProjectType": "Distribution", "PilotType": "Standard/Basic", "PilotStatus": "Approved", "PilotTerm": "5", "ProjectedTaxesAbatedCity": "$70,499.00 ", "ProjectedTaxesAbatedCounty": "$90,826.00 ", "Approved_Date": null, "RampUpPeriod": 2, "ProjectedNewJobs": "25", "ProjectedAveragePayrollOfNewJobs": "$41,814.00 ", "TotalNewPayroll": "$1,045,350.00 ", "ProjectedRetainedJobs": "0", "ProjectedAveragePayrollOfRetainedJobs": " $-   ", "TotalRetainedPayroll": " $-   ", "TotalJobs": "25", "EmploymentDirect": "25", "EmploymentIndirect": "32", "WagesDirect": "$1,426,175.00 ", "WagesIndirect": "$1,736,896.00 ", "ProjectedCapitalInvestment": "$1,525,000.00 ", "RealPropertyInvestment": "$200,000.00 ", "PersonalPropertyInvestment": "$1,325,000.00 ", "CommunityReinvestmentCredit": "$541,100.00 ", "CapitalInvestmentNotInPilot": " $-   ", "ProjectedMWBE_LOSBSpending": "$340,500.00 ", "MWBE_LOSBSpendingConstruction": " $-   ", "MWBE_LOSBSpendingOperations": "$340,500.00 ", "TotalCapitalInvestment": "$1,525,000.00 ", "TotalIncentiveProvided": "$161,325.00 ", "TotalNewTaxRevenues": "$616,281.00 ", "BenefitCostRatio": 3.82, "Latitude": 35.0530871, "Longitude": -89.9476541, "Main_Address": "3474 Winchester", "City": "Memphis", "State": "TN", "ZIP_Code": 38118, "ParcelID": "073006 00012", "ObjectId": 131}}, {"type": "Feature", "id": 132, "geometry": {"type": "Point", "coordinates": [-89.7908194, 35.3785297]}, "properties": {"ProjectNumber": 20140201, "CompanyName": "Clean Line", "CityCouncilDistrict": 1, "CountyCommissionDistrict": 1, "ProjectType": "Manufacturing", "PilotType": "Standard/Basic", "PilotStatus": "Approved", "PilotTerm": "11", "ProjectedTaxesAbatedCity": " $-   ", "ProjectedTaxesAbatedCounty": "$24,264,020.00 ", "Approved_Date": null, "RampUpPeriod": 2, "ProjectedNewJobs": "16", "ProjectedAveragePayrollOfNewJobs": "$56,875.00 ", "TotalNewPayroll": "$910,000.00 ", "ProjectedRetainedJobs": "0", "ProjectedAveragePayrollOfRetainedJobs": " $-   ", "TotalRetainedPayroll": " $-   ", "TotalJobs": "16", "EmploymentDirect": "16", "EmploymentIndirect": "24", "WagesDirect": "$1,170,000.00 ", "WagesIndirect": "$1,258,608.00 ", "ProjectedCapitalInvestment": "$259,848,000.00 ", "RealPropertyInvestment": "$20,848,000.00 ", "PersonalPropertyInvestment": "$239,000,000.00 ", "CommunityReinvestmentCredit": " $-   ", "CapitalInvestmentNotInPilot": " $-   ", "ProjectedMWBE_LOSBSpending": "$2,555,000.00 ", "MWBE_LOSBSpendingConstruction": "$2,500,000.00 ", "MWBE_LOSBSpendingOperations": "$55,000.00 ", "TotalCapitalInvestment": "$259,848,000.00 ", "TotalIncentiveProvided": "$23,369,368.00 ", "TotalNewTaxRevenues": "$24,264,020.00 ", "BenefitCostRatio": 1.49, "Latitude": 35.3785297, "Longitude": -89.7908194, "Main_Address": "7195 Miller Road", "City": "Millington", "State": "TN", "ZIP_Code": 38053, "ParcelID": "D0107 00014", "ObjectId": 132}}, {"type": "Feature", "id": 133, "geometry": {"type": "Point", "coordinates": [-89.914689, 35.1163906]}, "properties": {"ProjectNumber": 20131102, "CompanyName": "Monogram Food Solutions", "CityCouncilDistrict": 5, "CountyCommissionDistrict": 4, "ProjectType": "Office/HQ", "PilotType": "Standard/Basic", "PilotStatus": "Terminated", "PilotTerm": "8", "ProjectedTaxesAbatedCity": "$305,267.00 ", "ProjectedTaxesAbatedCounty": "$327,715.00 ", "Approved_Date": null, "RampUpPeriod": 2, "ProjectedNewJobs": "25", "ProjectedAveragePayrollOfNewJobs": "$85,120.00 ", "TotalNewPayroll": "$2,128,000.00 ", "ProjectedRetainedJobs": "0", "ProjectedAveragePayrollOfRetainedJobs": " $-   ", "TotalRetainedPayroll": " $-   ", "TotalJobs": "25", "EmploymentDirect": "25", "EmploymentIndirect": "31", "WagesDirect": "$3,315,400.00 ", "WagesIndirect": "$1,625,702.00 ", "ProjectedCapitalInvestment": "$3,539,878.00 ", "RealPropertyInvestment": "$1,600,000.00 ", "PersonalPropertyInvestment": "$500,000.00 ", "CommunityReinvestmentCredit": "$1,439,878.00 ", "CapitalInvestmentNotInPilot": " $-   ", "ProjectedMWBE_LOSBSpending": "$410,000.00 ", "MWBE_LOSBSpendingConstruction": "$375,000.00 ", "MWBE_LOSBSpendingOperations": "$35,000.00 ", "TotalCapitalInvestment": "$3,539,878.00 ", "TotalIncentiveProvided": "$632,982.00 ", "TotalNewTaxRevenues": "$1,250,147.00 ", "BenefitCostRatio": 1.98, "Latitude": 35.1163906, "Longitude": -89.914689, "Main_Address": "530 Oak Court Drive", "City": "Memphis", "State": "TN", "ZIP_Code": 38117, "ParcelID": "57012 00038", "ObjectId": 133}}, {"type": "Feature", "id": 134, "geometry": {"type": "Point", "coordinates": [-89.9648748, 35.0503177]}, "properties": {"ProjectNumber": 20131101, "CompanyName": "United Parcel Service 2013", "CityCouncilDistrict": 3, "CountyCommissionDistrict": 10, "ProjectType": "Distribution", "PilotType": "Standard/Basic", "PilotStatus": "Approved", "PilotTerm": "11", "ProjectedTaxesAbatedCity": "$2,641,962.00 ", "ProjectedTaxesAbatedCounty": "$3,403,717.00 ", "Approved_Date": null, "RampUpPeriod": 3, "ProjectedNewJobs": "15", "ProjectedAveragePayrollOfNewJobs": "$42,037.00 ", "TotalNewPayroll": "$630,555.00 ", "ProjectedRetainedJobs": "0", "ProjectedAveragePayrollOfRetainedJobs": " $-   ", "TotalRetainedPayroll": " $-   ", "TotalJobs": "15", "EmploymentDirect": "15", "EmploymentIndirect": "14", "WagesDirect": "$1,001,835.00 ", "WagesIndirect": "$734,188.00 ", "ProjectedCapitalInvestment": "$80,408,629.00 ", "RealPropertyInvestment": "$26,948,750.00 ", "PersonalPropertyInvestment": "$53,459,879.00 ", "CommunityReinvestmentCredit": " $-   ", "CapitalInvestmentNotInPilot": " $-   ", "ProjectedMWBE_LOSBSpending": "$7,250,000.00 ", "MWBE_LOSBSpendingConstruction": "$7,000,000.00 ", "MWBE_LOSBSpendingOperations": "$250,000.00 ", "TotalCapitalInvestment": "$80,408,629.00 ", "TotalIncentiveProvided": "$6,045,679.00 ", "TotalNewTaxRevenues": "$9,778,793.00 ", "BenefitCostRatio": 1.62, "Latitude": 35.0503177, "Longitude": -89.9648748, "Main_Address": "3675 New Swinnea Road", "City": "Memphis", "State": "TN", "ZIP_Code": 38118, "ParcelID": "060176 00009C", "ObjectId": 134}}, {"type": "Feature", "id": 135, "geometry": {"type": "Point", "coordinates": [-89.8763108, 35.1628215]}, "properties": {"ProjectNumber": 20131001, "CompanyName": "NovaCopy", "CityCouncilDistrict": 1, "CountyCommissionDistrict": 5, "ProjectType": "Office/HQ", "PilotType": "Standard/Basic", "PilotStatus": "Terminated", "PilotTerm": "4", "ProjectedTaxesAbatedCity": "$194,335.00 ", "ProjectedTaxesAbatedCounty": "$208,624.00 ", "Approved_Date": null, "RampUpPeriod": 2, "ProjectedNewJobs": "30", "ProjectedAveragePayrollOfNewJobs": "$44,133.00 ", "TotalNewPayroll": "$1,323,990.00 ", "ProjectedRetainedJobs": "0", "ProjectedAveragePayrollOfRetainedJobs": " $-   ", "TotalRetainedPayroll": " $-   ", "TotalJobs": "30", "EmploymentDirect": "30", "EmploymentIndirect": "44", "WagesDirect": "$1,444,000.00 ", "WagesIndirect": "$2,296,316.00 ", "ProjectedCapitalInvestment": "$4,830,000.00 ", "RealPropertyInvestment": "$3,730,000.00 ", "PersonalPropertyInvestment": "$1,100,000.00 ", "CommunityReinvestmentCredit": " $-   ", "CapitalInvestmentNotInPilot": " $-   ", "ProjectedMWBE_LOSBSpending": "$992,500.00 ", "MWBE_LOSBSpendingConstruction": "$850,000.00 ", "MWBE_LOSBSpendingOperations": "$142,500.00 ", "TotalCapitalInvestment": "$4,830,000.00 ", "TotalIncentiveProvided": "$402,959.00 ", "TotalNewTaxRevenues": "$580,776.00 ", "BenefitCostRatio": 1.44, "Latitude": 35.1628215, "Longitude": -89.8763108, "Main_Address": "5520 Shelby Oaks Drive", "City": "Memphis", "State": "TN", "ZIP_Code": 38134, "ParcelID": "089001 00042C", "ObjectId": 135}}, {"type": "Feature", "id": 136, "geometry": {"type": "Point", "coordinates": [-89.8685302, 35.1093519]}, "properties": {"ProjectNumber": 20130901, "CompanyName": "Enoble (National Bankers Trust)", "CityCouncilDistrict": 2, "CountyCommissionDistrict": 4, "ProjectType": "Office/HQ", "PilotType": "Standard/Basic", "PilotStatus": "Terminated", "PilotTerm": "4", "ProjectedTaxesAbatedCity": "$283,886.00 ", "ProjectedTaxesAbatedCounty": "$304,763.00 ", "Approved_Date": null, "RampUpPeriod": 2, "ProjectedNewJobs": "43", "ProjectedAveragePayrollOfNewJobs": "$42,906.00 ", "TotalNewPayroll": "$1,844,958.00 ", "ProjectedRetainedJobs": "0", "ProjectedAveragePayrollOfRetainedJobs": " $-   ", "TotalRetainedPayroll": " $-   ", "TotalJobs": "43", "EmploymentDirect": "43", "EmploymentIndirect": "64", "WagesDirect": "$1,991,344.00 ", "WagesIndirect": "$3,340,096.00 ", "ProjectedCapitalInvestment": "$6,087,879.00 ", "RealPropertyInvestment": "$5,487,879.00 ", "PersonalPropertyInvestment": "$600,000.00 ", "CommunityReinvestmentCredit": "$950,000.00 ", "CapitalInvestmentNotInPilot": " $-   ", "ProjectedMWBE_LOSBSpending": "$1,275,000.00 ", "MWBE_LOSBSpendingConstruction": "$1,125,000.00 ", "MWBE_LOSBSpendingOperations": "$150,000.00 ", "TotalCapitalInvestment": "$6,087,879.00 ", "TotalIncentiveProvided": "$588,649.00 ", "TotalNewTaxRevenues": "$824,887.00 ", "BenefitCostRatio": 1.4, "Latitude": 35.1093519, "Longitude": -89.8685302, "Main_Address": "813 Ridge Lake Blvd", "City": "Memphis", "State": "TN", "ZIP_Code": 38120, "ParcelID": "080023 A00023C", "ObjectId": 136}}, {"type": "Feature", "id": 137, "geometry": {"type": "Point", "coordinates": [-89.9180594, 35.1043394]}, "properties": {"ProjectNumber": 20130801, "CompanyName": "Wright Medical", "CityCouncilDistrict": 5, "CountyCommissionDistrict": 13, "ProjectType": "Office/HQ", "PilotType": "Retention", "PilotStatus": "Approved", "PilotTerm": "15", "ProjectedTaxesAbatedCity": "$2,000,697.00 ", "ProjectedTaxesAbatedCounty": "$2,147,790.00 ", "Approved_Date": null, "RampUpPeriod": 3, "ProjectedNewJobs": "35", "ProjectedAveragePayrollOfNewJobs": "$70,000.00 ", "TotalNewPayroll": "$2,450,000.00 ", "ProjectedRetainedJobs": "225", "ProjectedAveragePayrollOfRetainedJobs": "$108,000.00 ", "TotalRetainedPayroll": " $-   ", "TotalJobs": "260", "EmploymentDirect": "260", "EmploymentIndirect": "326", "WagesDirect": "$33,437,500.00 ", "WagesIndirect": "$17,013,614.00 ", "ProjectedCapitalInvestment": "$10,600,000.00 ", "RealPropertyInvestment": "$5,200,000.00 ", "PersonalPropertyInvestment": "$2,800,000.00 ", "CommunityReinvestmentCredit": " $-   ", "CapitalInvestmentNotInPilot": " $-   ", "ProjectedMWBE_LOSBSpending": "$4,596,413.00 ", "MWBE_LOSBSpendingConstruction": "$1,010,925.00 ", "MWBE_LOSBSpendingOperations": "$3,585,488.00 ", "TotalCapitalInvestment": "$10,600,000.00 ", "TotalIncentiveProvided": "$4,148,487.00 ", "TotalNewTaxRevenues": "$18,908,881.00 ", "BenefitCostRatio": 4.56, "Latitude": 35.1043394, "Longitude": -89.9180594, "Main_Address": "1023 Cherry Road", "City": "Memphis", "State": "TN", "ZIP_Code": 38117, "ParcelID": "058126 00028", "ObjectId": 137}}, {"type": "Feature", "id": 138, "geometry": {"type": "Point", "coordinates": [-90.00543, 35.0882]}, "properties": {"ProjectNumber": 20130619, "CompanyName": "Barnhart Crane and Rigging", "CityCouncilDistrict": 6, "CountyCommissionDistrict": 10, "ProjectType": "Manufacturing", "PilotType": "Standard/Basic", "PilotStatus": "Terminated", "PilotTerm": "11", "ProjectedTaxesAbatedCity": "$316,367.00 ", "ProjectedTaxesAbatedCounty": "$345,210.00 ", "Approved_Date": null, "RampUpPeriod": 2, "ProjectedNewJobs": "20", "ProjectedAveragePayrollOfNewJobs": "$64,532.00 ", "TotalNewPayroll": "$1,290,640.00 ", "ProjectedRetainedJobs": "0", "ProjectedAveragePayrollOfRetainedJobs": " $-   ", "TotalRetainedPayroll": " $-   ", "TotalJobs": "20", "EmploymentDirect": "20", "EmploymentIndirect": "17", "WagesDirect": "$1,449,918.00 ", "WagesIndirect": "$887,213.00 ", "ProjectedCapitalInvestment": "$2,200,000.00 ", "RealPropertyInvestment": "$2,200,000.00 ", "PersonalPropertyInvestment": " $-   ", "CommunityReinvestmentCredit": "$1,102,800.00 ", "CapitalInvestmentNotInPilot": " $-   ", "ProjectedMWBE_LOSBSpending": "$1,189,400.00 ", "MWBE_LOSBSpendingConstruction": "$851,900.00 ", "MWBE_LOSBSpendingOperations": "$337,500.00 ", "TotalCapitalInvestment": "$5,200,000.00 ", "TotalIncentiveProvided": "$661,577.00 ", "TotalNewTaxRevenues": "$838,043.00 ", "BenefitCostRatio": 1.27, "Latitude": 35.0882, "Longitude": -90.00543, "Main_Address": "2085 WE Freeman Drive", "City": "Memphis", "State": "TN", "ZIP_Code": 38114, "ParcelID": "0600092 00041, 0600092 00039, 0600092 00043, 0600092 00045, 0600092 00046, 0600092 00047", "ObjectId": 138}}, {"type": "Feature", "id": 139, "geometry": {"type": "Point", "coordinates": [-89.9935199, 34.9951885]}, "properties": {"ProjectNumber": 20130602, "CompanyName": "Old Dominion Freight Line", "CityCouncilDistrict": 3, "CountyCommissionDistrict": 9, "ProjectType": "Distribution", "PilotType": "Standard/Basic", "PilotStatus": "Approved", "PilotTerm": "9", "ProjectedTaxesAbatedCity": "$2,191,507.00 ", "ProjectedTaxesAbatedCounty": "$2,823,383.00 ", "Approved_Date": null, "RampUpPeriod": 2, "ProjectedNewJobs": "160", "ProjectedAveragePayrollOfNewJobs": "$55,000.00 ", "TotalNewPayroll": "$8,800,000.00 ", "ProjectedRetainedJobs": "0", "ProjectedAveragePayrollOfRetainedJobs": " $-   ", "TotalRetainedPayroll": " $-   ", "TotalJobs": "160", "EmploymentDirect": "160", "EmploymentIndirect": "195", "WagesDirect": "$10,000,000.00 ", "WagesIndirect": "$10,176,855.00 ", "ProjectedCapitalInvestment": "$36,014,804.00 ", "RealPropertyInvestment": "$30,994,467.00 ", "PersonalPropertyInvestment": "$3,500,000.00 ", "CommunityReinvestmentCredit": " $-   ", "CapitalInvestmentNotInPilot": "$1,520,337.00 ", "ProjectedMWBE_LOSBSpending": "$6,300,059.00 ", "MWBE_LOSBSpendingConstruction": "$6,250,000.00 ", "MWBE_LOSBSpendingOperations": "$50,059.00 ", "TotalCapitalInvestment": "$36,014,804.00 ", "TotalIncentiveProvided": "$5,014,890.00 ", "TotalNewTaxRevenues": "$8,565,528.00 ", "BenefitCostRatio": 1.71, "Latitude": 34.9951885, "Longitude": -89.9935199, "Main_Address": "2102 Spirit of 76 Dr.", "City": "Memphis", "State": "TN", "ZIP_Code": 38116, "ParcelID": "079148 00152C", "ObjectId": 139}}, {"type": "Feature", "id": 140, "geometry": {"type": "Point", "coordinates": [-89.9138984, 35.0414094]}, "properties": {"ProjectNumber": 20130401, "CompanyName": "Bryce Corporation", "CityCouncilDistrict": 3, "CountyCommissionDistrict": 10, "ProjectType": "Manufacturing", "PilotType": "Retention", "PilotStatus": "Approved", "PilotTerm": "11", "ProjectedTaxesAbatedCity": "$1,755,120.00 ", "ProjectedTaxesAbatedCounty": "$2,261,174.00 ", "Approved_Date": null, "RampUpPeriod": 3, "ProjectedNewJobs": "95", "ProjectedAveragePayrollOfNewJobs": "$49,951.00 ", "TotalNewPayroll": "$4,745,345.00 ", "ProjectedRetainedJobs": "318", "ProjectedAveragePayrollOfRetainedJobs": "$84,567.00 ", "TotalRetainedPayroll": " $-   ", "TotalJobs": "413", "EmploymentDirect": "413", "EmploymentIndirect": "635", "WagesDirect": "$33,093,512.00 ", "WagesIndirect": "$33,140,015.00 ", "ProjectedCapitalInvestment": "$26,054,686.00 ", "RealPropertyInvestment": "$1,660,000.00 ", "PersonalPropertyInvestment": "$19,680,570.00 ", "CommunityReinvestmentCredit": "$4,714,116.00 ", "CapitalInvestmentNotInPilot": " $-   ", "ProjectedMWBE_LOSBSpending": "$1,750,000.00 ", "MWBE_LOSBSpendingConstruction": "$375,000.00 ", "MWBE_LOSBSpendingOperations": "$137,500.00 ", "TotalCapitalInvestment": "$26,054,686.00 ", "TotalIncentiveProvided": "$4,016,294.00 ", "TotalNewTaxRevenues": " $-   ", "BenefitCostRatio": 6.44, "Latitude": 35.0414094, "Longitude": -89.9138984, "Main_Address": "4505 Old Lamar", "City": "Memphis", "State": "TN", "ZIP_Code": 38118, "ParcelID": "094200 00487, 073039 00012, 073037 00067", "ObjectId": 140}}, {"type": "Feature", "id": 141, "geometry": {"type": "Point", "coordinates": [-89.8607393, 35.0074115]}, "properties": {"ProjectNumber": 20130301, "CompanyName": "TJX", "CityCouncilDistrict": 3, "CountyCommissionDistrict": 12, "ProjectType": "Distribution", "PilotType": "Standard/Basic", "PilotStatus": "Terminated", "PilotTerm": "5", "ProjectedTaxesAbatedCity": "$511,040.00 ", "ProjectedTaxesAbatedCounty": "$550,472.00 ", "Approved_Date": null, "RampUpPeriod": 2, "ProjectedNewJobs": "40", "ProjectedAveragePayrollOfNewJobs": "$27,368.00 ", "TotalNewPayroll": "$1,094,720.00 ", "ProjectedRetainedJobs": "0", "ProjectedAveragePayrollOfRetainedJobs": " $-   ", "TotalRetainedPayroll": " $-   ", "TotalJobs": "40", "EmploymentDirect": "40", "EmploymentIndirect": "38", "WagesDirect": "$1,384,760.00 ", "WagesIndirect": "$1,983,182.00 ", "ProjectedCapitalInvestment": "$17,081,462.00 ", "RealPropertyInvestment": "$1,050,000.00 ", "PersonalPropertyInvestment": "$5,930,000.00 ", "CommunityReinvestmentCredit": "$10,101,462.00 ", "CapitalInvestmentNotInPilot": " $-   ", "ProjectedMWBE_LOSBSpending": "$448,750.00 ", "MWBE_LOSBSpendingConstruction": "$143,750.00 ", "MWBE_LOSBSpendingOperations": "$305,000.00 ", "TotalCapitalInvestment": "$17,081,462.00 ", "TotalIncentiveProvided": "$1,061,512.00 ", "TotalNewTaxRevenues": "$1,302,750.00 ", "BenefitCostRatio": 1.23, "Latitude": 35.0074115, "Longitude": -89.8607393, "Main_Address": "6100 East Holmes Rd", "City": "Memphis", "State": "TN", "ZIP_Code": 38141, "ParcelID": "094200 00507", "ObjectId": 141}}, {"type": "Feature", "id": 142, "geometry": {"type": "Point", "coordinates": [-89.87255, 35.025279]}, "properties": {"ProjectNumber": 20130203, "CompanyName": "Container Maintenance", "CityCouncilDistrict": 3, "CountyCommissionDistrict": 11, "ProjectType": "Distribution", "PilotType": "Standard/Basic", "PilotStatus": "Approved", "PilotTerm": "4", "ProjectedTaxesAbatedCity": "$141,432.00 ", "ProjectedTaxesAbatedCounty": "$152,349.00 ", "Approved_Date": null, "RampUpPeriod": 2, "ProjectedNewJobs": "94", "ProjectedAveragePayrollOfNewJobs": "$34,676.00 ", "TotalNewPayroll": "$3,259,544.00 ", "ProjectedRetainedJobs": "0", "ProjectedAveragePayrollOfRetainedJobs": " $-   ", "TotalRetainedPayroll": " $-   ", "TotalJobs": "94", "EmploymentDirect": "94", "EmploymentIndirect": "95", "WagesDirect": "$4,619,536.00 ", "WagesIndirect": "$4,957,955.00 ", "ProjectedCapitalInvestment": "$3,679,224.00 ", "RealPropertyInvestment": "$2,599,224.00 ", "PersonalPropertyInvestment": "$1,080,000.00 ", "CommunityReinvestmentCredit": " $-   ", "CapitalInvestmentNotInPilot": " $-   ", "ProjectedMWBE_LOSBSpending": "$3,176,500.00 ", "MWBE_LOSBSpendingConstruction": "$645,000.00 ", "MWBE_LOSBSpendingOperations": "$2,531,500.00 ", "TotalCapitalInvestment": "$3,679,224.00 ", "TotalIncentiveProvided": "$293,781.00 ", "TotalNewTaxRevenues": "$1,353,206.00 ", "BenefitCostRatio": 4.61, "Latitude": 35.025279, "Longitude": -89.87255, "Main_Address": "4530 Clarke Road", "City": "Memphis", "State": "TN", "ZIP_Code": 38141, "ParcelID": "093400 00537", "ObjectId": 142}}, {"type": "Feature", "id": 143, "geometry": {"type": "Point", "coordinates": [-89.8497505, 35.1007376]}, "properties": {"ProjectNumber": 20130202, "CompanyName": "International Paper", "CityCouncilDistrict": 2, "CountyCommissionDistrict": 4, "ProjectType": "Office/HQ", "PilotType": "Retention", "PilotStatus": "Approved", "PilotTerm": "15", "ProjectedTaxesAbatedCity": "$24,847,769.00 ", "ProjectedTaxesAbatedCounty": "$32,012,114.00 ", "Approved_Date": null, "RampUpPeriod": 4, "ProjectedNewJobs": "101", "ProjectedAveragePayrollOfNewJobs": "$80,093.00 ", "TotalNewPayroll": "$8,089,393.00 ", "ProjectedRetainedJobs": "2274", "ProjectedAveragePayrollOfRetainedJobs": "$112,666.00 ", "TotalRetainedPayroll": " $-   ", "TotalJobs": "2375", "EmploymentDirect": "2375", "EmploymentIndirect": "2988", "WagesDirect": "$480,782,744.00 ", "WagesIndirect": "$153,185,796.00 ", "ProjectedCapitalInvestment": "$223,761,909.00 ", "RealPropertyInvestment": "$81,550,000.00 ", "PersonalPropertyInvestment": "$29,190,000.00 ", "CommunityReinvestmentCredit": "$108,021,909.00 ", "CapitalInvestmentNotInPilot": " $-   ", "ProjectedMWBE_LOSBSpending": "$122,755,814.00 ", "MWBE_LOSBSpendingConstruction": "$13,000,000.00 ", "MWBE_LOSBSpendingOperations": "$109,763,003.00 ", "TotalCapitalInvestment": "$223,761,909.00 ", "TotalIncentiveProvided": "$56,859,883.00 ", "TotalNewTaxRevenues": "$225,327,090.00 ", "BenefitCostRatio": 4.26, "Latitude": 35.1007376, "Longitude": -89.8497505, "Main_Address": "6420 Poplar Ave", "City": "Memphis", "State": "TN", "ZIP_Code": 38119, "ParcelID": "080008 00480, 080008 00481, 080008 00341, 080008 00342, 080008 00567, 081091 00004, 060174 00128L, 050089 00005, 094200 00498", "ObjectId": 143}}, {"type": "Feature", "id": 144, "geometry": {"type": "Point", "coordinates": [-89.9057165, 35.0425588]}, "properties": {"ProjectNumber": 20130201, "CompanyName": "JM Smucker LLC", "CityCouncilDistrict": 3, "CountyCommissionDistrict": 11, "ProjectType": "Manufacturing", "PilotType": "Standard/Basic", "PilotStatus": "Approved", "PilotTerm": "15", "ProjectedTaxesAbatedCity": "$5,690,445.00 ", "ProjectedTaxesAbatedCounty": "$7,331,169.00 ", "Approved_Date": null, "RampUpPeriod": 4, "ProjectedNewJobs": "103", "ProjectedAveragePayrollOfNewJobs": "$52,545.00 ", "TotalNewPayroll": "$5,412,135.00 ", "ProjectedRetainedJobs": "0", "ProjectedAveragePayrollOfRetainedJobs": " $-   ", "TotalRetainedPayroll": " $-   ", "TotalJobs": "103", "EmploymentDirect": "103", "EmploymentIndirect": "291", "WagesDirect": "$8,329,094.00 ", "WagesIndirect": "$15,186,999.00 ", "ProjectedCapitalInvestment": "$96,013,397.00 ", "RealPropertyInvestment": "$34,246,397.00 ", "PersonalPropertyInvestment": "$61,767,000.00 ", "CommunityReinvestmentCredit": " $-   ", "CapitalInvestmentNotInPilot": " $-   ", "ProjectedMWBE_LOSBSpending": "$5,377,500.00 ", "MWBE_LOSBSpendingConstruction": "$750,000.00 ", "MWBE_LOSBSpendingOperations": "$4,627,500.00 ", "TotalCapitalInvestment": "$96,013,397.00 ", "TotalIncentiveProvided": "$13,021,641.00 ", "TotalNewTaxRevenues": "$16,255,575.00 ", "BenefitCostRatio": 1.25, "Latitude": 35.0425588, "Longitude": -89.9057165, "Main_Address": "4740 Burbank Rd", "City": "Memphis", "State": "TN", "ZIP_Code": 38118, "ParcelID": "074032 00038, 074032 00035", "ObjectId": 144}}, {"type": "Feature", "id": 145, "geometry": {"type": "Point", "coordinates": [-89.9610997, 35.2256083]}, "properties": {"ProjectNumber": 20121001, "CompanyName": "Nike, Inc.", "CityCouncilDistrict": 7, "CountyCommissionDistrict": 6, "ProjectType": "Distribution", "PilotType": "Retention", "PilotStatus": "Approved", "PilotTerm": "15", "ProjectedTaxesAbatedCity": "$27,839,922.00 ", "ProjectedTaxesAbatedCounty": "$29,988,334.00 ", "Approved_Date": null, "RampUpPeriod": 4, "ProjectedNewJobs": "250", "ProjectedAveragePayrollOfNewJobs": "$35,000.00 ", "TotalNewPayroll": "$8,750,000.00 ", "ProjectedRetainedJobs": "1662", "ProjectedAveragePayrollOfRetainedJobs": "$35,000.00 ", "TotalRetainedPayroll": " $-   ", "TotalJobs": "1912", "EmploymentDirect": "1912", "EmploymentIndirect": "1829", "WagesDirect": "$80,304,000.00 ", "WagesIndirect": "$93,767,343.00 ", "ProjectedCapitalInvestment": "$301,000,000.00 ", "RealPropertyInvestment": "$164,000,000.00 ", "PersonalPropertyInvestment": "$134,000,000.00 ", "CommunityReinvestmentCredit": " $-   ", "CapitalInvestmentNotInPilot": " $-   ", "ProjectedMWBE_LOSBSpending": "$59,850,709.00 ", "MWBE_LOSBSpendingConstruction": "$38,309,548.00 ", "MWBE_LOSBSpendingOperations": "$21,541,161.00 ", "TotalCapitalInvestment": "$301,000,000.00 ", "TotalIncentiveProvided": "$57,828,256.00 ", "TotalNewTaxRevenues": "$105,308,761.00 ", "BenefitCostRatio": 1.82, "Latitude": 35.2256083, "Longitude": -89.9610997, "Main_Address": "3100 Frayser Boulevard", "City": "Memphis", "State": "TN", "ZIP_Code": 38128, "ParcelID": "090078 00025", "ObjectId": 145}}, {"type": "Feature", "id": 146, "geometry": {"type": "Point", "coordinates": [-89.9343739, 34.9978324]}, "properties": {"ProjectNumber": 20120802, "CompanyName": "Franklin Sports Inc.", "CityCouncilDistrict": 3, "CountyCommissionDistrict": 11, "ProjectType": "Distribution", "PilotType": "Standard/Basic", "PilotStatus": "Approved", "PilotTerm": "6", "ProjectedTaxesAbatedCity": "$188,904.00 ", "ProjectedTaxesAbatedCounty": "$198,444.00 ", "Approved_Date": null, "RampUpPeriod": 2, "ProjectedNewJobs": "40", "ProjectedAveragePayrollOfNewJobs": "$30,300.00 ", "TotalNewPayroll": "$1,212,000.00 ", "ProjectedRetainedJobs": "0", "ProjectedAveragePayrollOfRetainedJobs": " $-   ", "TotalRetainedPayroll": " $-   ", "TotalJobs": "40", "EmploymentDirect": "40", "EmploymentIndirect": "38", "WagesDirect": "$846,750.00 ", "WagesIndirect": "$1,882,292.00 ", "ProjectedCapitalInvestment": "$550,000.00 ", "RealPropertyInvestment": "$50,000.00 ", "PersonalPropertyInvestment": "$500,000.00 ", "CommunityReinvestmentCredit": "$2,742,480.00 ", "CapitalInvestmentNotInPilot": " $-   ", "ProjectedMWBE_LOSBSpending": "$395,000.00 ", "MWBE_LOSBSpendingConstruction": " $-   ", "MWBE_LOSBSpendingOperations": "$395,000.00 ", "TotalCapitalInvestment": "$550,000.00 ", "TotalIncentiveProvided": "$387,348.00 ", "TotalNewTaxRevenues": "$801,852.00 ", "BenefitCostRatio": 2.07, "Latitude": 34.9978324, "Longitude": -89.9343739, "Main_Address": "5510 Getwell Rd", "City": "Memphis", "State": "TN", "ZIP_Code": 38118, "ParcelID": "094100 00070", "ObjectId": 146}}, {"type": "Feature", "id": 147, "geometry": {"type": "Point", "coordinates": [-89.86144, 35.0161159]}, "properties": {"ProjectNumber": 20120801, "CompanyName": "Barrett Distribution 2012", "CityCouncilDistrict": 3, "CountyCommissionDistrict": 12, "ProjectType": "Distribution", "PilotType": "Standard/Basic", "PilotStatus": "Terminated", "PilotTerm": "5", "ProjectedTaxesAbatedCity": "$325,962.00 ", "ProjectedTaxesAbatedCounty": "$360,017.00 ", "Approved_Date": null, "RampUpPeriod": 2, "ProjectedNewJobs": "35", "ProjectedAveragePayrollOfNewJobs": "$42,600.00 ", "TotalNewPayroll": "$1,491,000.00 ", "ProjectedRetainedJobs": "0", "ProjectedAveragePayrollOfRetainedJobs": " $-   ", "TotalRetainedPayroll": " $-   ", "TotalJobs": "35", "EmploymentDirect": "35", "EmploymentIndirect": "33", "WagesDirect": "$2,324,918.00 ", "WagesIndirect": "$1,634,622.00 ", "ProjectedCapitalInvestment": "$4,900,000.00 ", "RealPropertyInvestment": "$400,000.00 ", "PersonalPropertyInvestment": "$4,500,000.00 ", "CommunityReinvestmentCredit": "$4,851,311.00 ", "CapitalInvestmentNotInPilot": " $-   ", "ProjectedMWBE_LOSBSpending": "$1,400,000.00 ", "MWBE_LOSBSpendingConstruction": "$212,500.00 ", "MWBE_LOSBSpendingOperations": "$1,187,500.00 ", "TotalCapitalInvestment": "$4,900,000.00 ", "TotalIncentiveProvided": "$685,979.00 ", "TotalNewTaxRevenues": "$1,034,075.00 ", "BenefitCostRatio": 1.51, "Latitude": 35.0161159, "Longitude": -89.86144, "Main_Address": "4836 Hickory Hill", "City": "Memphis", "State": "TN", "ZIP_Code": 38141, "ParcelID": "093600 00318C", "ObjectId": 147}}, {"type": "Feature", "id": 148, "geometry": {"type": "Point", "coordinates": [-89.81110745, 35.20049538]}, "properties": {"ProjectNumber": 20120701, "CompanyName": "Logical Systems", "CityCouncilDistrict": 1, "CountyCommissionDistrict": 1, "ProjectType": "Office/HQ", "PilotType": "Standard/Basic", "PilotStatus": "Approved", "PilotTerm": "9", "ProjectedTaxesAbatedCity": "$206,640.00 ", "ProjectedTaxesAbatedCounty": "$217,080.00 ", "Approved_Date": null, "RampUpPeriod": 2, "ProjectedNewJobs": "14", "ProjectedAveragePayrollOfNewJobs": "$90,000.00 ", "TotalNewPayroll": "$1,260,000.00 ", "ProjectedRetainedJobs": "0", "ProjectedAveragePayrollOfRetainedJobs": " $-   ", "TotalRetainedPayroll": " $-   ", "TotalJobs": "14", "EmploymentDirect": "14", "EmploymentIndirect": "18", "WagesDirect": "$1,575,000.00 ", "WagesIndirect": "$891,612.00 ", "ProjectedCapitalInvestment": "$2,000,000.00 ", "RealPropertyInvestment": "$400,000.00 ", "PersonalPropertyInvestment": " $-   ", "CommunityReinvestmentCredit": "$1,600,000.00 ", "CapitalInvestmentNotInPilot": " $-   ", "ProjectedMWBE_LOSBSpending": "$66,300.00 ", "MWBE_LOSBSpendingConstruction": " $-   ", "MWBE_LOSBSpendingOperations": "$66,300.00 ", "TotalCapitalInvestment": "$2,000,000.00 ", "TotalIncentiveProvided": "$423,720.00 ", "TotalNewTaxRevenues": "$651,105.00 ", "BenefitCostRatio": 1.54, "Latitude": 35.20049538, "Longitude": -89.81110745, "Main_Address": "2756 Appling Center Cove", "City": "Memphis", "State": "TN", "ZIP_Code": 38133, "ParcelID": "092005 00013", "ObjectId": 148}}, {"type": "Feature", "id": 149, "geometry": {"type": "Point", "coordinates": [-89.905918, 35.0215253]}, "properties": {"ProjectNumber": 20120601, "CompanyName": "NuVasive, Inc 2012", "CityCouncilDistrict": 3, "CountyCommissionDistrict": 11, "ProjectType": "Manufacturing", "PilotType": "Standard/Basic", "PilotStatus": "Terminated", "PilotTerm": "10", "ProjectedTaxesAbatedCity": "$1,595,010.00 ", "ProjectedTaxesAbatedCounty": "$2,054,899.00 ", "Approved_Date": null, "RampUpPeriod": 2, "ProjectedNewJobs": "17", "ProjectedAveragePayrollOfNewJobs": "$49,478.00 ", "TotalNewPayroll": "$841,126.00 ", "ProjectedRetainedJobs": "0", "ProjectedAveragePayrollOfRetainedJobs": " $-   ", "TotalRetainedPayroll": " $-   ", "TotalJobs": "17", "EmploymentDirect": "27", "EmploymentIndirect": "20", "WagesDirect": "$1,072,632.00 ", "WagesIndirect": "$990,680.00 ", "ProjectedCapitalInvestment": "$74,903,211.00 ", "RealPropertyInvestment": " $-   ", "PersonalPropertyInvestment": "$74,903,211.00 ", "CommunityReinvestmentCredit": " $-   ", "CapitalInvestmentNotInPilot": " $-   ", "ProjectedMWBE_LOSBSpending": "$187,500.00 ", "MWBE_LOSBSpendingConstruction": " $-   ", "MWBE_LOSBSpendingOperations": "$187,500.00 ", "TotalCapitalInvestment": "$74,903,211.00 ", "TotalIncentiveProvided": "$3,649,909.00 ", "TotalNewTaxRevenues": "$4,523,419.00 ", "BenefitCostRatio": 1.24, "Latitude": 35.0215253, "Longitude": -89.905918, "Main_Address": "4670 East Shelby Dr", "City": "Memphis", "State": "TN", "ZIP_Code": 38118, "ParcelID": "093405 A00018", "ObjectId": 149}}, {"type": "Feature", "id": 150, "geometry": {"type": "Point", "coordinates": [-89.9285987, 35.0464638]}, "properties": {"ProjectNumber": 20120301, "CompanyName": "Cordova Safety Products, International Sourcing Company", "CityCouncilDistrict": 4, "CountyCommissionDistrict": 10, "ProjectType": "Distribution", "PilotType": "Standard/Basic", "PilotStatus": "Terminated", "PilotTerm": "5", "ProjectedTaxesAbatedCity": "$182,140.00 ", "ProjectedTaxesAbatedCounty": "$199,382.00 ", "Approved_Date": null, "RampUpPeriod": 2, "ProjectedNewJobs": "20", "ProjectedAveragePayrollOfNewJobs": "$43,812.00 ", "TotalNewPayroll": "$876,240.00 ", "ProjectedRetainedJobs": "0", "ProjectedAveragePayrollOfRetainedJobs": " $-   ", "TotalRetainedPayroll": " $-   ", "TotalJobs": "20", "EmploymentDirect": "20", "EmploymentIndirect": "14", "WagesDirect": "$998,380.00 ", "WagesIndirect": "$693,476.00 ", "ProjectedCapitalInvestment": "$1,900,000.00 ", "RealPropertyInvestment": "$400,000.00 ", "PersonalPropertyInvestment": "$1,500,000.00 ", "CommunityReinvestmentCredit": "$2,600,000.00 ", "CapitalInvestmentNotInPilot": " $-   ", "ProjectedMWBE_LOSBSpending": "$561,000.00 ", "MWBE_LOSBSpendingConstruction": "$80,000.00 ", "MWBE_LOSBSpendingOperations": "$481,000.00 ", "TotalCapitalInvestment": "$1,900,000.00 ", "TotalIncentiveProvided": "$381,522.00 ", "TotalNewTaxRevenues": "$481,798.00 ", "BenefitCostRatio": 1.26, "Latitude": 35.0464638, "Longitude": -89.9285987, "Main_Address": "4025 Viscount Ave", "City": "Memphis", "State": "TN", "ZIP_Code": 38118, "ParcelID": "073036 00002C", "ObjectId": 150}}, {"type": "Feature", "id": 151, "geometry": {"type": "Point", "coordinates": [-89.9899902, 35.044603]}, "properties": {"ProjectNumber": 20120203, "CompanyName": "FedEx", "CityCouncilDistrict": 3, "CountyCommissionDistrict": 10, "ProjectType": "Office/HQ", "PilotType": "Retention", "PilotStatus": "Approved", "PilotTerm": "13", "ProjectedTaxesAbatedCity": "$7,140,890.00 ", "ProjectedTaxesAbatedCounty": "$7,501,636.00 ", "Approved_Date": null, "RampUpPeriod": 4, "ProjectedNewJobs": "0", "ProjectedAveragePayrollOfNewJobs": " $-   ", "TotalNewPayroll": " $-   ", "ProjectedRetainedJobs": "333", "ProjectedAveragePayrollOfRetainedJobs": "$76,707.00 ", "TotalRetainedPayroll": " $-   ", "TotalJobs": "333", "EmploymentDirect": "333", "EmploymentIndirect": "469", "WagesDirect": "$28,316,322.00 ", "WagesIndirect": "$23,120,293.00 ", "ProjectedCapitalInvestment": "$141,850,000.00 ", "RealPropertyInvestment": "$46,700,000.00 ", "PersonalPropertyInvestment": "$95,150,000.00 ", "CommunityReinvestmentCredit": " $-   ", "CapitalInvestmentNotInPilot": " $-   ", "ProjectedMWBE_LOSBSpending": "$9,364,000.00 ", "MWBE_LOSBSpendingConstruction": "$6,600,000.00 ", "MWBE_LOSBSpendingOperations": "$2,764,000.00 ", "TotalCapitalInvestment": "$141,850,000.00 ", "TotalIncentiveProvided": "$14,642,526.00 ", "TotalNewTaxRevenues": "$32,131,904.00 ", "BenefitCostRatio": 2.19, "Latitude": 35.044603, "Longitude": -89.9899902, "Main_Address": "3855 Airways Blvd", "City": "Memphis", "State": "TN", "ZIP_Code": 38116, "ParcelID": "078028 00302, 078028 00303", "ObjectId": 151}}, {"type": "Feature", "id": 152, "geometry": {"type": "Point", "coordinates": [-90.16160781, 35.0480353]}, "properties": {"ProjectNumber": 20120202, "CompanyName": "Nucor Steel Memphis 2012", "CityCouncilDistrict": 6, "CountyCommissionDistrict": 9, "ProjectType": "Manufacturing", "PilotType": "Retention", "PilotStatus": "Approved", "PilotTerm": "15", "ProjectedTaxesAbatedCity": "$4,602,668.00 ", "ProjectedTaxesAbatedCounty": "$4,835,184.00 ", "Approved_Date": null, "RampUpPeriod": 2, "ProjectedNewJobs": "27", "ProjectedAveragePayrollOfNewJobs": "$75,000.00 ", "TotalNewPayroll": "$2,025,000.00 ", "ProjectedRetainedJobs": "0", "ProjectedAveragePayrollOfRetainedJobs": " $-   ", "TotalRetainedPayroll": " $-   ", "TotalJobs": "27", "EmploymentDirect": "27", "EmploymentIndirect": "57", "WagesDirect": "$2,328,750.00 ", "WagesIndirect": "$2,823,438.00 ", "ProjectedCapitalInvestment": "$103,000,000.00 ", "RealPropertyInvestment": " $-   ", "PersonalPropertyInvestment": "$103,000,000.00 ", "CommunityReinvestmentCredit": " $-   ", "CapitalInvestmentNotInPilot": " $-   ", "ProjectedMWBE_LOSBSpending": "$2,200,000.00 ", "MWBE_LOSBSpendingConstruction": " $-   ", "MWBE_LOSBSpendingOperations": "$2,200,000.00 ", "TotalCapitalInvestment": "$103,000,000.00 ", "TotalIncentiveProvided": "$9,437,852.00 ", "TotalNewTaxRevenues": "$9,554,995.00 ", "BenefitCostRatio": 1.01, "Latitude": 35.0480353, "Longitude": -90.16160781, "Main_Address": "3601 Paul R Lowery Rd", "City": "Memphis", "State": "TN", "ZIP_Code": 38109, "ParcelID": "050097 00007", "ObjectId": 152}}, {"type": "Feature", "id": 153, "geometry": {"type": "Point", "coordinates": [-90.087315, 35.074342]}, "properties": {"ProjectNumber": 20120201, "CompanyName": "AB Mauri Fleischmanns (ABMF)", "CityCouncilDistrict": 6, "CountyCommissionDistrict": 9, "ProjectType": "Manufacturing", "PilotType": "Retention", "PilotStatus": "Terminated", "PilotTerm": "8", "ProjectedTaxesAbatedCity": "$240,479.00 ", "ProjectedTaxesAbatedCounty": "$303,153.00 ", "Approved_Date": null, "RampUpPeriod": 2, "ProjectedNewJobs": "0", "ProjectedAveragePayrollOfNewJobs": " $-   ", "TotalNewPayroll": " $-   ", "ProjectedRetainedJobs": "52", "ProjectedAveragePayrollOfRetainedJobs": "$73,011.00 ", "TotalRetainedPayroll": "$3,796,572.00 ", "TotalJobs": "52", "EmploymentDirect": "52", "EmploymentIndirect": "92", "WagesDirect": "$4,723,732.00 ", "WagesIndirect": "$4,535,324.00 ", "ProjectedCapitalInvestment": "$10,500,000.00 ", "RealPropertyInvestment": " $-   ", "PersonalPropertyInvestment": "$10,500,000.00 ", "CommunityReinvestmentCredit": " $-   ", "CapitalInvestmentNotInPilot": " $-   ", "ProjectedMWBE_LOSBSpending": "$296,500.00 ", "MWBE_LOSBSpendingConstruction": "$72,000.00 ", "MWBE_LOSBSpendingOperations": "$224,500.00 ", "TotalCapitalInvestment": "$10,500,000.00 ", "TotalIncentiveProvided": "$543,632.00 ", "TotalNewTaxRevenues": "$2,319,202.00 ", "BenefitCostRatio": 4.27, "Latitude": 35.074342, "Longitude": -90.087315, "Main_Address": "2743 Riverport Rd", "City": "Memphis", "State": "TN", "ZIP_Code": 38109, "ParcelID": "050118 00024C", "ObjectId": 153}}, {"type": "Feature", "id": 154, "geometry": {"type": "Point", "coordinates": [-90.07873439, 35.08673545]}, "properties": {"ProjectNumber": 20111202, "CompanyName": "Valero", "CityCouncilDistrict": 6, "CountyCommissionDistrict": 9, "ProjectType": "Manufacturing", "PilotType": "Retention", "PilotStatus": "Approved", "PilotTerm": "15", "ProjectedTaxesAbatedCity": "$12,564,290.00 ", "ProjectedTaxesAbatedCounty": "$13,199,009.00 ", "Approved_Date": null, "RampUpPeriod": 2, "ProjectedNewJobs": "0", "ProjectedAveragePayrollOfNewJobs": " $-   ", "TotalNewPayroll": " $-   ", "ProjectedRetainedJobs": "557", "ProjectedAveragePayrollOfRetainedJobs": "$95,844.00 ", "TotalRetainedPayroll": "$53,385,108.00 ", "TotalJobs": "557", "EmploymentDirect": "557", "EmploymentIndirect": "1456", "WagesDirect": "$63,387,224.00 ", "WagesIndirect": "$71,776,432.00 ", "ProjectedCapitalInvestment": "$298,538,000.00 ", "RealPropertyInvestment": " $-   ", "PersonalPropertyInvestment": "$298,538,000.00 ", "CommunityReinvestmentCredit": " $-   ", "CapitalInvestmentNotInPilot": " $-   ", "ProjectedMWBE_LOSBSpending": "$15,075,000.00 ", "MWBE_LOSBSpendingConstruction": " $-   ", "MWBE_LOSBSpendingOperations": "$15,075,000.00 ", "TotalCapitalInvestment": "$298,538,000.00 ", "TotalIncentiveProvided": "$25,763,299.00 ", "TotalNewTaxRevenues": "$54,001,012.00 ", "BenefitCostRatio": 2.1, "Latitude": 35.08673545, "Longitude": -90.07873439, "Main_Address": "543 West Mallory", "City": "Memphis", "State": "TN", "ZIP_Code": 38109, "ParcelID": "050019 00003C", "ObjectId": 154}}, {"type": "Feature", "id": 155, "geometry": {"type": "Point", "coordinates": [-89.8544184, 35.019481]}, "properties": {"ProjectNumber": 20111101, "CompanyName": "Impact Innovations, Inc.", "CityCouncilDistrict": 3, "CountyCommissionDistrict": 3, "ProjectType": "Manufacturing", "PilotType": "Standard/Basic", "PilotStatus": "Terminated", "PilotTerm": "9", "ProjectedTaxesAbatedCity": "$996,570.00 ", "ProjectedTaxesAbatedCounty": "$960,702.00 ", "Approved_Date": null, "RampUpPeriod": 2, "ProjectedNewJobs": "25", "ProjectedAveragePayrollOfNewJobs": "$54,824.00 ", "TotalNewPayroll": "$1,370,600.00 ", "ProjectedRetainedJobs": "0", "ProjectedAveragePayrollOfRetainedJobs": " $-   ", "TotalRetainedPayroll": " $-   ", "TotalJobs": "25", "EmploymentDirect": "25", "EmploymentIndirect": "40", "WagesDirect": "$1,625,500.00 ", "WagesIndirect": "$1,981,360.00 ", "ProjectedCapitalInvestment": "$950,000.00 ", "RealPropertyInvestment": "$200,000.00 ", "PersonalPropertyInvestment": "$750,000.00 ", "CommunityReinvestmentCredit": "$8,306,800.00 ", "CapitalInvestmentNotInPilot": "$750,000.00 ", "ProjectedMWBE_LOSBSpending": "$105,350.00 ", "MWBE_LOSBSpendingConstruction": "$44,300.00 ", "MWBE_LOSBSpendingOperations": "$61,050.00 ", "TotalCapitalInvestment": "$950,000.00 ", "TotalIncentiveProvided": "$1,957,272.00 ", "TotalNewTaxRevenues": "$2,373,232.00 ", "BenefitCostRatio": 1.21, "Latitude": 35.019481, "Longitude": -89.8544184, "Main_Address": "6269 East Shelby Dr", "City": "Memphis", "State": "TN", "ZIP_Code": 38141, "ParcelID": "093700 00574C", "ObjectId": 155}}]}