{"type": "FeatureCollection", "features": [{"type": "Feature", "id": 1, "geometry": {"type": "Point", "coordinates": [-90.1034440002404, 35.0254349996256]}, "properties": {"FID": 1, "stop_id": "0:3900", "stop_name": "DOUBLE TREE STREET at PARKROSE ROAD", "stop_desc": "no 81", "stop_lat": 35.025435, "stop_lon": -90.103444, "zone_id": " ", "location_t": 0, "parent_sta": "1:3900", "vehicle_ty": 3}}, {"type": "Feature", "id": 2, "geometry": {"type": "Point", "coordinates": [-90.0466390003895, 35.1073209995645]}, "properties": {"FID": 2, "stop_id": "0:SPAWELEF", "stop_name": "SOUTH PARKWAY@WELLINGTON", "stop_desc": "st 2281 (no 1238)", "stop_lat": 35.107321, "stop_lon": -90.046639, "zone_id": " ", "location_t": 0, "parent_sta": "1:SPAWELEF", "vehicle_ty": 3}}, {"type": "Feature", "id": 3, "geometry": {"type": "Point", "coordinates": [-90.0504600003287, 35.1289769999886]}, "properties": {"FID": 3, "stop_id": "0:FOUGEONN", "stop_name": "4TH ST@GEORGIA AVE", "stop_desc": "st 804 (no 15)", "stop_lat": 35.128977, "stop_lon": -90.05046, "zone_id": " ", "location_t": 0, "parent_sta": "1:1304", "vehicle_ty": 3}}, {"type": "Feature", "id": 4, "geometry": {"type": "Point", "coordinates": [-90.043929000423, 35.1052209998493]}, "properties": {"FID": 4, "stop_id": "0:LAUWALNN", "stop_name": "LAUDERDALE ST@WALDORF AVE", "stop_desc": "st 4802", "stop_lat": 35.105221, "stop_lon": -90.043929, "zone_id": " ", "location_t": 0, "parent_sta": "1:LAUWALNN", "vehicle_ty": 3}}, {"type": "Feature", "id": 5, "geometry": {"type": "Point", "coordinates": [-90.0476979997628, 35.1565540000671]}, "properties": {"FID": 5, "stop_id": "0:WHTC", "stop_name": "WILLIAM HUDSON TRANSIT CENTER", "stop_desc": "st 7259 (no 12)", "stop_lat": 35.156554, "stop_lon": -90.047698, "zone_id": " ", "location_t": 0, "parent_sta": "1:2", "vehicle_ty": 3}}, {"type": "Feature", "id": 6, "geometry": {"type": "Point", "coordinates": [-90.0370990002186, 35.1157020002472]}, "properties": {"FID": 6, "stop_id": "0:MCLMISWN", "stop_name": "MCLEMORE AVENUE at MISSISSIPPI BOULEVARD", "stop_desc": "st 4276 (no 1237)", "stop_lat": 35.115702, "stop_lon": -90.037099, "zone_id": " ", "location_t": 0, "parent_sta": "1:MCLMISWN", "vehicle_ty": 3}}, {"type": "Feature", "id": 7, "geometry": {"type": "Point", "coordinates": [-90.0528150001121, 35.145178999811]}, "properties": {"FID": 7, "stop_id": "0:MAIMADIB", "stop_name": "MAIN@MADISON TRLLY", "stop_desc": "st 6502 (no 947)", "stop_lat": 35.145179, "stop_lon": -90.052815, "zone_id": " ", "location_t": 0, "parent_sta": "1:MAINMADI", "vehicle_ty": 3}}, {"type": "Feature", "id": 8, "geometry": {"type": "Point", "coordinates": [-90.0522609997453, 35.1466270000361]}, "properties": {"FID": 8, "stop_id": "0:MAICOUOB", "stop_name": "MAIN@MADISON TRLLY", "stop_desc": "st 6510 (no 947)", "stop_lat": 35.146627, "stop_lon": -90.052261, "zone_id": " ", "location_t": 0, "parent_sta": "1:MAINMADI", "vehicle_ty": 3}}, {"type": "Feature", "id": 9, "geometry": {"type": "Point", "coordinates": [-90.0953090001102, 35.0560209999692]}, "properties": {"FID": 9, "stop_id": "0:WEAMITNN", "stop_name": "WEAVER ROAD at WEST MITCHELL ROAD", "stop_desc": "st 5866", "stop_lat": 35.056021, "stop_lon": -90.095309, "zone_id": " ", "location_t": 0, "parent_sta": "1:WEAMITNN", "vehicle_ty": 3}}, {"type": "Feature", "id": 10, "geometry": {"type": "Point", "coordinates": [-89.921302000387, 35.0059610000002]}, "properties": {"FID": 10, "stop_id": "0:HOLMALEN", "stop_name": "HOLMES ROAD at MALONE ROAD", "stop_desc": "st 2524", "stop_lat": 35.005961, "stop_lon": -89.921302, "zone_id": " ", "location_t": 0, "parent_sta": "1:HOLMALEN", "vehicle_ty": 3}}, {"type": "Feature", "id": 11, "geometry": {"type": "Point", "coordinates": [-90.0594240000175, 35.1327490003661]}, "properties": {"FID": 11, "stop_id": "0:GEPMAIEN", "stop_name": "GE PATTERSON AVENUE at MAIN STREET", "stop_desc": "st 468", "stop_lat": 35.132749, "stop_lon": -90.059424, "zone_id": " ", "location_t": 0, "parent_sta": "1:GEPMAIEN", "vehicle_ty": 3}}, {"type": "Feature", "id": 12, "geometry": {"type": "Point", "coordinates": [-90.0697939997932, 35.0367370001125]}, "properties": {"FID": 12, "stop_id": "0:HORRAISM", "stop_name": "HORN LAKE ROAD at RAINES ROAD", "stop_desc": "st 4902", "stop_lat": 35.036737, "stop_lon": -90.069794, "zone_id": " ", "location_t": 0, "parent_sta": "1:HORRAISM", "vehicle_ty": 3}}, {"type": "Feature", "id": 13, "geometry": {"type": "Point", "coordinates": [-90.0700590003225, 35.0356640000936]}, "properties": {"FID": 13, "stop_id": "0:HORRAISN", "stop_name": "HORN LAKE ROAD at RAINES ROAD", "stop_desc": "st 4903", "stop_lat": 35.035664, "stop_lon": -90.070059, "zone_id": " ", "location_t": 0, "parent_sta": "1:HORRAISN", "vehicle_ty": 3}}, {"type": "Feature", "id": 14, "geometry": {"type": "Point", "coordinates": [-89.992321000114, 35.2170209997194]}, "properties": {"FID": 14, "stop_id": "0:FRAOVEEF", "stop_name": "FRAYSER PLAZA", "stop_desc": "st 1382 (no 852)", "stop_lat": 35.217021, "stop_lon": -89.992321, "zone_id": " ", "location_t": 0, "parent_sta": "1:4218", "vehicle_ty": 3}}, {"type": "Feature", "id": 15, "geometry": {"type": "Point", "coordinates": [-90.0701360002761, 35.0350030001883]}, "properties": {"FID": 15, "stop_id": "0:HORRAINN", "stop_name": "HORN LAKE ROAD at RAINES ROAD", "stop_desc": "st 4943", "stop_lat": 35.035003, "stop_lon": -90.070136, "zone_id": " ", "location_t": 0, "parent_sta": "1:HORRAINN", "vehicle_ty": 3}}, {"type": "Feature", "id": 16, "geometry": {"type": "Point", "coordinates": [-90.0476979997628, 35.1565540000671]}, "properties": {"FID": 16, "stop_id": "0:2", "stop_name": "WILLIAM HUDSON TRANSIT CENTER", "stop_desc": "st 469 (no 12)", "stop_lat": 35.156554, "stop_lon": -90.047698, "zone_id": " ", "location_t": 0, "parent_sta": "1:2", "vehicle_ty": 3}}, {"type": "Feature", "id": 17, "geometry": {"type": "Point", "coordinates": [-89.9928310002504, 35.061781000293]}, "properties": {"FID": 17, "stop_id": "0:3206", "stop_name": "AIRWAYS TRANSIT CENTER", "stop_desc": "st 6434 (no 449)", "stop_lat": 35.061781, "stop_lon": -89.992831, "zone_id": " ", "location_t": 0, "parent_sta": "1:3206", "vehicle_ty": 3}}, {"type": "Feature", "id": 18, "geometry": {"type": "Point", "coordinates": [-89.9326710003663, 35.0759819995696]}, "properties": {"FID": 18, "stop_id": "0:3", "stop_name": "AMERICAN WAY TRANSIT CENTER", "stop_desc": "st 80 (no 33)", "stop_lat": 35.075982, "stop_lon": -89.932671, "zone_id": " ", "location_t": 0, "parent_sta": "1:3", "vehicle_ty": 3}}, {"type": "Feature", "id": 19, "geometry": {"type": "Point", "coordinates": [-89.8310300004341, 35.0414550000482]}, "properties": {"FID": 19, "stop_id": "0:RIVBIRNF", "stop_name": "RIVERDALE ROAD at BIRCH RUN LANE", "stop_desc": "st 7221", "stop_lat": 35.041455, "stop_lon": -89.83103, "zone_id": " ", "location_t": 0, "parent_sta": "1:RIVBIRNF", "vehicle_ty": 3}}, {"type": "Feature", "id": 20, "geometry": {"type": "Point", "coordinates": [-90.0186369995978, 35.1272420000183]}, "properties": {"FID": 20, "stop_id": "0:LAMNOEN", "stop_name": "LAMAR AVENUE at SNOWDEN CIRCLE", "stop_desc": "st 5733", "stop_lat": 35.127242, "stop_lon": -90.018637, "zone_id": " ", "location_t": 0, "parent_sta": "1:LAMNOEN", "vehicle_ty": 3}}, {"type": "Feature", "id": 21, "geometry": {"type": "Point", "coordinates": [-89.9755290000633, 35.1686629999975]}, "properties": {"FID": 21, "stop_id": "0:NHOSHANN", "stop_name": "NORTH HOLLYWOOD STREET at SHA AVENUE", "stop_desc": "st 3621", "stop_lat": 35.168663, "stop_lon": -89.975529, "zone_id": " ", "location_t": 0, "parent_sta": "1:NHOSHANN", "vehicle_ty": 3}}, {"type": "Feature", "id": 22, "geometry": {"type": "Point", "coordinates": [-89.9754829997406, 35.1702090002452]}, "properties": {"FID": 22, "stop_id": "0:NHOELDNN", "stop_name": "NORTH HOLLYWOOD ST at ELDRIDGE AVENUE", "stop_desc": "st 3622", "stop_lat": 35.170209, "stop_lon": -89.975483, "zone_id": " ", "location_t": 0, "parent_sta": "1:NHOELDNN", "vehicle_ty": 3}}, {"type": "Feature", "id": 23, "geometry": {"type": "Point", "coordinates": [-89.9753909999946, 35.1728990001887]}, "properties": {"FID": 23, "stop_id": "0:NHOGOLNN", "stop_name": "NORTH HOLLYWOOD ST at GOLDENORTH AVENUE", "stop_desc": "st 3623", "stop_lat": 35.172899, "stop_lon": -89.975391, "zone_id": " ", "location_t": 0, "parent_sta": "1:NHOGOLNN", "vehicle_ty": 3}}, {"type": "Feature", "id": 24, "geometry": {"type": "Point", "coordinates": [-89.9753909999946, 35.1735870004398]}, "properties": {"FID": 24, "stop_id": "0:NHOHUBNN", "stop_name": "NORTH HOLLYWOOD STREET at HUBBARD AVENUE", "stop_desc": "st 3624", "stop_lat": 35.173587, "stop_lon": -89.975391, "zone_id": " ", "location_t": 0, "parent_sta": "1:NHOHUBNN", "vehicle_ty": 3}}, {"type": "Feature", "id": 25, "geometry": {"type": "Point", "coordinates": [-89.983671999663, 35.1743349998604]}, "properties": {"FID": 25, "stop_id": "0:SPRCHESF", "stop_name": "SPRINGDALE STREET at CHELSEA AVENUE", "stop_desc": "st 4531", "stop_lat": 35.174335, "stop_lon": -89.983672, "zone_id": " ", "location_t": 0, "parent_sta": "1:SPRCHESF", "vehicle_ty": 3}}, {"type": "Feature", "id": 26, "geometry": {"type": "Point", "coordinates": [-89.9025859997441, 35.0786060000669]}, "properties": {"FID": 26, "stop_id": "0:THOSHOSF", "stop_name": "EXCEL CENTER", "stop_desc": "st 7252", "stop_lat": 35.078606, "stop_lon": -89.902586, "zone_id": " ", "location_t": 0, "parent_sta": "1:THOSHOSF", "vehicle_ty": 3}}, {"type": "Feature", "id": 27, "geometry": {"type": "Point", "coordinates": [-90.027065999796, 35.131757999632]}, "properties": {"FID": 27, "stop_id": "0:CRUCAMWN", "stop_name": "CRUMP BOULEVARD at CAMILLA STREET", "stop_desc": "st 5712", "stop_lat": 35.131758, "stop_lon": -90.027066, "zone_id": " ", "location_t": 0, "parent_sta": "1:CRUCAMWN", "vehicle_ty": 3}}, {"type": "Feature", "id": 28, "geometry": {"type": "Point", "coordinates": [-89.9824649997599, 35.125790999655]}, "properties": {"FID": 28, "stop_id": "0:CENEAREM", "stop_name": "CENTRAL AVENUE at EARLY MAXWELL BLVD", "stop_desc": "st 3347", "stop_lat": 35.125791, "stop_lon": -89.982465, "zone_id": " ", "location_t": 0, "parent_sta": "1:CENEAREM", "vehicle_ty": 3}}, {"type": "Feature", "id": 29, "geometry": {"type": "Point", "coordinates": [-89.8703069995684, 35.0059290003231]}, "properties": {"FID": 29, "stop_id": "0:HOLSIMWN", "stop_name": "HOLMES ROAD at SIMS ROAD", "stop_desc": "st 7232", "stop_lat": 35.005929, "stop_lon": -89.870307, "zone_id": " ", "location_t": 0, "parent_sta": "1:HOLSIMWN", "vehicle_ty": 3}}, {"type": "Feature", "id": 30, "geometry": {"type": "Point", "coordinates": [-89.8647499996127, 35.0058920004155]}, "properties": {"FID": 30, "stop_id": "0:HOLHICWF", "stop_name": "HOLMES ROAD at HICKORY HILL ROAD", "stop_desc": "st 7151", "stop_lat": 35.005892, "stop_lon": -89.86475, "zone_id": " ", "location_t": 0, "parent_sta": "1:HOLHICWF", "vehicle_ty": 3}}, {"type": "Feature", "id": 31, "geometry": {"type": "Point", "coordinates": [-90.0623360003061, 35.1164030001984]}, "properties": {"FID": 31, "stop_id": "0:FLOMCLSN", "stop_name": "FLORIDA STREET at MCLEMORE AVENUE", "stop_desc": "st 374", "stop_lat": 35.116403, "stop_lon": -90.062336, "zone_id": " ", "location_t": 0, "parent_sta": "1:FLOMCLSN", "vehicle_ty": 3}}, {"type": "Feature", "id": 32, "geometry": {"type": "Point", "coordinates": [-90.0623589995681, 35.1157060004316]}, "properties": {"FID": 32, "stop_id": "0:FLOMCLSF", "stop_name": "FLORIDA STREET at MCLEMORE AVENUE", "stop_desc": "st 4868", "stop_lat": 35.115706, "stop_lon": -90.062359, "zone_id": " ", "location_t": 0, "parent_sta": "1:FLOMCLSF", "vehicle_ty": 3}}, {"type": "Feature", "id": 33, "geometry": {"type": "Point", "coordinates": [-90.0623700000754, 35.1141159999535]}, "properties": {"FID": 33, "stop_id": "0:FLOFARSN", "stop_name": "FLORIDA STREET at FARROW ROAD", "stop_desc": "st 4869", "stop_lat": 35.114116, "stop_lon": -90.06237, "zone_id": " ", "location_t": 0, "parent_sta": "1:FLOFARSN", "vehicle_ty": 3}}, {"type": "Feature", "id": 34, "geometry": {"type": "Point", "coordinates": [-90.0623700000754, 35.1129360003961]}, "properties": {"FID": 34, "stop_id": "0:FLOWTRSN", "stop_name": "FLORIDA STREET at EAST TRIGG AVENUE", "stop_desc": "st 4870", "stop_lat": 35.112936, "stop_lon": -90.06237, "zone_id": " ", "location_t": 0, "parent_sta": "1:FLOWTRSN", "vehicle_ty": 3}}, {"type": "Feature", "id": 35, "geometry": {"type": "Point", "coordinates": [-90.0624249999138, 35.1103980002675]}, "properties": {"FID": 35, "stop_id": "0:FLOEOLSN", "stop_name": "FLORIDA STREET at EAST OLIVE AVENUE", "stop_desc": "st 4871", "stop_lat": 35.110398, "stop_lon": -90.062425, "zone_id": " ", "location_t": 0, "parent_sta": "1:FLOEOLSN", "vehicle_ty": 3}}, {"type": "Feature", "id": 36, "geometry": {"type": "Point", "coordinates": [-90.0649700003652, 35.1078509997239]}, "properties": {"FID": 36, "stop_id": "0:SPAKANWM", "stop_name": "SOUTH PARKWAY WEST at KANSAS STREET", "stop_desc": "st 2219", "stop_lat": 35.107851, "stop_lon": -90.06497, "zone_id": " ", "location_t": 0, "parent_sta": "1:SPAKANWM", "vehicle_ty": 3}}, {"type": "Feature", "id": 37, "geometry": {"type": "Point", "coordinates": [-90.069395000279, 35.1079489997466]}, "properties": {"FID": 37, "stop_id": "0:SPALOUWF", "stop_name": "SOUTH PARKWAY EAST at LOUISIANA STREET", "stop_desc": "st 2222", "stop_lat": 35.107949, "stop_lon": -90.069395, "zone_id": " ", "location_t": 0, "parent_sta": "1:SPALOUWF", "vehicle_ty": 3}}, {"type": "Feature", "id": 38, "geometry": {"type": "Point", "coordinates": [-90.0730899998036, 35.1074839998867]}, "properties": {"FID": 38, "stop_id": "0:SWISPASF", "stop_name": "SWIFT STREET at SOUTH PARKWAY WEST", "stop_desc": "st 2224", "stop_lat": 35.107484, "stop_lon": -90.07309, "zone_id": " ", "location_t": 0, "parent_sta": "1:SWISPASF", "vehicle_ty": 3}}, {"type": "Feature", "id": 39, "geometry": {"type": "Point", "coordinates": [-90.0731459996881, 35.106180000007]}, "properties": {"FID": 39, "stop_id": "0:SWIBURSN", "stop_name": "SWIFT STREET at BURDOCK AVENUE", "stop_desc": "st 2225", "stop_lat": 35.10618, "stop_lon": -90.073146, "zone_id": " ", "location_t": 0, "parent_sta": "1:SWIBURSN", "vehicle_ty": 3}}, {"type": "Feature", "id": 40, "geometry": {"type": "Point", "coordinates": [-90.0731679998033, 35.1053569998257]}, "properties": {"FID": 40, "stop_id": "0:SWIWALSN", "stop_name": "SWIFT STREET at WALDORF AVENUE", "stop_desc": "st 2226", "stop_lat": 35.105357, "stop_lon": -90.073168, "zone_id": " ", "location_t": 0, "parent_sta": "1:SWIWALSN", "vehicle_ty": 3}}, {"type": "Feature", "id": 41, "geometry": {"type": "Point", "coordinates": [-89.9005920004204, 35.0353550002332]}, "properties": {"FID": 41, "stop_id": "0:RAIOUTWN", "stop_name": "EAST RAINES ROAD at OUTLAND ROAD", "stop_desc": "st 1830", "stop_lat": 35.035355, "stop_lon": -89.900592, "zone_id": " ", "location_t": 0, "parent_sta": "1:RAIOUTWN", "vehicle_ty": 3}}, {"type": "Feature", "id": 42, "geometry": {"type": "Point", "coordinates": [-89.945208000249, 35.1256949997245]}, "properties": {"FID": 42, "stop_id": "0:HIGWINNM", "stop_name": "HIGHLAND STREET at WINDOVER ROAD", "stop_desc": "st 3284", "stop_lat": 35.125695, "stop_lon": -89.945208, "zone_id": " ", "location_t": 0, "parent_sta": "1:HIGWINNM", "vehicle_ty": 3}}, {"type": "Feature", "id": 43, "geometry": {"type": "Point", "coordinates": [-89.9451670001569, 35.1273929997872]}, "properties": {"FID": 43, "stop_id": "0:HIGPOPNN", "stop_name": "HIGHLAND STREET at POPLAR AVENUE", "stop_desc": "st 3285", "stop_lat": 35.127393, "stop_lon": -89.945167, "zone_id": " ", "location_t": 0, "parent_sta": "1:HIGPOPNN", "vehicle_ty": 3}}, {"type": "Feature", "id": 44, "geometry": {"type": "Point", "coordinates": [-89.9449869999501, 35.1318609998853]}, "properties": {"FID": 44, "stop_id": "0:HIGWA1NN", "stop_name": "HIGHLAND STREET at WALNUT GROVE ROAD", "stop_desc": "st 3288", "stop_lat": 35.131861, "stop_lon": -89.944987, "zone_id": " ", "location_t": 0, "parent_sta": "1:HIGWA1NN", "vehicle_ty": 3}}, {"type": "Feature", "id": 45, "geometry": {"type": "Point", "coordinates": [-90.091944999662, 35.0423210004139]}, "properties": {"FID": 45, "stop_id": "0:LEVOAKEN", "stop_name": "LEVI ROAD at OAKSHIRE STREET", "stop_desc": "st 5838 (no 1186)", "stop_lat": 35.042321, "stop_lon": -90.091945, "zone_id": " ", "location_t": 0, "parent_sta": "1:1205", "vehicle_ty": 3}}, {"type": "Feature", "id": 46, "geometry": {"type": "Point", "coordinates": [-90.1034440002404, 35.0254349996256]}, "properties": {"FID": 46, "stop_id": "0:DOUPARSN", "stop_name": "DOUBLE TREE STREET at PARKROSE ROAD", "stop_desc": "st 6398 (no 81)", "stop_lat": 35.025435, "stop_lon": -90.103444, "zone_id": " ", "location_t": 0, "parent_sta": "1:3900", "vehicle_ty": 3}}, {"type": "Feature", "id": 47, "geometry": {"type": "Point", "coordinates": [-89.9449500000424, 35.134095000384]}, "properties": {"FID": 47, "stop_id": "0:HIGNORNN", "stop_name": "HIGHLAND STREET at NORTHWOOD DRIVE", "stop_desc": "st 3173", "stop_lat": 35.134095, "stop_lon": -89.94495, "zone_id": " ", "location_t": 0, "parent_sta": "1:HIGNORNN", "vehicle_ty": 3}}, {"type": "Feature", "id": 48, "geometry": {"type": "Point", "coordinates": [-89.9448800004117, 35.1364090000753]}, "properties": {"FID": 48, "stop_id": "0:HIGOAKNN", "stop_name": "HIGHLAND STREET at OAKLEY AVENUE", "stop_desc": "st 3174", "stop_lat": 35.136409, "stop_lon": -89.94488, "zone_id": " ", "location_t": 0, "parent_sta": "1:HIGOAKNN", "vehicle_ty": 3}}, {"type": "Feature", "id": 49, "geometry": {"type": "Point", "coordinates": [-89.944834000089, 35.1377410003469]}, "properties": {"FID": 49, "stop_id": "0:HIGWAYNN", "stop_name": "HIGHLAND STREET at WAYNOKA AVENUE", "stop_desc": "st 3175", "stop_lat": 35.137741, "stop_lon": -89.944834, "zone_id": " ", "location_t": 0, "parent_sta": "1:HIGWAYNN", "vehicle_ty": 3}}, {"type": "Feature", "id": 50, "geometry": {"type": "Point", "coordinates": [-89.8365779999747, 35.0205019996676]}, "properties": {"FID": 50, "stop_id": "0:SHEBENWF", "stop_name": "SHELBY DRIVE at BENOIT DRIVE", "stop_desc": "st 2411", "stop_lat": 35.020502, "stop_lon": -89.836578, "zone_id": " ", "location_t": 0, "parent_sta": "1:SHEBENWF", "vehicle_ty": 3}}, {"type": "Feature", "id": 51, "geometry": {"type": "Point", "coordinates": [-90.0637309998857, 35.1076630000475]}, "properties": {"FID": 51, "stop_id": "0:SPAKENEN", "stop_name": "SOUTH PARKWAY WEST at KENTUCKY STREET", "stop_desc": "st 2275", "stop_lat": 35.107663, "stop_lon": -90.063731, "zone_id": " ", "location_t": 0, "parent_sta": "1:SPAKENEN", "vehicle_ty": 3}}, {"type": "Feature", "id": 52, "geometry": {"type": "Point", "coordinates": [-90.0622370002374, 35.1100490003611]}, "properties": {"FID": 52, "stop_id": "0:FLOEOLNN", "stop_name": "FLORIDA STREET at EAST OLIVE AVENUE", "stop_desc": "st 4982", "stop_lat": 35.110049, "stop_lon": -90.062237, "zone_id": " ", "location_t": 0, "parent_sta": "1:FLOEOLNN", "vehicle_ty": 3}}, {"type": "Feature", "id": 53, "geometry": {"type": "Point", "coordinates": [-89.8887890002122, 35.0205720001977]}, "properties": {"FID": 53, "stop_id": "0:SHETUGWM", "stop_name": "SHELBY DRIVE at TUGGLE ROAD", "stop_desc": "st 2421", "stop_lat": 35.020572, "stop_lon": -89.888789, "zone_id": " ", "location_t": 0, "parent_sta": "1:SHETUGWM", "vehicle_ty": 3}}, {"type": "Feature", "id": 54, "geometry": {"type": "Point", "coordinates": [-89.9695040001095, 35.0941609997304]}, "properties": {"FID": 54, "stop_id": "0:LAMPENEF", "stop_name": "LAMAR AVENUE at PENDLETON STREET", "stop_desc": "st 5757", "stop_lat": 35.094161, "stop_lon": -89.969504, "zone_id": " ", "location_t": 0, "parent_sta": "1:LAMPENEF", "vehicle_ty": 3}}, {"type": "Feature", "id": 55, "geometry": {"type": "Point", "coordinates": [-89.9677039998397, 35.0921670004068]}, "properties": {"FID": 55, "stop_id": "0:LAMFILEF", "stop_name": "LAMAR AVENUE at FILMORE AVENUE", "stop_desc": "st 5758", "stop_lat": 35.092167, "stop_lon": -89.967704, "zone_id": " ", "location_t": 0, "parent_sta": "1:LAMFILEF", "vehicle_ty": 3}}, {"type": "Feature", "id": 56, "geometry": {"type": "Point", "coordinates": [-89.9659920000307, 35.0901370003224]}, "properties": {"FID": 56, "stop_id": "0:LAMSHUEN", "stop_name": "LAMAR AVENUE at SHULTZ AVENUE", "stop_desc": "st 5759", "stop_lat": 35.090137, "stop_lon": -89.965992, "zone_id": " ", "location_t": 0, "parent_sta": "1:LAMSHUEN", "vehicle_ty": 3}}, {"type": "Feature", "id": 57, "geometry": {"type": "Point", "coordinates": [-89.9650869996653, 35.0890099996118]}, "properties": {"FID": 57, "stop_id": "0:LAMSOUEM", "stop_name": "LAMAR AVENUE at SOUTHWALL STREET", "stop_desc": "st 5760", "stop_lat": 35.08901, "stop_lon": -89.965087, "zone_id": " ", "location_t": 0, "parent_sta": "1:LAMSOUEM", "vehicle_ty": 3}}, {"type": "Feature", "id": 58, "geometry": {"type": "Point", "coordinates": [-90.0058420004079, 35.0778229999315]}, "properties": {"FID": 58, "stop_id": "0:ALCMANWN", "stop_name": "ALCY ROAD at MANCHESTER ROAD", "stop_desc": "st 7116", "stop_lat": 35.077823, "stop_lon": -90.005842, "zone_id": " ", "location_t": 0, "parent_sta": "1:ALCMANWN", "vehicle_ty": 3}}, {"type": "Feature", "id": 59, "geometry": {"type": "Point", "coordinates": [-90.0103980000676, 35.077968000323]}, "properties": {"FID": 59, "stop_id": "0:ALCPERWM", "stop_name": "ALCY ROAD at PERRY ROAD", "stop_desc": "st 7117", "stop_lat": 35.077968, "stop_lon": -90.010398, "zone_id": " ", "location_t": 0, "parent_sta": "1:ALCPERWM", "vehicle_ty": 3}}, {"type": "Feature", "id": 60, "geometry": {"type": "Point", "coordinates": [-90.0124219998754, 35.0780319996771]}, "properties": {"FID": 60, "stop_id": "0:ALCSPAWN", "stop_name": "ALCY ROAD at SPARKS STREET", "stop_desc": "st 6123", "stop_lat": 35.078032, "stop_lon": -90.012422, "zone_id": " ", "location_t": 0, "parent_sta": "1:ALCSPAWN", "vehicle_ty": 3}}, {"type": "Feature", "id": 61, "geometry": {"type": "Point", "coordinates": [-90.0123419997834, 35.0803020000373]}, "properties": {"FID": 61, "stop_id": "0:SPAGAUNN", "stop_name": "SPARKS STREET at GAUSCO ROAD", "stop_desc": "st 7113", "stop_lat": 35.080302, "stop_lon": -90.012342, "zone_id": " ", "location_t": 0, "parent_sta": "1:SPAGAUNN", "vehicle_ty": 3}}, {"type": "Feature", "id": 62, "geometry": {"type": "Point", "coordinates": [-90.0131259999649, 35.0821249995691]}, "properties": {"FID": 62, "stop_id": "0:BALSILWN", "stop_name": "BALL ROAD at SILVER STREET", "stop_desc": "st 7114", "stop_lat": 35.082125, "stop_lon": -90.013126, "zone_id": " ", "location_t": 0, "parent_sta": "1:BALSILWN", "vehicle_ty": 3}}, {"type": "Feature", "id": 63, "geometry": {"type": "Point", "coordinates": [-89.9369390002346, 35.0311030002034]}, "properties": {"FID": 63, "stop_id": "0:GETCRONF", "stop_name": "GETWELL ROAD at CROWFARD DRIVE", "stop_desc": "st 2577", "stop_lat": 35.031103, "stop_lon": -89.936939, "zone_id": " ", "location_t": 0, "parent_sta": "1:GETCRONF", "vehicle_ty": 3}}, {"type": "Feature", "id": 64, "geometry": {"type": "Point", "coordinates": [-89.9353600002638, 35.0366869996054]}, "properties": {"FID": 64, "stop_id": "0:RAIGETEF", "stop_name": "RAINES ROAD at GETWELL ROAD", "stop_desc": "st 2622", "stop_lat": 35.036687, "stop_lon": -89.93536, "zone_id": " ", "location_t": 0, "parent_sta": "1:RAIGETEF", "vehicle_ty": 3}}, {"type": "Feature", "id": 65, "geometry": {"type": "Point", "coordinates": [-90.0651590000878, 35.1011300000495]}, "properties": {"FID": 65, "stop_id": "0:KANDISSN", "stop_name": "KANSAS STREET at DISON AVENUE", "stop_desc": "st 2253", "stop_lat": 35.10113, "stop_lon": -90.065159, "zone_id": " ", "location_t": 0, "parent_sta": "1:KANDISSN", "vehicle_ty": 3}}, {"type": "Feature", "id": 66, "geometry": {"type": "Point", "coordinates": [-90.065314000041, 35.099727000101]}, "properties": {"FID": 66, "stop_id": "0:KANKIRSN", "stop_name": "KANSAS STREET at KIRK AVENUE", "stop_desc": "st 2254", "stop_lat": 35.099727, "stop_lon": -90.065314, "zone_id": " ", "location_t": 0, "parent_sta": "1:KANKIRSN", "vehicle_ty": 3}}, {"type": "Feature", "id": 67, "geometry": {"type": "Point", "coordinates": [-90.0655019997175, 35.0979219996007]}, "properties": {"FID": 67, "stop_id": "0:KANVAASF", "stop_name": "KANSAS STREET at VAAL AVENUE", "stop_desc": "st 2255", "stop_lat": 35.097922, "stop_lon": -90.065502, "zone_id": " ", "location_t": 0, "parent_sta": "1:KANVAASF", "vehicle_ty": 3}}, {"type": "Feature", "id": 68, "geometry": {"type": "Point", "coordinates": [-90.0664749996215, 35.0965100001364]}, "properties": {"FID": 68, "stop_id": "0:KANPRESN", "stop_name": "KANSAS STREET at PRETORIA AVENUE", "stop_desc": "st 2256", "stop_lat": 35.09651, "stop_lon": -90.066475, "zone_id": " ", "location_t": 0, "parent_sta": "1:KANPRESN", "vehicle_ty": 3}}, {"type": "Feature", "id": 69, "geometry": {"type": "Point", "coordinates": [-89.9369089997505, 35.0294040000946]}, "properties": {"FID": 69, "stop_id": "0:GETCRONN", "stop_name": "GETWELL ROAD at CROWFARD DRIVE", "stop_desc": "st 2576", "stop_lat": 35.029404, "stop_lon": -89.936909, "zone_id": " ", "location_t": 0, "parent_sta": "1:GETCRONN", "vehicle_ty": 3}}, {"type": "Feature", "id": 70, "geometry": {"type": "Point", "coordinates": [-90.0164359997216, 35.1259990002537]}, "properties": {"FID": 70, "stop_id": "0:LAMSNOEF", "stop_name": "LAMAR AVENUE at SNOWDEN CIRCLE", "stop_desc": "st 5734", "stop_lat": 35.125999, "stop_lon": -90.016436, "zone_id": " ", "location_t": 0, "parent_sta": "1:LAMSNOEF", "vehicle_ty": 3}}, {"type": "Feature", "id": 71, "geometry": {"type": "Point", "coordinates": [-89.9251060004415, 35.0060630002073]}, "properties": {"FID": 71, "stop_id": "0:HOLMALEM", "stop_name": "HOLMES ROAD at MALONE ROAD", "stop_desc": "st 2523", "stop_lat": 35.006063, "stop_lon": -89.925106, "zone_id": " ", "location_t": 0, "parent_sta": "1:HOLMALEM", "vehicle_ty": 3}}, {"type": "Feature", "id": 72, "geometry": {"type": "Point", "coordinates": [-89.9537300002393, 35.1643249995991]}, "properties": {"FID": 72, "stop_id": "0:JACMACSF", "stop_name": "JACKSON AVENUE at MACON ROAD", "stop_desc": "st 3735", "stop_lat": 35.164325, "stop_lon": -89.95373, "zone_id": " ", "location_t": 0, "parent_sta": "1:JACMACSF", "vehicle_ty": 3}}, {"type": "Feature", "id": 73, "geometry": {"type": "Point", "coordinates": [-89.955905999862, 35.1629360002962]}, "properties": {"FID": 73, "stop_id": "0:JACHUDSN", "stop_name": "JACKSON AVENUE at HUDSON STREET", "stop_desc": "st 3736", "stop_lat": 35.162936, "stop_lon": -89.955906, "zone_id": " ", "location_t": 0, "parent_sta": "1:JACHUDSN", "vehicle_ty": 3}}, {"type": "Feature", "id": 74, "geometry": {"type": "Point", "coordinates": [-89.9585240000825, 35.1616809999782]}, "properties": {"FID": 74, "stop_id": "0:JACPOPSN", "stop_name": "JACKSON AVENUE at POPE STREET", "stop_desc": "st 3737", "stop_lat": 35.161681, "stop_lon": -89.958524, "zone_id": " ", "location_t": 0, "parent_sta": "1:JACPOPSN", "vehicle_ty": 3}}, {"type": "Feature", "id": 75, "geometry": {"type": "Point", "coordinates": [-89.9316740002549, 35.107627000186]}, "properties": {"FID": 75, "stop_id": "0:PARSHOWN", "stop_name": "PARK AVENUE at SHOTWELL STREET", "stop_desc": "st 2159", "stop_lat": 35.107627, "stop_lon": -89.931674, "zone_id": " ", "location_t": 0, "parent_sta": "1:PARSHOWN", "vehicle_ty": 3}}, {"type": "Feature", "id": 76, "geometry": {"type": "Point", "coordinates": [-89.9440079997693, 35.1687589999279]}, "properties": {"FID": 76, "stop_id": "0:NATFAINF", "stop_name": "NATIONAL STREET at FAIROAKS AVENUE", "stop_desc": "st 6973", "stop_lat": 35.168759, "stop_lon": -89.944008, "zone_id": " ", "location_t": 0, "parent_sta": "1:NATFAINF", "vehicle_ty": 3}}, {"type": "Feature", "id": 77, "geometry": {"type": "Point", "coordinates": [-89.9425770003282, 35.1708039998048]}, "properties": {"FID": 77, "stop_id": "0:NATHAZNM", "stop_name": "NATIONAL STREET at HAZELWOOD AVENUE", "stop_desc": "st 6974", "stop_lat": 35.170804, "stop_lon": -89.942577, "zone_id": " ", "location_t": 0, "parent_sta": "1:NATHAZNM", "vehicle_ty": 3}}, {"type": "Feature", "id": 78, "geometry": {"type": "Point", "coordinates": [-89.9420429999844, 35.1720279995926]}, "properties": {"FID": 78, "stop_id": "0:NATBAYNF", "stop_name": "NATIONAL STREET at BAYLISS AVENUE", "stop_desc": "st 7009", "stop_lat": 35.172028, "stop_lon": -89.942043, "zone_id": " ", "location_t": 0, "parent_sta": "1:NATBAYNF", "vehicle_ty": 3}}, {"type": "Feature", "id": 79, "geometry": {"type": "Point", "coordinates": [-89.9380799997921, 35.1780999999151]}, "properties": {"FID": 79, "stop_id": "0:ORCNATNM", "stop_name": "ORCHI ROAD at NATIONAL STREET", "stop_desc": "st 6978", "stop_lat": 35.1781, "stop_lon": -89.93808, "zone_id": " ", "location_t": 0, "parent_sta": "1:ORCNATNM", "vehicle_ty": 3}}, {"type": "Feature", "id": 80, "geometry": {"type": "Point", "coordinates": [-90.0055149997174, 35.0715310002555]}, "properties": {"FID": 80, "stop_id": "0:NONDIVEF", "stop_name": "NONCONNAH BOULEVARD at DIVIDEND DRIVE", "stop_desc": "st 7102", "stop_lat": 35.071531, "stop_lon": -90.005515, "zone_id": " ", "location_t": 0, "parent_sta": "1:NONDIVEF", "vehicle_ty": 3}}, {"type": "Feature", "id": 81, "geometry": {"type": "Point", "coordinates": [-89.9996990004085, 35.0718580000467]}, "properties": {"FID": 81, "stop_id": "0:NONPA2EF", "stop_name": "NONCONNAH BOULEVARD at PARAGON PLACE", "stop_desc": "st 7103", "stop_lat": 35.071858, "stop_lon": -89.999699, "zone_id": " ", "location_t": 0, "parent_sta": "1:NONPA2EF", "vehicle_ty": 3}}, {"type": "Feature", "id": 82, "geometry": {"type": "Point", "coordinates": [-89.9926760002971, 35.0733549998334]}, "properties": {"FID": 82, "stop_id": "0:NONCOREN", "stop_name": "NONCONNAH BOULEVARD at CORPORATE AVENUE", "stop_desc": "st 7104", "stop_lat": 35.073355, "stop_lon": -89.992676, "zone_id": " ", "location_t": 0, "parent_sta": "1:NONCOREN", "vehicle_ty": 3}}, {"type": "Feature", "id": 83, "geometry": {"type": "Point", "coordinates": [-89.9902130000299, 35.0697609995705]}, "properties": {"FID": 83, "stop_id": "0:NONDE1SM", "stop_name": "NONCONNAH BOULEVARD at DEMOCRAT ROAD", "stop_desc": "st 2768", "stop_lat": 35.069761, "stop_lon": -89.990213, "zone_id": " ", "location_t": 0, "parent_sta": "1:NONDE1SM", "vehicle_ty": 3}}, {"type": "Feature", "id": 84, "geometry": {"type": "Point", "coordinates": [-89.8839930002767, 35.1851409999572]}, "properties": {"FID": 84, "stop_id": "0:RALROCEF", "stop_name": "RALEIGH LAGRANGE ROAD at ROCK RIDGE ROAD", "stop_desc": "st 7066", "stop_lat": 35.185141, "stop_lon": -89.883993, "zone_id": " ", "location_t": 0, "parent_sta": "1:RALROCEF", "vehicle_ty": 3}}, {"type": "Feature", "id": 85, "geometry": {"type": "Point", "coordinates": [-90.0629469997043, 35.0927199998282]}, "properties": {"FID": 85, "stop_id": "0:FLOFERSN", "stop_name": "FLORIDA STREET at EAST FERNWOOD AVENUE", "stop_desc": "st 4883", "stop_lat": 35.09272, "stop_lon": -90.062947, "zone_id": " ", "location_t": 0, "parent_sta": "1:FLOFERSN", "vehicle_ty": 3}}, {"type": "Feature", "id": 86, "geometry": {"type": "Point", "coordinates": [-90.0629689998195, 35.0917819997396]}, "properties": {"FID": 86, "stop_id": "0:FLONORSN", "stop_name": "FLORIDA STREET at NORWOOD AVENUE", "stop_desc": "st 4884", "stop_lat": 35.091782, "stop_lon": -90.062969, "zone_id": " ", "location_t": 0, "parent_sta": "1:FLONORSN", "vehicle_ty": 3}}, {"type": "Feature", "id": 87, "geometry": {"type": "Point", "coordinates": [-90.0621400002607, 35.0865359997367]}, "properties": {"FID": 87, "stop_id": "0:MALFLOEF", "stop_name": "MALLORY AVENUE at FLORIDA STREET", "stop_desc": "st 5003", "stop_lat": 35.086536, "stop_lon": -90.06214, "zone_id": " ", "location_t": 0, "parent_sta": "1:MALFLOEF", "vehicle_ty": 3}}, {"type": "Feature", "id": 88, "geometry": {"type": "Point", "coordinates": [-90.0603149997374, 35.0865090002902]}, "properties": {"FID": 88, "stop_id": "0:MALSHEEF", "stop_name": "MALLORY AVENUE at SHELBY STREET", "stop_desc": "st 5004", "stop_lat": 35.086509, "stop_lon": -90.060315, "zone_id": " ", "location_t": 0, "parent_sta": "1:MALSHEEF", "vehicle_ty": 3}}, {"type": "Feature", "id": 89, "geometry": {"type": "Point", "coordinates": [-89.8437810002929, 35.0205019996676]}, "properties": {"FID": 89, "stop_id": "0:SHEVESWN", "stop_name": "SHELBY DRIVE at VESCOVI LANE", "stop_desc": "st 2413", "stop_lat": 35.020502, "stop_lon": -89.843781, "zone_id": " ", "location_t": 0, "parent_sta": "1:SHEVESWN", "vehicle_ty": 3}}, {"type": "Feature", "id": 90, "geometry": {"type": "Point", "coordinates": [-89.9491389998649, 35.1731970004413]}, "properties": {"FID": 90, "stop_id": "0:CHEHOLEF", "stop_name": "CHELSEA AVENUE at HOLMES STREET", "stop_desc": "st 4589", "stop_lat": 35.173197, "stop_lon": -89.949139, "zone_id": " ", "location_t": 0, "parent_sta": "1:CHEHOLEF", "vehicle_ty": 3}}, {"type": "Feature", "id": 91, "geometry": {"type": "Point", "coordinates": [-89.9464479998753, 35.1734620000713]}, "properties": {"FID": 91, "stop_id": "0:CHEPANEF", "stop_name": "CHELSEA AVENUE at PANAMA STREET", "stop_desc": "st 4590", "stop_lat": 35.173462, "stop_lon": -89.946448, "zone_id": " ", "location_t": 0, "parent_sta": "1:CHEPANEF", "vehicle_ty": 3}}, {"type": "Feature", "id": 92, "geometry": {"type": "Point", "coordinates": [-89.9458680001081, 35.1144809996984]}, "properties": {"FID": 92, "stop_id": "0:HIGSPOSM", "stop_name": "HIGHLAND STREET at SPOTTSWOOD AVENUE", "stop_desc": "st 3229", "stop_lat": 35.114481, "stop_lon": -89.945868, "zone_id": " ", "location_t": 0, "parent_sta": "1:HIGSPOSM", "vehicle_ty": 3}}, {"type": "Feature", "id": 93, "geometry": {"type": "Point", "coordinates": [-89.9459470001539, 35.1128980004424]}, "properties": {"FID": 93, "stop_id": "0:HIGSPOSF", "stop_name": "HIGHLAND STREET at SPOTSWOOD AVENUE", "stop_desc": "st 7094", "stop_lat": 35.112898, "stop_lon": -89.945947, "zone_id": " ", "location_t": 0, "parent_sta": "1:HIGSPOSF", "vehicle_ty": 3}}, {"type": "Feature", "id": 94, "geometry": {"type": "Point", "coordinates": [-90.0511709998418, 35.1188329998431]}, "properties": {"FID": 94, "stop_id": "0:FOULACSN", "stop_name": "4TH STREET at LACLEDE AVENUE", "stop_desc": "st 4834", "stop_lat": 35.118833, "stop_lon": -90.051171, "zone_id": " ", "location_t": 0, "parent_sta": "1:FOULACSN", "vehicle_ty": 3}}, {"type": "Feature", "id": 95, "geometry": {"type": "Point", "coordinates": [-89.9451700002953, 35.107811999724]}, "properties": {"FID": 95, "stop_id": "0:PARHIGEF", "stop_name": "PARK AVENUE at HIGHLAND STREET", "stop_desc": "st 2329", "stop_lat": 35.107812, "stop_lon": -89.94517, "zone_id": " ", "location_t": 0, "parent_sta": "1:PARHIGEF", "vehicle_ty": 3}}, {"type": "Feature", "id": 96, "geometry": {"type": "Point", "coordinates": [-89.94262599989, 35.1077460002778]}, "properties": {"FID": 96, "stop_id": "0:PARPAREN", "stop_name": "PARK AVENUE at PARK HAVEN LANE", "stop_desc": "st 2330", "stop_lat": 35.107746, "stop_lon": -89.942626, "zone_id": " ", "location_t": 0, "parent_sta": "1:PARPAREN", "vehicle_ty": 3}}, {"type": "Feature", "id": 97, "geometry": {"type": "Point", "coordinates": [-89.9407119997589, 35.1076999999551]}, "properties": {"FID": 97, "stop_id": "0:PARROBEN", "stop_name": "PARK AVENUE at ROBIN HOOD LANE", "stop_desc": "st 2331", "stop_lat": 35.1077, "stop_lon": -89.940712, "zone_id": " ", "location_t": 0, "parent_sta": "1:PARROBEN", "vehicle_ty": 3}}, {"type": "Feature", "id": 98, "geometry": {"type": "Point", "coordinates": [-89.9386770003433, 35.1076349996555]}, "properties": {"FID": 98, "stop_id": "0:PARECHEN", "stop_name": "PARK AVENUE at ECHLES STREET", "stop_desc": "st 2332", "stop_lat": 35.107635, "stop_lon": -89.938677, "zone_id": " ", "location_t": 0, "parent_sta": "1:PARECHEN", "vehicle_ty": 3}}, {"type": "Feature", "id": 99, "geometry": {"type": "Point", "coordinates": [-89.935899999985, 35.1075690002093]}, "properties": {"FID": 99, "stop_id": "0:PARGOOEN", "stop_name": "PARK AVENUE at GOODMAN STREET", "stop_desc": "st 2333", "stop_lat": 35.107569, "stop_lon": -89.9359, "zone_id": " ", "location_t": 0, "parent_sta": "1:PARGOOEN", "vehicle_ty": 3}}, {"type": "Feature", "id": 100, "geometry": {"type": "Point", "coordinates": [-89.9336759999474, 35.1075219998405]}, "properties": {"FID": 100, "stop_id": "0:PARKELEF", "stop_name": "PARK AVENUE at KELLEY ROAD", "stop_desc": "st 2334", "stop_lat": 35.107522, "stop_lon": -89.933676, "zone_id": " ", "location_t": 0, "parent_sta": "1:PARKELEF", "vehicle_ty": 3}}, {"type": "Feature", "id": 101, "geometry": {"type": "Point", "coordinates": [-89.932061000115, 35.107475000371]}, "properties": {"FID": 101, "stop_id": "0:PARSHOEN", "stop_name": "PARK AVENUE at SHOTWELL STREET", "stop_desc": "st 2335", "stop_lat": 35.107475, "stop_lon": -89.932061, "zone_id": " ", "location_t": 0, "parent_sta": "1:PARSHOEN", "vehicle_ty": 3}}, {"type": "Feature", "id": 102, "geometry": {"type": "Point", "coordinates": [-89.9309920002805, 35.0990199998731]}, "properties": {"FID": 102, "stop_id": "0:GETRHOSF", "stop_name": "GETWELL ROAD at RHODES AVENUE", "stop_desc": "st 378", "stop_lat": 35.09902, "stop_lon": -89.930992, "zone_id": " ", "location_t": 0, "parent_sta": "1:GETRHOSF", "vehicle_ty": 3}}, {"type": "Feature", "id": 103, "geometry": {"type": "Point", "coordinates": [-89.9311589998879, 35.0924869998752]}, "properties": {"FID": 103, "stop_id": "0:GETKIMSF", "stop_name": "GETWELL ROAD at KIMBALL AVENUE", "stop_desc": "st 373", "stop_lat": 35.092487, "stop_lon": -89.931159, "zone_id": " ", "location_t": 0, "parent_sta": "1:GETKIMSF", "vehicle_ty": 3}}, {"type": "Feature", "id": 104, "geometry": {"type": "Point", "coordinates": [-89.9312080003489, 35.0897159997936]}, "properties": {"FID": 104, "stop_id": "0:GETDUNSF", "stop_name": "GETWELL ROAD at DUNN AVENUE", "stop_desc": "st 206", "stop_lat": 35.089716, "stop_lon": -89.931208, "zone_id": " ", "location_t": 0, "parent_sta": "1:GETDUNSF", "vehicle_ty": 3}}, {"type": "Feature", "id": 105, "geometry": {"type": "Point", "coordinates": [-89.9313040002793, 35.0854890000174]}, "properties": {"FID": 105, "stop_id": "0:GETELLSM", "stop_name": "GETWELL ROAD at ELLISTON ROAD", "stop_desc": "st 2808", "stop_lat": 35.085489, "stop_lon": -89.931304, "zone_id": " ", "location_t": 0, "parent_sta": "1:GETELLSM", "vehicle_ty": 3}}, {"type": "Feature", "id": 106, "geometry": {"type": "Point", "coordinates": [-89.9313289996336, 35.0839880000462]}, "properties": {"FID": 106, "stop_id": "0:GETMALSM", "stop_name": "GETWELL ROAD at MALLORY AVENUE", "stop_desc": "st 2809", "stop_lat": 35.083988, "stop_lon": -89.931329, "zone_id": " ", "location_t": 0, "parent_sta": "1:GETMALSM", "vehicle_ty": 3}}, {"type": "Feature", "id": 107, "geometry": {"type": "Point", "coordinates": [-89.9311300003492, 35.0838360002313]}, "properties": {"FID": 107, "stop_id": "0:GETMALNF", "stop_name": "GETWELL ROAD at MALLORY AVENUE", "stop_desc": "st 2810", "stop_lat": 35.083836, "stop_lon": -89.93113, "zone_id": " ", "location_t": 0, "parent_sta": "1:GETMALNF", "vehicle_ty": 3}}, {"type": "Feature", "id": 108, "geometry": {"type": "Point", "coordinates": [-89.9311179997958, 35.0848189996971]}, "properties": {"FID": 108, "stop_id": "0:GETELLNN", "stop_name": "GETWELL ROAD at ELLISTON ROAD", "stop_desc": "st 2811", "stop_lat": 35.084819, "stop_lon": -89.931118, "zone_id": " ", "location_t": 0, "parent_sta": "1:GETELLNN", "vehicle_ty": 3}}, {"type": "Feature", "id": 109, "geometry": {"type": "Point", "coordinates": [-89.9427959996356, 35.1721630004222]}, "properties": {"FID": 109, "stop_id": "0:JACBAYNN", "stop_name": "JACKSON AVENUE at BAYLISS AVENUE", "stop_desc": "st 3194 (no 975)", "stop_lat": 35.172163, "stop_lon": -89.942796, "zone_id": " ", "location_t": 0, "parent_sta": "1:500", "vehicle_ty": 3}}, {"type": "Feature", "id": 110, "geometry": {"type": "Point", "coordinates": [-89.9761069997382, 35.1578149997625]}, "properties": {"FID": 110, "stop_id": "0:JACHOLEF", "stop_name": "JACKSON AVENUE at HOLLYWOOD STREET", "stop_desc": "st 295 (no 109)", "stop_lat": 35.157815, "stop_lon": -89.976107, "zone_id": " ", "location_t": 0, "parent_sta": "1:103", "vehicle_ty": 3}}, {"type": "Feature", "id": 111, "geometry": {"type": "Point", "coordinates": [-89.8314590004325, 35.0244199995834]}, "properties": {"FID": 111, "stop_id": "0:RIVBORSN", "stop_name": "RIVERDALE ROAD at BORDEAUX LANE", "stop_desc": "st 7239", "stop_lat": 35.02442, "stop_lon": -89.831459, "zone_id": " ", "location_t": 0, "parent_sta": "1:RIVBORSN", "vehicle_ty": 3}}, {"type": "Feature", "id": 112, "geometry": {"type": "Point", "coordinates": [-89.8314930002018, 35.0277540004468]}, "properties": {"FID": 112, "stop_id": "0:RIVROCSN", "stop_name": "RIVERDALE ROAD at ROCKINGHAM ROAD", "stop_desc": "st 7238", "stop_lat": 35.027754, "stop_lon": -89.831493, "zone_id": " ", "location_t": 0, "parent_sta": "1:RIVROCSN", "vehicle_ty": 3}}, {"type": "Feature", "id": 113, "geometry": {"type": "Point", "coordinates": [-89.8315049998558, 35.0310430001344]}, "properties": {"FID": 113, "stop_id": "0:RIVFOXSN", "stop_name": "RIVERDALE ROAD at FOX HEDGE", "stop_desc": "st 7237", "stop_lat": 35.031043, "stop_lon": -89.831505, "zone_id": " ", "location_t": 0, "parent_sta": "1:RIVFOXSN", "vehicle_ty": 3}}, {"type": "Feature", "id": 114, "geometry": {"type": "Point", "coordinates": [-89.8315160003631, 35.0346989996592]}, "properties": {"FID": 114, "stop_id": "0:RIVRAISF", "stop_name": "RIVERDALE ROAD at RAINES ROAD", "stop_desc": "st 7149", "stop_lat": 35.034699, "stop_lon": -89.831516, "zone_id": " ", "location_t": 0, "parent_sta": "1:RIVRAISF", "vehicle_ty": 3}}, {"type": "Feature", "id": 115, "geometry": {"type": "Point", "coordinates": [-89.831515000317, 35.0384259997601]}, "properties": {"FID": 115, "stop_id": "0:RIVCHESF", "stop_name": "RIVERDALE ROAD at CHESAPEAKE WAY", "stop_desc": "st 7236", "stop_lat": 35.038426, "stop_lon": -89.831515, "zone_id": " ", "location_t": 0, "parent_sta": "1:RIVCHESF", "vehicle_ty": 3}}, {"type": "Feature", "id": 116, "geometry": {"type": "Point", "coordinates": [-89.8485449996519, 35.012441000252]}, "properties": {"FID": 116, "stop_id": "0:CRUAMBNN", "stop_name": "CRUMPLER ROAD at AMBERWOOD DRIVE", "stop_desc": "st 6952", "stop_lat": 35.012441, "stop_lon": -89.848545, "zone_id": " ", "location_t": 0, "parent_sta": "1:CRUAMBNN", "vehicle_ty": 3}}, {"type": "Feature", "id": 117, "geometry": {"type": "Point", "coordinates": [-89.8486279998822, 35.0145519995752]}, "properties": {"FID": 117, "stop_id": "0:CRUPINNF", "stop_name": "CRUMPLER ROAD at PINE MEADOW LANE", "stop_desc": "st 2533", "stop_lat": 35.014552, "stop_lon": -89.848628, "zone_id": " ", "location_t": 0, "parent_sta": "1:CRUPINNF", "vehicle_ty": 3}}, {"type": "Feature", "id": 118, "geometry": {"type": "Point", "coordinates": [-89.8485620004359, 35.0201270003608]}, "properties": {"FID": 118, "stop_id": "0:CRUSHENN", "stop_name": "CRUMPLER ROAD at SHELBY DRIVE", "stop_desc": "st 2534", "stop_lat": 35.020127, "stop_lon": -89.848562, "zone_id": " ", "location_t": 0, "parent_sta": "1:CRUSHENN", "vehicle_ty": 3}}, {"type": "Feature", "id": 119, "geometry": {"type": "Point", "coordinates": [-89.8530689996346, 35.0205019996676]}, "properties": {"FID": 119, "stop_id": "0:SHEAMAWF", "stop_name": "SHELBY DRIVE at AMANDA OAKS CIRCLE WEST", "stop_desc": "st 2414", "stop_lat": 35.020502, "stop_lon": -89.853069, "zone_id": " ", "location_t": 0, "parent_sta": "1:SHEAMAWF", "vehicle_ty": 3}}, {"type": "Feature", "id": 120, "geometry": {"type": "Point", "coordinates": [-89.85557400004, 35.0204869998752]}, "properties": {"FID": 120, "stop_id": "0:SHECRUWM", "stop_name": "SHELBY DRIVE at CRUMP BOULEVARD", "stop_desc": "st 2415", "stop_lat": 35.020487, "stop_lon": -89.855574, "zone_id": " ", "location_t": 0, "parent_sta": "1:SHECRUWM", "vehicle_ty": 3}}, {"type": "Feature", "id": 121, "geometry": {"type": "Point", "coordinates": [-89.9490829999804, 35.173357999772]}, "properties": {"FID": 121, "stop_id": "0:CHEHOLWM", "stop_name": "CHELSEA AVENUE at HOLMES STREET", "stop_desc": "st 4517", "stop_lat": 35.173358, "stop_lon": -89.949083, "zone_id": " ", "location_t": 0, "parent_sta": "1:CHEHOLWM", "vehicle_ty": 3}}, {"type": "Feature", "id": 122, "geometry": {"type": "Point", "coordinates": [-89.9507660002507, 35.1733860001638]}, "properties": {"FID": 122, "stop_id": "0:CHEELLWN", "stop_name": "CHELSEA AVENUE at ELLINGTON STREET", "stop_desc": "st 4518", "stop_lat": 35.173386, "stop_lon": -89.950766, "zone_id": " ", "location_t": 0, "parent_sta": "1:CHEELLWN", "vehicle_ty": 3}}, {"type": "Feature", "id": 123, "geometry": {"type": "Point", "coordinates": [-89.9535999996402, 35.1734700004402]}, "properties": {"FID": 123, "stop_id": "0:CHEASHWN", "stop_name": "CHELSEA AVENUE at ASH STREET", "stop_desc": "st 4519", "stop_lat": 35.17347, "stop_lon": -89.9536, "zone_id": " ", "location_t": 0, "parent_sta": "1:CHEASHWN", "vehicle_ty": 3}}, {"type": "Feature", "id": 124, "geometry": {"type": "Point", "coordinates": [-89.9555159998635, 35.1735250002786]}, "properties": {"FID": 124, "stop_id": "0:CHEBROWN", "stop_name": "CHELSEA AVENUE at BROOKINS STREET", "stop_desc": "st 4520", "stop_lat": 35.173525, "stop_lon": -89.955516, "zone_id": " ", "location_t": 0, "parent_sta": "1:CHEBROWN", "vehicle_ty": 3}}, {"type": "Feature", "id": 125, "geometry": {"type": "Point", "coordinates": [-89.9597449997319, 35.1739940003229]}, "properties": {"FID": 125, "stop_id": "0:CHESUNWF", "stop_name": "CHELSEA AVENUE at SUNSET STREET", "stop_desc": "st 4522", "stop_lat": 35.173994, "stop_lon": -89.959745, "zone_id": " ", "location_t": 0, "parent_sta": "1:CHESUNWF", "vehicle_ty": 3}}, {"type": "Feature", "id": 126, "geometry": {"type": "Point", "coordinates": [-89.9612279997723, 35.1741199998382]}, "properties": {"FID": 126, "stop_id": "0:CHELAKWN", "stop_name": "CHELSEA AVENUE at LAKE GROVE STREET", "stop_desc": "st 4523", "stop_lat": 35.17412, "stop_lon": -89.961228, "zone_id": " ", "location_t": 0, "parent_sta": "1:CHELAKWN", "vehicle_ty": 3}}, {"type": "Feature", "id": 127, "geometry": {"type": "Point", "coordinates": [-89.9632870002948, 35.1743010000911]}, "properties": {"FID": 127, "stop_id": "0:CHECARWN", "stop_name": "CHELSEA AVENUE at CARPENTER STREET", "stop_desc": "st 4524", "stop_lat": 35.174301, "stop_lon": -89.963287, "zone_id": " ", "location_t": 0, "parent_sta": "1:CHECARWN", "vehicle_ty": 3}}, {"type": "Feature", "id": 128, "geometry": {"type": "Point", "coordinates": [-89.9654910003094, 35.1743650003446]}, "properties": {"FID": 128, "stop_id": "0:CHECARWF", "stop_name": "CHELSEA AVENUE at CARPENTER STREET", "stop_desc": "st 4525", "stop_lat": 35.174365, "stop_lon": -89.965491, "zone_id": " ", "location_t": 0, "parent_sta": "1:CHECARWF", "vehicle_ty": 3}}, {"type": "Feature", "id": 129, "geometry": {"type": "Point", "coordinates": [-89.9678490002311, 35.1744659996062]}, "properties": {"FID": 129, "stop_id": "0:CHEFAIWM", "stop_name": "CHELSEA AVENUE at FAIRFAX STREET", "stop_desc": "st 4526", "stop_lat": 35.174466, "stop_lon": -89.967849, "zone_id": " ", "location_t": 0, "parent_sta": "1:CHEFAIWM", "vehicle_ty": 3}}, {"type": "Feature", "id": 130, "geometry": {"type": "Point", "coordinates": [-89.9703070002678, 35.1745479997904]}, "properties": {"FID": 130, "stop_id": "0:CHEFAIWN", "stop_name": "CHELSEA AVENUE at FAIRFAX STREET", "stop_desc": "st 4527", "stop_lat": 35.174548, "stop_lon": -89.970307, "zone_id": " ", "location_t": 0, "parent_sta": "1:CHEFAIWN", "vehicle_ty": 3}}, {"type": "Feature", "id": 131, "geometry": {"type": "Point", "coordinates": [-89.9718240000775, 35.1746029996288]}, "properties": {"FID": 131, "stop_id": "0:CHESTAWN", "stop_name": "CHELSEA AVENUE at STANDRIDGE STREET", "stop_desc": "st 4528", "stop_lat": 35.174603, "stop_lon": -89.971824, "zone_id": " ", "location_t": 0, "parent_sta": "1:CHESTAWN", "vehicle_ty": 3}}, {"type": "Feature", "id": 132, "geometry": {"type": "Point", "coordinates": [-89.9732520002796, 35.1746489999514]}, "properties": {"FID": 132, "stop_id": "0:CHEMERWF", "stop_name": "CHELSEA AVENUE at MERTON STREET", "stop_desc": "st 4529", "stop_lat": 35.174649, "stop_lon": -89.973252, "zone_id": " ", "location_t": 0, "parent_sta": "1:CHEMERWF", "vehicle_ty": 3}}, {"type": "Feature", "id": 133, "geometry": {"type": "Point", "coordinates": [-90.0521829997456, 35.1506209998593]}, "properties": {"FID": 133, "stop_id": "0:FROPOPSN", "stop_name": "FRONT STREET at POPLAR AVENUE", "stop_desc": "st 603", "stop_lat": 35.150621, "stop_lon": -90.052183, "zone_id": " ", "location_t": 0, "parent_sta": "1:FROPOPSN", "vehicle_ty": 3}}, {"type": "Feature", "id": 134, "geometry": {"type": "Point", "coordinates": [-90.0529249997889, 35.1485030002133]}, "properties": {"FID": 134, "stop_id": "0:FROADASM", "stop_name": "FRONT STREET at ADAMS AVENUE", "stop_desc": "st 604", "stop_lat": 35.148503, "stop_lon": -90.052925, "zone_id": " ", "location_t": 0, "parent_sta": "1:FROADASM", "vehicle_ty": 3}}, {"type": "Feature", "id": 135, "geometry": {"type": "Point", "coordinates": [-90.0551499998726, 35.1465469999441]}, "properties": {"FID": 135, "stop_id": "0:RIVCOUSN", "stop_name": "RIVERSIDE DRIVE at COURT AVENUE", "stop_desc": "st 6709", "stop_lat": 35.146547, "stop_lon": -90.05515, "zone_id": " ", "location_t": 0, "parent_sta": "1:RIVCOUSN", "vehicle_ty": 3}}, {"type": "Feature", "id": 136, "geometry": {"type": "Point", "coordinates": [-89.9717239999626, 35.1578650002696]}, "properties": {"FID": 136, "stop_id": "0:JACBINEN", "stop_name": "JACKSON AVENUE at BINGHAM STREET", "stop_desc": "st 3919", "stop_lat": 35.157865, "stop_lon": -89.971724, "zone_id": " ", "location_t": 0, "parent_sta": "1:JACBINEN", "vehicle_ty": 3}}, {"type": "Feature", "id": 137, "geometry": {"type": "Point", "coordinates": [-89.871719999978, 35.1777299999396]}, "properties": {"FID": 137, "stop_id": "0:SYCSYCSM", "stop_name": "SYCAMORE VIEW RD at SYCAMORE RIDGE ROAD", "stop_desc": "st 7070", "stop_lat": 35.17773, "stop_lon": -89.87172, "zone_id": " ", "location_t": 0, "parent_sta": "1:SYCSYCSM", "vehicle_ty": 3}}, {"type": "Feature", "id": 138, "geometry": {"type": "Point", "coordinates": [-89.8693189998719, 35.1729269996814]}, "properties": {"FID": 138, "stop_id": "0:SYCPLESF", "stop_name": "SYCAMORE VIEW ROAD at PLEASANT VIEW ROAD", "stop_desc": "st 7071", "stop_lat": 35.172927, "stop_lon": -89.869319, "zone_id": " ", "location_t": 0, "parent_sta": "1:SYCPLESF", "vehicle_ty": 3}}, {"type": "Feature", "id": 139, "geometry": {"type": "Point", "coordinates": [-89.867475000271, 35.1710830000804]}, "properties": {"FID": 139, "stop_id": "0:SYCSUMSF", "stop_name": "SYCAMORE VIEW ROAD at SUMMER AVENUE", "stop_desc": "st 4132", "stop_lat": 35.171083, "stop_lon": -89.867475, "zone_id": " ", "location_t": 0, "parent_sta": "1:SYCSUMSF", "vehicle_ty": 3}}, {"type": "Feature", "id": 140, "geometry": {"type": "Point", "coordinates": [-89.8668229998815, 35.1704559999445]}, "properties": {"FID": 140, "stop_id": "0:SYCSHESM", "stop_name": "SYCAMORE VIEW ROAD at SHELBY OAKS DRIVE", "stop_desc": "st 4133", "stop_lat": 35.170456, "stop_lon": -89.866823, "zone_id": " ", "location_t": 0, "parent_sta": "1:SYCSHESM", "vehicle_ty": 3}}, {"type": "Feature", "id": 141, "geometry": {"type": "Point", "coordinates": [-89.8603010003908, 35.1584609998753]}, "properties": {"FID": 141, "stop_id": "0:RESSY1EM", "stop_name": "SYCAMORE VIEW ROAD at RESOURCES DRIVE", "stop_desc": "st 4038", "stop_lat": 35.158461, "stop_lon": -89.860301, "zone_id": " ", "location_t": 0, "parent_sta": "1:RESSY1EM", "vehicle_ty": 3}}, {"type": "Feature", "id": 142, "geometry": {"type": "Point", "coordinates": [-89.859352999841, 35.161698999909]}, "properties": {"FID": 142, "stop_id": "0:SYCMACNM", "stop_name": "SYCAMORE VIEW ROAD at MACON ROAD", "stop_desc": "st 4039", "stop_lat": 35.161699, "stop_lon": -89.859353, "zone_id": " ", "location_t": 0, "parent_sta": "1:SYCMACNM", "vehicle_ty": 3}}, {"type": "Feature", "id": 143, "geometry": {"type": "Point", "coordinates": [-89.8642390003296, 35.1680840002765]}, "properties": {"FID": 143, "stop_id": "0:SYCSHENN", "stop_name": "SYCAMORE VIEW ROAD at SHELBY OAKS DRIVE", "stop_desc": "st 4040", "stop_lat": 35.168084, "stop_lon": -89.864239, "zone_id": " ", "location_t": 0, "parent_sta": "1:SYCSHENN", "vehicle_ty": 3}}, {"type": "Feature", "id": 144, "geometry": {"type": "Point", "coordinates": [-90.0356990004085, 35.1808410004119]}, "properties": {"FID": 144, "stop_id": "0:DANPLUSN", "stop_name": "DANNY THOMAS BOULEVARD at PLUM AVENUE", "stop_desc": "st 676", "stop_lat": 35.180841, "stop_lon": -90.035699, "zone_id": " ", "location_t": 0, "parent_sta": "1:DANPLUSN", "vehicle_ty": 3}}, {"type": "Feature", "id": 145, "geometry": {"type": "Point", "coordinates": [-90.0357659999009, 35.1793400004407]}, "properties": {"FID": 145, "stop_id": "0:DANCORSF", "stop_name": "DANNY THOMAS BOULEVARD at CORRINE AVENUE", "stop_desc": "st 677", "stop_lat": 35.17934, "stop_lon": -90.035766, "zone_id": " ", "location_t": 0, "parent_sta": "1:DANCORSF", "vehicle_ty": 3}}, {"type": "Feature", "id": 146, "geometry": {"type": "Point", "coordinates": [-89.9979020002771, 35.2312330004027]}, "properties": {"FID": 146, "stop_id": "0:STELEWEF", "stop_name": "ST ELMO AVENUE at LEWEIR STREET", "stop_desc": "st 1465", "stop_lat": 35.231233, "stop_lon": -89.997902, "zone_id": " ", "location_t": 0, "parent_sta": "1:STELEWEF", "vehicle_ty": 3}}, {"type": "Feature", "id": 147, "geometry": {"type": "Point", "coordinates": [-89.9955749999862, 35.2312039999647]}, "properties": {"FID": 147, "stop_id": "0:STEDENEN", "stop_name": "ST ELMO AVENUE at DENVER STREET", "stop_desc": "st 1466", "stop_lat": 35.231204, "stop_lon": -89.995575, "zone_id": " ", "location_t": 0, "parent_sta": "1:STEDENEN", "vehicle_ty": 3}}, {"type": "Feature", "id": 148, "geometry": {"type": "Point", "coordinates": [-90.0123229998065, 35.1649699996658]}, "properties": {"FID": 148, "stop_id": "0:VOLSPEWN", "stop_name": "VOLLINTINE AVENUE at SPEED STREET", "stop_desc": "st 3850", "stop_lat": 35.16497, "stop_lon": -90.012323, "zone_id": " ", "location_t": 0, "parent_sta": "1:VOLSPEWN", "vehicle_ty": 3}}, {"type": "Feature", "id": 149, "geometry": {"type": "Point", "coordinates": [-90.0139619998464, 35.1651309998958]}, "properties": {"FID": 149, "stop_id": "0:VOLCLAWN", "stop_name": "VOLLINTINE AVENUE at CLAYBROOK STREET", "stop_desc": "st 3851", "stop_lat": 35.165131, "stop_lon": -90.013962, "zone_id": " ", "location_t": 0, "parent_sta": "1:VOLCLAWN", "vehicle_ty": 3}}, {"type": "Feature", "id": 150, "geometry": {"type": "Point", "coordinates": [-89.8835070003478, 35.1074090000254]}, "properties": {"FID": 150, "stop_id": "0:POPESTWN", "stop_name": "POPLAR AVENUE at ESTATE PLACE", "stop_desc": "st 2019", "stop_lat": 35.107409, "stop_lon": -89.883507, "zone_id": " ", "location_t": 0, "parent_sta": "1:POPESTWN", "vehicle_ty": 3}}, {"type": "Feature", "id": 151, "geometry": {"type": "Point", "coordinates": [-90.1052899999335, 35.0496910003395]}, "properties": {"FID": 151, "stop_id": "0:FIEOUTWN", "stop_name": "FIELDS ROAD at OUTLET ROAD", "stop_desc": "st 5588", "stop_lat": 35.049691, "stop_lon": -90.10529, "zone_id": " ", "location_t": 0, "parent_sta": "1:FIEOUTWN", "vehicle_ty": 3}}, {"type": "Feature", "id": 152, "geometry": {"type": "Point", "coordinates": [-90.1071910003644, 35.0496900002933]}, "properties": {"FID": 152, "stop_id": "0:FIEOSCWN", "stop_name": "FIELDS ROAD at OSCEOLA ROAD", "stop_desc": "st 5589", "stop_lat": 35.04969, "stop_lon": -90.107191, "zone_id": " ", "location_t": 0, "parent_sta": "1:FIEOSCWN", "vehicle_ty": 3}}, {"type": "Feature", "id": 153, "geometry": {"type": "Point", "coordinates": [-90.109568000263, 35.0496979997629]}, "properties": {"FID": 153, "stop_id": "0:FIECOOWN", "stop_name": "FIELDS ROAD at COOK ROAD", "stop_desc": "st 5590", "stop_lat": 35.049698, "stop_lon": -90.109568, "zone_id": " ", "location_t": 0, "parent_sta": "1:FIECOOWN", "vehicle_ty": 3}}, {"type": "Feature", "id": 154, "geometry": {"type": "Point", "coordinates": [-89.9300819996845, 35.0866389999899]}, "properties": {"FID": 154, "stop_id": "0:WILWATEM", "stop_name": "NEW WILLOW ROAD at WATSON STREET", "stop_desc": "st 2812", "stop_lat": 35.086639, "stop_lon": -89.930082, "zone_id": " ", "location_t": 0, "parent_sta": "1:WILWATEM", "vehicle_ty": 3}}, {"type": "Feature", "id": 155, "geometry": {"type": "Point", "coordinates": [-90.0526220002051, 35.1156289995787]}, "properties": {"FID": 155, "stop_id": "0:LATMCLSF", "stop_name": "LATHAM STREET at MCLEMORE AVENUE", "stop_desc": "st 4838", "stop_lat": 35.115629, "stop_lon": -90.052622, "zone_id": " ", "location_t": 0, "parent_sta": "1:LATMCLSF", "vehicle_ty": 3}}, {"type": "Feature", "id": 156, "geometry": {"type": "Point", "coordinates": [-90.0525499995828, 35.1144799996523]}, "properties": {"FID": 156, "stop_id": "0:LATLUCSN", "stop_name": "LATHAM STREET at LUCY AVENUE", "stop_desc": "st 4839", "stop_lat": 35.11448, "stop_lon": -90.05255, "zone_id": " ", "location_t": 0, "parent_sta": "1:LATLUCSN", "vehicle_ty": 3}}, {"type": "Feature", "id": 157, "geometry": {"type": "Point", "coordinates": [-90.0044380004134, 35.0776069998632]}, "properties": {"FID": 157, "stop_id": "0:ALCJUDEN", "stop_name": "ALCY ROAD at JUDSON STREET", "stop_desc": "st 4692", "stop_lat": 35.077607, "stop_lon": -90.004438, "zone_id": " ", "location_t": 0, "parent_sta": "1:ALCJUDEN", "vehicle_ty": 3}}, {"type": "Feature", "id": 158, "geometry": {"type": "Point", "coordinates": [-90.0020269998461, 35.0775259997251]}, "properties": {"FID": 158, "stop_id": "0:ALCSHEEF", "stop_name": "ALCY ROAD at SHERRIE STREET", "stop_desc": "st 4693", "stop_lat": 35.077526, "stop_lon": -90.002027, "zone_id": " ", "location_t": 0, "parent_sta": "1:ALCSHEEF", "vehicle_ty": 3}}, {"type": "Feature", "id": 159, "geometry": {"type": "Point", "coordinates": [-90.0002790001757, 35.077766000001]}, "properties": {"FID": 159, "stop_id": "0:ALCJOHEN", "stop_name": "ALCY ROAD at JOHANNA DRIVE", "stop_desc": "st 4694", "stop_lat": 35.077766, "stop_lon": -90.000279, "zone_id": " ", "location_t": 0, "parent_sta": "1:ALCJOHEN", "vehicle_ty": 3}}, {"type": "Feature", "id": 160, "geometry": {"type": "Point", "coordinates": [-89.9933889999024, 35.0783160001833]}, "properties": {"FID": 160, "stop_id": "0:ALCKE1EM", "stop_name": "ALCY ROAD at KETCHUM ROAD", "stop_desc": "st 4698", "stop_lat": 35.078316, "stop_lon": -89.993389, "zone_id": " ", "location_t": 0, "parent_sta": "1:ALCKE1EM", "vehicle_ty": 3}}, {"type": "Feature", "id": 161, "geometry": {"type": "Point", "coordinates": [-89.9857140003008, 35.0789899997887]}, "properties": {"FID": 161, "stop_id": "0:ALCKE2EM", "stop_name": "ALCY ROAD at KETCHUM ROAD", "stop_desc": "st 4699", "stop_lat": 35.07899, "stop_lon": -89.985714, "zone_id": " ", "location_t": 0, "parent_sta": "1:ALCKE2EM", "vehicle_ty": 3}}, {"type": "Feature", "id": 162, "geometry": {"type": "Point", "coordinates": [-90.0417980001776, 35.1558019995627]}, "properties": {"FID": 162, "stop_id": "0:AUCFIFEF", "stop_name": "AUCTION AVENUE at 5TH STREET", "stop_desc": "st 809", "stop_lat": 35.155802, "stop_lon": -90.041798, "zone_id": " ", "location_t": 0, "parent_sta": "1:AUCFIFEF", "vehicle_ty": 3}}, {"type": "Feature", "id": 163, "geometry": {"type": "Point", "coordinates": [-90.039472999979, 35.1557570001855]}, "properties": {"FID": 163, "stop_id": "0:AUCDANEM", "stop_name": "AUCTION AVENUE at DANNY THOMAS BOULEVARD", "stop_desc": "st 810", "stop_lat": 35.155757, "stop_lon": -90.039473, "zone_id": " ", "location_t": 0, "parent_sta": "1:AUCDANEM", "vehicle_ty": 3}}, {"type": "Feature", "id": 164, "geometry": {"type": "Point", "coordinates": [-90.0377349998703, 35.1559710001616]}, "properties": {"FID": 164, "stop_id": "0:AUCDANEN", "stop_name": "AUCTION AVENUE at DANNY THOMAS BOULEVARD", "stop_desc": "st 811", "stop_lat": 35.155971, "stop_lon": -90.037735, "zone_id": " ", "location_t": 0, "parent_sta": "1:AUCDANEN", "vehicle_ty": 3}}, {"type": "Feature", "id": 165, "geometry": {"type": "Point", "coordinates": [-89.9070139997962, 35.0871920003106]}, "properties": {"FID": 165, "stop_id": "0:PERDEANN", "stop_name": "PERKINS ROAD at EAST DEARING ROAD", "stop_desc": "st 2820", "stop_lat": 35.087192, "stop_lon": -89.907014, "zone_id": " ", "location_t": 0, "parent_sta": "1:PERDEANN", "vehicle_ty": 3}}, {"type": "Feature", "id": 166, "geometry": {"type": "Point", "coordinates": [-89.907001000096, 35.0878439998008]}, "properties": {"FID": 166, "stop_id": "0:PERDEANF", "stop_name": "PERKINS ROAD at EAST DEARING ROAD", "stop_desc": "st 2821", "stop_lat": 35.087844, "stop_lon": -89.907001, "zone_id": " ", "location_t": 0, "parent_sta": "1:PERDEANF", "vehicle_ty": 3}}, {"type": "Feature", "id": 167, "geometry": {"type": "Point", "coordinates": [-89.9069430001193, 35.0892920000258]}, "properties": {"FID": 167, "stop_id": "0:PERBOYNN", "stop_name": "PERKINS ROAD at BOYCE ROAD", "stop_desc": "st 2822", "stop_lat": 35.089292, "stop_lon": -89.906943, "zone_id": " ", "location_t": 0, "parent_sta": "1:PERBOYNN", "vehicle_ty": 3}}, {"type": "Feature", "id": 168, "geometry": {"type": "Point", "coordinates": [-89.9057320000317, 35.1618129997702]}, "properties": {"FID": 168, "stop_id": "0:STRMACNN", "stop_name": "STRATFORD ROAD at MACON ROAD", "stop_desc": "st 1118", "stop_lat": 35.161813, "stop_lon": -89.905732, "zone_id": " ", "location_t": 0, "parent_sta": "1:STRMACNN", "vehicle_ty": 3}}, {"type": "Feature", "id": 169, "geometry": {"type": "Point", "coordinates": [-89.9890260001497, 35.1260720000228]}, "properties": {"FID": 169, "stop_id": "0:CENBLYWM", "stop_name": "CENTRAL AVENUE at BLYTHE STREET", "stop_desc": "st 3529", "stop_lat": 35.126072, "stop_lon": -89.989026, "zone_id": " ", "location_t": 0, "parent_sta": "1:CENBLYWM", "vehicle_ty": 3}}, {"type": "Feature", "id": 170, "geometry": {"type": "Point", "coordinates": [-89.9313570000255, 35.0438770002235]}, "properties": {"FID": 170, "stop_id": "0:AIRPRESF", "stop_name": "AIR PARK STREET at PREMIER AVENUE", "stop_desc": "st 7158", "stop_lat": 35.043877, "stop_lon": -89.931357, "zone_id": " ", "location_t": 0, "parent_sta": "1:AIRPRESF", "vehicle_ty": 3}}, {"type": "Feature", "id": 171, "geometry": {"type": "Point", "coordinates": [-89.9313739999101, 35.046728000397]}, "properties": {"FID": 171, "stop_id": "0:AIRPRESM", "stop_name": "AIR PARK STREET at PREMIER AVENUE", "stop_desc": "st 7157", "stop_lat": 35.046728, "stop_lon": -89.931374, "zone_id": " ", "location_t": 0, "parent_sta": "1:AIRPRESM", "vehicle_ty": 3}}, {"type": "Feature", "id": 172, "geometry": {"type": "Point", "coordinates": [-89.9753669997872, 35.1751149998574]}, "properties": {"FID": 172, "stop_id": "0:HOLCHENF", "stop_name": "HOLLYWOOD STREET at CHELSEA AVENUE", "stop_desc": "st 1530", "stop_lat": 35.175115, "stop_lon": -89.975367, "zone_id": " ", "location_t": 0, "parent_sta": "1:HOLCHENF", "vehicle_ty": 3}}, {"type": "Feature", "id": 173, "geometry": {"type": "Point", "coordinates": [-89.947934000054, 35.0934740004248]}, "properties": {"FID": 173, "stop_id": "0:KIMHOPWN", "stop_name": "KIMBALL AVENUE at HOPE STREET", "stop_desc": "st 4160", "stop_lat": 35.093474, "stop_lon": -89.947934, "zone_id": " ", "location_t": 0, "parent_sta": "1:KIMHOPWN", "vehicle_ty": 3}}, {"type": "Feature", "id": 174, "geometry": {"type": "Point", "coordinates": [-89.9486000001898, 35.0934530003557]}, "properties": {"FID": 174, "stop_id": "0:KIMHOPEN", "stop_name": "KIMBALL AVENUE at HOPE STREET", "stop_desc": "st 4182", "stop_lat": 35.093453, "stop_lon": -89.9486, "zone_id": " ", "location_t": 0, "parent_sta": "1:KIMHOPEN", "vehicle_ty": 3}}, {"type": "Feature", "id": 175, "geometry": {"type": "Point", "coordinates": [-90.0094420000482, 35.1263080001142]}, "properties": {"FID": 175, "stop_id": "0:CENROLEM", "stop_name": "CENTRAL AVENUE at ROLAND STREET", "stop_desc": "st 7029", "stop_lat": 35.126308, "stop_lon": -90.009442, "zone_id": " ", "location_t": 0, "parent_sta": "1:CENROLEM", "vehicle_ty": 3}}, {"type": "Feature", "id": 176, "geometry": {"type": "Point", "coordinates": [-90.0040640002534, 35.1261619996766]}, "properties": {"FID": 176, "stop_id": "0:CENBELEF", "stop_name": "CENTRAL AVENUE at BELVEDERE BOULEVARD", "stop_desc": "st 7030", "stop_lat": 35.126162, "stop_lon": -90.004064, "zone_id": " ", "location_t": 0, "parent_sta": "1:CENBELEF", "vehicle_ty": 3}}, {"type": "Feature", "id": 177, "geometry": {"type": "Point", "coordinates": [-90.0010319998269, 35.1261520001148]}, "properties": {"FID": 177, "stop_id": "0:CENMCLEF", "stop_name": "CENTRAL AVENUE at MCLEAN BOULEVARD", "stop_desc": "st 7031", "stop_lat": 35.126152, "stop_lon": -90.001032, "zone_id": " ", "location_t": 0, "parent_sta": "1:CENMCLEF", "vehicle_ty": 3}}, {"type": "Feature", "id": 178, "geometry": {"type": "Point", "coordinates": [-89.997457999587, 35.1260780002995]}, "properties": {"FID": 178, "stop_id": "0:CENMETEN", "stop_name": "CENTRAL AVENUE at METCALF PLACE", "stop_desc": "st 7032", "stop_lat": 35.126078, "stop_lon": -89.997458, "zone_id": " ", "location_t": 0, "parent_sta": "1:CENMETEN", "vehicle_ty": 3}}, {"type": "Feature", "id": 179, "geometry": {"type": "Point", "coordinates": [-89.9948689998045, 35.1260319999769]}, "properties": {"FID": 179, "stop_id": "0:CENLINEN", "stop_name": "CENTRAL AVENUE at LINDSEY STREET", "stop_desc": "st 7033", "stop_lat": 35.126032, "stop_lon": -89.994869, "zone_id": " ", "location_t": 0, "parent_sta": "1:CENLINEN", "vehicle_ty": 3}}, {"type": "Feature", "id": 180, "geometry": {"type": "Point", "coordinates": [-89.9902659997761, 35.1259390001848]}, "properties": {"FID": 180, "stop_id": "0:CENCOOEF", "stop_name": "CENTRAL AVENUE at COOPER STREET", "stop_desc": "st 3489", "stop_lat": 35.125939, "stop_lon": -89.990266, "zone_id": " ", "location_t": 0, "parent_sta": "1:CENCOOEF", "vehicle_ty": 3}}, {"type": "Feature", "id": 181, "geometry": {"type": "Point", "coordinates": [-89.988562000336, 35.1258929998621]}, "properties": {"FID": 181, "stop_id": "0:CENMEDEF", "stop_name": "CENTRAL AVENUE at MEDA STREET", "stop_desc": "st 3490", "stop_lat": 35.125893, "stop_lon": -89.988562, "zone_id": " ", "location_t": 0, "parent_sta": "1:CENMEDEF", "vehicle_ty": 3}}, {"type": "Feature", "id": 182, "geometry": {"type": "Point", "coordinates": [-89.9869679996734, 35.1258650003695]}, "properties": {"FID": 182, "stop_id": "0:CENNEWEF", "stop_name": "CENTRAL AVENUE at NEW YORK STREET", "stop_desc": "st 3491", "stop_lat": 35.125865, "stop_lon": -89.986968, "zone_id": " ", "location_t": 0, "parent_sta": "1:CENNEWEF", "vehicle_ty": 3}}, {"type": "Feature", "id": 183, "geometry": {"type": "Point", "coordinates": [-89.9854079996794, 35.1258820002541]}, "properties": {"FID": 183, "stop_id": "0:CENLANEF", "stop_name": "CENTRAL AVENUE at LANDIS STREET", "stop_desc": "st 3492", "stop_lat": 35.125882, "stop_lon": -89.985408, "zone_id": " ", "location_t": 0, "parent_sta": "1:CENLANEF", "vehicle_ty": 3}}, {"type": "Feature", "id": 184, "geometry": {"type": "Point", "coordinates": [-89.9833720002176, 35.1258359999315]}, "properties": {"FID": 184, "stop_id": "0:CENEPAEF", "stop_name": "CENTRAL AVENUE at EAST PARKWAY", "stop_desc": "st 3346", "stop_lat": 35.125836, "stop_lon": -89.983372, "zone_id": " ", "location_t": 0, "parent_sta": "1:CENEPAEF", "vehicle_ty": 3}}, {"type": "Feature", "id": 185, "geometry": {"type": "Point", "coordinates": [-89.9807050004354, 35.1257450002316]}, "properties": {"FID": 185, "stop_id": "0:CENEAREN", "stop_name": "CENTRAL AVENUE at EARLY MAXWELL BLVD", "stop_desc": "st 3348", "stop_lat": 35.125745, "stop_lon": -89.980705, "zone_id": " ", "location_t": 0, "parent_sta": "1:CENEAREN", "vehicle_ty": 3}}, {"type": "Feature", "id": 186, "geometry": {"type": "Point", "coordinates": [-89.9787249999587, 35.1257430001394]}, "properties": {"FID": 186, "stop_id": "0:CENEDWEN", "stop_name": "CENTRAL AVENUE at EDWIN CIRCLE", "stop_desc": "st 3349", "stop_lat": 35.125743, "stop_lon": -89.978725, "zone_id": " ", "location_t": 0, "parent_sta": "1:CENEDWEN", "vehicle_ty": 3}}, {"type": "Feature", "id": 187, "geometry": {"type": "Point", "coordinates": [-89.9769649997349, 35.1256609999552]}, "properties": {"FID": 187, "stop_id": "0:CENHOLEM", "stop_name": "CENTRAL AVENUE at HOLLYWOOD STREET", "stop_desc": "st 3350", "stop_lat": 35.125661, "stop_lon": -89.976965, "zone_id": " ", "location_t": 0, "parent_sta": "1:CENHOLEM", "vehicle_ty": 3}}, {"type": "Feature", "id": 188, "geometry": {"type": "Point", "coordinates": [-89.9761130000149, 35.1256339996094]}, "properties": {"FID": 188, "stop_id": "0:CENHOLEN", "stop_name": "CENTRAL AVENUE at HOLLYWOOD STREET", "stop_desc": "st 3351", "stop_lat": 35.125634, "stop_lon": -89.976113, "zone_id": " ", "location_t": 0, "parent_sta": "1:CENHOLEN", "vehicle_ty": 3}}, {"type": "Feature", "id": 189, "geometry": {"type": "Point", "coordinates": [-89.9747079999742, 35.1257220000703]}, "properties": {"FID": 189, "stop_id": "0:CENFLIEM", "stop_name": "CENTRAL AVENUE at FLICKER STREET", "stop_desc": "st 3493", "stop_lat": 35.125722, "stop_lon": -89.974708, "zone_id": " ", "location_t": 0, "parent_sta": "1:CENFLIEM", "vehicle_ty": 3}}, {"type": "Feature", "id": 190, "geometry": {"type": "Point", "coordinates": [-89.9562300004142, 35.0949090000503]}, "properties": {"FID": 190, "stop_id": "0:KIMCATWN", "stop_name": "KIMBALL AVENUE at CATHERINE STREET", "stop_desc": "st 4164", "stop_lat": 35.094909, "stop_lon": -89.95623, "zone_id": " ", "location_t": 0, "parent_sta": "1:KIMCATWN", "vehicle_ty": 3}}, {"type": "Feature", "id": 191, "geometry": {"type": "Point", "coordinates": [-89.9331219995806, 35.1828579998968]}, "properties": {"FID": 191, "stop_id": "0:JACGR1SM", "stop_name": "JACKSON AVENUE at GRAGG AVENUE", "stop_desc": "st 3723", "stop_lat": 35.182858, "stop_lon": -89.933122, "zone_id": " ", "location_t": 0, "parent_sta": "1:JACGR1SM", "vehicle_ty": 3}}, {"type": "Feature", "id": 192, "geometry": {"type": "Point", "coordinates": [-89.9018350001851, 35.0481549996535]}, "properties": {"FID": 192, "stop_id": "0:OUTNEWSN", "stop_name": "OUTLAND ROAD at NEWGATE DRIVE", "stop_desc": "st 7193", "stop_lat": 35.048155, "stop_lon": -89.901835, "zone_id": " ", "location_t": 0, "parent_sta": "1:OUTNEWSN", "vehicle_ty": 3}}, {"type": "Feature", "id": 193, "geometry": {"type": "Point", "coordinates": [-89.9018510000236, 35.0506670003818]}, "properties": {"FID": 193, "stop_id": "0:OUTWINSF", "stop_name": "OUTLAND ROAD at WINCHESTER ROAD", "stop_desc": "st 7192", "stop_lat": 35.050667, "stop_lon": -89.901851, "zone_id": " ", "location_t": 0, "parent_sta": "1:OUTWINSF", "vehicle_ty": 3}}, {"type": "Feature", "id": 194, "geometry": {"type": "Point", "coordinates": [-89.8399030004231, 35.2051600004338]}, "properties": {"FID": 194, "stop_id": "0:STAKIRWM", "stop_name": "STAGE ROAD at KIRBY WHITTEN ROAD", "stop_desc": "st 977", "stop_lat": 35.20516, "stop_lon": -89.839903, "zone_id": " ", "location_t": 0, "parent_sta": "1:STAKIRWM", "vehicle_ty": 3}}, {"type": "Feature", "id": 195, "geometry": {"type": "Point", "coordinates": [-89.9212610002949, 35.0862720001527]}, "properties": {"FID": 195, "stop_id": "0:WILSGOWF", "stop_name": "WILLOW ROAD at S GOODLETT STREET", "stop_desc": "st 2804", "stop_lat": 35.086272, "stop_lon": -89.921261, "zone_id": " ", "location_t": 0, "parent_sta": "1:WILSGOWF", "vehicle_ty": 3}}, {"type": "Feature", "id": 196, "geometry": {"type": "Point", "coordinates": [-89.9449540002269, 35.1318880002311]}, "properties": {"FID": 196, "stop_id": "0:WALHIGEF", "stop_name": "WALNUT GROVE ROAD at HIGHLAND STREET", "stop_desc": "st 3064 (no 1123)", "stop_lat": 35.131888, "stop_lon": -89.944954, "zone_id": " ", "location_t": 0, "parent_sta": "1:3064", "vehicle_ty": 3}}, {"type": "Feature", "id": 197, "geometry": {"type": "Point", "coordinates": [-89.9758040001544, 35.1256779998399]}, "properties": {"FID": 197, "stop_id": "0:CENHOLEF", "stop_name": "CENTRAL AVENUE at HOLLYWOOD STREET", "stop_desc": "st 34 (no 4)", "stop_lat": 35.125678, "stop_lon": -89.975804, "zone_id": " ", "location_t": 0, "parent_sta": "1:5000", "vehicle_ty": 3}}, {"type": "Feature", "id": 198, "geometry": {"type": "Point", "coordinates": [-90.0205279995675, 35.1282879996915]}, "properties": {"FID": 198, "stop_id": "0:LAMBELEF", "stop_name": "LAMAR AVENUE at BELLEVUE BOULEVARD", "stop_desc": "st 5732 (no 1122)", "stop_lat": 35.128288, "stop_lon": -90.020528, "zone_id": " ", "location_t": 0, "parent_sta": "1:5732", "vehicle_ty": 3}}, {"type": "Feature", "id": 199, "geometry": {"type": "Point", "coordinates": [-89.9879380003384, 35.0677569997858]}, "properties": {"FID": 199, "stop_id": "0:AIRDEMNN", "stop_name": "AIRWAYS BOULEVARD at DEMOCRAT ROAD", "stop_desc": "st 5319", "stop_lat": 35.067757, "stop_lon": -89.987938, "zone_id": " ", "location_t": 0, "parent_sta": "1:AIRDEMNN", "vehicle_ty": 3}}, {"type": "Feature", "id": 200, "geometry": {"type": "Point", "coordinates": [-89.9925930000668, 35.0783780003445]}, "properties": {"FID": 200, "stop_id": "0:ALCHILWN", "stop_name": "ALCY ROAD at HILLVIEW DRIVE", "stop_desc": "st 6813", "stop_lat": 35.078378, "stop_lon": -89.992593, "zone_id": " ", "location_t": 0, "parent_sta": "1:ALCHILWN", "vehicle_ty": 3}}, {"type": "Feature", "id": 201, "geometry": {"type": "Point", "coordinates": [-89.9961759998225, 35.0785229998367]}, "properties": {"FID": 201, "stop_id": "0:ALCSAMWN", "stop_name": "ALCY ROAD at SAMUELS STREET", "stop_desc": "st 6814", "stop_lat": 35.078523, "stop_lon": -89.996176, "zone_id": " ", "location_t": 0, "parent_sta": "1:ALCSAMWN", "vehicle_ty": 3}}, {"type": "Feature", "id": 202, "geometry": {"type": "Point", "coordinates": [-89.9974480000251, 35.0785690001593]}, "properties": {"FID": 202, "stop_id": "0:ALCTHAWN", "stop_name": "ALCY ROAD at THAMES ROAD", "stop_desc": "st 6119", "stop_lat": 35.078569, "stop_lon": -89.997448, "zone_id": " ", "location_t": 0, "parent_sta": "1:ALCTHAWN", "vehicle_ty": 3}}, {"type": "Feature", "id": 203, "geometry": {"type": "Point", "coordinates": [-89.9999579997618, 35.0780870004148]}, "properties": {"FID": 203, "stop_id": "0:ALCJOHWM", "stop_name": "ALCY ROAD at JOHANNA DRIVE", "stop_desc": "st 6120", "stop_lat": 35.078087, "stop_lon": -89.999958, "zone_id": " ", "location_t": 0, "parent_sta": "1:ALCJOHWM", "vehicle_ty": 3}}, {"type": "Feature", "id": 204, "geometry": {"type": "Point", "coordinates": [-90.0008209999891, 35.0778110002775]}, "properties": {"FID": 204, "stop_id": "0:ALCVERWM", "stop_name": "ALCY ROAD at VERDUN STREET", "stop_desc": "st 6815", "stop_lat": 35.077811, "stop_lon": -90.000821, "zone_id": " ", "location_t": 0, "parent_sta": "1:ALCVERWM", "vehicle_ty": 3}}, {"type": "Feature", "id": 205, "geometry": {"type": "Point", "coordinates": [-89.8844349999752, 35.1854899998636]}, "properties": {"FID": 205, "stop_id": "0:RALROCWF", "stop_name": "RALEIGH LAGRANGE ROAD at ROCK RIDGE ROAD", "stop_desc": "st 7078", "stop_lat": 35.18549, "stop_lon": -89.884435, "zone_id": " ", "location_t": 0, "parent_sta": "1:RALROCWF", "vehicle_ty": 3}}, {"type": "Feature", "id": 206, "geometry": {"type": "Point", "coordinates": [-89.9043530002907, 35.1310959996807]}, "properties": {"FID": 206, "stop_id": "0:WALNORWN", "stop_name": "WALNUT GROVE ROAD at NORWAL ROAD", "stop_desc": "st 2972", "stop_lat": 35.131096, "stop_lon": -89.904353, "zone_id": " ", "location_t": 0, "parent_sta": "1:WALNORWN", "vehicle_ty": 3}}, {"type": "Feature", "id": 207, "geometry": {"type": "Point", "coordinates": [-89.9106049999208, 35.1312470003488]}, "properties": {"FID": 207, "stop_id": "0:WALGROWN", "stop_name": "WALNUT GROVE ROAD at GROVE PARK ROAD", "stop_desc": "st 2974", "stop_lat": 35.131247, "stop_lon": -89.910605, "zone_id": " ", "location_t": 0, "parent_sta": "1:WALGROWN", "vehicle_ty": 3}}, {"type": "Feature", "id": 208, "geometry": {"type": "Point", "coordinates": [-89.9208520003195, 35.0859679996236]}, "properties": {"FID": 208, "stop_id": "0:NEWGOOEN", "stop_name": "NEW WILLOW ROAD at GOODLETT STREET", "stop_desc": "st 2814", "stop_lat": 35.085968, "stop_lon": -89.920852, "zone_id": " ", "location_t": 0, "parent_sta": "1:NEWGOOEN", "vehicle_ty": 3}}, {"type": "Feature", "id": 209, "geometry": {"type": "Point", "coordinates": [-89.9306279996824, 35.1047479996205]}, "properties": {"FID": 209, "stop_id": "0:GETSTUNN", "stop_name": "GETWELL ROAD at STUART ROAD", "stop_desc": "st 6155", "stop_lat": 35.104748, "stop_lon": -89.930628, "zone_id": " ", "location_t": 0, "parent_sta": "1:GETSTUNN", "vehicle_ty": 3}}, {"type": "Feature", "id": 210, "geometry": {"type": "Point", "coordinates": [-89.993019999973, 35.0606460001129]}, "properties": {"FID": 210, "stop_id": "0:BROAI2WF", "stop_name": "BROOKS ROAD at AIRWAYS BOULEVARD", "stop_desc": "st 5242", "stop_lat": 35.060646, "stop_lon": -89.99302, "zone_id": " ", "location_t": 0, "parent_sta": "1:BROAI2WF", "vehicle_ty": 3}}, {"type": "Feature", "id": 211, "geometry": {"type": "Point", "coordinates": [-90.0748760003271, 35.0077869996704]}, "properties": {"FID": 211, "stop_id": "0:JONWASNM", "stop_name": "JONETTA STREET at WASHBURN DRIVE", "stop_desc": "st 4922", "stop_lat": 35.007787, "stop_lon": -90.074876, "zone_id": " ", "location_t": 0, "parent_sta": "1:JONWASNM", "vehicle_ty": 3}}, {"type": "Feature", "id": 212, "geometry": {"type": "Point", "coordinates": [-89.9994159999484, 35.0064880000212]}, "properties": {"FID": 212, "stop_id": "0:9002", "stop_name": "HOLMES ROAD at HUDGINS ROAD", "stop_desc": "no 142", "stop_lat": 35.006488, "stop_lon": -89.999416, "zone_id": " ", "location_t": 0, "parent_sta": "1:9002", "vehicle_ty": 3}}, {"type": "Feature", "id": 213, "geometry": {"type": "Point", "coordinates": [-89.8613249999487, 35.020231999807]}, "properties": {"FID": 213, "stop_id": "0:SHECRUEM", "stop_name": "SHELBY DRIVE at CRUMP BOULEVARD", "stop_desc": "st 2481", "stop_lat": 35.020232, "stop_lon": -89.861325, "zone_id": " ", "location_t": 0, "parent_sta": "1:SHECRUEM", "vehicle_ty": 3}}, {"type": "Feature", "id": 214, "geometry": {"type": "Point", "coordinates": [-89.8541799996073, 35.0203079997145]}, "properties": {"FID": 214, "stop_id": "0:SHESANEM", "stop_name": "SHELBY DRIVE at SANDY PARK DRIVE", "stop_desc": "st 2482", "stop_lat": 35.020308, "stop_lon": -89.85418, "zone_id": " ", "location_t": 0, "parent_sta": "1:SHESANEM", "vehicle_ty": 3}}, {"type": "Feature", "id": 215, "geometry": {"type": "Point", "coordinates": [-89.8437469996243, 35.0202659995763]}, "properties": {"FID": 215, "stop_id": "0:SHEVESEF", "stop_name": "SHELBY DRIVE at VESCOVI LANE", "stop_desc": "st 2484", "stop_lat": 35.020266, "stop_lon": -89.843747, "zone_id": " ", "location_t": 0, "parent_sta": "1:SHEVESEF", "vehicle_ty": 3}}, {"type": "Feature", "id": 216, "geometry": {"type": "Point", "coordinates": [-89.8310830001803, 35.0208270002659]}, "properties": {"FID": 216, "stop_id": "0:RIVSHENF", "stop_name": "RIVERDALE ROAD at SHELBY DRIVE", "stop_desc": "st 3871", "stop_lat": 35.020827, "stop_lon": -89.831083, "zone_id": " ", "location_t": 0, "parent_sta": "1:RIVSHENF", "vehicle_ty": 3}}, {"type": "Feature", "id": 217, "geometry": {"type": "Point", "coordinates": [-89.8310949998344, 35.0240529997462]}, "properties": {"FID": 217, "stop_id": "0:RIVBORNN", "stop_name": "RIVERDALE ROAD at BORDEAUX LANE", "stop_desc": "st 3881", "stop_lat": 35.024053, "stop_lon": -89.831095, "zone_id": " ", "location_t": 0, "parent_sta": "1:RIVBORNN", "vehicle_ty": 3}}, {"type": "Feature", "id": 218, "geometry": {"type": "Point", "coordinates": [-89.8311289996036, 35.0275930002168]}, "properties": {"FID": 218, "stop_id": "0:RIVROCNN", "stop_name": "RIVERDALE ROAD at ROCKINGHAM ROAD", "stop_desc": "st 6435", "stop_lat": 35.027593, "stop_lon": -89.831129, "zone_id": " ", "location_t": 0, "parent_sta": "1:RIVROCNN", "vehicle_ty": 3}}, {"type": "Feature", "id": 219, "geometry": {"type": "Point", "coordinates": [-89.8494859998789, 35.0350729998191]}, "properties": {"FID": 219, "stop_id": "0:RAIFRIWN", "stop_name": "RAINES ROAD at FRIENDLY WAY", "stop_desc": "st 2539", "stop_lat": 35.035073, "stop_lon": -89.849486, "zone_id": " ", "location_t": 0, "parent_sta": "1:RAIFRIWN", "vehicle_ty": 3}}, {"type": "Feature", "id": 220, "geometry": {"type": "Point", "coordinates": [-89.8524030003981, 35.0350970000266]}, "properties": {"FID": 220, "stop_id": "0:RAIPARWN", "stop_name": "RAINES ROAD at PARK FOREST DRIVE", "stop_desc": "st 2540", "stop_lat": 35.035097, "stop_lon": -89.852403, "zone_id": " ", "location_t": 0, "parent_sta": "1:RAIPARWN", "vehicle_ty": 3}}, {"type": "Feature", "id": 221, "geometry": {"type": "Point", "coordinates": [-89.9395520002246, 35.0869109999427]}, "properties": {"FID": 221, "stop_id": "0:ROBELLSN", "stop_name": "ROBIN HOOD LANE at ELLISTON ROAD", "stop_desc": "st 4190", "stop_lat": 35.086911, "stop_lon": -89.939552, "zone_id": " ", "location_t": 0, "parent_sta": "1:ROBELLSN", "vehicle_ty": 3}}, {"type": "Feature", "id": 222, "geometry": {"type": "Point", "coordinates": [-89.9213350001101, 35.0650819996346]}, "properties": {"FID": 222, "stop_id": "0:GOOKNINF", "stop_name": "KNIGHT ARNOLD ROAD at GOODLETT STREET", "stop_desc": "st 2714 (no 859)", "stop_lat": 35.065082, "stop_lon": -89.921335, "zone_id": " ", "location_t": 0, "parent_sta": "1:2737", "vehicle_ty": 3}}, {"type": "Feature", "id": 223, "geometry": {"type": "Point", "coordinates": [-90.0619260002846, 35.1220430003842]}, "properties": {"FID": 223, "stop_id": "0:FLODESNN", "stop_name": "FLORIDA STREET at DESOTO AVENUE", "stop_desc": "st 4480", "stop_lat": 35.122043, "stop_lon": -90.061926, "zone_id": " ", "location_t": 0, "parent_sta": "1:FLODESNN", "vehicle_ty": 3}}, {"type": "Feature", "id": 224, "geometry": {"type": "Point", "coordinates": [-90.0618149996625, 35.1249379998889]}, "properties": {"FID": 224, "stop_id": "0:FLOCRUNF", "stop_name": "FLORIDA STREET at CRUMP BOULEVARD", "stop_desc": "st 4481", "stop_lat": 35.124938, "stop_lon": -90.061815, "zone_id": " ", "location_t": 0, "parent_sta": "1:FLOCRUNF", "vehicle_ty": 3}}, {"type": "Feature", "id": 225, "geometry": {"type": "Point", "coordinates": [-90.0617819999393, 35.1256529995863]}, "properties": {"FID": 225, "stop_id": "0:FLOVIRNN", "stop_name": "FLORIDA STREET at VIRGINIA AVENUE", "stop_desc": "st 4482", "stop_lat": 35.125653, "stop_lon": -90.061782, "zone_id": " ", "location_t": 0, "parent_sta": "1:FLOVIRNN", "vehicle_ty": 3}}, {"type": "Feature", "id": 226, "geometry": {"type": "Point", "coordinates": [-89.9098259999699, 35.0059620000463]}, "properties": {"FID": 226, "stop_id": "0:HOLCITEM", "stop_name": "HOLMES ROAD at CITATION DRIVE", "stop_desc": "st 2525", "stop_lat": 35.005962, "stop_lon": -89.909826, "zone_id": " ", "location_t": 0, "parent_sta": "1:HOLCITEM", "vehicle_ty": 3}}, {"type": "Feature", "id": 227, "geometry": {"type": "Point", "coordinates": [-89.9018049997009, 35.005907000208]}, "properties": {"FID": 227, "stop_id": "0:HOLPLEEN", "stop_name": "HOLMES ROAD at PLEASANT HILL ROAD", "stop_desc": "st 2526", "stop_lat": 35.005907, "stop_lon": -89.901805, "zone_id": " ", "location_t": 0, "parent_sta": "1:HOLPLEEN", "vehicle_ty": 3}}, {"type": "Feature", "id": 228, "geometry": {"type": "Point", "coordinates": [-89.8632759999874, 35.0057029997936]}, "properties": {"FID": 228, "stop_id": "0:HOLHICEF", "stop_name": "HOLMES ROAD at HICKORY HILL ROAD", "stop_desc": "st 2530", "stop_lat": 35.005703, "stop_lon": -89.863276, "zone_id": " ", "location_t": 0, "parent_sta": "1:HOLHICEF", "vehicle_ty": 3}}, {"type": "Feature", "id": 229, "geometry": {"type": "Point", "coordinates": [-89.8579930000769, 35.0056979995631]}, "properties": {"FID": 229, "stop_id": "0:HOLDISEN", "stop_name": "HOLMES ROAD at DISTRIPLEX FARM DRIVE", "stop_desc": "st 2531", "stop_lat": 35.005698, "stop_lon": -89.857993, "zone_id": " ", "location_t": 0, "parent_sta": "1:HOLDISEN", "vehicle_ty": 3}}, {"type": "Feature", "id": 230, "geometry": {"type": "Point", "coordinates": [-89.8508069996433, 35.0057239998628]}, "properties": {"FID": 230, "stop_id": "0:HOLCRUEM", "stop_name": "HOLMES ROAD at CRUMPLER ROAD", "stop_desc": "st 6951", "stop_lat": 35.005724, "stop_lon": -89.850807, "zone_id": " ", "location_t": 0, "parent_sta": "1:HOLCRUEM", "vehicle_ty": 3}}, {"type": "Feature", "id": 231, "geometry": {"type": "Point", "coordinates": [-90.0965230003362, 35.0498090003851]}, "properties": {"FID": 231, "stop_id": "0:WEAFIENF", "stop_name": "WEAVER ROAD at FIELDS ROAD", "stop_desc": "st 5864", "stop_lat": 35.049809, "stop_lon": -90.096523, "zone_id": " ", "location_t": 0, "parent_sta": "1:WEAFIENF", "vehicle_ty": 3}}, {"type": "Feature", "id": 232, "geometry": {"type": "Point", "coordinates": [-90.0155300002093, 35.0613290001333]}, "properties": {"FID": 232, "stop_id": "0:BROCOUWN", "stop_name": "BROOKS ROAD at COUGHLIN DRIVE", "stop_desc": "st 5249", "stop_lat": 35.061329, "stop_lon": -90.01553, "zone_id": " ", "location_t": 0, "parent_sta": "1:BROCOUWN", "vehicle_ty": 3}}, {"type": "Feature", "id": 233, "geometry": {"type": "Point", "coordinates": [-90.0264750004209, 35.0616640002934]}, "properties": {"FID": 233, "stop_id": "0:BROLUCWM", "stop_name": "BROOKS ROAD at LUCIBILL ROAD", "stop_desc": "st 5250", "stop_lat": 35.061664, "stop_lon": -90.026475, "zone_id": " ", "location_t": 0, "parent_sta": "1:BROLUCWM", "vehicle_ty": 3}}, {"type": "Feature", "id": 234, "geometry": {"type": "Point", "coordinates": [-89.83116100018, 35.038434000129]}, "properties": {"FID": 234, "stop_id": "0:RIVCHENN", "stop_name": "RIVERDALE ROAD at CHESAPEAKE WAY", "stop_desc": "st 7220", "stop_lat": 35.038434, "stop_lon": -89.831161, "zone_id": " ", "location_t": 0, "parent_sta": "1:RIVCHENN", "vehicle_ty": 3}}, {"type": "Feature", "id": 235, "geometry": {"type": "Point", "coordinates": [-89.8311600001339, 35.0352519999799]}, "properties": {"FID": 235, "stop_id": "0:RIVRAINF", "stop_name": "RIVERDALE ROAD at RAINES ROAD", "stop_desc": "st 7219", "stop_lat": 35.035252, "stop_lon": -89.83116, "zone_id": " ", "location_t": 0, "parent_sta": "1:RIVRAINF", "vehicle_ty": 3}}, {"type": "Feature", "id": 236, "geometry": {"type": "Point", "coordinates": [-89.8339839999616, 35.0202659995763]}, "properties": {"FID": 236, "stop_id": "0:SHERIVEM", "stop_name": "SHELBY DRIVE at RIVERDALE ROAD", "stop_desc": "st 2485", "stop_lat": 35.020266, "stop_lon": -89.833984, "zone_id": " ", "location_t": 0, "parent_sta": "1:SHERIVEM", "vehicle_ty": 3}}, {"type": "Feature", "id": 237, "geometry": {"type": "Point", "coordinates": [-89.9791180000956, 35.1390060002268]}, "properties": {"FID": 237, "stop_id": "0:POPALIEN", "stop_name": "POPLAR AVENUE at ALICIA DRIVE", "stop_desc": "st 1908 (no 1152)", "stop_lat": 35.139006, "stop_lon": -89.979118, "zone_id": " ", "location_t": 0, "parent_sta": "1:5510", "vehicle_ty": 3}}, {"type": "Feature", "id": 238, "geometry": {"type": "Point", "coordinates": [-90.0474970003862, 35.0864530004057]}, "properties": {"FID": 238, "stop_id": "0:MALWELWF", "stop_name": "MALLORY AVENUE at WELLINGTON STREET", "stop_desc": "st 7063", "stop_lat": 35.086453, "stop_lon": -90.047497, "zone_id": " ", "location_t": 0, "parent_sta": "1:MALWELWF", "vehicle_ty": 3}}, {"type": "Feature", "id": 239, "geometry": {"type": "Point", "coordinates": [-90.0524630000673, 35.0865440001056]}, "properties": {"FID": 239, "stop_id": "0:MALLATWF", "stop_name": "MALLORY AVENUE at LATHAM STREET", "stop_desc": "st 7064", "stop_lat": 35.086544, "stop_lon": -90.052463, "zone_id": " ", "location_t": 0, "parent_sta": "1:MALLATWF", "vehicle_ty": 3}}, {"type": "Feature", "id": 240, "geometry": {"type": "Point", "coordinates": [-90.0574950000941, 35.0866250002436]}, "properties": {"FID": 240, "stop_id": "0:MALSTHWF", "stop_name": "MALLORY AVENUE at SOUTH 3RD STREET", "stop_desc": "st 5000", "stop_lat": 35.086625, "stop_lon": -90.057495, "zone_id": " ", "location_t": 0, "parent_sta": "1:MALSTHWF", "vehicle_ty": 3}}, {"type": "Feature", "id": 241, "geometry": {"type": "Point", "coordinates": [-90.0604699996907, 35.0866699996208]}, "properties": {"FID": 241, "stop_id": "0:MALSHEWN", "stop_name": "MALLORY AVENUE at SHELBY STREET", "stop_desc": "st 5001", "stop_lat": 35.08667, "stop_lon": -90.06047, "zone_id": " ", "location_t": 0, "parent_sta": "1:MALSHEWN", "vehicle_ty": 3}}, {"type": "Feature", "id": 242, "geometry": {"type": "Point", "coordinates": [-90.0628919998659, 35.0874210000791]}, "properties": {"FID": 242, "stop_id": "0:FLOGAGNN", "stop_name": "FLORIDA STREET at GAGE AVENUE", "stop_desc": "st 4962", "stop_lat": 35.087421, "stop_lon": -90.062892, "zone_id": " ", "location_t": 0, "parent_sta": "1:FLOGAGNN", "vehicle_ty": 3}}, {"type": "Feature", "id": 243, "geometry": {"type": "Point", "coordinates": [-90.0628699997507, 35.0885380003285]}, "properties": {"FID": 243, "stop_id": "0:FLODAVNN", "stop_name": "FLORIDA STREET at WEST DAVANT AVENUE", "stop_desc": "st 4963", "stop_lat": 35.088538, "stop_lon": -90.06287, "zone_id": " ", "location_t": 0, "parent_sta": "1:FLODAVNN", "vehicle_ty": 3}}, {"type": "Feature", "id": 244, "geometry": {"type": "Point", "coordinates": [-90.0628479996354, 35.0895389997251]}, "properties": {"FID": 244, "stop_id": "0:FLOMCKNN", "stop_name": "FLORIDA STREET at MCKELLAR AVENUE", "stop_desc": "st 4964", "stop_lat": 35.089539, "stop_lon": -90.062848, "zone_id": " ", "location_t": 0, "parent_sta": "1:FLOMCKNN", "vehicle_ty": 3}}, {"type": "Feature", "id": 245, "geometry": {"type": "Point", "coordinates": [-90.0628139998661, 35.0905220000903]}, "properties": {"FID": 245, "stop_id": "0:FLOFRANN", "stop_name": "FLORIDA STREET at FRANK AVENUE", "stop_desc": "st 4965", "stop_lat": 35.090522, "stop_lon": -90.062814, "zone_id": " ", "location_t": 0, "parent_sta": "1:FLOFRANN", "vehicle_ty": 3}}, {"type": "Feature", "id": 246, "geometry": {"type": "Point", "coordinates": [-90.062781000143, 35.0914780001096]}, "properties": {"FID": 246, "stop_id": "0:FLONORNN", "stop_name": "FLORIDA STREET at NORWOOD AVENUE", "stop_desc": "st 4966", "stop_lat": 35.091478, "stop_lon": -90.062781, "zone_id": " ", "location_t": 0, "parent_sta": "1:FLONORNN", "vehicle_ty": 3}}, {"type": "Feature", "id": 247, "geometry": {"type": "Point", "coordinates": [-89.9346309999207, 35.0867620002662]}, "properties": {"FID": 247, "stop_id": "0:ELLECHEF", "stop_name": "ELLISTON ROAD at ECHLES STREET", "stop_desc": "st 4194", "stop_lat": 35.086762, "stop_lon": -89.934631, "zone_id": " ", "location_t": 0, "parent_sta": "1:ELLECHEF", "vehicle_ty": 3}}, {"type": "Feature", "id": 248, "geometry": {"type": "Point", "coordinates": [-89.932031999677, 35.0867060003816]}, "properties": {"FID": 248, "stop_id": "0:ELLGETEN", "stop_name": "ELLISTON ROAD at GETWELL ROAD", "stop_desc": "st 4195", "stop_lat": 35.086706, "stop_lon": -89.932032, "zone_id": " ", "location_t": 0, "parent_sta": "1:ELLGETEN", "vehicle_ty": 3}}, {"type": "Feature", "id": 249, "geometry": {"type": "Point", "coordinates": [-89.8460770000535, 35.0403939996834]}, "properties": {"FID": 249, "stop_id": "0:KIRBIRNN", "stop_name": "KIRBY PARKWAY at BIRCH RUN LANE", "stop_desc": "st 7216", "stop_lat": 35.040394, "stop_lon": -89.846077, "zone_id": " ", "location_t": 0, "parent_sta": "1:KIRBIRNN", "vehicle_ty": 3}}, {"type": "Feature", "id": 250, "geometry": {"type": "Point", "coordinates": [-90.0061890002222, 35.1264579998369]}, "properties": {"FID": 250, "stop_id": "0:CENROZWN", "stop_name": "CENTRAL AVENUE at ROZELLE STREET", "stop_desc": "st 7037", "stop_lat": 35.126458, "stop_lon": -90.006189, "zone_id": " ", "location_t": 0, "parent_sta": "1:CENROZWN", "vehicle_ty": 3}}, {"type": "Feature", "id": 251, "geometry": {"type": "Point", "coordinates": [-90.0107029997436, 35.1265860003437]}, "properties": {"FID": 251, "stop_id": "0:CENWILWF", "stop_name": "CENTRAL AVENUE at WILLETT STREET", "stop_desc": "st 7038", "stop_lat": 35.126586, "stop_lon": -90.010703, "zone_id": " ", "location_t": 0, "parent_sta": "1:CENWILWF", "vehicle_ty": 3}}, {"type": "Feature", "id": 252, "geometry": {"type": "Point", "coordinates": [-89.987672999809, 35.1739669999771]}, "properties": {"FID": 252, "stop_id": "0:CHEBRIWN", "stop_name": "CHELSEA AVENUE at BRITTON STREET", "stop_desc": "st 1594", "stop_lat": 35.173967, "stop_lon": -89.987673, "zone_id": " ", "location_t": 0, "parent_sta": "1:CHEBRIWN", "vehicle_ty": 3}}, {"type": "Feature", "id": 253, "geometry": {"type": "Point", "coordinates": [-89.9899880004458, 35.1736139998862]}, "properties": {"FID": 253, "stop_id": "0:CHEMAYWN", "stop_name": "CHELSEA AVENUE at MAY STREET", "stop_desc": "st 1595", "stop_lat": 35.173614, "stop_lon": -89.989988, "zone_id": " ", "location_t": 0, "parent_sta": "1:CHEMAYWN", "vehicle_ty": 3}}, {"type": "Feature", "id": 254, "geometry": {"type": "Point", "coordinates": [-89.9922640001834, 35.1732720003026]}, "properties": {"FID": 254, "stop_id": "0:CHEUNIWF", "stop_name": "CHELSEA AVENUE at UNIVERSITY STREET", "stop_desc": "st 1596", "stop_lat": 35.173272, "stop_lon": -89.992264, "zone_id": " ", "location_t": 0, "parent_sta": "1:CHEUNIWF", "vehicle_ty": 3}}, {"type": "Feature", "id": 255, "geometry": {"type": "Point", "coordinates": [-89.9950009995964, 35.1728560000045]}, "properties": {"FID": 255, "stop_id": "0:CHEMCLWN", "stop_name": "CHELSEA AVENUE at MCLEAN BOULEVARD", "stop_desc": "st 1597", "stop_lat": 35.172856, "stop_lon": -89.995001, "zone_id": " ", "location_t": 0, "parent_sta": "1:CHEMCLWN", "vehicle_ty": 3}}, {"type": "Feature", "id": 256, "geometry": {"type": "Point", "coordinates": [-89.9964960001902, 35.1726739997054]}, "properties": {"FID": 256, "stop_id": "0:CHEMCLWF", "stop_name": "CHELSEA AVENUE at MCLEAN BOULEVARD", "stop_desc": "st 1598", "stop_lat": 35.172674, "stop_lon": -89.996496, "zone_id": " ", "location_t": 0, "parent_sta": "1:CHEMCLWF", "vehicle_ty": 3}}, {"type": "Feature", "id": 257, "geometry": {"type": "Point", "coordinates": [-90.0501460002377, 35.1517289996937]}, "properties": {"FID": 257, "stop_id": "0:CONTRONB", "stop_name": "CONVENTION CENTER at MAIN STREET", "stop_desc": "st 6176", "stop_lat": 35.151729, "stop_lon": -90.050146, "zone_id": " ", "location_t": 0, "parent_sta": "1:CONTRONB", "vehicle_ty": 3}}, {"type": "Feature", "id": 258, "geometry": {"type": "Point", "coordinates": [-90.0488390002196, 35.155124999819]}, "properties": {"FID": 258, "stop_id": "0:OVETRONN", "stop_name": "OVERTON AVENUE at MAIN STREET", "stop_desc": "st 695", "stop_lat": 35.155125, "stop_lon": -90.048839, "zone_id": " ", "location_t": 0, "parent_sta": "1:OVETRONN", "vehicle_ty": 3}}, {"type": "Feature", "id": 259, "geometry": {"type": "Point", "coordinates": [-90.028401000206, 35.140061000315]}, "properties": {"FID": 259, "stop_id": "0:PAUTROWB", "stop_name": "MADISON AVENUE at PAULINE STREET", "stop_desc": "st 6503", "stop_lat": 35.140061, "stop_lon": -90.028401, "zone_id": " ", "location_t": 0, "parent_sta": "1:PAUTROWB", "vehicle_ty": 3}}, {"type": "Feature", "id": 260, "geometry": {"type": "Point", "coordinates": [-90.0374650000097, 35.1411270000111]}, "properties": {"FID": 260, "stop_id": "0:ORLTROWB", "stop_name": "MADISON AVENUE at ORLEANS STREET", "stop_desc": "st 767", "stop_lat": 35.141127, "stop_lon": -90.037465, "zone_id": " ", "location_t": 0, "parent_sta": "1:ORLTROWB", "vehicle_ty": 3}}, {"type": "Feature", "id": 261, "geometry": {"type": "Point", "coordinates": [-89.9428169997047, 35.1707180003355]}, "properties": {"FID": 261, "stop_id": "0:NATMAYSN", "stop_name": "NATIONAL STREET at MAYFAIR AVENUE", "stop_desc": "st 3191", "stop_lat": 35.170718, "stop_lon": -89.942817, "zone_id": " ", "location_t": 0, "parent_sta": "1:NATMAYSN", "vehicle_ty": 3}}, {"type": "Feature", "id": 262, "geometry": {"type": "Point", "coordinates": [-90.0965309998057, 35.039923999593]}, "properties": {"FID": 262, "stop_id": "0:WEALEVNM", "stop_name": "WEAVER ROAD at LEVI ROAD", "stop_desc": "st 5835", "stop_lat": 35.039924, "stop_lon": -90.096531, "zone_id": " ", "location_t": 0, "parent_sta": "1:WEALEVNM", "vehicle_ty": 3}}, {"type": "Feature", "id": 263, "geometry": {"type": "Point", "coordinates": [-89.9659129999849, 35.107911999839]}, "properties": {"FID": 263, "stop_id": "0:PARHAYEN", "stop_name": "PARK AVENUE at HAYNES STREET", "stop_desc": "st 2319", "stop_lat": 35.107912, "stop_lon": -89.965913, "zone_id": " ", "location_t": 0, "parent_sta": "1:PARHAYEN", "vehicle_ty": 3}}, {"type": "Feature", "id": 264, "geometry": {"type": "Point", "coordinates": [-89.8828600001888, 35.131057999727]}, "properties": {"FID": 264, "stop_id": "0:WALMCEEN", "stop_name": "WALNUT GROVE ROAD at MCELROY ROAD", "stop_desc": "st 2894", "stop_lat": 35.131058, "stop_lon": -89.88286, "zone_id": " ", "location_t": 0, "parent_sta": "1:WALMCEEN", "vehicle_ty": 3}}, {"type": "Feature", "id": 265, "geometry": {"type": "Point", "coordinates": [-89.8796559999244, 35.1310769997039]}, "properties": {"FID": 265, "stop_id": "0:WALOAKEN", "stop_name": "WALNUT GROVE ROAD at OAK GROVE ROAD", "stop_desc": "st 2895", "stop_lat": 35.131077, "stop_lon": -89.879656, "zone_id": " ", "location_t": 0, "parent_sta": "1:WALOAKEN", "vehicle_ty": 3}}, {"type": "Feature", "id": 266, "geometry": {"type": "Point", "coordinates": [-89.8156859997091, 35.0955200003478]}, "properties": {"FID": 266, "stop_id": "0:POPMILFA", "stop_name": "POPLAR AVENUE at MILLER FARMS ROAD", "stop_desc": "st 2001", "stop_lat": 35.09552, "stop_lon": -89.815686, "zone_id": " ", "location_t": 0, "parent_sta": "1:POPMILFA", "vehicle_ty": 3}}, {"type": "Feature", "id": 267, "geometry": {"type": "Point", "coordinates": [-89.9755890001322, 35.1656159997786]}, "properties": {"FID": 267, "stop_id": "0:NHOSTANN", "stop_name": "NORTH HOLLYWOOD STREET at STATEN AVENUE", "stop_desc": "st 3619", "stop_lat": 35.165616, "stop_lon": -89.975589, "zone_id": " ", "location_t": 0, "parent_sta": "1:NHOSTANN", "vehicle_ty": 3}}, {"type": "Feature", "id": 268, "geometry": {"type": "Point", "coordinates": [-89.9755530002707, 35.1672509996339]}, "properties": {"FID": 268, "stop_id": "0:NHOVANNN", "stop_name": "NORTH HOLLYWOOD STREET at VANDALE AVENUE", "stop_desc": "st 3620", "stop_lat": 35.167251, "stop_lon": -89.975553, "zone_id": " ", "location_t": 0, "parent_sta": "1:NHOVANNN", "vehicle_ty": 3}}, {"type": "Feature", "id": 269, "geometry": {"type": "Point", "coordinates": [-89.9182530000759, 35.085830999601]}, "properties": {"FID": 269, "stop_id": "0:WILMAXEF", "stop_name": "WILLOW ROAD at MAXINE STREET", "stop_desc": "st 2815", "stop_lat": 35.085831, "stop_lon": -89.918253, "zone_id": " ", "location_t": 0, "parent_sta": "1:WILMAXEF", "vehicle_ty": 3}}, {"type": "Feature", "id": 270, "geometry": {"type": "Point", "coordinates": [-90.0029110001425, 35.2174380000637]}, "properties": {"FID": 270, "stop_id": "0:FRAWATEF", "stop_name": "FRAYSER BOULEVARD at WATKINS STREET", "stop_desc": "st 1379", "stop_lat": 35.217438, "stop_lon": -90.002911, "zone_id": " ", "location_t": 0, "parent_sta": "1:FRAWATEF", "vehicle_ty": 3}}, {"type": "Feature", "id": 271, "geometry": {"type": "Point", "coordinates": [-89.9963970001214, 35.2172559997646]}, "properties": {"FID": 271, "stop_id": "0:FRADENEN", "stop_name": "FRAYSER BOULEVARD at DENVER STREET", "stop_desc": "st 1380", "stop_lat": 35.217256, "stop_lon": -89.996397, "zone_id": " ", "location_t": 0, "parent_sta": "1:FRADENEN", "vehicle_ty": 3}}, {"type": "Feature", "id": 272, "geometry": {"type": "Point", "coordinates": [-89.9945359997366, 35.2172009999263]}, "properties": {"FID": 272, "stop_id": "0:FRAOVEEM", "stop_name": "FRAYSER BLVD at OVERTON CROSSING STREET", "stop_desc": "st 1381", "stop_lat": 35.217201, "stop_lon": -89.994536, "zone_id": " ", "location_t": 0, "parent_sta": "1:FRAOVEEM", "vehicle_ty": 3}}, {"type": "Feature", "id": 273, "geometry": {"type": "Point", "coordinates": [-89.9899280003769, 35.217055000388]}, "properties": {"FID": 273, "stop_id": "0:FRAUNIEN", "stop_name": "FRAYSER BOULEVARD at UNIVERSITY STREET", "stop_desc": "st 6874", "stop_lat": 35.217055, "stop_lon": -89.989928, "zone_id": " ", "location_t": 0, "parent_sta": "1:FRAUNIEN", "vehicle_ty": 3}}, {"type": "Feature", "id": 274, "geometry": {"type": "Point", "coordinates": [-89.984521000144, 35.2170510002035]}, "properties": {"FID": 274, "stop_id": "0:FRAMOUEN", "stop_name": "FRAYSER BLVD at MOUNTAIN TERRACE STREET", "stop_desc": "st 1384", "stop_lat": 35.217051, "stop_lon": -89.984521, "zone_id": " ", "location_t": 0, "parent_sta": "1:FRAMOUEN", "vehicle_ty": 3}}, {"type": "Feature", "id": 275, "geometry": {"type": "Point", "coordinates": [-89.8795060002017, 35.0203040004293]}, "properties": {"FID": 275, "stop_id": "0:SHEMENEF", "stop_name": "SHELBY DRIVE at MENDENHALL ROAD", "stop_desc": "st 2477", "stop_lat": 35.020304, "stop_lon": -89.879506, "zone_id": " ", "location_t": 0, "parent_sta": "1:SHEMENEF", "vehicle_ty": 3}}, {"type": "Feature", "id": 276, "geometry": {"type": "Point", "coordinates": [-89.8918389996701, 35.0204609995755]}, "properties": {"FID": 276, "stop_id": "0:SHETUGEN", "stop_name": "SHELBY DRIVE at TUGGLE ROAD", "stop_desc": "st 2475", "stop_lat": 35.020461, "stop_lon": -89.891839, "zone_id": " ", "location_t": 0, "parent_sta": "1:SHETUGEN", "vehicle_ty": 3}}, {"type": "Feature", "id": 277, "geometry": {"type": "Point", "coordinates": [-89.8966019998824, 35.0204859998291]}, "properties": {"FID": 277, "stop_id": "0:SHELAMEF", "stop_name": "SHELBY DRIVE at LARMA AVENUE", "stop_desc": "st 2474", "stop_lat": 35.020486, "stop_lon": -89.896602, "zone_id": " ", "location_t": 0, "parent_sta": "1:SHELAMEF", "vehicle_ty": 3}}, {"type": "Feature", "id": 278, "geometry": {"type": "Point", "coordinates": [-89.9195309996559, 35.0204900000135]}, "properties": {"FID": 278, "stop_id": "0:SHEMALEN", "stop_name": "SHELBY DRIVE at MALONE ROAD", "stop_desc": "st 2460", "stop_lat": 35.02049, "stop_lon": -89.919531, "zone_id": " ", "location_t": 0, "parent_sta": "1:SHEMALEN", "vehicle_ty": 3}}, {"type": "Feature", "id": 279, "geometry": {"type": "Point", "coordinates": [-89.9405860002437, 35.0205560003592]}, "properties": {"FID": 279, "stop_id": "0:SHEDISEN", "stop_name": "SHELBY DRIVE at DISTRIPLEX DRIVE WEST", "stop_desc": "st 2458", "stop_lat": 35.020556, "stop_lon": -89.940586, "zone_id": " ", "location_t": 0, "parent_sta": "1:SHEDISEN", "vehicle_ty": 3}}, {"type": "Feature", "id": 280, "geometry": {"type": "Point", "coordinates": [-89.9537349995705, 35.0206219998055]}, "properties": {"FID": 280, "stop_id": "0:SHETCHEF", "stop_name": "SHELBY DRIVE at TCHULAHOMA ROAD", "stop_desc": "st 2571", "stop_lat": 35.020622, "stop_lon": -89.953735, "zone_id": " ", "location_t": 0, "parent_sta": "1:SHETCHEF", "vehicle_ty": 3}}, {"type": "Feature", "id": 281, "geometry": {"type": "Point", "coordinates": [-90.0579840001615, 35.1412830000105]}, "properties": {"FID": 281, "stop_id": "0:RIVBEASN", "stop_name": "RIVERSIDE DRIVE at BEALE STREET", "stop_desc": "st 6710", "stop_lat": 35.141283, "stop_lon": -90.057984, "zone_id": " ", "location_t": 0, "parent_sta": "1:RIVBEASN", "vehicle_ty": 3}}, {"type": "Feature", "id": 282, "geometry": {"type": "Point", "coordinates": [-90.0629430004191, 35.1359480003999]}, "properties": {"FID": 282, "stop_id": "0:RIVTOMSM", "stop_name": "RIVERSIDE DRIVE at TOM LEE PARK", "stop_desc": "st 6711", "stop_lat": 35.135948, "stop_lon": -90.062943, "zone_id": " ", "location_t": 0, "parent_sta": "1:RIVTOMSM", "vehicle_ty": 3}}, {"type": "Feature", "id": 283, "geometry": {"type": "Point", "coordinates": [-90.0163639999986, 35.1653649998949]}, "properties": {"FID": 283, "stop_id": "0:VOLMONWN", "stop_name": "VOLLINTINE AVENUE at MONTGOMERY STREET", "stop_desc": "st 3852", "stop_lat": 35.165365, "stop_lon": -90.016364, "zone_id": " ", "location_t": 0, "parent_sta": "1:VOLMONWN", "vehicle_ty": 3}}, {"type": "Feature", "id": 284, "geometry": {"type": "Point", "coordinates": [-90.0193969995718, 35.1657060003317]}, "properties": {"FID": 284, "stop_id": "0:VOLLEWWN", "stop_name": "VOLLINTINE AVENUE at LEWIS STREET", "stop_desc": "st 3854", "stop_lat": 35.165706, "stop_lon": -90.019397, "zone_id": " ", "location_t": 0, "parent_sta": "1:VOLLEWWN", "vehicle_ty": 3}}, {"type": "Feature", "id": 285, "geometry": {"type": "Point", "coordinates": [-90.0220210000691, 35.1653049998259]}, "properties": {"FID": 285, "stop_id": "0:BREVOLSF", "stop_name": "BREEDLOVE STREET at VOLLINTINE AVENUE", "stop_desc": "st 3824", "stop_lat": 35.165305, "stop_lon": -90.022021, "zone_id": " ", "location_t": 0, "parent_sta": "1:BREVOLSF", "vehicle_ty": 3}}, {"type": "Feature", "id": 286, "geometry": {"type": "Point", "coordinates": [-90.0222099997916, 35.1642679996685]}, "properties": {"FID": 286, "stop_id": "0:BREJEHSN", "stop_name": "BREEDLOVE STREET at JEHL PL", "stop_desc": "st 3825", "stop_lat": 35.164268, "stop_lon": -90.02221, "zone_id": " ", "location_t": 0, "parent_sta": "1:BREJEHSN", "vehicle_ty": 3}}, {"type": "Feature", "id": 287, "geometry": {"type": "Point", "coordinates": [-90.0356649997399, 35.1566140001361]}, "properties": {"FID": 287, "stop_id": "0:JACMCDWN", "stop_name": "JACKSON AVENUE at MCDAVITT PLACE", "stop_desc": "st 3773", "stop_lat": 35.156614, "stop_lon": -90.035665, "zone_id": " ", "location_t": 0, "parent_sta": "1:JACMCDWN", "vehicle_ty": 3}}, {"type": "Feature", "id": 288, "geometry": {"type": "Point", "coordinates": [-90.03722599978, 35.1562209999992]}, "properties": {"FID": 288, "stop_id": "0:JACTHOWN", "stop_name": "JACKSON AVENUE at THOMAS STREET", "stop_desc": "st 3774", "stop_lat": 35.156221, "stop_lon": -90.037226, "zone_id": " ", "location_t": 0, "parent_sta": "1:JACTHOWN", "vehicle_ty": 3}}, {"type": "Feature", "id": 289, "geometry": {"type": "Point", "coordinates": [-90.0003410003368, 35.1726230000515]}, "properties": {"FID": 289, "stop_id": "0:CHEEVEEN", "stop_name": "CHELSEA AVENUE at EVERGREEN STREET", "stop_desc": "st 1519", "stop_lat": 35.172623, "stop_lon": -90.000341, "zone_id": " ", "location_t": 0, "parent_sta": "1:CHEEVEEN", "vehicle_ty": 3}}, {"type": "Feature", "id": 290, "geometry": {"type": "Point", "coordinates": [-89.9950720001726, 35.1726939997284]}, "properties": {"FID": 290, "stop_id": "0:CHEMCLEF", "stop_name": "CHELSEA AVENUE at MCLEAN BOULEVARD", "stop_desc": "st 1520", "stop_lat": 35.172694, "stop_lon": -89.995072, "zone_id": " ", "location_t": 0, "parent_sta": "1:CHEMCLEF", "vehicle_ty": 3}}, {"type": "Feature", "id": 291, "geometry": {"type": "Point", "coordinates": [-89.9908580000966, 35.1733300002793]}, "properties": {"FID": 291, "stop_id": "0:CHEUNIEN", "stop_name": "CHELSEA AVENUE at UNIVERSITY STREET", "stop_desc": "st 1521", "stop_lat": 35.17333, "stop_lon": -89.990858, "zone_id": " ", "location_t": 0, "parent_sta": "1:CHEUNIEN", "vehicle_ty": 3}}, {"type": "Feature", "id": 292, "geometry": {"type": "Point", "coordinates": [-89.9883810000831, 35.1737079997245]}, "properties": {"FID": 292, "stop_id": "0:CHEBRIEM", "stop_name": "CHELSEA AVENUE at BRITTON STREET", "stop_desc": "st 1522", "stop_lat": 35.173708, "stop_lon": -89.988381, "zone_id": " ", "location_t": 0, "parent_sta": "1:CHEBRIEM", "vehicle_ty": 3}}, {"type": "Feature", "id": 293, "geometry": {"type": "Point", "coordinates": [-89.9868899996737, 35.173934000254]}, "properties": {"FID": 293, "stop_id": "0:CHETUNEN", "stop_name": "CHELSEA AVENUE at TUNICA STREET", "stop_desc": "st 1523", "stop_lat": 35.173934, "stop_lon": -89.98689, "zone_id": " ", "location_t": 0, "parent_sta": "1:CHETUNEN", "vehicle_ty": 3}}, {"type": "Feature", "id": 294, "geometry": {"type": "Point", "coordinates": [-89.985798999724, 35.1740730003687]}, "properties": {"FID": 294, "stop_id": "0:CHEAUSEN", "stop_name": "CHELSEA AVENUE at AUSTIN STREET", "stop_desc": "st 1524", "stop_lat": 35.174073, "stop_lon": -89.985799, "zone_id": " ", "location_t": 0, "parent_sta": "1:CHEAUSEN", "vehicle_ty": 3}}, {"type": "Feature", "id": 295, "geometry": {"type": "Point", "coordinates": [-89.9837529998011, 35.1743850003675]}, "properties": {"FID": 295, "stop_id": "0:CHESPREN", "stop_name": "CHELSEA AVENUE at SPRINGDALE STREET", "stop_desc": "st 1525", "stop_lat": 35.174385, "stop_lon": -89.983753, "zone_id": " ", "location_t": 0, "parent_sta": "1:CHESPREN", "vehicle_ty": 3}}, {"type": "Feature", "id": 296, "geometry": {"type": "Point", "coordinates": [-89.9811250000187, 35.1747360003662]}, "properties": {"FID": 296, "stop_id": "0:CHEPEREN", "stop_name": "CHELSEA AVENUE at PERES AVENUE", "stop_desc": "st 1526", "stop_lat": 35.174736, "stop_lon": -89.981125, "zone_id": " ", "location_t": 0, "parent_sta": "1:CHEPEREN", "vehicle_ty": 3}}, {"type": "Feature", "id": 297, "geometry": {"type": "Point", "coordinates": [-89.9732409997723, 35.1744879997215]}, "properties": {"FID": 297, "stop_id": "0:CHEMEREN", "stop_name": "CHELSEA AVENUE at MERTON STREET", "stop_desc": "st 4575", "stop_lat": 35.174488, "stop_lon": -89.973241, "zone_id": " ", "location_t": 0, "parent_sta": "1:CHEMEREN", "vehicle_ty": 3}}, {"type": "Feature", "id": 298, "geometry": {"type": "Point", "coordinates": [-89.9720230002612, 35.1744509998138]}, "properties": {"FID": 298, "stop_id": "0:CHESTAEN", "stop_name": "CHELSEA AVENUE at STANDRIGE STREET", "stop_desc": "st 4576", "stop_lat": 35.174451, "stop_lon": -89.972023, "zone_id": " ", "location_t": 0, "parent_sta": "1:CHESTAEN", "vehicle_ty": 3}}, {"type": "Feature", "id": 299, "geometry": {"type": "Point", "coordinates": [-89.9714699999405, 35.1744329998831]}, "properties": {"FID": 299, "stop_id": "0:CHESTAEF", "stop_name": "CHELSEA AVENUE at STANDRIGE STREET", "stop_desc": "st 4577", "stop_lat": 35.174433, "stop_lon": -89.97147, "zone_id": " ", "location_t": 0, "parent_sta": "1:CHESTAEF", "vehicle_ty": 3}}, {"type": "Feature", "id": 300, "geometry": {"type": "Point", "coordinates": [-89.970075000361, 35.1743869995605]}, "properties": {"FID": 300, "stop_id": "0:CHEFAIEF", "stop_name": "CHELSEA AVENUE at FAIRFAX STREET", "stop_desc": "st 4578", "stop_lat": 35.174387, "stop_lon": -89.970075, "zone_id": " ", "location_t": 0, "parent_sta": "1:CHEFAIEF", "vehicle_ty": 3}}, {"type": "Feature", "id": 301, "geometry": {"type": "Point", "coordinates": [-89.9676720001626, 35.1742959998605]}, "properties": {"FID": 301, "stop_id": "0:CHECAREM", "stop_name": "CHELSEA AVENUE at CARPENTER STREET", "stop_desc": "st 4579", "stop_lat": 35.174296, "stop_lon": -89.967672, "zone_id": " ", "location_t": 0, "parent_sta": "1:CHECAREM", "vehicle_ty": 3}}, {"type": "Feature", "id": 302, "geometry": {"type": "Point", "coordinates": [-89.9644170002443, 35.1741769997688]}, "properties": {"FID": 302, "stop_id": "0:CHECA1EM", "stop_name": "CHELSEA AVENUE at CARPENTER STREET", "stop_desc": "st 4580", "stop_lat": 35.174177, "stop_lon": -89.964417, "zone_id": " ", "location_t": 0, "parent_sta": "1:CHECA1EM", "vehicle_ty": 3}}, {"type": "Feature", "id": 303, "geometry": {"type": "Point", "coordinates": [-89.9633430001793, 35.1741399998612]}, "properties": {"FID": 303, "stop_id": "0:CHECAREF", "stop_name": "CHELSEA AVENUE at CARPENTER STREET", "stop_desc": "st 4581", "stop_lat": 35.17414, "stop_lon": -89.963343, "zone_id": " ", "location_t": 0, "parent_sta": "1:CHECAREF", "vehicle_ty": 3}}, {"type": "Feature", "id": 304, "geometry": {"type": "Point", "coordinates": [-89.9619119998389, 35.1740759996077]}, "properties": {"FID": 304, "stop_id": "0:CHEWAREF", "stop_name": "CHELSEA AVENUE at WARFORD STREET", "stop_desc": "st 4582", "stop_lat": 35.174076, "stop_lon": -89.961912, "zone_id": " ", "location_t": 0, "parent_sta": "1:CHEWAREF", "vehicle_ty": 3}}, {"type": "Feature", "id": 305, "geometry": {"type": "Point", "coordinates": [-89.904398999714, 35.1151520000648]}, "properties": {"FID": 305, "stop_id": "0:POPCOLEM", "stop_name": "POPLAR AVENUE at COLONIAL ROAD", "stop_desc": "st 1940", "stop_lat": 35.115152, "stop_lon": -89.904399, "zone_id": " ", "location_t": 0, "parent_sta": "1:POPCOLEM", "vehicle_ty": 3}}, {"type": "Feature", "id": 306, "geometry": {"type": "Point", "coordinates": [-89.9142659996761, 35.1489379995891]}, "properties": {"FID": 306, "stop_id": "0:SUMSANWF", "stop_name": "SUMMER AVENUE at SANDRIDGE STREET", "stop_desc": "st 4061", "stop_lat": 35.148938, "stop_lon": -89.914266, "zone_id": " ", "location_t": 0, "parent_sta": "1:SUMSANWF", "vehicle_ty": 3}}, {"type": "Feature", "id": 307, "geometry": {"type": "Point", "coordinates": [-89.9886350001051, 35.0673909999947]}, "properties": {"FID": 307, "stop_id": "0:AIRDIRSM", "stop_name": "AIRWAYS BOULEVARD at DIRECTORS ROW", "stop_desc": "st 5236", "stop_lat": 35.067391, "stop_lon": -89.988635, "zone_id": " ", "location_t": 0, "parent_sta": "1:AIRDIRSM", "vehicle_ty": 3}}, {"type": "Feature", "id": 308, "geometry": {"type": "Point", "coordinates": [-89.9904399997062, 35.0646840001666]}, "properties": {"FID": 308, "stop_id": "0:AIRDIRSN", "stop_name": "AIRWAYS BOULEVARD at DIRECTORS ROW", "stop_desc": "st 5238", "stop_lat": 35.064684, "stop_lon": -89.99044, "zone_id": " ", "location_t": 0, "parent_sta": "1:AIRDIRSN", "vehicle_ty": 3}}, {"type": "Feature", "id": 309, "geometry": {"type": "Point", "coordinates": [-90.0089160000733, 35.2179060000619]}, "properties": {"FID": 309, "stop_id": "0:FRAFRAWN", "stop_name": "FRAYSER BLVD at FRAYSER SCHOOL DRIVE", "stop_desc": "st 430", "stop_lat": 35.217906, "stop_lon": -90.008916, "zone_id": " ", "location_t": 0, "parent_sta": "1:FRAFRAWN", "vehicle_ty": 3}}, {"type": "Feature", "id": 310, "geometry": {"type": "Point", "coordinates": [-90.0138570004002, 35.2179619999464]}, "properties": {"FID": 310, "stop_id": "0:FRASTEWM", "stop_name": "FRAYSER BOULEVARD at STEELE STREET", "stop_desc": "st 1265", "stop_lat": 35.217962, "stop_lon": -90.013857, "zone_id": " ", "location_t": 0, "parent_sta": "1:FRASTEWM", "vehicle_ty": 3}}, {"type": "Feature", "id": 311, "geometry": {"type": "Point", "coordinates": [-89.9755900001783, 35.1737750001162]}, "properties": {"FID": 311, "stop_id": "0:HOLHUBSN", "stop_name": "HOLLYWOOD STREET at HUBBARD AVENUE", "stop_desc": "st 3656", "stop_lat": 35.173775, "stop_lon": -89.97559, "zone_id": " ", "location_t": 0, "parent_sta": "1:HOLHUBSN", "vehicle_ty": 3}}, {"type": "Feature", "id": 312, "geometry": {"type": "Point", "coordinates": [-89.9131129995652, 35.0627299999896]}, "properties": {"FID": 312, "stop_id": "0:KNIKNIWN", "stop_name": "KNIGHT ARNOLD ROAD at KNIGHT WAY", "stop_desc": "st 2734", "stop_lat": 35.06273, "stop_lon": -89.913113, "zone_id": " ", "location_t": 0, "parent_sta": "1:KNIKNIWN", "vehicle_ty": 3}}, {"type": "Feature", "id": 313, "geometry": {"type": "Point", "coordinates": [-89.9017810003928, 35.0424710001366]}, "properties": {"FID": 313, "stop_id": "0:OUTWARSF", "stop_name": "OUTLAND ROAD at WARRINGTON ROAD", "stop_desc": "st 7195", "stop_lat": 35.042471, "stop_lon": -89.901781, "zone_id": " ", "location_t": 0, "parent_sta": "1:OUTWARSF", "vehicle_ty": 3}}, {"type": "Feature", "id": 314, "geometry": {"type": "Point", "coordinates": [-89.9018170002543, 35.0460640003534]}, "properties": {"FID": 314, "stop_id": "0:OUTCROSF", "stop_name": "OUTLAND ROAD at CROMWELL AVENUE", "stop_desc": "st 7194", "stop_lat": 35.046064, "stop_lon": -89.901817, "zone_id": " ", "location_t": 0, "parent_sta": "1:OUTCROSF", "vehicle_ty": 3}}, {"type": "Feature", "id": 315, "geometry": {"type": "Point", "coordinates": [-90.0149440001654, 35.2165420001133]}, "properties": {"FID": 315, "stop_id": "0:STEROLNM", "stop_name": "STEELE STREET at ROLLING HILLS DRIVE", "stop_desc": "st 1374", "stop_lat": 35.216542, "stop_lon": -90.014944, "zone_id": " ", "location_t": 0, "parent_sta": "1:STEROLNM", "vehicle_ty": 3}}, {"type": "Feature", "id": 316, "geometry": {"type": "Point", "coordinates": [-90.0630020004419, 35.0908079997894]}, "properties": {"FID": 316, "stop_id": "0:FLOFRASN", "stop_name": "FLORIDA STREET at FRANK AVENUE", "stop_desc": "st 4885", "stop_lat": 35.090808, "stop_lon": -90.063002, "zone_id": " ", "location_t": 0, "parent_sta": "1:FLOFRASN", "vehicle_ty": 3}}, {"type": "Feature", "id": 317, "geometry": {"type": "Point", "coordinates": [-90.0630360002112, 35.0898250003236]}, "properties": {"FID": 317, "stop_id": "0:FLOMCKSN", "stop_name": "FLORIDA STREET at MCKELLAR AVENUE", "stop_desc": "st 4886", "stop_lat": 35.089825, "stop_lon": -90.063036, "zone_id": " ", "location_t": 0, "parent_sta": "1:FLOMCKSN", "vehicle_ty": 3}}, {"type": "Feature", "id": 318, "geometry": {"type": "Point", "coordinates": [-90.039341000187, 35.1559090000004]}, "properties": {"FID": 318, "stop_id": "0:AUCDANWF", "stop_name": "AUCTION AVENUE at DANNY THOMAS BOULEVARD", "stop_desc": "st 812", "stop_lat": 35.155909, "stop_lon": -90.039341, "zone_id": " ", "location_t": 0, "parent_sta": "1:AUCDANWF", "vehicle_ty": 3}}, {"type": "Feature", "id": 319, "geometry": {"type": "Point", "coordinates": [-90.0506219997055, 35.0629850000578]}, "properties": {"FID": 319, "stop_id": "0:BROGE1WM", "stop_name": "BROOKS ROAD at GEMINI DRIVE", "stop_desc": "st 5258", "stop_lat": 35.062985, "stop_lon": -90.050622, "zone_id": " ", "location_t": 0, "parent_sta": "1:BROGE1WM", "vehicle_ty": 3}}, {"type": "Feature", "id": 320, "geometry": {"type": "Point", "coordinates": [-90.0367569997357, 35.1389110003424]}, "properties": {"FID": 320, "stop_id": "0:UNIMARWM", "stop_name": "UNION AVENUE at MARSHALL AVENUE", "stop_desc": "st 3018", "stop_lat": 35.138911, "stop_lon": -90.036757, "zone_id": " ", "location_t": 0, "parent_sta": "1:UNIMARWM", "vehicle_ty": 3}}, {"type": "Feature", "id": 321, "geometry": {"type": "Point", "coordinates": [-90.0426780002895, 35.1403599997143]}, "properties": {"FID": 321, "stop_id": "0:UNILAUWN", "stop_name": "UNION AVENUE at LAUDERDALE STREET", "stop_desc": "st 3021", "stop_lat": 35.14036, "stop_lon": -90.042678, "zone_id": " ", "location_t": 0, "parent_sta": "1:UNILAUWN", "vehicle_ty": 3}}, {"type": "Feature", "id": 322, "geometry": {"type": "Point", "coordinates": [-90.0148989998889, 35.2174359999715]}, "properties": {"FID": 322, "stop_id": "0:STEFRANN", "stop_name": "STEELE STREET at FRAYSER BOULEVARD", "stop_desc": "st 1375", "stop_lat": 35.217436, "stop_lon": -90.014899, "zone_id": " ", "location_t": 0, "parent_sta": "1:STEFRANN", "vehicle_ty": 3}}, {"type": "Feature", "id": 323, "geometry": {"type": "Point", "coordinates": [-90.0106879999512, 35.217745999878]}, "properties": {"FID": 323, "stop_id": "0:FRAFRAEM", "stop_name": "FRAYSER BLVD at FRAYSER SCHOOL DRIVE", "stop_desc": "st 1376", "stop_lat": 35.217746, "stop_lon": -90.010688, "zone_id": " ", "location_t": 0, "parent_sta": "1:FRAFRAEM", "vehicle_ty": 3}}, {"type": "Feature", "id": 324, "geometry": {"type": "Point", "coordinates": [-90.0091819997494, 35.2177550002931]}, "properties": {"FID": 324, "stop_id": "0:FRAFRAEN", "stop_name": "FRAYSER BLVD at FRAYSER SCHOOL DRIVE", "stop_desc": "st 1377", "stop_lat": 35.217755, "stop_lon": -90.009182, "zone_id": " ", "location_t": 0, "parent_sta": "1:FRAFRAEN", "vehicle_ty": 3}}, {"type": "Feature", "id": 325, "geometry": {"type": "Point", "coordinates": [-90.0732229996417, 35.1037850001777]}, "properties": {"FID": 325, "stop_id": "0:SWIFIESN", "stop_name": "SWIFT STREET at FIELDS AVENUE", "stop_desc": "st 2227", "stop_lat": 35.103785, "stop_lon": -90.073223, "zone_id": " ", "location_t": 0, "parent_sta": "1:SWIFIESN", "vehicle_ty": 3}}, {"type": "Feature", "id": 326, "geometry": {"type": "Point", "coordinates": [-90.0732999995953, 35.1022030000685]}, "properties": {"FID": 326, "stop_id": "0:SWIPERSN", "stop_name": "SWIFT STREET at PERSON AVENUE", "stop_desc": "st 2228", "stop_lat": 35.102203, "stop_lon": -90.0733, "zone_id": " ", "location_t": 0, "parent_sta": "1:SWIPERSN", "vehicle_ty": 3}}, {"type": "Feature", "id": 327, "geometry": {"type": "Point", "coordinates": [-90.069760000024, 35.1018099999316]}, "properties": {"FID": 327, "stop_id": "0:PERCASEN", "stop_name": "PERSON AVENUE at CEX STREET", "stop_desc": "st 2249", "stop_lat": 35.10181, "stop_lon": -90.06976, "zone_id": " ", "location_t": 0, "parent_sta": "1:PERCASEN", "vehicle_ty": 3}}, {"type": "Feature", "id": 328, "geometry": {"type": "Point", "coordinates": [-89.9448699999505, 35.1427189996821]}, "properties": {"FID": 328, "stop_id": "0:HIGCHASF", "stop_name": "HIGHLAND STREET at CHARLESWOOD AVENUE", "stop_desc": "st 3215", "stop_lat": 35.142719, "stop_lon": -89.94487, "zone_id": " ", "location_t": 0, "parent_sta": "1:HIGCHASF", "vehicle_ty": 3}}, {"type": "Feature", "id": 329, "geometry": {"type": "Point", "coordinates": [-89.9449289999733, 35.1407349999204]}, "properties": {"FID": 329, "stop_id": "0:HIGBARSF", "stop_name": "HIGHLAND STREET at BARWOOD CIRCLE", "stop_desc": "st 3216", "stop_lat": 35.140735, "stop_lon": -89.944929, "zone_id": " ", "location_t": 0, "parent_sta": "1:HIGBARSF", "vehicle_ty": 3}}, {"type": "Feature", "id": 330, "geometry": {"type": "Point", "coordinates": [-89.944997999558, 35.1389739996504]}, "properties": {"FID": 330, "stop_id": "0:HIGMIMSF", "stop_name": "HIGHLAND STREET at MIMOSA AVENUE", "stop_desc": "st 3217", "stop_lat": 35.138974, "stop_lon": -89.944998, "zone_id": " ", "location_t": 0, "parent_sta": "1:HIGMIMSF", "vehicle_ty": 3}}, {"type": "Feature", "id": 331, "geometry": {"type": "Point", "coordinates": [-89.9450330002727, 35.13750900044]}, "properties": {"FID": 331, "stop_id": "0:HIGWAYSN", "stop_name": "HIGHLAND STREET at WAYNOKA AVENUE", "stop_desc": "st 3218", "stop_lat": 35.137509, "stop_lon": -89.945033, "zone_id": " ", "location_t": 0, "parent_sta": "1:HIGWAYSN", "vehicle_ty": 3}}, {"type": "Feature", "id": 332, "geometry": {"type": "Point", "coordinates": [-89.945078999696, 35.1364009997064]}, "properties": {"FID": 332, "stop_id": "0:HIGOAKSF", "stop_name": "HIGHLAND STREET at OAKLEY AVENUE", "stop_desc": "st 3219", "stop_lat": 35.136401, "stop_lon": -89.945079, "zone_id": " ", "location_t": 0, "parent_sta": "1:HIGOAKSF", "vehicle_ty": 3}}, {"type": "Feature", "id": 333, "geometry": {"type": "Point", "coordinates": [-89.9451029999035, 35.1354619995717]}, "properties": {"FID": 333, "stop_id": "0:HIGHIGSN", "stop_name": "HIGHLAND STREET at HIGHLAND PARK PLACE", "stop_desc": "st 3220", "stop_lat": 35.135462, "stop_lon": -89.945103, "zone_id": " ", "location_t": 0, "parent_sta": "1:HIGHIGSN", "vehicle_ty": 3}}, {"type": "Feature", "id": 334, "geometry": {"type": "Point", "coordinates": [-89.9451379997189, 35.1342650001297]}, "properties": {"FID": 334, "stop_id": "0:HIGHI1SN", "stop_name": "HIGHLAND STREET at HIGHLAND COVE", "stop_desc": "st 3221", "stop_lat": 35.134265, "stop_lon": -89.945138, "zone_id": " ", "location_t": 0, "parent_sta": "1:HIGHI1SN", "vehicle_ty": 3}}, {"type": "Feature", "id": 335, "geometry": {"type": "Point", "coordinates": [-89.9452440001105, 35.130511999729]}, "properties": {"FID": 335, "stop_id": "0:HIGLILSF", "stop_name": "HIGHLAND STREET at LILLY LANE", "stop_desc": "st 3222", "stop_lat": 35.130512, "stop_lon": -89.945244, "zone_id": " ", "location_t": 0, "parent_sta": "1:HIGLILSF", "vehicle_ty": 3}}, {"type": "Feature", "id": 336, "geometry": {"type": "Point", "coordinates": [-90.0627590000278, 35.0924429996448]}, "properties": {"FID": 336, "stop_id": "0:FLOFERNN", "stop_name": "FLORIDA STREET at EAST FERNWOOD AVENUE", "stop_desc": "st 4967", "stop_lat": 35.092443, "stop_lon": -90.062759, "zone_id": " ", "location_t": 0, "parent_sta": "1:FLOFERNN", "vehicle_ty": 3}}, {"type": "Feature", "id": 337, "geometry": {"type": "Point", "coordinates": [-90.0627260003046, 35.094024999754]}, "properties": {"FID": 337, "stop_id": "0:FLOBELNM", "stop_name": "FLORIDA STREET at BELZ BOULEVARD", "stop_desc": "st 4968", "stop_lat": 35.094025, "stop_lon": -90.062726, "zone_id": " ", "location_t": 0, "parent_sta": "1:FLOBELNM", "vehicle_ty": 3}}, {"type": "Feature", "id": 338, "geometry": {"type": "Point", "coordinates": [-90.0634329996332, 35.0949280000272]}, "properties": {"FID": 338, "stop_id": "0:BELFLOWF", "stop_name": "BELZ BOULEVARD at FLORIDA STREET", "stop_desc": "st 4879", "stop_lat": 35.094928, "stop_lon": -90.063433, "zone_id": " ", "location_t": 0, "parent_sta": "1:BELFLOWF", "vehicle_ty": 3}}, {"type": "Feature", "id": 339, "geometry": {"type": "Point", "coordinates": [-90.0668289997585, 35.0926130002898]}, "properties": {"FID": 339, "stop_id": "0:BELKANWN", "stop_name": "BELZ BOULEVARD at KANSAS STREET", "stop_desc": "st 4880", "stop_lat": 35.092613, "stop_lon": -90.066829, "zone_id": " ", "location_t": 0, "parent_sta": "1:BELKANWN", "vehicle_ty": 3}}, {"type": "Feature", "id": 340, "geometry": {"type": "Point", "coordinates": [-90.0674149998023, 35.093417999641]}, "properties": {"FID": 340, "stop_id": "0:KANFIRNF", "stop_name": "KANSAS STREET at 1ST AVENUE", "stop_desc": "st 390", "stop_lat": 35.093418, "stop_lon": -90.067415, "zone_id": " ", "location_t": 0, "parent_sta": "1:KANFIRNF", "vehicle_ty": 3}}, {"type": "Feature", "id": 341, "geometry": {"type": "Point", "coordinates": [-90.0673050001256, 35.0944719996831]}, "properties": {"FID": 341, "stop_id": "0:KANJOUNF", "stop_name": "KANSAS STREET at JOUBERT AVENUE", "stop_desc": "st 443", "stop_lat": 35.094472, "stop_lon": -90.067305, "zone_id": " ", "location_t": 0, "parent_sta": "1:KANJOUNF", "vehicle_ty": 3}}, {"type": "Feature", "id": 342, "geometry": {"type": "Point", "coordinates": [-89.9437260002547, 35.0371969997418]}, "properties": {"FID": 342, "stop_id": "0:PRERAISN", "stop_name": "PRESCOTT ROAD at RAINES ROAD", "stop_desc": "st 2554", "stop_lat": 35.037197, "stop_lon": -89.943726, "zone_id": " ", "location_t": 0, "parent_sta": "1:PRERAISN", "vehicle_ty": 3}}, {"type": "Feature", "id": 343, "geometry": {"type": "Point", "coordinates": [-89.9437759998625, 35.0338720001927]}, "properties": {"FID": 343, "stop_id": "0:PRESHESM", "stop_name": "PRESCOTT ROAD at SHEMWELL AVENUE", "stop_desc": "st 2555", "stop_lat": 35.033872, "stop_lon": -89.943776, "zone_id": " ", "location_t": 0, "parent_sta": "1:PRESHESM", "vehicle_ty": 3}}, {"type": "Feature", "id": 344, "geometry": {"type": "Point", "coordinates": [-89.943801000116, 35.0323080000143]}, "properties": {"FID": 344, "stop_id": "0:PRESHESN", "stop_name": "PRESCOTT ROAD at SHEMWELL AVENUE", "stop_desc": "st 2556", "stop_lat": 35.032308, "stop_lon": -89.943801, "zone_id": " ", "location_t": 0, "parent_sta": "1:PRESHESN", "vehicle_ty": 3}}, {"type": "Feature", "id": 345, "geometry": {"type": "Point", "coordinates": [-89.9454390001097, 35.0306380003435]}, "properties": {"FID": 345, "stop_id": "0:ELMWILSM", "stop_name": "ELMRIDGE STREET at WILLARD DRIVE", "stop_desc": "st 2557", "stop_lat": 35.030638, "stop_lon": -89.945439, "zone_id": " ", "location_t": 0, "parent_sta": "1:ELMWILSM", "vehicle_ty": 3}}, {"type": "Feature", "id": 346, "geometry": {"type": "Point", "coordinates": [-89.9454980001325, 35.0282340000991]}, "properties": {"FID": 346, "stop_id": "0:ELMARNSN", "stop_name": "ELMRIDGE STREET at ARNOLD ROAD", "stop_desc": "st 2558", "stop_lat": 35.028234, "stop_lon": -89.945498, "zone_id": " ", "location_t": 0, "parent_sta": "1:ELMARNSN", "vehicle_ty": 3}}, {"type": "Feature", "id": 347, "geometry": {"type": "Point", "coordinates": [-89.9548679996584, 35.0273360000564]}, "properties": {"FID": 347, "stop_id": "0:TCHARNSF", "stop_name": "TCHULAHOMA ROAD at ARNOLD ROAD", "stop_desc": "st 2569", "stop_lat": 35.027336, "stop_lon": -89.954868, "zone_id": " ", "location_t": 0, "parent_sta": "1:TCHARNSF", "vehicle_ty": 3}}, {"type": "Feature", "id": 348, "geometry": {"type": "Point", "coordinates": [-89.9443209998142, 35.1741209998843]}, "properties": {"FID": 348, "stop_id": "0:CHENHIEN", "stop_name": "CHELSEA AVENUE at NORTH HIGHLAND STREET", "stop_desc": "st 4591", "stop_lat": 35.174121, "stop_lon": -89.944321, "zone_id": " ", "location_t": 0, "parent_sta": "1:CHENHIEN", "vehicle_ty": 3}}, {"type": "Feature", "id": 349, "geometry": {"type": "Point", "coordinates": [-89.9416170001244, 35.1749759997426]}, "properties": {"FID": 349, "stop_id": "0:CHECROEN", "stop_name": "CHELSEA AVENUE at CROW ROAD", "stop_desc": "st 4592", "stop_lat": 35.174976, "stop_lon": -89.941617, "zone_id": " ", "location_t": 0, "parent_sta": "1:CHECROEN", "vehicle_ty": 3}}, {"type": "Feature", "id": 350, "geometry": {"type": "Point", "coordinates": [-89.9380359995617, 35.1778589995932]}, "properties": {"FID": 350, "stop_id": "0:ORCJACSN", "stop_name": "ORCHI ROAD at JACKSON AVENUE", "stop_desc": "st 4594", "stop_lat": 35.177859, "stop_lon": -89.938036, "zone_id": " ", "location_t": 0, "parent_sta": "1:ORCJACSN", "vehicle_ty": 3}}, {"type": "Feature", "id": 351, "geometry": {"type": "Point", "coordinates": [-89.9397670002468, 35.1754930002019]}, "properties": {"FID": 351, "stop_id": "0:JACCEMNM", "stop_name": "NATIONAL CEMETERY", "stop_desc": "st 359", "stop_lat": 35.175493, "stop_lon": -89.939767, "zone_id": " ", "location_t": 0, "parent_sta": "1:JACCEMNM", "vehicle_ty": 3}}, {"type": "Feature", "id": 352, "geometry": {"type": "Point", "coordinates": [-89.9370980003724, 35.0262710004064]}, "properties": {"FID": 352, "stop_id": "0:GETDISSM", "stop_name": "GETWELL ROAD at DISTRIPLEX DRIVE", "stop_desc": "st 2619", "stop_lat": 35.026271, "stop_lon": -89.937098, "zone_id": " ", "location_t": 0, "parent_sta": "1:GETDISSM", "vehicle_ty": 3}}, {"type": "Feature", "id": 353, "geometry": {"type": "Point", "coordinates": [-89.9370689999344, 35.0238060000469]}, "properties": {"FID": 353, "stop_id": "0:GETDISSF", "stop_name": "GETWELL ROAD at DISTRIPLEX DRIVE", "stop_desc": "st 2620", "stop_lat": 35.023806, "stop_lon": -89.937069, "zone_id": " ", "location_t": 0, "parent_sta": "1:GETDISSF", "vehicle_ty": 3}}, {"type": "Feature", "id": 354, "geometry": {"type": "Point", "coordinates": [-89.9370330000729, 35.0216169998247]}, "properties": {"FID": 354, "stop_id": "0:GETSHESN", "stop_name": "GETWELL ROAD at SHELBY DRIVE", "stop_desc": "st 2621", "stop_lat": 35.021617, "stop_lon": -89.937033, "zone_id": " ", "location_t": 0, "parent_sta": "1:GETSHESN", "vehicle_ty": 3}}, {"type": "Feature", "id": 355, "geometry": {"type": "Point", "coordinates": [-89.9369150000272, 35.019501000271]}, "properties": {"FID": 355, "stop_id": "0:GETSHESF", "stop_name": "GETWELL ROAD at SHELBY DRIVE", "stop_desc": "st 2519", "stop_lat": 35.019501, "stop_lon": -89.936915, "zone_id": " ", "location_t": 0, "parent_sta": "1:GETSHESF", "vehicle_ty": 3}}, {"type": "Feature", "id": 356, "geometry": {"type": "Point", "coordinates": [-89.9369000002348, 35.0153090003101]}, "properties": {"FID": 356, "stop_id": "0:GETHOLSM", "stop_name": "GETWELL ROAD at HOLMES ROAD", "stop_desc": "st 2520", "stop_lat": 35.015309, "stop_lon": -89.9369, "zone_id": " ", "location_t": 0, "parent_sta": "1:GETHOLSM", "vehicle_ty": 3}}, {"type": "Feature", "id": 357, "geometry": {"type": "Point", "coordinates": [-89.9901909999147, 35.1342240000376]}, "properties": {"FID": 357, "stop_id": "0:UNICOOWN", "stop_name": "UNION AVENUE at COOPER STREET", "stop_desc": "st 2999", "stop_lat": 35.134224, "stop_lon": -89.990191, "zone_id": " ", "location_t": 0, "parent_sta": "1:UNICOOWN", "vehicle_ty": 3}}, {"type": "Feature", "id": 358, "geometry": {"type": "Point", "coordinates": [-89.8419969998616, 35.2049050003655]}, "properties": {"FID": 358, "stop_id": "0:STAKI1WM", "stop_name": "STAGE ROAD at KIRBY WHITTEN ROAD", "stop_desc": "st 978", "stop_lat": 35.204905, "stop_lon": -89.841997, "zone_id": " ", "location_t": 0, "parent_sta": "1:STAKI1WM", "vehicle_ty": 3}}, {"type": "Feature", "id": 359, "geometry": {"type": "Point", "coordinates": [-89.8449660000808, 35.2047769998587]}, "properties": {"FID": 359, "stop_id": "0:STACHAWN", "stop_name": "STAGE ROAD at CHARLES BRYAN ROAD", "stop_desc": "st 979", "stop_lat": 35.204777, "stop_lon": -89.844966, "zone_id": " ", "location_t": 0, "parent_sta": "1:STACHAWN", "vehicle_ty": 3}}, {"type": "Feature", "id": 360, "geometry": {"type": "Point", "coordinates": [-89.8483440002753, 35.2048189999969]}, "properties": {"FID": 360, "stop_id": "0:STAALTWF", "stop_name": "STAGE ROAD at ALTRURIA ROAD", "stop_desc": "st 287", "stop_lat": 35.204819, "stop_lon": -89.848344, "zone_id": " ", "location_t": 0, "parent_sta": "1:STAALTWF", "vehicle_ty": 3}}, {"type": "Feature", "id": 361, "geometry": {"type": "Point", "coordinates": [-90.0377250003085, 35.020858999943]}, "properties": {"FID": 361, "stop_id": "0:SHEGILEN", "stop_name": "SHELBY DRIVE at GILBERT ROAD", "stop_desc": "st 5558", "stop_lat": 35.020859, "stop_lon": -90.037725, "zone_id": " ", "location_t": 0, "parent_sta": "1:SHEGILEN", "vehicle_ty": 3}}, {"type": "Feature", "id": 362, "geometry": {"type": "Point", "coordinates": [-90.035228000272, 35.0208139996664]}, "properties": {"FID": 362, "stop_id": "0:SHEAUBEN", "stop_name": "SHELBY DRIVE at AUBURN ROAD", "stop_desc": "st 5559", "stop_lat": 35.020814, "stop_lon": -90.035228, "zone_id": " ", "location_t": 0, "parent_sta": "1:SHEAUBEN", "vehicle_ty": 3}}, {"type": "Feature", "id": 363, "geometry": {"type": "Point", "coordinates": [-90.0329959998655, 35.0208129996203]}, "properties": {"FID": 363, "stop_id": "0:SHEFA1EN", "stop_name": "SHELBY DRIVE at FAIRFIELD ROAD", "stop_desc": "st 5560", "stop_lat": 35.020813, "stop_lon": -90.032996, "zone_id": " ", "location_t": 0, "parent_sta": "1:SHEFA1EN", "vehicle_ty": 3}}, {"type": "Feature", "id": 364, "geometry": {"type": "Point", "coordinates": [-89.9622259999299, 35.1496079999093]}, "properties": {"FID": 364, "stop_id": "0:SUMGLAWN", "stop_name": "SUMMER AVENUE at GLANKLER STREET", "stop_desc": "st 4085", "stop_lat": 35.149608, "stop_lon": -89.962226, "zone_id": " ", "location_t": 0, "parent_sta": "1:SUMGLAWN", "vehicle_ty": 3}}, {"type": "Feature", "id": 365, "geometry": {"type": "Point", "coordinates": [-89.9646720003125, 35.1496459998631]}, "properties": {"FID": 365, "stop_id": "0:SUMCARWF", "stop_name": "SUMMER AVENUE at CARPENTER STREET", "stop_desc": "st 4086", "stop_lat": 35.149646, "stop_lon": -89.964672, "zone_id": " ", "location_t": 0, "parent_sta": "1:SUMCARWF", "vehicle_ty": 3}}, {"type": "Feature", "id": 366, "geometry": {"type": "Point", "coordinates": [-89.9749320004115, 35.1504500000675]}, "properties": {"FID": 366, "stop_id": "0:SUMMERWN", "stop_name": "SUMMER AVENUE at MERTON STREET", "stop_desc": "st 4088", "stop_lat": 35.15045, "stop_lon": -89.974932, "zone_id": " ", "location_t": 0, "parent_sta": "1:SUMMERWN", "vehicle_ty": 3}}, {"type": "Feature", "id": 367, "geometry": {"type": "Point", "coordinates": [-89.9857340003238, 35.1515929997172]}, "properties": {"FID": 367, "stop_id": "0:NPAWESWN", "stop_name": "NORTH PARKWAY at WEST DRIVE", "stop_desc": "st 3538", "stop_lat": 35.151593, "stop_lon": -89.985734, "zone_id": " ", "location_t": 0, "parent_sta": "1:NPAWESWN", "vehicle_ty": 3}}, {"type": "Feature", "id": 368, "geometry": {"type": "Point", "coordinates": [-89.9878810004078, 35.1518000002699]}, "properties": {"FID": 368, "stop_id": "0:NPAUNIWM", "stop_name": "NORTH PARKWAY at UNIVERSITY STREET", "stop_desc": "st 3539", "stop_lat": 35.1518, "stop_lon": -89.987881, "zone_id": " ", "location_t": 0, "parent_sta": "1:NPAUNIWM", "vehicle_ty": 3}}, {"type": "Feature", "id": 369, "geometry": {"type": "Point", "coordinates": [-89.993111999719, 35.1345289997136]}, "properties": {"FID": 369, "stop_id": "0:UNIDIAWN", "stop_name": "UNION AVENUE at DIANA STREET", "stop_desc": "st 3000", "stop_lat": 35.134529, "stop_lon": -89.993112, "zone_id": " ", "location_t": 0, "parent_sta": "1:UNIDIAWN", "vehicle_ty": 3}}, {"type": "Feature", "id": 370, "geometry": {"type": "Point", "coordinates": [-89.9970850003724, 35.1349429999196]}, "properties": {"FID": 370, "stop_id": "0:UNITUCWN", "stop_name": "UNION AVENUE at TUCKER STREET", "stop_desc": "st 3001", "stop_lat": 35.134943, "stop_lon": -89.997085, "zone_id": " ", "location_t": 0, "parent_sta": "1:UNITUCWN", "vehicle_ty": 3}}, {"type": "Feature", "id": 371, "geometry": {"type": "Point", "coordinates": [-89.9985450002515, 35.1350870002649]}, "properties": {"FID": 371, "stop_id": "0:UNIBARWN", "stop_name": "UNION AVENUE at BARKSDALE STREET", "stop_desc": "st 3002", "stop_lat": 35.135087, "stop_lon": -89.998545, "zone_id": " ", "location_t": 0, "parent_sta": "1:UNIBARWN", "vehicle_ty": 3}}, {"type": "Feature", "id": 372, "geometry": {"type": "Point", "coordinates": [-90.0087590000278, 35.1361469996843]}, "properties": {"FID": 372, "stop_id": "0:UNIWILWN", "stop_name": "UNION AVENUE at WILLETT STREET", "stop_desc": "st 3006", "stop_lat": 35.136147, "stop_lon": -90.008759, "zone_id": " ", "location_t": 0, "parent_sta": "1:UNIWILWN", "vehicle_ty": 3}}, {"type": "Feature", "id": 373, "geometry": {"type": "Point", "coordinates": [-90.0121229995767, 35.1364710002365]}, "properties": {"FID": 373, "stop_id": "0:UNIMCNWN", "stop_name": "UNION AVENUE at MCNEIL STREET", "stop_desc": "st 3008", "stop_lat": 35.136471, "stop_lon": -90.012123, "zone_id": " ", "location_t": 0, "parent_sta": "1:UNIMCNWN", "vehicle_ty": 3}}, {"type": "Feature", "id": 374, "geometry": {"type": "Point", "coordinates": [-90.0369420001732, 35.163572999994]}, "properties": {"FID": 374, "stop_id": "0:CHETHOEN", "stop_name": "CHELSEA AVENUE at THOMAS STREET", "stop_desc": "st 1625", "stop_lat": 35.163573, "stop_lon": -90.036942, "zone_id": " ", "location_t": 0, "parent_sta": "1:CHETHOEN", "vehicle_ty": 3}}, {"type": "Feature", "id": 375, "geometry": {"type": "Point", "coordinates": [-90.0356679998782, 35.1640119995542]}, "properties": {"FID": 375, "stop_id": "0:CHETULEM", "stop_name": "CHELSEA AVENUE at TULLY STREET", "stop_desc": "st 1626", "stop_lat": 35.164012, "stop_lon": -90.035668, "zone_id": " ", "location_t": 0, "parent_sta": "1:CHETULEM", "vehicle_ty": 3}}, {"type": "Feature", "id": 376, "geometry": {"type": "Point", "coordinates": [-90.035036000411, 35.1642469995994]}, "properties": {"FID": 376, "stop_id": "0:CHETULEF", "stop_name": "CHELSEA AVENUE at TULLY STREET", "stop_desc": "st 1627", "stop_lat": 35.164247, "stop_lon": -90.035036, "zone_id": " ", "location_t": 0, "parent_sta": "1:CHETULEF", "vehicle_ty": 3}}, {"type": "Feature", "id": 377, "geometry": {"type": "Point", "coordinates": [-90.0338279995625, 35.1646900002434]}, "properties": {"FID": 377, "stop_id": "0:CHEWOOEN", "stop_name": "CHELSEA AVENUE at WOODLAWN STREET", "stop_desc": "st 1628", "stop_lat": 35.16469, "stop_lon": -90.033828, "zone_id": " ", "location_t": 0, "parent_sta": "1:CHEWOOEN", "vehicle_ty": 3}}, {"type": "Feature", "id": 378, "geometry": {"type": "Point", "coordinates": [-90.0443999996602, 35.0862199995534]}, "properties": {"FID": 378, "stop_id": "0:MALLAUEF", "stop_name": "MALLORY AVENUE at LAUDERDALE STREET", "stop_desc": "st 4786", "stop_lat": 35.08622, "stop_lon": -90.0444, "zone_id": " ", "location_t": 0, "parent_sta": "1:MALLAUEF", "vehicle_ty": 3}}, {"type": "Feature", "id": 379, "geometry": {"type": "Point", "coordinates": [-89.9533550000332, 35.0430699998806]}, "properties": {"FID": 379, "stop_id": "0:CHRCHREN", "stop_name": "CHRISTINE ROAD at CHRISTIN GARDEN ROAD", "stop_desc": "st 2551", "stop_lat": 35.04307, "stop_lon": -89.953355, "zone_id": " ", "location_t": 0, "parent_sta": "1:CHRCHREN", "vehicle_ty": 3}}, {"type": "Feature", "id": 380, "geometry": {"type": "Point", "coordinates": [-90.0965859996441, 35.0390040003344]}, "properties": {"FID": 380, "stop_id": "0:WEANORSM", "stop_name": "WEAVER ROAD at NORFLEET AVENUE", "stop_desc": "st 5830", "stop_lat": 35.039004, "stop_lon": -90.096586, "zone_id": " ", "location_t": 0, "parent_sta": "1:WEANORSM", "vehicle_ty": 3}}, {"type": "Feature", "id": 381, "geometry": {"type": "Point", "coordinates": [-90.1103230000064, 35.0357820001392]}, "properties": {"FID": 381, "stop_id": "0:RAIRI2EN", "stop_name": "RAINES ROAD at RIDGE ROAD", "stop_desc": "st 7245", "stop_lat": 35.035782, "stop_lon": -90.110323, "zone_id": " ", "location_t": 0, "parent_sta": "1:RAIRI2EN", "vehicle_ty": 3}}, {"type": "Feature", "id": 382, "geometry": {"type": "Point", "coordinates": [-90.1172310002104, 35.0357169998397]}, "properties": {"FID": 382, "stop_id": "0:RAIOPPEN", "stop_name": "RAINES ROAD at OPPORTUNITY ROAD", "stop_desc": "st 7244", "stop_lat": 35.035717, "stop_lon": -90.117231, "zone_id": " ", "location_t": 0, "parent_sta": "1:RAIOPPEN", "vehicle_ty": 3}}, {"type": "Feature", "id": 383, "geometry": {"type": "Point", "coordinates": [-89.8977859996241, 35.1134990002787]}, "properties": {"FID": 383, "stop_id": "0:POPMOSEN", "stop_name": "POPLAR AVENUE at MOSS ROAD", "stop_desc": "st 1943", "stop_lat": 35.113499, "stop_lon": -89.897786, "zone_id": " ", "location_t": 0, "parent_sta": "1:POPMOSEN", "vehicle_ty": 3}}, {"type": "Feature", "id": 384, "geometry": {"type": "Point", "coordinates": [-90.0967340001739, 35.0515970001015]}, "properties": {"FID": 384, "stop_id": "0:WEAEYESN", "stop_name": "WEAVER ROAD at EYERS ROAD", "stop_desc": "st 5825", "stop_lat": 35.051597, "stop_lon": -90.096734, "zone_id": " ", "location_t": 0, "parent_sta": "1:WEAEYESN", "vehicle_ty": 3}}, {"type": "Feature", "id": 385, "geometry": {"type": "Point", "coordinates": [-90.0967219996206, 35.04979999997]}, "properties": {"FID": 385, "stop_id": "0:WEAFIESN", "stop_name": "WEAVER ROAD at FIELDS ROAD", "stop_desc": "st 5826", "stop_lat": 35.0498, "stop_lon": -90.096722, "zone_id": " ", "location_t": 0, "parent_sta": "1:WEAFIESN", "vehicle_ty": 3}}, {"type": "Feature", "id": 386, "geometry": {"type": "Point", "coordinates": [-90.0967219996206, 35.0484960000904]}, "properties": {"FID": 386, "stop_id": "0:WEACARSN", "stop_name": "WEAVER ROAD at CAREY ROAD", "stop_desc": "st 5827", "stop_lat": 35.048496, "stop_lon": -90.096722, "zone_id": " ", "location_t": 0, "parent_sta": "1:WEACARSN", "vehicle_ty": 3}}, {"type": "Feature", "id": 387, "geometry": {"type": "Point", "coordinates": [-90.0966879998513, 35.0471100000265]}, "properties": {"FID": 387, "stop_id": "0:WEACANSN", "stop_name": "WEAVER ROAD at CANARY LANE", "stop_desc": "st 5828", "stop_lat": 35.04711, "stop_lon": -90.096688, "zone_id": " ", "location_t": 0, "parent_sta": "1:WEACANSN", "vehicle_ty": 3}}, {"type": "Feature", "id": 388, "geometry": {"type": "Point", "coordinates": [-90.0561090000303, 35.0463350002601]}, "properties": {"FID": 388, "stop_id": "0:NEENEENN", "stop_name": "NEELY ROAD at NEELY ROAD COVE", "stop_desc": "st 5484", "stop_lat": 35.046335, "stop_lon": -90.056109, "zone_id": " ", "location_t": 0, "parent_sta": "1:NEENEENN", "vehicle_ty": 3}}, {"type": "Feature", "id": 389, "geometry": {"type": "Point", "coordinates": [-90.0561079999842, 35.0474700004402]}, "properties": {"FID": 389, "stop_id": "0:NEEHILNN", "stop_name": "NEELY ROAD at HILLVIEW AVENUE", "stop_desc": "st 5485", "stop_lat": 35.04747, "stop_lon": -90.056108, "zone_id": " ", "location_t": 0, "parent_sta": "1:NEEHILNN", "vehicle_ty": 3}}, {"type": "Feature", "id": 390, "geometry": {"type": "Point", "coordinates": [-90.0561189995921, 35.0507949999893]}, "properties": {"FID": 390, "stop_id": "0:NEESOUNF", "stop_name": "NEELY ROAD at SOUTHHILL AVENUE", "stop_desc": "st 5486", "stop_lat": 35.050795, "stop_lon": -90.056119, "zone_id": " ", "location_t": 0, "parent_sta": "1:NEESOUNF", "vehicle_ty": 3}}, {"type": "Feature", "id": 391, "geometry": {"type": "Point", "coordinates": [-90.0561189995921, 35.0517059997322]}, "properties": {"FID": 391, "stop_id": "0:NEESOUNN", "stop_name": "NEELY ROAD at SOUTHVIEW AVENUE", "stop_desc": "st 5487", "stop_lat": 35.051706, "stop_lon": -90.056119, "zone_id": " ", "location_t": 0, "parent_sta": "1:NEESOUNN", "vehicle_ty": 3}}, {"type": "Feature", "id": 392, "geometry": {"type": "Point", "coordinates": [-89.9211270004107, 35.0694250002636]}, "properties": {"FID": 392, "stop_id": "0:GOOCOTNN", "stop_name": "GOODLETT STREET at COTTONWOOD ROAD", "stop_desc": "st 2716", "stop_lat": 35.069425, "stop_lon": -89.921127, "zone_id": " ", "location_t": 0, "parent_sta": "1:GOOCOTNN", "vehicle_ty": 3}}, {"type": "Feature", "id": 393, "geometry": {"type": "Point", "coordinates": [-89.9218460002926, 35.0696049995711]}, "properties": {"FID": 393, "stop_id": "0:COTCHIWN", "stop_name": "COTTONWOOD ROAD at CHIPPEWA ROAD", "stop_desc": "st 2721", "stop_lat": 35.069605, "stop_lon": -89.921846, "zone_id": " ", "location_t": 0, "parent_sta": "1:COTCHIWN", "vehicle_ty": 3}}, {"type": "Feature", "id": 394, "geometry": {"type": "Point", "coordinates": [-89.9147509995589, 35.2101529995613]}, "properties": {"FID": 394, "stop_id": "0:COLPRISN", "stop_name": "COLEMAN ROAD at PRISCILLA AVENUE", "stop_desc": "st 1134", "stop_lat": 35.210153, "stop_lon": -89.914751, "zone_id": " ", "location_t": 0, "parent_sta": "1:COLPRISN", "vehicle_ty": 3}}, {"type": "Feature", "id": 395, "geometry": {"type": "Point", "coordinates": [-89.9080229995618, 35.0858260002698]}, "properties": {"FID": 395, "stop_id": "0:WILCORWN", "stop_name": "WILLOW ROAD at CORNELIA LANE", "stop_desc": "st 2799", "stop_lat": 35.085826, "stop_lon": -89.908023, "zone_id": " ", "location_t": 0, "parent_sta": "1:WILCORWN", "vehicle_ty": 3}}, {"type": "Feature", "id": 396, "geometry": {"type": "Point", "coordinates": [-89.9113409996874, 35.0858840002465]}, "properties": {"FID": 396, "stop_id": "0:WILSEAWF", "stop_name": "WILLOW ROAD at SEA ISLE ROAD", "stop_desc": "st 2800", "stop_lat": 35.085884, "stop_lon": -89.911341, "zone_id": " ", "location_t": 0, "parent_sta": "1:WILSEAWF", "vehicle_ty": 3}}, {"type": "Feature", "id": 397, "geometry": {"type": "Point", "coordinates": [-89.9138959997006, 35.0859230002463]}, "properties": {"FID": 397, "stop_id": "0:WILDEAWF", "stop_name": "WILLOW ROAD at DEARING ROAD", "stop_desc": "st 2801", "stop_lat": 35.085923, "stop_lon": -89.913896, "zone_id": " ", "location_t": 0, "parent_sta": "1:WILDEAWF", "vehicle_ty": 3}}, {"type": "Feature", "id": 398, "geometry": {"type": "Point", "coordinates": [-89.9726110003973, 35.0689520000348]}, "properties": {"FID": 398, "stop_id": "0:DEMRENEF", "stop_name": "DEMOCRAT ROAD at RENTAL ROAD", "stop_desc": "st 2772", "stop_lat": 35.068952, "stop_lon": -89.972611, "zone_id": " ", "location_t": 0, "parent_sta": "1:DEMRENEF", "vehicle_ty": 3}}, {"type": "Feature", "id": 399, "geometry": {"type": "Point", "coordinates": [-89.9694149996025, 35.0690209996195]}, "properties": {"FID": 399, "stop_id": "0:DEMREPEM", "stop_name": "DEMOCRAT ROAD at REPUBLICAN DRIVE", "stop_desc": "st 2773", "stop_lat": 35.069021, "stop_lon": -89.969415, "zone_id": " ", "location_t": 0, "parent_sta": "1:DEMREPEM", "vehicle_ty": 3}}, {"type": "Feature", "id": 400, "geometry": {"type": "Point", "coordinates": [-89.9666729999589, 35.0690100000115]}, "properties": {"FID": 400, "stop_id": "0:DEMREPEF", "stop_name": "FED EX", "stop_desc": "st 2774", "stop_lat": 35.06901, "stop_lon": -89.966673, "zone_id": " ", "location_t": 0, "parent_sta": "1:DEMREPEF", "vehicle_ty": 3}}, {"type": "Feature", "id": 401, "geometry": {"type": "Point", "coordinates": [-89.9604370001674, 35.0688519999199]}, "properties": {"FID": 401, "stop_id": "0:DEMTCHEM", "stop_name": "DEMOCRAT ROAD at TCHULAHOMA ROAD", "stop_desc": "st 2775", "stop_lat": 35.068852, "stop_lon": -89.960437, "zone_id": " ", "location_t": 0, "parent_sta": "1:DEMTCHEM", "vehicle_ty": 3}}, {"type": "Feature", "id": 402, "geometry": {"type": "Point", "coordinates": [-90.0676150000322, 35.093497999733]}, "properties": {"FID": 402, "stop_id": "0:KANFIRSN", "stop_name": "KANSAS STREET at 1ST AVENUE", "stop_desc": "st 2258", "stop_lat": 35.093498, "stop_lon": -90.067615, "zone_id": " ", "location_t": 0, "parent_sta": "1:KANFIRSN", "vehicle_ty": 3}}, {"type": "Feature", "id": 403, "geometry": {"type": "Point", "coordinates": [-90.0658450002466, 35.092747000174]}, "properties": {"FID": 403, "stop_id": "0:BELKANEF", "stop_name": "BELZ BOULEVARD at KANSAS STREET", "stop_desc": "st 4881", "stop_lat": 35.092747, "stop_lon": -90.065845, "zone_id": " ", "location_t": 0, "parent_sta": "1:BELKANEF", "vehicle_ty": 3}}, {"type": "Feature", "id": 404, "geometry": {"type": "Point", "coordinates": [-90.0630020004419, 35.0949900001884]}, "properties": {"FID": 404, "stop_id": "0:BELFLOEN", "stop_name": "BELZ BOULEVARD at FLORIDA STREET", "stop_desc": "st 6369", "stop_lat": 35.09499, "stop_lon": -90.063002, "zone_id": " ", "location_t": 0, "parent_sta": "1:BELFLOEN", "vehicle_ty": 3}}, {"type": "Feature", "id": 405, "geometry": {"type": "Point", "coordinates": [-90.0629360000963, 35.0938820003541]}, "properties": {"FID": 405, "stop_id": "0:FLOROSSN", "stop_name": "FLORIDA STREET at ROSIE DRIVE", "stop_desc": "st 4882", "stop_lat": 35.093882, "stop_lon": -90.062936, "zone_id": " ", "location_t": 0, "parent_sta": "1:FLOROSSN", "vehicle_ty": 3}}, {"type": "Feature", "id": 406, "geometry": {"type": "Point", "coordinates": [-89.8461259996151, 35.0995500000325]}, "properties": {"FID": 406, "stop_id": "0:POPAARWF", "stop_name": "POPLAR AVENUE at AARON BRENNER DRIVE", "stop_desc": "st 2008", "stop_lat": 35.09955, "stop_lon": -89.846126, "zone_id": " ", "location_t": 0, "parent_sta": "1:POPAARWF", "vehicle_ty": 3}}, {"type": "Feature", "id": 407, "geometry": {"type": "Point", "coordinates": [-89.847541000117, 35.0998120004235]}, "properties": {"FID": 407, "stop_id": "0:POPINTWN", "stop_name": "POPLAR AVENUE at INTERNATIONAL PLACE", "stop_desc": "st 2009", "stop_lat": 35.099812, "stop_lon": -89.847541, "zone_id": " ", "location_t": 0, "parent_sta": "1:POPINTWN", "vehicle_ty": 3}}, {"type": "Feature", "id": 408, "geometry": {"type": "Point", "coordinates": [-90.008669000374, 35.1729679997734]}, "properties": {"FID": 408, "stop_id": "0:CHEWATEN", "stop_name": "CHELSEA AVENUE at WATKINS STREET", "stop_desc": "st 1642", "stop_lat": 35.172968, "stop_lon": -90.008669, "zone_id": " ", "location_t": 0, "parent_sta": "1:CHEWATEN", "vehicle_ty": 3}}, {"type": "Feature", "id": 409, "geometry": {"type": "Point", "coordinates": [-90.0067849998279, 35.1728770000735]}, "properties": {"FID": 409, "stop_id": "0:CHESTOEN", "stop_name": "CHELSEA AVENUE at STONEWALL STREET", "stop_desc": "st 1516", "stop_lat": 35.172877, "stop_lon": -90.006785, "zone_id": " ", "location_t": 0, "parent_sta": "1:CHESTOEN", "vehicle_ty": 3}}, {"type": "Feature", "id": 410, "geometry": {"type": "Point", "coordinates": [-89.8511799997572, 35.2046809999283]}, "properties": {"FID": 410, "stop_id": "0:STADAREN", "stop_name": "STAGE ROAD at DAROLYN STREET", "stop_desc": "st 7164", "stop_lat": 35.204681, "stop_lon": -89.85118, "zone_id": " ", "location_t": 0, "parent_sta": "1:STADAREN", "vehicle_ty": 3}}, {"type": "Feature", "id": 411, "geometry": {"type": "Point", "coordinates": [-89.9308500000274, 35.1041140000611]}, "properties": {"FID": 411, "stop_id": "0:GETSTUSF", "stop_name": "GETWELL ROAD at STUART ROAD", "stop_desc": "st 6156", "stop_lat": 35.104114, "stop_lon": -89.93085, "zone_id": " ", "location_t": 0, "parent_sta": "1:GETSTUSF", "vehicle_ty": 3}}, {"type": "Feature", "id": 412, "geometry": {"type": "Point", "coordinates": [-89.9955469995943, 35.1346289998285]}, "properties": {"FID": 412, "stop_id": "0:UNIREMEN", "stop_name": "UNION AVENUE at REMBERT STREET", "stop_desc": "st 3046", "stop_lat": 35.134629, "stop_lon": -89.995547, "zone_id": " ", "location_t": 0, "parent_sta": "1:UNIREMEN", "vehicle_ty": 3}}, {"type": "Feature", "id": 413, "geometry": {"type": "Point", "coordinates": [-89.9926479999052, 35.1343149997375]}, "properties": {"FID": 413, "stop_id": "0:UNIFLOEN", "stop_name": "UNION AVENUE at FLORENCE STREET", "stop_desc": "st 3047", "stop_lat": 35.134315, "stop_lon": -89.992648, "zone_id": " ", "location_t": 0, "parent_sta": "1:UNIFLOEN", "vehicle_ty": 3}}, {"type": "Feature", "id": 414, "geometry": {"type": "Point", "coordinates": [-89.9905779997748, 35.1340989996692]}, "properties": {"FID": 414, "stop_id": "0:UNICOOEN", "stop_name": "UNION AVENUE at COOPER STREET", "stop_desc": "st 3048", "stop_lat": 35.134099, "stop_lon": -89.990578, "zone_id": " ", "location_t": 0, "parent_sta": "1:UNICOOEN", "vehicle_ty": 3}}, {"type": "Feature", "id": 415, "geometry": {"type": "Point", "coordinates": [-89.9896490001012, 35.1339999996003]}, "properties": {"FID": 415, "stop_id": "0:UNISUMEM", "stop_name": "UNION AVENUE at SUMMIT STREET", "stop_desc": "st 3049", "stop_lat": 35.134, "stop_lon": -89.989649, "zone_id": " ", "location_t": 0, "parent_sta": "1:UNISUMEM", "vehicle_ty": 3}}, {"type": "Feature", "id": 416, "geometry": {"type": "Point", "coordinates": [-89.9758470003388, 35.2077330003777]}, "properties": {"FID": 416, "stop_id": "0:RANWHISF", "stop_name": "RANGE LINE ROAD at WHITNEY AVENUE", "stop_desc": "st 107", "stop_lat": 35.207733, "stop_lon": -89.975847, "zone_id": " ", "location_t": 0, "parent_sta": "1:RANWHISF", "vehicle_ty": 3}}, {"type": "Feature", "id": 417, "geometry": {"type": "Point", "coordinates": [-89.9781769998686, 35.1580849996231]}, "properties": {"FID": 417, "stop_id": "0:JACBARWN", "stop_name": "JACKSON AVENUE at BARBARA DRIVE", "stop_desc": "st 3744", "stop_lat": 35.158085, "stop_lon": -89.978177, "zone_id": " ", "location_t": 0, "parent_sta": "1:JACBARWN", "vehicle_ty": 3}}, {"type": "Feature", "id": 418, "geometry": {"type": "Point", "coordinates": [-89.9799370000924, 35.1581309999457]}, "properties": {"FID": 418, "stop_id": "0:JACTREWN", "stop_name": "JACKSON AVENUE at TREZEVANT STREET", "stop_desc": "st 3745", "stop_lat": 35.158131, "stop_lon": -89.979937, "zone_id": " ", "location_t": 0, "parent_sta": "1:JACTREWN", "vehicle_ty": 3}}, {"type": "Feature", "id": 419, "geometry": {"type": "Point", "coordinates": [-89.9840320000767, 35.159044999827]}, "properties": {"FID": 419, "stop_id": "0:JACSPRWN", "stop_name": "JACKSON AVENUE at SPRINGDALE STREET", "stop_desc": "st 3747", "stop_lat": 35.159045, "stop_lon": -89.984032, "zone_id": " ", "location_t": 0, "parent_sta": "1:JACSPRWN", "vehicle_ty": 3}}, {"type": "Feature", "id": 420, "geometry": {"type": "Point", "coordinates": [-89.9861460004375, 35.1594850003326]}, "properties": {"FID": 420, "stop_id": "0:JACCHAWF", "stop_name": "JACKSON AVENUE at CHARLES PLACE", "stop_desc": "st 3748", "stop_lat": 35.159485, "stop_lon": -89.986146, "zone_id": " ", "location_t": 0, "parent_sta": "1:JACCHAWF", "vehicle_ty": 3}}, {"type": "Feature", "id": 421, "geometry": {"type": "Point", "coordinates": [-89.9879730001538, 35.1596649996401]}, "properties": {"FID": 421, "stop_id": "0:JACUNIWM", "stop_name": "JACKSON AVENUE at UNIVERSITY CIRCLE", "stop_desc": "st 3749", "stop_lat": 35.159665, "stop_lon": -89.987973, "zone_id": " ", "location_t": 0, "parent_sta": "1:JACUNIWM", "vehicle_ty": 3}}, {"type": "Feature", "id": 422, "geometry": {"type": "Point", "coordinates": [-90.0144030003981, 35.1367040001895]}, "properties": {"FID": 422, "stop_id": "0:UNIWATWN", "stop_name": "UNION AVENUE at WATKINS STREET", "stop_desc": "st 3009", "stop_lat": 35.136704, "stop_lon": -90.014403, "zone_id": " ", "location_t": 0, "parent_sta": "1:UNIWATWN", "vehicle_ty": 3}}, {"type": "Feature", "id": 423, "geometry": {"type": "Point", "coordinates": [-90.0164179997908, 35.1368950000043]}, "properties": {"FID": 423, "stop_id": "0:UNICLEWN", "stop_name": "UNION AVENUE at CLEVELAND STREET", "stop_desc": "st 3010", "stop_lat": 35.136895, "stop_lon": -90.016418, "zone_id": " ", "location_t": 0, "parent_sta": "1:UNICLEWN", "vehicle_ty": 3}}, {"type": "Feature", "id": 424, "geometry": {"type": "Point", "coordinates": [-90.0219620000462, 35.0832910002795]}, "properties": {"FID": 424, "stop_id": "0:NORDRAEN", "stop_name": "NORRIS ROAD at DRAKE STREET", "stop_desc": "st 6130", "stop_lat": 35.083291, "stop_lon": -90.021962, "zone_id": " ", "location_t": 0, "parent_sta": "1:NORDRAEN", "vehicle_ty": 3}}, {"type": "Feature", "id": 425, "geometry": {"type": "Point", "coordinates": [-90.0188100003812, 35.0832540003719]}, "properties": {"FID": 425, "stop_id": "0:NORELVEN", "stop_name": "NORRIS ROAD at ELVIS PRESLEY BOULEVARD", "stop_desc": "st 6131", "stop_lat": 35.083254, "stop_lon": -90.01881, "zone_id": " ", "location_t": 0, "parent_sta": "1:NORELVEN", "vehicle_ty": 3}}, {"type": "Feature", "id": 426, "geometry": {"type": "Point", "coordinates": [-90.0395990003935, 35.0619639997389]}, "properties": {"FID": 426, "stop_id": "0:BROGRAWM", "stop_name": "BROOKS ROAD at GRAVES ROAD", "stop_desc": "st 5255", "stop_lat": 35.061964, "stop_lon": -90.039599, "zone_id": " ", "location_t": 0, "parent_sta": "1:BROGRAWM", "vehicle_ty": 3}}, {"type": "Feature", "id": 427, "geometry": {"type": "Point", "coordinates": [-90.0468740004347, 35.0625909998748]}, "properties": {"FID": 427, "stop_id": "0:BROTULWF", "stop_name": "BROOKS ROAD at TULANE ROAD", "stop_desc": "st 5256", "stop_lat": 35.062591, "stop_lon": -90.046874, "zone_id": " ", "location_t": 0, "parent_sta": "1:BROTULWF", "vehicle_ty": 3}}, {"type": "Feature", "id": 428, "geometry": {"type": "Point", "coordinates": [-90.0480570001304, 35.0627879999663]}, "properties": {"FID": 428, "stop_id": "0:BROTRAWN", "stop_name": "BROOKS ROAD at TRANQUILITY DRIVE", "stop_desc": "st 5257", "stop_lat": 35.062788, "stop_lon": -90.048057, "zone_id": " ", "location_t": 0, "parent_sta": "1:BROTRAWN", "vehicle_ty": 3}}, {"type": "Feature", "id": 429, "geometry": {"type": "Point", "coordinates": [-90.0245750000362, 35.0207919995512]}, "properties": {"FID": 429, "stop_id": "0:SHEELVEF", "stop_name": "SHELBY DRIVE at ELVIS PRESLEY BOULEVARD", "stop_desc": "st 5564 (no 1154)", "stop_lat": 35.020792, "stop_lon": -90.024575, "zone_id": " ", "location_t": 0, "parent_sta": "1:9704", "vehicle_ty": 3}}, {"type": "Feature", "id": 430, "geometry": {"type": "Point", "coordinates": [-90.0595009999711, 35.0552100003413]}, "properties": {"FID": 430, "stop_id": "0:WINTHIEF", "stop_name": "WINCHESTER ROAD at 3RD STREET", "stop_desc": "st 1737 (no 1155)", "stop_lat": 35.05521, "stop_lon": -90.059501, "zone_id": " ", "location_t": 0, "parent_sta": "1:2005", "vehicle_ty": 3}}, {"type": "Feature", "id": 431, "geometry": {"type": "Point", "coordinates": [-90.0868189997969, 35.056585999944]}, "properties": {"FID": 431, "stop_id": "0:SAXMITNF", "stop_name": "SAX ROAD at MITCHELL ROAD", "stop_desc": "st 5867 (no 475)", "stop_lat": 35.056586, "stop_lon": -90.086819, "zone_id": " ", "location_t": 0, "parent_sta": "1:3801", "vehicle_ty": 3}}, {"type": "Feature", "id": 432, "geometry": {"type": "Point", "coordinates": [-90.0870289995886, 35.0561749998764]}, "properties": {"FID": 432, "stop_id": "0:SAXMITSN", "stop_name": "SAX ROAD at MITCHELL ROAD", "stop_desc": "st 5822 (no 475)", "stop_lat": 35.056175, "stop_lon": -90.087029, "zone_id": " ", "location_t": 0, "parent_sta": "1:3801", "vehicle_ty": 3}}, {"type": "Feature", "id": 433, "geometry": {"type": "Point", "coordinates": [-90.0596450003165, 35.0553260002947]}, "properties": {"FID": 433, "stop_id": "0:WINTHIWN", "stop_name": "WINCHESTER ROAD at 3RD STREET", "stop_desc": "st 1714 (no 1155)", "stop_lat": 35.055326, "stop_lon": -90.059645, "zone_id": " ", "location_t": 0, "parent_sta": "1:2005", "vehicle_ty": 3}}, {"type": "Feature", "id": 434, "geometry": {"type": "Point", "coordinates": [-90.0263770003982, 35.0209980000577]}, "properties": {"FID": 434, "stop_id": "0:SHEELVWF", "stop_name": "SHELBY DRIVE at ELVIS PRESLEY BOULEVARD", "stop_desc": "st 5418 (no 1154)", "stop_lat": 35.020998, "stop_lon": -90.026377, "zone_id": " ", "location_t": 0, "parent_sta": "1:9704", "vehicle_ty": 3}}, {"type": "Feature", "id": 435, "geometry": {"type": "Point", "coordinates": [-90.0152069997033, 35.1716069999631]}, "properties": {"FID": 435, "stop_id": "0:CHECOLEF", "stop_name": "CHELSEA AVENUE at COLBY STREET", "stop_desc": "st 1639", "stop_lat": 35.171607, "stop_lon": -90.015207, "zone_id": " ", "location_t": 0, "parent_sta": "1:CHECOLEF", "vehicle_ty": 3}}, {"type": "Feature", "id": 436, "geometry": {"type": "Point", "coordinates": [-90.013938999685, 35.172081000238]}, "properties": {"FID": 436, "stop_id": "0:CHECLAEN", "stop_name": "CHELSEA AVENUE at CLAYBROOK STREET", "stop_desc": "st 1640", "stop_lat": 35.172081, "stop_lon": -90.013939, "zone_id": " ", "location_t": 0, "parent_sta": "1:CHECLAEN", "vehicle_ty": 3}}, {"type": "Feature", "id": 437, "geometry": {"type": "Point", "coordinates": [-90.0118909996698, 35.1726850002127]}, "properties": {"FID": 437, "stop_id": "0:CHEWATEM", "stop_name": "CHELSEA AVENUE at WATKINS STREET", "stop_desc": "st 1641", "stop_lat": 35.172685, "stop_lon": -90.011891, "zone_id": " ", "location_t": 0, "parent_sta": "1:CHEWATEM", "vehicle_ty": 3}}, {"type": "Feature", "id": 438, "geometry": {"type": "Point", "coordinates": [-89.9486350000052, 35.1626250003436]}, "properties": {"FID": 438, "stop_id": "0:MACPANEN", "stop_name": "MACON ROAD at PANAMA STREET", "stop_desc": "st 3926", "stop_lat": 35.162625, "stop_lon": -89.948635, "zone_id": " ", "location_t": 0, "parent_sta": "1:MACPANEN", "vehicle_ty": 3}}, {"type": "Feature", "id": 439, "geometry": {"type": "Point", "coordinates": [-89.9472180003104, 35.1623369996528]}, "properties": {"FID": 439, "stop_id": "0:MACNATEN", "stop_name": "MACON ROAD at NATIONAL STREET", "stop_desc": "st 3927", "stop_lat": 35.162337, "stop_lon": -89.947218, "zone_id": " ", "location_t": 0, "parent_sta": "1:MACNATEN", "vehicle_ty": 3}}, {"type": "Feature", "id": 440, "geometry": {"type": "Point", "coordinates": [-89.9456469998092, 35.1620229995618]}, "properties": {"FID": 440, "stop_id": "0:MACPEAEN", "stop_name": "MACON ROAD at PEACHTREE STREET", "stop_desc": "st 3928", "stop_lat": 35.162023, "stop_lon": -89.945647, "zone_id": " ", "location_t": 0, "parent_sta": "1:MACPEAEN", "vehicle_ty": 3}}, {"type": "Feature", "id": 441, "geometry": {"type": "Point", "coordinates": [-89.9443959996756, 35.1617620001163]}, "properties": {"FID": 441, "stop_id": "0:MACHIGEN", "stop_name": "MACON ROAD at NORTH HIGHLAND STREET", "stop_desc": "st 3929", "stop_lat": 35.161762, "stop_lon": -89.944396, "zone_id": " ", "location_t": 0, "parent_sta": "1:MACHIGEN", "vehicle_ty": 3}}, {"type": "Feature", "id": 442, "geometry": {"type": "Point", "coordinates": [-89.9430679995885, 35.1615110002325]}, "properties": {"FID": 442, "stop_id": "0:MACGOREN", "stop_name": "MACON ROAD at GORDON STREET", "stop_desc": "st 3185", "stop_lat": 35.161511, "stop_lon": -89.943068, "zone_id": " ", "location_t": 0, "parent_sta": "1:MACGOREN", "vehicle_ty": 3}}, {"type": "Feature", "id": 443, "geometry": {"type": "Point", "coordinates": [-89.9370219995656, 35.1623710003215]}, "properties": {"FID": 443, "stop_id": "0:MACLEAFE", "stop_name": "MACON ROAD at LEAWOOD STREET", "stop_desc": "st 6334", "stop_lat": 35.162371, "stop_lon": -89.937022, "zone_id": " ", "location_t": 0, "parent_sta": "1:MACLEAFE", "vehicle_ty": 3}}, {"type": "Feature", "id": 444, "geometry": {"type": "Point", "coordinates": [-89.9339000003847, 35.1623229999066]}, "properties": {"FID": 444, "stop_id": "0:MACSALEN", "stop_name": "MACON ROAD at SALEM ROAD", "stop_desc": "st 6335", "stop_lat": 35.162323, "stop_lon": -89.9339, "zone_id": " ", "location_t": 0, "parent_sta": "1:MACSALEN", "vehicle_ty": 3}}, {"type": "Feature", "id": 445, "geometry": {"type": "Point", "coordinates": [-89.9315200003477, 35.1622930003218]}, "properties": {"FID": 445, "stop_id": "0:MACMAREN", "stop_name": "MACON ROAD at MARIA STREET", "stop_desc": "st 6336", "stop_lat": 35.162293, "stop_lon": -89.93152, "zone_id": " ", "location_t": 0, "parent_sta": "1:MACMAREN", "vehicle_ty": 3}}, {"type": "Feature", "id": 446, "geometry": {"type": "Point", "coordinates": [-89.928708000174, 35.1622179995611]}, "properties": {"FID": 446, "stop_id": "0:MACVICEF", "stop_name": "MACON ROAD at VICTOR DRIVE", "stop_desc": "st 3940", "stop_lat": 35.162218, "stop_lon": -89.928708, "zone_id": " ", "location_t": 0, "parent_sta": "1:MACVICEF", "vehicle_ty": 3}}, {"type": "Feature", "id": 447, "geometry": {"type": "Point", "coordinates": [-89.9274460004326, 35.1621900000685]}, "properties": {"FID": 447, "stop_id": "0:MACNGREN", "stop_name": "MACON ROAD at NGRAHAM ROAD", "stop_desc": "st 3941", "stop_lat": 35.16219, "stop_lon": -89.927446, "zone_id": " ", "location_t": 0, "parent_sta": "1:MACNGREN", "vehicle_ty": 3}}, {"type": "Feature", "id": 448, "geometry": {"type": "Point", "coordinates": [-89.9263280001371, 35.1621530001609]}, "properties": {"FID": 448, "stop_id": "0:MACGRAEF", "stop_name": "MACON ROAD at GRAHAM ROAD", "stop_desc": "st 6940", "stop_lat": 35.162153, "stop_lon": -89.926328, "zone_id": " ", "location_t": 0, "parent_sta": "1:MACGRAEF", "vehicle_ty": 3}}, {"type": "Feature", "id": 449, "geometry": {"type": "Point", "coordinates": [-89.923998999754, 35.1621099999766]}, "properties": {"FID": 449, "stop_id": "0:MACWINEN", "stop_name": "MACON ROAD at WINGFIELD ROAD", "stop_desc": "st 3942", "stop_lat": 35.16211, "stop_lon": -89.923999, "zone_id": " ", "location_t": 0, "parent_sta": "1:MACWINEN", "vehicle_ty": 3}}, {"type": "Feature", "id": 450, "geometry": {"type": "Point", "coordinates": [-89.9226980000126, 35.1620780002995]}, "properties": {"FID": 450, "stop_id": "0:MACTATEN", "stop_name": "MACON ROAD at TATUM ROAD", "stop_desc": "st 3943", "stop_lat": 35.162078, "stop_lon": -89.922698, "zone_id": " ", "location_t": 0, "parent_sta": "1:MACTATEN", "vehicle_ty": 3}}, {"type": "Feature", "id": 451, "geometry": {"type": "Point", "coordinates": [-89.9207370004122, 35.1620370002074]}, "properties": {"FID": 451, "stop_id": "0:MACVAUEN", "stop_name": "MACON ROAD at VAUGHN ROAD", "stop_desc": "st 3944", "stop_lat": 35.162037, "stop_lon": -89.920737, "zone_id": " ", "location_t": 0, "parent_sta": "1:MACVAUEN", "vehicle_ty": 3}}, {"type": "Feature", "id": 452, "geometry": {"type": "Point", "coordinates": [-89.9158329999929, 35.0627160002433]}, "properties": {"FID": 452, "stop_id": "0:KNIDANWN", "stop_name": "KNIGHT ARNOLD ROAD at DANVILLE ROAD", "stop_desc": "st 2735", "stop_lat": 35.062716, "stop_lon": -89.915833, "zone_id": " ", "location_t": 0, "parent_sta": "1:KNIDANWN", "vehicle_ty": 3}}, {"type": "Feature", "id": 453, "geometry": {"type": "Point", "coordinates": [-89.9196549999782, 35.0645890002822]}, "properties": {"FID": 453, "stop_id": "0:KNIRANWF", "stop_name": "KNIGHT ARNOLD ROAD at RANDY LANE", "stop_desc": "st 2736", "stop_lat": 35.064589, "stop_lon": -89.919655, "zone_id": " ", "location_t": 0, "parent_sta": "1:KNIRANWF", "vehicle_ty": 3}}, {"type": "Feature", "id": 454, "geometry": {"type": "Point", "coordinates": [-89.9212210002489, 35.0670040001345]}, "properties": {"FID": 454, "stop_id": "0:GOOALMNM", "stop_name": "GOODLETT STREET at ALMO AVENUE", "stop_desc": "st 2715", "stop_lat": 35.067004, "stop_lon": -89.921221, "zone_id": " ", "location_t": 0, "parent_sta": "1:GOOALMNM", "vehicle_ty": 3}}, {"type": "Feature", "id": 455, "geometry": {"type": "Point", "coordinates": [-89.9306580001665, 35.106634000259]}, "properties": {"FID": 455, "stop_id": "0:GETPARNM", "stop_name": "GETWELL ROAD at PARK AVENUE", "stop_desc": "st 3162 (no 1080)", "stop_lat": 35.106634, "stop_lon": -89.930658, "zone_id": " ", "location_t": 0, "parent_sta": "1:3162", "vehicle_ty": 3}}, {"type": "Feature", "id": 456, "geometry": {"type": "Point", "coordinates": [-89.9307790003505, 35.1069379998888]}, "properties": {"FID": 456, "stop_id": "0:GETPARSF", "stop_name": "GETWELL ROAD at PARK AVENUE", "stop_desc": "st 3163 (no 1080)", "stop_lat": 35.106938, "stop_lon": -89.930779, "zone_id": " ", "location_t": 0, "parent_sta": "1:3162", "vehicle_ty": 3}}, {"type": "Feature", "id": 457, "geometry": {"type": "Point", "coordinates": [-89.9455469996942, 35.1227770000585]}, "properties": {"FID": 457, "stop_id": "0:HIGCENSF", "stop_name": "HIGHLAND STREET at CENTRAL AVENUE", "stop_desc": "st 3225 (no 1082)", "stop_lat": 35.122777, "stop_lon": -89.945547, "zone_id": " ", "location_t": 0, "parent_sta": "1:3225", "vehicle_ty": 3}}, {"type": "Feature", "id": 458, "geometry": {"type": "Point", "coordinates": [-89.9015919997709, 35.0428099995819]}, "properties": {"FID": 458, "stop_id": "0:OUWARNF", "stop_name": "OUTLAND ROAD at WARRINGTON ROAD", "stop_desc": "st 1831", "stop_lat": 35.04281, "stop_lon": -89.901592, "zone_id": " ", "location_t": 0, "parent_sta": "1:OUWARNF", "vehicle_ty": 3}}, {"type": "Feature", "id": 459, "geometry": {"type": "Point", "coordinates": [-89.9016390001397, 35.0466440001206]}, "properties": {"FID": 459, "stop_id": "0:OUTCRONF", "stop_name": "OUTLAND ROAD at CROMWELL AVENUE", "stop_desc": "st 1832", "stop_lat": 35.046644, "stop_lon": -89.901639, "zone_id": " ", "location_t": 0, "parent_sta": "1:OUTCRONF", "vehicle_ty": 3}}, {"type": "Feature", "id": 460, "geometry": {"type": "Point", "coordinates": [-89.9016459995632, 35.048521000344]}, "properties": {"FID": 460, "stop_id": "0:OUTFOXNF", "stop_name": "OUTLAND ROAD at FOXHALL DRIVE", "stop_desc": "st 1833", "stop_lat": 35.048521, "stop_lon": -89.901646, "zone_id": " ", "location_t": 0, "parent_sta": "1:OUTFOXNF", "vehicle_ty": 3}}, {"type": "Feature", "id": 461, "geometry": {"type": "Point", "coordinates": [-90.0317269998012, 35.0618000002698]}, "properties": {"FID": 461, "stop_id": "0:BROROSWF", "stop_name": "BROOKS ROAD at EAST ROSITA CIRCLE", "stop_desc": "st 5252", "stop_lat": 35.0618, "stop_lon": -90.031727, "zone_id": " ", "location_t": 0, "parent_sta": "1:BROROSWF", "vehicle_ty": 3}}, {"type": "Feature", "id": 462, "geometry": {"type": "Point", "coordinates": [-89.9137950004389, 35.2060409996924]}, "properties": {"FID": 462, "stop_id": "0:STACOLWN", "stop_name": "STAGE ROAD at COLEMAN ROAD", "stop_desc": "st 997", "stop_lat": 35.206041, "stop_lon": -89.913795, "zone_id": " ", "location_t": 0, "parent_sta": "1:STACOLWN", "vehicle_ty": 3}}, {"type": "Feature", "id": 463, "geometry": {"type": "Point", "coordinates": [-89.9207090000203, 35.2053799997872]}, "properties": {"FID": 463, "stop_id": "0:STAAUSWM", "stop_name": "STAGE ROAD at AUSTIN PEAY HWY", "stop_desc": "st 999", "stop_lat": 35.20538, "stop_lon": -89.920709, "zone_id": " ", "location_t": 0, "parent_sta": "1:STAAUSWM", "vehicle_ty": 3}}, {"type": "Feature", "id": 464, "geometry": {"type": "Point", "coordinates": [-89.925659999909, 35.2053049999259]}, "properties": {"FID": 464, "stop_id": "0:JAMHOMWM", "stop_name": "JAMES ROAD at HOMEWOOD DRIVE", "stop_desc": "st 1197", "stop_lat": 35.205305, "stop_lon": -89.92566, "zone_id": " ", "location_t": 0, "parent_sta": "1:JAMHOMWM", "vehicle_ty": 3}}, {"type": "Feature", "id": 465, "geometry": {"type": "Point", "coordinates": [-89.9296379998938, 35.2047119995592]}, "properties": {"FID": 465, "stop_id": "0:JAMRG1WM", "stop_name": "JAMES ROAD at RIVER GROVE CIRCLE", "stop_desc": "st 1198", "stop_lat": 35.204712, "stop_lon": -89.929638, "zone_id": " ", "location_t": 0, "parent_sta": "1:JAMRG1WM", "vehicle_ty": 3}}, {"type": "Feature", "id": 466, "geometry": {"type": "Point", "coordinates": [-89.9504859999289, 35.1329390001348]}, "properties": {"FID": 466, "stop_id": "0:WALREEEN", "stop_name": "WALNUT GROVE ROAD at REESE STREET", "stop_desc": "st 3061", "stop_lat": 35.132939, "stop_lon": -89.950486, "zone_id": " ", "location_t": 0, "parent_sta": "1:WALREEEN", "vehicle_ty": 3}}, {"type": "Feature", "id": 467, "geometry": {"type": "Point", "coordinates": [-89.907375000256, 35.0207240000126]}, "properties": {"FID": 467, "stop_id": "0:SHEQUAWM", "stop_name": "SHELBY DRIVE at QUALITY DRIVE", "stop_desc": "st 2425", "stop_lat": 35.020724, "stop_lon": -89.907375, "zone_id": " ", "location_t": 0, "parent_sta": "1:SHEQUAWM", "vehicle_ty": 3}}, {"type": "Feature", "id": 468, "geometry": {"type": "Point", "coordinates": [-89.9151439996958, 35.0207529995513]}, "properties": {"FID": 468, "stop_id": "0:SHEMALWM", "stop_name": "SHELBY DRIVE at MALONE ROAD", "stop_desc": "st 2427", "stop_lat": 35.020753, "stop_lon": -89.915144, "zone_id": " ", "location_t": 0, "parent_sta": "1:SHEMALWM", "vehicle_ty": 3}}, {"type": "Feature", "id": 469, "geometry": {"type": "Point", "coordinates": [-89.9172200001029, 35.0207209998743]}, "properties": {"FID": 469, "stop_id": "0:SHEMA1WM", "stop_name": "SHELBY DRIVE at MALONE ROAD", "stop_desc": "st 2428", "stop_lat": 35.020721, "stop_lon": -89.91722, "zone_id": " ", "location_t": 0, "parent_sta": "1:SHEMA1WM", "vehicle_ty": 3}}, {"type": "Feature", "id": 470, "geometry": {"type": "Point", "coordinates": [-89.9285920002206, 35.0207880002661]}, "properties": {"FID": 470, "stop_id": "0:SHEDELWM", "stop_name": "SHELBY DRIVE at DELP STREET", "stop_desc": "st 2429", "stop_lat": 35.020788, "stop_lon": -89.928592, "zone_id": " ", "location_t": 0, "parent_sta": "1:SHEDELWM", "vehicle_ty": 3}}, {"type": "Feature", "id": 471, "geometry": {"type": "Point", "coordinates": [-89.9310120003036, 35.0207900003583]}, "properties": {"FID": 471, "stop_id": "0:SHEDELWN", "stop_name": "SHELBY DRIVE at DELP STREET", "stop_desc": "st 2430", "stop_lat": 35.02079, "stop_lon": -89.931012, "zone_id": " ", "location_t": 0, "parent_sta": "1:SHEDELWN", "vehicle_ty": 3}}, {"type": "Feature", "id": 472, "geometry": {"type": "Point", "coordinates": [-89.935929000423, 35.0208139996664]}, "properties": {"FID": 472, "stop_id": "0:SHEGETWN", "stop_name": "SHELBY DRIVE at GETWELL ROAD", "stop_desc": "st 2431", "stop_lat": 35.020814, "stop_lon": -89.935929, "zone_id": " ", "location_t": 0, "parent_sta": "1:SHEGETWN", "vehicle_ty": 3}}, {"type": "Feature", "id": 473, "geometry": {"type": "Point", "coordinates": [-89.9367780000047, 35.0221110001226]}, "properties": {"FID": 473, "stop_id": "0:GETSHENF", "stop_name": "GETWELL ROAD at SHELBY DRIVE", "stop_desc": "st 2573", "stop_lat": 35.022111, "stop_lon": -89.936778, "zone_id": " ", "location_t": 0, "parent_sta": "1:GETSHENF", "vehicle_ty": 3}}, {"type": "Feature", "id": 474, "geometry": {"type": "Point", "coordinates": [-89.9368190000968, 35.0238539995625]}, "properties": {"FID": 474, "stop_id": "0:GETDISNN", "stop_name": "GETWELL ROAD at DISTRIPLEX DRIVE", "stop_desc": "st 2574", "stop_lat": 35.023854, "stop_lon": -89.936819, "zone_id": " ", "location_t": 0, "parent_sta": "1:GETDISNN", "vehicle_ty": 3}}, {"type": "Feature", "id": 475, "geometry": {"type": "Point", "coordinates": [-89.9368790001657, 35.0275900000785]}, "properties": {"FID": 475, "stop_id": "0:GETARNNN", "stop_name": "GETWELL ROAD at ARNOLD ROAD", "stop_desc": "st 2575", "stop_lat": 35.02759, "stop_lon": -89.936879, "zone_id": " ", "location_t": 0, "parent_sta": "1:GETARNNN", "vehicle_ty": 3}}, {"type": "Feature", "id": 476, "geometry": {"type": "Point", "coordinates": [-89.9339920001307, 35.2040640002535]}, "properties": {"FID": 476, "stop_id": "0:JAMSCEWN", "stop_name": "JAMES ROAD at SCENIC HWY", "stop_desc": "st 1199", "stop_lat": 35.204064, "stop_lon": -89.933992, "zone_id": " ", "location_t": 0, "parent_sta": "1:JAMSCEWN", "vehicle_ty": 3}}, {"type": "Feature", "id": 477, "geometry": {"type": "Point", "coordinates": [-89.9022870003448, 35.1145769996289]}, "properties": {"FID": 477, "stop_id": "0:POPCOLEN", "stop_name": "POPLAR AVENUE at COLONIAL ROAD", "stop_desc": "st 1941", "stop_lat": 35.114577, "stop_lon": -89.902287, "zone_id": " ", "location_t": 0, "parent_sta": "1:POPCOLEN", "vehicle_ty": 3}}, {"type": "Feature", "id": 478, "geometry": {"type": "Point", "coordinates": [-89.8992899997336, 35.1138579997469]}, "properties": {"FID": 478, "stop_id": "0:POPERIEN", "stop_name": "POPLAR AVENUE at ERIN DRIVE", "stop_desc": "st 1942", "stop_lat": 35.113858, "stop_lon": -89.89929, "zone_id": " ", "location_t": 0, "parent_sta": "1:POPERIEN", "vehicle_ty": 3}}, {"type": "Feature", "id": 479, "geometry": {"type": "Point", "coordinates": [-89.9392879997413, 35.1319169997698]}, "properties": {"FID": 479, "stop_id": "0:WALSEVWN", "stop_name": "WALNUT GROVE ROAD at SEVIER STREET", "stop_desc": "st 2983", "stop_lat": 35.131917, "stop_lon": -89.939288, "zone_id": " ", "location_t": 0, "parent_sta": "1:WALSEVWN", "vehicle_ty": 3}}, {"type": "Feature", "id": 480, "geometry": {"type": "Point", "coordinates": [-89.9411799997571, 35.1319460002078]}, "properties": {"FID": 480, "stop_id": "0:WALNORWF", "stop_name": "WALNUT GROVE ROAD at NORMANDY CIRCLE", "stop_desc": "st 2984", "stop_lat": 35.131946, "stop_lon": -89.94118, "zone_id": " ", "location_t": 0, "parent_sta": "1:WALNORWF", "vehicle_ty": 3}}, {"type": "Feature", "id": 481, "geometry": {"type": "Point", "coordinates": [-89.9483539996373, 35.1233919996411]}, "properties": {"FID": 481, "stop_id": "0:CENWINWN", "stop_name": "CENTRAL AVENUE at WINDOVER ROAD", "stop_desc": "st 3516", "stop_lat": 35.123392, "stop_lon": -89.948354, "zone_id": " ", "location_t": 0, "parent_sta": "1:CENWINWN", "vehicle_ty": 3}}, {"type": "Feature", "id": 482, "geometry": {"type": "Point", "coordinates": [-89.9514630000174, 35.1234670004018]}, "properties": {"FID": 482, "stop_id": "0:CENALEWF", "stop_name": "CENTRAL AVENUE at ALEXANDER STREET", "stop_desc": "st 3517", "stop_lat": 35.123467, "stop_lon": -89.951463, "zone_id": " ", "location_t": 0, "parent_sta": "1:CENALEWF", "vehicle_ty": 3}}, {"type": "Feature", "id": 483, "geometry": {"type": "Point", "coordinates": [-89.9589180002654, 35.0948039997049]}, "properties": {"FID": 483, "stop_id": "0:KIMALAEN", "stop_name": "KIMBALL AVENUE at ALAMO STREET", "stop_desc": "st 4176", "stop_lat": 35.094804, "stop_lon": -89.958918, "zone_id": " ", "location_t": 0, "parent_sta": "1:KIMALAEN", "vehicle_ty": 3}}, {"type": "Feature", "id": 484, "geometry": {"type": "Point", "coordinates": [-89.8660130002997, 35.2045829999056]}, "properties": {"FID": 484, "stop_id": "0:STABARWF", "stop_name": "STAGE ROAD at BARTLETT BOULEVARD", "stop_desc": "st 982", "stop_lat": 35.204583, "stop_lon": -89.866013, "zone_id": " ", "location_t": 0, "parent_sta": "1:STABARWF", "vehicle_ty": 3}}, {"type": "Feature", "id": 485, "geometry": {"type": "Point", "coordinates": [-89.8698910001695, 35.204241000322]}, "properties": {"FID": 485, "stop_id": "0:STACOUWM", "stop_name": "STAGE ROAD at COURT STREET", "stop_desc": "st 983", "stop_lat": 35.204241, "stop_lon": -89.869891, "zone_id": " ", "location_t": 0, "parent_sta": "1:STACOUWM", "vehicle_ty": 3}}, {"type": "Feature", "id": 486, "geometry": {"type": "Point", "coordinates": [-89.8746080000591, 35.2047579998818]}, "properties": {"FID": 486, "stop_id": "0:STASHEWF", "stop_name": "STAGE ROAD at SHELBY DRIVE", "stop_desc": "st 984", "stop_lat": 35.204758, "stop_lon": -89.874608, "zone_id": " ", "location_t": 0, "parent_sta": "1:STASHEWF", "vehicle_ty": 3}}, {"type": "Feature", "id": 487, "geometry": {"type": "Point", "coordinates": [-89.8814079997794, 35.205305999972]}, "properties": {"FID": 487, "stop_id": "0:STAOLDWF", "stop_name": "STAGE ROAD at OLD BROWNSVILLE ROAD", "stop_desc": "st 985", "stop_lat": 35.205306, "stop_lon": -89.881408, "zone_id": " ", "location_t": 0, "parent_sta": "1:STAOLDWF", "vehicle_ty": 3}}, {"type": "Feature", "id": 488, "geometry": {"type": "Point", "coordinates": [-89.9484349997754, 35.1627580001816]}, "properties": {"FID": 488, "stop_id": "0:MACPANWF", "stop_name": "MACON ROAD at PANAMA STREET", "stop_desc": "st 3995", "stop_lat": 35.162758, "stop_lon": -89.948435, "zone_id": " ", "location_t": 0, "parent_sta": "1:MACPANWF", "vehicle_ty": 3}}, {"type": "Feature", "id": 489, "geometry": {"type": "Point", "coordinates": [-89.864487000075, 35.0089310002655]}, "properties": {"FID": 489, "stop_id": "0:HICGROSN", "stop_name": "HICKORY HILL ROAD at GROCERY ROAD", "stop_desc": "st 7231", "stop_lat": 35.008931, "stop_lon": -89.864487, "zone_id": " ", "location_t": 0, "parent_sta": "1:HICGROSN", "vehicle_ty": 3}}, {"type": "Feature", "id": 490, "geometry": {"type": "Point", "coordinates": [-89.8663299996297, 35.0182199996533]}, "properties": {"FID": 490, "stop_id": "0:HICDISSF", "stop_name": "HICKORY HILL ROAD at DISTRIBUTION DRIVE", "stop_desc": "st 7230", "stop_lat": 35.01822, "stop_lon": -89.86633, "zone_id": " ", "location_t": 0, "parent_sta": "1:HICDISSF", "vehicle_ty": 3}}, {"type": "Feature", "id": 491, "geometry": {"type": "Point", "coordinates": [-89.8664269996063, 35.0274800004017]}, "properties": {"FID": 491, "stop_id": "0:HICASHSN", "stop_name": "HICKORY HILL ROAD at ASHRIDGE PLACE", "stop_desc": "st 6357", "stop_lat": 35.02748, "stop_lon": -89.866427, "zone_id": " ", "location_t": 0, "parent_sta": "1:HICASHSN", "vehicle_ty": 3}}, {"type": "Feature", "id": 492, "geometry": {"type": "Point", "coordinates": [-89.8473320003715, 35.0384570002904]}, "properties": {"FID": 492, "stop_id": "0:KIRTIMSF", "stop_name": "KIRBY PARKWAY at TIMBER TRAIL", "stop_desc": "st 7229", "stop_lat": 35.038457, "stop_lon": -89.847332, "zone_id": " ", "location_t": 0, "parent_sta": "1:KIRTIMSF", "vehicle_ty": 3}}, {"type": "Feature", "id": 493, "geometry": {"type": "Point", "coordinates": [-89.8459980000077, 35.0410730004187]}, "properties": {"FID": 493, "stop_id": "0:KIRWILSN", "stop_name": "KIRBY PARKWAY at WILDWIND DRIVE", "stop_desc": "st 7228", "stop_lat": 35.041073, "stop_lon": -89.845998, "zone_id": " ", "location_t": 0, "parent_sta": "1:KIRWILSN", "vehicle_ty": 3}}, {"type": "Feature", "id": 494, "geometry": {"type": "Point", "coordinates": [-89.8437790002006, 35.0436519997401]}, "properties": {"FID": 494, "stop_id": "0:KIRCOUSN", "stop_name": "KIRBY PARKWAY at COUNTRY OAKS CIRCLE", "stop_desc": "st 7227", "stop_lat": 35.043652, "stop_lon": -89.843779, "zone_id": " ", "location_t": 0, "parent_sta": "1:KIRCOUSN", "vehicle_ty": 3}}, {"type": "Feature", "id": 495, "geometry": {"type": "Point", "coordinates": [-89.8439069998082, 35.0493180002256]}, "properties": {"FID": 495, "stop_id": "0:KIRWINSF", "stop_name": "KIRBY PARKWAY at WINCHESTER ROAD", "stop_desc": "st 7225", "stop_lat": 35.049318, "stop_lon": -89.843907, "zone_id": " ", "location_t": 0, "parent_sta": "1:KIRWINSF", "vehicle_ty": 3}}, {"type": "Feature", "id": 496, "geometry": {"type": "Point", "coordinates": [-90.0280229998615, 35.061701000201]}, "properties": {"FID": 496, "stop_id": "0:BROLUCWN", "stop_name": "BROOKS ROAD at LUCIBILL ROAD", "stop_desc": "st 5251", "stop_lat": 35.061701, "stop_lon": -90.028023, "zone_id": " ", "location_t": 0, "parent_sta": "1:BROLUCWN", "vehicle_ty": 3}}, {"type": "Feature", "id": 497, "geometry": {"type": "Point", "coordinates": [-89.9558930001618, 35.0689099998966]}, "properties": {"FID": 497, "stop_id": "0:DEMTCHWF", "stop_name": "DEMOCRAT ROAD at TCHULAHOMA ROAD", "stop_desc": "st 2746", "stop_lat": 35.06891, "stop_lon": -89.955893, "zone_id": " ", "location_t": 0, "parent_sta": "1:DEMTCHWF", "vehicle_ty": 3}}, {"type": "Feature", "id": 498, "geometry": {"type": "Point", "coordinates": [-89.9320529997461, 35.0690370003574]}, "properties": {"FID": 498, "stop_id": "0:GETCOMNN", "stop_name": "GETWELL ROAD at COMANCHE ROAD", "stop_desc": "st 2665", "stop_lat": 35.069037, "stop_lon": -89.932053, "zone_id": " ", "location_t": 0, "parent_sta": "1:GETCOMNN", "vehicle_ty": 3}}, {"type": "Feature", "id": 499, "geometry": {"type": "Point", "coordinates": [-89.9639979998078, 35.0522319997071]}, "properties": {"FID": 499, "stop_id": "0:SWIWINNN", "stop_name": "SWINNEA ROAD at WINCHESTER ROAD", "stop_desc": "st 6079", "stop_lat": 35.052232, "stop_lon": -89.963998, "zone_id": " ", "location_t": 0, "parent_sta": "1:SWIWINNN", "vehicle_ty": 3}}, {"type": "Feature", "id": 500, "geometry": {"type": "Point", "coordinates": [-89.9638330002927, 35.0358220001852]}, "properties": {"FID": 500, "stop_id": "0:SWIRUNNN", "stop_name": "SWINNEA ROAD at RUNWAY DRIVE", "stop_desc": "st 6078", "stop_lat": 35.035822, "stop_lon": -89.963833, "zone_id": " ", "location_t": 0, "parent_sta": "1:SWIRUNNN", "vehicle_ty": 3}}, {"type": "Feature", "id": 501, "geometry": {"type": "Point", "coordinates": [-89.9636910000396, 35.0266970002664]}, "properties": {"FID": 501, "stop_id": "0:SWIRUNNM", "stop_name": "SWINNEA ROAD at RUNWAY DRIVE", "stop_desc": "st 6077", "stop_lat": 35.026697, "stop_lon": -89.963691, "zone_id": " ", "location_t": 0, "parent_sta": "1:SWIRUNNM", "vehicle_ty": 3}}, {"type": "Feature", "id": 502, "geometry": {"type": "Point", "coordinates": [-89.963654000132, 35.0217270004008]}, "properties": {"FID": 502, "stop_id": "0:SWISHENF", "stop_name": "SWINNEA ROAD at SHELBY DRIVE", "stop_desc": "st 6076", "stop_lat": 35.021727, "stop_lon": -89.963654, "zone_id": " ", "location_t": 0, "parent_sta": "1:SWISHENF", "vehicle_ty": 3}}, {"type": "Feature", "id": 503, "geometry": {"type": "Point", "coordinates": [-89.9213580002715, 35.0644829998906]}, "properties": {"FID": 503, "stop_id": "0:GOOKNINN", "stop_name": "GOODLETT STREET at KNIGHT ARNOLD ROAD", "stop_desc": "st 2713", "stop_lat": 35.064483, "stop_lon": -89.921358, "zone_id": " ", "location_t": 0, "parent_sta": "1:GOOKNINN", "vehicle_ty": 3}}, {"type": "Feature", "id": 504, "geometry": {"type": "Point", "coordinates": [-89.9109670004267, 35.1488619996816]}, "properties": {"FID": 504, "stop_id": "0:SUMBERWN", "stop_name": "SUMMER AVENUE at BERCLAIR ROAD", "stop_desc": "st 4059", "stop_lat": 35.148862, "stop_lon": -89.910967, "zone_id": " ", "location_t": 0, "parent_sta": "1:SUMBERWN", "vehicle_ty": 3}}, {"type": "Feature", "id": 505, "geometry": {"type": "Point", "coordinates": [-89.9125169999596, 35.1488999996353]}, "properties": {"FID": 505, "stop_id": "0:SUMSANWN", "stop_name": "SUMMER AVENUE at SANDRIDGE STREET", "stop_desc": "st 4060", "stop_lat": 35.1489, "stop_lon": -89.912517, "zone_id": " ", "location_t": 0, "parent_sta": "1:SUMSANWN", "vehicle_ty": 3}}, {"type": "Feature", "id": 506, "geometry": {"type": "Point", "coordinates": [-89.9363209996144, 35.202672999959]}, "properties": {"FID": 506, "stop_id": "0:JAMADVWM", "stop_name": "STAGE JAMES ROAD at ADVANTAGE WAY DRIVE", "stop_desc": "st 1200", "stop_lat": 35.202673, "stop_lon": -89.936321, "zone_id": " ", "location_t": 0, "parent_sta": "1:JAMADVWM", "vehicle_ty": 3}}, {"type": "Feature", "id": 507, "geometry": {"type": "Point", "coordinates": [-90.0251800000569, 35.0452010001261]}, "properties": {"FID": 507, "stop_id": "0:ELVDOLSN", "stop_name": "ELVIS PRESLEY BOULEVARD at DOLAN DRIVE", "stop_desc": "st 5140", "stop_lat": 35.045201, "stop_lon": -90.02518, "zone_id": " ", "location_t": 0, "parent_sta": "1:ELVDOLSN", "vehicle_ty": 3}}, {"type": "Feature", "id": 508, "geometry": {"type": "Point", "coordinates": [-89.9037409999472, 35.0203980002676]}, "properties": {"FID": 508, "stop_id": "0:SHEPLEEF", "stop_name": "SHELBY DRIVE at PLEASANT HILL ROAD", "stop_desc": "st 2472 (no 1182)", "stop_lat": 35.020398, "stop_lon": -89.903741, "zone_id": " ", "location_t": 0, "parent_sta": "1:9705", "vehicle_ty": 3}}, {"type": "Feature", "id": 509, "geometry": {"type": "Point", "coordinates": [-89.9453549998333, 35.1235590001478]}, "properties": {"FID": 509, "stop_id": "0:HIGCENNF", "stop_name": "HIGHLAND STREET at CENTRAL AVENUE", "stop_desc": "st 3283 (no 1082)", "stop_lat": 35.123559, "stop_lon": -89.945355, "zone_id": " ", "location_t": 0, "parent_sta": "1:3225", "vehicle_ty": 3}}, {"type": "Feature", "id": 510, "geometry": {"type": "Point", "coordinates": [-89.9476589999629, 35.1495140000711]}, "properties": {"FID": 510, "stop_id": "0:SUMNATWN", "stop_name": "SUMMER AVENUE at NATIONAL STREET", "stop_desc": "st 4079 (no 1084)", "stop_lat": 35.149514, "stop_lon": -89.947659, "zone_id": " ", "location_t": 0, "parent_sta": "1:4079", "vehicle_ty": 3}}, {"type": "Feature", "id": 511, "geometry": {"type": "Point", "coordinates": [-90.0074350001251, 35.0229029997737]}, "properties": {"FID": 511, "stop_id": "0:MILSHENF", "stop_name": "MILLBRANCH RD at SHELBY DR", "stop_desc": "st 320 (no 140)", "stop_lat": 35.022903, "stop_lon": -90.007435, "zone_id": " ", "location_t": 0, "parent_sta": "1:4304", "vehicle_ty": 3}}, {"type": "Feature", "id": 512, "geometry": {"type": "Point", "coordinates": [-90.049895000354, 35.1353299997797]}, "properties": {"FID": 512, "stop_id": "0:VANFOUWN", "stop_name": "VANCE AVENUE at 4TH STREET", "stop_desc": "st 792 (no 1204)", "stop_lat": 35.13533, "stop_lon": -90.049895, "zone_id": " ", "location_t": 0, "parent_sta": "1:408", "vehicle_ty": 3}}, {"type": "Feature", "id": 513, "geometry": {"type": "Point", "coordinates": [-90.05901299995, 35.064487000075]}, "properties": {"FID": 513, "stop_id": "0:THIEASNN", "stop_name": "3RD STREET at EASTMAN ROAD", "stop_desc": "st 5061", "stop_lat": 35.064487, "stop_lon": -90.059013, "zone_id": " ", "location_t": 0, "parent_sta": "1:THIEASNN", "vehicle_ty": 3}}, {"type": "Feature", "id": 514, "geometry": {"type": "Point", "coordinates": [-90.012609000405, 35.1524319997371]}, "properties": {"FID": 514, "stop_id": "0:WATNPANN", "stop_name": "WATKINS STREET at GALLOWAY AVENUE", "stop_desc": "st 3895", "stop_lat": 35.152432, "stop_lon": -90.012609, "zone_id": " ", "location_t": 0, "parent_sta": "1:WATNPANN", "vehicle_ty": 3}}, {"type": "Feature", "id": 515, "geometry": {"type": "Point", "coordinates": [-90.0076019997325, 35.0213649998949]}, "properties": {"FID": 515, "stop_id": "0:MILSHESN", "stop_name": "MILLBRANCH RD at SHELBY DR", "stop_desc": "st 5346 (no 140)", "stop_lat": 35.021365, "stop_lon": -90.007602, "zone_id": " ", "location_t": 0, "parent_sta": "1:4304", "vehicle_ty": 3}}, {"type": "Feature", "id": 516, "geometry": {"type": "Point", "coordinates": [-90.0502379999837, 35.1352050003106]}, "properties": {"FID": 516, "stop_id": "0:VANFOUEN", "stop_name": "VANCE AVENUE at 4TH STREET", "stop_desc": "st 2135 (no 1204)", "stop_lat": 35.135205, "stop_lon": -90.050238, "zone_id": " ", "location_t": 0, "parent_sta": "1:408", "vehicle_ty": 3}}, {"type": "Feature", "id": 517, "geometry": {"type": "Point", "coordinates": [-89.9446709997668, 35.149411999864]}, "properties": {"FID": 517, "stop_id": "0:SUMHIGEN", "stop_name": "SUMMER AVENUE at HIGHLAND STREET", "stop_desc": "st 4101 (no 1079)", "stop_lat": 35.149412, "stop_lon": -89.944671, "zone_id": " ", "location_t": 0, "parent_sta": "1:5310", "vehicle_ty": 3}}, {"type": "Feature", "id": 518, "geometry": {"type": "Point", "coordinates": [-89.9545050000057, 35.021092999942]}, "properties": {"FID": 518, "stop_id": "0:TCHSHENF", "stop_name": "TCHULAHOMA ROAD at SHELBY DRIVE", "stop_desc": "st 7082", "stop_lat": 35.021093, "stop_lon": -89.954505, "zone_id": " ", "location_t": 0, "parent_sta": "1:TCHSHENF", "vehicle_ty": 3}}, {"type": "Feature", "id": 519, "geometry": {"type": "Point", "coordinates": [-90.0128309998507, 35.1523159997836]}, "properties": {"FID": 519, "stop_id": "0:WATGALSN", "stop_name": "WATKINS STREET at GALLOWAY AVENUE", "stop_desc": "st 3869", "stop_lat": 35.152316, "stop_lon": -90.012831, "zone_id": " ", "location_t": 0, "parent_sta": "1:WATGALSN", "vehicle_ty": 3}}, {"type": "Feature", "id": 520, "geometry": {"type": "Point", "coordinates": [-89.945219999903, 35.1318159996088]}, "properties": {"FID": 520, "stop_id": "0:WALHI2NE", "stop_name": "WALNUT GROVE ROAD at HIGHLAND STREET", "stop_desc": "st 6943 (no 1176)", "stop_lat": 35.131816, "stop_lon": -89.94522, "zone_id": " ", "location_t": 0, "parent_sta": "1:3407", "vehicle_ty": 3}}, {"type": "Feature", "id": 521, "geometry": {"type": "Point", "coordinates": [-89.9590269998961, 35.1493460004177]}, "properties": {"FID": 521, "stop_id": "0:SUMBALEM", "stop_name": "SUMMER AVENUE at BALTIC STREET", "stop_desc": "st 4096 (no 1188)", "stop_lat": 35.149346, "stop_lon": -89.959027, "zone_id": " ", "location_t": 0, "parent_sta": "1:5313", "vehicle_ty": 3}}, {"type": "Feature", "id": 522, "geometry": {"type": "Point", "coordinates": [-90.007099999965, 35.0211469997343]}, "properties": {"FID": 522, "stop_id": "0:SHEMILWN", "stop_name": "SHELBY DR at MILLBRANCH RD", "stop_desc": "st 5387", "stop_lat": 35.021147, "stop_lon": -90.0071, "zone_id": " ", "location_t": 0, "parent_sta": "1:SHEMILWN", "vehicle_ty": 3}}, {"type": "Feature", "id": 523, "geometry": {"type": "Point", "coordinates": [-89.9973249997489, 35.0211089997806]}, "properties": {"FID": 523, "stop_id": "0:SHEBOEWF", "stop_name": "SHELBY DR at BOEINGSHIRE DR", "stop_desc": "st 5386", "stop_lat": 35.021109, "stop_lon": -89.997325, "zone_id": " ", "location_t": 0, "parent_sta": "1:SHEBOEWF", "vehicle_ty": 3}}, {"type": "Feature", "id": 524, "geometry": {"type": "Point", "coordinates": [-89.9910590003726, 35.0211319999419]}, "properties": {"FID": 524, "stop_id": "0:SHEAIRWF", "stop_name": "SHELBY  DR at AIRWAYS BLVD", "stop_desc": "st 5384", "stop_lat": 35.021132, "stop_lon": -89.991059, "zone_id": " ", "location_t": 0, "parent_sta": "1:SHEAIRWF", "vehicle_ty": 3}}, {"type": "Feature", "id": 525, "geometry": {"type": "Point", "coordinates": [-89.9897829999854, 35.0161440001455]}, "properties": {"FID": 525, "stop_id": "0:AIRJAMNF", "stop_name": "AIRWAYS BLVD at JAMIE DR", "stop_desc": "st 6669", "stop_lat": 35.016144, "stop_lon": -89.989783, "zone_id": " ", "location_t": 0, "parent_sta": "1:AIRJAMNF", "vehicle_ty": 3}}, {"type": "Feature", "id": 526, "geometry": {"type": "Point", "coordinates": [-89.989798999824, 35.0113090002102]}, "properties": {"FID": 526, "stop_id": "0:AIRMCKNN", "stop_name": "AIRWAYS BLVD at MCKELLAR WOODS", "stop_desc": "st 5382", "stop_lat": 35.011309, "stop_lon": -89.989799, "zone_id": " ", "location_t": 0, "parent_sta": "1:AIRMCKNN", "vehicle_ty": 3}}, {"type": "Feature", "id": 527, "geometry": {"type": "Point", "coordinates": [-89.9898149996625, 35.0067230000665]}, "properties": {"FID": 527, "stop_id": "0:AIRHOLNF", "stop_name": "AIRWAYS BLVD at HOLMES RD", "stop_desc": "st 5381", "stop_lat": 35.006723, "stop_lon": -89.989815, "zone_id": " ", "location_t": 0, "parent_sta": "1:AIRHOLNF", "vehicle_ty": 3}}, {"type": "Feature", "id": 528, "geometry": {"type": "Point", "coordinates": [-89.993881000108, 35.0063689999295]}, "properties": {"FID": 528, "stop_id": "0:HOLHOREN", "stop_name": "HOLMES RD at HORNSBY DR", "stop_desc": "st 5362", "stop_lat": 35.006369, "stop_lon": -89.993881, "zone_id": " ", "location_t": 0, "parent_sta": "1:HOLHOREN", "vehicle_ty": 3}}, {"type": "Feature", "id": 529, "geometry": {"type": "Point", "coordinates": [-89.9899729997541, 35.0138739997853]}, "properties": {"FID": 529, "stop_id": "0:AIRWILSN", "stop_name": "AIRWAYS BOULEVARD at WILSON ROAD", "stop_desc": "st 5351", "stop_lat": 35.013874, "stop_lon": -89.989973, "zone_id": " ", "location_t": 0, "parent_sta": "1:AIRWILSN", "vehicle_ty": 3}}, {"type": "Feature", "id": 530, "geometry": {"type": "Point", "coordinates": [-89.9899990000538, 35.0104769996139]}, "properties": {"FID": 530, "stop_id": "0:AIRMCKSF", "stop_name": "AIRWAYS BOULEVARD at MCKELLAR WOODS", "stop_desc": "st 5352", "stop_lat": 35.010477, "stop_lon": -89.989999, "zone_id": " ", "location_t": 0, "parent_sta": "1:AIRMCKSF", "vehicle_ty": 3}}, {"type": "Feature", "id": 531, "geometry": {"type": "Point", "coordinates": [-89.9936490002012, 35.006537999629]}, "properties": {"FID": 531, "stop_id": "0:HOLHORWN", "stop_name": "HOLMES ROAD at HORNSBY DRIVE", "stop_desc": "st 5354", "stop_lat": 35.006538, "stop_lon": -89.993649, "zone_id": " ", "location_t": 0, "parent_sta": "1:HOLHORWN", "vehicle_ty": 3}}, {"type": "Feature", "id": 532, "geometry": {"type": "Point", "coordinates": [-89.9909930000269, 35.0209709997119]}, "properties": {"FID": 532, "stop_id": "0:SHEAIREN", "stop_name": "SHELBY DRIVE at AIRWAYS BOULEVARD", "stop_desc": "st 5348", "stop_lat": 35.020971, "stop_lon": -89.990993, "zone_id": " ", "location_t": 0, "parent_sta": "1:SHEAIREN", "vehicle_ty": 3}}, {"type": "Feature", "id": 533, "geometry": {"type": "Point", "coordinates": [-89.9899440002154, 35.0203719999679]}, "properties": {"FID": 533, "stop_id": "0:AIRSHESF", "stop_name": "AIRWAYS BOULEVARD at SHELBY DRIVE", "stop_desc": "st 5349", "stop_lat": 35.020372, "stop_lon": -89.989944, "zone_id": " ", "location_t": 0, "parent_sta": "1:AIRSHESF", "vehicle_ty": 3}}, {"type": "Feature", "id": 534, "geometry": {"type": "Point", "coordinates": [-89.9899820001692, 35.0158849998929]}, "properties": {"FID": 534, "stop_id": "0:AIRJAMSN", "stop_name": "AIRWAYS BOULEVARD at JAMIE DRIVE", "stop_desc": "st 5350", "stop_lat": 35.015885, "stop_lon": -89.989982, "zone_id": " ", "location_t": 0, "parent_sta": "1:AIRJAMSN", "vehicle_ty": 3}}, {"type": "Feature", "id": 535, "geometry": {"type": "Point", "coordinates": [-90.0167180001355, 35.1333359995568]}, "properties": {"FID": 535, "stop_id": "0:CLEVANNN", "stop_name": "CLEVELAND STREET at VANCE AVENUE", "stop_desc": "st 6159", "stop_lat": 35.133336, "stop_lon": -90.016718, "zone_id": " ", "location_t": 0, "parent_sta": "1:CLEVANNN", "vehicle_ty": 3}}, {"type": "Feature", "id": 536, "geometry": {"type": "Point", "coordinates": [-90.016571999698, 35.1366959998206]}, "properties": {"FID": 536, "stop_id": "0:CLEUNINN", "stop_name": "CLEVELAND STREET at UNION AVENUE", "stop_desc": "st 6160", "stop_lat": 35.136696, "stop_lon": -90.016572, "zone_id": " ", "location_t": 0, "parent_sta": "1:CLEUNINN", "vehicle_ty": 3}}, {"type": "Feature", "id": 537, "geometry": {"type": "Point", "coordinates": [-89.9994159999484, 35.0064880000212]}, "properties": {"FID": 537, "stop_id": "0:HOLHUDWN", "stop_name": "HOLMES RD at HUDGINS RD", "stop_desc": "st 5364", "stop_lat": 35.006488, "stop_lon": -89.999416, "zone_id": " ", "location_t": 0, "parent_sta": "1:HOLHUDWN", "vehicle_ty": 3}}, {"type": "Feature", "id": 538, "geometry": {"type": "Point", "coordinates": [-89.9972479997953, 35.0209479995506]}, "properties": {"FID": 538, "stop_id": "0:SHEBOEEN", "stop_name": "SHELBY DRIVE at BOEINGSHIRE DRIVE", "stop_desc": "st 5347", "stop_lat": 35.020948, "stop_lon": -89.997248, "zone_id": " ", "location_t": 0, "parent_sta": "1:SHEBOEEN", "vehicle_ty": 3}}, {"type": "Feature", "id": 539, "geometry": {"type": "Point", "coordinates": [-90.0060219997155, 35.0065019997675]}, "properties": {"FID": 539, "stop_id": "0:HOLMILWM", "stop_name": "HOLMES ROAD at MILLBRANCH ROAD", "stop_desc": "st 5366", "stop_lat": 35.006502, "stop_lon": -90.006022, "zone_id": " ", "location_t": 0, "parent_sta": "1:HOLMILWM", "vehicle_ty": 3}}, {"type": "Feature", "id": 540, "geometry": {"type": "Point", "coordinates": [-90.0589479996504, 35.1341070000381]}, "properties": {"FID": 540, "stop_id": "0:MAIBUTIB", "stop_name": "MAIN STREET at BUTLER AVENUE", "stop_desc": "st 7255", "stop_lat": 35.134107, "stop_lon": -90.058948, "zone_id": " ", "location_t": 0, "parent_sta": "1:MAIBUTIB", "vehicle_ty": 3}}, {"type": "Feature", "id": 541, "geometry": {"type": "Point", "coordinates": [-90.0589810002729, 35.1341159995538]}, "properties": {"FID": 541, "stop_id": "0:MAIBUTOB", "stop_name": "MAIN STREET at BUTLER AVENUE", "stop_desc": "st 707", "stop_lat": 35.134116, "stop_lon": -90.058981, "zone_id": " ", "location_t": 0, "parent_sta": "1:MAIBUTOB", "vehicle_ty": 3}}, {"type": "Feature", "id": 542, "geometry": {"type": "Point", "coordinates": [-90.0367149995975, 35.1339150001772]}, "properties": {"FID": 542, "stop_id": "0:VANBOYEN", "stop_name": "VANCE AVENUE at BOYD STREET", "stop_desc": "st 778", "stop_lat": 35.133915, "stop_lon": -90.036715, "zone_id": " ", "location_t": 0, "parent_sta": "1:VANBOYEN", "vehicle_ty": 3}}, {"type": "Feature", "id": 543, "geometry": {"type": "Point", "coordinates": [-90.0199550001231, 35.0232569999106]}, "properties": {"FID": 543, "stop_id": "0:FARFARSN", "stop_name": "FARONIA ROAD at FARROW ROAD", "stop_desc": "st 5414", "stop_lat": 35.023257, "stop_lon": -90.019955, "zone_id": " ", "location_t": 0, "parent_sta": "1:FARFARSN", "vehicle_ty": 3}}, {"type": "Feature", "id": 544, "geometry": {"type": "Point", "coordinates": [-90.0217369995628, 35.0354039997948]}, "properties": {"FID": 544, "stop_id": "0:RAIBAREF", "stop_name": "RAINES ROAD at BARTON DRIVE", "stop_desc": "st 5405", "stop_lat": 35.035404, "stop_lon": -90.021737, "zone_id": " ", "location_t": 0, "parent_sta": "1:RAIBAREF", "vehicle_ty": 3}}, {"type": "Feature", "id": 545, "geometry": {"type": "Point", "coordinates": [-89.9260330000229, 35.1187650003046]}, "properties": {"FID": 545, "stop_id": "0:GOOGRASF", "stop_name": "GOODLETT STREET at GRANDVIEW AVENUE", "stop_desc": "st 7042", "stop_lat": 35.118765, "stop_lon": -89.926033, "zone_id": " ", "location_t": 0, "parent_sta": "1:GOOGRASF", "vehicle_ty": 3}}, {"type": "Feature", "id": 546, "geometry": {"type": "Point", "coordinates": [-89.9718769998236, 35.1240219999154]}, "properties": {"FID": 546, "stop_id": "0:CENMILEN", "stop_name": "CENTRAL AVENUE at MILTON AVENUE", "stop_desc": "st 3494", "stop_lat": 35.124022, "stop_lon": -89.971877, "zone_id": " ", "location_t": 0, "parent_sta": "1:CENMILEN", "vehicle_ty": 3}}, {"type": "Feature", "id": 547, "geometry": {"type": "Point", "coordinates": [-89.9917770002083, 35.1521700002453]}, "properties": {"FID": 547, "stop_id": "0:NPAUNIWN", "stop_name": "NORTH PARKWAY at UNIVERSITY STREET", "stop_desc": "st 3540", "stop_lat": 35.15217, "stop_lon": -89.991777, "zone_id": " ", "location_t": 0, "parent_sta": "1:NPAUNIWN", "vehicle_ty": 3}}, {"type": "Feature", "id": 548, "geometry": {"type": "Point", "coordinates": [-89.993648000155, 35.1523410000372]}, "properties": {"FID": 548, "stop_id": "0:NPAUNIWF", "stop_name": "NORTH PARKWAY at UNIVERSITY STREET", "stop_desc": "st 3541", "stop_lat": 35.152341, "stop_lon": -89.993648, "zone_id": " ", "location_t": 0, "parent_sta": "1:NPAUNIWF", "vehicle_ty": 3}}, {"type": "Feature", "id": 549, "geometry": {"type": "Point", "coordinates": [-89.9506110002974, 35.094804999751]}, "properties": {"FID": 549, "stop_id": "0:KIMRAIWN", "stop_name": "KIMBALL AVENUE at RAILTON ROAD", "stop_desc": "st 4161", "stop_lat": 35.094805, "stop_lon": -89.950611, "zone_id": " ", "location_t": 0, "parent_sta": "1:KIMRAIWN", "vehicle_ty": 3}}, {"type": "Feature", "id": 550, "geometry": {"type": "Point", "coordinates": [-89.952878999666, 35.094834000189]}, "properties": {"FID": 550, "stop_id": "0:KIMBROWN", "stop_name": "KIMBALL AVENUE at BROWER STREET", "stop_desc": "st 4162", "stop_lat": 35.094834, "stop_lon": -89.952879, "zone_id": " ", "location_t": 0, "parent_sta": "1:KIMBROWN", "vehicle_ty": 3}}, {"type": "Feature", "id": 551, "geometry": {"type": "Point", "coordinates": [-89.9551680000031, 35.0948809996585]}, "properties": {"FID": 551, "stop_id": "0:KIMGREWN", "stop_name": "KIMBALL AVENUE at GREER STREET", "stop_desc": "st 4163", "stop_lat": 35.094881, "stop_lon": -89.955168, "zone_id": " ", "location_t": 0, "parent_sta": "1:KIMGREWN", "vehicle_ty": 3}}, {"type": "Feature", "id": 552, "geometry": {"type": "Point", "coordinates": [-90.036181000153, 35.1156840003164]}, "properties": {"FID": 552, "stop_id": "0:MCLKRAWM", "stop_name": "MCLEMORE AVENUE at KRAYER STREET", "stop_desc": "st 4275", "stop_lat": 35.115684, "stop_lon": -90.036181, "zone_id": " ", "location_t": 0, "parent_sta": "1:MCLKRAWM", "vehicle_ty": 3}}, {"type": "Feature", "id": 553, "geometry": {"type": "Point", "coordinates": [-89.8962059996072, 35.0881509995691]}, "properties": {"FID": 553, "stop_id": "0:MTMHELSN", "stop_name": "MT MORIAH ROAD at HELENE ROAD", "stop_desc": "st 2829", "stop_lat": 35.088151, "stop_lon": -89.896206, "zone_id": " ", "location_t": 0, "parent_sta": "1:MTMHELSN", "vehicle_ty": 3}}, {"type": "Feature", "id": 554, "geometry": {"type": "Point", "coordinates": [-89.8890889996576, 35.0808469999891]}, "properties": {"FID": 554, "stop_id": "0:MTMAMESN", "stop_name": "MT MORIAH ROAD at AMERICAN WAY", "stop_desc": "st 2831", "stop_lat": 35.080847, "stop_lon": -89.889089, "zone_id": " ", "location_t": 0, "parent_sta": "1:MTMAMESN", "vehicle_ty": 3}}, {"type": "Feature", "id": 555, "geometry": {"type": "Point", "coordinates": [-89.8848680001581, 35.074798999874]}, "properties": {"FID": 555, "stop_id": "0:MENFOXSN", "stop_name": "MENDENHALL ROAD at FOX PLAZA DRIVE", "stop_desc": "st 2693", "stop_lat": 35.074799, "stop_lon": -89.884868, "zone_id": " ", "location_t": 0, "parent_sta": "1:MENFOXSN", "vehicle_ty": 3}}, {"type": "Feature", "id": 556, "geometry": {"type": "Point", "coordinates": [-89.8854380003634, 35.0722619997915]}, "properties": {"FID": 556, "stop_id": "0:MENCOTSM", "stop_name": "MENDENHALL ROAD at COTTONWOOD ROAD", "stop_desc": "st 2694", "stop_lat": 35.072262, "stop_lon": -89.885438, "zone_id": " ", "location_t": 0, "parent_sta": "1:MENCOTSM", "vehicle_ty": 3}}, {"type": "Feature", "id": 557, "geometry": {"type": "Point", "coordinates": [-89.8606080001591, 35.1629690000194]}, "properties": {"FID": 557, "stop_id": "0:MACSYCWF", "stop_name": "MACON ROAD at SYCAMORE VIEW ROAD", "stop_desc": "st 4035", "stop_lat": 35.162969, "stop_lon": -89.860608, "zone_id": " ", "location_t": 0, "parent_sta": "1:MACSYCWF", "vehicle_ty": 3}}, {"type": "Feature", "id": 558, "geometry": {"type": "Point", "coordinates": [-90.0480760001073, 35.1498250000238]}, "properties": {"FID": 558, "stop_id": "0:THIEXCNM", "stop_name": "3RD STREET at EXCHANGE AVENUE", "stop_desc": "st 642", "stop_lat": 35.149825, "stop_lon": -90.048076, "zone_id": " ", "location_t": 0, "parent_sta": "1:THIEXCNM", "vehicle_ty": 3}}, {"type": "Feature", "id": 559, "geometry": {"type": "Point", "coordinates": [-90.0458720000927, 35.1553300002793]}, "properties": {"FID": 559, "stop_id": "0:THINPANN", "stop_name": "3RD STREET at NORTH PARKWAY", "stop_desc": "st 646", "stop_lat": 35.15533, "stop_lon": -90.045872, "zone_id": " ", "location_t": 0, "parent_sta": "1:THINPANN", "vehicle_ty": 3}}, {"type": "Feature", "id": 560, "geometry": {"type": "Point", "coordinates": [-90.0454070002328, 35.1564909998598]}, "properties": {"FID": 560, "stop_id": "0:AUCTHIWN", "stop_name": "AUCTION AVENUE at 3RD STREET", "stop_desc": "st 815", "stop_lat": 35.156491, "stop_lon": -90.045407, "zone_id": " ", "location_t": 0, "parent_sta": "1:AUCTHIWN", "vehicle_ty": 3}}, {"type": "Feature", "id": 561, "geometry": {"type": "Point", "coordinates": [-90.048285999899, 35.1533190001718]}, "properties": {"FID": 561, "stop_id": "0:SECWINSM", "stop_name": "2ND STREET at WINCHESTER AVENUE", "stop_desc": "st 614", "stop_lat": 35.153319, "stop_lon": -90.048286, "zone_id": " ", "location_t": 0, "parent_sta": "1:SECWINSM", "vehicle_ty": 3}}, {"type": "Feature", "id": 562, "geometry": {"type": "Point", "coordinates": [-89.961415000302, 35.1438879996315]}, "properties": {"FID": 562, "stop_id": "0:TILNATSN", "stop_name": "TILLMAN STREET at NATHAN AVENUE", "stop_desc": "st 7250", "stop_lat": 35.143888, "stop_lon": -89.961415, "zone_id": " ", "location_t": 0, "parent_sta": "1:TILNATSN", "vehicle_ty": 3}}, {"type": "Feature", "id": 563, "geometry": {"type": "Point", "coordinates": [-90.0565359999364, 35.13418700013]}, "properties": {"FID": 563, "stop_id": "0:SECBULSN", "stop_name": "2ND STREET at BULTER AVENUE", "stop_desc": "st 624", "stop_lat": 35.134187, "stop_lon": -90.056536, "zone_id": " ", "location_t": 0, "parent_sta": "1:SECBULSN", "vehicle_ty": 3}}, {"type": "Feature", "id": 564, "geometry": {"type": "Point", "coordinates": [-90.0471879996264, 35.1228360000814]}, "properties": {"FID": 564, "stop_id": "0:WELWILSN", "stop_name": "WELLINGTON STREET at WILLIAMS AVENUE", "stop_desc": "st 4348", "stop_lat": 35.122836, "stop_lon": -90.047188, "zone_id": " ", "location_t": 0, "parent_sta": "1:WELWILSN", "vehicle_ty": 3}}, {"type": "Feature", "id": 565, "geometry": {"type": "Point", "coordinates": [-90.0472099997417, 35.1220760001074]}, "properties": {"FID": 565, "stop_id": "0:WELMCESN", "stop_name": "WELLINGTON STREET at MCEWEN PLACE", "stop_desc": "st 4349", "stop_lat": 35.122076, "stop_lon": -90.04721, "zone_id": " ", "location_t": 0, "parent_sta": "1:WELMCESN", "vehicle_ty": 3}}, {"type": "Feature", "id": 566, "geometry": {"type": "Point", "coordinates": [-89.8413840003713, 35.0985220002901]}, "properties": {"FID": 566, "stop_id": "0:POPKIREM", "stop_name": "POPLAR AVENUE at KIRBY PARKWAY", "stop_desc": "st 1964", "stop_lat": 35.098522, "stop_lon": -89.841384, "zone_id": " ", "location_t": 0, "parent_sta": "1:POPKIREM", "vehicle_ty": 3}}, {"type": "Feature", "id": 567, "geometry": {"type": "Point", "coordinates": [-90.0197990001237, 35.1442399996763]}, "properties": {"FID": 567, "stop_id": "0:POPMONEN", "stop_name": "POPLAR AVENUE at MONTGOMERY STREET", "stop_desc": "st 1887", "stop_lat": 35.14424, "stop_lon": -90.019799, "zone_id": " ", "location_t": 0, "parent_sta": "1:POPMONEN", "vehicle_ty": 3}}, {"type": "Feature", "id": 568, "geometry": {"type": "Point", "coordinates": [-90.0965349999902, 35.0518469999391]}, "properties": {"FID": 568, "stop_id": "0:WEAWALNN", "stop_name": "WEAVER ROAD at WALK ROAD", "stop_desc": "st 5865", "stop_lat": 35.051847, "stop_lon": -90.096535, "zone_id": " ", "location_t": 0, "parent_sta": "1:WEAWALNN", "vehicle_ty": 3}}, {"type": "Feature", "id": 569, "geometry": {"type": "Point", "coordinates": [-89.8914380000636, 35.1551079999343]}, "properties": {"FID": 569, "stop_id": "0:WHIBAREF", "stop_name": "WHITE STATION ROAD at BARTLETT ROAD", "stop_desc": "st 3112", "stop_lat": 35.155108, "stop_lon": -89.891438, "zone_id": " ", "location_t": 0, "parent_sta": "1:WHIBAREF", "vehicle_ty": 3}}, {"type": "Feature", "id": 570, "geometry": {"type": "Point", "coordinates": [-90.0120410002919, 35.1581059996922]}, "properties": {"FID": 570, "stop_id": "0:JACWATEN", "stop_name": "JACKSON AVENUE at WATKINS STREET", "stop_desc": "st 294 (no 48)", "stop_lat": 35.158106, "stop_lon": -90.012041, "zone_id": " ", "location_t": 0, "parent_sta": "1:105", "vehicle_ty": 3}}, {"type": "Feature", "id": 571, "geometry": {"type": "Point", "coordinates": [-90.0082960002601, 35.1755569995559]}, "properties": {"FID": 571, "stop_id": "0:WATKLOUI", "stop_name": "WATKINS STREET at LOUISVILLE AVENUE", "stop_desc": "st 6857 (no 1151)", "stop_lat": 35.175557, "stop_lon": -90.008296, "zone_id": " ", "location_t": 0, "parent_sta": "1:1012", "vehicle_ty": 3}}, {"type": "Feature", "id": 572, "geometry": {"type": "Point", "coordinates": [-89.9453149997874, 35.1281670004068]}, "properties": {"FID": 572, "stop_id": "0:HIGPOPSN", "stop_name": "HIGHLAND STREET at POPLAR AVENUE", "stop_desc": "st 3223", "stop_lat": 35.128167, "stop_lon": -89.945315, "zone_id": " ", "location_t": 0, "parent_sta": "1:HIGPOPSN", "vehicle_ty": 3}}, {"type": "Feature", "id": 573, "geometry": {"type": "Point", "coordinates": [-89.9454050003404, 35.126580000067]}, "properties": {"FID": 573, "stop_id": "0:HIGWINSN", "stop_name": "HIGHLAND STREET at WINDOVER ROAD", "stop_desc": "st 3224", "stop_lat": 35.12658, "stop_lon": -89.945405, "zone_id": " ", "location_t": 0, "parent_sta": "1:HIGWINSN", "vehicle_ty": 3}}, {"type": "Feature", "id": 574, "geometry": {"type": "Point", "coordinates": [-89.9456689999244, 35.1208419998584]}, "properties": {"FID": 574, "stop_id": "0:HIGWATSM", "stop_name": "HIGHLAND STREET at WATUGA AVENUE", "stop_desc": "st 3226", "stop_lat": 35.120842, "stop_lon": -89.945669, "zone_id": " ", "location_t": 0, "parent_sta": "1:HIGWATSM", "vehicle_ty": 3}}, {"type": "Feature", "id": 575, "geometry": {"type": "Point", "coordinates": [-89.9457269999011, 35.1193949996796]}, "properties": {"FID": 575, "stop_id": "0:HIGMIDSN", "stop_name": "HIGHLAND STREET at MIDLAND AVENUE", "stop_desc": "st 3227", "stop_lat": 35.119395, "stop_lon": -89.945727, "zone_id": " ", "location_t": 0, "parent_sta": "1:HIGMIDSN", "vehicle_ty": 3}}, {"type": "Feature", "id": 576, "geometry": {"type": "Point", "coordinates": [-89.9458409997623, 35.1158119999239]}, "properties": {"FID": 576, "stop_id": "0:HIGSOUSN", "stop_name": "HIGHLAND STREET at SOUTHERN AVENUE", "stop_desc": "st 3228", "stop_lat": 35.115812, "stop_lon": -89.945841, "zone_id": " ", "location_t": 0, "parent_sta": "1:HIGSOUSN", "vehicle_ty": 3}}, {"type": "Feature", "id": 577, "geometry": {"type": "Point", "coordinates": [-89.8963010003908, 35.1832829997107]}, "properties": {"FID": 577, "stop_id": "0:COVCOVNF", "stop_name": "COVINGTON PIKE at COVINGTON WAY", "stop_desc": "st 1120", "stop_lat": 35.183283, "stop_lon": -89.896301, "zone_id": " ", "location_t": 0, "parent_sta": "1:COVCOVNF", "vehicle_ty": 3}}, {"type": "Feature", "id": 578, "geometry": {"type": "Point", "coordinates": [-90.0731010003109, 35.1021310003454]}, "properties": {"FID": 578, "stop_id": "0:PERSWIWN", "stop_name": "PERSON AVENUE at SWIFT STREET", "stop_desc": "st 7060", "stop_lat": 35.102131, "stop_lon": -90.073101, "zone_id": " ", "location_t": 0, "parent_sta": "1:PERSWIWN", "vehicle_ty": 3}}, {"type": "Feature", "id": 579, "geometry": {"type": "Point", "coordinates": [-90.0731150000572, 35.1038650002696]}, "properties": {"FID": 579, "stop_id": "0:SWIFIENF", "stop_name": "SWIFT STREET at FIELDS AVENUE", "stop_desc": "st 2268", "stop_lat": 35.103865, "stop_lon": -90.073115, "zone_id": " ", "location_t": 0, "parent_sta": "1:SWIFIENF", "vehicle_ty": 3}}, {"type": "Feature", "id": 580, "geometry": {"type": "Point", "coordinates": [-90.0730240003573, 35.1068409999123]}, "properties": {"FID": 580, "stop_id": "0:SWIEDSNN", "stop_name": "SWIFT STREET at EDSEL AVENUE", "stop_desc": "st 2270", "stop_lat": 35.106841, "stop_lon": -90.073024, "zone_id": " ", "location_t": 0, "parent_sta": "1:SWIEDSNN", "vehicle_ty": 3}}, {"type": "Feature", "id": 581, "geometry": {"type": "Point", "coordinates": [-90.0360110004073, 35.1747370004123]}, "properties": {"FID": 581, "stop_id": "0:DANFIRSF", "stop_name": "DANNY THOMAS BOULEVARD at FIRESTONE AVE", "stop_desc": "st 680", "stop_lat": 35.174737, "stop_lon": -90.036011, "zone_id": " ", "location_t": 0, "parent_sta": "1:DANFIRSF", "vehicle_ty": 3}}, {"type": "Feature", "id": 582, "geometry": {"type": "Point", "coordinates": [-89.8663349998603, 35.0206609998053]}, "properties": {"FID": 582, "stop_id": "0:HICSHESN", "stop_name": "HICKORY HILL ROAD at SHELBY DRIVE", "stop_desc": "st 6358", "stop_lat": 35.020661, "stop_lon": -89.866335, "zone_id": " ", "location_t": 0, "parent_sta": "1:HICSHESN", "vehicle_ty": 3}}, {"type": "Feature", "id": 583, "geometry": {"type": "Point", "coordinates": [-89.8908819996046, 35.1850530003957]}, "properties": {"FID": 583, "stop_id": "0:ELMSPIEN", "stop_name": "ELMORE ROAD at SPICER COVE", "stop_desc": "st 7065", "stop_lat": 35.185053, "stop_lon": -89.890882, "zone_id": " ", "location_t": 0, "parent_sta": "1:ELMSPIEN", "vehicle_ty": 3}}, {"type": "Feature", "id": 584, "geometry": {"type": "Point", "coordinates": [-89.9989079999042, 35.0782919999759]}, "properties": {"FID": 584, "stop_id": "0:ALCLAPEN", "stop_name": "ALCY ROAD at LAPALOMA STREET", "stop_desc": "st 4695 (no 1070)", "stop_lat": 35.078292, "stop_lon": -89.998908, "zone_id": " ", "location_t": 0, "parent_sta": "1:4695", "vehicle_ty": 3}}, {"type": "Feature", "id": 585, "geometry": {"type": "Point", "coordinates": [-90.0346349999053, 35.0860390001998]}, "properties": {"FID": 585, "stop_id": "0:MALBENEN", "stop_name": "MALLORY AVENUE at BENTON STREET", "stop_desc": "st 6127 (no 1075)", "stop_lat": 35.086039, "stop_lon": -90.034635, "zone_id": " ", "location_t": 0, "parent_sta": "1:6114", "vehicle_ty": 3}}, {"type": "Feature", "id": 586, "geometry": {"type": "Point", "coordinates": [-90.0631019996575, 35.0868309998508]}, "properties": {"FID": 586, "stop_id": "0:FLOMALSN", "stop_name": "FLORIDA STREET at MALLORY AVENUE", "stop_desc": "st 376 (no 168)", "stop_lat": 35.086831, "stop_lon": -90.063102, "zone_id": " ", "location_t": 0, "parent_sta": "1:1200", "vehicle_ty": 3}}, {"type": "Feature", "id": 587, "geometry": {"type": "Point", "coordinates": [-90.0608740003348, 35.1326500002973]}, "properties": {"FID": 587, "stop_id": "0:FROGEPSF", "stop_name": "FRONT STREET at G E PATTERSON AVENUE", "stop_desc": "st 151 (no 1072)", "stop_lat": 35.13265, "stop_lon": -90.060874, "zone_id": " ", "location_t": 0, "parent_sta": "1:151", "vehicle_ty": 3}}, {"type": "Feature", "id": 588, "geometry": {"type": "Point", "coordinates": [-90.0322620001911, 35.2108480001352]}, "properties": {"FID": 588, "stop_id": "0:THOGILNF", "stop_name": "THOMAS STREET at GILLILAND AVENUE", "stop_desc": "st 1366", "stop_lat": 35.210848, "stop_lon": -90.032262, "zone_id": " ", "location_t": 0, "parent_sta": "1:THOGILNF", "vehicle_ty": 3}}, {"type": "Feature", "id": 589, "geometry": {"type": "Point", "coordinates": [-90.0317289998934, 35.213207000103]}, "properties": {"FID": 589, "stop_id": "0:THOCINNM", "stop_name": "THOMAS STREET at CINDY LANE", "stop_desc": "st 1285", "stop_lat": 35.213207, "stop_lon": -90.031729, "zone_id": " ", "location_t": 0, "parent_sta": "1:THOCINNM", "vehicle_ty": 3}}, {"type": "Feature", "id": 590, "geometry": {"type": "Point", "coordinates": [-90.0300319998769, 35.2167000002049]}, "properties": {"FID": 590, "stop_id": "0:FRATHOEF", "stop_name": "FRAYSER BOULEVARD at THOMAS STREET", "stop_desc": "st 6870", "stop_lat": 35.2167, "stop_lon": -90.030032, "zone_id": " ", "location_t": 0, "parent_sta": "1:FRATHOEF", "vehicle_ty": 3}}, {"type": "Feature", "id": 591, "geometry": {"type": "Point", "coordinates": [-90.0288799998121, 35.2165210000442]}, "properties": {"FID": 591, "stop_id": "0:FRAMILEN", "stop_name": "FRAYSER BOULEVARD at MILLINGTON ROAD", "stop_desc": "st 6871", "stop_lat": 35.216521, "stop_lon": -90.02888, "zone_id": " ", "location_t": 0, "parent_sta": "1:FRAMILEN", "vehicle_ty": 3}}, {"type": "Feature", "id": 592, "geometry": {"type": "Point", "coordinates": [-89.7926100003512, 35.1851490003261]}, "properties": {"FID": 592, "stop_id": "0:GERBELNN", "stop_name": "GERMANTOWN PARKWAY at BELLEVUE BOULEVARD", "stop_desc": "st 952", "stop_lat": 35.185149, "stop_lon": -89.79261, "zone_id": " ", "location_t": 0, "parent_sta": "1:GERBELNN", "vehicle_ty": 3}}, {"type": "Feature", "id": 593, "geometry": {"type": "Point", "coordinates": [-90.0336700003702, 35.1386330001129]}, "properties": {"FID": 593, "stop_id": "0:UNIDUNWN", "stop_name": "UNION AVENUE at DUNLAP STREET", "stop_desc": "st 3017", "stop_lat": 35.138633, "stop_lon": -90.03367, "zone_id": " ", "location_t": 0, "parent_sta": "1:UNIDUNWN", "vehicle_ty": 3}}, {"type": "Feature", "id": 594, "geometry": {"type": "Point", "coordinates": [-90.0255079998942, 35.0208359997816]}, "properties": {"FID": 594, "stop_id": "0:SHEELVEN", "stop_name": "SHELBY DRIVE at ELVIS PRESLEY BOULEVARD", "stop_desc": "st 5563", "stop_lat": 35.020836, "stop_lon": -90.025508, "zone_id": " ", "location_t": 0, "parent_sta": "1:SHEELVEN", "vehicle_ty": 3}}, {"type": "Feature", "id": 595, "geometry": {"type": "Point", "coordinates": [-89.9312129996802, 35.0501780003145]}, "properties": {"FID": 595, "stop_id": "0:AIRREGNN", "stop_name": "AIR PARK STREET at REGAL BOULEVARD", "stop_desc": "st 2608", "stop_lat": 35.050178, "stop_lon": -89.931213, "zone_id": " ", "location_t": 0, "parent_sta": "1:AIRREGNN", "vehicle_ty": 3}}, {"type": "Feature", "id": 596, "geometry": {"type": "Point", "coordinates": [-90.0438739996853, 35.106685999959]}, "properties": {"FID": 596, "stop_id": "0:LAUSPANN", "stop_name": "LAUDERDALE STREET at SOUTH PARKWAY", "stop_desc": "st 4803", "stop_lat": 35.106686, "stop_lon": -90.043874, "zone_id": " ", "location_t": 0, "parent_sta": "1:LAUSPANN", "vehicle_ty": 3}}, {"type": "Feature", "id": 597, "geometry": {"type": "Point", "coordinates": [-90.0416060003166, 35.1071590001878]}, "properties": {"FID": 597, "stop_id": "0:SPAMILEN", "stop_name": "SOUTH PARKWAY EAST at MILLER STREET", "stop_desc": "st 2283", "stop_lat": 35.107159, "stop_lon": -90.041606, "zone_id": " ", "location_t": 0, "parent_sta": "1:SPAMILEN", "vehicle_ty": 3}}, {"type": "Feature", "id": 598, "geometry": {"type": "Point", "coordinates": [-90.0389510001885, 35.1071139999112]}, "properties": {"FID": 598, "stop_id": "0:SPAWEBEM", "stop_name": "SOUTH PARKWAY EAST at WEBB STREET", "stop_desc": "st 2284", "stop_lat": 35.107114, "stop_lon": -90.038951, "zone_id": " ", "location_t": 0, "parent_sta": "1:SPAWEBEM", "vehicle_ty": 3}}, {"type": "Feature", "id": 599, "geometry": {"type": "Point", "coordinates": [-90.0369590000578, 35.1066669999821]}, "properties": {"FID": 599, "stop_id": "0:MARWALSM", "stop_name": "MARJORIE STREET at WALDORF AVENUE", "stop_desc": "st 4737", "stop_lat": 35.106667, "stop_lon": -90.036959, "zone_id": " ", "location_t": 0, "parent_sta": "1:MARWALSM", "vehicle_ty": 3}}, {"type": "Feature", "id": 600, "geometry": {"type": "Point", "coordinates": [-90.0374799998021, 35.1056839996169]}, "properties": {"FID": 600, "stop_id": "0:MARWALSN", "stop_name": "MARJORIE STREET at WALDORF AVENUE", "stop_desc": "st 4738", "stop_lat": 35.105684, "stop_lon": -90.03748, "zone_id": " ", "location_t": 0, "parent_sta": "1:MARWALSN", "vehicle_ty": 3}}, {"type": "Feature", "id": 601, "geometry": {"type": "Point", "coordinates": [-90.0361969999915, 35.1039590001078]}, "properties": {"FID": 601, "stop_id": "0:MARLELSM", "stop_name": "MARJORIE STREET at LELAND STREET", "stop_desc": "st 4740", "stop_lat": 35.103959, "stop_lon": -90.036197, "zone_id": " ", "location_t": 0, "parent_sta": "1:MARLELSM", "vehicle_ty": 3}}, {"type": "Feature", "id": 602, "geometry": {"type": "Point", "coordinates": [-90.0411279998573, 35.1420759997077]}, "properties": {"FID": 602, "stop_id": "0:MADIJEFF", "stop_name": "MADISON AVENUE at NEELY STREET", "stop_desc": "st 6850", "stop_lat": 35.142076, "stop_lon": -90.041128, "zone_id": " ", "location_t": 0, "parent_sta": "1:MADIJEFF", "vehicle_ty": 3}}, {"type": "Feature", "id": 603, "geometry": {"type": "Point", "coordinates": [-90.0423889995527, 35.1426029997287]}, "properties": {"FID": 603, "stop_id": "0:DTHTROWB", "stop_name": "MADISON AVENUE at DANNY THOMAS BOULEVARD", "stop_desc": "st 768", "stop_lat": 35.142603, "stop_lon": -90.042389, "zone_id": " ", "location_t": 0, "parent_sta": "1:DTHTROWB", "vehicle_ty": 3}}, {"type": "Feature", "id": 604, "geometry": {"type": "Point", "coordinates": [-90.0490629997576, 35.1442310001606]}, "properties": {"FID": 604, "stop_id": "0:THITROWB", "stop_name": "MADISON AVENUE at 3RD STREET", "stop_desc": "st 6504", "stop_lat": 35.144231, "stop_lon": -90.049063, "zone_id": " ", "location_t": 0, "parent_sta": "1:THITROWB", "vehicle_ty": 3}}, {"type": "Feature", "id": 605, "geometry": {"type": "Point", "coordinates": [-90.0520619995616, 35.1472520000798]}, "properties": {"FID": 605, "stop_id": "0:JEFFERNN", "stop_name": "JEFFERSON AVENUE at MAIN STREET", "stop_desc": "st 6505", "stop_lat": 35.147252, "stop_lon": -90.052062, "zone_id": " ", "location_t": 0, "parent_sta": "1:JEFFERNN", "vehicle_ty": 3}}, {"type": "Feature", "id": 606, "geometry": {"type": "Point", "coordinates": [-89.9068939996583, 35.0966739996055]}, "properties": {"FID": 606, "stop_id": "0:PERFLASN", "stop_name": "PERKINS ROAD at FLAMINGO ROAD", "stop_desc": "st 3132", "stop_lat": 35.096674, "stop_lon": -89.906894, "zone_id": " ", "location_t": 0, "parent_sta": "1:PERFLASN", "vehicle_ty": 3}}, {"type": "Feature", "id": 607, "geometry": {"type": "Point", "coordinates": [-89.9055489996866, 35.0634439996409]}, "properties": {"FID": 607, "stop_id": "0:PERKNINF", "stop_name": "PERKINS ROAD at KNIGHT ARNOLD ROAD", "stop_desc": "st 6642", "stop_lat": 35.063444, "stop_lon": -89.905549, "zone_id": " ", "location_t": 0, "parent_sta": "1:PERKNINF", "vehicle_ty": 3}}, {"type": "Feature", "id": 608, "geometry": {"type": "Point", "coordinates": [-89.7818180000007, 35.2044880000212]}, "properties": {"FID": 608, "stop_id": "0:STAWALWN", "stop_name": "STAGE ROAD at WALMART DRIVE", "stop_desc": "st 964", "stop_lat": 35.204488, "stop_lon": -89.781818, "zone_id": " ", "location_t": 0, "parent_sta": "1:STAWALWN", "vehicle_ty": 3}}, {"type": "Feature", "id": 609, "geometry": {"type": "Point", "coordinates": [-89.7843099998066, 35.2045379996291]}, "properties": {"FID": 609, "stop_id": "0:STAKATWN", "stop_name": "STAGE ROAD at KATE HYDE BOULEVARD", "stop_desc": "st 965", "stop_lat": 35.204538, "stop_lon": -89.78431, "zone_id": " ", "location_t": 0, "parent_sta": "1:STAKATWN", "vehicle_ty": 3}}, {"type": "Feature", "id": 610, "geometry": {"type": "Point", "coordinates": [-89.788375000206, 35.204575000436]}, "properties": {"FID": 610, "stop_id": "0:STAGERWM", "stop_name": "STAGE ROAD at GERMANTOWN PARKWAY", "stop_desc": "st 966", "stop_lat": 35.204575, "stop_lon": -89.788375, "zone_id": " ", "location_t": 0, "parent_sta": "1:STAGERWM", "vehicle_ty": 3}}, {"type": "Feature", "id": 611, "geometry": {"type": "Point", "coordinates": [-89.7927200000279, 35.1914579998868]}, "properties": {"FID": 611, "stop_id": "0:GERROCSF", "stop_name": "GERMANTOWN PARKWAY at ROCKCREEK PARKWAY", "stop_desc": "st 901", "stop_lat": 35.191458, "stop_lon": -89.79272, "zone_id": " ", "location_t": 0, "parent_sta": "1:GERROCSF", "vehicle_ty": 3}}, {"type": "Feature", "id": 612, "geometry": {"type": "Point", "coordinates": [-90.0506049998208, 35.1288959998506]}, "properties": {"FID": 612, "stop_id": "0:FOUGEOSF", "stop_name": "4TH STREET at GEORGIA AVENUE", "stop_desc": "st 15 (no 1088)", "stop_lat": 35.128896, "stop_lon": -90.050605, "zone_id": " ", "location_t": 0, "parent_sta": "1:15", "vehicle_ty": 3}}, {"type": "Feature", "id": 613, "geometry": {"type": "Point", "coordinates": [-90.0607190003815, 35.1327310004354]}, "properties": {"FID": 613, "stop_id": "0:FROGEPNN", "stop_name": "CENTRAL STATION", "stop_desc": "st 24 (no 14)", "stop_lat": 35.132731, "stop_lon": -90.060719, "zone_id": " ", "location_t": 0, "parent_sta": "1:4", "vehicle_ty": 3}}, {"type": "Feature", "id": 614, "geometry": {"type": "Point", "coordinates": [-90.0622600003987, 35.1082530002758]}, "properties": {"FID": 614, "stop_id": "0:FLOSPANF", "stop_name": "FLORIDA STREET at SOUTH PARKWAY EAST", "stop_desc": "st 4981 (no 1073)", "stop_lat": 35.108253, "stop_lon": -90.06226, "zone_id": " ", "location_t": 0, "parent_sta": "1:4872", "vehicle_ty": 3}}, {"type": "Feature", "id": 615, "geometry": {"type": "Point", "coordinates": [-90.0629030003731, 35.0868400002659]}, "properties": {"FID": 615, "stop_id": "0:FLOMALNF", "stop_name": "FLORIDA STREET at MALLORY AVENUE", "stop_desc": "st 389 (no 168)", "stop_lat": 35.08684, "stop_lon": -90.062903, "zone_id": " ", "location_t": 0, "parent_sta": "1:1200", "vehicle_ty": 3}}, {"type": "Feature", "id": 616, "geometry": {"type": "Point", "coordinates": [-90.0343140003908, 35.0861910000147]}, "properties": {"FID": 616, "stop_id": "0:MALBENWF", "stop_name": "MALLORY AVENUE at BENTON STREET", "stop_desc": "st 6114 (no 1075)", "stop_lat": 35.086191, "stop_lon": -90.034314, "zone_id": " ", "location_t": 0, "parent_sta": "1:6114", "vehicle_ty": 3}}, {"type": "Feature", "id": 617, "geometry": {"type": "Point", "coordinates": [-89.9860569999306, 35.0786239999977]}, "properties": {"FID": 617, "stop_id": "0:KETALCWM", "stop_name": "ALCY ROAD at KETCHUM ROAD", "stop_desc": "st 4702 (no 987)", "stop_lat": 35.078624, "stop_lon": -89.986057, "zone_id": " ", "location_t": 0, "parent_sta": "1:4702", "vehicle_ty": 3}}, {"type": "Feature", "id": 618, "geometry": {"type": "Point", "coordinates": [-90.0746220003051, 35.0064199995834]}, "properties": {"FID": 618, "stop_id": "0:JONHOLNF", "stop_name": "JONETTA STREET at HOLMES ROAD", "stop_desc": "st 4921 (no 1132)", "stop_lat": 35.00642, "stop_lon": -90.074622, "zone_id": " ", "location_t": 0, "parent_sta": "1:7018", "vehicle_ty": 3}}, {"type": "Feature", "id": 619, "geometry": {"type": "Point", "coordinates": [-90.0694730002787, 35.0482220000453]}, "properties": {"FID": 619, "stop_id": "0:HORFAISN", "stop_name": "HORN LAKE ROAD at FAIRWAY AVENUE", "stop_desc": "st 4898 (no 1133)", "stop_lat": 35.048222, "stop_lon": -90.069473, "zone_id": " ", "location_t": 0, "parent_sta": "1:4898", "vehicle_ty": 3}}, {"type": "Feature", "id": 620, "geometry": {"type": "Point", "coordinates": [-90.0553029997336, 35.1153940004328]}, "properties": {"FID": 620, "stop_id": "0:THIMCLSF", "stop_name": "3RD STREET at MCLEMORE AVENUE", "stop_desc": "st 4986 (no 72)", "stop_lat": 35.115394, "stop_lon": -90.055303, "zone_id": " ", "location_t": 0, "parent_sta": "1:1503", "vehicle_ty": 3}}, {"type": "Feature", "id": 621, "geometry": {"type": "Point", "coordinates": [-89.9092640001335, 35.1166069997133]}, "properties": {"FID": 621, "stop_id": "0:PERPOPSN", "stop_name": "PERKINS EXT at POPLAR AVENUE", "stop_desc": "st 3127 (no 98)", "stop_lat": 35.116607, "stop_lon": -89.909264, "zone_id": " ", "location_t": 0, "parent_sta": "1:5503", "vehicle_ty": 3}}, {"type": "Feature", "id": 622, "geometry": {"type": "Point", "coordinates": [-89.9569430000194, 35.0687770000586]}, "properties": {"FID": 622, "stop_id": "0:DEMTC1EM", "stop_name": "DEMOCRAT ROAD at TCHULAHOMA ROAD", "stop_desc": "st 2776", "stop_lat": 35.068777, "stop_lon": -89.956943, "zone_id": " ", "location_t": 0, "parent_sta": "1:DEMTC1EM", "vehicle_ty": 3}}, {"type": "Feature", "id": 623, "geometry": {"type": "Point", "coordinates": [-89.9759079995545, 35.1581540001071]}, "properties": {"FID": 623, "stop_id": "0:HOLJACNF", "stop_name": "HOLLYWOOD STREET at JACKSON AVENUE", "stop_desc": "st 6522", "stop_lat": 35.158154, "stop_lon": -89.975908, "zone_id": " ", "location_t": 0, "parent_sta": "1:HOLJACNF", "vehicle_ty": 3}}, {"type": "Feature", "id": 624, "geometry": {"type": "Point", "coordinates": [-90.0047959998355, 35.1642149999224]}, "properties": {"FID": 624, "stop_id": "0:VOLAVAWF", "stop_name": "VOLLINTINE AVENUE at NORTH AVALON STREET", "stop_desc": "st 4550", "stop_lat": 35.164215, "stop_lon": -90.004796, "zone_id": " ", "location_t": 0, "parent_sta": "1:VOLAVAWF", "vehicle_ty": 3}}, {"type": "Feature", "id": 625, "geometry": {"type": "Point", "coordinates": [-90.0081830004451, 35.1645469999442]}, "properties": {"FID": 625, "stop_id": "0:VOLMCNWN", "stop_name": "VOLLINTINE AVENUE at NORTH MCNEIL STREET", "stop_desc": "st 4552", "stop_lat": 35.164547, "stop_lon": -90.008183, "zone_id": " ", "location_t": 0, "parent_sta": "1:VOLMCNWN", "vehicle_ty": 3}}, {"type": "Feature", "id": 626, "geometry": {"type": "Point", "coordinates": [-90.0403259997451, 35.1559269999311]}, "properties": {"FID": 626, "stop_id": "0:AUCSEVWN", "stop_name": "AUCTION AVENUE at 7TH STREET", "stop_desc": "st 813", "stop_lat": 35.155927, "stop_lon": -90.040326, "zone_id": " ", "location_t": 0, "parent_sta": "1:AUCSEVWN", "vehicle_ty": 3}}, {"type": "Feature", "id": 627, "geometry": {"type": "Point", "coordinates": [-89.7781619995766, 35.2044789996062]}, "properties": {"FID": 627, "stop_id": "0:STANBRWF", "stop_name": "STAGE ROAD at NEW BRUNSWICK ROAD", "stop_desc": "st 285", "stop_lat": 35.204479, "stop_lon": -89.778162, "zone_id": " ", "location_t": 0, "parent_sta": "1:STANBRWF", "vehicle_ty": 3}}, {"type": "Feature", "id": 628, "geometry": {"type": "Point", "coordinates": [-90.0133040000795, 35.1264169997448]}, "properties": {"FID": 628, "stop_id": "0:CENMELEF", "stop_name": "CENTRAL AVENUE at MELROSE STREET", "stop_desc": "st 7028", "stop_lat": 35.126417, "stop_lon": -90.013304, "zone_id": " ", "location_t": 0, "parent_sta": "1:CENMELEF", "vehicle_ty": 3}}, {"type": "Feature", "id": 629, "geometry": {"type": "Point", "coordinates": [-89.9049619995966, 35.1155290003632]}, "properties": {"FID": 629, "stop_id": "0:POPPERWM", "stop_name": "POPLAR AVENUE at PERKINS ROAD", "stop_desc": "st 2029", "stop_lat": 35.115529, "stop_lon": -89.904962, "zone_id": " ", "location_t": 0, "parent_sta": "1:POPPERWM", "vehicle_ty": 3}}, {"type": "Feature", "id": 630, "geometry": {"type": "Point", "coordinates": [-90.0185589995981, 35.2113879998564]}, "properties": {"FID": 630, "stop_id": "0:DELRAIEN", "stop_name": "DELLWOOD AVENUE at RAINIER STREET", "stop_desc": "st 1370", "stop_lat": 35.211388, "stop_lon": -90.018559, "zone_id": " ", "location_t": 0, "parent_sta": "1:DELRAIEN", "vehicle_ty": 3}}, {"type": "Feature", "id": 631, "geometry": {"type": "Point", "coordinates": [-90.0159539999771, 35.2129229995968]}, "properties": {"FID": 631, "stop_id": "0:DELCANEF", "stop_name": "DELLWOOD AVENUE at CANFIELD AVENUE", "stop_desc": "st 1371", "stop_lat": 35.212923, "stop_lon": -90.015954, "zone_id": " ", "location_t": 0, "parent_sta": "1:DELCANEF", "vehicle_ty": 3}}, {"type": "Feature", "id": 632, "geometry": {"type": "Point", "coordinates": [-90.0149789999808, 35.2136109998478]}, "properties": {"FID": 632, "stop_id": "0:STEDELNF", "stop_name": "STEELE STREET at DELLWOOD AVENUE", "stop_desc": "st 1372", "stop_lat": 35.213611, "stop_lon": -90.014979, "zone_id": " ", "location_t": 0, "parent_sta": "1:STEDELNF", "vehicle_ty": 3}}, {"type": "Feature", "id": 633, "geometry": {"type": "Point", "coordinates": [-90.0149559998195, 35.2147009997514]}, "properties": {"FID": 633, "stop_id": "0:STEGRENN", "stop_name": "STEELE STREET at GREENDALE AVENUE", "stop_desc": "st 1373", "stop_lat": 35.214701, "stop_lon": -90.014956, "zone_id": " ", "location_t": 0, "parent_sta": "1:STEGRENN", "vehicle_ty": 3}}, {"type": "Feature", "id": 634, "geometry": {"type": "Point", "coordinates": [-89.8966260000898, 35.1767240003124]}, "properties": {"FID": 634, "stop_id": "0:COVPLENF", "stop_name": "COVINGTON PIKE at PLEASANT VIEW ROAD", "stop_desc": "st 1119 (no 1095)", "stop_lat": 35.176724, "stop_lon": -89.896626, "zone_id": " ", "location_t": 0, "parent_sta": "1:1119", "vehicle_ty": 3}}, {"type": "Feature", "id": 635, "geometry": {"type": "Point", "coordinates": [-89.8965740003898, 35.1800839996769]}, "properties": {"FID": 635, "stop_id": "0:COVPLESM", "stop_name": "COVINGTON PIKE at PLEASANT VIEW ROAD", "stop_desc": "st 1081 (no 1095)", "stop_lat": 35.180084, "stop_lon": -89.896574, "zone_id": " ", "location_t": 0, "parent_sta": "1:1119", "vehicle_ty": 3}}, {"type": "Feature", "id": 636, "geometry": {"type": "Point", "coordinates": [-89.9071230003262, 35.0512280001721]}, "properties": {"FID": 636, "stop_id": "0:WINPERWN", "stop_name": "WINCHESTER ROAD at PERKINS ROAD", "stop_desc": "st 6638 (no 1178)", "stop_lat": 35.051228, "stop_lon": -89.907123, "zone_id": " ", "location_t": 0, "parent_sta": "1:1772", "vehicle_ty": 3}}, {"type": "Feature", "id": 637, "geometry": {"type": "Point", "coordinates": [-90.0212579999567, 35.1288779999198]}, "properties": {"FID": 637, "stop_id": "0:LAMBELNF", "stop_name": "LAMAR AVENUE at BELLEVUE BOULEVARD", "stop_desc": "st 204 (no 1122)", "stop_lat": 35.128878, "stop_lon": -90.021258, "zone_id": " ", "location_t": 0, "parent_sta": "1:5732", "vehicle_ty": 3}}, {"type": "Feature", "id": 638, "geometry": {"type": "Point", "coordinates": [-90.0589250003884, 35.0662300004142]}, "properties": {"FID": 638, "stop_id": "0:THIPEBSF", "stop_name": "3RD STREET at PEEBLES ROAD", "stop_desc": "st 143 (no 58)", "stop_lat": 35.06623, "stop_lon": -90.058925, "zone_id": " ", "location_t": 0, "parent_sta": "1:3902", "vehicle_ty": 3}}, {"type": "Feature", "id": 639, "geometry": {"type": "Point", "coordinates": [-89.9473370004022, 35.1691889999724]}, "properties": {"FID": 639, "stop_id": "0:JACMA1SN", "stop_name": "JACKSON AVENUE at MAYFLOWER AVENUE", "stop_desc": "st 3730", "stop_lat": 35.169189, "stop_lon": -89.947337, "zone_id": " ", "location_t": 0, "parent_sta": "1:JACMA1SN", "vehicle_ty": 3}}, {"type": "Feature", "id": 640, "geometry": {"type": "Point", "coordinates": [-89.9504760003671, 35.1667810004429]}, "properties": {"FID": 640, "stop_id": "0:JACFARSN", "stop_name": "JACKSON AVENUE at FARMVILLE ROAD", "stop_desc": "st 3733", "stop_lat": 35.166781, "stop_lon": -89.950476, "zone_id": " ", "location_t": 0, "parent_sta": "1:JACFARSN", "vehicle_ty": 3}}, {"type": "Feature", "id": 641, "geometry": {"type": "Point", "coordinates": [-89.9519849998078, 35.1655500003323]}, "properties": {"FID": 641, "stop_id": "0:JACROSSM", "stop_name": "JACKSON AVENUE at ROSEAMOND AVENUE", "stop_desc": "st 3734", "stop_lat": 35.16555, "stop_lon": -89.951985, "zone_id": " ", "location_t": 0, "parent_sta": "1:JACROSSM", "vehicle_ty": 3}}, {"type": "Feature", "id": 642, "geometry": {"type": "Point", "coordinates": [-89.9769370002423, 35.1580570001305]}, "properties": {"FID": 642, "stop_id": "0:JACMAPM", "stop_name": "JACKSON AVENUE at MAPLE DRIVEIVE", "stop_desc": "st 3743", "stop_lat": 35.158057, "stop_lon": -89.976937, "zone_id": " ", "location_t": 0, "parent_sta": "1:JACMAPM", "vehicle_ty": 3}}, {"type": "Feature", "id": 643, "geometry": {"type": "Point", "coordinates": [-89.8025360003361, 35.091907000108]}, "properties": {"FID": 643, "stop_id": "0:5504", "stop_name": "EXETER ROAD at POPLAR AVENUE", "stop_desc": "no 136", "stop_lat": 35.091907, "stop_lon": -89.802536, "zone_id": " ", "location_t": 0, "parent_sta": "1:5504", "vehicle_ty": 3}}, {"type": "Feature", "id": 644, "geometry": {"type": "Point", "coordinates": [-89.9094200001329, 35.117160000034]}, "properties": {"FID": 644, "stop_id": "0:POPPEREN", "stop_name": "POPLAR AVENUE at PERKINS EXTD", "stop_desc": "st 1937", "stop_lat": 35.11716, "stop_lon": -89.90942, "zone_id": " ", "location_t": 0, "parent_sta": "1:POPPEREN", "vehicle_ty": 3}}, {"type": "Feature", "id": 645, "geometry": {"type": "Point", "coordinates": [-90.0023409999371, 35.1603709998219]}, "properties": {"FID": 645, "stop_id": "0:JACBELEN", "stop_name": "JACKSON AVENUE at BELVEDERE BOULEVARD", "stop_desc": "st 3903", "stop_lat": 35.160371, "stop_lon": -90.002341, "zone_id": " ", "location_t": 0, "parent_sta": "1:JACBELEN", "vehicle_ty": 3}}, {"type": "Feature", "id": 646, "geometry": {"type": "Point", "coordinates": [-89.9349359995967, 35.0519690001693]}, "properties": {"FID": 646, "stop_id": "0:WINNGTWF", "stop_name": "WINCHESTER ROAD at GETWELL ROAD", "stop_desc": "st 442 (no 188)", "stop_lat": 35.051969, "stop_lon": -89.934936, "zone_id": " ", "location_t": 0, "parent_sta": "1:2003", "vehicle_ty": 3}}, {"type": "Feature", "id": 647, "geometry": {"type": "Point", "coordinates": [-89.8786369996977, 35.0504700002903]}, "properties": {"FID": 647, "stop_id": "0:WINBIGWF", "stop_name": "WINCHESTER ROAD at BISHOPS GATE DRIVE", "stop_desc": "st 7156", "stop_lat": 35.05047, "stop_lon": -89.878637, "zone_id": " ", "location_t": 0, "parent_sta": "1:WINBIGWF", "vehicle_ty": 3}}, {"type": "Feature", "id": 648, "geometry": {"type": "Point", "coordinates": [-90.0283030001833, 35.1377289997936]}, "properties": {"FID": 648, "stop_id": "0:PAUUNISF", "stop_name": "PAULINE STREET at UNION AVENUE", "stop_desc": "st 7170", "stop_lat": 35.137729, "stop_lon": -90.028303, "zone_id": " ", "location_t": 0, "parent_sta": "1:PAUUNISF", "vehicle_ty": 3}}, {"type": "Feature", "id": 649, "geometry": {"type": "Point", "coordinates": [-90.0282899995838, 35.1398729997392]}, "properties": {"FID": 649, "stop_id": "0:PAUMADSF", "stop_name": "PAULINE STREET at MADISON AVENUE", "stop_desc": "st 7169", "stop_lat": 35.139873, "stop_lon": -90.02829, "zone_id": " ", "location_t": 0, "parent_sta": "1:PAUMADSF", "vehicle_ty": 3}}, {"type": "Feature", "id": 650, "geometry": {"type": "Point", "coordinates": [-89.9434649999098, 35.0278919996161]}, "properties": {"FID": 650, "stop_id": "0:ARNPREEF", "stop_name": "ARNOLD ROAD at PRESCOTT ROAD", "stop_desc": "st 7243", "stop_lat": 35.027892, "stop_lon": -89.943465, "zone_id": " ", "location_t": 0, "parent_sta": "1:ARNPREEF", "vehicle_ty": 3}}, {"type": "Feature", "id": 651, "geometry": {"type": "Point", "coordinates": [-89.9544710002364, 35.0143090000603]}, "properties": {"FID": 651, "stop_id": "0:TCHMELNF", "stop_name": "TCHULAHOMA ROAD at MELODYWOOD DRIVE", "stop_desc": "st 7122", "stop_lat": 35.014309, "stop_lon": -89.954471, "zone_id": " ", "location_t": 0, "parent_sta": "1:TCHMELNF", "vehicle_ty": 3}}, {"type": "Feature", "id": 652, "geometry": {"type": "Point", "coordinates": [-89.9251610002799, 35.006151999815]}, "properties": {"FID": 652, "stop_id": "0:HOLMEMWM", "stop_name": "HOLMES ROAD at MEMPHIS OAKS DRIVE", "stop_desc": "st 2515", "stop_lat": 35.006152, "stop_lon": -89.925161, "zone_id": " ", "location_t": 0, "parent_sta": "1:HOLMEMWM", "vehicle_ty": 3}}, {"type": "Feature", "id": 653, "geometry": {"type": "Point", "coordinates": [-89.9189079997044, 35.0061529998611]}, "properties": {"FID": 653, "stop_id": "0:HOLMALWN", "stop_name": "HOLMES ROAD at MALONE ROAD", "stop_desc": "st 2514", "stop_lat": 35.006153, "stop_lon": -89.918908, "zone_id": " ", "location_t": 0, "parent_sta": "1:HOLMALWN", "vehicle_ty": 3}}, {"type": "Feature", "id": 654, "geometry": {"type": "Point", "coordinates": [-89.9010469998191, 35.0060250002536]}, "properties": {"FID": 654, "stop_id": "0:HOLPLEWN", "stop_name": "HOLMES ROAD at PLEASANT HILL ROAD", "stop_desc": "st 2512", "stop_lat": 35.006025, "stop_lon": -89.901047, "zone_id": " ", "location_t": 0, "parent_sta": "1:HOLPLEWN", "vehicle_ty": 3}}, {"type": "Feature", "id": 655, "geometry": {"type": "Point", "coordinates": [-89.9727169998896, 35.2212149997725]}, "properties": {"FID": 655, "stop_id": "0:FRALADEN", "stop_name": "FRAYSER BOULEVARD at LADUE STREET", "stop_desc": "st 1388", "stop_lat": 35.221215, "stop_lon": -89.972717, "zone_id": " ", "location_t": 0, "parent_sta": "1:FRALADEN", "vehicle_ty": 3}}, {"type": "Feature", "id": 656, "geometry": {"type": "Point", "coordinates": [-90.0222479997453, 35.2102719996531]}, "properties": {"FID": 656, "stop_id": "0:DELBASWN", "stop_name": "DELLWOOD AVENUE at BASKIN STREET", "stop_desc": "st 1272", "stop_lat": 35.210272, "stop_lon": -90.022248, "zone_id": " ", "location_t": 0, "parent_sta": "1:DELBASWN", "vehicle_ty": 3}}, {"type": "Feature", "id": 657, "geometry": {"type": "Point", "coordinates": [-90.025981000123, 35.2104699997907]}, "properties": {"FID": 657, "stop_id": "0:DELMADWF", "stop_name": "DELLWOOD AVENUE at MADEWELL STREET", "stop_desc": "st 1273", "stop_lat": 35.21047, "stop_lon": -90.025981, "zone_id": " ", "location_t": 0, "parent_sta": "1:DELMADWF", "vehicle_ty": 3}}, {"type": "Feature", "id": 658, "geometry": {"type": "Point", "coordinates": [-89.9536480000551, 35.1641129997152]}, "properties": {"FID": 658, "stop_id": "0:JACMACEN", "stop_name": "JACKSON AVENUE at MACON ROAD", "stop_desc": "st 3924", "stop_lat": 35.164113, "stop_lon": -89.953648, "zone_id": " ", "location_t": 0, "parent_sta": "1:JACMACEN", "vehicle_ty": 3}}, {"type": "Feature", "id": 659, "geometry": {"type": "Point", "coordinates": [-90.0286499999975, 35.2114900000635]}, "properties": {"FID": 659, "stop_id": "0:MILWHINF", "stop_name": "MILLINGTON ROAD at WHITNEY AVENUE", "stop_desc": "st 6882", "stop_lat": 35.21149, "stop_lon": -90.02865, "zone_id": " ", "location_t": 0, "parent_sta": "1:MILWHINF", "vehicle_ty": 3}}, {"type": "Feature", "id": 660, "geometry": {"type": "Point", "coordinates": [-90.0286160002282, 35.2140100002613]}, "properties": {"FID": 660, "stop_id": "0:MILCINNN", "stop_name": "MILLINGTON ROAD at CINDY LANE", "stop_desc": "st 6883", "stop_lat": 35.21401, "stop_lon": -90.028616, "zone_id": " ", "location_t": 0, "parent_sta": "1:MILCINNN", "vehicle_ty": 3}}, {"type": "Feature", "id": 661, "geometry": {"type": "Point", "coordinates": [-90.0291129997651, 35.2166820002741]}, "properties": {"FID": 661, "stop_id": "0:FRAMILWF", "stop_name": "FRAYSER BOULEVARD at MILLINGTON ROAD", "stop_desc": "st 6884", "stop_lat": 35.216682, "stop_lon": -90.029113, "zone_id": " ", "location_t": 0, "parent_sta": "1:FRAMILWF", "vehicle_ty": 3}}, {"type": "Feature", "id": 662, "geometry": {"type": "Point", "coordinates": [-90.0314179999407, 35.2149939997733]}, "properties": {"FID": 662, "stop_id": "0:THOFRASF", "stop_name": "THOMAS STREET at FRAYSER CIRCLE", "stop_desc": "st 1351", "stop_lat": 35.214994, "stop_lon": -90.031418, "zone_id": " ", "location_t": 0, "parent_sta": "1:THOFRASF", "vehicle_ty": 3}}, {"type": "Feature", "id": 663, "geometry": {"type": "Point", "coordinates": [-90.0320840000765, 35.2131170004492]}, "properties": {"FID": 663, "stop_id": "0:THOMARSM", "stop_name": "THOMAS STREET at MARSH AVENUE", "stop_desc": "st 1352", "stop_lat": 35.213117, "stop_lon": -90.032084, "zone_id": " ", "location_t": 0, "parent_sta": "1:THOMARSM", "vehicle_ty": 3}}, {"type": "Feature", "id": 664, "geometry": {"type": "Point", "coordinates": [-90.0352749997414, 35.1878740000851]}, "properties": {"FID": 664, "stop_id": "0:DANROYSM", "stop_name": "DANNY THOMAS BOULEVARD at ROYAL AVENUE", "stop_desc": "st 673", "stop_lat": 35.187874, "stop_lon": -90.035275, "zone_id": " ", "location_t": 0, "parent_sta": "1:DANROYSM", "vehicle_ty": 3}}, {"type": "Feature", "id": 665, "geometry": {"type": "Point", "coordinates": [-90.0353969999715, 35.1861939999532]}, "properties": {"FID": 665, "stop_id": "0:DANRO1SM", "stop_name": "DANNY THOMAS BOULEVARD at ROYAL AVENUE", "stop_desc": "st 674", "stop_lat": 35.186194, "stop_lon": -90.035397, "zone_id": " ", "location_t": 0, "parent_sta": "1:DANRO1SM", "vehicle_ty": 3}}, {"type": "Feature", "id": 666, "geometry": {"type": "Point", "coordinates": [-90.0354869996253, 35.1835660001708]}, "properties": {"FID": 666, "stop_id": "0:DANRO2SM", "stop_name": "DANNY THOMAS BOULEVARD at ROYAL AVENUE", "stop_desc": "st 675", "stop_lat": 35.183566, "stop_lon": -90.035487, "zone_id": " ", "location_t": 0, "parent_sta": "1:DANRO2SM", "vehicle_ty": 3}}, {"type": "Feature", "id": 667, "geometry": {"type": "Point", "coordinates": [-89.9469080004039, 35.1624440000906]}, "properties": {"FID": 667, "stop_id": "0:MACNATWN", "stop_name": "MACON ROAD at NATIONAL STREET", "stop_desc": "st 3994", "stop_lat": 35.162444, "stop_lon": -89.946908, "zone_id": " ", "location_t": 0, "parent_sta": "1:MACNATWN", "vehicle_ty": 3}}, {"type": "Feature", "id": 668, "geometry": {"type": "Point", "coordinates": [-90.0155060000018, 35.1266770000436]}, "properties": {"FID": 668, "stop_id": "0:CENLAMWM", "stop_name": "CENTRAL AVENUE at LARMA AVENUE", "stop_desc": "st 7026", "stop_lat": 35.126677, "stop_lon": -90.015506, "zone_id": " ", "location_t": 0, "parent_sta": "1:CENLAMWM", "vehicle_ty": 3}}, {"type": "Feature", "id": 669, "geometry": {"type": "Point", "coordinates": [-90.0182269995763, 35.1272329996033]}, "properties": {"FID": 669, "stop_id": "0:LAMCLEWN", "stop_name": "LAMAR AVENUE at CLEVELAND STREET", "stop_desc": "st 5708", "stop_lat": 35.127233, "stop_lon": -90.018227, "zone_id": " ", "location_t": 0, "parent_sta": "1:LAMCLEWN", "vehicle_ty": 3}}, {"type": "Feature", "id": 670, "geometry": {"type": "Point", "coordinates": [-90.0338580000466, 35.2091229997267]}, "properties": {"FID": 670, "stop_id": "0:WHIHILWN", "stop_name": "WHITNEY AVENUE at THOMAS STREET", "stop_desc": "st 1275 (no 1125)", "stop_lat": 35.209123, "stop_lon": -90.033858, "zone_id": " ", "location_t": 0, "parent_sta": "1:1363", "vehicle_ty": 3}}, {"type": "Feature", "id": 671, "geometry": {"type": "Point", "coordinates": [-89.9763449999218, 35.1991999998801]}, "properties": {"FID": 671, "stop_id": "0:JAMRANWF", "stop_name": "JAMES ROAD at RANGE LINE ROAD", "stop_desc": "st 1684 (no 1150)", "stop_lat": 35.1992, "stop_lon": -89.976345, "zone_id": " ", "location_t": 0, "parent_sta": "1:4014", "vehicle_ty": 3}}, {"type": "Feature", "id": 672, "geometry": {"type": "Point", "coordinates": [-89.8668110002274, 35.0203040004293]}, "properties": {"FID": 672, "stop_id": "0:SHEHICEN", "stop_name": "SHELBY DRIVE at HICKORY HILL ROAD", "stop_desc": "st 2480", "stop_lat": 35.020304, "stop_lon": -89.866811, "zone_id": " ", "location_t": 0, "parent_sta": "1:SHEHICEN", "vehicle_ty": 3}}, {"type": "Feature", "id": 673, "geometry": {"type": "Point", "coordinates": [-89.8748880003808, 35.020352999991]}, "properties": {"FID": 673, "stop_id": "0:SHECLAEF", "stop_name": "SHELBY DRIVE at CLARKE ROAD", "stop_desc": "st 2478", "stop_lat": 35.020353, "stop_lon": -89.874888, "zone_id": " ", "location_t": 0, "parent_sta": "1:SHECLAEF", "vehicle_ty": 3}}, {"type": "Feature", "id": 674, "geometry": {"type": "Point", "coordinates": [-89.9400980002225, 35.1765830001054]}, "properties": {"FID": 674, "stop_id": "0:NATKRUSF", "stop_name": "NATIONAL STREET at KRUGER ROAD", "stop_desc": "st 6979", "stop_lat": 35.176583, "stop_lon": -89.940098, "zone_id": " ", "location_t": 0, "parent_sta": "1:NATKRUSF", "vehicle_ty": 3}}, {"type": "Feature", "id": 675, "geometry": {"type": "Point", "coordinates": [-89.945006999973, 35.1740860000689]}, "properties": {"FID": 675, "stop_id": "0:CHENHIWF", "stop_name": "CHELSEA AVENUE at NORTH HIGHLAND STREET", "stop_desc": "st 4515", "stop_lat": 35.174086, "stop_lon": -89.945007, "zone_id": " ", "location_t": 0, "parent_sta": "1:CHENHIWF", "vehicle_ty": 3}}, {"type": "Feature", "id": 676, "geometry": {"type": "Point", "coordinates": [-89.946901000081, 35.1735070003479]}, "properties": {"FID": 676, "stop_id": "0:CHEPANWF", "stop_name": "CHELSEA AVENUE at PANAMA STREET", "stop_desc": "st 4516", "stop_lat": 35.173507, "stop_lon": -89.946901, "zone_id": " ", "location_t": 0, "parent_sta": "1:CHEPANWF", "vehicle_ty": 3}}, {"type": "Feature", "id": 677, "geometry": {"type": "Point", "coordinates": [-89.9438489996316, 35.0432300000645]}, "properties": {"FID": 677, "stop_id": "0:CHRPREEN", "stop_name": "CHRISTINE ROAD at PRESCOTT ROAD", "stop_desc": "st 2553", "stop_lat": 35.04323, "stop_lon": -89.943849, "zone_id": " ", "location_t": 0, "parent_sta": "1:CHRPREEN", "vehicle_ty": 3}}, {"type": "Feature", "id": 678, "geometry": {"type": "Point", "coordinates": [-89.9459379997389, 35.043214000226]}, "properties": {"FID": 678, "stop_id": "0:CHRPREEM", "stop_name": "CHRISTINE ROAD at PRESCOTT ROAD", "stop_desc": "st 2552", "stop_lat": 35.043214, "stop_lon": -89.945938, "zone_id": " ", "location_t": 0, "parent_sta": "1:CHRPREEM", "vehicle_ty": 3}}, {"type": "Feature", "id": 679, "geometry": {"type": "Point", "coordinates": [-89.9548430003042, 35.0463780004444]}, "properties": {"FID": 679, "stop_id": "0:TCHOAKSM", "stop_name": "TCHULAHOMA ROAD at OAK LAKE LANE", "stop_desc": "st 2547", "stop_lat": 35.046378, "stop_lon": -89.954843, "zone_id": " ", "location_t": 0, "parent_sta": "1:TCHOAKSM", "vehicle_ty": 3}}, {"type": "Feature", "id": 680, "geometry": {"type": "Point", "coordinates": [-89.9543110000526, 35.0485659997212]}, "properties": {"FID": 680, "stop_id": "0:TCHOAKSN", "stop_name": "TCHULAHOMA ROAD at OAK LAKE LANE", "stop_desc": "st 2548", "stop_lat": 35.048566, "stop_lon": -89.954311, "zone_id": " ", "location_t": 0, "parent_sta": "1:TCHOAKSN", "vehicle_ty": 3}}, {"type": "Feature", "id": 681, "geometry": {"type": "Point", "coordinates": [-89.9510230004111, 35.04317400018]}, "properties": {"FID": 681, "stop_id": "0:CHRWALWN", "stop_name": "CHRISTINE ROAD at WALNUT CIRCLE COVE", "stop_desc": "st 7249", "stop_lat": 35.043174, "stop_lon": -89.951023, "zone_id": " ", "location_t": 0, "parent_sta": "1:CHRWALWN", "vehicle_ty": 3}}, {"type": "Feature", "id": 682, "geometry": {"type": "Point", "coordinates": [-89.9434829998405, 35.0371340004338]}, "properties": {"FID": 682, "stop_id": "0:PRERAINF", "stop_name": "PRESCOTT ROAD at RAINES ROAD", "stop_desc": "st 7186", "stop_lat": 35.037134, "stop_lon": -89.943483, "zone_id": " ", "location_t": 0, "parent_sta": "1:PRERAINF", "vehicle_ty": 3}}, {"type": "Feature", "id": 683, "geometry": {"type": "Point", "coordinates": [-89.9973679999332, 35.1632989999489]}, "properties": {"FID": 683, "stop_id": "0:VOLIDLEN", "stop_name": "VOLLINTINE AVENUE at N IDLEWILD STREET", "stop_desc": "st 4560", "stop_lat": 35.163299, "stop_lon": -89.997368, "zone_id": " ", "location_t": 0, "parent_sta": "1:VOLIDLEN", "vehicle_ty": 3}}, {"type": "Feature", "id": 684, "geometry": {"type": "Point", "coordinates": [-89.9957069997782, 35.1631369996729]}, "properties": {"FID": 684, "stop_id": "0:VOLMCLEF", "stop_name": "VOLLINTINE AVENUE at N MCLEAN BOULEVARD", "stop_desc": "st 4561", "stop_lat": 35.163137, "stop_lon": -89.995707, "zone_id": " ", "location_t": 0, "parent_sta": "1:VOLMCLEF", "vehicle_ty": 3}}, {"type": "Feature", "id": 685, "geometry": {"type": "Point", "coordinates": [-89.9903829997756, 35.162580000067]}, "properties": {"FID": 685, "stop_id": "0:VOLUNIEN", "stop_name": "VOLLINTINE AVENUE at UNIVERSITY STREET", "stop_desc": "st 4564", "stop_lat": 35.16258, "stop_lon": -89.990383, "zone_id": " ", "location_t": 0, "parent_sta": "1:VOLUNIEN", "vehicle_ty": 3}}, {"type": "Feature", "id": 686, "geometry": {"type": "Point", "coordinates": [-89.9873049999258, 35.1622920002757]}, "properties": {"FID": 686, "stop_id": "0:VOLHALEN", "stop_name": "VOLLINTINE AVENUE at HALLWOOD DRIVE", "stop_desc": "st 4566", "stop_lat": 35.162292, "stop_lon": -89.987305, "zone_id": " ", "location_t": 0, "parent_sta": "1:VOLHALEN", "vehicle_ty": 3}}, {"type": "Feature", "id": 687, "geometry": {"type": "Point", "coordinates": [-89.9848370003273, 35.16217400023]}, "properties": {"FID": 687, "stop_id": "0:VOLSPREM", "stop_name": "VOLLINTINE AVENUE at SPRINGDALE STREET", "stop_desc": "st 4567", "stop_lat": 35.162174, "stop_lon": -89.984837, "zone_id": " ", "location_t": 0, "parent_sta": "1:VOLSPREM", "vehicle_ty": 3}}, {"type": "Feature", "id": 688, "geometry": {"type": "Point", "coordinates": [-89.9839720000078, 35.1633620001562]}, "properties": {"FID": 688, "stop_id": "0:SPRALANN", "stop_name": "SPRINGDALE STREET at ALAMEDA AVENUE", "stop_desc": "st 4568", "stop_lat": 35.163362, "stop_lon": -89.983972, "zone_id": " ", "location_t": 0, "parent_sta": "1:SPRALANN", "vehicle_ty": 3}}, {"type": "Feature", "id": 689, "geometry": {"type": "Point", "coordinates": [-90.0357089999703, 35.1564349999753]}, "properties": {"FID": 689, "stop_id": "0:JACDUNEN", "stop_name": "JACKSON AVENUE at DUNSCOMB PLACE", "stop_desc": "st 3775", "stop_lat": 35.156435, "stop_lon": -90.035709, "zone_id": " ", "location_t": 0, "parent_sta": "1:JACDUNEN", "vehicle_ty": 3}}, {"type": "Feature", "id": 690, "geometry": {"type": "Point", "coordinates": [-90.0336500003472, 35.1568989997891]}, "properties": {"FID": 690, "stop_id": "0:JACMANEN", "stop_name": "JACKSON AVENUE at MANASSAS STREET", "stop_desc": "st 3776", "stop_lat": 35.156899, "stop_lon": -90.03365, "zone_id": " ", "location_t": 0, "parent_sta": "1:JACMANEN", "vehicle_ty": 3}}, {"type": "Feature", "id": 691, "geometry": {"type": "Point", "coordinates": [-90.0320450000767, 35.1568809998583]}, "properties": {"FID": 691, "stop_id": "0:JACLEAEN", "stop_name": "JACKSON AVENUE at LEATH STREET", "stop_desc": "st 3777", "stop_lat": 35.156881, "stop_lon": -90.032045, "zone_id": " ", "location_t": 0, "parent_sta": "1:JACLEAEN", "vehicle_ty": 3}}, {"type": "Feature", "id": 692, "geometry": {"type": "Point", "coordinates": [-90.0301849997379, 35.1569339996045]}, "properties": {"FID": 692, "stop_id": "0:JACPEAEM", "stop_name": "JACKSON AVENUE at PEARCE STREET", "stop_desc": "st 3778", "stop_lat": 35.156934, "stop_lon": -90.030185, "zone_id": " ", "location_t": 0, "parent_sta": "1:JACPEAEM", "vehicle_ty": 3}}, {"type": "Feature", "id": 693, "geometry": {"type": "Point", "coordinates": [-90.0286580003664, 35.1569690003192]}, "properties": {"FID": 693, "stop_id": "0:JACAYEEN", "stop_name": "JACKSON AVENUE at AYERS STREET", "stop_desc": "st 3779", "stop_lat": 35.156969, "stop_lon": -90.028658, "zone_id": " ", "location_t": 0, "parent_sta": "1:JACAYEEN", "vehicle_ty": 3}}, {"type": "Feature", "id": 694, "geometry": {"type": "Point", "coordinates": [-90.0270299999345, 35.1570220000653]}, "properties": {"FID": 694, "stop_id": "0:JACHASEN", "stop_name": "JACKSON AVENUE at HINGS STREET", "stop_desc": "st 3780", "stop_lat": 35.157022, "stop_lon": -90.02703, "zone_id": " ", "location_t": 0, "parent_sta": "1:JACHASEN", "vehicle_ty": 3}}, {"type": "Feature", "id": 695, "geometry": {"type": "Point", "coordinates": [-89.9401210003838, 35.1762170003144]}, "properties": {"FID": 695, "stop_id": "0:NATKRUNM", "stop_name": "NATIONAL STREET at KRUGER ROAD", "stop_desc": "st 4593 (no 1078)", "stop_lat": 35.176217, "stop_lon": -89.940121, "zone_id": " ", "location_t": 0, "parent_sta": "1:4593", "vehicle_ty": 3}}, {"type": "Feature", "id": 696, "geometry": {"type": "Point", "coordinates": [-90.0218640000235, 35.1691550002031]}, "properties": {"FID": 696, "stop_id": "0:CHEBREEN", "stop_name": "CHELSEA AVENUE at BREEDLOVE STREET", "stop_desc": "st 1636 (no 39)", "stop_lat": 35.169155, "stop_lon": -90.021864, "zone_id": " ", "location_t": 0, "parent_sta": "1:802", "vehicle_ty": 3}}, {"type": "Feature", "id": 697, "geometry": {"type": "Point", "coordinates": [-90.0083619997065, 35.1757450001317]}, "properties": {"FID": 697, "stop_id": "0:WATLOUN", "stop_name": "WATKINS STREET at LEVEE ROAD", "stop_desc": "st 100 (no 49)", "stop_lat": 35.175745, "stop_lon": -90.008362, "zone_id": " ", "location_t": 0, "parent_sta": "1:1006", "vehicle_ty": 3}}, {"type": "Feature", "id": 698, "geometry": {"type": "Point", "coordinates": [-89.9345279996674, 35.0517150001472]}, "properties": {"FID": 698, "stop_id": "0:WINGE1EN", "stop_name": "WINCHESTER ROAD at GETWELL ROAD", "stop_desc": "st 1764 (no 188)", "stop_lat": 35.051715, "stop_lon": -89.934528, "zone_id": " ", "location_t": 0, "parent_sta": "1:2003", "vehicle_ty": 3}}, {"type": "Feature", "id": 699, "geometry": {"type": "Point", "coordinates": [-89.9098219997854, 35.1618190000469]}, "properties": {"FID": 699, "stop_id": "0:MACBEREF", "stop_name": "MACON ROAD at BERCLAIR ROAD", "stop_desc": "st 1116", "stop_lat": 35.161819, "stop_lon": -89.909822, "zone_id": " ", "location_t": 0, "parent_sta": "1:MACBEREF", "vehicle_ty": 3}}, {"type": "Feature", "id": 700, "geometry": {"type": "Point", "coordinates": [-89.9060710003764, 35.16083899982]}, "properties": {"FID": 700, "stop_id": "0:MCCSTREN", "stop_name": "MCCRORY AVENUE at STRATFORD ROAD", "stop_desc": "st 1117", "stop_lat": 35.160839, "stop_lon": -89.906071, "zone_id": " ", "location_t": 0, "parent_sta": "1:MCCSTREN", "vehicle_ty": 3}}, {"type": "Feature", "id": 701, "geometry": {"type": "Point", "coordinates": [-89.9040669996922, 35.1609620000963]}, "properties": {"FID": 701, "stop_id": "0:MCCDOREN", "stop_name": "MCCRORY AVENUE at DORA STREET", "stop_desc": "st 3946", "stop_lat": 35.160962, "stop_lon": -89.904067, "zone_id": " ", "location_t": 0, "parent_sta": "1:MCCDOREN", "vehicle_ty": 3}}, {"type": "Feature", "id": 702, "geometry": {"type": "Point", "coordinates": [-89.9005490002361, 35.1601430000994]}, "properties": {"FID": 702, "stop_id": "0:MCCGAREN", "stop_name": "MCCRORY AVENUE at GARY STREET", "stop_desc": "st 3947", "stop_lat": 35.160143, "stop_lon": -89.900549, "zone_id": " ", "location_t": 0, "parent_sta": "1:MCCGAREN", "vehicle_ty": 3}}, {"type": "Feature", "id": 703, "geometry": {"type": "Point", "coordinates": [-89.8981920003605, 35.1594699996408]}, "properties": {"FID": 703, "stop_id": "0:MCCNMEEM", "stop_name": "MCCRORY AVENUE at NORTH MENDENHALL ROAD", "stop_desc": "st 3948", "stop_lat": 35.15947, "stop_lon": -89.898192, "zone_id": " ", "location_t": 0, "parent_sta": "1:MCCNMEEM", "vehicle_ty": 3}}, {"type": "Feature", "id": 704, "geometry": {"type": "Point", "coordinates": [-89.8961909998147, 35.1585729996443]}, "properties": {"FID": 704, "stop_id": "0:MACWHIEN", "stop_name": "MACON ROAD at WHITE STATION ROAD", "stop_desc": "st 3111", "stop_lat": 35.158573, "stop_lon": -89.896191, "zone_id": " ", "location_t": 0, "parent_sta": "1:MACWHIEN", "vehicle_ty": 3}}, {"type": "Feature", "id": 705, "geometry": {"type": "Point", "coordinates": [-90.0867419998434, 35.0595619995867]}, "properties": {"FID": 705, "stop_id": "0:SAXHAZNN", "stop_name": "SAX ROAD at HAZELWOOD ROAD", "stop_desc": "st 5868", "stop_lat": 35.059562, "stop_lon": -90.086742, "zone_id": " ", "location_t": 0, "parent_sta": "1:SAXHAZNN", "vehicle_ty": 3}}, {"type": "Feature", "id": 706, "geometry": {"type": "Point", "coordinates": [-90.0866989996591, 35.0625739999901]}, "properties": {"FID": 706, "stop_id": "0:SAXHARNN", "stop_name": "SAX ROAD at HARAHAN ROAD", "stop_desc": "st 5869", "stop_lat": 35.062574, "stop_lon": -90.086699, "zone_id": " ", "location_t": 0, "parent_sta": "1:SAXHARNN", "vehicle_ty": 3}}, {"type": "Feature", "id": 707, "geometry": {"type": "Point", "coordinates": [-89.9978509997238, 35.1087139999512]}, "properties": {"FID": 707, "stop_id": "0:SPALAPEN", "stop_name": "SOUTH PARKWAY EAST at LAPALOMA STREET", "stop_desc": "st 2304", "stop_lat": 35.108714, "stop_lon": -89.997851, "zone_id": " ", "location_t": 0, "parent_sta": "1:SPALAPEN", "vehicle_ty": 3}}, {"type": "Feature", "id": 708, "geometry": {"type": "Point", "coordinates": [-89.994620000013, 35.1092030000185]}, "properties": {"FID": 708, "stop_id": "0:SPACASEN", "stop_name": "SOUTH PARKWAY EAST at CALIA STREET", "stop_desc": "st 2305", "stop_lat": 35.109203, "stop_lon": -89.99462, "zone_id": " ", "location_t": 0, "parent_sta": "1:SPACASEN", "vehicle_ty": 3}}, {"type": "Feature", "id": 709, "geometry": {"type": "Point", "coordinates": [-89.9926609996054, 35.1097019996476]}, "properties": {"FID": 709, "stop_id": "0:SPACOOEN", "stop_name": "SOUTH PARKWAY EAST at COOPER STREET", "stop_desc": "st 2306", "stop_lat": 35.109702, "stop_lon": -89.992661, "zone_id": " ", "location_t": 0, "parent_sta": "1:SPACOOEN", "vehicle_ty": 3}}, {"type": "Feature", "id": 710, "geometry": {"type": "Point", "coordinates": [-89.9920860000688, 35.1100599999691]}, "properties": {"FID": 710, "stop_id": "0:SPALAMEN", "stop_name": "SOUTH PARKWAY EAST at LAMAR AVENUE", "stop_desc": "st 278", "stop_lat": 35.11006, "stop_lon": -89.992086, "zone_id": " ", "location_t": 0, "parent_sta": "1:SPALAMEN", "vehicle_ty": 3}}, {"type": "Feature", "id": 711, "geometry": {"type": "Point", "coordinates": [-89.9879609996004, 35.1084929996522]}, "properties": {"FID": 711, "stop_id": "0:PARLAMEF", "stop_name": "PARK AVENUE at LARMA AVENUE", "stop_desc": "st 2307", "stop_lat": 35.108493, "stop_lon": -89.987961, "zone_id": " ", "location_t": 0, "parent_sta": "1:PARLAMEF", "vehicle_ty": 3}}, {"type": "Feature", "id": 712, "geometry": {"type": "Point", "coordinates": [-89.9866330004126, 35.1085189999519]}, "properties": {"FID": 712, "stop_id": "0:PARBRUEN", "stop_name": "PARK AVENUE at BRUCE STREET", "stop_desc": "st 2308", "stop_lat": 35.108519, "stop_lon": -89.986633, "zone_id": " ", "location_t": 0, "parent_sta": "1:PARBRUEN", "vehicle_ty": 3}}, {"type": "Feature", "id": 713, "geometry": {"type": "Point", "coordinates": [-90.0693960003251, 35.0383899998986]}, "properties": {"FID": 713, "stop_id": "0:HORTHISF", "stop_name": "HORN LAKE ROAD at 3RD STREET", "stop_desc": "st 4901", "stop_lat": 35.03839, "stop_lon": -90.069396, "zone_id": " ", "location_t": 0, "parent_sta": "1:HORTHISF", "vehicle_ty": 3}}, {"type": "Feature", "id": 714, "geometry": {"type": "Point", "coordinates": [-90.0683899997986, 35.0242420003681]}, "properties": {"FID": 714, "stop_id": "0:HORSHESM", "stop_name": "HORN LAKE ROAD at SHELBY DRIVE", "stop_desc": "st 4904", "stop_lat": 35.024242, "stop_lon": -90.06839, "zone_id": " ", "location_t": 0, "parent_sta": "1:HORSHESM", "vehicle_ty": 3}}, {"type": "Feature", "id": 715, "geometry": {"type": "Point", "coordinates": [-90.068312999845, 35.0216949998244]}, "properties": {"FID": 715, "stop_id": "0:HORSHESN", "stop_name": "HORN LAKE ROAD at SHELBY DRIVE", "stop_desc": "st 4905", "stop_lat": 35.021695, "stop_lon": -90.068313, "zone_id": " ", "location_t": 0, "parent_sta": "1:HORSHESN", "vehicle_ty": 3}}, {"type": "Feature", "id": 716, "geometry": {"type": "Point", "coordinates": [-89.9696650003394, 35.2252869995954]}, "properties": {"FID": 716, "stop_id": "0:SCHALPSN", "stop_name": "SCHOOLFIELD ROAD at ALPENA AVENUE", "stop_desc": "st 1667", "stop_lat": 35.225287, "stop_lon": -89.969665, "zone_id": " ", "location_t": 0, "parent_sta": "1:SCHALPSN", "vehicle_ty": 3}}, {"type": "Feature", "id": 717, "geometry": {"type": "Point", "coordinates": [-89.9699580003614, 35.221928000277]}, "properties": {"FID": 717, "stop_id": "0:SCHFRASM", "stop_name": "SCHOOLFIELD ROAD at FRAYSER BOULEVARD", "stop_desc": "st 1668", "stop_lat": 35.221928, "stop_lon": -89.969958, "zone_id": " ", "location_t": 0, "parent_sta": "1:SCHFRASM", "vehicle_ty": 3}}, {"type": "Feature", "id": 718, "geometry": {"type": "Point", "coordinates": [-89.9604410003519, 35.2213469995644]}, "properties": {"FID": 718, "stop_id": "0:REDFRANM", "stop_name": "REDCOAT ROAD at FRAYSER RALEIGH ROAD", "stop_desc": "st 6914", "stop_lat": 35.221347, "stop_lon": -89.960441, "zone_id": " ", "location_t": 0, "parent_sta": "1:REDFRANM", "vehicle_ty": 3}}, {"type": "Feature", "id": 719, "geometry": {"type": "Point", "coordinates": [-89.9756660000858, 35.2199309999158]}, "properties": {"FID": 719, "stop_id": "0:RANFRASF", "stop_name": "RANGE LINE ROAD at FRAYSER BOULEVARD", "stop_desc": "st 1573", "stop_lat": 35.219931, "stop_lon": -89.975666, "zone_id": " ", "location_t": 0, "parent_sta": "1:RANFRASF", "vehicle_ty": 3}}, {"type": "Feature", "id": 720, "geometry": {"type": "Point", "coordinates": [-89.975678999786, 35.2183669997373]}, "properties": {"FID": 720, "stop_id": "0:RANORMSN", "stop_name": "RANGE LINE ROAD at ORMAN AVENUE", "stop_desc": "st 1574", "stop_lat": 35.218367, "stop_lon": -89.975679, "zone_id": " ", "location_t": 0, "parent_sta": "1:RANORMSN", "vehicle_ty": 3}}, {"type": "Feature", "id": 721, "geometry": {"type": "Point", "coordinates": [-90.016298999699, 35.0833779997949]}, "properties": {"FID": 721, "stop_id": "0:NORWARWN", "stop_name": "NORRIS ROAD at WARREN STREET", "stop_desc": "st 7115", "stop_lat": 35.083378, "stop_lon": -90.016299, "zone_id": " ", "location_t": 0, "parent_sta": "1:NORWARWN", "vehicle_ty": 3}}, {"type": "Feature", "id": 722, "geometry": {"type": "Point", "coordinates": [-90.0188209999891, 35.0833609999103]}, "properties": {"FID": 722, "stop_id": "0:NORELVWF", "stop_name": "NORRIS ROAD at ELVIS PRESLEY BOULEVARD", "stop_desc": "st 6538", "stop_lat": 35.083361, "stop_lon": -90.018821, "zone_id": " ", "location_t": 0, "parent_sta": "1:NORELVWF", "vehicle_ty": 3}}, {"type": "Feature", "id": 723, "geometry": {"type": "Point", "coordinates": [-90.0213089996106, 35.0834339996794]}, "properties": {"FID": 723, "stop_id": "0:NORPRAWN", "stop_name": "NORRIS ROAD at PRATT STREET", "stop_desc": "st 4806", "stop_lat": 35.083434, "stop_lon": -90.021309, "zone_id": " ", "location_t": 0, "parent_sta": "1:NORPRAWN", "vehicle_ty": 3}}, {"type": "Feature", "id": 724, "geometry": {"type": "Point", "coordinates": [-90.0231560002492, 35.083478999956]}, "properties": {"FID": 724, "stop_id": "0:NORROLWN", "stop_name": "NORRIS ROAD at ROLLINS STREET", "stop_desc": "st 6110", "stop_lat": 35.083479, "stop_lon": -90.023156, "zone_id": " ", "location_t": 0, "parent_sta": "1:NORROLWN", "vehicle_ty": 3}}, {"type": "Feature", "id": 725, "geometry": {"type": "Point", "coordinates": [-89.9162870002448, 35.0625640004283]}, "properties": {"FID": 725, "stop_id": "0:KNIDANEN", "stop_name": "KNIGHT ARNOLD ROAD at DANVILLE ROAD", "stop_desc": "st 6902", "stop_lat": 35.062564, "stop_lon": -89.916287, "zone_id": " ", "location_t": 0, "parent_sta": "1:KNIDANEN", "vehicle_ty": 3}}, {"type": "Feature", "id": 726, "geometry": {"type": "Point", "coordinates": [-89.9074859999789, 35.0623650002446]}, "properties": {"FID": 726, "stop_id": "0:KNIPEREM", "stop_name": "KNIGHT ARNOLD ROAD at PERKINS ROAD", "stop_desc": "st 2789", "stop_lat": 35.062365, "stop_lon": -89.907486, "zone_id": " ", "location_t": 0, "parent_sta": "1:KNIPEREM", "vehicle_ty": 3}}, {"type": "Feature", "id": 727, "geometry": {"type": "Point", "coordinates": [-89.9059959996156, 35.0613710002715]}, "properties": {"FID": 727, "stop_id": "0:PERKNISF", "stop_name": "PERKINS ROAD at KNIGHT ARNOLD ROAD", "stop_desc": "st 6648", "stop_lat": 35.061371, "stop_lon": -89.905996, "zone_id": " ", "location_t": 0, "parent_sta": "1:PERKNISF", "vehicle_ty": 3}}, {"type": "Feature", "id": 728, "geometry": {"type": "Point", "coordinates": [-89.906068000238, 35.0585729998441]}, "properties": {"FID": 728, "stop_id": "0:PERSCOSM", "stop_name": "PERKINS ROAD at SCOTTSDALE AVENUE", "stop_desc": "st 1868", "stop_lat": 35.058573, "stop_lon": -89.906068, "zone_id": " ", "location_t": 0, "parent_sta": "1:PERSCOSM", "vehicle_ty": 3}}, {"type": "Feature", "id": 729, "geometry": {"type": "Point", "coordinates": [-90.0230590002726, 35.115285999949]}, "properties": {"FID": 729, "stop_id": "0:MCLJAMEN", "stop_name": "MCLEMORE AVENUE at JAMES STREET", "stop_desc": "st 4368", "stop_lat": 35.115286, "stop_lon": -90.023059, "zone_id": " ", "location_t": 0, "parent_sta": "1:MCLJAMEN", "vehicle_ty": 3}}, {"type": "Feature", "id": 730, "geometry": {"type": "Point", "coordinates": [-90.055265999826, 35.1177429999395]}, "properties": {"FID": 730, "stop_id": "0:THIGASSN", "stop_name": "3RD STREET at GON AVENUE", "stop_desc": "st 4306", "stop_lat": 35.117743, "stop_lon": -90.055266, "zone_id": " ", "location_t": 0, "parent_sta": "1:THIGASSN", "vehicle_ty": 3}}, {"type": "Feature", "id": 731, "geometry": {"type": "Point", "coordinates": [-89.9222130001298, 35.0569860004036]}, "properties": {"FID": 731, "stop_id": "0:GOOCHUNN", "stop_name": "GOODLETT STREET at CHUCK AVENUE", "stop_desc": "st 2711", "stop_lat": 35.056986, "stop_lon": -89.922213, "zone_id": " ", "location_t": 0, "parent_sta": "1:GOOCHUNN", "vehicle_ty": 3}}, {"type": "Feature", "id": 732, "geometry": {"type": "Point", "coordinates": [-89.9221419995536, 35.0592290004181]}, "properties": {"FID": 732, "stop_id": "0:GOOFORNN", "stop_name": "GOODLETT STREET at FOREST VIEW DRIVE", "stop_desc": "st 2712", "stop_lat": 35.059229, "stop_lon": -89.922142, "zone_id": " ", "location_t": 0, "parent_sta": "1:GOOFORNN", "vehicle_ty": 3}}, {"type": "Feature", "id": 733, "geometry": {"type": "Point", "coordinates": [-90.0696169997247, 35.0430469997193]}, "properties": {"FID": 733, "stop_id": "0:HORLEVSN", "stop_name": "HORN LAKE ROAD at LEVI ROAD", "stop_desc": "st 4899", "stop_lat": 35.043047, "stop_lon": -90.069617, "zone_id": " ", "location_t": 0, "parent_sta": "1:HORLEVSN", "vehicle_ty": 3}}, {"type": "Feature", "id": 734, "geometry": {"type": "Point", "coordinates": [-90.069274000095, 35.0396860003087]}, "properties": {"FID": 734, "stop_id": "0:HORTHISN", "stop_name": "HORN LAKE ROAD at 3RD STREET", "stop_desc": "st 4900", "stop_lat": 35.039686, "stop_lon": -90.069274, "zone_id": " ", "location_t": 0, "parent_sta": "1:HORTHISN", "vehicle_ty": 3}}, {"type": "Feature", "id": 735, "geometry": {"type": "Point", "coordinates": [-90.0108449999967, 35.1434229997717]}, "properties": {"FID": 735, "stop_id": "0:POPSTOEN", "stop_name": "POPLAR AVENUE at STONEWALL STREET", "stop_desc": "st 1892", "stop_lat": 35.143423, "stop_lon": -90.010845, "zone_id": " ", "location_t": 0, "parent_sta": "1:POPSTOEN", "vehicle_ty": 3}}, {"type": "Feature", "id": 736, "geometry": {"type": "Point", "coordinates": [-90.0092850000027, 35.1432970002564]}, "properties": {"FID": 736, "stop_id": "0:POPCL1EN", "stop_name": "POPLAR AVENUE at CLARK PLACE", "stop_desc": "st 1893", "stop_lat": 35.143297, "stop_lon": -90.009285, "zone_id": " ", "location_t": 0, "parent_sta": "1:POPCL1EN", "vehicle_ty": 3}}, {"type": "Feature", "id": 737, "geometry": {"type": "Point", "coordinates": [-90.0080119997539, 35.1431800002568]}, "properties": {"FID": 737, "stop_id": "0:POPWILEN", "stop_name": "POPLAR AVENUE at WILLET ROAD", "stop_desc": "st 1894", "stop_lat": 35.14318, "stop_lon": -90.008012, "zone_id": " ", "location_t": 0, "parent_sta": "1:POPWILEN", "vehicle_ty": 3}}, {"type": "Feature", "id": 738, "geometry": {"type": "Point", "coordinates": [-90.0060419997384, 35.1430089995657]}, "properties": {"FID": 738, "stop_id": "0:POPANGEN", "stop_name": "POPLAR AVENUE at ANGELUS STREET", "stop_desc": "st 1895", "stop_lat": 35.143009, "stop_lon": -90.006042, "zone_id": " ", "location_t": 0, "parent_sta": "1:POPANGEN", "vehicle_ty": 3}}, {"type": "Feature", "id": 739, "geometry": {"type": "Point", "coordinates": [-90.0032640002334, 35.1427839999816]}, "properties": {"FID": 739, "stop_id": "0:POPEVEEN", "stop_name": "POPLAR AVENUE at EVERGREEN STREET", "stop_desc": "st 1896", "stop_lat": 35.142784, "stop_lon": -90.003264, "zone_id": " ", "location_t": 0, "parent_sta": "1:POPEVEEN", "vehicle_ty": 3}}, {"type": "Feature", "id": 740, "geometry": {"type": "Point", "coordinates": [-89.888939999981, 35.0505310004054]}, "properties": {"FID": 740, "stop_id": "0:WINWI1EN", "stop_name": "WINCHESTER ROAD at WINPLACE ROAD", "stop_desc": "st 1770", "stop_lat": 35.050531, "stop_lon": -89.88894, "zone_id": " ", "location_t": 0, "parent_sta": "1:WINWI1EN", "vehicle_ty": 3}}, {"type": "Feature", "id": 741, "geometry": {"type": "Point", "coordinates": [-90.017836000431, 35.1655260001249]}, "properties": {"FID": 741, "stop_id": "0:VOLBELWN", "stop_name": "VOLLINTINE AVENUE at BELLEVUE BOULEVARD", "stop_desc": "st 3853", "stop_lat": 35.165526, "stop_lon": -90.017836, "zone_id": " ", "location_t": 0, "parent_sta": "1:VOLBELWN", "vehicle_ty": 3}}, {"type": "Feature", "id": 742, "geometry": {"type": "Point", "coordinates": [-89.8655020001171, 35.1693880001561]}, "properties": {"FID": 742, "stop_id": "0:SYCSUMNM", "stop_name": "SYCAMORE VIEW ROAD at SUMMER AVENUE", "stop_desc": "st 4041", "stop_lat": 35.169388, "stop_lon": -89.865502, "zone_id": " ", "location_t": 0, "parent_sta": "1:SYCSUMNM", "vehicle_ty": 3}}, {"type": "Feature", "id": 743, "geometry": {"type": "Point", "coordinates": [-89.9411639999186, 35.1612400003258]}, "properties": {"FID": 743, "stop_id": "0:MACBILWN", "stop_name": "MACON ROAD at BILTMORE STREET", "stop_desc": "st 3203", "stop_lat": 35.16124, "stop_lon": -89.941164, "zone_id": " ", "location_t": 0, "parent_sta": "1:MACBILWN", "vehicle_ty": 3}}, {"type": "Feature", "id": 744, "geometry": {"type": "Point", "coordinates": [-89.942292999822, 35.1615369996329]}, "properties": {"FID": 744, "stop_id": "0:MACGORWN", "stop_name": "MACON ROAD at GORDON STREET", "stop_desc": "st 3204", "stop_lat": 35.161537, "stop_lon": -89.942293, "zone_id": " ", "location_t": 0, "parent_sta": "1:MACGORWN", "vehicle_ty": 3}}, {"type": "Feature", "id": 745, "geometry": {"type": "Point", "coordinates": [-89.9444070001829, 35.161931999862]}, "properties": {"FID": 745, "stop_id": "0:MACHIGWF", "stop_name": "MACON ROAD at HIGHLAND STREET", "stop_desc": "st 3993", "stop_lat": 35.161932, "stop_lon": -89.944407, "zone_id": " ", "location_t": 0, "parent_sta": "1:MACHIGWF", "vehicle_ty": 3}}, {"type": "Feature", "id": 746, "geometry": {"type": "Point", "coordinates": [-90.0125090002901, 35.0799889999924]}, "properties": {"FID": 746, "stop_id": "0:SPAWHISM", "stop_name": "SPARKS STREET at WHITMORE ROAD", "stop_desc": "st 4686", "stop_lat": 35.079989, "stop_lon": -90.012509, "zone_id": " ", "location_t": 0, "parent_sta": "1:SPAWHISM", "vehicle_ty": 3}}, {"type": "Feature", "id": 747, "geometry": {"type": "Point", "coordinates": [-90.0124439999906, 35.0781030002533]}, "properties": {"FID": 747, "stop_id": "0:SPAALCSN", "stop_name": "SPARKS STREET at ALCY ROAD", "stop_desc": "st 4687", "stop_lat": 35.078103, "stop_lon": -90.012444, "zone_id": " ", "location_t": 0, "parent_sta": "1:SPAALCSN", "vehicle_ty": 3}}, {"type": "Feature", "id": 748, "geometry": {"type": "Point", "coordinates": [-90.0110060002267, 35.0778250000238]}, "properties": {"FID": 748, "stop_id": "0:ALCPEREN", "stop_name": "ALCY ROAD at PERRY ROAD", "stop_desc": "st 4688", "stop_lat": 35.077825, "stop_lon": -90.011006, "zone_id": " ", "location_t": 0, "parent_sta": "1:ALCPEREN", "vehicle_ty": 3}}, {"type": "Feature", "id": 749, "geometry": {"type": "Point", "coordinates": [-90.0099669999771, 35.0777890001623]}, "properties": {"FID": 749, "stop_id": "0:ALCKEEEN", "stop_name": "ALCY ROAD at KEEN ROAD", "stop_desc": "st 4689", "stop_lat": 35.077789, "stop_lon": -90.009967, "zone_id": " ", "location_t": 0, "parent_sta": "1:ALCKEEEN", "vehicle_ty": 3}}, {"type": "Feature", "id": 750, "geometry": {"type": "Point", "coordinates": [-90.0075009995714, 35.0776979995631]}, "properties": {"FID": 750, "stop_id": "0:ALCROZEN", "stop_name": "ALCY ROAD at ROZELLE STREET", "stop_desc": "st 4690", "stop_lat": 35.077698, "stop_lon": -90.007501, "zone_id": " ", "location_t": 0, "parent_sta": "1:ALCROZEN", "vehicle_ty": 3}}, {"type": "Feature", "id": 751, "geometry": {"type": "Point", "coordinates": [-90.0060520001996, 35.0776439997708]}, "properties": {"FID": 751, "stop_id": "0:ALCMANEN", "stop_name": "ALCY ROAD at MANCHESTER ROAD", "stop_desc": "st 4691", "stop_lat": 35.077644, "stop_lon": -90.006052, "zone_id": " ", "location_t": 0, "parent_sta": "1:ALCMANEN", "vehicle_ty": 3}}, {"type": "Feature", "id": 752, "geometry": {"type": "Point", "coordinates": [-90.0502010000761, 35.1517469996244]}, "properties": {"FID": 752, "stop_id": "0:CONTROSB", "stop_name": "CONVENTION CENTER at MAIN STREET", "stop_desc": "st 6177", "stop_lat": 35.151747, "stop_lon": -90.050201, "zone_id": " ", "location_t": 0, "parent_sta": "1:CONTROSB", "vehicle_ty": 3}}, {"type": "Feature", "id": 753, "geometry": {"type": "Point", "coordinates": [-90.0512530000259, 35.1491820000493]}, "properties": {"FID": 753, "stop_id": "0:CIVTROSM", "stop_name": "CIVIC CENTER at MAIN STREET", "stop_desc": "st 6178", "stop_lat": 35.149182, "stop_lon": -90.051253, "zone_id": " ", "location_t": 0, "parent_sta": "1:CIVTROSM", "vehicle_ty": 3}}, {"type": "Feature", "id": 754, "geometry": {"type": "Point", "coordinates": [-90.0520170001844, 35.1472429996647]}, "properties": {"FID": 754, "stop_id": "0:JEFTROSN", "stop_name": "JEFFERSON AVENUE at MAIN STREET", "stop_desc": "st 696", "stop_lat": 35.147243, "stop_lon": -90.052017, "zone_id": " ", "location_t": 0, "parent_sta": "1:JEFTROSN", "vehicle_ty": 3}}, {"type": "Feature", "id": 755, "geometry": {"type": "Point", "coordinates": [-90.0311609997803, 35.132555000413]}, "properties": {"FID": 755, "stop_id": "0:EASESTSN", "stop_name": "EAST STREET at ESTIVAL PLACE", "stop_desc": "st 5716", "stop_lat": 35.132555, "stop_lon": -90.031161, "zone_id": " ", "location_t": 0, "parent_sta": "1:EASESTSN", "vehicle_ty": 3}}, {"type": "Feature", "id": 756, "geometry": {"type": "Point", "coordinates": [-90.029302000387, 35.1317140003009]}, "properties": {"FID": 756, "stop_id": "0:CRUDUDEN", "stop_name": "CRUMP BOULEVARD at DUDLEY STREET", "stop_desc": "st 5728", "stop_lat": 35.131714, "stop_lon": -90.029302, "zone_id": " ", "location_t": 0, "parent_sta": "1:CRUDUDEN", "vehicle_ty": 3}}, {"type": "Feature", "id": 757, "geometry": {"type": "Point", "coordinates": [-90.0273870002098, 35.1316780004394]}, "properties": {"FID": 757, "stop_id": "0:CRUCAMEN", "stop_name": "CRUMP BOULEVARD at CAMILLA STREET", "stop_desc": "st 5729", "stop_lat": 35.131678, "stop_lon": -90.027387, "zone_id": " ", "location_t": 0, "parent_sta": "1:CRUCAMEN", "vehicle_ty": 3}}, {"type": "Feature", "id": 758, "geometry": {"type": "Point", "coordinates": [-90.0257169996398, 35.131320000118]}, "properties": {"FID": 758, "stop_id": "0:CRUSOMEF", "stop_name": "CRUMP BOULEVARD at SOMERILLE STREET", "stop_desc": "st 5730", "stop_lat": 35.13132, "stop_lon": -90.025717, "zone_id": " ", "location_t": 0, "parent_sta": "1:CRUSOMEF", "vehicle_ty": 3}}, {"type": "Feature", "id": 759, "geometry": {"type": "Point", "coordinates": [-90.0216239997478, 35.1288959998506]}, "properties": {"FID": 759, "stop_id": "0:LAMMINEN", "stop_name": "LAMAR AVENUE at MINNA PL", "stop_desc": "st 5731", "stop_lat": 35.128896, "stop_lon": -90.021624, "zone_id": " ", "location_t": 0, "parent_sta": "1:LAMMINEN", "vehicle_ty": 3}}, {"type": "Feature", "id": 760, "geometry": {"type": "Point", "coordinates": [-89.9284309999906, 35.1623789997911]}, "properties": {"FID": 760, "stop_id": "0:MACVICWN", "stop_name": "MACON ROAD at VICTOR DRIVE", "stop_desc": "st 3981", "stop_lat": 35.162379, "stop_lon": -89.928431, "zone_id": " ", "location_t": 0, "parent_sta": "1:MACVICWN", "vehicle_ty": 3}}, {"type": "Feature", "id": 761, "geometry": {"type": "Point", "coordinates": [-89.930157999592, 35.1624250001137]}, "properties": {"FID": 761, "stop_id": "0:MACCHAWN", "stop_name": "MACON ROAD at CHATWOOD STREET", "stop_desc": "st 3982", "stop_lat": 35.162425, "stop_lon": -89.930158, "zone_id": " ", "location_t": 0, "parent_sta": "1:MACCHAWN", "vehicle_ty": 3}}, {"type": "Feature", "id": 762, "geometry": {"type": "Point", "coordinates": [-89.9312650002795, 35.1624450001367]}, "properties": {"FID": 762, "stop_id": "0:MACMARNW", "stop_name": "MACON ROAD at MARIA STREET", "stop_desc": "st 6343", "stop_lat": 35.162445, "stop_lon": -89.931265, "zone_id": " ", "location_t": 0, "parent_sta": "1:MACMARNW", "vehicle_ty": 3}}, {"type": "Feature", "id": 763, "geometry": {"type": "Point", "coordinates": [-90.0441309998457, 35.130995000419]}, "properties": {"FID": 763, "stop_id": "0:LAUSTPNM", "stop_name": "LAUDERDALE STREET at SAINT PAUL AVENUE", "stop_desc": "st 4453", "stop_lat": 35.130995, "stop_lon": -90.044131, "zone_id": " ", "location_t": 0, "parent_sta": "1:LAUSTPNM", "vehicle_ty": 3}}, {"type": "Feature", "id": 764, "geometry": {"type": "Point", "coordinates": [-90.0440089996156, 35.1322550000683]}, "properties": {"FID": 764, "stop_id": "0:LAUSTPNF", "stop_name": "LAUDERDALE STREET at SAINT PAUL AVENUE", "stop_desc": "st 6819", "stop_lat": 35.132255, "stop_lon": -90.044009, "zone_id": " ", "location_t": 0, "parent_sta": "1:LAUSTPNF", "vehicle_ty": 3}}, {"type": "Feature", "id": 765, "geometry": {"type": "Point", "coordinates": [-90.0687650000047, 35.1017740000701]}, "properties": {"FID": 765, "stop_id": "0:PERPENEM", "stop_name": "PERSON AVENUE at PENNSYLVANIA STREET", "stop_desc": "st 2250", "stop_lat": 35.101774, "stop_lon": -90.068765, "zone_id": " ", "location_t": 0, "parent_sta": "1:PERPENEM", "vehicle_ty": 3}}, {"type": "Feature", "id": 766, "geometry": {"type": "Point", "coordinates": [-90.0570419998883, 35.0864640000136]}, "properties": {"FID": 766, "stop_id": "0:MALTHIEN", "stop_name": "MALLORY AVENUE at SOUTH 3RD STREET", "stop_desc": "st 5005", "stop_lat": 35.086464, "stop_lon": -90.057042, "zone_id": " ", "location_t": 0, "parent_sta": "1:MALTHIEN", "vehicle_ty": 3}}, {"type": "Feature", "id": 767, "geometry": {"type": "Point", "coordinates": [-90.0517549997934, 35.0863740003599]}, "properties": {"FID": 767, "stop_id": "0:MALLATEF", "stop_name": "MALLORY AVENUE at LATHAM STREET", "stop_desc": "st 7061", "stop_lat": 35.086374, "stop_lon": -90.051755, "zone_id": " ", "location_t": 0, "parent_sta": "1:MALLATEF", "vehicle_ty": 3}}, {"type": "Feature", "id": 768, "geometry": {"type": "Point", "coordinates": [-89.8506769999436, 35.1578480003849]}, "properties": {"FID": 768, "stop_id": "0:MULTHRNN", "stop_name": "MULLINS STATION RD at THRUSHCROSS DRIVE", "stop_desc": "st 4029", "stop_lat": 35.157848, "stop_lon": -89.850677, "zone_id": " ", "location_t": 0, "parent_sta": "1:MULTHRNN", "vehicle_ty": 3}}, {"type": "Feature", "id": 769, "geometry": {"type": "Point", "coordinates": [-89.8505559997595, 35.1595689997096]}, "properties": {"FID": 769, "stop_id": "0:MULOAKNN", "stop_name": "MULLINS STATION ROAD at OAK PARK DRIVE", "stop_desc": "st 4030", "stop_lat": 35.159569, "stop_lon": -89.850556, "zone_id": " ", "location_t": 0, "parent_sta": "1:MULOAKNN", "vehicle_ty": 3}}, {"type": "Feature", "id": 770, "geometry": {"type": "Point", "coordinates": [-89.9686199998131, 35.1353689997796]}, "properties": {"FID": 770, "stop_id": "0:POPSCOWN", "stop_name": "POPLAR AVENUE at SCOTT STREET", "stop_desc": "st 2055", "stop_lat": 35.135369, "stop_lon": -89.96862, "zone_id": " ", "location_t": 0, "parent_sta": "1:POPSCOWN", "vehicle_ty": 3}}, {"type": "Feature", "id": 771, "geometry": {"type": "Point", "coordinates": [-89.9732660000258, 35.1370710000267]}, "properties": {"FID": 771, "stop_id": "0:POPCO1WN", "stop_name": "POPLAR AVENUE at COLLINS STREET", "stop_desc": "st 2056", "stop_lat": 35.137071, "stop_lon": -89.973266, "zone_id": " ", "location_t": 0, "parent_sta": "1:POPCO1WN", "vehicle_ty": 3}}, {"type": "Feature", "id": 772, "geometry": {"type": "Point", "coordinates": [-89.9749589998579, 35.137723999563]}, "properties": {"FID": 772, "stop_id": "0:POPBINWN", "stop_name": "POPLAR AVENUE at BINGHAM STREET", "stop_desc": "st 2057", "stop_lat": 35.137724, "stop_lon": -89.974959, "zone_id": " ", "location_t": 0, "parent_sta": "1:POPBINWN", "vehicle_ty": 3}}, {"type": "Feature", "id": 773, "geometry": {"type": "Point", "coordinates": [-89.9762199995533, 35.1381720004375]}, "properties": {"FID": 773, "stop_id": "0:POPMERWN", "stop_name": "POPLAR AVENUE at MERTON STREET", "stop_desc": "st 2058", "stop_lat": 35.138172, "stop_lon": -89.97622, "zone_id": " ", "location_t": 0, "parent_sta": "1:POPMERWN", "vehicle_ty": 3}}, {"type": "Feature", "id": 774, "geometry": {"type": "Point", "coordinates": [-89.9371659999109, 35.1493949999793]}, "properties": {"FID": 774, "stop_id": "0:SUMHIGWN", "stop_name": "SUMMER AVENUE at HIGH POINT TERR", "stop_desc": "st 4074", "stop_lat": 35.149395, "stop_lon": -89.937166, "zone_id": " ", "location_t": 0, "parent_sta": "1:SUMHIGWN", "vehicle_ty": 3}}, {"type": "Feature", "id": 775, "geometry": {"type": "Point", "coordinates": [-89.9086600001588, 35.1300560002842]}, "properties": {"FID": 775, "stop_id": "0:PERWALNM", "stop_name": "PERKINS ROAD at WALNUT GROVE ROAD", "stop_desc": "st 3149", "stop_lat": 35.130056, "stop_lon": -89.90866, "zone_id": " ", "location_t": 0, "parent_sta": "1:PERWALNM", "vehicle_ty": 3}}, {"type": "Feature", "id": 776, "geometry": {"type": "Point", "coordinates": [-89.9164369999675, 35.1315679998634]}, "properties": {"FID": 776, "stop_id": "0:WARWALNF", "stop_name": "WARING ROAD at WALNUT GROVE ROAD", "stop_desc": "st 1097", "stop_lat": 35.131568, "stop_lon": -89.916437, "zone_id": " ", "location_t": 0, "parent_sta": "1:WARWALNF", "vehicle_ty": 3}}, {"type": "Feature", "id": 777, "geometry": {"type": "Point", "coordinates": [-89.9162989998989, 35.1342310003604]}, "properties": {"FID": 777, "stop_id": "0:WARNORNN", "stop_name": "WARING ROAD at NORMANDY ROAD", "stop_desc": "st 1098", "stop_lat": 35.134231, "stop_lon": -89.916299, "zone_id": " ", "location_t": 0, "parent_sta": "1:WARNORNN", "vehicle_ty": 3}}, {"type": "Feature", "id": 778, "geometry": {"type": "Point", "coordinates": [-89.9162630000374, 35.1355530001709]}, "properties": {"FID": 778, "stop_id": "0:WARBARNN", "stop_name": "WARING ROAD at BARFIELD ROAD", "stop_desc": "st 1099", "stop_lat": 35.135553, "stop_lon": -89.916263, "zone_id": " ", "location_t": 0, "parent_sta": "1:WARBARNN", "vehicle_ty": 3}}, {"type": "Feature", "id": 779, "geometry": {"type": "Point", "coordinates": [-89.9161330003377, 35.1395029997637]}, "properties": {"FID": 779, "stop_id": "0:WARCHINN", "stop_name": "WARING ROAD at CHICKASAW ROAD", "stop_desc": "st 1100", "stop_lat": 35.139503, "stop_lon": -89.916133, "zone_id": " ", "location_t": 0, "parent_sta": "1:WARCHINN", "vehicle_ty": 3}}, {"type": "Feature", "id": 780, "geometry": {"type": "Point", "coordinates": [-90.0319259999849, 35.0616479995556]}, "properties": {"FID": 780, "stop_id": "0:BROFLEEN", "stop_name": "BROOKS ROAD at FLEETBROOK DRIVE", "stop_desc": "st 5292", "stop_lat": 35.061648, "stop_lon": -90.031926, "zone_id": " ", "location_t": 0, "parent_sta": "1:BROFLEEN", "vehicle_ty": 3}}, {"type": "Feature", "id": 781, "geometry": {"type": "Point", "coordinates": [-89.9642980001526, 35.123764999755]}, "properties": {"FID": 781, "stop_id": "0:CENTARWF", "stop_name": "CENTRAL AVENUE at TARA LANE", "stop_desc": "st 3521", "stop_lat": 35.123765, "stop_lon": -89.964298, "zone_id": " ", "location_t": 0, "parent_sta": "1:CENTARWF", "vehicle_ty": 3}}, {"type": "Feature", "id": 782, "geometry": {"type": "Point", "coordinates": [-89.9612390002796, 35.1353620003561]}, "properties": {"FID": 782, "stop_id": "0:WALTILWM", "stop_name": "WALNUT GROVE ROAD at TILLMAN STREET", "stop_desc": "st 2990", "stop_lat": 35.135362, "stop_lon": -89.961239, "zone_id": " ", "location_t": 0, "parent_sta": "1:WALTILWM", "vehicle_ty": 3}}, {"type": "Feature", "id": 783, "geometry": {"type": "Point", "coordinates": [-89.9592369996877, 35.1342430000145]}, "properties": {"FID": 783, "stop_id": "0:WALHAYWM", "stop_name": "WALNUT GROVE ROAD at HAYDEN STREET", "stop_desc": "st 2989", "stop_lat": 35.134243, "stop_lon": -89.959237, "zone_id": " ", "location_t": 0, "parent_sta": "1:WALHAYWM", "vehicle_ty": 3}}, {"type": "Feature", "id": 784, "geometry": {"type": "Point", "coordinates": [-89.956371999768, 35.1337309997859]}, "properties": {"FID": 784, "stop_id": "0:WALEASWM", "stop_name": "WALNUT GROVE ROAD at EVIEW DRIVE", "stop_desc": "st 2988", "stop_lat": 35.133731, "stop_lon": -89.956372, "zone_id": " ", "location_t": 0, "parent_sta": "1:WALEASWM", "vehicle_ty": 3}}, {"type": "Feature", "id": 785, "geometry": {"type": "Point", "coordinates": [-89.8345390003745, 35.0978030004082]}, "properties": {"FID": 785, "stop_id": "0:POPOA1WN", "stop_name": "POPLAR AVENUE at OAK HILL ROAD", "stop_desc": "st 2004", "stop_lat": 35.097803, "stop_lon": -89.834539, "zone_id": " ", "location_t": 0, "parent_sta": "1:POPOA1WN", "vehicle_ty": 3}}, {"type": "Feature", "id": 786, "geometry": {"type": "Point", "coordinates": [-89.8417259999549, 35.0987459998281]}, "properties": {"FID": 786, "stop_id": "0:POPRANWN", "stop_name": "POPLAR AVENUE at RANDOLPH PLACE", "stop_desc": "st 2007", "stop_lat": 35.098746, "stop_lon": -89.841726, "zone_id": " ", "location_t": 0, "parent_sta": "1:POPRANWN", "vehicle_ty": 3}}, {"type": "Feature", "id": 787, "geometry": {"type": "Point", "coordinates": [-90.0470210000191, 35.0862839998068]}, "properties": {"FID": 787, "stop_id": "0:MALWALEF", "stop_name": "MALLORY AVENUE at WELLINGTON STREET", "stop_desc": "st 7062", "stop_lat": 35.086284, "stop_lon": -90.047021, "zone_id": " ", "location_t": 0, "parent_sta": "1:MALWALEF", "vehicle_ty": 3}}, {"type": "Feature", "id": 788, "geometry": {"type": "Point", "coordinates": [-90.0159240003923, 35.0832169995649]}, "properties": {"FID": 788, "stop_id": "0:NORWAREF", "stop_name": "NORRIS ROAD at WARREN STREET", "stop_desc": "st 7111", "stop_lat": 35.083217, "stop_lon": -90.015924, "zone_id": " ", "location_t": 0, "parent_sta": "1:NORWAREF", "vehicle_ty": 3}}, {"type": "Feature", "id": 789, "geometry": {"type": "Point", "coordinates": [-90.0134250002635, 35.0820000001]}, "properties": {"FID": 789, "stop_id": "0:BALSILEN", "stop_name": "BALL ROAD at SILVER STREET", "stop_desc": "st 7112", "stop_lat": 35.082, "stop_lon": -90.013425, "zone_id": " ", "location_t": 0, "parent_sta": "1:BALSILEN", "vehicle_ty": 3}}, {"type": "Feature", "id": 790, "geometry": {"type": "Point", "coordinates": [-89.8961499997227, 35.1861060003916]}, "properties": {"FID": 790, "stop_id": "0:COVELMNF", "stop_name": "COVINGTON PIKE at ELMORE ROAD", "stop_desc": "st 1121", "stop_lat": 35.186106, "stop_lon": -89.89615, "zone_id": " ", "location_t": 0, "parent_sta": "1:COVELMNF", "vehicle_ty": 3}}, {"type": "Feature", "id": 791, "geometry": {"type": "Point", "coordinates": [-89.8957310001855, 35.1905110002825]}, "properties": {"FID": 791, "stop_id": "0:COVCHINN", "stop_name": "COVINGTON PIKE at CHISWOOD STREET", "stop_desc": "st 1122", "stop_lat": 35.190511, "stop_lon": -89.895731, "zone_id": " ", "location_t": 0, "parent_sta": "1:COVCHINN", "vehicle_ty": 3}}, {"type": "Feature", "id": 792, "geometry": {"type": "Point", "coordinates": [-89.9000390000998, 35.1953430000794]}, "properties": {"FID": 792, "stop_id": "0:RALBATNF", "stop_name": "RALEIGH LAGRANGE RD at BATTLE CREEEK DR", "stop_desc": "st 1124", "stop_lat": 35.195343, "stop_lon": -89.900039, "zone_id": " ", "location_t": 0, "parent_sta": "1:RALBATNF", "vehicle_ty": 3}}, {"type": "Feature", "id": 793, "geometry": {"type": "Point", "coordinates": [-90.0324400003057, 35.1405450001517]}, "properties": {"FID": 793, "stop_id": "0:MADDUNWN", "stop_name": "MADISON AVENUE at DUNLAP STREET", "stop_desc": "st 502 (no 1014)", "stop_lat": 35.140545, "stop_lon": -90.03244, "zone_id": " ", "location_t": 0, "parent_sta": "1:504", "vehicle_ty": 3}}, {"type": "Feature", "id": 794, "geometry": {"type": "Point", "coordinates": [-90.0504990003286, 35.1567069999281]}, "properties": {"FID": 794, "stop_id": "0:BASSPRO", "stop_name": "BASS PRO SHOPS", "stop_desc": "st 6536 (no 824)", "stop_lat": 35.156707, "stop_lon": -90.050499, "zone_id": " ", "location_t": 0, "parent_sta": "1:BASSPRO", "vehicle_ty": 3}}, {"type": "Feature", "id": 795, "geometry": {"type": "Point", "coordinates": [-90.0590259996501, 35.1319349997005]}, "properties": {"FID": 795, "stop_id": "0:CENTRSTA", "stop_name": "CENTRAL STATION", "stop_desc": "st 7118 (no 1161)", "stop_lat": 35.131935, "stop_lon": -90.059026, "zone_id": " ", "location_t": 0, "parent_sta": "1:681", "vehicle_ty": 3}}, {"type": "Feature", "id": 796, "geometry": {"type": "Point", "coordinates": [-90.0480190001767, 35.157100000065]}, "properties": {"FID": 796, "stop_id": "0:WHTCTRLY", "stop_name": "WILLIAM HUDSON TRANSIT CENTER", "stop_desc": "st 505 (no 851)", "stop_lat": 35.1571, "stop_lon": -90.048019, "zone_id": " ", "location_t": 0, "parent_sta": "1:WHTC", "vehicle_ty": 3}}, {"type": "Feature", "id": 797, "geometry": {"type": "Point", "coordinates": [-90.0449909999347, 35.1409770002884]}, "properties": {"FID": 797, "stop_id": "0:UNIDANWN", "stop_name": "UNION AVENUE at DANNY THOMAS BOULEVARD", "stop_desc": "st 3022 (no 1061)", "stop_lat": 35.140977, "stop_lon": -90.044991, "zone_id": " ", "location_t": 0, "parent_sta": "1:3022", "vehicle_ty": 3}}, {"type": "Feature", "id": 798, "geometry": {"type": "Point", "coordinates": [-90.0224589995831, 35.1375030001634]}, "properties": {"FID": 798, "stop_id": "0:UNIWALWM", "stop_name": "UNION AVENUE at WALDRAN BOULEVARD", "stop_desc": "st 3013 (no 1060)", "stop_lat": 35.137503, "stop_lon": -90.022459, "zone_id": " ", "location_t": 0, "parent_sta": "1:3013", "vehicle_ty": 3}}, {"type": "Feature", "id": 799, "geometry": {"type": "Point", "coordinates": [-90.0006809998283, 35.1353289997336]}, "properties": {"FID": 799, "stop_id": "0:UNIMCLWF", "stop_name": "UNION AVENUE at MCLEAN BOULEVARD", "stop_desc": "st 3003 (no 1059)", "stop_lat": 35.135329, "stop_lon": -90.000681, "zone_id": " ", "location_t": 0, "parent_sta": "1:3003", "vehicle_ty": 3}}, {"type": "Feature", "id": 800, "geometry": {"type": "Point", "coordinates": [-89.8800740003148, 35.1847319999819]}, "properties": {"FID": 800, "stop_id": "0:RALBARWF", "stop_name": "RALEIGH LAGRANGE ROAD at BARTLETT ROAD", "stop_desc": "st 7077", "stop_lat": 35.184732, "stop_lon": -89.880074, "zone_id": " ", "location_t": 0, "parent_sta": "1:RALBARWF", "vehicle_ty": 3}}, {"type": "Feature", "id": 801, "geometry": {"type": "Point", "coordinates": [-89.9643800003367, 35.0880799998922]}, "properties": {"FID": 801, "stop_id": "0:LAMSOUEN", "stop_name": "LAMAR AVENUE at SOUTHWALL STREET", "stop_desc": "st 5761", "stop_lat": 35.08808, "stop_lon": -89.96438, "zone_id": " ", "location_t": 0, "parent_sta": "1:LAMSOUEN", "vehicle_ty": 3}}, {"type": "Feature", "id": 802, "geometry": {"type": "Point", "coordinates": [-89.9635519999248, 35.0870690000344]}, "properties": {"FID": 802, "stop_id": "0:LAMSEMEM", "stop_name": "LAMAR AVENUE at SEMMES STREET", "stop_desc": "st 5762", "stop_lat": 35.087069, "stop_lon": -89.963552, "zone_id": " ", "location_t": 0, "parent_sta": "1:LAMSEMEM", "vehicle_ty": 3}}, {"type": "Feature", "id": 803, "geometry": {"type": "Point", "coordinates": [-89.961962000346, 35.0854679999483]}, "properties": {"FID": 803, "stop_id": "0:LAMSEMEF", "stop_name": "LAMAR AVENUE at SEMMES STREET", "stop_desc": "st 5763", "stop_lat": 35.085468, "stop_lon": -89.961962, "zone_id": " ", "location_t": 0, "parent_sta": "1:LAMSEMEF", "vehicle_ty": 3}}, {"type": "Feature", "id": 804, "geometry": {"type": "Point", "coordinates": [-89.9607140003508, 35.0844299997448]}, "properties": {"FID": 804, "stop_id": "0:LAMRKSEN", "stop_name": "LAMAR AVENUE at RKS COMMERCIAL COVE", "stop_desc": "st 5764", "stop_lat": 35.08443, "stop_lon": -89.960714, "zone_id": " ", "location_t": 0, "parent_sta": "1:LAMRKSEN", "vehicle_ty": 3}}, {"type": "Feature", "id": 805, "geometry": {"type": "Point", "coordinates": [-89.9596089997555, 35.0834989999789]}, "properties": {"FID": 805, "stop_id": "0:LAMJOHEN", "stop_name": "LAMAR AVENUE at JOHN PAUL DRIVE", "stop_desc": "st 5765", "stop_lat": 35.083499, "stop_lon": -89.959609, "zone_id": " ", "location_t": 0, "parent_sta": "1:LAMJOHEN", "vehicle_ty": 3}}, {"type": "Feature", "id": 806, "geometry": {"type": "Point", "coordinates": [-89.9713160000333, 35.0961919998609]}, "properties": {"FID": 806, "stop_id": "0:LAMLOWEN", "stop_name": "LAMAR AVENUE at LOWELL AVENUE", "stop_desc": "st 5756", "stop_lat": 35.096192, "stop_lon": -89.971316, "zone_id": " ", "location_t": 0, "parent_sta": "1:LAMLOWEN", "vehicle_ty": 3}}, {"type": "Feature", "id": 807, "geometry": {"type": "Point", "coordinates": [-89.9340520001996, 35.1076919995862]}, "properties": {"FID": 807, "stop_id": "0:PARKELWN", "stop_name": "PARK AVENUE at KELLEY ROAD", "stop_desc": "st 2160", "stop_lat": 35.107692, "stop_lon": -89.934052, "zone_id": " ", "location_t": 0, "parent_sta": "1:PARKELWN", "vehicle_ty": 3}}, {"type": "Feature", "id": 808, "geometry": {"type": "Point", "coordinates": [-89.9362429996147, 35.1077300004392]}, "properties": {"FID": 808, "stop_id": "0:PARGOOWF", "stop_name": "PARK AVENUE at GOODMAN STREET", "stop_desc": "st 2161", "stop_lat": 35.10773, "stop_lon": -89.936243, "zone_id": " ", "location_t": 0, "parent_sta": "1:PARGOOWF", "vehicle_ty": 3}}, {"type": "Feature", "id": 809, "geometry": {"type": "Point", "coordinates": [-89.9384770001134, 35.1077870003698]}, "properties": {"FID": 809, "stop_id": "0:PARECHWN", "stop_name": "PARK AVENUE at ECHLES STREET", "stop_desc": "st 2162", "stop_lat": 35.107787, "stop_lon": -89.938477, "zone_id": " ", "location_t": 0, "parent_sta": "1:PARECHWN", "vehicle_ty": 3}}, {"type": "Feature", "id": 810, "geometry": {"type": "Point", "coordinates": [-89.9415079995945, 35.1078699997008]}, "properties": {"FID": 810, "stop_id": "0:PARPATWN", "stop_name": "PARK AVENUE at PATTERSON STREET", "stop_desc": "st 2163", "stop_lat": 35.10787, "stop_lon": -89.941508, "zone_id": " ", "location_t": 0, "parent_sta": "1:PARPATWN", "vehicle_ty": 3}}, {"type": "Feature", "id": 811, "geometry": {"type": "Point", "coordinates": [-89.9435219998404, 35.1079350000003]}, "properties": {"FID": 811, "stop_id": "0:PARHIGWM", "stop_name": "PARK AVENUE at HIGHLAND STREET", "stop_desc": "st 2164", "stop_lat": 35.107935, "stop_lon": -89.943522, "zone_id": " ", "location_t": 0, "parent_sta": "1:PARHIGWM", "vehicle_ty": 3}}, {"type": "Feature", "id": 812, "geometry": {"type": "Point", "coordinates": [-89.9451700002953, 35.107972999954]}, "properties": {"FID": 812, "stop_id": "0:PARHI1WM", "stop_name": "PARK AVENUE at HIGHLAND STREET", "stop_desc": "st 2165", "stop_lat": 35.107973, "stop_lon": -89.94517, "zone_id": " ", "location_t": 0, "parent_sta": "1:PARHI1WM", "vehicle_ty": 3}}, {"type": "Feature", "id": 813, "geometry": {"type": "Point", "coordinates": [-89.8485200002978, 35.0065140003209]}, "properties": {"FID": 813, "stop_id": "0:CRUHOLNF", "stop_name": "CRUMPLER ROAD at HOLMES STREET", "stop_desc": "st 2532", "stop_lat": 35.006514, "stop_lon": -89.84852, "zone_id": " ", "location_t": 0, "parent_sta": "1:CRUHOLNF", "vehicle_ty": 3}}, {"type": "Feature", "id": 814, "geometry": {"type": "Point", "coordinates": [-90.034318999722, 35.0983009999912]}, "properties": {"FID": 814, "stop_id": "0:MARALISF", "stop_name": "MARJORIE STREET at ALIDA AVENUE", "stop_desc": "st 4744", "stop_lat": 35.098301, "stop_lon": -90.034319, "zone_id": " ", "location_t": 0, "parent_sta": "1:MARALISF", "vehicle_ty": 3}}, {"type": "Feature", "id": 815, "geometry": {"type": "Point", "coordinates": [-90.0330030001883, 35.097407000133]}, "properties": {"FID": 815, "stop_id": "0:MARWOOSN", "stop_name": "MARJORIE STREET at WOODLAND AVENUE", "stop_desc": "st 4745", "stop_lat": 35.097407, "stop_lon": -90.033003, "zone_id": " ", "location_t": 0, "parent_sta": "1:MARWOOSN", "vehicle_ty": 3}}, {"type": "Feature", "id": 816, "geometry": {"type": "Point", "coordinates": [-90.03166499964, 35.0964770004133]}, "properties": {"FID": 816, "stop_id": "0:MARGAISF", "stop_name": "MARJORIE STREET at GAITHER COVE", "stop_desc": "st 6594", "stop_lat": 35.096477, "stop_lon": -90.031665, "zone_id": " ", "location_t": 0, "parent_sta": "1:MARGAISF", "vehicle_ty": 3}}, {"type": "Feature", "id": 817, "geometry": {"type": "Point", "coordinates": [-90.0308909999197, 35.0959490003461]}, "properties": {"FID": 817, "stop_id": "0:MARNORSN", "stop_name": "MARJORIE STREET at NORFOLK STREET", "stop_desc": "st 4746", "stop_lat": 35.095949, "stop_lon": -90.030891, "zone_id": " ", "location_t": 0, "parent_sta": "1:MARNORSN", "vehicle_ty": 3}}, {"type": "Feature", "id": 818, "geometry": {"type": "Point", "coordinates": [-89.983852999916, 35.1710110003575]}, "properties": {"FID": 818, "stop_id": "0:SPRELDSN", "stop_name": "SPRINGDALE STREET at ELDRIDGE AVENUE", "stop_desc": "st 4532", "stop_lat": 35.171011, "stop_lon": -89.983853, "zone_id": " ", "location_t": 0, "parent_sta": "1:SPRELDSN", "vehicle_ty": 3}}, {"type": "Feature", "id": 819, "geometry": {"type": "Point", "coordinates": [-89.9838869996852, 35.169884999693]}, "properties": {"FID": 819, "stop_id": "0:SPRHUNSN", "stop_name": "SPRINGDALE STREET at HUNTER AVENUE", "stop_desc": "st 4533", "stop_lat": 35.169885, "stop_lon": -89.983887, "zone_id": " ", "location_t": 0, "parent_sta": "1:SPRHUNSN", "vehicle_ty": 3}}, {"type": "Feature", "id": 820, "geometry": {"type": "Point", "coordinates": [-89.9839790003306, 35.1673559999795]}, "properties": {"FID": 820, "stop_id": "0:SPRHOWSN", "stop_name": "SPRINGDALE STREET at HOWELL AVENUE", "stop_desc": "st 4534", "stop_lat": 35.167356, "stop_lon": -89.983979, "zone_id": " ", "location_t": 0, "parent_sta": "1:SPRHOWSN", "vehicle_ty": 3}}, {"type": "Feature", "id": 821, "geometry": {"type": "Point", "coordinates": [-89.9841029997536, 35.1649699996658]}, "properties": {"FID": 821, "stop_id": "0:SPRBERSN", "stop_name": "SPRINGDALE STREET at BERKELEY AVENUE", "stop_desc": "st 4536", "stop_lat": 35.16497, "stop_lon": -89.984103, "zone_id": " ", "location_t": 0, "parent_sta": "1:SPRBERSN", "vehicle_ty": 3}}, {"type": "Feature", "id": 822, "geometry": {"type": "Point", "coordinates": [-89.9841710001915, 35.1633169998797]}, "properties": {"FID": 822, "stop_id": "0:SPRALBSN", "stop_name": "SPRINGDALE STREET at ALBANY AVENUE", "stop_desc": "st 4537", "stop_lat": 35.163317, "stop_lon": -89.984171, "zone_id": " ", "location_t": 0, "parent_sta": "1:SPRALBSN", "vehicle_ty": 3}}, {"type": "Feature", "id": 823, "geometry": {"type": "Point", "coordinates": [-89.9842049999608, 35.162530999606]}, "properties": {"FID": 823, "stop_id": "0:SPRVOLSN", "stop_name": "SPRINGDALE STREET at VOLLINTINE AVENUE", "stop_desc": "st 4538", "stop_lat": 35.162531, "stop_lon": -89.984205, "zone_id": " ", "location_t": 0, "parent_sta": "1:SPRVOLSN", "vehicle_ty": 3}}, {"type": "Feature", "id": 824, "geometry": {"type": "Point", "coordinates": [-89.9857999997701, 35.1622100000915]}, "properties": {"FID": 824, "stop_id": "0:VOLHALWM", "stop_name": "VOLLINTINE AVENUE at HALLWOOD DRIVE", "stop_desc": "st 4539", "stop_lat": 35.16221, "stop_lon": -89.9858, "zone_id": " ", "location_t": 0, "parent_sta": "1:VOLHALWM", "vehicle_ty": 3}}, {"type": "Feature", "id": 825, "geometry": {"type": "Point", "coordinates": [-89.986972999904, 35.1624080002291]}, "properties": {"FID": 825, "stop_id": "0:VOLHALWN", "stop_name": "VOLLINTINE AVENUE at HALLWOOD DRIVE", "stop_desc": "st 4540", "stop_lat": 35.162408, "stop_lon": -89.986973, "zone_id": " ", "location_t": 0, "parent_sta": "1:VOLHALWN", "vehicle_ty": 3}}, {"type": "Feature", "id": 826, "geometry": {"type": "Point", "coordinates": [-89.9914339996793, 35.1628570002504]}, "properties": {"FID": 826, "stop_id": "0:VOLUNIWF", "stop_name": "VOLLINTINE AVENUE at UNIVERSITY STREET", "stop_desc": "st 4542", "stop_lat": 35.162857, "stop_lon": -89.991434, "zone_id": " ", "location_t": 0, "parent_sta": "1:VOLUNIWF", "vehicle_ty": 3}}, {"type": "Feature", "id": 827, "geometry": {"type": "Point", "coordinates": [-89.9310599998191, 35.1228099997817]}, "properties": {"FID": 827, "stop_id": "0:CENGRAWN", "stop_name": "CENTRAL AVENUE at GRANDVIEW STREET", "stop_desc": "st 3466", "stop_lat": 35.12281, "stop_lon": -89.93106, "zone_id": " ", "location_t": 0, "parent_sta": "1:CENGRAWN", "vehicle_ty": 3}}, {"type": "Feature", "id": 828, "geometry": {"type": "Point", "coordinates": [-89.9593120004484, 35.0208830001504]}, "properties": {"FID": 828, "stop_id": "0:SHEMACWN", "stop_name": "SHELBY DRIVE at MARTHA COLE LANE", "stop_desc": "st 7241", "stop_lat": 35.020883, "stop_lon": -89.959312, "zone_id": " ", "location_t": 0, "parent_sta": "1:SHEMACWN", "vehicle_ty": 3}}, {"type": "Feature", "id": 829, "geometry": {"type": "Point", "coordinates": [-89.954924999589, 35.0208519996202]}, "properties": {"FID": 829, "stop_id": "0:SHETCHWF", "stop_name": "SHELBY DRIVE at TCHULAHOMA ROAD", "stop_desc": "st 7240", "stop_lat": 35.020852, "stop_lon": -89.954925, "zone_id": " ", "location_t": 0, "parent_sta": "1:SHETCHWF", "vehicle_ty": 3}}, {"type": "Feature", "id": 830, "geometry": {"type": "Point", "coordinates": [-89.9483230000064, 35.0208240001276]}, "properties": {"FID": 830, "stop_id": "0:SHESUGWF", "stop_name": "SHELBY DRIVE at SUGAR CREEK ROAD", "stop_desc": "st 2434", "stop_lat": 35.020824, "stop_lon": -89.948323, "zone_id": " ", "location_t": 0, "parent_sta": "1:SHESUGWF", "vehicle_ty": 3}}, {"type": "Feature", "id": 831, "geometry": {"type": "Point", "coordinates": [-89.9410320001267, 35.0207809999433]}, "properties": {"FID": 831, "stop_id": "0:SHEDISWF", "stop_name": "SHELBY DRIVE at DISTRIPLEX DRIVE WEST", "stop_desc": "st 2432", "stop_lat": 35.020781, "stop_lon": -89.941032, "zone_id": " ", "location_t": 0, "parent_sta": "1:SHEDISWF", "vehicle_ty": 3}}, {"type": "Feature", "id": 832, "geometry": {"type": "Point", "coordinates": [-89.8805570001055, 35.0205409996674]}, "properties": {"FID": 832, "stop_id": "0:SHEMENWF", "stop_name": "SHELBY DRIVE at MENDENHALL ROAD", "stop_desc": "st 6493", "stop_lat": 35.020541, "stop_lon": -89.880557, "zone_id": " ", "location_t": 0, "parent_sta": "1:SHEMENWF", "vehicle_ty": 3}}, {"type": "Feature", "id": 833, "geometry": {"type": "Point", "coordinates": [-89.9389219999503, 35.086821000289]}, "properties": {"FID": 833, "stop_id": "0:ELLROBEF", "stop_name": "ELLISTON ROAD at ROBIN HOOD LANE", "stop_desc": "st 4191", "stop_lat": 35.086821, "stop_lon": -89.938922, "zone_id": " ", "location_t": 0, "parent_sta": "1:ELLROBEF", "vehicle_ty": 3}}, {"type": "Feature", "id": 834, "geometry": {"type": "Point", "coordinates": [-89.9371310000955, 35.0868190001967]}, "properties": {"FID": 834, "stop_id": "0:ELLGREEM", "stop_name": "ELLISTON ROAD at GREEN DOLPHIN STREET", "stop_desc": "st 4192", "stop_lat": 35.086819, "stop_lon": -89.937131, "zone_id": " ", "location_t": 0, "parent_sta": "1:ELLGREEM", "vehicle_ty": 3}}, {"type": "Feature", "id": 835, "geometry": {"type": "Point", "coordinates": [-90.0519550000232, 35.0345639997288]}, "properties": {"FID": 835, "stop_id": "0:RAIWINEN", "stop_name": "RAINES ROAD at WINDWARD DRIVE", "stop_desc": "st 5437", "stop_lat": 35.034564, "stop_lon": -90.051955, "zone_id": " ", "location_t": 0, "parent_sta": "1:RAIWINEN", "vehicle_ty": 3}}, {"type": "Feature", "id": 836, "geometry": {"type": "Point", "coordinates": [-90.0501359997766, 35.0346150002821]}, "properties": {"FID": 836, "stop_id": "0:RAIHODEN", "stop_name": "RAINES ROAD at HODGE ROAD", "stop_desc": "st 5438", "stop_lat": 35.034615, "stop_lon": -90.050136, "zone_id": " ", "location_t": 0, "parent_sta": "1:RAIHODEN", "vehicle_ty": 3}}, {"type": "Feature", "id": 837, "geometry": {"type": "Point", "coordinates": [-90.0498219996855, 35.0329720000578]}, "properties": {"FID": 837, "stop_id": "0:HODDRESN", "stop_name": "HODGE ROAD at DREGER ROAD", "stop_desc": "st 5439", "stop_lat": 35.032972, "stop_lon": -90.049822, "zone_id": " ", "location_t": 0, "parent_sta": "1:HODDRESN", "vehicle_ty": 3}}, {"type": "Feature", "id": 838, "geometry": {"type": "Point", "coordinates": [-90.0497400004007, 35.032092999992]}, "properties": {"FID": 838, "stop_id": "0:HODSHOSN", "stop_name": "HODGE ROAD at SHOFNER AVENUE", "stop_desc": "st 5440", "stop_lat": 35.032093, "stop_lon": -90.04974, "zone_id": " ", "location_t": 0, "parent_sta": "1:HODSHOSN", "vehicle_ty": 3}}, {"type": "Feature", "id": 839, "geometry": {"type": "Point", "coordinates": [-89.9069189999119, 35.1161300001994]}, "properties": {"FID": 839, "stop_id": "0:POPPE1EN", "stop_name": "POPLAR AVENUE at PERKINS ROAD", "stop_desc": "st 1938", "stop_lat": 35.11613, "stop_lon": -89.906919, "zone_id": " ", "location_t": 0, "parent_sta": "1:POPPE1EN", "vehicle_ty": 3}}, {"type": "Feature", "id": 840, "geometry": {"type": "Point", "coordinates": [-89.9216720003625, 35.2057030002933]}, "properties": {"FID": 840, "stop_id": "0:AUSSTASN", "stop_name": "AUSTIN PEAY HWY at STAGE ROAD", "stop_desc": "st 1156", "stop_lat": 35.205703, "stop_lon": -89.921672, "zone_id": " ", "location_t": 0, "parent_sta": "1:AUSSTASN", "vehicle_ty": 3}}, {"type": "Feature", "id": 841, "geometry": {"type": "Point", "coordinates": [-89.9146159996287, 35.1618879996315]}, "properties": {"FID": 841, "stop_id": "0:MACLOREN", "stop_name": "MACON ROAD at LORRAINE STREET", "stop_desc": "st 1113", "stop_lat": 35.161888, "stop_lon": -89.914616, "zone_id": " ", "location_t": 0, "parent_sta": "1:MACLOREN", "vehicle_ty": 3}}, {"type": "Feature", "id": 842, "geometry": {"type": "Point", "coordinates": [-89.9130549995885, 35.1618410001621]}, "properties": {"FID": 842, "stop_id": "0:MACPALEF", "stop_name": "MACON ROAD at PALLWOOD ROAD", "stop_desc": "st 1114", "stop_lat": 35.161841, "stop_lon": -89.913055, "zone_id": " ", "location_t": 0, "parent_sta": "1:MACPALEF", "vehicle_ty": 3}}, {"type": "Feature", "id": 843, "geometry": {"type": "Point", "coordinates": [-89.91143899971, 35.1618390000698]}, "properties": {"FID": 843, "stop_id": "0:MACBEREN", "stop_name": "MACON ROAD at BERCLAIR ROAD", "stop_desc": "st 1115", "stop_lat": 35.161839, "stop_lon": -89.911439, "zone_id": " ", "location_t": 0, "parent_sta": "1:MACBEREN", "vehicle_ty": 3}}, {"type": "Feature", "id": 844, "geometry": {"type": "Point", "coordinates": [-90.04694800025, 35.1457229997167]}, "properties": {"FID": 844, "stop_id": "0:JEFFOUEN", "stop_name": "JEFFERSON AVENUE at 4TH STREET", "stop_desc": "st 846", "stop_lat": 35.145723, "stop_lon": -90.046948, "zone_id": " ", "location_t": 0, "parent_sta": "1:JEFFOUEN", "vehicle_ty": 3}}, {"type": "Feature", "id": 845, "geometry": {"type": "Point", "coordinates": [-90.0398539995624, 35.143790999655]}, "properties": {"FID": 845, "stop_id": "0:JEFHAMEM", "stop_name": "JEFFERSON AVENUE at HAMLIN PLACE", "stop_desc": "st 848", "stop_lat": 35.143791, "stop_lon": -90.039854, "zone_id": " ", "location_t": 0, "parent_sta": "1:JEFHAMEM", "vehicle_ty": 3}}, {"type": "Feature", "id": 846, "geometry": {"type": "Point", "coordinates": [-90.0370659995962, 35.1431109997729]}, "properties": {"FID": 846, "stop_id": "0:JEFORLEF", "stop_name": "JEFFERSON AVENUE at ORLEANS STREET", "stop_desc": "st 850", "stop_lat": 35.143111, "stop_lon": -90.037066, "zone_id": " ", "location_t": 0, "parent_sta": "1:JEFORLEF", "vehicle_ty": 3}}, {"type": "Feature", "id": 847, "geometry": {"type": "Point", "coordinates": [-90.0334019997025, 35.1425469998442]}, "properties": {"FID": 847, "stop_id": "0:JEFDUNEN", "stop_name": "JEFFERSON AVENUE at DUNLAP STREET", "stop_desc": "st 852", "stop_lat": 35.142547, "stop_lon": -90.033402, "zone_id": " ", "location_t": 0, "parent_sta": "1:JEFDUNEN", "vehicle_ty": 3}}, {"type": "Feature", "id": 848, "geometry": {"type": "Point", "coordinates": [-90.0283590000678, 35.1359050002156]}, "properties": {"FID": 848, "stop_id": "0:PAUEASSF", "stop_name": "PAULINE STREET at EASTMORELAND AVENUE", "stop_desc": "st 4393", "stop_lat": 35.135905, "stop_lon": -90.028359, "zone_id": " ", "location_t": 0, "parent_sta": "1:PAUEASSF", "vehicle_ty": 3}}, {"type": "Feature", "id": 849, "geometry": {"type": "Point", "coordinates": [-90.0284380001136, 35.1337250004085]}, "properties": {"FID": 849, "stop_id": "0:PAUVANSN", "stop_name": "PAULINE STREET at VANCE AVENUE", "stop_desc": "st 6881", "stop_lat": 35.133725, "stop_lon": -90.028438, "zone_id": " ", "location_t": 0, "parent_sta": "1:PAUVANSN", "vehicle_ty": 3}}, {"type": "Feature", "id": 850, "geometry": {"type": "Point", "coordinates": [-89.9710060001267, 35.0959050001157]}, "properties": {"FID": 850, "stop_id": "0:LAMLOWEF", "stop_name": "LAMAR AVENUE at LOWELL AVENUE", "stop_desc": "st 115", "stop_lat": 35.095905, "stop_lon": -89.971006, "zone_id": " ", "location_t": 0, "parent_sta": "1:LAMLOWEF", "vehicle_ty": 3}}, {"type": "Feature", "id": 851, "geometry": {"type": "Point", "coordinates": [-89.9493149998873, 35.0748379998739]}, "properties": {"FID": 851, "stop_id": "0:LAMPEAEM", "stop_name": "LAMAR AVENUE at PEARSON ROAD", "stop_desc": "st 5766", "stop_lat": 35.074838, "stop_lon": -89.949315, "zone_id": " ", "location_t": 0, "parent_sta": "1:LAMPEAEM", "vehicle_ty": 3}}, {"type": "Feature", "id": 852, "geometry": {"type": "Point", "coordinates": [-89.9478909998697, 35.0732549997185]}, "properties": {"FID": 852, "stop_id": "0:LAMPEANN", "stop_name": "LAMAR AVENUE at PEARSON ROAD", "stop_desc": "st 5768", "stop_lat": 35.073255, "stop_lon": -89.947891, "zone_id": " ", "location_t": 0, "parent_sta": "1:LAMPEANN", "vehicle_ty": 3}}, {"type": "Feature", "id": 853, "geometry": {"type": "Point", "coordinates": [-89.9450890001572, 35.0694980000328]}, "properties": {"FID": 853, "stop_id": "0:LAMDEMEM", "stop_name": "LAMAR AVENUE at DEMOCRAT ROAD", "stop_desc": "st 5770", "stop_lat": 35.069498, "stop_lon": -89.945089, "zone_id": " ", "location_t": 0, "parent_sta": "1:LAMDEMEM", "vehicle_ty": 3}}, {"type": "Feature", "id": 854, "geometry": {"type": "Point", "coordinates": [-89.8868139999661, 35.1864760003672]}, "properties": {"FID": 854, "stop_id": "0:ELMRALWF", "stop_name": "ELMORE ROAD at RALEIGH LAGRANGE ROAD", "stop_desc": "st 7079", "stop_lat": 35.186476, "stop_lon": -89.886814, "zone_id": " ", "location_t": 0, "parent_sta": "1:ELMRALWF", "vehicle_ty": 3}}, {"type": "Feature", "id": 855, "geometry": {"type": "Point", "coordinates": [-89.8930950000342, 35.1854489997716]}, "properties": {"FID": 855, "stop_id": "0:ELMCOVWN", "stop_name": "ELMORE ROAD at COVINGTON WAY", "stop_desc": "st 7080", "stop_lat": 35.185449, "stop_lon": -89.893095, "zone_id": " ", "location_t": 0, "parent_sta": "1:ELMCOVWN", "vehicle_ty": 3}}, {"type": "Feature", "id": 856, "geometry": {"type": "Point", "coordinates": [-89.8964619997215, 35.1852850003026]}, "properties": {"FID": 856, "stop_id": "0:COVELMSF", "stop_name": "COVINGTON PIKE at ELMORE ROAD", "stop_desc": "st 1079", "stop_lat": 35.185285, "stop_lon": -89.896462, "zone_id": " ", "location_t": 0, "parent_sta": "1:COVELMSF", "vehicle_ty": 3}}, {"type": "Feature", "id": 857, "geometry": {"type": "Point", "coordinates": [-89.8965140003208, 35.1822370000376]}, "properties": {"FID": 857, "stop_id": "0:COVCOVSF", "stop_name": "COVINGTON PIKE at COVINGTON WAY", "stop_desc": "st 1080", "stop_lat": 35.182237, "stop_lon": -89.896514, "zone_id": " ", "location_t": 0, "parent_sta": "1:COVCOVSF", "vehicle_ty": 3}}, {"type": "Feature", "id": 858, "geometry": {"type": "Point", "coordinates": [-89.9060039999846, 35.1612239995879]}, "properties": {"FID": 858, "stop_id": "0:COVMCCSN", "stop_name": "COVINGTON PIKE at MCCRORY AVENUE", "stop_desc": "st 1083", "stop_lat": 35.161224, "stop_lon": -89.906004, "zone_id": " ", "location_t": 0, "parent_sta": "1:COVMCCSN", "vehicle_ty": 3}}, {"type": "Feature", "id": 859, "geometry": {"type": "Point", "coordinates": [-89.9310959996806, 35.0690809996884]}, "properties": {"FID": 859, "stop_id": "0:COMWATEM", "stop_name": "COMANCHE ROAD at WATSON STREET", "stop_desc": "st 2724", "stop_lat": 35.069081, "stop_lon": -89.931096, "zone_id": " ", "location_t": 0, "parent_sta": "1:COMWATEM", "vehicle_ty": 3}}, {"type": "Feature", "id": 860, "geometry": {"type": "Point", "coordinates": [-89.925507000048, 35.0689390003346]}, "properties": {"FID": 860, "stop_id": "0:COTCLAEN", "stop_name": "COTTONWOOD ROAD at CLAUDETTE ROAD", "stop_desc": "st 2725", "stop_lat": 35.068939, "stop_lon": -89.925507, "zone_id": " ", "location_t": 0, "parent_sta": "1:COTCLAEN", "vehicle_ty": 3}}, {"type": "Feature", "id": 861, "geometry": {"type": "Point", "coordinates": [-89.9016739999551, 35.0505860002438]}, "properties": {"FID": 861, "stop_id": "0:OUTWINNN", "stop_name": "OUTLAND ROAD at WINCHESTER ROAD", "stop_desc": "st 1834", "stop_lat": 35.050586, "stop_lon": -89.901674, "zone_id": " ", "location_t": 0, "parent_sta": "1:OUTWINNN", "vehicle_ty": 3}}, {"type": "Feature", "id": 862, "geometry": {"type": "Point", "coordinates": [-89.906068000238, 35.1157800002468]}, "properties": {"FID": 862, "stop_id": "0:POPPEREF", "stop_name": "POPLAR AVENUE at S PERKINS ROAD", "stop_desc": "st 1939 (no 1153)", "stop_lat": 35.11578, "stop_lon": -89.906068, "zone_id": " ", "location_t": 0, "parent_sta": "1:5511", "vehicle_ty": 3}}, {"type": "Feature", "id": 863, "geometry": {"type": "Point", "coordinates": [-89.7826050003205, 35.204131999792]}, "properties": {"FID": 863, "stop_id": "0:STAWALEN", "stop_name": "STAGE ROAD at WALMART DRIVE", "stop_desc": "st 1040", "stop_lat": 35.204132, "stop_lon": -89.782605, "zone_id": " ", "location_t": 0, "parent_sta": "1:STAWALEN", "vehicle_ty": 3}}, {"type": "Feature", "id": 864, "geometry": {"type": "Point", "coordinates": [-89.7797699999855, 35.2041339998842]}, "properties": {"FID": 864, "stop_id": "0:STANEWEM", "stop_name": "STAGE ROAD at NEW BRUNSWICK ROAD", "stop_desc": "st 1041", "stop_lat": 35.204134, "stop_lon": -89.77977, "zone_id": " ", "location_t": 0, "parent_sta": "1:STANEWEM", "vehicle_ty": 3}}, {"type": "Feature", "id": 865, "geometry": {"type": "Point", "coordinates": [-89.7781410004068, 35.2041749999763]}, "properties": {"FID": 865, "stop_id": "0:STABRUEN", "stop_name": "STAGE ROAD at NEW BRUNSWICK ROAD", "stop_desc": "st 6167", "stop_lat": 35.204175, "stop_lon": -89.778141, "zone_id": " ", "location_t": 0, "parent_sta": "1:STABRUEN", "vehicle_ty": 3}}, {"type": "Feature", "id": 866, "geometry": {"type": "Point", "coordinates": [-89.8977590001777, 35.1501929999071]}, "properties": {"FID": 866, "stop_id": "0:MENTUTNN", "stop_name": "MENDENHALL ROAD at TUTWILER AVENUE", "stop_desc": "st 3107", "stop_lat": 35.150193, "stop_lon": -89.897759, "zone_id": " ", "location_t": 0, "parent_sta": "1:MENTUTNN", "vehicle_ty": 3}}, {"type": "Feature", "id": 867, "geometry": {"type": "Point", "coordinates": [-89.8976040002244, 35.1552330003028]}, "properties": {"FID": 867, "stop_id": "0:MENDURNM", "stop_name": "MENDENHALL ROAD at DURBIN AVENUE", "stop_desc": "st 3109", "stop_lat": 35.155233, "stop_lon": -89.897604, "zone_id": " ", "location_t": 0, "parent_sta": "1:MENDURNM", "vehicle_ty": 3}}, {"type": "Feature", "id": 868, "geometry": {"type": "Point", "coordinates": [-89.8975100003861, 35.1577979998779]}, "properties": {"FID": 868, "stop_id": "0:MENMACNM", "stop_name": "MENDENHALL ROAD at MACON ROAD", "stop_desc": "st 3110", "stop_lat": 35.157798, "stop_lon": -89.89751, "zone_id": " ", "location_t": 0, "parent_sta": "1:MENMACNM", "vehicle_ty": 3}}, {"type": "Feature", "id": 869, "geometry": {"type": "Point", "coordinates": [-89.9000949999842, 35.1601959998455]}, "properties": {"FID": 869, "stop_id": "0:MCCGARWN", "stop_name": "MCCRORY AVENUE at GARY STREET", "stop_desc": "st 3949", "stop_lat": 35.160196, "stop_lon": -89.900095, "zone_id": " ", "location_t": 0, "parent_sta": "1:MCCGARWN", "vehicle_ty": 3}}, {"type": "Feature", "id": 870, "geometry": {"type": "Point", "coordinates": [-90.0494050002405, 35.1053650001946]}, "properties": {"FID": 870, "stop_id": "0:WALCAMEN", "stop_name": "WALDORF AVENUE at CAMERON STREET", "stop_desc": "st 5080", "stop_lat": 35.105365, "stop_lon": -90.049405, "zone_id": " ", "location_t": 0, "parent_sta": "1:WALCAMEN", "vehicle_ty": 3}}, {"type": "Feature", "id": 871, "geometry": {"type": "Point", "coordinates": [-90.0171939996034, 35.165294000218]}, "properties": {"FID": 871, "stop_id": "0:VOLANNEN", "stop_name": "VOLLINTINE AVENUE at ANNIE STREET", "stop_desc": "st 3858", "stop_lat": 35.165294, "stop_lon": -90.017194, "zone_id": " ", "location_t": 0, "parent_sta": "1:VOLANNEN", "vehicle_ty": 3}}, {"type": "Feature", "id": 872, "geometry": {"type": "Point", "coordinates": [-90.0152570002103, 35.1650960000804]}, "properties": {"FID": 872, "stop_id": "0:VOLALMEM", "stop_name": "VOLLINTINE AVENUE at ALMA STREET", "stop_desc": "st 3859", "stop_lat": 35.165096, "stop_lon": -90.015257, "zone_id": " ", "location_t": 0, "parent_sta": "1:VOLALMEM", "vehicle_ty": 3}}, {"type": "Feature", "id": 873, "geometry": {"type": "Point", "coordinates": [-90.0084710002365, 35.1644140001061]}, "properties": {"FID": 873, "stop_id": "0:VOLMCNEN", "stop_name": "VOLLINTINE AVENUE at NORTH MCNEIL STREET", "stop_desc": "st 4553", "stop_lat": 35.164414, "stop_lon": -90.008471, "zone_id": " ", "location_t": 0, "parent_sta": "1:VOLMCNEN", "vehicle_ty": 3}}, {"type": "Feature", "id": 874, "geometry": {"type": "Point", "coordinates": [-89.8444030001983, 35.0496229999016]}, "properties": {"FID": 874, "stop_id": "0:WINKIRWF", "stop_name": "WINCHESTER ROAD at KIRBY ROAD", "stop_desc": "st 1806", "stop_lat": 35.049623, "stop_lon": -89.844403, "zone_id": " ", "location_t": 0, "parent_sta": "1:WINKIRWF", "vehicle_ty": 3}}, {"type": "Feature", "id": 875, "geometry": {"type": "Point", "coordinates": [-89.8515659995712, 35.0497440000856]}, "properties": {"FID": 875, "stop_id": "0:WINFIRWF", "stop_name": "WINCHESTER ROAD at FIR LANE", "stop_desc": "st 1807", "stop_lat": 35.049744, "stop_lon": -89.851566, "zone_id": " ", "location_t": 0, "parent_sta": "1:WINFIRWF", "vehicle_ty": 3}}, {"type": "Feature", "id": 876, "geometry": {"type": "Point", "coordinates": [-89.8698490000313, 35.0501069997383]}, "properties": {"FID": 876, "stop_id": "0:WINFANEN", "stop_name": "WINCHESTER ROAD at FANN ROAD", "stop_desc": "st 1777", "stop_lat": 35.050107, "stop_lon": -89.869849, "zone_id": " ", "location_t": 0, "parent_sta": "1:WINFANEN", "vehicle_ty": 3}}, {"type": "Feature", "id": 877, "geometry": {"type": "Point", "coordinates": [-89.8669199998581, 35.0500040003844]}, "properties": {"FID": 877, "stop_id": "0:WINHICEN", "stop_name": "WINCHESTER ROAD at HICKORY HILL ROAD", "stop_desc": "st 1778", "stop_lat": 35.050004, "stop_lon": -89.86692, "zone_id": " ", "location_t": 0, "parent_sta": "1:WINHICEN", "vehicle_ty": 3}}, {"type": "Feature", "id": 878, "geometry": {"type": "Point", "coordinates": [-89.9327899995588, 35.0650689999345]}, "properties": {"FID": 878, "stop_id": "0:GETKNISN", "stop_name": "GETWELL ROAD at KNIGHT ARNOLD ROAD", "stop_desc": "st 2660", "stop_lat": 35.065069, "stop_lon": -89.93279, "zone_id": " ", "location_t": 0, "parent_sta": "1:GETKNISN", "vehicle_ty": 3}}, {"type": "Feature", "id": 879, "geometry": {"type": "Point", "coordinates": [-89.9334529995563, 35.0650520000498]}, "properties": {"FID": 879, "stop_id": "0:KNIOLDWN", "stop_name": "KNIGHT ARNOLD ROAD at OLD GETWELL ROAD", "stop_desc": "st 2739", "stop_lat": 35.065052, "stop_lon": -89.933453, "zone_id": " ", "location_t": 0, "parent_sta": "1:KNIOLDWN", "vehicle_ty": 3}}, {"type": "Feature", "id": 880, "geometry": {"type": "Point", "coordinates": [-89.9449120000887, 35.0695869996404]}, "properties": {"FID": 880, "stop_id": "0:LAMDEMWF", "stop_name": "LAMAR AVENUE at DEMOCRAT ROAD", "stop_desc": "st 5676", "stop_lat": 35.069587, "stop_lon": -89.944912, "zone_id": " ", "location_t": 0, "parent_sta": "1:LAMDEMWF", "vehicle_ty": 3}}, {"type": "Feature", "id": 881, "geometry": {"type": "Point", "coordinates": [-89.9469420001731, 35.0722969996069]}, "properties": {"FID": 881, "stop_id": "0:LAMPEAWN", "stop_name": "LAMAR AVENUE at PEARSON ROAD", "stop_desc": "st 5677", "stop_lat": 35.072297, "stop_lon": -89.946942, "zone_id": " ", "location_t": 0, "parent_sta": "1:LAMPEAWN", "vehicle_ty": 3}}, {"type": "Feature", "id": 882, "geometry": {"type": "Point", "coordinates": [-89.9483759997526, 35.074140000061]}, "properties": {"FID": 882, "stop_id": "0:LAMAMEWM", "stop_name": "LAMAR AVENUE at AMERICAN WAY", "stop_desc": "st 5678", "stop_lat": 35.07414, "stop_lon": -89.948376, "zone_id": " ", "location_t": 0, "parent_sta": "1:LAMAMEWM", "vehicle_ty": 3}}, {"type": "Feature", "id": 883, "geometry": {"type": "Point", "coordinates": [-89.9586699996207, 35.0828640003734]}, "properties": {"FID": 883, "stop_id": "0:LAMJOHWN", "stop_name": "LAMAR AVENUE at JOHN PAUL DRIVE", "stop_desc": "st 5680", "stop_lat": 35.082864, "stop_lon": -89.95867, "zone_id": " ", "location_t": 0, "parent_sta": "1:LAMJOHWN", "vehicle_ty": 3}}, {"type": "Feature", "id": 884, "geometry": {"type": "Point", "coordinates": [-89.9650200001728, 35.089233000003]}, "properties": {"FID": 884, "stop_id": "0:LAMSHUWM", "stop_name": "LAMAR AVENUE at SHULTZ AVENUE", "stop_desc": "st 5682", "stop_lat": 35.089233, "stop_lon": -89.96502, "zone_id": " ", "location_t": 0, "parent_sta": "1:LAMSHUWM", "vehicle_ty": 3}}, {"type": "Feature", "id": 885, "geometry": {"type": "Point", "coordinates": [-89.9674610003249, 35.0921759999225]}, "properties": {"FID": 885, "stop_id": "0:LAMFILWN", "stop_name": "LAMAR AVENUE at FILMORE AVENUE", "stop_desc": "st 5683", "stop_lat": 35.092176, "stop_lon": -89.967461, "zone_id": " ", "location_t": 0, "parent_sta": "1:LAMFILWN", "vehicle_ty": 3}}, {"type": "Feature", "id": 886, "geometry": {"type": "Point", "coordinates": [-89.9687640001584, 35.0936070002629]}, "properties": {"FID": 886, "stop_id": "0:LAMKIMWM", "stop_name": "LAMAR AVENUE at KIMBALL AVENUE", "stop_desc": "st 5684", "stop_lat": 35.093607, "stop_lon": -89.968764, "zone_id": " ", "location_t": 0, "parent_sta": "1:LAMKIMWM", "vehicle_ty": 3}}, {"type": "Feature", "id": 887, "geometry": {"type": "Point", "coordinates": [-89.9695260002247, 35.0944650002596]}, "properties": {"FID": 887, "stop_id": "0:LAMKIMWN", "stop_name": "LAMAR AVENUE at KIMBALL AVENUE", "stop_desc": "st 5685", "stop_lat": 35.094465, "stop_lon": -89.969526, "zone_id": " ", "location_t": 0, "parent_sta": "1:LAMKIMWN", "vehicle_ty": 3}}, {"type": "Feature", "id": 888, "geometry": {"type": "Point", "coordinates": [-89.9712270004257, 35.0963790003906]}, "properties": {"FID": 888, "stop_id": "0:LAMLOWWF", "stop_name": "LAMAR AVENUE at LOWELL AVENUE", "stop_desc": "st 5686", "stop_lat": 35.096379, "stop_lon": -89.971227, "zone_id": " ", "location_t": 0, "parent_sta": "1:LAMLOWWF", "vehicle_ty": 3}}, {"type": "Feature", "id": 889, "geometry": {"type": "Point", "coordinates": [-89.9130169996348, 35.0939570002154]}, "properties": {"FID": 889, "stop_id": "0:QUIFLAWN", "stop_name": "QUINCE ROAD at FLAMINGO ROAD", "stop_desc": "st 3155", "stop_lat": 35.093957, "stop_lon": -89.913017, "zone_id": " ", "location_t": 0, "parent_sta": "1:QUIFLAWN", "vehicle_ty": 3}}, {"type": "Feature", "id": 890, "geometry": {"type": "Point", "coordinates": [-89.8651180003953, 35.0998349996855]}, "properties": {"FID": 890, "stop_id": "0:PARPRIEM", "stop_name": "PARK AVENUE at PRIMACY PARKWAY", "stop_desc": "st 2361", "stop_lat": 35.099835, "stop_lon": -89.865118, "zone_id": " ", "location_t": 0, "parent_sta": "1:PARPRIEM", "vehicle_ty": 3}}, {"type": "Feature", "id": 891, "geometry": {"type": "Point", "coordinates": [-89.8638349996854, 35.0998779998699]}, "properties": {"FID": 891, "stop_id": "0:PARPRIEN", "stop_name": "PARK AVENUE at PRIMACY PARKWAY", "stop_desc": "st 2362", "stop_lat": 35.099878, "stop_lon": -89.863835, "zone_id": " ", "location_t": 0, "parent_sta": "1:PARPRIEN", "vehicle_ty": 3}}, {"type": "Feature", "id": 892, "geometry": {"type": "Point", "coordinates": [-89.8627780004044, 35.0978740000851]}, "properties": {"FID": 892, "stop_id": "0:PRIPARSF", "stop_name": "PRIMACY PARKWAY at PARK AVENUE", "stop_desc": "st 6150", "stop_lat": 35.097874, "stop_lon": -89.862778, "zone_id": " ", "location_t": 0, "parent_sta": "1:PRIPARSF", "vehicle_ty": 3}}, {"type": "Feature", "id": 893, "geometry": {"type": "Point", "coordinates": [-89.8494530001558, 35.0348949997045]}, "properties": {"FID": 893, "stop_id": "0:RAIFRIEF", "stop_name": "RAINES ROAD at FRIENDLY WAY", "stop_desc": "st 7214", "stop_lat": 35.034895, "stop_lon": -89.849453, "zone_id": " ", "location_t": 0, "parent_sta": "1:RAIFRIEF", "vehicle_ty": 3}}, {"type": "Feature", "id": 894, "geometry": {"type": "Point", "coordinates": [-89.8314039996948, 35.049160000134]}, "properties": {"FID": 894, "stop_id": "0:WINRIVEN", "stop_name": "WINCHESTER ROAD at RIVERDALE ROAD", "stop_desc": "st 1787", "stop_lat": 35.04916, "stop_lon": -89.831404, "zone_id": " ", "location_t": 0, "parent_sta": "1:WINRIVEN", "vehicle_ty": 3}}, {"type": "Feature", "id": 895, "geometry": {"type": "Point", "coordinates": [-89.8546719998129, 35.0498119996241]}, "properties": {"FID": 895, "stop_id": "0:WINRIDWM", "stop_name": "WINCHESTER ROAD at RIDGEWAY ROAD", "stop_desc": "st 1808", "stop_lat": 35.049812, "stop_lon": -89.854672, "zone_id": " ", "location_t": 0, "parent_sta": "1:WINRIDWM", "vehicle_ty": 3}}, {"type": "Feature", "id": 896, "geometry": {"type": "Point", "coordinates": [-89.8639569999156, 35.0500610003149]}, "properties": {"FID": 896, "stop_id": "0:WINLICWN", "stop_name": "WINCHESTER ROAD at LICHTERMAN ROAD", "stop_desc": "st 1811", "stop_lat": 35.050061, "stop_lon": -89.863957, "zone_id": " ", "location_t": 0, "parent_sta": "1:WINLICWN", "vehicle_ty": 3}}, {"type": "Feature", "id": 897, "geometry": {"type": "Point", "coordinates": [-89.8662899995838, 35.0501459997382]}, "properties": {"FID": 897, "stop_id": "0:WINHICWN", "stop_name": "WINCHESTER ROAD at HICKORY HILL ROAD", "stop_desc": "st 1812", "stop_lat": 35.050146, "stop_lon": -89.86629, "zone_id": " ", "location_t": 0, "parent_sta": "1:WINHICWN", "vehicle_ty": 3}}, {"type": "Feature", "id": 898, "geometry": {"type": "Point", "coordinates": [-89.9546939997282, 35.0201990000838]}, "properties": {"FID": 898, "stop_id": "0:TCHSHESF", "stop_name": "TCHULAHOMA ROAD at SHELBY DRIVE", "stop_desc": "st 202", "stop_lat": 35.020199, "stop_lon": -89.954694, "zone_id": " ", "location_t": 0, "parent_sta": "1:TCHSHESF", "vehicle_ty": 3}}, {"type": "Feature", "id": 899, "geometry": {"type": "Point", "coordinates": [-89.951499999925, 35.0060830002303]}, "properties": {"FID": 899, "stop_id": "0:HOLMELEM", "stop_name": "HOLMES ROAD at TCHULAHOMA ROAD", "stop_desc": "st 6864", "stop_lat": 35.006083, "stop_lon": -89.9515, "zone_id": " ", "location_t": 0, "parent_sta": "1:HOLMELEM", "vehicle_ty": 3}}, {"type": "Feature", "id": 900, "geometry": {"type": "Point", "coordinates": [-89.9465279999672, 35.006050999654]}, "properties": {"FID": 900, "stop_id": "0:HOLMELEF", "stop_name": "HOLMES ROAD at MELTECH BOULEVARD", "stop_desc": "st 6865", "stop_lat": 35.006051, "stop_lon": -89.946528, "zone_id": " ", "location_t": 0, "parent_sta": "1:HOLMELEF", "vehicle_ty": 3}}, {"type": "Feature", "id": 901, "geometry": {"type": "Point", "coordinates": [-89.9823269996912, 35.0521840001915]}, "properties": {"FID": 901, "stop_id": "0:WINPLOWM", "stop_name": "WINCHESTER ROAD at PLOUGH BOULEVARD", "stop_desc": "st 1699", "stop_lat": 35.052184, "stop_lon": -89.982327, "zone_id": " ", "location_t": 0, "parent_sta": "1:WINPLOWM", "vehicle_ty": 3}}, {"type": "Feature", "id": 902, "geometry": {"type": "Point", "coordinates": [-90.0216249997939, 35.1094050003405]}, "properties": {"FID": 902, "stop_id": "0:SPAELVEF", "stop_name": "SOUTH PARKWAY EAST at ELVIS PRESLEY BLVD", "stop_desc": "st 2294", "stop_lat": 35.109405, "stop_lon": -90.021625, "zone_id": " ", "location_t": 0, "parent_sta": "1:SPAELVEF", "vehicle_ty": 3}}, {"type": "Feature", "id": 903, "geometry": {"type": "Point", "coordinates": [-90.0334740003248, 35.0618370001775]}, "properties": {"FID": 903, "stop_id": "0:BRODOGWF", "stop_name": "BROOKS ROAD at DOGWOOD LANE", "stop_desc": "st 5253", "stop_lat": 35.061837, "stop_lon": -90.033474, "zone_id": " ", "location_t": 0, "parent_sta": "1:BRODOGWF", "vehicle_ty": 3}}, {"type": "Feature", "id": 904, "geometry": {"type": "Point", "coordinates": [-90.0356410004318, 35.0618909999697]}, "properties": {"FID": 904, "stop_id": "0:BROLAKWN", "stop_name": "BROOKS ROAD at LAKEVIEW ROAD", "stop_desc": "st 5254", "stop_lat": 35.061891, "stop_lon": -90.035641, "zone_id": " ", "location_t": 0, "parent_sta": "1:BROLAKWN", "vehicle_ty": 3}}, {"type": "Feature", "id": 905, "geometry": {"type": "Point", "coordinates": [-90.0152059996571, 35.1438270004158]}, "properties": {"FID": 905, "stop_id": "0:POPCLEEF", "stop_name": "POPLAR AVENUE at CLEVELAND STREET", "stop_desc": "st 332 (no 148)", "stop_lat": 35.143827, "stop_lon": -90.015206, "zone_id": " ", "location_t": 0, "parent_sta": "1:5508", "vehicle_ty": 3}}, {"type": "Feature", "id": 906, "geometry": {"type": "Point", "coordinates": [-90.0214030003481, 35.1695100003863]}, "properties": {"FID": 906, "stop_id": "0:CHEBREWN", "stop_name": "CHELSEA AVENUE at BREEDLOVE STREET", "stop_desc": "st 1610 (no 39)", "stop_lat": 35.16951, "stop_lon": -90.021403, "zone_id": " ", "location_t": 0, "parent_sta": "1:802", "vehicle_ty": 3}}, {"type": "Feature", "id": 907, "geometry": {"type": "Point", "coordinates": [-89.9757880003159, 35.1746960003202]}, "properties": {"FID": 907, "stop_id": "0:CHEHO1WF", "stop_name": "CHELSEA AVENUE at HOLLYWOOD STREET", "stop_desc": "st 4530 (no 41)", "stop_lat": 35.174696, "stop_lon": -89.975788, "zone_id": " ", "location_t": 0, "parent_sta": "1:804", "vehicle_ty": 3}}, {"type": "Feature", "id": 908, "geometry": {"type": "Point", "coordinates": [-89.9943140002908, 35.2173529997412]}, "properties": {"FID": 908, "stop_id": "0:FRAOVEWF", "stop_name": "FRAYSER PLAZA", "stop_desc": "st 1259 (no 852)", "stop_lat": 35.217353, "stop_lon": -89.994314, "zone_id": " ", "location_t": 0, "parent_sta": "1:4218", "vehicle_ty": 3}}, {"type": "Feature", "id": 909, "geometry": {"type": "Point", "coordinates": [-89.9544530003057, 35.0111809997034]}, "properties": {"FID": 909, "stop_id": "0:TCHMORNN", "stop_name": "TCHULAHOMA ROAD at MORNINGVIEW DRIVE", "stop_desc": "st 6867 (no 1102)", "stop_lat": 35.011181, "stop_lon": -89.954453, "zone_id": " ", "location_t": 0, "parent_sta": "1:6863", "vehicle_ty": 3}}, {"type": "Feature", "id": 910, "geometry": {"type": "Point", "coordinates": [-90.0084619998214, 35.1759679996235]}, "properties": {"FID": 910, "stop_id": "0:1006", "stop_name": "WATKINS STREET at LEVEE ROAD", "stop_desc": "st 111 (no 49)", "stop_lat": 35.175968, "stop_lon": -90.008462, "zone_id": " ", "location_t": 0, "parent_sta": "1:1006", "vehicle_ty": 3}}, {"type": "Feature", "id": 911, "geometry": {"type": "Point", "coordinates": [-89.9247819998893, 35.1072970002564]}, "properties": {"FID": 911, "stop_id": "0:PARGOOEM", "stop_name": "PARK AVENUE at GOODLETT STREET", "stop_desc": "st 2338 (no 1065)", "stop_lat": 35.107297, "stop_lon": -89.924782, "zone_id": " ", "location_t": 0, "parent_sta": "1:2157", "vehicle_ty": 3}}, {"type": "Feature", "id": 912, "geometry": {"type": "Point", "coordinates": [-89.9546630000974, 35.0113779997949]}, "properties": {"FID": 912, "stop_id": "0:TCHMORSN", "stop_name": "TCHULAHOMA ROAD at MORNINGVIEW DRIVE", "stop_desc": "st 6863 (no 1102)", "stop_lat": 35.011378, "stop_lon": -89.954663, "zone_id": " ", "location_t": 0, "parent_sta": "1:6863", "vehicle_ty": 3}}, {"type": "Feature", "id": 913, "geometry": {"type": "Point", "coordinates": [-89.9217019999473, 35.0694620001712]}, "properties": {"FID": 913, "stop_id": "0:COTGOOEN", "stop_name": "COTTONWOOD ROAD at GOODLETT STREET", "stop_desc": "st 2726", "stop_lat": 35.069462, "stop_lon": -89.921702, "zone_id": " ", "location_t": 0, "parent_sta": "1:COTGOOEN", "vehicle_ty": 3}}, {"type": "Feature", "id": 914, "geometry": {"type": "Point", "coordinates": [-89.9214770003632, 35.0660920003456]}, "properties": {"FID": 914, "stop_id": "0:GOOARRSM", "stop_name": "GOODLETT STREET at ARROWOOD AVENUE", "stop_desc": "st 2701", "stop_lat": 35.066092, "stop_lon": -89.921477, "zone_id": " ", "location_t": 0, "parent_sta": "1:GOOARRSM", "vehicle_ty": 3}}, {"type": "Feature", "id": 915, "geometry": {"type": "Point", "coordinates": [-89.9114409998023, 35.1069670003268]}, "properties": {"FID": 915, "stop_id": "0:PARFAIEN", "stop_name": "PARK AVENUE at FAIR MEADOW ROAD", "stop_desc": "st 2344", "stop_lat": 35.106967, "stop_lon": -89.911441, "zone_id": " ", "location_t": 0, "parent_sta": "1:PARFAIEN", "vehicle_ty": 3}}, {"type": "Feature", "id": 916, "geometry": {"type": "Point", "coordinates": [-89.9096600004087, 35.1069110004424]}, "properties": {"FID": 916, "stop_id": "0:PARPEREN", "stop_name": "PARK AVENUE at PERKINS ROAD", "stop_desc": "st 2345", "stop_lat": 35.106911, "stop_lon": -89.90966, "zone_id": " ", "location_t": 0, "parent_sta": "1:PARPEREN", "vehicle_ty": 3}}, {"type": "Feature", "id": 917, "geometry": {"type": "Point", "coordinates": [-89.9055339998941, 35.106797999728]}, "properties": {"FID": 917, "stop_id": "0:PARCROEM", "stop_name": "PARK AVENUE at CROSSOVER LANE", "stop_desc": "st 2346", "stop_lat": 35.106798, "stop_lon": -89.905534, "zone_id": " ", "location_t": 0, "parent_sta": "1:PARCROEM", "vehicle_ty": 3}}, {"type": "Feature", "id": 918, "geometry": {"type": "Point", "coordinates": [-89.9033990003635, 35.1067409997974]}, "properties": {"FID": 918, "stop_id": "0:PARCOLEN", "stop_name": "PARK AVENUE at COLONIAL ROAD", "stop_desc": "st 2347", "stop_lat": 35.106741, "stop_lon": -89.903399, "zone_id": " ", "location_t": 0, "parent_sta": "1:PARCOLEN", "vehicle_ty": 3}}, {"type": "Feature", "id": 919, "geometry": {"type": "Point", "coordinates": [-89.8995599995943, 35.1066370003973]}, "properties": {"FID": 919, "stop_id": "0:PARIVYEN", "stop_name": "PARK AVENUE at IVY ROAD", "stop_desc": "st 2348", "stop_lat": 35.106637, "stop_lon": -89.89956, "zone_id": " ", "location_t": 0, "parent_sta": "1:PARIVYEN", "vehicle_ty": 3}}, {"type": "Feature", "id": 920, "geometry": {"type": "Point", "coordinates": [-89.8936050001706, 35.2334910002095]}, "properties": {"FID": 920, "stop_id": "0:COVAU1NM", "stop_name": "COVINGTON PIKE at AUSTIN PEAY HWY", "stop_desc": "st 1145", "stop_lat": 35.233491, "stop_lon": -89.893605, "zone_id": " ", "location_t": 0, "parent_sta": "1:COVAU1NM", "vehicle_ty": 3}}, {"type": "Feature", "id": 921, "geometry": {"type": "Point", "coordinates": [-89.8923689998294, 35.2313090003101]}, "properties": {"FID": 921, "stop_id": "0:COVAUSNM", "stop_name": "COVINGTON PIKE at AUSTIN PEAY HWY", "stop_desc": "st 1144", "stop_lat": 35.231309, "stop_lon": -89.892369, "zone_id": " ", "location_t": 0, "parent_sta": "1:COVAUSNM", "vehicle_ty": 3}}, {"type": "Feature", "id": 922, "geometry": {"type": "Point", "coordinates": [-89.8933999997102, 35.226385999914]}, "properties": {"FID": 922, "stop_id": "0:COVBANSF", "stop_name": "COVINGTON PIKE at BANBURY AVENUE", "stop_desc": "st 141", "stop_lat": 35.226386, "stop_lon": -89.8934, "zone_id": " ", "location_t": 0, "parent_sta": "1:COVBANSF", "vehicle_ty": 3}}, {"type": "Feature", "id": 923, "geometry": {"type": "Point", "coordinates": [-89.9307469997742, 35.0999040001695]}, "properties": {"FID": 923, "stop_id": "0:GETRHONF", "stop_name": "GETWELL ROAD at RHODES AVENUE", "stop_desc": "st 387", "stop_lat": 35.099904, "stop_lon": -89.930747, "zone_id": " ", "location_t": 0, "parent_sta": "1:GETRHONF", "vehicle_ty": 3}}, {"type": "Feature", "id": 924, "geometry": {"type": "Point", "coordinates": [-89.930734000074, 35.101468000348]}, "properties": {"FID": 924, "stop_id": "0:GETMCENF", "stop_name": "GETWELL ROAD at MCEVERS ROAD", "stop_desc": "st 200", "stop_lat": 35.101468, "stop_lon": -89.930734, "zone_id": " ", "location_t": 0, "parent_sta": "1:GETMCENF", "vehicle_ty": 3}}, {"type": "Feature", "id": 925, "geometry": {"type": "Point", "coordinates": [-90.0044960003901, 35.1729380001886]}, "properties": {"FID": 925, "stop_id": "0:CHEWI1WM", "stop_name": "CHELSEA AVENUE at WILLETT STREET", "stop_desc": "st 1601", "stop_lat": 35.172938, "stop_lon": -90.004496, "zone_id": " ", "location_t": 0, "parent_sta": "1:CHEWI1WM", "vehicle_ty": 3}}, {"type": "Feature", "id": 926, "geometry": {"type": "Point", "coordinates": [-90.0327720003275, 35.2100169995849]}, "properties": {"FID": 926, "stop_id": "0:THOWHISN", "stop_name": "THOMAS STREET at WHITNEY AVENUE", "stop_desc": "st 6547 (no 61)", "stop_lat": 35.210017, "stop_lon": -90.032772, "zone_id": " ", "location_t": 0, "parent_sta": "1:1101", "vehicle_ty": 3}}, {"type": "Feature", "id": 927, "geometry": {"type": "Point", "coordinates": [-89.9294090001252, 35.2209480000502]}, "properties": {"FID": 927, "stop_id": "0:YALRALWF", "stop_name": "YALE ROAD at RALEIGH MILLINGTON ROAD", "stop_desc": "st 1241 (no 1036)", "stop_lat": 35.220948, "stop_lon": -89.929409, "zone_id": " ", "location_t": 0, "parent_sta": "1:1241", "vehicle_ty": 3}}, {"type": "Feature", "id": 928, "geometry": {"type": "Point", "coordinates": [-89.9289109996429, 35.2206970001665]}, "properties": {"FID": 928, "stop_id": "0:FRARALEN", "stop_name": "YALE ROAD at RALEIGH MILLINGTON ROAD", "stop_desc": "st 1399 (no 1036)", "stop_lat": 35.220697, "stop_lon": -89.928911, "zone_id": " ", "location_t": 0, "parent_sta": "1:1241", "vehicle_ty": 3}}, {"type": "Feature", "id": 929, "geometry": {"type": "Point", "coordinates": [-89.9554539997023, 35.232220000053]}, "properties": {"FID": 929, "stop_id": "0:VRCNALEN", "stop_name": "VICTORY RIDGE COVE at NEW ALLEN ROAD", "stop_desc": "st 7024 (no 1144)", "stop_lat": 35.23222, "stop_lon": -89.955454, "zone_id": " ", "location_t": 0, "parent_sta": "1:6201", "vehicle_ty": 3}}, {"type": "Feature", "id": 930, "geometry": {"type": "Point", "coordinates": [-90.0323509997988, 35.2104279996525]}, "properties": {"FID": 930, "stop_id": "0:THOWHINF", "stop_name": "THOMAS STREET at WHITNEY AVENUE", "stop_desc": "st 6546 (no 61)", "stop_lat": 35.210428, "stop_lon": -90.032351, "zone_id": " ", "location_t": 0, "parent_sta": "1:1101", "vehicle_ty": 3}}, {"type": "Feature", "id": 931, "geometry": {"type": "Point", "coordinates": [-89.9053539996873, 35.0722330002528]}, "properties": {"FID": 931, "stop_id": "0:PERJUDNF", "stop_name": "PERKINS ROAD at JUDY LYNN AVENUE", "stop_desc": "st 5671", "stop_lat": 35.072233, "stop_lon": -89.905354, "zone_id": " ", "location_t": 0, "parent_sta": "1:PERJUDNF", "vehicle_ty": 3}}, {"type": "Feature", "id": 932, "geometry": {"type": "Point", "coordinates": [-89.9096649997399, 35.0729589995582]}, "properties": {"FID": 932, "stop_id": "0:AMWMALWF", "stop_name": "AMERICAN WAY at MALL ROAD", "stop_desc": "st 2642", "stop_lat": 35.072959, "stop_lon": -89.909665, "zone_id": " ", "location_t": 0, "parent_sta": "1:AMWMALWF", "vehicle_ty": 3}}, {"type": "Feature", "id": 933, "geometry": {"type": "Point", "coordinates": [-89.9131389998649, 35.0719529999311]}, "properties": {"FID": 933, "stop_id": "0:AMWCONWM", "stop_name": "AMERICAN WAY at CONNECTING ROAD", "stop_desc": "st 2643", "stop_lat": 35.071953, "stop_lon": -89.913139, "zone_id": " ", "location_t": 0, "parent_sta": "1:AMWCONWM", "vehicle_ty": 3}}, {"type": "Feature", "id": 934, "geometry": {"type": "Point", "coordinates": [-89.9185870001899, 35.0736320000169]}, "properties": {"FID": 934, "stop_id": "0:AMECHEWN", "stop_name": "AMERICAN WAY at CHERRY ROAD", "stop_desc": "st 2644", "stop_lat": 35.073632, "stop_lon": -89.918587, "zone_id": " ", "location_t": 0, "parent_sta": "1:AMECHEWN", "vehicle_ty": 3}}, {"type": "Feature", "id": 935, "geometry": {"type": "Point", "coordinates": [-90.0739839996618, 35.0633699998257]}, "properties": {"FID": 935, "stop_id": "0:BROROCWN", "stop_name": "BROOKS ROAD at ROCHESTER ROAD", "stop_desc": "st 5269", "stop_lat": 35.06337, "stop_lon": -90.073984, "zone_id": " ", "location_t": 0, "parent_sta": "1:BROROCWN", "vehicle_ty": 3}}, {"type": "Feature", "id": 936, "geometry": {"type": "Point", "coordinates": [-89.8942150004219, 35.2235460002478]}, "properties": {"FID": 936, "stop_id": "0:NCOSCHSF", "stop_name": "NEW COVINGTON PIKE at SCHEIBLER ROAD", "stop_desc": "st 6912", "stop_lat": 35.223546, "stop_lon": -89.894215, "zone_id": " ", "location_t": 0, "parent_sta": "1:NCOSCHSF", "vehicle_ty": 3}}, {"type": "Feature", "id": 937, "geometry": {"type": "Point", "coordinates": [-89.9779559995697, 35.1578070002929]}, "properties": {"FID": 937, "stop_id": "0:JACMCCEF", "stop_name": "JACKSON AVENUE at MCCONNELL STREET", "stop_desc": "st 3915", "stop_lat": 35.157807, "stop_lon": -89.977956, "zone_id": " ", "location_t": 0, "parent_sta": "1:JACMCCEF", "vehicle_ty": 3}}, {"type": "Feature", "id": 938, "geometry": {"type": "Point", "coordinates": [-90.0564480003749, 35.0631290004031]}, "properties": {"FID": 938, "stop_id": "0:BROGILWN", "stop_name": "BROOKS ROAD at GILL ROAD", "stop_desc": "st 5260", "stop_lat": 35.063129, "stop_lon": -90.056448, "zone_id": " ", "location_t": 0, "parent_sta": "1:BROGILWN", "vehicle_ty": 3}}, {"type": "Feature", "id": 939, "geometry": {"type": "Point", "coordinates": [-90.0528000003197, 35.0628870000351]}, "properties": {"FID": 939, "stop_id": "0:BROSOUEF", "stop_name": "BROOKS ROAD at SOUTH CENTER ROAD", "stop_desc": "st 5285", "stop_lat": 35.062887, "stop_lon": -90.0528, "zone_id": " ", "location_t": 0, "parent_sta": "1:BROSOUEF", "vehicle_ty": 3}}, {"type": "Feature", "id": 940, "geometry": {"type": "Point", "coordinates": [-90.050079999892, 35.0628150003121]}, "properties": {"FID": 940, "stop_id": "0:BROTULEM", "stop_name": "BROOKS ROAD at TULANE ROAD", "stop_desc": "st 5286", "stop_lat": 35.062815, "stop_lon": -90.05008, "zone_id": " ", "location_t": 0, "parent_sta": "1:BROTULEM", "vehicle_ty": 3}}, {"type": "Feature", "id": 941, "geometry": {"type": "Point", "coordinates": [-90.0486650002895, 35.0627069998282]}, "properties": {"FID": 941, "stop_id": "0:BROTRAEN", "stop_name": "BROOKS ROAD at TRANQUILITY DRIVE", "stop_desc": "st 5287", "stop_lat": 35.062707, "stop_lon": -90.048665, "zone_id": " ", "location_t": 0, "parent_sta": "1:BROTRAEN", "vehicle_ty": 3}}, {"type": "Feature", "id": 942, "geometry": {"type": "Point", "coordinates": [-90.0426170001744, 35.0619019995777]}, "properties": {"FID": 942, "stop_id": "0:BROGRAEM", "stop_name": "BROOKS ROAD at GRAVES ROAD", "stop_desc": "st 5289", "stop_lat": 35.061902, "stop_lon": -90.042617, "zone_id": " ", "location_t": 0, "parent_sta": "1:BROGRAEM", "vehicle_ty": 3}}, {"type": "Feature", "id": 943, "geometry": {"type": "Point", "coordinates": [-90.0577639999086, 35.0632450003565]}, "properties": {"FID": 943, "stop_id": "0:BROGILWF", "stop_name": "BROOKS ROAD at GILL ROAD", "stop_desc": "st 5261", "stop_lat": 35.063245, "stop_lon": -90.057764, "zone_id": " ", "location_t": 0, "parent_sta": "1:BROGILWF", "vehicle_ty": 3}}, {"type": "Feature", "id": 944, "geometry": {"type": "Point", "coordinates": [-90.0366359995517, 35.0617570000855]}, "properties": {"FID": 944, "stop_id": "0:BROLAKEN", "stop_name": "BROOKS ROAD at LAKEVIEW ROAD", "stop_desc": "st 5290", "stop_lat": 35.061757, "stop_lon": -90.036636, "zone_id": " ", "location_t": 0, "parent_sta": "1:BROLAKEN", "vehicle_ty": 3}}, {"type": "Feature", "id": 945, "geometry": {"type": "Point", "coordinates": [-90.0515769996787, 35.1410490000114]}, "properties": {"FID": 945, "stop_id": "0:THIGAYNM", "stop_name": "3RD STREET at GAYOSO AVENUE", "stop_desc": "st 634", "stop_lat": 35.141049, "stop_lon": -90.051577, "zone_id": " ", "location_t": 0, "parent_sta": "1:THIGAYNM", "vehicle_ty": 3}}, {"type": "Feature", "id": 946, "geometry": {"type": "Point", "coordinates": [-89.9202020000222, 35.0733840002715]}, "properties": {"FID": 946, "stop_id": "0:CHECHESN", "stop_name": "CHERRY ROAD at CHERRY CENTER DRIVE", "stop_desc": "st 2719", "stop_lat": 35.073384, "stop_lon": -89.920202, "zone_id": " ", "location_t": 0, "parent_sta": "1:CHECHESN", "vehicle_ty": 3}}, {"type": "Feature", "id": 947, "geometry": {"type": "Point", "coordinates": [-89.9213150000871, 35.0698639998238]}, "properties": {"FID": 947, "stop_id": "0:GOOCOTSN", "stop_name": "GOODLETT STREET at COTTONWOOD ROAD", "stop_desc": "st 2720", "stop_lat": 35.069864, "stop_lon": -89.921315, "zone_id": " ", "location_t": 0, "parent_sta": "1:GOOCOTSN", "vehicle_ty": 3}}, {"type": "Feature", "id": 948, "geometry": {"type": "Point", "coordinates": [-89.9215449999018, 35.0648590001428]}, "properties": {"FID": 948, "stop_id": "0:GOOKNISN", "stop_name": "GOODLETT STREET at KNIGHT ARNOLD ROAD", "stop_desc": "st 2702", "stop_lat": 35.064859, "stop_lon": -89.921545, "zone_id": " ", "location_t": 0, "parent_sta": "1:GOOKNISN", "vehicle_ty": 3}}, {"type": "Feature", "id": 949, "geometry": {"type": "Point", "coordinates": [-89.9215700001553, 35.0633129998951]}, "properties": {"FID": 949, "stop_id": "0:GOOSHESN", "stop_name": "GOODLETT STREET at SHEFFIELD AVENUE", "stop_desc": "st 2703", "stop_lat": 35.063313, "stop_lon": -89.92157, "zone_id": " ", "location_t": 0, "parent_sta": "1:GOOSHESN", "vehicle_ty": 3}}, {"type": "Feature", "id": 950, "geometry": {"type": "Point", "coordinates": [-89.9222140001759, 35.0619019995777]}, "properties": {"FID": 950, "stop_id": "0:GOOCAMSF", "stop_name": "GOODLETT STREET at CAMELOT AVENUE", "stop_desc": "st 2704", "stop_lat": 35.061902, "stop_lon": -89.922214, "zone_id": " ", "location_t": 0, "parent_sta": "1:GOOCAMSF", "vehicle_ty": 3}}, {"type": "Feature", "id": 951, "geometry": {"type": "Point", "coordinates": [-89.9223290000833, 35.0595689999095]}, "properties": {"FID": 951, "stop_id": "0:GOOFORSN", "stop_name": "GOODLETT STREET at FOREST VIEW DRIVE", "stop_desc": "st 2705", "stop_lat": 35.059569, "stop_lon": -89.922329, "zone_id": " ", "location_t": 0, "parent_sta": "1:GOOFORSN", "vehicle_ty": 3}}, {"type": "Feature", "id": 952, "geometry": {"type": "Point", "coordinates": [-90.0003790002906, 35.1636140000861]}, "properties": {"FID": 952, "stop_id": "0:VOLNEVEF", "stop_name": "VOLLINTINE AVENUE at N EVERGREEN STREET", "stop_desc": "st 4557", "stop_lat": 35.163614, "stop_lon": -90.000379, "zone_id": " ", "location_t": 0, "parent_sta": "1:VOLNEVEF", "vehicle_ty": 3}}, {"type": "Feature", "id": 953, "geometry": {"type": "Point", "coordinates": [-89.9994260004095, 35.1528890001273]}, "properties": {"FID": 953, "stop_id": "0:NPAHAWWN", "stop_name": "NORTH PARKWAY at HAWTHORNE STREET", "stop_desc": "st 3543", "stop_lat": 35.152889, "stop_lon": -89.999426, "zone_id": " ", "location_t": 0, "parent_sta": "1:NPAHAWWN", "vehicle_ty": 3}}, {"type": "Feature", "id": 954, "geometry": {"type": "Point", "coordinates": [-90.0018050004004, 35.1531230001264]}, "properties": {"FID": 954, "stop_id": "0:NPAEVEWN", "stop_name": "NORTH PARKWAY at EVERGREEN STREET", "stop_desc": "st 3544", "stop_lat": 35.153123, "stop_lon": -90.001805, "zone_id": " ", "location_t": 0, "parent_sta": "1:NPAEVEWN", "vehicle_ty": 3}}, {"type": "Feature", "id": 955, "geometry": {"type": "Point", "coordinates": [-90.0074170001944, 35.1536710002165]}, "properties": {"FID": 955, "stop_id": "0:NPKSTOWN", "stop_name": "NORTH PARKWAY at STONEWALL STREET", "stop_desc": "st 6674", "stop_lat": 35.153671, "stop_lon": -90.007417, "zone_id": " ", "location_t": 0, "parent_sta": "1:NPKSTOWN", "vehicle_ty": 3}}, {"type": "Feature", "id": 956, "geometry": {"type": "Point", "coordinates": [-90.0142600000989, 35.1504130001599]}, "properties": {"FID": 956, "stop_id": "0:CLEAUTSF", "stop_name": "CLEVELAND STREET at AUTUMN AVENUE", "stop_desc": "st 6555", "stop_lat": 35.150413, "stop_lon": -90.01426, "zone_id": " ", "location_t": 0, "parent_sta": "1:CLEAUTSF", "vehicle_ty": 3}}, {"type": "Feature", "id": 957, "geometry": {"type": "Point", "coordinates": [-90.0159539999771, 35.1496449998169]}, "properties": {"FID": 957, "stop_id": "0:OVECLAWN", "stop_name": "OVERTON PARK AVENUE at CLAYBROOK STREET", "stop_desc": "st 6556", "stop_lat": 35.149645, "stop_lon": -90.015954, "zone_id": " ", "location_t": 0, "parent_sta": "1:OVECLAWN", "vehicle_ty": 3}}, {"type": "Feature", "id": 958, "geometry": {"type": "Point", "coordinates": [-90.0182570000605, 35.1498520003695]}, "properties": {"FID": 958, "stop_id": "0:OVEMONWN", "stop_name": "OVERTON PARK AVENUE at MONTGOMERY STREET", "stop_desc": "st 6557", "stop_lat": 35.149852, "stop_lon": -90.018257, "zone_id": " ", "location_t": 0, "parent_sta": "1:OVEMONWN", "vehicle_ty": 3}}, {"type": "Feature", "id": 959, "geometry": {"type": "Point", "coordinates": [-90.0201160003531, 35.1500489995617]}, "properties": {"FID": 959, "stop_id": "0:OVEBELWN", "stop_name": "OVERTON PARK AVENUE at BELLEVUE BLVD", "stop_desc": "st 6558", "stop_lat": 35.150049, "stop_lon": -90.020116, "zone_id": " ", "location_t": 0, "parent_sta": "1:OVEBELWN", "vehicle_ty": 3}}, {"type": "Feature", "id": 960, "geometry": {"type": "Point", "coordinates": [-90.0199380002385, 35.1512910001796]}, "properties": {"FID": 960, "stop_id": "0:BELAUTNN", "stop_name": "BELLEVUE BOULEVARD at AUTUMN AVENUE", "stop_desc": "st 6559", "stop_lat": 35.151291, "stop_lon": -90.019938, "zone_id": " ", "location_t": 0, "parent_sta": "1:BELAUTNN", "vehicle_ty": 3}}, {"type": "Feature", "id": 961, "geometry": {"type": "Point", "coordinates": [-90.0122510000836, 35.1437179998858]}, "properties": {"FID": 961, "stop_id": "0:POPMCNWF", "stop_name": "POPLAR AVENUE at MCNEIL BOULEVARD", "stop_desc": "st 2076", "stop_lat": 35.143718, "stop_lon": -90.012251, "zone_id": " ", "location_t": 0, "parent_sta": "1:POPMCNWF", "vehicle_ty": 3}}, {"type": "Feature", "id": 962, "geometry": {"type": "Point", "coordinates": [-90.0167550000432, 35.1441399995614]}, "properties": {"FID": 962, "stop_id": "0:POPCLAWN", "stop_name": "POPLAR AVENUE at CLAYBROOK STREET", "stop_desc": "st 2079", "stop_lat": 35.14414, "stop_lon": -90.016755, "zone_id": " ", "location_t": 0, "parent_sta": "1:POPCLAWN", "vehicle_ty": 3}}, {"type": "Feature", "id": 963, "geometry": {"type": "Point", "coordinates": [-90.0182269995763, 35.1442569995609]}, "properties": {"FID": 963, "stop_id": "0:POPCLAWF", "stop_name": "POPLAR AVENUE at CLAYBROOK STREET", "stop_desc": "st 2080", "stop_lat": 35.144257, "stop_lon": -90.018227, "zone_id": " ", "location_t": 0, "parent_sta": "1:POPCLAWF", "vehicle_ty": 3}}, {"type": "Feature", "id": 964, "geometry": {"type": "Point", "coordinates": [-89.9934229996717, 35.2341520001148]}, "properties": {"FID": 964, "stop_id": "0:OVEHILNN", "stop_name": "OVERTON CROSSING ST at HILLSIDE AVENUE", "stop_desc": "st 1468", "stop_lat": 35.234152, "stop_lon": -89.993423, "zone_id": " ", "location_t": 0, "parent_sta": "1:OVEHILNN", "vehicle_ty": 3}}, {"type": "Feature", "id": 965, "geometry": {"type": "Point", "coordinates": [-89.993354000087, 35.2362069995534]}, "properties": {"FID": 965, "stop_id": "0:OVEWELNF", "stop_name": "OVERTON CROSSING ST at WELLONS AVENUE", "stop_desc": "st 1469", "stop_lat": 35.236207, "stop_lon": -89.993354, "zone_id": " ", "location_t": 0, "parent_sta": "1:OVEWELNF", "vehicle_ty": 3}}, {"type": "Feature", "id": 966, "geometry": {"type": "Point", "coordinates": [-89.9932970001564, 35.2378780001696]}, "properties": {"FID": 966, "stop_id": "0:OVESHANN", "stop_name": "OVERTON CROSSING STREET at SHARON LANE", "stop_desc": "st 1470", "stop_lat": 35.237878, "stop_lon": -89.993297, "zone_id": " ", "location_t": 0, "parent_sta": "1:OVESHANN", "vehicle_ty": 3}}, {"type": "Feature", "id": 967, "geometry": {"type": "Point", "coordinates": [-90.0281599998841, 35.135888000331]}, "properties": {"FID": 967, "stop_id": "0:PAUEASNN", "stop_name": "PAULINE STREET at EASTMORELAND AVENUE", "stop_desc": "st 4396", "stop_lat": 35.135888, "stop_lon": -90.02816, "zone_id": " ", "location_t": 0, "parent_sta": "1:PAUEASNN", "vehicle_ty": 3}}, {"type": "Feature", "id": 968, "geometry": {"type": "Point", "coordinates": [-90.0281260001148, 35.1369150000273]}, "properties": {"FID": 968, "stop_id": "0:PAUUNINM", "stop_name": "PAULINE STREET at UNION AVENUE", "stop_desc": "st 4397", "stop_lat": 35.136915, "stop_lon": -90.028126, "zone_id": " ", "location_t": 0, "parent_sta": "1:PAUUNINM", "vehicle_ty": 3}}, {"type": "Feature", "id": 969, "geometry": {"type": "Point", "coordinates": [-89.9069769998886, 35.0938499997777]}, "properties": {"FID": 969, "stop_id": "0:PERSEASN", "stop_name": "PERKINS ROAD at SEA ISLE ROAD", "stop_desc": "st 3133", "stop_lat": 35.09385, "stop_lon": -89.906977, "zone_id": " ", "location_t": 0, "parent_sta": "1:PERSEASN", "vehicle_ty": 3}}, {"type": "Feature", "id": 970, "geometry": {"type": "Point", "coordinates": [-89.9070489996116, 35.0915980002476]}, "properties": {"FID": 970, "stop_id": "0:PERQUISN", "stop_name": "PERKINS ROAD at QUINCE ROAD", "stop_desc": "st 3134", "stop_lat": 35.091598, "stop_lon": -89.907049, "zone_id": " ", "location_t": 0, "parent_sta": "1:PERQUISN", "vehicle_ty": 3}}, {"type": "Feature", "id": 971, "geometry": {"type": "Point", "coordinates": [-89.9070949999343, 35.0905349997905]}, "properties": {"FID": 971, "stop_id": "0:PERDUNSN", "stop_name": "PERKINS ROAD at DUNN AVENUE", "stop_desc": "st 2796", "stop_lat": 35.090535, "stop_lon": -89.907095, "zone_id": " ", "location_t": 0, "parent_sta": "1:PERDUNSN", "vehicle_ty": 3}}, {"type": "Feature", "id": 972, "geometry": {"type": "Point", "coordinates": [-90.0586809999282, 35.0688129999201]}, "properties": {"FID": 972, "stop_id": "0:THIPEESN", "stop_name": "3RD STREET at PEEBLES ROAD", "stop_desc": "st 5007", "stop_lat": 35.068813, "stop_lon": -90.058681, "zone_id": " ", "location_t": 0, "parent_sta": "1:THIPEESN", "vehicle_ty": 3}}, {"type": "Feature", "id": 973, "geometry": {"type": "Point", "coordinates": [-90.0624740003748, 35.063271999803]}, "properties": {"FID": 973, "stop_id": "0:BROMEAWM", "stop_name": "BROOKS ROAD at MEADOWBROOK ROAD", "stop_desc": "st 5263", "stop_lat": 35.063272, "stop_lon": -90.062474, "zone_id": " ", "location_t": 0, "parent_sta": "1:BROMEAWM", "vehicle_ty": 3}}, {"type": "Feature", "id": 974, "geometry": {"type": "Point", "coordinates": [-90.0669520000347, 35.0633350000103]}, "properties": {"FID": 974, "stop_id": "0:BROREDWN", "stop_name": "BROOKS ROAD at REDBUD ROAD", "stop_desc": "st 5265", "stop_lat": 35.063335, "stop_lon": -90.066952, "zone_id": " ", "location_t": 0, "parent_sta": "1:BROREDWN", "vehicle_ty": 3}}, {"type": "Feature", "id": 975, "geometry": {"type": "Point", "coordinates": [-90.0688430000044, 35.0633879997565]}, "properties": {"FID": 975, "stop_id": "0:BRONEWWN", "stop_name": "BROOKS ROAD at NEW HORN LAKE ROAD", "stop_desc": "st 5266", "stop_lat": 35.063388, "stop_lon": -90.068843, "zone_id": " ", "location_t": 0, "parent_sta": "1:BRONEWWN", "vehicle_ty": 3}}, {"type": "Feature", "id": 976, "geometry": {"type": "Point", "coordinates": [-90.0701249997689, 35.063442000448]}, "properties": {"FID": 976, "stop_id": "0:BROOLDWN", "stop_name": "BROOKS ROAD at OLD HORN LAKE ROAD", "stop_desc": "st 5267", "stop_lat": 35.063442, "stop_lon": -90.070125, "zone_id": " ", "location_t": 0, "parent_sta": "1:BROOLDWN", "vehicle_ty": 3}}, {"type": "Feature", "id": 977, "geometry": {"type": "Point", "coordinates": [-90.0682860003986, 35.0148289997586]}, "properties": {"FID": 977, "stop_id": "0:HORHONSN", "stop_name": "HORN LAKE ROAD at HONDURAS COVE", "stop_desc": "st 4935", "stop_lat": 35.014829, "stop_lon": -90.068286, "zone_id": " ", "location_t": 0, "parent_sta": "1:HORHONSN", "vehicle_ty": 3}}, {"type": "Feature", "id": 978, "geometry": {"type": "Point", "coordinates": [-90.0682580000067, 35.0111310000956]}, "properties": {"FID": 978, "stop_id": "0:HORVANSN", "stop_name": "HORN LAKE ROAD at VAN HUESEN DRIVE", "stop_desc": "st 4936", "stop_lat": 35.011131, "stop_lon": -90.068258, "zone_id": " ", "location_t": 0, "parent_sta": "1:HORVANSN", "vehicle_ty": 3}}, {"type": "Feature", "id": 979, "geometry": {"type": "Point", "coordinates": [-90.0682179999607, 35.0067209999742]}, "properties": {"FID": 979, "stop_id": "0:HORHOLSN", "stop_name": "HORN LAKE ROAD at HOLMES ROAD", "stop_desc": "st 4937", "stop_lat": 35.006721, "stop_lon": -90.068218, "zone_id": " ", "location_t": 0, "parent_sta": "1:HORHOLSN", "vehicle_ty": 3}}, {"type": "Feature", "id": 980, "geometry": {"type": "Point", "coordinates": [-90.0718259999699, 35.0064199995834]}, "properties": {"FID": 980, "stop_id": "0:HOLATKWN", "stop_name": "WEST HOLMES ROAD at ATKINS DRIVE", "stop_desc": "st 7018", "stop_lat": 35.00642, "stop_lon": -90.071826, "zone_id": " ", "location_t": 0, "parent_sta": "1:HOLATKWN", "vehicle_ty": 3}}, {"type": "Feature", "id": 981, "geometry": {"type": "Point", "coordinates": [-90.0740599995693, 35.0346809997284]}, "properties": {"FID": 981, "stop_id": "0:THIRAISF", "stop_name": "3RD STREET at RAINES ROAD", "stop_desc": "st 5024", "stop_lat": 35.034681, "stop_lon": -90.07406, "zone_id": " ", "location_t": 0, "parent_sta": "1:THIRAISF", "vehicle_ty": 3}}, {"type": "Feature", "id": 982, "geometry": {"type": "Point", "coordinates": [-89.9408519999198, 35.1494970001864]}, "properties": {"FID": 982, "stop_id": "0:SUMSEVWN", "stop_name": "SUMMER AVENUE at SEVIER STREET", "stop_desc": "st 4077", "stop_lat": 35.149497, "stop_lon": -89.940852, "zone_id": " ", "location_t": 0, "parent_sta": "1:SUMSEVWN", "vehicle_ty": 3}}, {"type": "Feature", "id": 983, "geometry": {"type": "Point", "coordinates": [-89.9437850002775, 35.1495629996328]}, "properties": {"FID": 983, "stop_id": "0:SUMNHIWN", "stop_name": "SUMMER AVENUE at NHIGHLAND STREET", "stop_desc": "st 4078", "stop_lat": 35.149563, "stop_lon": -89.943785, "zone_id": " ", "location_t": 0, "parent_sta": "1:SUMNHIWN", "vehicle_ty": 3}}, {"type": "Feature", "id": 984, "geometry": {"type": "Point", "coordinates": [-89.9860630002073, 35.1039339998542]}, "properties": {"FID": 984, "stop_id": "0:AIRRILNN", "stop_name": "AIRWAYS BOULEVARD at RILEY AVENUE", "stop_desc": "st 5331", "stop_lat": 35.103934, "stop_lon": -89.986063, "zone_id": " ", "location_t": 0, "parent_sta": "1:AIRRILNN", "vehicle_ty": 3}}, {"type": "Feature", "id": 985, "geometry": {"type": "Point", "coordinates": [-89.9853970000715, 35.1056489998015]}, "properties": {"FID": 985, "stop_id": "0:AIRLAMNF", "stop_name": "AIRWAYS BOULEVARD at LARMA AVENUE", "stop_desc": "st 3336", "stop_lat": 35.105649, "stop_lon": -89.985397, "zone_id": " ", "location_t": 0, "parent_sta": "1:AIRLAMNF", "vehicle_ty": 3}}, {"type": "Feature", "id": 986, "geometry": {"type": "Point", "coordinates": [-89.9849639998886, 35.1068549996585]}, "properties": {"FID": 986, "stop_id": "0:AIRPRONN", "stop_name": "AIRWAYS BOULEVARD at PROGRESS AVENUE", "stop_desc": "st 3337", "stop_lat": 35.106855, "stop_lon": -89.984964, "zone_id": " ", "location_t": 0, "parent_sta": "1:AIRPRONN", "vehicle_ty": 3}}, {"type": "Feature", "id": 987, "geometry": {"type": "Point", "coordinates": [-90.0690200000729, 35.0510370003573]}, "properties": {"FID": 987, "stop_id": "0:HORCROSM", "stop_name": "HORN LAKE ROAD at CROSS VILLAGE", "stop_desc": "st 4897", "stop_lat": 35.051037, "stop_lon": -90.06902, "zone_id": " ", "location_t": 0, "parent_sta": "1:HORCROSM", "vehicle_ty": 3}}, {"type": "Feature", "id": 988, "geometry": {"type": "Point", "coordinates": [-90.0214699998406, 35.1094050003405]}, "properties": {"FID": 988, "stop_id": "0:SPKBELEF", "stop_name": "SOUTH PARKWAY EAST at BELLEVUE BOI;EVARD", "stop_desc": "st 277", "stop_lat": 35.109405, "stop_lon": -90.02147, "zone_id": " ", "location_t": 0, "parent_sta": "1:SPKBELEF", "vehicle_ty": 3}}, {"type": "Feature", "id": 989, "geometry": {"type": "Point", "coordinates": [-90.0157060002317, 35.1092149996725]}, "properties": {"FID": 989, "stop_id": "0:SPADUNEN", "stop_name": "SOUTH PARKWAY EAST at DUNNAVANT STREET", "stop_desc": "st 2296", "stop_lat": 35.109215, "stop_lon": -90.015706, "zone_id": " ", "location_t": 0, "parent_sta": "1:SPADUNEN", "vehicle_ty": 3}}, {"type": "Feature", "id": 990, "geometry": {"type": "Point", "coordinates": [-90.0146110000975, 35.1091609998803]}, "properties": {"FID": 990, "stop_id": "0:SPAPILEF", "stop_name": "SOUTH PARKWAY EAST at PILLOW STREET", "stop_desc": "st 2297", "stop_lat": 35.109161, "stop_lon": -90.014611, "zone_id": " ", "location_t": 0, "parent_sta": "1:SPAPILEF", "vehicle_ty": 3}}, {"type": "Feature", "id": 991, "geometry": {"type": "Point", "coordinates": [-90.0125310004053, 35.1091060000419]}, "properties": {"FID": 991, "stop_id": "0:SPASILEN", "stop_name": "SOUTH PARKWAY EAST at SILVER STREET", "stop_desc": "st 2298", "stop_lat": 35.109106, "stop_lon": -90.012531, "zone_id": " ", "location_t": 0, "parent_sta": "1:SPASILEN", "vehicle_ty": 3}}, {"type": "Feature", "id": 992, "geometry": {"type": "Point", "coordinates": [-90.0104289996985, 35.1090510002035]}, "properties": {"FID": 992, "stop_id": "0:SPAWILEF", "stop_name": "SOUTH PARKWAY EAST at WILLETT STREET", "stop_desc": "st 2299", "stop_lat": 35.109051, "stop_lon": -90.010429, "zone_id": " ", "location_t": 0, "parent_sta": "1:SPAWILEF", "vehicle_ty": 3}}, {"type": "Feature", "id": 993, "geometry": {"type": "Point", "coordinates": [-90.0489950002191, 35.0269300002194]}, "properties": {"FID": 993, "stop_id": "0:HODWHISN", "stop_name": "HODGE ROAD at WHITEVILLE AVENUE", "stop_desc": "st 5443", "stop_lat": 35.02693, "stop_lon": -90.048995, "zone_id": " ", "location_t": 0, "parent_sta": "1:HODWHISN", "vehicle_ty": 3}}, {"type": "Feature", "id": 994, "geometry": {"type": "Point", "coordinates": [-90.0488410003119, 35.0248119996741]}, "properties": {"FID": 994, "stop_id": "0:HODSTOSN", "stop_name": "HODGE ROAD at STONEHAM ROAD", "stop_desc": "st 5444", "stop_lat": 35.024812, "stop_lon": -90.048841, "zone_id": " ", "location_t": 0, "parent_sta": "1:HODSTOSN", "vehicle_ty": 3}}, {"type": "Feature", "id": 995, "geometry": {"type": "Point", "coordinates": [-90.0488410003119, 35.0234709998868]}, "properties": {"FID": 995, "stop_id": "0:HODBERSF", "stop_name": "HODGE ROAD at BERTA ROAD", "stop_desc": "st 5445", "stop_lat": 35.023471, "stop_lon": -90.048841, "zone_id": " ", "location_t": 0, "parent_sta": "1:HODBERSF", "vehicle_ty": 3}}, {"type": "Feature", "id": 996, "geometry": {"type": "Point", "coordinates": [-90.0496269996863, 35.0213439998258]}, "properties": {"FID": 996, "stop_id": "0:HODSHESN", "stop_name": "HODGE ROAD at SHELBY DRIVE", "stop_desc": "st 5446", "stop_lat": 35.021344, "stop_lon": -90.049627, "zone_id": " ", "location_t": 0, "parent_sta": "1:HODSHESN", "vehicle_ty": 3}}, {"type": "Feature", "id": 997, "geometry": {"type": "Point", "coordinates": [-90.0487319997819, 35.020718999782]}, "properties": {"FID": 997, "stop_id": "0:SHEHODEF", "stop_name": "SHELBY DRIVE at HODGE ROAD", "stop_desc": "st 5518", "stop_lat": 35.020719, "stop_lon": -90.048732, "zone_id": " ", "location_t": 0, "parent_sta": "1:SHEHODEF", "vehicle_ty": 3}}, {"type": "Feature", "id": 998, "geometry": {"type": "Point", "coordinates": [-90.0456370000475, 35.0207720004275]}, "properties": {"FID": 998, "stop_id": "0:SHEBEREN", "stop_name": "SHELBY DRIVE at BERTA ROAD", "stop_desc": "st 5519", "stop_lat": 35.020772, "stop_lon": -90.045637, "zone_id": " ", "location_t": 0, "parent_sta": "1:SHEBEREN", "vehicle_ty": 3}}, {"type": "Feature", "id": 999, "geometry": {"type": "Point", "coordinates": [-89.9071760000723, 35.0886669999821]}, "properties": {"FID": 999, "stop_id": "0:PERHELSN", "stop_name": "PERKINS ROAD at HELENE ROAD", "stop_desc": "st 2797", "stop_lat": 35.088667, "stop_lon": -89.907176, "zone_id": " ", "location_t": 0, "parent_sta": "1:PERHELSN", "vehicle_ty": 3}}, {"type": "Feature", "id": 1000, "geometry": {"type": "Point", "coordinates": [-89.9335899995788, 35.1624739996754]}, "properties": {"FID": 1000, "stop_id": "0:MACSALWN", "stop_name": "MACON ROAD at SALEM ROAD", "stop_desc": "st 6344", "stop_lat": 35.162474, "stop_lon": -89.93359, "zone_id": " ", "location_t": 0, "parent_sta": "1:MACSALWN", "vehicle_ty": 3}}, {"type": "Feature", "id": 1001, "geometry": {"type": "Point", "coordinates": [-89.8576779999397, 35.0204750002212]}, "properties": {"FID": 1001, "stop_id": "0:SHECR1WM", "stop_name": "SHELBY DRIVE at CRUMP BOULEVARD", "stop_desc": "st 2416", "stop_lat": 35.020475, "stop_lon": -89.857678, "zone_id": " ", "location_t": 0, "parent_sta": "1:SHECR1WM", "vehicle_ty": 3}}, {"type": "Feature", "id": 1002, "geometry": {"type": "Point", "coordinates": [-89.8622650001296, 35.0204720000828]}, "properties": {"FID": 1002, "stop_id": "0:SHEHICWM", "stop_name": "SHELBY DRIVE at HICKORY HILL ROAD", "stop_desc": "st 2417", "stop_lat": 35.020472, "stop_lon": -89.862265, "zone_id": " ", "location_t": 0, "parent_sta": "1:SHEHICWM", "vehicle_ty": 3}}, {"type": "Feature", "id": 1003, "geometry": {"type": "Point", "coordinates": [-89.8607850002276, 35.0498050002006]}, "properties": {"FID": 1003, "stop_id": "0:WINHICOB", "stop_name": "HICKORY RIDGE MALL", "stop_desc": "st 404 (no 43)", "stop_lat": 35.049805, "stop_lon": -89.860785, "zone_id": " ", "location_t": 0, "parent_sta": "1:3600", "vehicle_ty": 3}}, {"type": "Feature", "id": 1004, "geometry": {"type": "Point", "coordinates": [-89.9064119999138, 35.0737500000625]}, "properties": {"FID": 1004, "stop_id": "0:AMEPEREN", "stop_name": "AMERICAN WAY at S PERKINS ROAD", "stop_desc": "st 2675 (no 189)", "stop_lat": 35.07375, "stop_lon": -89.906412, "zone_id": " ", "location_t": 0, "parent_sta": "1:6902", "vehicle_ty": 3}}, {"type": "Feature", "id": 1005, "geometry": {"type": "Point", "coordinates": [-89.9395229997866, 35.0650859998191]}, "properties": {"FID": 1005, "stop_id": "0:KNIJULEM", "stop_name": "KNIGHT ARNOLD ROAD at JULIUS LEWIS DRIVE", "stop_desc": "st 2783 (no 45)", "stop_lat": 35.065086, "stop_lon": -89.939523, "zone_id": " ", "location_t": 0, "parent_sta": "1:3602", "vehicle_ty": 3}}, {"type": "Feature", "id": 1006, "geometry": {"type": "Point", "coordinates": [-90.0435760003321, 35.1347299999896]}, "properties": {"FID": 1006, "stop_id": "0:VANLAUWN", "stop_name": "LAUDERDALE STREET at VANCE AVENUE", "stop_desc": "st 789 (no 29)", "stop_lat": 35.13473, "stop_lon": -90.043576, "zone_id": " ", "location_t": 0, "parent_sta": "1:404", "vehicle_ty": 3}}, {"type": "Feature", "id": 1007, "geometry": {"type": "Point", "coordinates": [-89.9088570002504, 35.1311470002339]}, "properties": {"FID": 1007, "stop_id": "0:3402IB", "stop_name": "WALNUT GROVE ROAD at PERKINS EXT", "stop_desc": "st 253 (no 117)", "stop_lat": 35.131147, "stop_lon": -89.908857, "zone_id": " ", "location_t": 0, "parent_sta": "1:3402", "vehicle_ty": 3}}, {"type": "Feature", "id": 1008, "geometry": {"type": "Point", "coordinates": [-89.8525429996596, 35.1265699996059]}, "properties": {"FID": 1008, "stop_id": "0:HUMHUMSF", "stop_name": "HUMPHREYS BOULEVARD at WALNUT GROVE ROAD", "stop_desc": "st 6393 (no 118)", "stop_lat": 35.12657, "stop_lon": -89.852543, "zone_id": " ", "location_t": 0, "parent_sta": "1:3400", "vehicle_ty": 3}}, {"type": "Feature", "id": 1009, "geometry": {"type": "Point", "coordinates": [-89.9079170000695, 35.1310019998425]}, "properties": {"FID": 1009, "stop_id": "0:WALPEREF", "stop_name": "WALNUT GROVE ROAD at PERKINS EXT", "stop_desc": "st 3078 (no 117)", "stop_lat": 35.131002, "stop_lon": -89.907917, "zone_id": " ", "location_t": 0, "parent_sta": "1:3402", "vehicle_ty": 3}}, {"type": "Feature", "id": 1010, "geometry": {"type": "Point", "coordinates": [-89.9375450003015, 35.0518380004235]}, "properties": {"FID": 1010, "stop_id": "0:WINGETEN", "stop_name": "WINCHESTER ROAD at OLD GETWELL ROAD", "stop_desc": "st 1762", "stop_lat": 35.051838, "stop_lon": -89.937545, "zone_id": " ", "location_t": 0, "parent_sta": "1:WINGETEN", "vehicle_ty": 3}}, {"type": "Feature", "id": 1011, "geometry": {"type": "Point", "coordinates": [-89.9361410003069, 35.0517469998242]}, "properties": {"FID": 1011, "stop_id": "0:WINGETEF", "stop_name": "WINCHESTER ROAD at OLD GETWELL ROAD", "stop_desc": "st 1763", "stop_lat": 35.051747, "stop_lon": -89.936141, "zone_id": " ", "location_t": 0, "parent_sta": "1:WINGETEF", "vehicle_ty": 3}}, {"type": "Feature", "id": 1012, "geometry": {"type": "Point", "coordinates": [-89.930845999843, 35.0515889997326]}, "properties": {"FID": 1012, "stop_id": "0:WINAIREF", "stop_name": "WINCHESTER ROAD at AIR PARK STREET", "stop_desc": "st 1765", "stop_lat": 35.051589, "stop_lon": -89.930846, "zone_id": " ", "location_t": 0, "parent_sta": "1:WINAIREF", "vehicle_ty": 3}}, {"type": "Feature", "id": 1013, "geometry": {"type": "Point", "coordinates": [-89.9240809999382, 35.0514559998945]}, "properties": {"FID": 1013, "stop_id": "0:WINGEREF", "stop_name": "WINCHESTER ROAD at GERONIMO COURT", "stop_desc": "st 1766", "stop_lat": 35.051456, "stop_lon": -89.924081, "zone_id": " ", "location_t": 0, "parent_sta": "1:WINGEREF", "vehicle_ty": 3}}, {"type": "Feature", "id": 1014, "geometry": {"type": "Point", "coordinates": [-89.9218569999006, 35.0521769998687]}, "properties": {"FID": 1014, "stop_id": "0:GOOWINNF", "stop_name": "GOODLETT STREET at WINCHESTER ROAD", "stop_desc": "st 2709", "stop_lat": 35.052177, "stop_lon": -89.921857, "zone_id": " ", "location_t": 0, "parent_sta": "1:GOOWINNF", "vehicle_ty": 3}}, {"type": "Feature", "id": 1015, "geometry": {"type": "Point", "coordinates": [-89.9217870002698, 35.053982000369]}, "properties": {"FID": 1015, "stop_id": "0:GOOWINNN", "stop_name": "GOODLETT STREET at WINDY HOLLOW", "stop_desc": "st 2710", "stop_lat": 35.053982, "stop_lon": -89.921787, "zone_id": " ", "location_t": 0, "parent_sta": "1:GOOWINNN", "vehicle_ty": 3}}, {"type": "Feature", "id": 1016, "geometry": {"type": "Point", "coordinates": [-89.9595679996634, 35.1738059997471]}, "properties": {"FID": 1016, "stop_id": "0:CHESUNEN", "stop_name": "CHELSEA AVENUE at SUNSET STREET", "stop_desc": "st 4583", "stop_lat": 35.173806, "stop_lon": -89.959568, "zone_id": " ", "location_t": 0, "parent_sta": "1:CHESUNEN", "vehicle_ty": 3}}, {"type": "Feature", "id": 1017, "geometry": {"type": "Point", "coordinates": [-89.9581730000838, 35.1736620003011]}, "properties": {"FID": 1017, "stop_id": "0:CHEORIEF", "stop_name": "CHELSEA AVENUE at ORIOLE STREET", "stop_desc": "st 4584", "stop_lat": 35.173662, "stop_lon": -89.958173, "zone_id": " ", "location_t": 0, "parent_sta": "1:CHEORIEF", "vehicle_ty": 3}}, {"type": "Feature", "id": 1018, "geometry": {"type": "Point", "coordinates": [-89.9577739996703, 35.1735990000938]}, "properties": {"FID": 1018, "stop_id": "0:CHELOCEN", "stop_name": "CHELSEA AVENUE at LOCUST STREET", "stop_desc": "st 6826", "stop_lat": 35.173599, "stop_lon": -89.957774, "zone_id": " ", "location_t": 0, "parent_sta": "1:CHELOCEN", "vehicle_ty": 3}}, {"type": "Feature", "id": 1019, "geometry": {"type": "Point", "coordinates": [-89.9558479998852, 35.1733999999101]}, "properties": {"FID": 1019, "stop_id": "0:CHEBROEN", "stop_name": "CHELSEA AVENUE at BROOKINS STREET", "stop_desc": "st 4585", "stop_lat": 35.1734, "stop_lon": -89.955848, "zone_id": " ", "location_t": 0, "parent_sta": "1:CHEBROEN", "vehicle_ty": 3}}, {"type": "Feature", "id": 1020, "geometry": {"type": "Point", "coordinates": [-89.95438699996, 35.173327000141]}, "properties": {"FID": 1020, "stop_id": "0:CHEORREF", "stop_name": "CHELSEA AVENUE at ORR STREET", "stop_desc": "st 4586", "stop_lat": 35.173327, "stop_lon": -89.954387, "zone_id": " ", "location_t": 0, "parent_sta": "1:CHEORREF", "vehicle_ty": 3}}, {"type": "Feature", "id": 1021, "geometry": {"type": "Point", "coordinates": [-89.953434000079, 35.1733080001641]}, "properties": {"FID": 1021, "stop_id": "0:CHEASHEF", "stop_name": "CHELSEA AVENUE at ASH STREET", "stop_desc": "st 4587", "stop_lat": 35.173308, "stop_lon": -89.953434, "zone_id": " ", "location_t": 0, "parent_sta": "1:CHEASHEF", "vehicle_ty": 3}}, {"type": "Feature", "id": 1022, "geometry": {"type": "Point", "coordinates": [-89.9510319999268, 35.173235000395]}, "properties": {"FID": 1022, "stop_id": "0:CHEELLEN", "stop_name": "CHELSEA AVENUE at ELLINGTON STREET", "stop_desc": "st 4588", "stop_lat": 35.173235, "stop_lon": -89.951032, "zone_id": " ", "location_t": 0, "parent_sta": "1:CHEELLEN", "vehicle_ty": 3}}, {"type": "Feature", "id": 1023, "geometry": {"type": "Point", "coordinates": [-90.0355550000631, 35.1794649999099]}, "properties": {"FID": 1023, "stop_id": "0:DANCORNN", "stop_name": "DANNY THOMAS BOULEVARD at CORRINE AVENUE", "stop_desc": "st 664", "stop_lat": 35.179465, "stop_lon": -90.035555, "zone_id": " ", "location_t": 0, "parent_sta": "1:DANCORNN", "vehicle_ty": 3}}, {"type": "Feature", "id": 1024, "geometry": {"type": "Point", "coordinates": [-89.9356039998247, 35.086781000243]}, "properties": {"FID": 1024, "stop_id": "0:ELLECHEN", "stop_name": "ELLISTON ROAD at ECHLES STREET", "stop_desc": "st 4193", "stop_lat": 35.086781, "stop_lon": -89.935604, "zone_id": " ", "location_t": 0, "parent_sta": "1:ELLECHEN", "vehicle_ty": 3}}, {"type": "Feature", "id": 1025, "geometry": {"type": "Point", "coordinates": [-90.0482219996455, 35.1053379998489]}, "properties": {"FID": 1025, "stop_id": "0:WALSHAEN", "stop_name": "EAST WALDORF AVENUE at SHADOWLAWN BLVD", "stop_desc": "st 5081", "stop_lat": 35.105338, "stop_lon": -90.048222, "zone_id": " ", "location_t": 0, "parent_sta": "1:WALSHAEN", "vehicle_ty": 3}}, {"type": "Feature", "id": 1026, "geometry": {"type": "Point", "coordinates": [-90.0470379999038, 35.1053110004024]}, "properties": {"FID": 1026, "stop_id": "0:WALWELEN", "stop_name": "WALDORF AVENUE at WELLINGTON STREET", "stop_desc": "st 5082", "stop_lat": 35.105311, "stop_lon": -90.047038, "zone_id": " ", "location_t": 0, "parent_sta": "1:WALWELEN", "vehicle_ty": 3}}, {"type": "Feature", "id": 1027, "geometry": {"type": "Point", "coordinates": [-89.9018130000699, 35.0379840000616]}, "properties": {"FID": 1027, "stop_id": "0:OUTRAISM", "stop_name": "OUTLAND ROAD at RAINES ROAD", "stop_desc": "st 7196", "stop_lat": 35.037984, "stop_lon": -89.901813, "zone_id": " ", "location_t": 0, "parent_sta": "1:OUTRAISM", "vehicle_ty": 3}}, {"type": "Feature", "id": 1028, "geometry": {"type": "Point", "coordinates": [-89.9629419996735, 35.1599039998698]}, "properties": {"FID": 1028, "stop_id": "0:JACWARNN", "stop_name": "JACKSON AVENUE at WARFORD STREET", "stop_desc": "st 3920", "stop_lat": 35.159904, "stop_lon": -89.962942, "zone_id": " ", "location_t": 0, "parent_sta": "1:JACWARNN", "vehicle_ty": 3}}, {"type": "Feature", "id": 1029, "geometry": {"type": "Point", "coordinates": [-89.9602840003063, 35.1607949995896]}, "properties": {"FID": 1029, "stop_id": "0:JACTILEN", "stop_name": "JACKSON AVENUE at TILLMAN STREET", "stop_desc": "st 3921", "stop_lat": 35.160795, "stop_lon": -89.960284, "zone_id": " ", "location_t": 0, "parent_sta": "1:JACTILEN", "vehicle_ty": 3}}, {"type": "Feature", "id": 1030, "geometry": {"type": "Point", "coordinates": [-89.9585339996443, 35.1614370004173]}, "properties": {"FID": 1030, "stop_id": "0:JACPOPEF", "stop_name": "JACKSON AVENUE at POPE STREET", "stop_desc": "st 3922", "stop_lat": 35.161437, "stop_lon": -89.958534, "zone_id": " ", "location_t": 0, "parent_sta": "1:JACPOPEF", "vehicle_ty": 3}}, {"type": "Feature", "id": 1031, "geometry": {"type": "Point", "coordinates": [-89.9560860000688, 35.162560000044]}, "properties": {"FID": 1031, "stop_id": "0:JACHUDEN", "stop_name": "JACKSON AVENUE at HUDSON STREET", "stop_desc": "st 3923", "stop_lat": 35.16256, "stop_lon": -89.956086, "zone_id": " ", "location_t": 0, "parent_sta": "1:JACHUDEN", "vehicle_ty": 3}}, {"type": "Feature", "id": 1032, "geometry": {"type": "Point", "coordinates": [-89.9507820000892, 35.1630649999498]}, "properties": {"FID": 1032, "stop_id": "0:MACHOLEF", "stop_name": "MACON ROAD at HOLMES ROAD", "stop_desc": "st 3925", "stop_lat": 35.163065, "stop_lon": -89.950782, "zone_id": " ", "location_t": 0, "parent_sta": "1:MACHOLEF", "vehicle_ty": 3}}, {"type": "Feature", "id": 1033, "geometry": {"type": "Point", "coordinates": [-90.0010459995732, 35.1607280000972]}, "properties": {"FID": 1033, "stop_id": "0:JACEVEEN", "stop_name": "JACKSON AVENUE at EVERGREEN STREET", "stop_desc": "st 3904", "stop_lat": 35.160728, "stop_lon": -90.001046, "zone_id": " ", "location_t": 0, "parent_sta": "1:JACEVEEN", "vehicle_ty": 3}}, {"type": "Feature", "id": 1034, "geometry": {"type": "Point", "coordinates": [-90.1005129999749, 35.0468050003506]}, "properties": {"FID": 1034, "stop_id": "0:CANPARWN", "stop_name": "CANARY LANE at PARAKEET ROAD", "stop_desc": "st 5853", "stop_lat": 35.046805, "stop_lon": -90.100513, "zone_id": " ", "location_t": 0, "parent_sta": "1:CANPARWN", "vehicle_ty": 3}}, {"type": "Feature", "id": 1035, "geometry": {"type": "Point", "coordinates": [-90.0621590002376, 35.1209080002041]}, "properties": {"FID": 1035, "stop_id": "0:FLOCOLSN", "stop_name": "FLORIDA STREET at COLORADO AVENUE", "stop_desc": "st 4469", "stop_lat": 35.120908, "stop_lon": -90.062159, "zone_id": " ", "location_t": 0, "parent_sta": "1:FLOCOLSN", "vehicle_ty": 3}}, {"type": "Feature", "id": 1036, "geometry": {"type": "Point", "coordinates": [-90.0622590003525, 35.1187090004201]}, "properties": {"FID": 1036, "stop_id": "0:FLOHAPSM", "stop_name": "FLORIDA STREET at HAPPILAND PLACE", "stop_desc": "st 4470", "stop_lat": 35.118709, "stop_lon": -90.062259, "zone_id": " ", "location_t": 0, "parent_sta": "1:FLOHAPSM", "vehicle_ty": 3}}, {"type": "Feature", "id": 1037, "geometry": {"type": "Point", "coordinates": [-90.0623140001909, 35.1168409997124]}, "properties": {"FID": 1037, "stop_id": "0:FLOHAPSN", "stop_name": "FLORIDA STREET at HAPPILAND PLACE", "stop_desc": "st 4471", "stop_lat": 35.116841, "stop_lon": -90.062314, "zone_id": " ", "location_t": 0, "parent_sta": "1:FLOHAPSN", "vehicle_ty": 3}}, {"type": "Feature", "id": 1038, "geometry": {"type": "Point", "coordinates": [-89.9507929996971, 35.1632339996494]}, "properties": {"FID": 1038, "stop_id": "0:MACHOLWN", "stop_name": "MACON ROAD at HOLMES ROAD", "stop_desc": "st 3996", "stop_lat": 35.163234, "stop_lon": -89.950793, "zone_id": " ", "location_t": 0, "parent_sta": "1:MACHOLWN", "vehicle_ty": 3}}, {"type": "Feature", "id": 1039, "geometry": {"type": "Point", "coordinates": [-89.8685009999212, 35.1722560002143]}, "properties": {"FID": 1039, "stop_id": "0:SYCSUMNF", "stop_name": "SYCAMORE VIEW ROAD at SUMMER AVENUE", "stop_desc": "st 7072", "stop_lat": 35.172256, "stop_lon": -89.868501, "zone_id": " ", "location_t": 0, "parent_sta": "1:SYCSUMNF", "vehicle_ty": 3}}, {"type": "Feature", "id": 1040, "geometry": {"type": "Point", "coordinates": [-89.997972999954, 35.1727060002817]}, "properties": {"FID": 1040, "stop_id": "0:CHEEVEWM", "stop_name": "CHELSEA AVENUE at EVERGREEN STREET", "stop_desc": "st 1599", "stop_lat": 35.172706, "stop_lon": -89.997973, "zone_id": " ", "location_t": 0, "parent_sta": "1:CHEEVEWM", "vehicle_ty": 3}}, {"type": "Feature", "id": 1041, "geometry": {"type": "Point", "coordinates": [-90.0008899995738, 35.1728030002583]}, "properties": {"FID": 1041, "stop_id": "0:CHEWILWM", "stop_name": "CHELSEA AVENUE at WILLETT STREET", "stop_desc": "st 1600", "stop_lat": 35.172803, "stop_lon": -90.00089, "zone_id": " ", "location_t": 0, "parent_sta": "1:CHEWILWM", "vehicle_ty": 3}}, {"type": "Feature", "id": 1042, "geometry": {"type": "Point", "coordinates": [-89.9593230000564, 35.1613920001407]}, "properties": {"FID": 1042, "stop_id": "0:JACPOPSF", "stop_name": "JACKSON AVENUE at POPE STREET", "stop_desc": "st 3738", "stop_lat": 35.161392, "stop_lon": -89.959323, "zone_id": " ", "location_t": 0, "parent_sta": "1:JACPOPSF", "vehicle_ty": 3}}, {"type": "Feature", "id": 1043, "geometry": {"type": "Point", "coordinates": [-89.9881549995536, 35.13386499967]}, "properties": {"FID": 1043, "stop_id": "0:UNISCOEN", "stop_name": "UNION AVENUE at SOUTH COX STREET", "stop_desc": "st 3050", "stop_lat": 35.133865, "stop_lon": -89.988155, "zone_id": " ", "location_t": 0, "parent_sta": "1:UNISCOEN", "vehicle_ty": 3}}, {"type": "Feature", "id": 1044, "geometry": {"type": "Point", "coordinates": [-89.9865839999516, 35.1337210002241]}, "properties": {"FID": 1044, "stop_id": "0:UNIEDGEN", "stop_name": "UNION AVENUE at EDGEWOOD STREET", "stop_desc": "st 3051", "stop_lat": 35.133721, "stop_lon": -89.986584, "zone_id": " ", "location_t": 0, "parent_sta": "1:UNIEDGEN", "vehicle_ty": 3}}, {"type": "Feature", "id": 1045, "geometry": {"type": "Point", "coordinates": [-90.0132579997568, 35.1583120001987]}, "properties": {"FID": 1045, "stop_id": "0:JACSPEWN", "stop_name": "JACKSON AVENUE at SPEED STREET", "stop_desc": "st 3762", "stop_lat": 35.158312, "stop_lon": -90.013258, "zone_id": " ", "location_t": 0, "parent_sta": "1:JACSPEWN", "vehicle_ty": 3}}, {"type": "Feature", "id": 1046, "geometry": {"type": "Point", "coordinates": [-90.0149410000271, 35.1584290001982]}, "properties": {"FID": 1046, "stop_id": "0:JACCLAWN", "stop_name": "JACKSON AVENUE at CLAYBROOK STREET", "stop_desc": "st 3763", "stop_lat": 35.158429, "stop_lon": -90.014941, "zone_id": " ", "location_t": 0, "parent_sta": "1:JACCLAWN", "vehicle_ty": 3}}, {"type": "Feature", "id": 1047, "geometry": {"type": "Point", "coordinates": [-90.1036190002167, 35.0476000001399]}, "properties": {"FID": 1047, "stop_id": "0:PELSKYNN", "stop_name": "PELICAN LANE at SKYLARK DRIVE", "stop_desc": "st 5855", "stop_lat": 35.0476, "stop_lon": -90.103619, "zone_id": " ", "location_t": 0, "parent_sta": "1:PELSKYNN", "vehicle_ty": 3}}, {"type": "Feature", "id": 1048, "geometry": {"type": "Point", "coordinates": [-90.1034650003095, 35.0479839998617]}, "properties": {"FID": 1048, "stop_id": "0:SKYPELEF", "stop_name": "SKYLARK DRIVE at PELICAN LANE", "stop_desc": "st 5856", "stop_lat": 35.047984, "stop_lon": -90.103465, "zone_id": " ", "location_t": 0, "parent_sta": "1:SKYPELEF", "vehicle_ty": 3}}, {"type": "Feature", "id": 1049, "geometry": {"type": "Point", "coordinates": [-89.846944999612, 35.0385370003823]}, "properties": {"FID": 1049, "stop_id": "0:KIRTIMNN", "stop_name": "KIRBY PARKWAY at TIMBER TRAIL", "stop_desc": "st 7215", "stop_lat": 35.038537, "stop_lon": -89.846945, "zone_id": " ", "location_t": 0, "parent_sta": "1:KIRTIMNN", "vehicle_ty": 3}}, {"type": "Feature", "id": 1050, "geometry": {"type": "Point", "coordinates": [-89.9822539999221, 35.1259509998388]}, "properties": {"FID": 1050, "stop_id": "0:CENEPAWM", "stop_name": "CENTRAL AVENUE at EAST PARKWAY", "stop_desc": "st 3325", "stop_lat": 35.125951, "stop_lon": -89.982254, "zone_id": " ", "location_t": 0, "parent_sta": "1:CENEPAWM", "vehicle_ty": 3}}, {"type": "Feature", "id": 1051, "geometry": {"type": "Point", "coordinates": [-89.9847330000279, 35.1260160001383]}, "properties": {"FID": 1051, "stop_id": "0:CENEPAWF", "stop_name": "CENTRAL AVENUE at EAST PARKWAY SOUTH", "stop_desc": "st 3526", "stop_lat": 35.126016, "stop_lon": -89.984733, "zone_id": " ", "location_t": 0, "parent_sta": "1:CENEPAWF", "vehicle_ty": 3}}, {"type": "Feature", "id": 1052, "geometry": {"type": "Point", "coordinates": [-89.9858399998161, 35.1260170001844]}, "properties": {"FID": 1052, "stop_id": "0:CENPHIWN", "stop_name": "CENTRAL AVENUE at PHILADELPHIA STREET", "stop_desc": "st 3527", "stop_lat": 35.126017, "stop_lon": -89.98584, "zone_id": " ", "location_t": 0, "parent_sta": "1:CENPHIWN", "vehicle_ty": 3}}, {"type": "Feature", "id": 1053, "geometry": {"type": "Point", "coordinates": [-89.9870350000652, 35.1260259997002]}, "properties": {"FID": 1053, "stop_id": "0:CENNEWWN", "stop_name": "CENTRAL AVENUE at NEW YORK STREET", "stop_desc": "st 3528", "stop_lat": 35.126026, "stop_lon": -89.987035, "zone_id": " ", "location_t": 0, "parent_sta": "1:CENNEWWN", "vehicle_ty": 3}}, {"type": "Feature", "id": 1054, "geometry": {"type": "Point", "coordinates": [-89.8558969996468, 35.1540390000998]}, "properties": {"FID": 1054, "stop_id": "0:STAMULEM", "stop_name": "STATE ROAD at MULLINS STATION ROAD", "stop_desc": "st 4027", "stop_lat": 35.154039, "stop_lon": -89.855897, "zone_id": " ", "location_t": 0, "parent_sta": "1:STAMULEM", "vehicle_ty": 3}}, {"type": "Feature", "id": 1055, "geometry": {"type": "Point", "coordinates": [-89.8517469998242, 35.1544619998215]}, "properties": {"FID": 1055, "stop_id": "0:STAMULEN", "stop_name": "MULLINS STATION ROAD at STATE ROAD", "stop_desc": "st 4028", "stop_lat": 35.154462, "stop_lon": -89.851747, "zone_id": " ", "location_t": 0, "parent_sta": "1:STAMULEN", "vehicle_ty": 3}}, {"type": "Feature", "id": 1056, "geometry": {"type": "Point", "coordinates": [-89.8796539998322, 35.1844719996831]}, "properties": {"FID": 1056, "stop_id": "0:RALBAREF", "stop_name": "RALEIGH LAGRANGE ROAD at BARTLETT ROAD", "stop_desc": "st 7067", "stop_lat": 35.184472, "stop_lon": -89.879654, "zone_id": " ", "location_t": 0, "parent_sta": "1:RALBAREF", "vehicle_ty": 3}}, {"type": "Feature", "id": 1057, "geometry": {"type": "Point", "coordinates": [-89.8750840004262, 35.183132999988]}, "properties": {"FID": 1057, "stop_id": "0:RALPENEF", "stop_name": "RALEIGH LAGRANGE ROAD at PENNINGTON GAP", "stop_desc": "st 7068", "stop_lat": 35.183133, "stop_lon": -89.875084, "zone_id": " ", "location_t": 0, "parent_sta": "1:RALPENEF", "vehicle_ty": 3}}, {"type": "Feature", "id": 1058, "geometry": {"type": "Point", "coordinates": [-89.8715639999786, 35.1823139999912]}, "properties": {"FID": 1058, "stop_id": "0:SYCRALSF", "stop_name": "SYCAMORE VIEW RD at RALEIGH LAGRANGE RD", "stop_desc": "st 7069", "stop_lat": 35.182314, "stop_lon": -89.871564, "zone_id": " ", "location_t": 0, "parent_sta": "1:SYCRALSF", "vehicle_ty": 3}}, {"type": "Feature", "id": 1059, "geometry": {"type": "Point", "coordinates": [-89.9042760003371, 35.197770999632]}, "properties": {"FID": 1059, "stop_id": "0:RALHOOSF", "stop_name": "RALEIGH LAGRANGE ROAD at HOOVER DRIVE", "stop_desc": "st 1074", "stop_lat": 35.197771, "stop_lon": -89.904276, "zone_id": " ", "location_t": 0, "parent_sta": "1:RALHOOSF", "vehicle_ty": 3}}, {"type": "Feature", "id": 1060, "geometry": {"type": "Point", "coordinates": [-89.9018760002771, 35.1959449999619]}, "properties": {"FID": 1060, "stop_id": "0:RALDEVSF", "stop_name": "RALEIGH LAGRANGE ROAD at DEVEREUX DRIVE", "stop_desc": "st 1075", "stop_lat": 35.195945, "stop_lon": -89.901876, "zone_id": " ", "location_t": 0, "parent_sta": "1:RALDEVSF", "vehicle_ty": 3}}, {"type": "Feature", "id": 1061, "geometry": {"type": "Point", "coordinates": [-89.9000060003766, 35.195137999619]}, "properties": {"FID": 1061, "stop_id": "0:RALBATSN", "stop_name": "RALEIGH LAGRANGE RD at BATTLE CREEEK DR", "stop_desc": "st 1076", "stop_lat": 35.195138, "stop_lon": -89.900006, "zone_id": " ", "location_t": 0, "parent_sta": "1:RALBATSN", "vehicle_ty": 3}}, {"type": "Feature", "id": 1062, "geometry": {"type": "Point", "coordinates": [-89.8959820000692, 35.1918160002083]}, "properties": {"FID": 1062, "stop_id": "0:COVCHISM", "stop_name": "COVINGTON PIKE at CHISWOOD STREET", "stop_desc": "st 1078", "stop_lat": 35.191816, "stop_lon": -89.895982, "zone_id": " ", "location_t": 0, "parent_sta": "1:COVCHISM", "vehicle_ty": 3}}, {"type": "Feature", "id": 1063, "geometry": {"type": "Point", "coordinates": [-89.8968020001122, 35.1768669997123]}, "properties": {"FID": 1063, "stop_id": "0:COVPL1SM", "stop_name": "SHELBY OAKS DRIVE at SYCAMORE VIEW ROAD", "stop_desc": "st 1082", "stop_lat": 35.176867, "stop_lon": -89.896802, "zone_id": " ", "location_t": 0, "parent_sta": "1:COVPL1SM", "vehicle_ty": 3}}, {"type": "Feature", "id": 1064, "geometry": {"type": "Point", "coordinates": [-89.9157069995783, 35.1587339998742]}, "properties": {"FID": 1064, "stop_id": "0:WARFERSN", "stop_name": "WARING ROAD at FERNDALE ROAD", "stop_desc": "st 1088", "stop_lat": 35.158734, "stop_lon": -89.915707, "zone_id": " ", "location_t": 0, "parent_sta": "1:WARFERSN", "vehicle_ty": 3}}, {"type": "Feature", "id": 1065, "geometry": {"type": "Point", "coordinates": [-89.9157790002006, 35.155955000323]}, "properties": {"FID": 1065, "stop_id": "0:WAROWESN", "stop_name": "WARING ROAD at OWEN ROAD", "stop_desc": "st 1089", "stop_lat": 35.155955, "stop_lon": -89.915779, "zone_id": " ", "location_t": 0, "parent_sta": "1:WAROWESN", "vehicle_ty": 3}}, {"type": "Feature", "id": 1066, "geometry": {"type": "Point", "coordinates": [-89.9158370001774, 35.1545880002361]}, "properties": {"FID": 1066, "stop_id": "0:WARPOWSM", "stop_name": "WARING ROAD at POWELL AVENUE", "stop_desc": "st 1090", "stop_lat": 35.154588, "stop_lon": -89.915837, "zone_id": " ", "location_t": 0, "parent_sta": "1:WARPOWSM", "vehicle_ty": 3}}, {"type": "Feature", "id": 1067, "geometry": {"type": "Point", "coordinates": [-90.0916460002626, 35.0402650000298]}, "properties": {"FID": 1067, "stop_id": "0:OAKCASSN", "stop_name": "OAKSHIRE STREET at CLEWOOD AVENUE", "stop_desc": "st 5922", "stop_lat": 35.040265, "stop_lon": -90.091646, "zone_id": " ", "location_t": 0, "parent_sta": "1:OAKCASSN", "vehicle_ty": 3}}, {"type": "Feature", "id": 1068, "geometry": {"type": "Point", "coordinates": [-90.0925669995673, 35.0390139998962]}, "properties": {"FID": 1068, "stop_id": "0:WESNORSM", "stop_name": "WESTMONT ROAD at NORFLEET AVENUE", "stop_desc": "st 5923", "stop_lat": 35.039014, "stop_lon": -90.092567, "zone_id": " ", "location_t": 0, "parent_sta": "1:WESNORSM", "vehicle_ty": 3}}, {"type": "Feature", "id": 1069, "geometry": {"type": "Point", "coordinates": [-90.092572999844, 35.0379949996695]}, "properties": {"FID": 1069, "stop_id": "0:WESNORSN", "stop_name": "WESTMONT ROAD at NORFLEET AVENUE", "stop_desc": "st 5924", "stop_lat": 35.037995, "stop_lon": -90.092573, "zone_id": " ", "location_t": 0, "parent_sta": "1:WESNORSN", "vehicle_ty": 3}}, {"type": "Feature", "id": 1070, "geometry": {"type": "Point", "coordinates": [-90.092572999844, 35.0367519999049]}, "properties": {"FID": 1070, "stop_id": "0:WESCAVSN", "stop_name": "WESTMONT ROAD at CAVALIER DRIVE", "stop_desc": "st 5925", "stop_lat": 35.036752, "stop_lon": -90.092573, "zone_id": " ", "location_t": 0, "parent_sta": "1:WESCAVSN", "vehicle_ty": 3}}, {"type": "Feature", "id": 1071, "geometry": {"type": "Point", "coordinates": [-90.0714400001559, 35.0370229998117]}, "properties": {"FID": 1071, "stop_id": "0:THIHORNM", "stop_name": "3RD STREET at HORN LAKE ROAD", "stop_desc": "st 5049", "stop_lat": 35.037023, "stop_lon": -90.07144, "zone_id": " ", "location_t": 0, "parent_sta": "1:THIHORNM", "vehicle_ty": 3}}, {"type": "Feature", "id": 1072, "geometry": {"type": "Point", "coordinates": [-90.0697709996319, 35.0387209998743]}, "properties": {"FID": 1072, "stop_id": "0:THIHORNN", "stop_name": "3RD STREET at HORN LAKE ROAD", "stop_desc": "st 5050", "stop_lat": 35.038721, "stop_lon": -90.069771, "zone_id": " ", "location_t": 0, "parent_sta": "1:THIHORNN", "vehicle_ty": 3}}, {"type": "Feature", "id": 1073, "geometry": {"type": "Point", "coordinates": [-90.0660240004073, 35.0426799998821]}, "properties": {"FID": 1073, "stop_id": "0:THILEVNN", "stop_name": "3RD STREET at WEST LEVI ROAD", "stop_desc": "st 5051", "stop_lat": 35.04268, "stop_lon": -90.066024, "zone_id": " ", "location_t": 0, "parent_sta": "1:THILEVNN", "vehicle_ty": 3}}, {"type": "Feature", "id": 1074, "geometry": {"type": "Point", "coordinates": [-90.0916329996631, 35.0417560004391]}, "properties": {"FID": 1074, "stop_id": "0:OAKLEVSF", "stop_name": "OAKSHIRE STREET at LEVI ROAD", "stop_desc": "st 5921", "stop_lat": 35.041756, "stop_lon": -90.091633, "zone_id": " ", "location_t": 0, "parent_sta": "1:OAKLEVSF", "vehicle_ty": 3}}, {"type": "Feature", "id": 1075, "geometry": {"type": "Point", "coordinates": [-89.9008129998201, 35.1308760003272]}, "properties": {"FID": 1075, "stop_id": "0:WALLAKEN", "stop_name": "WALNUT GROVE ROAD at LAKE DRIVE", "stop_desc": "st 3081", "stop_lat": 35.130876, "stop_lon": -89.900813, "zone_id": " ", "location_t": 0, "parent_sta": "1:WALLAKEN", "vehicle_ty": 3}}, {"type": "Feature", "id": 1076, "geometry": {"type": "Point", "coordinates": [-89.8976699996707, 35.1306119998439]}, "properties": {"FID": 1076, "stop_id": "0:WALMENEF", "stop_name": "WALNUT GROVE ROAD at MENDENHALL ROAD", "stop_desc": "st 2889", "stop_lat": 35.130612, "stop_lon": -89.89767, "zone_id": " ", "location_t": 0, "parent_sta": "1:WALMENEF", "vehicle_ty": 3}}, {"type": "Feature", "id": 1077, "geometry": {"type": "Point", "coordinates": [-89.8906329998131, 35.1304499995679]}, "properties": {"FID": 1077, "stop_id": "0:WALLAVEN", "stop_name": "WALNUT GROVE ROAD at LAVERNE LANE", "stop_desc": "st 2891", "stop_lat": 35.13045, "stop_lon": -89.890633, "zone_id": " ", "location_t": 0, "parent_sta": "1:WALLAVEN", "vehicle_ty": 3}}, {"type": "Feature", "id": 1078, "geometry": {"type": "Point", "coordinates": [-89.8876010002859, 35.1303830000754]}, "properties": {"FID": 1078, "stop_id": "0:WALWHIEN", "stop_name": "WALNUT GROVE ROAD at WHITE STATION ROAD", "stop_desc": "st 2892", "stop_lat": 35.130383, "stop_lon": -89.887601, "zone_id": " ", "location_t": 0, "parent_sta": "1:WALWHIEN", "vehicle_ty": 3}}, {"type": "Feature", "id": 1079, "geometry": {"type": "Point", "coordinates": [-89.7784470001289, 35.2024690004441]}, "properties": {"FID": 1079, "stop_id": "0:NEWSTANM", "stop_name": "NEW BRUNSWICK ROAD at STAGE ROAD", "stop_desc": "st 4024", "stop_lat": 35.202469, "stop_lon": -89.778447, "zone_id": " ", "location_t": 0, "parent_sta": "1:NEWSTANM", "vehicle_ty": 3}}, {"type": "Feature", "id": 1080, "geometry": {"type": "Point", "coordinates": [-90.0616930003317, 35.1290220002651]}, "properties": {"FID": 1080, "stop_id": "0:FLOGEONN", "stop_name": "FLORIDA STREET at GEORGIA AVENUE", "stop_desc": "st 4483", "stop_lat": 35.129022, "stop_lon": -90.061693, "zone_id": " ", "location_t": 0, "parent_sta": "1:FLOGEONN", "vehicle_ty": 3}}, {"type": "Feature", "id": 1081, "geometry": {"type": "Point", "coordinates": [-89.8954859996791, 35.1127889999125]}, "properties": {"FID": 1081, "stop_id": "0:POPMENEF", "stop_name": "POPLAR AVENUE at MENDENHALL ROAD", "stop_desc": "st 1944", "stop_lat": 35.112789, "stop_lon": -89.895486, "zone_id": " ", "location_t": 0, "parent_sta": "1:POPMENEF", "vehicle_ty": 3}}, {"type": "Feature", "id": 1082, "geometry": {"type": "Point", "coordinates": [-89.8930549999882, 35.1115430000095]}, "properties": {"FID": 1082, "stop_id": "0:POPTRUEN", "stop_name": "POPLAR AVENUE at TRUSE PARKWAY", "stop_desc": "st 1945", "stop_lat": 35.111543, "stop_lon": -89.893055, "zone_id": " ", "location_t": 0, "parent_sta": "1:POPTRUEN", "vehicle_ty": 3}}, {"type": "Feature", "id": 1083, "geometry": {"type": "Point", "coordinates": [-89.8900610004148, 35.1099389997851]}, "properties": {"FID": 1083, "stop_id": "0:POPEBREN", "stop_name": "POPLAR AVENUE at EAST BROOKHAVEN CIRCLE", "stop_desc": "st 7138", "stop_lat": 35.109939, "stop_lon": -89.890061, "zone_id": " ", "location_t": 0, "parent_sta": "1:POPEBREN", "vehicle_ty": 3}}, {"type": "Feature", "id": 1084, "geometry": {"type": "Point", "coordinates": [-89.835578999771, 35.0977600002239]}, "properties": {"FID": 1084, "stop_id": "0:POPOAKEM", "stop_name": "POPLAR AVENUE at OAK HILL ROAD", "stop_desc": "st 1966", "stop_lat": 35.09776, "stop_lon": -89.835579, "zone_id": " ", "location_t": 0, "parent_sta": "1:POPOAKEM", "vehicle_ty": 3}}, {"type": "Feature", "id": 1085, "geometry": {"type": "Point", "coordinates": [-89.9114510002634, 35.1182899999836]}, "properties": {"FID": 1085, "stop_id": "0:POPGROWN", "stop_name": "POPLAR AVENUE at GROVE PARK ROAD", "stop_desc": "st 2032", "stop_lat": 35.11829, "stop_lon": -89.911451, "zone_id": " ", "location_t": 0, "parent_sta": "1:POPGROWN", "vehicle_ty": 3}}, {"type": "Feature", "id": 1086, "geometry": {"type": "Point", "coordinates": [-89.9139270002308, 35.1193029999336]}, "properties": {"FID": 1086, "stop_id": "0:POPOA2WN", "stop_name": "POPLAR AVENUE at OAK COURT DRIVE", "stop_desc": "st 2033", "stop_lat": 35.119303, "stop_lon": -89.913927, "zone_id": " ", "location_t": 0, "parent_sta": "1:POPOA2WN", "vehicle_ty": 3}}, {"type": "Feature", "id": 1087, "geometry": {"type": "Point", "coordinates": [-89.9155749997864, 35.1199849999079]}, "properties": {"FID": 1087, "stop_id": "0:POPCHEWM", "stop_name": "POPLAR AVENUE at CHERRY ROAD", "stop_desc": "st 2034", "stop_lat": 35.119985, "stop_lon": -89.915575, "zone_id": " ", "location_t": 0, "parent_sta": "1:POPCHEWM", "vehicle_ty": 3}}, {"type": "Feature", "id": 1088, "geometry": {"type": "Point", "coordinates": [-89.917929000423, 35.1209979998579]}, "properties": {"FID": 1088, "stop_id": "0:POPCHEWF", "stop_name": "POPLAR AVENUE at CHERRY ROAD", "stop_desc": "st 2035", "stop_lat": 35.120998, "stop_lon": -89.917929, "zone_id": " ", "location_t": 0, "parent_sta": "1:POPCHEWF", "vehicle_ty": 3}}, {"type": "Feature", "id": 1089, "geometry": {"type": "Point", "coordinates": [-89.9194220000252, 35.1216609998553]}, "properties": {"FID": 1089, "stop_id": "0:POPGREWF", "stop_name": "POPLAR AVENUE at GREENFIELD ROAD", "stop_desc": "st 2036", "stop_lat": 35.121661, "stop_lon": -89.919422, "zone_id": " ", "location_t": 0, "parent_sta": "1:POPGREWF", "vehicle_ty": 3}}, {"type": "Feature", "id": 1090, "geometry": {"type": "Point", "coordinates": [-89.9255700002553, 35.1237780003545]}, "properties": {"FID": 1090, "stop_id": "0:POPGOOWN", "stop_name": "POPLAR AVENUE at GOODLETT STREET", "stop_desc": "st 2038", "stop_lat": 35.123778, "stop_lon": -89.92557, "zone_id": " ", "location_t": 0, "parent_sta": "1:POPGOOWN", "vehicle_ty": 3}}, {"type": "Feature", "id": 1091, "geometry": {"type": "Point", "coordinates": [-90.0549990001037, 35.1247229998666]}, "properties": {"FID": 1091, "stop_id": "0:THICRUSN", "stop_name": "3RD STREET at CRUMP BOULEVARD", "stop_desc": "st 4301", "stop_lat": 35.124723, "stop_lon": -90.054999, "zone_id": " ", "location_t": 0, "parent_sta": "1:THICRUSN", "vehicle_ty": 3}}, {"type": "Feature", "id": 1092, "geometry": {"type": "Point", "coordinates": [-89.7970659998959, 35.0438479997854]}, "properties": {"FID": 1092, "stop_id": "0:8293", "stop_name": "CENTENNIAL DRIVE at HACKS CROSS ROAD", "stop_desc": "no 233", "stop_lat": 35.043848, "stop_lon": -89.797066, "zone_id": " ", "location_t": 0, "parent_sta": "1:8293", "vehicle_ty": 3}}, {"type": "Feature", "id": 1093, "geometry": {"type": "Point", "coordinates": [-90.03529099958, 35.1028229998816]}, "properties": {"FID": 1093, "stop_id": "0:MARHAVSN", "stop_name": "MARJORIE STREET at HAVANA STREET", "stop_desc": "st 4741", "stop_lat": 35.102823, "stop_lon": -90.035291, "zone_id": " ", "location_t": 0, "parent_sta": "1:MARHAVSN", "vehicle_ty": 3}}, {"type": "Feature", "id": 1094, "geometry": {"type": "Point", "coordinates": [-90.0356119999938, 35.1014739997254]}, "properties": {"FID": 1094, "stop_id": "0:MARPERSM", "stop_name": "MARJORIE STREET at PERSON AVENUE", "stop_desc": "st 4742", "stop_lat": 35.101474, "stop_lon": -90.035612, "zone_id": " ", "location_t": 0, "parent_sta": "1:MARPERSM", "vehicle_ty": 3}}, {"type": "Feature", "id": 1095, "geometry": {"type": "Point", "coordinates": [-90.0356899999935, 35.0994269997563]}, "properties": {"FID": 1095, "stop_id": "0:MARTAMSN", "stop_name": "MARJORIE STREET at TAMPA AVENUE", "stop_desc": "st 4743", "stop_lat": 35.099427, "stop_lon": -90.03569, "zone_id": " ", "location_t": 0, "parent_sta": "1:MARTAMSN", "vehicle_ty": 3}}, {"type": "Feature", "id": 1096, "geometry": {"type": "Point", "coordinates": [-90.0042439995609, 35.1355279999173]}, "properties": {"FID": 1096, "stop_id": "0:UNILEMEN", "stop_name": "UNION AVENUE at LEMER STREET", "stop_desc": "st 3042", "stop_lat": 35.135528, "stop_lon": -90.004244, "zone_id": " ", "location_t": 0, "parent_sta": "1:UNILEMEN", "vehicle_ty": 3}}, {"type": "Feature", "id": 1097, "geometry": {"type": "Point", "coordinates": [-89.8550540003418, 35.1704270004058]}, "properties": {"FID": 1097, "stop_id": "0:SHESHENN", "stop_name": "SHELBY OAKS DRIVE at SHELBY OAKS DRIVE", "stop_desc": "st 6758", "stop_lat": 35.170427, "stop_lon": -89.855054, "zone_id": " ", "location_t": 0, "parent_sta": "1:SHESHENN", "vehicle_ty": 3}}, {"type": "Feature", "id": 1098, "geometry": {"type": "Point", "coordinates": [-89.849071999673, 35.1790390000498]}, "properties": {"FID": 1098, "stop_id": "0:SHERALSF", "stop_name": "SHELBYVIEW at RALEIGH LAGRANGE ROAD", "stop_desc": "st 6769", "stop_lat": 35.179039, "stop_lon": -89.849072, "zone_id": " ", "location_t": 0, "parent_sta": "1:SHERALSF", "vehicle_ty": 3}}, {"type": "Feature", "id": 1099, "geometry": {"type": "Point", "coordinates": [-89.8411369997727, 35.1776119998939]}, "properties": {"FID": 1099, "stop_id": "0:RALWALWN", "stop_name": "RALEIGH LAGRANGE ROAD at WALMART DRIVE", "stop_desc": "st 6806", "stop_lat": 35.177612, "stop_lon": -89.841137, "zone_id": " ", "location_t": 0, "parent_sta": "1:RALWALWN", "vehicle_ty": 3}}, {"type": "Feature", "id": 1100, "geometry": {"type": "Point", "coordinates": [-89.8292999997951, 35.1739249998389]}, "properties": {"FID": 1100, "stop_id": "0:GOODCBEN", "stop_name": "GOODLETT FARMS PKY at CHARLES BRYAN ROAD", "stop_desc": "st 6706", "stop_lat": 35.173925, "stop_lon": -89.8293, "zone_id": " ", "location_t": 0, "parent_sta": "1:GOODCBEN", "vehicle_ty": 3}}, {"type": "Feature", "id": 1101, "geometry": {"type": "Point", "coordinates": [-89.8143520002446, 35.1741169996998]}, "properties": {"FID": 1101, "stop_id": "0:APPMAYSN", "stop_name": "APPLING ROAD at MAY APPLE DRIVE", "stop_desc": "st 6705", "stop_lat": 35.174117, "stop_lon": -89.814352, "zone_id": " ", "location_t": 0, "parent_sta": "1:APPMAYSN", "vehicle_ty": 3}}, {"type": "Feature", "id": 1102, "geometry": {"type": "Point", "coordinates": [-89.8144029998985, 35.1719810001231]}, "properties": {"FID": 1102, "stop_id": "0:DEXAPPEF", "stop_name": "DEXTER ROAD at APPLING ROAD", "stop_desc": "st 6701", "stop_lat": 35.171981, "stop_lon": -89.814403, "zone_id": " ", "location_t": 0, "parent_sta": "1:DEXAPPEF", "vehicle_ty": 3}}, {"type": "Feature", "id": 1103, "geometry": {"type": "Point", "coordinates": [-90.0646710000665, 35.1076900003932]}, "properties": {"FID": 1103, "stop_id": "0:KANSPANN", "stop_name": "KANSAS STREET at SOUTH PARKWAY", "stop_desc": "st 227", "stop_lat": 35.10769, "stop_lon": -90.064671, "zone_id": " ", "location_t": 0, "parent_sta": "1:KANSPANN", "vehicle_ty": 3}}, {"type": "Feature", "id": 1104, "geometry": {"type": "Point", "coordinates": [-89.8919490002461, 35.0206219998055]}, "properties": {"FID": 1104, "stop_id": "0:SHETUGWF", "stop_name": "SHELBY DRIVE at TUGGLE ROAD", "stop_desc": "st 2422", "stop_lat": 35.020622, "stop_lon": -89.891949, "zone_id": " ", "location_t": 0, "parent_sta": "1:SHETUGWF", "vehicle_ty": 3}}, {"type": "Feature", "id": 1105, "geometry": {"type": "Point", "coordinates": [-89.7961869998301, 35.1727529997512]}, "properties": {"FID": 1105, "stop_id": "0:DEXCHINF", "stop_name": "DEXTER ROAD at CHICKERING LANE", "stop_desc": "st 6703", "stop_lat": 35.172753, "stop_lon": -89.796187, "zone_id": " ", "location_t": 0, "parent_sta": "1:DEXCHINF", "vehicle_ty": 3}}, {"type": "Feature", "id": 1106, "geometry": {"type": "Point", "coordinates": [-89.7927820001891, 35.174371999768]}, "properties": {"FID": 1106, "stop_id": "0:GERDEXNF", "stop_name": "GERMANTOWN PARKWAY at DEXTER ROAD", "stop_desc": "st 950", "stop_lat": 35.174372, "stop_lon": -89.792782, "zone_id": " ", "location_t": 0, "parent_sta": "1:GERDEXNF", "vehicle_ty": 3}}, {"type": "Feature", "id": 1107, "geometry": {"type": "Point", "coordinates": [-90.0719929995772, 35.0508400002659]}, "properties": {"FID": 1107, "stop_id": "0:MILVERNN", "stop_name": "MILLARD ROAD at VERNELLE AVENUE", "stop_desc": "st 5903", "stop_lat": 35.05084, "stop_lon": -90.071993, "zone_id": " ", "location_t": 0, "parent_sta": "1:MILVERNN", "vehicle_ty": 3}}, {"type": "Feature", "id": 1108, "geometry": {"type": "Point", "coordinates": [-89.9627570001354, 35.221483999587]}, "properties": {"FID": 1108, "stop_id": "0:FRAWARWN", "stop_name": "FRAYSER BOULEVARD at WARFORD STREET", "stop_desc": "st 1249", "stop_lat": 35.221484, "stop_lon": -89.962757, "zone_id": " ", "location_t": 0, "parent_sta": "1:FRAWARWN", "vehicle_ty": 3}}, {"type": "Feature", "id": 1109, "geometry": {"type": "Point", "coordinates": [-89.9547689995896, 35.0218259995703]}, "properties": {"FID": 1109, "stop_id": "0:TCHSHESN", "stop_name": "TCHULAHOMA ROAD at SHELBY DRIVE", "stop_desc": "st 2570", "stop_lat": 35.021826, "stop_lon": -89.954769, "zone_id": " ", "location_t": 0, "parent_sta": "1:TCHSHESN", "vehicle_ty": 3}}, {"type": "Feature", "id": 1110, "geometry": {"type": "Point", "coordinates": [-89.9915240002324, 35.0532629995878]}, "properties": {"FID": 1110, "stop_id": "0:WINAIREN", "stop_name": "WINCHESTER RD at AIRWAYS BLVD", "stop_desc": "st 1751", "stop_lat": 35.053263, "stop_lon": -89.991524, "zone_id": " ", "location_t": 0, "parent_sta": "1:WINAIREN", "vehicle_ty": 3}}, {"type": "Feature", "id": 1111, "geometry": {"type": "Point", "coordinates": [-89.991855000208, 35.0534330002328]}, "properties": {"FID": 1111, "stop_id": "0:WINAIRWF", "stop_name": "WINCHESTER RD at AIRWAYS BLVD", "stop_desc": "st 1700", "stop_lat": 35.053433, "stop_lon": -89.991855, "zone_id": " ", "location_t": 0, "parent_sta": "1:WINAIRWF", "vehicle_ty": 3}}, {"type": "Feature", "id": 1112, "geometry": {"type": "Point", "coordinates": [-89.9175160002632, 35.1619630003922]}, "properties": {"FID": 1112, "stop_id": "0:MACWAREN", "stop_name": "MACON ROAD at WARING ROAD", "stop_desc": "st 3945", "stop_lat": 35.161963, "stop_lon": -89.917516, "zone_id": " ", "location_t": 0, "parent_sta": "1:MACWAREN", "vehicle_ty": 3}}, {"type": "Feature", "id": 1113, "geometry": {"type": "Point", "coordinates": [-89.9160439998307, 35.1619250004385]}, "properties": {"FID": 1113, "stop_id": "0:MACWEIEN", "stop_name": "MACON ROAD at WEINER ROAD", "stop_desc": "st 1112", "stop_lat": 35.161925, "stop_lon": -89.916044, "zone_id": " ", "location_t": 0, "parent_sta": "1:MACWEIEN", "vehicle_ty": 3}}, {"type": "Feature", "id": 1114, "geometry": {"type": "Point", "coordinates": [-89.8991420001032, 35.0508420003581]}, "properties": {"FID": 1114, "stop_id": "0:WINTALEN", "stop_name": "WINCHESTER ROAD at TALL OAKS CIRCLE", "stop_desc": "st 1767", "stop_lat": 35.050842, "stop_lon": -89.899142, "zone_id": " ", "location_t": 0, "parent_sta": "1:WINTALEN", "vehicle_ty": 3}}, {"type": "Feature", "id": 1115, "geometry": {"type": "Point", "coordinates": [-89.8969760000423, 35.0507939999432]}, "properties": {"FID": 1115, "stop_id": "0:WINCLEEF", "stop_name": "WINCHESTER ROAD at CLEARBROOK STREET", "stop_desc": "st 1768", "stop_lat": 35.050794, "stop_lon": -89.896976, "zone_id": " ", "location_t": 0, "parent_sta": "1:WINCLEEF", "vehicle_ty": 3}}, {"type": "Feature", "id": 1116, "geometry": {"type": "Point", "coordinates": [-90.0709099999964, 35.063433000033]}, "properties": {"FID": 1116, "stop_id": "0:BROOLDWF", "stop_name": "BROOKS ROAD at OLD HORN LAKE ROAD", "stop_desc": "st 5268", "stop_lat": 35.063433, "stop_lon": -90.07091, "zone_id": " ", "location_t": 0, "parent_sta": "1:BROOLDWF", "vehicle_ty": 3}}, {"type": "Feature", "id": 1117, "geometry": {"type": "Point", "coordinates": [-89.9078509997238, 35.0625440004054]}, "properties": {"FID": 1117, "stop_id": "0:KNIARRWM", "stop_name": "KNIGHT ARNOLD ROAD at ARRENDALE STREET", "stop_desc": "st 2732", "stop_lat": 35.062544, "stop_lon": -89.907851, "zone_id": " ", "location_t": 0, "parent_sta": "1:KNIARRWM", "vehicle_ty": 3}}, {"type": "Feature", "id": 1118, "geometry": {"type": "Point", "coordinates": [-89.9113890001022, 35.0626829996208]}, "properties": {"FID": 1118, "stop_id": "0:KNIKNIWF", "stop_name": "KNIGHT ARNOLD ROAD at KNIGHT ROAD", "stop_desc": "st 2733", "stop_lat": 35.062683, "stop_lon": -89.911389, "zone_id": " ", "location_t": 0, "parent_sta": "1:KNIKNIWF", "vehicle_ty": 3}}, {"type": "Feature", "id": 1119, "geometry": {"type": "Point", "coordinates": [-89.9701019998074, 35.221401000256]}, "properties": {"FID": 1119, "stop_id": "0:FRASCHWF", "stop_name": "FRAYSER BOULEVARD at SCHOOLFIELD ROAD", "stop_desc": "st 1250", "stop_lat": 35.221401, "stop_lon": -89.970102, "zone_id": " ", "location_t": 0, "parent_sta": "1:FRASCHWF", "vehicle_ty": 3}}, {"type": "Feature", "id": 1120, "geometry": {"type": "Point", "coordinates": [-89.9723619997065, 35.2213669995874]}, "properties": {"FID": 1120, "stop_id": "0:FRALADWN", "stop_name": "FRAYSER BOULEVARD at LADUE STREET", "stop_desc": "st 1251", "stop_lat": 35.221367, "stop_lon": -89.972362, "zone_id": " ", "location_t": 0, "parent_sta": "1:FRALADWN", "vehicle_ty": 3}}, {"type": "Feature", "id": 1121, "geometry": {"type": "Point", "coordinates": [-90.0336250000937, 35.1156289995787]}, "properties": {"FID": 1121, "stop_id": "0:MCLFOUWN", "stop_name": "MCLEMORE AVENUE at FOUNTAIN COURT", "stop_desc": "st 4274", "stop_lat": 35.115629, "stop_lon": -90.033625, "zone_id": " ", "location_t": 0, "parent_sta": "1:MCLFOUWN", "vehicle_ty": 3}}, {"type": "Feature", "id": 1122, "geometry": {"type": "Point", "coordinates": [-89.9565089997905, 35.1154729995793]}, "properties": {"FID": 1122, "stop_id": "0:SOUCLUWN", "stop_name": "SOUTHERN AVENUE at CLUB WALK DRIVE", "stop_desc": "st 3479", "stop_lat": 35.115473, "stop_lon": -89.956509, "zone_id": " ", "location_t": 0, "parent_sta": "1:SOUCLUWN", "vehicle_ty": 3}}, {"type": "Feature", "id": 1123, "geometry": {"type": "Point", "coordinates": [-90.1009660001807, 35.0463580004214]}, "properties": {"FID": 1123, "stop_id": "0:CANPAREN", "stop_name": "CANARY LANE at PARAKEET ROAD", "stop_desc": "st 5860", "stop_lat": 35.046358, "stop_lon": -90.100966, "zone_id": " ", "location_t": 0, "parent_sta": "1:CANPAREN", "vehicle_ty": 3}}, {"type": "Feature", "id": 1124, "geometry": {"type": "Point", "coordinates": [-89.9706489998514, 35.1157269996014]}, "properties": {"FID": 1124, "stop_id": "0:SOUMARWN", "stop_name": "SOUTHERN AVENUE at MARIANNA STREET", "stop_desc": "st 3485", "stop_lat": 35.115727, "stop_lon": -89.970649, "zone_id": " ", "location_t": 0, "parent_sta": "1:SOUMARWN", "vehicle_ty": 3}}, {"type": "Feature", "id": 1125, "geometry": {"type": "Point", "coordinates": [-89.8583729996142, 35.1630599997193]}, "properties": {"FID": 1125, "stop_id": "0:MACDOVWN", "stop_name": "MACON ROAD at DOVECREST ROAD", "stop_desc": "st 4034", "stop_lat": 35.16306, "stop_lon": -89.858373, "zone_id": " ", "location_t": 0, "parent_sta": "1:MACDOVWN", "vehicle_ty": 3}}, {"type": "Feature", "id": 1126, "geometry": {"type": "Point", "coordinates": [-90.0207170001894, 35.14449099956]}, "properties": {"FID": 1126, "stop_id": "0:POPBE1WN", "stop_name": "POPLAR AVENUE at BELLEVUE BOULEVARD", "stop_desc": "st 2082", "stop_lat": 35.144491, "stop_lon": -90.020717, "zone_id": " ", "location_t": 0, "parent_sta": "1:POPBE1WN", "vehicle_ty": 3}}, {"type": "Feature", "id": 1127, "geometry": {"type": "Point", "coordinates": [-90.0240490000613, 35.1447869997203]}, "properties": {"FID": 1127, "stop_id": "0:POPWALWF", "stop_name": "POPLAR AVENUE at WALDRAN BOULEVARD", "stop_desc": "st 2083", "stop_lat": 35.144787, "stop_lon": -90.024049, "zone_id": " ", "location_t": 0, "parent_sta": "1:POPWALWF", "vehicle_ty": 3}}, {"type": "Feature", "id": 1128, "geometry": {"type": "Point", "coordinates": [-90.0254869998251, 35.1449390004346]}, "properties": {"FID": 1128, "stop_id": "0:POPCOCWN", "stop_name": "POPLAR AVENUE at COCHRAN PLACE", "stop_desc": "st 2084", "stop_lat": 35.144939, "stop_lon": -90.025487, "zone_id": " ", "location_t": 0, "parent_sta": "1:POPCOCWN", "vehicle_ty": 3}}, {"type": "Feature", "id": 1129, "geometry": {"type": "Point", "coordinates": [-90.026982000419, 35.1450920002956]}, "properties": {"FID": 1129, "stop_id": "0:POPDECWF", "stop_name": "POPLAR AVENUE at DECATUR STREET", "stop_desc": "st 2085", "stop_lat": 35.145092, "stop_lon": -90.026982, "zone_id": " ", "location_t": 0, "parent_sta": "1:POPDECWF", "vehicle_ty": 3}}, {"type": "Feature", "id": 1130, "geometry": {"type": "Point", "coordinates": [-90.0281219999303, 35.1452080002491]}, "properties": {"FID": 1130, "stop_id": "0:POPPAUWN", "stop_name": "POPLAR AVENUE at PAULINE STREET", "stop_desc": "st 2086", "stop_lat": 35.145208, "stop_lon": -90.028122, "zone_id": " ", "location_t": 0, "parent_sta": "1:POPPAUWN", "vehicle_ty": 3}}, {"type": "Feature", "id": 1131, "geometry": {"type": "Point", "coordinates": [-90.0297929996472, 35.1453519996951]}, "properties": {"FID": 1131, "stop_id": "0:POPAYEWN", "stop_name": "POPLAR AVENUE at AYERS STREET", "stop_desc": "st 2087", "stop_lat": 35.145352, "stop_lon": -90.029793, "zone_id": " ", "location_t": 0, "parent_sta": "1:POPAYEWN", "vehicle_ty": 3}}, {"type": "Feature", "id": 1132, "geometry": {"type": "Point", "coordinates": [-90.0324820004439, 35.1455760001323]}, "properties": {"FID": 1132, "stop_id": "0:POPDUNWN", "stop_name": "POPLAR AVENUE at DUNLAP STREET", "stop_desc": "st 2088", "stop_lat": 35.145576, "stop_lon": -90.032482, "zone_id": " ", "location_t": 0, "parent_sta": "1:POPDUNWN", "vehicle_ty": 3}}, {"type": "Feature", "id": 1133, "geometry": {"type": "Point", "coordinates": [-90.0347180001356, 35.1459520003846]}, "properties": {"FID": 1133, "stop_id": "0:POPMANWN", "stop_name": "POPLAR AVENUE at MANASSAS STREET", "stop_desc": "st 2089", "stop_lat": 35.145952, "stop_lon": -90.034718, "zone_id": " ", "location_t": 0, "parent_sta": "1:POPMANWN", "vehicle_ty": 3}}, {"type": "Feature", "id": 1134, "geometry": {"type": "Point", "coordinates": [-89.8030840004262, 35.2047969998817]}, "properties": {"FID": 1134, "stop_id": "0:STAKATWF", "stop_name": "STAGE ROAD at KATE BOND ROAD", "stop_desc": "st 971", "stop_lat": 35.204797, "stop_lon": -89.803084, "zone_id": " ", "location_t": 0, "parent_sta": "1:STAKATWF", "vehicle_ty": 3}}, {"type": "Feature", "id": 1135, "geometry": {"type": "Point", "coordinates": [-89.8090989999189, 35.2048369999276]}, "properties": {"FID": 1135, "stop_id": "0:STAAPPWF", "stop_name": "STAGE ROAD at APPLING WAY", "stop_desc": "st 972", "stop_lat": 35.204837, "stop_lon": -89.809099, "zone_id": " ", "location_t": 0, "parent_sta": "1:STAAPPWF", "vehicle_ty": 3}}, {"type": "Feature", "id": 1136, "geometry": {"type": "Point", "coordinates": [-89.8145040000595, 35.2048670004118]}, "properties": {"FID": 1136, "stop_id": "0:STABROWN", "stop_name": "STAGE ROAD at BROTHER BOULEVARD", "stop_desc": "st 973", "stop_lat": 35.204867, "stop_lon": -89.814504, "zone_id": " ", "location_t": 0, "parent_sta": "1:STABROWN", "vehicle_ty": 3}}, {"type": "Feature", "id": 1137, "geometry": {"type": "Point", "coordinates": [-89.8243649997449, 35.2042259996302]}, "properties": {"FID": 1137, "stop_id": "0:STAVANWN", "stop_name": "STAGE ROAD at VAN LEER DRIVE", "stop_desc": "st 6473", "stop_lat": 35.204226, "stop_lon": -89.824365, "zone_id": " ", "location_t": 0, "parent_sta": "1:STAVANWN", "vehicle_ty": 3}}, {"type": "Feature", "id": 1138, "geometry": {"type": "Point", "coordinates": [-89.8280410001919, 35.2047430000894]}, "properties": {"FID": 1138, "stop_id": "0:STACHRWF", "stop_name": "STAGE ROAD at CHRISTOVAL STREET", "stop_desc": "st 974", "stop_lat": 35.204743, "stop_lon": -89.828041, "zone_id": " ", "location_t": 0, "parent_sta": "1:STACHRWF", "vehicle_ty": 3}}, {"type": "Feature", "id": 1139, "geometry": {"type": "Point", "coordinates": [-89.8329950002191, 35.2053720003176]}, "properties": {"FID": 1139, "stop_id": "0:STASUMWN", "stop_name": "STAGE ROAD at SUMMER AVENUE", "stop_desc": "st 975", "stop_lat": 35.205372, "stop_lon": -89.832995, "zone_id": " ", "location_t": 0, "parent_sta": "1:STASUMWN", "vehicle_ty": 3}}, {"type": "Feature", "id": 1140, "geometry": {"type": "Point", "coordinates": [-89.924312999845, 35.0865179998059]}, "properties": {"FID": 1140, "stop_id": "0:WILWATWF", "stop_name": "WILLOW ROAD at WATSON STREET", "stop_desc": "st 2805", "stop_lat": 35.086518, "stop_lon": -89.924313, "zone_id": " ", "location_t": 0, "parent_sta": "1:WILWATWF", "vehicle_ty": 3}}, {"type": "Feature", "id": 1141, "geometry": {"type": "Point", "coordinates": [-89.9276520000398, 35.0867539998972]}, "properties": {"FID": 1141, "stop_id": "0:WILGETWM", "stop_name": "WILLOW ROAD at GETWELL ROAD", "stop_desc": "st 2806", "stop_lat": 35.086754, "stop_lon": -89.927652, "zone_id": " ", "location_t": 0, "parent_sta": "1:WILGETWM", "vehicle_ty": 3}}, {"type": "Feature", "id": 1142, "geometry": {"type": "Point", "coordinates": [-89.9221930001069, 35.2052029997187]}, "properties": {"FID": 1142, "stop_id": "0:STAJACEF", "stop_name": "STAGE ROAD at JACKSON AVENUE", "stop_desc": "st 297", "stop_lat": 35.205203, "stop_lon": -89.922193, "zone_id": " ", "location_t": 0, "parent_sta": "1:STAJACEF", "vehicle_ty": 3}}, {"type": "Feature", "id": 1143, "geometry": {"type": "Point", "coordinates": [-89.9202549997684, 35.2050659996962]}, "properties": {"FID": 1143, "stop_id": "0:STAEASEN", "stop_name": "STAGE ROAD at EAST STREET", "stop_desc": "st 1000", "stop_lat": 35.205066, "stop_lon": -89.920255, "zone_id": " ", "location_t": 0, "parent_sta": "1:STAEASEN", "vehicle_ty": 3}}, {"type": "Feature", "id": 1144, "geometry": {"type": "Point", "coordinates": [-89.977714000101, 35.1747960004352]}, "properties": {"FID": 1144, "stop_id": "0:CHEHARWN", "stop_name": "CHELSEA AVENUE at HARRISION STREET", "stop_desc": "st 1589", "stop_lat": 35.174796, "stop_lon": -89.977714, "zone_id": " ", "location_t": 0, "parent_sta": "1:CHEHARWN", "vehicle_ty": 3}}, {"type": "Feature", "id": 1145, "geometry": {"type": "Point", "coordinates": [-89.9796959997705, 35.1748330003427]}, "properties": {"FID": 1145, "stop_id": "0:CHETREWN", "stop_name": "CHELSEA AVENUE at TREZEVANT STREET", "stop_desc": "st 6828", "stop_lat": 35.174833, "stop_lon": -89.979696, "zone_id": " ", "location_t": 0, "parent_sta": "1:CHETREWN", "vehicle_ty": 3}}, {"type": "Feature", "id": 1146, "geometry": {"type": "Point", "coordinates": [-89.9823869997602, 35.1747900001585]}, "properties": {"FID": 1146, "stop_id": "0:CHELAMWN", "stop_name": "CHELSEA AVENUE at LAMBERT STREET", "stop_desc": "st 1590", "stop_lat": 35.17479, "stop_lon": -89.982387, "zone_id": " ", "location_t": 0, "parent_sta": "1:CHELAMWN", "vehicle_ty": 3}}, {"type": "Feature", "id": 1147, "geometry": {"type": "Point", "coordinates": [-89.9840390003995, 35.1745200002978]}, "properties": {"FID": 1147, "stop_id": "0:CHEHYDWM", "stop_name": "CHELSEA AVENUE at HYDE PARK BOULEVARD", "stop_desc": "st 1591", "stop_lat": 35.17452, "stop_lon": -89.984039, "zone_id": " ", "location_t": 0, "parent_sta": "1:CHEHYDWM", "vehicle_ty": 3}}, {"type": "Feature", "id": 1148, "geometry": {"type": "Point", "coordinates": [-90.1027800001968, 35.0495310001556]}, "properties": {"FID": 1148, "stop_id": "0:SKYFIENN", "stop_name": "SKYLARK DRIVE at FIELDS ROAD", "stop_desc": "st 5857", "stop_lat": 35.049531, "stop_lon": -90.10278, "zone_id": " ", "location_t": 0, "parent_sta": "1:SKYFIENN", "vehicle_ty": 3}}, {"type": "Feature", "id": 1149, "geometry": {"type": "Point", "coordinates": [-89.9480900000534, 35.1152500000875]}, "properties": {"FID": 1149, "stop_id": "0:SOUELLWN", "stop_name": "SOUTHERN AVENUE at ELLSWORTH STREET", "stop_desc": "st 3476", "stop_lat": 35.11525, "stop_lon": -89.94809, "zone_id": " ", "location_t": 0, "parent_sta": "1:SOUELLWN", "vehicle_ty": 3}}, {"type": "Feature", "id": 1150, "geometry": {"type": "Point", "coordinates": [-89.8669100002962, 35.099928000377]}, "properties": {"FID": 1150, "stop_id": "0:PARBRIWN", "stop_name": "PARK AVENUE at BRISTOL DRIVE", "stop_desc": "st 2138", "stop_lat": 35.099928, "stop_lon": -89.86691, "zone_id": " ", "location_t": 0, "parent_sta": "1:PARBRIWN", "vehicle_ty": 3}}, {"type": "Feature", "id": 1151, "geometry": {"type": "Point", "coordinates": [-89.8692549996185, 35.0998599999391]}, "properties": {"FID": 1151, "stop_id": "0:PARLYNWF", "stop_name": "PARK AVENUE at LYNNFIELD ROAD", "stop_desc": "st 2139", "stop_lat": 35.09986, "stop_lon": -89.869255, "zone_id": " ", "location_t": 0, "parent_sta": "1:PARLYNWF", "vehicle_ty": 3}}, {"type": "Feature", "id": 1152, "geometry": {"type": "Point", "coordinates": [-89.8777130002547, 35.1015190000019]}, "properties": {"FID": 1152, "stop_id": "0:PARCREWF", "stop_name": "PARK AVENUE at CRESTWOOD DRIVE", "stop_desc": "st 2140", "stop_lat": 35.101519, "stop_lon": -89.877713, "zone_id": " ", "location_t": 0, "parent_sta": "1:PARCREWF", "vehicle_ty": 3}}, {"type": "Feature", "id": 1153, "geometry": {"type": "Point", "coordinates": [-89.8809399997811, 35.1027039997898]}, "properties": {"FID": 1153, "stop_id": "0:PARHAYWN", "stop_name": "PARK AVENUE at HAYNE ROAD", "stop_desc": "st 2141", "stop_lat": 35.102704, "stop_lon": -89.88094, "zone_id": " ", "location_t": 0, "parent_sta": "1:PARHAYWN", "vehicle_ty": 3}}, {"type": "Feature", "id": 1154, "geometry": {"type": "Point", "coordinates": [-89.8840900002533, 35.1038969999466]}, "properties": {"FID": 1154, "stop_id": "0:PARESTWN", "stop_name": "PARK AVENUE at ESTATE DRIVE", "stop_desc": "st 2142", "stop_lat": 35.103897, "stop_lon": -89.88409, "zone_id": " ", "location_t": 0, "parent_sta": "1:PARESTWN", "vehicle_ty": 3}}, {"type": "Feature", "id": 1155, "geometry": {"type": "Point", "coordinates": [-89.8848969996968, 35.1041930001069]}, "properties": {"FID": 1155, "stop_id": "0:PARESTWF", "stop_name": "PARK AVENUE at ESTATE DRIVE", "stop_desc": "st 2143", "stop_lat": 35.104193, "stop_lon": -89.884897, "zone_id": " ", "location_t": 0, "parent_sta": "1:PARESTWF", "vehicle_ty": 3}}, {"type": "Feature", "id": 1156, "geometry": {"type": "Point", "coordinates": [-89.8872619999413, 35.1050730002189]}, "properties": {"FID": 1156, "stop_id": "0:PARPARWN", "stop_name": "PARK AVENUE at PARK VALLEY ROAD", "stop_desc": "st 2144", "stop_lat": 35.105073, "stop_lon": -89.887262, "zone_id": " ", "location_t": 0, "parent_sta": "1:PARPARWN", "vehicle_ty": 3}}, {"type": "Feature", "id": 1157, "geometry": {"type": "Point", "coordinates": [-89.890732999928, 35.1063739999602]}, "properties": {"FID": 1157, "stop_id": "0:PARWHIWF", "stop_name": "PARK AVENUE at WHITE STATION ROAD", "stop_desc": "st 2145", "stop_lat": 35.106374, "stop_lon": -89.890733, "zone_id": " ", "location_t": 0, "parent_sta": "1:PARWHIWF", "vehicle_ty": 3}}, {"type": "Feature", "id": 1158, "geometry": {"type": "Point", "coordinates": [-89.8941180004453, 35.1066560003742]}, "properties": {"FID": 1158, "stop_id": "0:PARMTMWN", "stop_name": "PARK AVENUE at MT MORIAH ROAD", "stop_desc": "st 2146", "stop_lat": 35.106656, "stop_lon": -89.894118, "zone_id": " ", "location_t": 0, "parent_sta": "1:PARMTMWN", "vehicle_ty": 3}}, {"type": "Feature", "id": 1159, "geometry": {"type": "Point", "coordinates": [-89.8955889999324, 35.1066940003279]}, "properties": {"FID": 1159, "stop_id": "0:PARMTMWF", "stop_name": "PARK AVENUE at MT MORIAH ROAD", "stop_desc": "st 2147", "stop_lat": 35.106694, "stop_lon": -89.895589, "zone_id": " ", "location_t": 0, "parent_sta": "1:PARMTMWF", "vehicle_ty": 3}}, {"type": "Feature", "id": 1160, "geometry": {"type": "Point", "coordinates": [-89.9000909997998, 35.1068169997048]}, "properties": {"FID": 1160, "stop_id": "0:PARIVYWF", "stop_name": "PARK AVENUE at IVY ROAD", "stop_desc": "st 2149", "stop_lat": 35.106817, "stop_lon": -89.900091, "zone_id": " ", "location_t": 0, "parent_sta": "1:PARIVYWF", "vehicle_ty": 3}}, {"type": "Feature", "id": 1161, "geometry": {"type": "Point", "coordinates": [-89.9044609998752, 35.1069300004193]}, "properties": {"FID": 1161, "stop_id": "0:PARCROWN", "stop_name": "PARK AVENUE at CROSSOVER LANE", "stop_desc": "st 2150", "stop_lat": 35.10693, "stop_lon": -89.904461, "zone_id": " ", "location_t": 0, "parent_sta": "1:PARCROWN", "vehicle_ty": 3}}, {"type": "Feature", "id": 1162, "geometry": {"type": "Point", "coordinates": [-89.8305030004131, 35.0971689999494]}, "properties": {"FID": 1162, "stop_id": "0:POPVA1EM", "stop_name": "POPLAR AVENUE at VAL VERDE DRIVE", "stop_desc": "st 1967", "stop_lat": 35.097169, "stop_lon": -89.830503, "zone_id": " ", "location_t": 0, "parent_sta": "1:POPVA1EM", "vehicle_ty": 3}}, {"type": "Feature", "id": 1163, "geometry": {"type": "Point", "coordinates": [-89.8240020000922, 35.0963780003445]}, "properties": {"FID": 1163, "stop_id": "0:POPNRIEF", "stop_name": "POPLAR AVENUE at NEW RIVERDALE ROAD", "stop_desc": "st 7020", "stop_lat": 35.096378, "stop_lon": -89.824002, "zone_id": " ", "location_t": 0, "parent_sta": "1:POPNRIEF", "vehicle_ty": 3}}, {"type": "Feature", "id": 1164, "geometry": {"type": "Point", "coordinates": [-89.8205849998978, 35.096030999631]}, "properties": {"FID": 1164, "stop_id": "0:POPRIVEF", "stop_name": "POPLAR AVENUE at RIVERDALE ROAD", "stop_desc": "st 1968", "stop_lat": 35.096031, "stop_lon": -89.820585, "zone_id": " ", "location_t": 0, "parent_sta": "1:POPRIVEF", "vehicle_ty": 3}}, {"type": "Feature", "id": 1165, "geometry": {"type": "Point", "coordinates": [-90.029515000317, 35.0209729998041]}, "properties": {"FID": 1165, "stop_id": "0:SHELINWN", "stop_name": "SHELBY DRIVE at LINWOOD ROAD", "stop_desc": "st 5419", "stop_lat": 35.020973, "stop_lon": -90.029515, "zone_id": " ", "location_t": 0, "parent_sta": "1:SHELINWN", "vehicle_ty": 3}}, {"type": "Feature", "id": 1166, "geometry": {"type": "Point", "coordinates": [-90.00732200031, 35.0530040002345]}, "properties": {"FID": 1166, "stop_id": "0:MILWINNN", "stop_name": "MILLBRANCH ROAD at WINCHESTER ROAD", "stop_desc": "st 5379", "stop_lat": 35.053004, "stop_lon": -90.007322, "zone_id": " ", "location_t": 0, "parent_sta": "1:MILWINNN", "vehicle_ty": 3}}, {"type": "Feature", "id": 1167, "geometry": {"type": "Point", "coordinates": [-89.9174839996868, 35.1614710001866]}, "properties": {"FID": 1167, "stop_id": "0:WARMACSF", "stop_name": "WARING ROAD at MACON ROAD", "stop_desc": "st 1087 (no 88)", "stop_lat": 35.161471, "stop_lon": -89.917484, "zone_id": " ", "location_t": 0, "parent_sta": "1:3001", "vehicle_ty": 3}}, {"type": "Feature", "id": 1168, "geometry": {"type": "Point", "coordinates": [-89.8960650002995, 35.1934330001329]}, "properties": {"FID": 1168, "stop_id": "0:RALCOVSN", "stop_name": "RALEIGH LAGRANGE ROAD at COVINGTON PIKE", "stop_desc": "st 1077 (no 99)", "stop_lat": 35.193433, "stop_lon": -89.896065, "zone_id": " ", "location_t": 0, "parent_sta": "1:3000", "vehicle_ty": 3}}, {"type": "Feature", "id": 1169, "geometry": {"type": "Point", "coordinates": [-89.8968080003889, 35.1939980001077]}, "properties": {"FID": 1169, "stop_id": "0:RALCOVNF", "stop_name": "RALEIGH LAGRANGE ROAD at COVINGTON PIKE", "stop_desc": "st 1123 (no 99)", "stop_lat": 35.193998, "stop_lon": -89.896808, "zone_id": " ", "location_t": 0, "parent_sta": "1:3000", "vehicle_ty": 3}}, {"type": "Feature", "id": 1170, "geometry": {"type": "Point", "coordinates": [-89.9172840003563, 35.1619089997006]}, "properties": {"FID": 1170, "stop_id": "0:WARMACNN", "stop_name": "WARING ROAD at MACON ROAD", "stop_desc": "st 1111 (no 88)", "stop_lat": 35.161909, "stop_lon": -89.917284, "zone_id": " ", "location_t": 0, "parent_sta": "1:3001", "vehicle_ty": 3}}, {"type": "Feature", "id": 1171, "geometry": {"type": "Point", "coordinates": [-89.9090599997191, 35.1166160001284]}, "properties": {"FID": 1171, "stop_id": "0:PERPOPNN", "stop_name": "PERKINS EXT at POPLAR AVENUE", "stop_desc": "st 3144 (no 98)", "stop_lat": 35.116616, "stop_lon": -89.90906, "zone_id": " ", "location_t": 0, "parent_sta": "1:5503", "vehicle_ty": 3}}, {"type": "Feature", "id": 1172, "geometry": {"type": "Point", "coordinates": [-89.9447509998587, 35.0933510001486]}, "properties": {"FID": 1172, "stop_id": "0:KIMSHIWN", "stop_name": "KIMBALL AVENUE at S HIGHLAND STREET", "stop_desc": "st 4159 (no 1143)", "stop_lat": 35.093351, "stop_lon": -89.944751, "zone_id": " ", "location_t": 0, "parent_sta": "1:5606", "vehicle_ty": 3}}, {"type": "Feature", "id": 1173, "geometry": {"type": "Point", "coordinates": [-89.9916869996553, 35.1105869999901]}, "properties": {"FID": 1173, "stop_id": "0:LAMEPAWN", "stop_name": "LAMAR AVENUE at SOUTH PARKWAY EAST", "stop_desc": "st 68 (no 32)", "stop_lat": 35.110587, "stop_lon": -89.991687, "zone_id": " ", "location_t": 0, "parent_sta": "1:5604", "vehicle_ty": 3}}, {"type": "Feature", "id": 1174, "geometry": {"type": "Point", "coordinates": [-89.9389919995811, 35.0652189996571]}, "properties": {"FID": 1174, "stop_id": "0:KNIJULWF", "stop_name": "KNIGHT ARNOLD ROAD at JULIUS LEWIS DRIVE", "stop_desc": "st 2740 (no 45)", "stop_lat": 35.065219, "stop_lon": -89.938992, "zone_id": " ", "location_t": 0, "parent_sta": "1:3602", "vehicle_ty": 3}}, {"type": "Feature", "id": 1175, "geometry": {"type": "Point", "coordinates": [-89.9068870002349, 35.0739739996005]}, "properties": {"FID": 1175, "stop_id": "0:AMEPERWF", "stop_name": "AMERICAN WAY at S PERKINS ROAD", "stop_desc": "st 2641 (no 189)", "stop_lat": 35.073974, "stop_lon": -89.906887, "zone_id": " ", "location_t": 0, "parent_sta": "1:6902", "vehicle_ty": 3}}, {"type": "Feature", "id": 1176, "geometry": {"type": "Point", "coordinates": [-89.8615480003399, 35.0499679996236]}, "properties": {"FID": 1176, "stop_id": "0:WINRIDWF", "stop_name": "HICKORY RIDGE MALL", "stop_desc": "st 399 (no 43)", "stop_lat": 35.049968, "stop_lon": -89.861548, "zone_id": " ", "location_t": 0, "parent_sta": "1:3600", "vehicle_ty": 3}}, {"type": "Feature", "id": 1177, "geometry": {"type": "Point", "coordinates": [-89.9450059999269, 35.093334000264]}, "properties": {"FID": 1177, "stop_id": "0:KIMSHIEN", "stop_name": "KIMBALL AVENUE at S HIGHLAND STREET", "stop_desc": "st 4183 (no 1143)", "stop_lat": 35.093334, "stop_lon": -89.945006, "zone_id": " ", "location_t": 0, "parent_sta": "1:5606", "vehicle_ty": 3}}, {"type": "Feature", "id": 1178, "geometry": {"type": "Point", "coordinates": [-89.7970659998959, 35.0438479997854]}, "properties": {"FID": 1178, "stop_id": "0:CENHACWF", "stop_name": "CENTENNIAL DRIVE at HACKS CROSS ROAD", "stop_desc": "st 1795 (no 233)", "stop_lat": 35.043848, "stop_lon": -89.797066, "zone_id": " ", "location_t": 0, "parent_sta": "1:8293", "vehicle_ty": 3}}, {"type": "Feature", "id": 1179, "geometry": {"type": "Point", "coordinates": [-89.9886469997592, 35.0666760002972]}, "properties": {"FID": 1179, "stop_id": "0:AIRDEMNM", "stop_name": "AIRWAYS BOULEVARD at DEMOCRAT ROAD", "stop_desc": "st 5318", "stop_lat": 35.066676, "stop_lon": -89.988647, "zone_id": " ", "location_t": 0, "parent_sta": "1:AIRDEMNM", "vehicle_ty": 3}}, {"type": "Feature", "id": 1180, "geometry": {"type": "Point", "coordinates": [-90.0421219998304, 35.0861839996919]}, "properties": {"FID": 1180, "stop_id": "0:MALMCMEF", "stop_name": "MALLORY AVENUE at MCMILLAN STREET", "stop_desc": "st 4787", "stop_lat": 35.086184, "stop_lon": -90.042122, "zone_id": " ", "location_t": 0, "parent_sta": "1:MALMCMEF", "vehicle_ty": 3}}, {"type": "Feature", "id": 1181, "geometry": {"type": "Point", "coordinates": [-90.0401420002531, 35.0861390003147]}, "properties": {"FID": 1181, "stop_id": "0:MALORLEN", "stop_name": "MALLORY AVENUE at ORLEANS STREET", "stop_desc": "st 4788", "stop_lat": 35.086139, "stop_lon": -90.040142, "zone_id": " ", "location_t": 0, "parent_sta": "1:MALORLEN", "vehicle_ty": 3}}, {"type": "Feature", "id": 1182, "geometry": {"type": "Point", "coordinates": [-90.0370240003573, 35.0860849996231]}, "properties": {"FID": 1182, "stop_id": "0:MALPROEN", "stop_name": "MALLORY AVENUE at PROSPECT STREET", "stop_desc": "st 6126", "stop_lat": 35.086085, "stop_lon": -90.037024, "zone_id": " ", "location_t": 0, "parent_sta": "1:MALPROEN", "vehicle_ty": 3}}, {"type": "Feature", "id": 1183, "geometry": {"type": "Point", "coordinates": [-90.0267390000048, 35.0833729995643]}, "properties": {"FID": 1183, "stop_id": "0:NORNCREN", "stop_name": "NORRIS ROAD at NORRIS CIRCLE", "stop_desc": "st 6128", "stop_lat": 35.083373, "stop_lon": -90.026739, "zone_id": " ", "location_t": 0, "parent_sta": "1:NORNCREN", "vehicle_ty": 3}}, {"type": "Feature", "id": 1184, "geometry": {"type": "Point", "coordinates": [-90.0233999998101, 35.083327000141]}, "properties": {"FID": 1184, "stop_id": "0:NORROLEN", "stop_name": "NORRIS ROAD at ROLLINS STREET", "stop_desc": "st 6129", "stop_lat": 35.083327, "stop_lon": -90.0234, "zone_id": " ", "location_t": 0, "parent_sta": "1:NORROLEN", "vehicle_ty": 3}}, {"type": "Feature", "id": 1185, "geometry": {"type": "Point", "coordinates": [-89.8903219998604, 35.1542479998454]}, "properties": {"FID": 1185, "stop_id": "0:WHISUMEM", "stop_name": "WHITESTATION ROAD at SUMMER AVENUE", "stop_desc": "st 3113", "stop_lat": 35.154248, "stop_lon": -89.890322, "zone_id": " ", "location_t": 0, "parent_sta": "1:WHISUMEM", "vehicle_ty": 3}}, {"type": "Feature", "id": 1186, "geometry": {"type": "Point", "coordinates": [-89.8888310003504, 35.1529860001039]}, "properties": {"FID": 1186, "stop_id": "0:SUMWHISF", "stop_name": "SUMMER AVENUE at WHITE STATION ROAD", "stop_desc": "st 4049", "stop_lat": 35.152986, "stop_lon": -89.888831, "zone_id": " ", "location_t": 0, "parent_sta": "1:SUMWHISF", "vehicle_ty": 3}}, {"type": "Feature", "id": 1187, "geometry": {"type": "Point", "coordinates": [-89.8898289996086, 35.1521110002225]}, "properties": {"FID": 1187, "stop_id": "0:SUMOL1WM", "stop_name": "OLD SUMMER AVENUE at SUMMER AVENUE", "stop_desc": "st 4050", "stop_lat": 35.152111, "stop_lon": -89.889829, "zone_id": " ", "location_t": 0, "parent_sta": "1:SUMOL1WM", "vehicle_ty": 3}}, {"type": "Feature", "id": 1188, "geometry": {"type": "Point", "coordinates": [-89.9588059995972, 35.1495419995637]}, "properties": {"FID": 1188, "stop_id": "0:SUMFRAWM", "stop_name": "SUMMER AVENUE at FRANKLIN STREET", "stop_desc": "st 4083", "stop_lat": 35.149542, "stop_lon": -89.958806, "zone_id": " ", "location_t": 0, "parent_sta": "1:SUMFRAWM", "vehicle_ty": 3}}, {"type": "Feature", "id": 1189, "geometry": {"type": "Point", "coordinates": [-89.9605099999365, 35.1495800004167]}, "properties": {"FID": 1189, "stop_id": "0:SUMFRAWN", "stop_name": "SUMMER AVENUE at FRANKLIN STREET", "stop_desc": "st 4084", "stop_lat": 35.14958, "stop_lon": -89.96051, "zone_id": " ", "location_t": 0, "parent_sta": "1:SUMFRAWN", "vehicle_ty": 3}}, {"type": "Feature", "id": 1190, "geometry": {"type": "Point", "coordinates": [-89.9251970001414, 35.0690910001496]}, "properties": {"FID": 1190, "stop_id": "0:COTCLAWN", "stop_name": "COTTONWOOD ROAD at CLAUDETTE ROAD", "stop_desc": "st 2722", "stop_lat": 35.069091, "stop_lon": -89.925197, "zone_id": " ", "location_t": 0, "parent_sta": "1:COTCLAWN", "vehicle_ty": 3}}, {"type": "Feature", "id": 1191, "geometry": {"type": "Point", "coordinates": [-89.9319749997464, 35.0692330004027]}, "properties": {"FID": 1191, "stop_id": "0:COMGETWN", "stop_name": "COMANCHE ROAD at GETWELL ROAD", "stop_desc": "st 2723", "stop_lat": 35.069233, "stop_lon": -89.931975, "zone_id": " ", "location_t": 0, "parent_sta": "1:COMGETWN", "vehicle_ty": 3}}, {"type": "Feature", "id": 1192, "geometry": {"type": "Point", "coordinates": [-90.0152509999336, 35.126508000344]}, "properties": {"FID": 1192, "stop_id": "0:CENMANEN", "stop_name": "CENTRAL AVENUE at MANSFIELD STREET", "stop_desc": "st 7027", "stop_lat": 35.126508, "stop_lon": -90.015251, "zone_id": " ", "location_t": 0, "parent_sta": "1:CENMANEN", "vehicle_ty": 3}}, {"type": "Feature", "id": 1193, "geometry": {"type": "Point", "coordinates": [-89.8696390002397, 35.0204869998752]}, "properties": {"FID": 1193, "stop_id": "0:SHEHICWF", "stop_name": "SHELBY DRIVE at HICKORY HILL ROAD", "stop_desc": "st 2419", "stop_lat": 35.020487, "stop_lon": -89.869639, "zone_id": " ", "location_t": 0, "parent_sta": "1:SHEHICWF", "vehicle_ty": 3}}, {"type": "Feature", "id": 1194, "geometry": {"type": "Point", "coordinates": [-89.8796949999243, 35.0205490000364]}, "properties": {"FID": 1194, "stop_id": "0:SHEMENWN", "stop_name": "SHELBY DRIVE at MENDENHALL ROAD", "stop_desc": "st 2420", "stop_lat": 35.020549, "stop_lon": -89.879695, "zone_id": " ", "location_t": 0, "parent_sta": "1:SHEMENWN", "vehicle_ty": 3}}, {"type": "Feature", "id": 1195, "geometry": {"type": "Point", "coordinates": [-90.0620590001227, 35.1239819998694]}, "properties": {"FID": 1195, "stop_id": "0:FLOCRUSF", "stop_name": "FLORIDA STREET at CRUMP BOULEVARD", "stop_desc": "st 4467", "stop_lat": 35.123982, "stop_lon": -90.062059, "zone_id": " ", "location_t": 0, "parent_sta": "1:FLOCRUSF", "vehicle_ty": 3}}, {"type": "Feature", "id": 1196, "geometry": {"type": "Point", "coordinates": [-90.0621139999611, 35.122427000106]}, "properties": {"FID": 1196, "stop_id": "0:FLODESSN", "stop_name": "FLORIDA STREET at DESOTO AVENUE", "stop_desc": "st 4468", "stop_lat": 35.122427, "stop_lon": -90.062114, "zone_id": " ", "location_t": 0, "parent_sta": "1:FLODESSN", "vehicle_ty": 3}}, {"type": "Feature", "id": 1197, "geometry": {"type": "Point", "coordinates": [-89.953637999594, 35.1336210001091]}, "properties": {"FID": 1197, "stop_id": "0:WALGREWM", "stop_name": "WALNUT GROVE ROAD at GREER STREET", "stop_desc": "st 2987", "stop_lat": 35.133621, "stop_lon": -89.953638, "zone_id": " ", "location_t": 0, "parent_sta": "1:WALGREWM", "vehicle_ty": 3}}, {"type": "Feature", "id": 1198, "geometry": {"type": "Point", "coordinates": [-89.9581800004066, 35.232138999915]}, "properties": {"FID": 1198, "stop_id": "0:TURN", "stop_name": "SWOOSH WAY", "stop_desc": "st 7022", "stop_lat": 35.232139, "stop_lon": -89.95818, "zone_id": " ", "location_t": 0, "parent_sta": "1:TURN", "vehicle_ty": 3}}, {"type": "Feature", "id": 1199, "geometry": {"type": "Point", "coordinates": [-89.9764290001982, 35.2207540000971]}, "properties": {"FID": 1199, "stop_id": "0:FRARANEM", "stop_name": "FRAYSER BOULEVARD at RANGE LINE ROAD", "stop_desc": "st 1387", "stop_lat": 35.220754, "stop_lon": -89.976429, "zone_id": " ", "location_t": 0, "parent_sta": "1:FRARANEM", "vehicle_ty": 3}}, {"type": "Feature", "id": 1200, "geometry": {"type": "Point", "coordinates": [-90.0582950001141, 35.1354299998947]}, "properties": {"FID": 1200, "stop_id": "0:HULTRONN", "stop_name": "HULING AVENUE at MAIN STREET", "stop_desc": "st 709", "stop_lat": 35.13543, "stop_lon": -90.058295, "zone_id": " ", "location_t": 0, "parent_sta": "1:HULTRONN", "vehicle_ty": 3}}, {"type": "Feature", "id": 1201, "geometry": {"type": "Point", "coordinates": [-90.0546749995515, 35.1406040001745]}, "properties": {"FID": 1201, "stop_id": "0:BEATRONF", "stop_name": "BEALE STREET at MAIN STREET", "stop_desc": "st 702", "stop_lat": 35.140604, "stop_lon": -90.054675, "zone_id": " ", "location_t": 0, "parent_sta": "1:BEATRONF", "vehicle_ty": 3}}, {"type": "Feature", "id": 1202, "geometry": {"type": "Point", "coordinates": [-89.871345999818, 35.1768899998737]}, "properties": {"FID": 1202, "stop_id": "0:SYCSYCNF", "stop_name": "SYCAMORE VIEW RD at SYCAMORE HEIGHTS LN", "stop_desc": "st 7073", "stop_lat": 35.17689, "stop_lon": -89.871346, "zone_id": " ", "location_t": 0, "parent_sta": "1:SYCSYCNF", "vehicle_ty": 3}}, {"type": "Feature", "id": 1203, "geometry": {"type": "Point", "coordinates": [-89.8712590003026, 35.1806689996747]}, "properties": {"FID": 1203, "stop_id": "0:SYCSYWNF", "stop_name": "SYCAMORE VIEW RD at SYCAMORE WOODS DRIVE", "stop_desc": "st 7074", "stop_lat": 35.180669, "stop_lon": -89.871259, "zone_id": " ", "location_t": 0, "parent_sta": "1:SYCSYWNF", "vehicle_ty": 3}}, {"type": "Feature", "id": 1204, "geometry": {"type": "Point", "coordinates": [-90.0153299999795, 35.1253550002331]}, "properties": {"FID": 1204, "stop_id": "0:LAMHEYEM", "stop_name": "LAMAR AVENUE at HEYWOOD STREET", "stop_desc": "st 5735", "stop_lat": 35.125355, "stop_lon": -90.01533, "zone_id": " ", "location_t": 0, "parent_sta": "1:LAMHEYEM", "vehicle_ty": 3}}, {"type": "Feature", "id": 1205, "geometry": {"type": "Point", "coordinates": [-90.0104739999751, 35.1225369997828]}, "properties": {"FID": 1205, "stop_id": "0:LAMWILEN", "stop_name": "LAMAR AVENUE at WILLETT STREET", "stop_desc": "st 5736", "stop_lat": 35.122537, "stop_lon": -90.010474, "zone_id": " ", "location_t": 0, "parent_sta": "1:LAMWILEN", "vehicle_ty": 3}}, {"type": "Feature", "id": 1206, "geometry": {"type": "Point", "coordinates": [-90.0087270003507, 35.1214009995566]}, "properties": {"FID": 1206, "stop_id": "0:LAMROLEN", "stop_name": "LAMAR AVENUE at ROLAND STREET", "stop_desc": "st 5737", "stop_lat": 35.121401, "stop_lon": -90.008727, "zone_id": " ", "location_t": 0, "parent_sta": "1:LAMROLEN", "vehicle_ty": 3}}, {"type": "Feature", "id": 1207, "geometry": {"type": "Point", "coordinates": [-90.0071339997343, 35.1204000001599]}, "properties": {"FID": 1207, "stop_id": "0:LAMOAKEF", "stop_name": "LAMAR AVENUE at OAKVIEW STREET", "stop_desc": "st 5738", "stop_lat": 35.1204, "stop_lon": -90.007134, "zone_id": " ", "location_t": 0, "parent_sta": "1:LAMOAKEF", "vehicle_ty": 3}}, {"type": "Feature", "id": 1208, "geometry": {"type": "Point", "coordinates": [-90.0065370000825, 35.1200239999077]}, "properties": {"FID": 1208, "stop_id": "0:LAMROZEN", "stop_name": "LAMAR AVENUE at ROZELLE STREET", "stop_desc": "st 5739", "stop_lat": 35.120024, "stop_lon": -90.006537, "zone_id": " ", "location_t": 0, "parent_sta": "1:LAMROZEN", "vehicle_ty": 3}}, {"type": "Feature", "id": 1209, "geometry": {"type": "Point", "coordinates": [-90.0031969998416, 35.1178860002388]}, "properties": {"FID": 1209, "stop_id": "0:LAMSEAEN", "stop_name": "LAMAR AVENUE at SEATTLE STREET", "stop_desc": "st 5741", "stop_lat": 35.117886, "stop_lon": -90.003197, "zone_id": " ", "location_t": 0, "parent_sta": "1:LAMSEAEN", "vehicle_ty": 3}}, {"type": "Feature", "id": 1210, "geometry": {"type": "Point", "coordinates": [-89.9969830001653, 35.1138520003695]}, "properties": {"FID": 1210, "stop_id": "0:LAMLAPEN", "stop_name": "LAMAR AVENUE at LAPALOMA STREET", "stop_desc": "st 5744", "stop_lat": 35.113852, "stop_lon": -89.996983, "zone_id": " ", "location_t": 0, "parent_sta": "1:LAMLAPEN", "vehicle_ty": 3}}, {"type": "Feature", "id": 1211, "geometry": {"type": "Point", "coordinates": [-89.9944949996445, 35.1122060000069]}, "properties": {"FID": 1211, "stop_id": "0:LAMCASEN", "stop_name": "LAMAR AVENUE at CALIA STREET", "stop_desc": "st 5745", "stop_lat": 35.112206, "stop_lon": -89.994495, "zone_id": " ", "location_t": 0, "parent_sta": "1:LAMCASEN", "vehicle_ty": 3}}, {"type": "Feature", "id": 1212, "geometry": {"type": "Point", "coordinates": [-89.9865920003205, 35.1059449999618]}, "properties": {"FID": 1212, "stop_id": "0:LAMAIREM", "stop_name": "LAMAR AVENUE at AIRWAYS BOULEVARD", "stop_desc": "st 5749", "stop_lat": 35.105945, "stop_lon": -89.986592, "zone_id": " ", "location_t": 0, "parent_sta": "1:LAMAIREM", "vehicle_ty": 3}}, {"type": "Feature", "id": 1213, "geometry": {"type": "Point", "coordinates": [-89.9570990000188, 35.1737140000012]}, "properties": {"FID": 1213, "stop_id": "0:CHELOCWN", "stop_name": "CHELSEA AVENUE at LOCUST STREET", "stop_desc": "st 4521", "stop_lat": 35.173714, "stop_lon": -89.957099, "zone_id": " ", "location_t": 0, "parent_sta": "1:CHELOCWN", "vehicle_ty": 3}}, {"type": "Feature", "id": 1214, "geometry": {"type": "Point", "coordinates": [-90.0042669997222, 35.1727689995897]}, "properties": {"FID": 1214, "stop_id": "0:CHEWILEF", "stop_name": "CHELSEA AVENUE at WILLETT STREET", "stop_desc": "st 1517", "stop_lat": 35.172769, "stop_lon": -90.004267, "zone_id": " ", "location_t": 0, "parent_sta": "1:CHEWILEF", "vehicle_ty": 3}}, {"type": "Feature", "id": 1215, "geometry": {"type": "Point", "coordinates": [-90.0358330002927, 35.1779989997541]}, "properties": {"FID": 1215, "stop_id": "0:DANHIRSN", "stop_name": "DANNY THOMAS BOULEVARD at HURON AVENUE", "stop_desc": "st 678", "stop_lat": 35.177999, "stop_lon": -90.035833, "zone_id": " ", "location_t": 0, "parent_sta": "1:DANHIRSN", "vehicle_ty": 3}}, {"type": "Feature", "id": 1216, "geometry": {"type": "Point", "coordinates": [-90.0443310000755, 35.1291000002648]}, "properties": {"FID": 1216, "stop_id": "0:LAUEGENN", "stop_name": "LAUDERDALE STREET at EAST GEORGIA AVENUE", "stop_desc": "st 4452", "stop_lat": 35.1291, "stop_lon": -90.044331, "zone_id": " ", "location_t": 0, "parent_sta": "1:LAUEGENN", "vehicle_ty": 3}}, {"type": "Feature", "id": 1217, "geometry": {"type": "Point", "coordinates": [-89.8221989996841, 35.09637400016]}, "properties": {"FID": 1217, "stop_id": "0:POPRIVWF", "stop_name": "POPLAR AVENUE at RIVERDALE ROAD", "stop_desc": "st 2002", "stop_lat": 35.096374, "stop_lon": -89.822199, "zone_id": " ", "location_t": 0, "parent_sta": "1:POPRIVWF", "vehicle_ty": 3}}, {"type": "Feature", "id": 1218, "geometry": {"type": "Point", "coordinates": [-89.8308900002733, 35.0973749995566]}, "properties": {"FID": 1218, "stop_id": "0:POPPOPWN", "stop_name": "POPLAR AVENUE at POPLAR ESTATES PARKWAY", "stop_desc": "st 2003", "stop_lat": 35.097375, "stop_lon": -89.83089, "zone_id": " ", "location_t": 0, "parent_sta": "1:POPPOPWN", "vehicle_ty": 3}}, {"type": "Feature", "id": 1219, "geometry": {"type": "Point", "coordinates": [-89.8890109996579, 35.1095889998325]}, "properties": {"FID": 1219, "stop_id": "0:POPWHIWF", "stop_name": "POPLAR AVENUE at WHITE STATION ROAD", "stop_desc": "st 2022", "stop_lat": 35.109589, "stop_lon": -89.889011, "zone_id": " ", "location_t": 0, "parent_sta": "1:POPWHIWF", "vehicle_ty": 3}}, {"type": "Feature", "id": 1220, "geometry": {"type": "Point", "coordinates": [-89.8922590001527, 35.1113279999873]}, "properties": {"FID": 1220, "stop_id": "0:POPTRUWN", "stop_name": "POPLAR AVENUE at TRUSE PARKWAY", "stop_desc": "st 2024", "stop_lat": 35.111328, "stop_lon": -89.892259, "zone_id": " ", "location_t": 0, "parent_sta": "1:POPTRUWN", "vehicle_ty": 3}}, {"type": "Feature", "id": 1221, "geometry": {"type": "Point", "coordinates": [-89.894967000027, 35.1127439996359]}, "properties": {"FID": 1221, "stop_id": "0:POPMENWM", "stop_name": "POPLAR AVENUE at MENDENHALL ROAD", "stop_desc": "st 2025", "stop_lat": 35.112744, "stop_lon": -89.894967, "zone_id": " ", "location_t": 0, "parent_sta": "1:POPMENWM", "vehicle_ty": 3}}, {"type": "Feature", "id": 1222, "geometry": {"type": "Point", "coordinates": [-89.8988920002656, 35.1139379998389]}, "properties": {"FID": 1222, "stop_id": "0:POPERIWN", "stop_name": "POPLAR AVENUE at ERIN DRIVE", "stop_desc": "st 2026", "stop_lat": 35.113938, "stop_lon": -89.898892, "zone_id": " ", "location_t": 0, "parent_sta": "1:POPERIWN", "vehicle_ty": 3}}, {"type": "Feature", "id": 1223, "geometry": {"type": "Point", "coordinates": [-89.9025299998596, 35.1148099995819]}, "properties": {"FID": 1223, "stop_id": "0:POPCOLWN", "stop_name": "POPLAR AVENUE at COLONIAL ROAD", "stop_desc": "st 2028", "stop_lat": 35.11481, "stop_lon": -89.90253, "zone_id": " ", "location_t": 0, "parent_sta": "1:POPCOLWN", "vehicle_ty": 3}}, {"type": "Feature", "id": 1224, "geometry": {"type": "Point", "coordinates": [-89.8699350003999, 35.204080000092]}, "properties": {"FID": 1224, "stop_id": "0:STACOUEF", "stop_name": "STAGE ROAD at COURT STREET", "stop_desc": "st 1018", "stop_lat": 35.20408, "stop_lon": -89.869935, "zone_id": " ", "location_t": 0, "parent_sta": "1:STACOUEF", "vehicle_ty": 3}}, {"type": "Feature", "id": 1225, "geometry": {"type": "Point", "coordinates": [-89.8663109996529, 35.033744999732]}, "properties": {"FID": 1225, "stop_id": "0:HICRAINM", "stop_name": "HICKORY HILL ROAD at RAINES ROAD", "stop_desc": "st 7209", "stop_lat": 35.033745, "stop_lon": -89.866311, "zone_id": " ", "location_t": 0, "parent_sta": "1:HICRAINM", "vehicle_ty": 3}}, {"type": "Feature", "id": 1226, "geometry": {"type": "Point", "coordinates": [-89.8662640001834, 35.0305810004129]}, "properties": {"FID": 1226, "stop_id": "0:HICRIDNN", "stop_name": "HICKORY HILL ROAD at RIDGEHILL DRIVE", "stop_desc": "st 7208", "stop_lat": 35.030581, "stop_lon": -89.866264, "zone_id": " ", "location_t": 0, "parent_sta": "1:HICRIDNN", "vehicle_ty": 3}}, {"type": "Feature", "id": 1227, "geometry": {"type": "Point", "coordinates": [-89.9136419996785, 35.1071659996113]}, "properties": {"FID": 1227, "stop_id": "0:PARMEAWF", "stop_name": "PARK AVENUE at MEANDER DRIVE", "stop_desc": "st 2153", "stop_lat": 35.107166, "stop_lon": -89.913642, "zone_id": " ", "location_t": 0, "parent_sta": "1:PARMEAWF", "vehicle_ty": 3}}, {"type": "Feature", "id": 1228, "geometry": {"type": "Point", "coordinates": [-89.8970669997422, 35.2215580003015]}, "properties": {"FID": 1228, "stop_id": "0:YALCOVWM", "stop_name": "YALE ROAD at COVINGTON PIKE", "stop_desc": "st 6", "stop_lat": 35.221558, "stop_lon": -89.897067, "zone_id": " ", "location_t": 0, "parent_sta": "1:YALCOVWM", "vehicle_ty": 3}}, {"type": "Feature", "id": 1229, "geometry": {"type": "Point", "coordinates": [-89.8994269997562, 35.2216239997479]}, "properties": {"FID": 1229, "stop_id": "0:YALSCHWN", "stop_name": "YALE ROAD at SCHEIBLER ROAD", "stop_desc": "st 138", "stop_lat": 35.221624, "stop_lon": -89.899427, "zone_id": " ", "location_t": 0, "parent_sta": "1:YALSCHWN", "vehicle_ty": 3}}, {"type": "Feature", "id": 1230, "geometry": {"type": "Point", "coordinates": [-89.9046010000361, 35.2217560004391]}, "properties": {"FID": 1230, "stop_id": "0:YALSCHWF", "stop_name": "YALE ROAD at SCHEIBLER ROAD", "stop_desc": "st 356", "stop_lat": 35.221756, "stop_lon": -89.904601, "zone_id": " ", "location_t": 0, "parent_sta": "1:YALSCHWF", "vehicle_ty": 3}}, {"type": "Feature", "id": 1231, "geometry": {"type": "Point", "coordinates": [-90.0252830003102, 35.1545640000286]}, "properties": {"FID": 1231, "stop_id": "0:NPADECEN", "stop_name": "NORTH PARKWAY at DECATUR STREET", "stop_desc": "st 3574", "stop_lat": 35.154564, "stop_lon": -90.025283, "zone_id": " ", "location_t": 0, "parent_sta": "1:NPADECEN", "vehicle_ty": 3}}, {"type": "Feature", "id": 1232, "geometry": {"type": "Point", "coordinates": [-90.0227810000431, 35.1543399995913]}, "properties": {"FID": 1232, "stop_id": "0:NPANWAEN", "stop_name": "NORTH PARKWAY at WALDRAN BOULEVARD", "stop_desc": "st 3575", "stop_lat": 35.15434, "stop_lon": -90.022781, "zone_id": " ", "location_t": 0, "parent_sta": "1:NPANWAEN", "vehicle_ty": 3}}, {"type": "Feature", "id": 1233, "geometry": {"type": "Point", "coordinates": [-89.854824999674, 35.2047690003891]}, "properties": {"FID": 1233, "stop_id": "0:STASTAWM", "stop_name": "STAGE ROAD at STAGE VILLAGE COVE", "stop_desc": "st 980", "stop_lat": 35.204769, "stop_lon": -89.854825, "zone_id": " ", "location_t": 0, "parent_sta": "1:STASTAWM", "vehicle_ty": 3}}, {"type": "Feature", "id": 1234, "geometry": {"type": "Point", "coordinates": [-89.857072999919, 35.2046559996747]}, "properties": {"FID": 1234, "stop_id": "0:STAELMWN", "stop_name": "STAGE ROAD at ELMORE PARK ROAD", "stop_desc": "st 499", "stop_lat": 35.204656, "stop_lon": -89.857073, "zone_id": " ", "location_t": 0, "parent_sta": "1:STAELMWN", "vehicle_ty": 3}}, {"type": "Feature", "id": 1235, "geometry": {"type": "Point", "coordinates": [-89.861591999671, 35.2048159998586]}, "properties": {"FID": 1235, "stop_id": "0:STABARWM", "stop_name": "STAGE ROAD at BARTLETT BOULEVARD", "stop_desc": "st 981", "stop_lat": 35.204816, "stop_lon": -89.861592, "zone_id": " ", "location_t": 0, "parent_sta": "1:STABARWM", "vehicle_ty": 3}}, {"type": "Feature", "id": 1236, "geometry": {"type": "Point", "coordinates": [-90.001914000031, 35.1426849999129]}, "properties": {"FID": 1236, "stop_id": "0:POPAUBEN", "stop_name": "POPLAR AVENUE at AUBURNDALE STREET", "stop_desc": "st 1897", "stop_lat": 35.142685, "stop_lon": -90.001914, "zone_id": " ", "location_t": 0, "parent_sta": "1:POPAUBEN", "vehicle_ty": 3}}, {"type": "Feature", "id": 1237, "geometry": {"type": "Point", "coordinates": [-90.0004419995986, 35.1425770003283]}, "properties": {"FID": 1237, "stop_id": "0:POPHAWEF", "stop_name": "POPLAR AVENUE at HAWTHORNE STREET", "stop_desc": "st 1898", "stop_lat": 35.142577, "stop_lon": -90.000442, "zone_id": " ", "location_t": 0, "parent_sta": "1:POPHAWEF", "vehicle_ty": 3}}, {"type": "Feature", "id": 1238, "geometry": {"type": "Point", "coordinates": [-89.9992690003641, 35.1424600003288]}, "properties": {"FID": 1238, "stop_id": "0:POPMCLEN", "stop_name": "POPLAR AVENUE at MCLEAN BOULEVARD", "stop_desc": "st 1899", "stop_lat": 35.14246, "stop_lon": -89.999269, "zone_id": " ", "location_t": 0, "parent_sta": "1:POPMCLEN", "vehicle_ty": 3}}, {"type": "Feature", "id": 1239, "geometry": {"type": "Point", "coordinates": [-89.9969230000963, 35.1422889996377]}, "properties": {"FID": 1239, "stop_id": "0:POPBAREF", "stop_name": "POPLAR AVENUE at BARKSDALE STREET", "stop_desc": "st 1900", "stop_lat": 35.142289, "stop_lon": -89.996923, "zone_id": " ", "location_t": 0, "parent_sta": "1:POPBAREF", "vehicle_ty": 3}}, {"type": "Feature", "id": 1240, "geometry": {"type": "Point", "coordinates": [-89.9945769998287, 35.1420910003994]}, "properties": {"FID": 1240, "stop_id": "0:POPREMEF", "stop_name": "POPLAR AVENUE at REMBERT STREET", "stop_desc": "st 1902", "stop_lat": 35.142091, "stop_lon": -89.994577, "zone_id": " ", "location_t": 0, "parent_sta": "1:POPREMEF", "vehicle_ty": 3}}, {"type": "Feature", "id": 1241, "geometry": {"type": "Point", "coordinates": [-90.0549440002654, 35.1257860003237]}, "properties": {"FID": 1241, "stop_id": "0:THIVIRSN", "stop_name": "3RD STREET at VIRGINIA AVENUE", "stop_desc": "st 4300", "stop_lat": 35.125786, "stop_lon": -90.054944, "zone_id": " ", "location_t": 0, "parent_sta": "1:THIVIRSN", "vehicle_ty": 3}}, {"type": "Feature", "id": 1242, "geometry": {"type": "Point", "coordinates": [-90.0550770001034, 35.122863999574]}, "properties": {"FID": 1242, "stop_id": "0:THIMARSM", "stop_name": "3RD STREET at MARYLAND AVENUE", "stop_desc": "st 4302", "stop_lat": 35.122864, "stop_lon": -90.055077, "zone_id": " ", "location_t": 0, "parent_sta": "1:THIMARSM", "vehicle_ty": 3}}, {"type": "Feature", "id": 1243, "geometry": {"type": "Point", "coordinates": [-90.0551099998266, 35.1217199998782]}, "properties": {"FID": 1243, "stop_id": "0:THILUCSN", "stop_name": "3RD STREET at LUCERNE PLACE", "stop_desc": "st 4303", "stop_lat": 35.12172, "stop_lon": -90.05511, "zone_id": " ", "location_t": 0, "parent_sta": "1:THILUCSN", "vehicle_ty": 3}}, {"type": "Feature", "id": 1244, "geometry": {"type": "Point", "coordinates": [-90.0552330001028, 35.1187080003739]}, "properties": {"FID": 1244, "stop_id": "0:THIELMSM", "stop_name": "3RD STREET at ELM AVENUE", "stop_desc": "st 4305", "stop_lat": 35.118708, "stop_lon": -90.055233, "zone_id": " ", "location_t": 0, "parent_sta": "1:THIELMSM", "vehicle_ty": 3}}, {"type": "Feature", "id": 1245, "geometry": {"type": "Point", "coordinates": [-90.0178179996009, 35.1440689998845]}, "properties": {"FID": 1245, "stop_id": "0:POPCLAEN", "stop_name": "POPLAR AVENUE at CLAYBROOK STREET", "stop_desc": "st 1888", "stop_lat": 35.144069, "stop_lon": -90.017818, "zone_id": " ", "location_t": 0, "parent_sta": "1:POPCLAEN", "vehicle_ty": 3}}, {"type": "Feature", "id": 1246, "geometry": {"type": "Point", "coordinates": [-90.0156929996322, 35.143871999793]}, "properties": {"FID": 1246, "stop_id": "0:POPCLEN", "stop_name": "POPLAR AVENUE at CLEVELAND STREET", "stop_desc": "st 331", "stop_lat": 35.143872, "stop_lon": -90.015693, "zone_id": " ", "location_t": 0, "parent_sta": "1:POPCLEN", "vehicle_ty": 3}}, {"type": "Feature", "id": 1247, "geometry": {"type": "Point", "coordinates": [-90.0587420000433, 35.0662440001605]}, "properties": {"FID": 1247, "stop_id": "0:THIPE1NN", "stop_name": "3RD STREET at PEEBLES ROAD", "stop_desc": "st 5062", "stop_lat": 35.066244, "stop_lon": -90.058742, "zone_id": " ", "location_t": 0, "parent_sta": "1:THIPE1NN", "vehicle_ty": 3}}, {"type": "Feature", "id": 1248, "geometry": {"type": "Point", "coordinates": [-89.8716310003703, 35.1309740003499]}, "properties": {"FID": 1248, "stop_id": "0:WALEYAEF", "stop_name": "WALNUT GROVE ROAD at SOUTHEAST YATES RD", "stop_desc": "st 2897", "stop_lat": 35.130974, "stop_lon": -89.871631, "zone_id": " ", "location_t": 0, "parent_sta": "1:WALEYAEF", "vehicle_ty": 3}}, {"type": "Feature", "id": 1249, "geometry": {"type": "Point", "coordinates": [-89.8611849997879, 35.1307229995668]}, "properties": {"FID": 1249, "stop_id": "0:WALBAPEN", "stop_name": "WALNUT GROVE ROAD at BAPTIST HOSPITAL", "stop_desc": "st 2898", "stop_lat": 35.130723, "stop_lon": -89.861185, "zone_id": " ", "location_t": 0, "parent_sta": "1:WALBAPEN", "vehicle_ty": 3}}, {"type": "Feature", "id": 1250, "geometry": {"type": "Point", "coordinates": [-89.8571109998727, 35.1311450001417]}, "properties": {"FID": 1250, "stop_id": "0:HUMWALSF", "stop_name": "HUMPHREYS BOULEVARD at WALNUT GROVE ROAD", "stop_desc": "st 254", "stop_lat": 35.131145, "stop_lon": -89.857111, "zone_id": " ", "location_t": 0, "parent_sta": "1:HUMWALSF", "vehicle_ty": 3}}, {"type": "Feature", "id": 1251, "geometry": {"type": "Point", "coordinates": [-89.8535700002553, 35.1273759999025]}, "properties": {"FID": 1251, "stop_id": "0:HUMHUMSM", "stop_name": "HUMPHREYS BOULEVARD at HUMPHREYS CENTER", "stop_desc": "st 2899", "stop_lat": 35.127376, "stop_lon": -89.85357, "zone_id": " ", "location_t": 0, "parent_sta": "1:HUMHUMSM", "vehicle_ty": 3}}, {"type": "Feature", "id": 1252, "geometry": {"type": "Point", "coordinates": [-90.059589000432, 35.0597680000932]}, "properties": {"FID": 1252, "stop_id": "0:THIBE1SN", "stop_name": "3RD STREET at BELLE HAVEN ROAD", "stop_desc": "st 5013", "stop_lat": 35.059768, "stop_lon": -90.059589, "zone_id": " ", "location_t": 0, "parent_sta": "1:THIBE1SN", "vehicle_ty": 3}}, {"type": "Feature", "id": 1253, "geometry": {"type": "Point", "coordinates": [-90.0598319999468, 35.0574799998022]}, "properties": {"FID": 1253, "stop_id": "0:THIMITSM", "stop_name": "3RD STREET at EAST MITCHELL ROAD", "stop_desc": "st 5014", "stop_lat": 35.05748, "stop_lon": -90.059832, "zone_id": " ", "location_t": 0, "parent_sta": "1:THIMITSM", "vehicle_ty": 3}}, {"type": "Feature", "id": 1254, "geometry": {"type": "Point", "coordinates": [-90.0629289997735, 35.0476669996324]}, "properties": {"FID": 1254, "stop_id": "0:FAITHISN", "stop_name": "FAIRWAY AVENUE at 3RD STREET", "stop_desc": "st 5019", "stop_lat": 35.047667, "stop_lon": -90.062929, "zone_id": " ", "location_t": 0, "parent_sta": "1:FAITHISN", "vehicle_ty": 3}}, {"type": "Feature", "id": 1255, "geometry": {"type": "Point", "coordinates": [-90.0665880003359, 35.042304999676]}, "properties": {"FID": 1255, "stop_id": "0:THILEVSF", "stop_name": "3RD STREET at WEST LEVI ROAD", "stop_desc": "st 5020", "stop_lat": 35.042305, "stop_lon": -90.066588, "zone_id": " ", "location_t": 0, "parent_sta": "1:THILEVSF", "vehicle_ty": 3}}, {"type": "Feature", "id": 1256, "geometry": {"type": "Point", "coordinates": [-89.9320010000461, 35.1840809996385]}, "properties": {"FID": 1256, "stop_id": "0:JACWA3NM", "stop_name": "JACKSON AVENUE at WALES STREET", "stop_desc": "st 4009", "stop_lat": 35.184081, "stop_lon": -89.932001, "zone_id": " ", "location_t": 0, "parent_sta": "1:JACWA3NM", "vehicle_ty": 3}}, {"type": "Feature", "id": 1257, "geometry": {"type": "Point", "coordinates": [-89.9308469998891, 35.1853479996105]}, "properties": {"FID": 1257, "stop_id": "0:JACWALNN", "stop_name": "JACKSON AVENUE at WALES STREET", "stop_desc": "st 4010", "stop_lat": 35.185348, "stop_lon": -89.930847, "zone_id": " ", "location_t": 0, "parent_sta": "1:JACWALNN", "vehicle_ty": 3}}, {"type": "Feature", "id": 1258, "geometry": {"type": "Point", "coordinates": [-89.9299590003076, 35.1864550002981]}, "properties": {"FID": 1258, "stop_id": "0:JACMAMNN", "stop_name": "JACKSON AVENUE at MAMIE ROAD", "stop_desc": "st 4011", "stop_lat": 35.186455, "stop_lon": -89.929959, "zone_id": " ", "location_t": 0, "parent_sta": "1:JACMAMNN", "vehicle_ty": 3}}, {"type": "Feature", "id": 1259, "geometry": {"type": "Point", "coordinates": [-89.929104999596, 35.1875270002709]}, "properties": {"FID": 1259, "stop_id": "0:JACHEMNN", "stop_name": "JACKSON AVENUE at HEMINGWAY AVENUE", "stop_desc": "st 4012", "stop_lat": 35.187527, "stop_lon": -89.929105, "zone_id": " ", "location_t": 0, "parent_sta": "1:JACHEMNN", "vehicle_ty": 3}}, {"type": "Feature", "id": 1260, "geometry": {"type": "Point", "coordinates": [-89.9214720001327, 35.2057200001779]}, "properties": {"FID": 1260, "stop_id": "0:AUSSTANF", "stop_name": "AUSTIN PEAY HWY at STAGE ROAD", "stop_desc": "st 1157", "stop_lat": 35.20572, "stop_lon": -89.921472, "zone_id": " ", "location_t": 0, "parent_sta": "1:AUSSTANF", "vehicle_ty": 3}}, {"type": "Feature", "id": 1261, "geometry": {"type": "Point", "coordinates": [-89.9189580002115, 35.2112040003644]}, "properties": {"FID": 1261, "stop_id": "0:AUSJONNN", "stop_name": "AUSTIN PEAY HWY at JONES ROAD", "stop_desc": "st 1158", "stop_lat": 35.211204, "stop_lon": -89.918958, "zone_id": " ", "location_t": 0, "parent_sta": "1:AUSJONNN", "vehicle_ty": 3}}, {"type": "Feature", "id": 1262, "geometry": {"type": "Point", "coordinates": [-90.0078050001006, 35.1533940000331]}, "properties": {"FID": 1262, "stop_id": "0:NPKSTOEF", "stop_name": "NORTH PARKWAY at STONEWALL STREET", "stop_desc": "st 6673", "stop_lat": 35.153394, "stop_lon": -90.007805, "zone_id": " ", "location_t": 0, "parent_sta": "1:NPKSTOEF", "vehicle_ty": 3}}, {"type": "Feature", "id": 1263, "geometry": {"type": "Point", "coordinates": [-90.002137999569, 35.1528910002195]}, "properties": {"FID": 1263, "stop_id": "0:NPAEVEEN", "stop_name": "NORTH PARKWAY at EVERGREEN STREET", "stop_desc": "st 6567", "stop_lat": 35.152891, "stop_lon": -90.002138, "zone_id": " ", "location_t": 0, "parent_sta": "1:NPAEVEEN", "vehicle_ty": 3}}, {"type": "Feature", "id": 1264, "geometry": {"type": "Point", "coordinates": [-90.0529380003884, 35.1375830002553]}, "properties": {"FID": 1264, "stop_id": "0:MLKTHIWN", "stop_name": "MLK JR AVENUE at 3RD STREET", "stop_desc": "st 877", "stop_lat": 35.137583, "stop_lon": -90.052938, "zone_id": " ", "location_t": 0, "parent_sta": "1:MLKTHIWN", "vehicle_ty": 3}}, {"type": "Feature", "id": 1265, "geometry": {"type": "Point", "coordinates": [-89.9934700000404, 35.1975049999558]}, "properties": {"FID": 1265, "stop_id": "0:JAMMCLWN", "stop_name": "JAMES ROAD at MCLEAN BOULEVARD", "stop_desc": "st 6194", "stop_lat": 35.197505, "stop_lon": -89.99347, "zone_id": " ", "location_t": 0, "parent_sta": "1:JAMMCLWN", "vehicle_ty": 3}}, {"type": "Feature", "id": 1266, "geometry": {"type": "Point", "coordinates": [-89.9974019997025, 35.1976240000476]}, "properties": {"FID": 1266, "stop_id": "0:JAMWOOWN", "stop_name": "JAMES ROAD at WOODLAWN TERRACE", "stop_desc": "st 7135", "stop_lat": 35.197624, "stop_lon": -89.997402, "zone_id": " ", "location_t": 0, "parent_sta": "1:JAMWOOWN", "vehicle_ty": 3}}, {"type": "Feature", "id": 1267, "geometry": {"type": "Point", "coordinates": [-90.0009899996887, 35.1976969998167]}, "properties": {"FID": 1267, "stop_id": "0:JAMCHAWF", "stop_name": "JAMES ROAD at CHATSWORTH STREET", "stop_desc": "st 6199", "stop_lat": 35.197697, "stop_lon": -90.00099, "zone_id": " ", "location_t": 0, "parent_sta": "1:JAMCHAWF", "vehicle_ty": 3}}, {"type": "Feature", "id": 1268, "geometry": {"type": "Point", "coordinates": [-90.0038260000698, 35.1979050004155]}, "properties": {"FID": 1268, "stop_id": "0:DELOVEWN", "stop_name": "DELANO AVENUE at OVERTON CROSSING STREET", "stop_desc": "st 6200", "stop_lat": 35.197905, "stop_lon": -90.003826, "zone_id": " ", "location_t": 0, "parent_sta": "1:DELOVEWN", "vehicle_ty": 3}}, {"type": "Feature", "id": 1269, "geometry": {"type": "Point", "coordinates": [-89.8656640003933, 35.0150459998731]}, "properties": {"FID": 1269, "stop_id": "0:HICDISNM", "stop_name": "HICKORY HILL ROAD at DISTRIBUTION DRIVE", "stop_desc": "st 7204", "stop_lat": 35.015046, "stop_lon": -89.865664, "zone_id": " ", "location_t": 0, "parent_sta": "1:HICDISNM", "vehicle_ty": 3}}, {"type": "Feature", "id": 1270, "geometry": {"type": "Point", "coordinates": [-89.8642940001679, 35.0108430003042]}, "properties": {"FID": 1270, "stop_id": "0:HICFRENF", "stop_name": "HICKORY HILL ROAD at FREEPORT AVENUE", "stop_desc": "st 7203", "stop_lat": 35.010843, "stop_lon": -89.864294, "zone_id": " ", "location_t": 0, "parent_sta": "1:HICFRENF", "vehicle_ty": 3}}, {"type": "Feature", "id": 1271, "geometry": {"type": "Point", "coordinates": [-90.1174050001406, 35.0495079999943]}, "properties": {"FID": 1271, "stop_id": "0:FIESEWEN", "stop_name": "FIELDS ROAD at SEWANEE ROAD", "stop_desc": "st 6094", "stop_lat": 35.049508, "stop_lon": -90.117405, "zone_id": " ", "location_t": 0, "parent_sta": "1:FIESEWEN", "vehicle_ty": 3}}, {"type": "Feature", "id": 1272, "geometry": {"type": "Point", "coordinates": [-90.1147740002199, 35.0495090000404]}, "properties": {"FID": 1272, "stop_id": "0:FIELIGEN", "stop_name": "FIELDS ROAD at LIGHTSFOOT LANE", "stop_desc": "st 5585", "stop_lat": 35.049509, "stop_lon": -90.114774, "zone_id": " ", "location_t": 0, "parent_sta": "1:FIELIGEN", "vehicle_ty": 3}}, {"type": "Feature", "id": 1273, "geometry": {"type": "Point", "coordinates": [-90.1002030000683, 35.0467610001201]}, "properties": {"FID": 1273, "stop_id": "0:CANCANEN", "stop_name": "CANARY LANE at CANARY COVE WEST", "stop_desc": "st 5861", "stop_lat": 35.046761, "stop_lon": -90.100203, "zone_id": " ", "location_t": 0, "parent_sta": "1:CANCANEN", "vehicle_ty": 3}}, {"type": "Feature", "id": 1274, "geometry": {"type": "Point", "coordinates": [-90.0967989995742, 35.0468869996354]}, "properties": {"FID": 1274, "stop_id": "0:CANWEAEN", "stop_name": "CANARY LANE at WEAVER ROAD", "stop_desc": "st 5862", "stop_lat": 35.046887, "stop_lon": -90.096799, "zone_id": " ", "location_t": 0, "parent_sta": "1:CANWEAEN", "vehicle_ty": 3}}, {"type": "Feature", "id": 1275, "geometry": {"type": "Point", "coordinates": [-90.0965119998289, 35.0482450002066]}, "properties": {"FID": 1275, "stop_id": "0:WEACARNN", "stop_name": "WEAVER ROAD at CAREY ROAD", "stop_desc": "st 5863", "stop_lat": 35.048245, "stop_lon": -90.096512, "zone_id": " ", "location_t": 0, "parent_sta": "1:WEACARNN", "vehicle_ty": 3}}, {"type": "Feature", "id": 1276, "geometry": {"type": "Point", "coordinates": [-90.0466999996053, 35.1256779998399]}, "properties": {"FID": 1276, "stop_id": "0:DANCARNM", "stop_name": "DANNY THOMAS BOULEVARD at CAROLINA AVE", "stop_desc": "st 4319", "stop_lat": 35.125678, "stop_lon": -90.0467, "zone_id": " ", "location_t": 0, "parent_sta": "1:DANCARNM", "vehicle_ty": 3}}, {"type": "Feature", "id": 1277, "geometry": {"type": "Point", "coordinates": [-90.046665999836, 35.127563999579]}, "properties": {"FID": 1277, "stop_id": "0:DANCARNF", "stop_name": "DANNY THOMAS BOULEVARD at CAROLINA AVE", "stop_desc": "st 4320", "stop_lat": 35.127564, "stop_lon": -90.046666, "zone_id": " ", "location_t": 0, "parent_sta": "1:DANCARNF", "vehicle_ty": 3}}, {"type": "Feature", "id": 1278, "geometry": {"type": "Point", "coordinates": [-90.0470749998113, 35.1293150002871]}, "properties": {"FID": 1278, "stop_id": "0:DANGEONF", "stop_name": "DANNY THOMAS BOULEVARD at GEORGIA AVENUE", "stop_desc": "st 4321", "stop_lat": 35.129315, "stop_lon": -90.047075, "zone_id": " ", "location_t": 0, "parent_sta": "1:DANGEONF", "vehicle_ty": 3}}, {"type": "Feature", "id": 1279, "geometry": {"type": "Point", "coordinates": [-90.0288150004119, 35.2144829995908]}, "properties": {"FID": 1279, "stop_id": "0:MILCINSN", "stop_name": "MILLINGTON ROAD at CINDY LANE", "stop_desc": "st 436", "stop_lat": 35.214483, "stop_lon": -90.028815, "zone_id": " ", "location_t": 0, "parent_sta": "1:MILCINSN", "vehicle_ty": 3}}, {"type": "Feature", "id": 1280, "geometry": {"type": "Point", "coordinates": [-90.0288379996739, 35.2135269995714]}, "properties": {"FID": 1280, "stop_id": "0:MILCINSF", "stop_name": "MILLINGTON ROAD at CINDY LANE", "stop_desc": "st 1889", "stop_lat": 35.213527, "stop_lon": -90.028838, "zone_id": " ", "location_t": 0, "parent_sta": "1:MILCINSF", "vehicle_ty": 3}}, {"type": "Feature", "id": 1281, "geometry": {"type": "Point", "coordinates": [-89.975728000247, 35.1606120001438]}, "properties": {"FID": 1281, "stop_id": "0:NHOJACNF", "stop_name": "NORTH HOLLYWOOD STREET at JACKSON AVENUE", "stop_desc": "st 3617", "stop_lat": 35.160612, "stop_lon": -89.975728, "zone_id": " ", "location_t": 0, "parent_sta": "1:NHOJACNF", "vehicle_ty": 3}}, {"type": "Feature", "id": 1282, "geometry": {"type": "Point", "coordinates": [-89.9756809998782, 35.1620770002534]}, "properties": {"FID": 1282, "stop_id": "0:NHODANNF", "stop_name": "NORTH HOLLYWOOD STREET at DANA DRIVE", "stop_desc": "st 3618", "stop_lat": 35.162077, "stop_lon": -89.975681, "zone_id": " ", "location_t": 0, "parent_sta": "1:NHODANNF", "vehicle_ty": 3}}, {"type": "Feature", "id": 1283, "geometry": {"type": "Point", "coordinates": [-89.9072259996801, 35.0862989995992]}, "properties": {"FID": 1283, "stop_id": "0:PERLEASF", "stop_name": "PERKINS ROAD at LEATHERWOOD AVENUE", "stop_desc": "st 2798", "stop_lat": 35.086299, "stop_lon": -89.907226, "zone_id": " ", "location_t": 0, "parent_sta": "1:PERLEASF", "vehicle_ty": 3}}, {"type": "Feature", "id": 1284, "geometry": {"type": "Point", "coordinates": [-90.0197050002855, 35.1527829997357]}, "properties": {"FID": 1284, "stop_id": "0:BELFORNN", "stop_name": "BELLEVUE BOULEVARD at FORREST AVENUE", "stop_desc": "st 6560", "stop_lat": 35.152783, "stop_lon": -90.019705, "zone_id": " ", "location_t": 0, "parent_sta": "1:BELFORNN", "vehicle_ty": 3}}, {"type": "Feature", "id": 1285, "geometry": {"type": "Point", "coordinates": [-89.9876800001319, 35.0918429998546]}, "properties": {"FID": 1285, "stop_id": "0:AIRDUNSN", "stop_name": "AIRWAYS BOULEVARD at DUNN AVENUE", "stop_desc": "st 6842", "stop_lat": 35.091843, "stop_lon": -89.98768, "zone_id": " ", "location_t": 0, "parent_sta": "1:AIRDUNSN", "vehicle_ty": 3}}, {"type": "Feature", "id": 1286, "geometry": {"type": "Point", "coordinates": [-90.0551879998263, 35.1199599996543]}, "properties": {"FID": 1286, "stop_id": "0:THIWALSM", "stop_name": "3RD STREET at WALKER AVENUE", "stop_desc": "st 4304", "stop_lat": 35.11996, "stop_lon": -90.055188, "zone_id": " ", "location_t": 0, "parent_sta": "1:THIWALSM", "vehicle_ty": 3}}, {"type": "Feature", "id": 1287, "geometry": {"type": "Point", "coordinates": [-89.9394029996487, 35.0931350000802]}, "properties": {"FID": 1287, "stop_id": "0:KIMROBEN", "stop_name": "KIMBALL AVENUE at ROBIN HOOD LANE", "stop_desc": "st 4186", "stop_lat": 35.093135, "stop_lon": -89.939403, "zone_id": " ", "location_t": 0, "parent_sta": "1:KIMROBEN", "vehicle_ty": 3}}, {"type": "Feature", "id": 1288, "geometry": {"type": "Point", "coordinates": [-89.9393000002947, 35.092424999714]}, "properties": {"FID": 1288, "stop_id": "0:ROBKIMSF", "stop_name": "ROBIN HOOD LANE at KIMBALL AVENUE", "stop_desc": "st 4187", "stop_lat": 35.092425, "stop_lon": -89.9393, "zone_id": " ", "location_t": 0, "parent_sta": "1:ROBKIMSF", "vehicle_ty": 3}}, {"type": "Feature", "id": 1289, "geometry": {"type": "Point", "coordinates": [-89.9393800003867, 35.0907449995821]}, "properties": {"FID": 1289, "stop_id": "0:ROBDUNSN", "stop_name": "ROBIN HOOD LANE at DUNN AVENUE", "stop_desc": "st 4188", "stop_lat": 35.090745, "stop_lon": -89.93938, "zone_id": " ", "location_t": 0, "parent_sta": "1:ROBDUNSN", "vehicle_ty": 3}}, {"type": "Feature", "id": 1290, "geometry": {"type": "Point", "coordinates": [-89.9395059999019, 35.0879649999848]}, "properties": {"FID": 1290, "stop_id": "0:ROBSTUSM", "stop_name": "ROBIN HOOD LANE at STURGEON AVENUE", "stop_desc": "st 4189", "stop_lat": 35.087965, "stop_lon": -89.939506, "zone_id": " ", "location_t": 0, "parent_sta": "1:ROBSTUSM", "vehicle_ty": 3}}, {"type": "Feature", "id": 1291, "geometry": {"type": "Point", "coordinates": [-89.9107260001048, 35.0624939998982]}, "properties": {"FID": 1291, "stop_id": "0:KNIKNIEN", "stop_name": "KNIGHT ARNOLD ROAD at KNIGHT ROAD", "stop_desc": "st 2788", "stop_lat": 35.062494, "stop_lon": -89.910726, "zone_id": " ", "location_t": 0, "parent_sta": "1:KNIKNIEN", "vehicle_ty": 3}}, {"type": "Feature", "id": 1292, "geometry": {"type": "Point", "coordinates": [-89.9311850001876, 35.0473349996106]}, "properties": {"FID": 1292, "stop_id": "0:AIPREGNM", "stop_name": "AIR PARK STREET at REGAL BOULEVARD", "stop_desc": "st 7161", "stop_lat": 35.047335, "stop_lon": -89.931185, "zone_id": " ", "location_t": 0, "parent_sta": "1:AIPREGNM", "vehicle_ty": 3}}, {"type": "Feature", "id": 1293, "geometry": {"type": "Point", "coordinates": [-89.931332999818, 35.0387110003124]}, "properties": {"FID": 1293, "stop_id": "0:AIRRAISM", "stop_name": "AIR PARK STREET at RAINES ROAD", "stop_desc": "st 7160", "stop_lat": 35.038711, "stop_lon": -89.931333, "zone_id": " ", "location_t": 0, "parent_sta": "1:AIRRAISM", "vehicle_ty": 3}}, {"type": "Feature", "id": 1294, "geometry": {"type": "Point", "coordinates": [-89.9313390000947, 35.0416160002782]}, "properties": {"FID": 1294, "stop_id": "0:AIRAIRSM", "stop_name": "AIR PARK STREET at AIR PARK STREET", "stop_desc": "st 7159", "stop_lat": 35.041616, "stop_lon": -89.931339, "zone_id": " ", "location_t": 0, "parent_sta": "1:AIRAIRSM", "vehicle_ty": 3}}, {"type": "Feature", "id": 1295, "geometry": {"type": "Point", "coordinates": [-89.9585420000133, 35.0949560004191]}, "properties": {"FID": 1295, "stop_id": "0:KIMALAWN", "stop_name": "KIMBALL AVENUE at ALAMO STREET", "stop_desc": "st 4165", "stop_lat": 35.094956, "stop_lon": -89.958542, "zone_id": " ", "location_t": 0, "parent_sta": "1:KIMALAWN", "vehicle_ty": 3}}, {"type": "Feature", "id": 1296, "geometry": {"type": "Point", "coordinates": [-89.9611190001417, 35.0950029998886]}, "properties": {"FID": 1296, "stop_id": "0:KIMSEMWN", "stop_name": "KIMBALL AVENUE at SEMMES STREET", "stop_desc": "st 4166", "stop_lat": 35.095003, "stop_lon": -89.961119, "zone_id": " ", "location_t": 0, "parent_sta": "1:KIMSEMWN", "vehicle_ty": 3}}, {"type": "Feature", "id": 1297, "geometry": {"type": "Point", "coordinates": [-89.8544900004131, 35.1541430003992]}, "properties": {"FID": 1297, "stop_id": "0:SHEJAIEM", "stop_name": "SHELBY COUNTY JAIL", "stop_desc": "st 397 (no 162)", "stop_lat": 35.154143, "stop_lon": -89.85449, "zone_id": " ", "location_t": 0, "parent_sta": "1:5308", "vehicle_ty": 3}}, {"type": "Feature", "id": 1298, "geometry": {"type": "Point", "coordinates": [-89.8673839996718, 35.0501829996458]}, "properties": {"FID": 1298, "stop_id": "0:WINHICWF", "stop_name": "WINCHESTER ROAD at HICKORY HILL ROAD", "stop_desc": "st 1813", "stop_lat": 35.050183, "stop_lon": -89.867384, "zone_id": " ", "location_t": 0, "parent_sta": "1:WINHICWF", "vehicle_ty": 3}}, {"type": "Feature", "id": 1299, "geometry": {"type": "Point", "coordinates": [-89.8713409995874, 35.050315000337]}, "properties": {"FID": 1299, "stop_id": "0:WINFOXWM", "stop_name": "WINCHESTER ROAD at FOX MEADOWS ROAD", "stop_desc": "st 1814", "stop_lat": 35.050315, "stop_lon": -89.871341, "zone_id": " ", "location_t": 0, "parent_sta": "1:WINFOXWM", "vehicle_ty": 3}}, {"type": "Feature", "id": 1300, "geometry": {"type": "Point", "coordinates": [-90.1021380002684, 35.0465819999594]}, "properties": {"FID": 1300, "stop_id": "0:PELCANNF", "stop_name": "PELICAN LANE at CANARY LANE", "stop_desc": "st 7163", "stop_lat": 35.046582, "stop_lon": -90.102138, "zone_id": " ", "location_t": 0, "parent_sta": "1:PELCANNF", "vehicle_ty": 3}}, {"type": "Feature", "id": 1301, "geometry": {"type": "Point", "coordinates": [-89.897782000339, 35.050964999735]}, "properties": {"FID": 1301, "stop_id": "0:WINCLEWF", "stop_name": "WINCHESTER ROAD at CLEARBROOK STREET", "stop_desc": "st 6636", "stop_lat": 35.050965, "stop_lon": -89.897782, "zone_id": " ", "location_t": 0, "parent_sta": "1:WINCLEWF", "vehicle_ty": 3}}, {"type": "Feature", "id": 1302, "geometry": {"type": "Point", "coordinates": [-89.9019609997003, 35.0510869999652]}, "properties": {"FID": 1302, "stop_id": "0:WINBOXWF", "stop_name": "WINCHESTER ROAD at BOXDALE STREET", "stop_desc": "st 6637", "stop_lat": 35.051087, "stop_lon": -89.901961, "zone_id": " ", "location_t": 0, "parent_sta": "1:WINBOXWF", "vehicle_ty": 3}}, {"type": "Feature", "id": 1303, "geometry": {"type": "Point", "coordinates": [-89.9075480001401, 35.0540170001844]}, "properties": {"FID": 1303, "stop_id": "0:PERWOONF", "stop_name": "PERKINS ROAD at WOODDALE AVENUE", "stop_desc": "st 6639", "stop_lat": 35.054017, "stop_lon": -89.907548, "zone_id": " ", "location_t": 0, "parent_sta": "1:PERWOONF", "vehicle_ty": 3}}, {"type": "Feature", "id": 1304, "geometry": {"type": "Point", "coordinates": [-89.9057489999164, 35.0580629997077]}, "properties": {"FID": 1304, "stop_id": "0:PERSCONN", "stop_name": "PERKINS ROAD at SCOTTSDALE AVENUE", "stop_desc": "st 6640", "stop_lat": 35.058063, "stop_lon": -89.905749, "zone_id": " ", "location_t": 0, "parent_sta": "1:PERSCONN", "vehicle_ty": 3}}, {"type": "Feature", "id": 1305, "geometry": {"type": "Point", "coordinates": [-89.9056340000091, 35.0601279996076]}, "properties": {"FID": 1305, "stop_id": "0:PERKNINM", "stop_name": "PERKINS ROAD at KNIGHT ARNOLD ROAD", "stop_desc": "st 6641", "stop_lat": 35.060128, "stop_lon": -89.905634, "zone_id": " ", "location_t": 0, "parent_sta": "1:PERKNINM", "vehicle_ty": 3}}, {"type": "Feature", "id": 1306, "geometry": {"type": "Point", "coordinates": [-90.028078999746, 35.1428040000047]}, "properties": {"FID": 1306, "stop_id": "0:JEFPAUWF", "stop_name": "JEFFERSON AVENUE at PAULINE STREET", "stop_desc": "st 863", "stop_lat": 35.142804, "stop_lon": -90.028079, "zone_id": " ", "location_t": 0, "parent_sta": "1:JEFPAUWF", "vehicle_ty": 3}}, {"type": "Feature", "id": 1307, "geometry": {"type": "Point", "coordinates": [-90.0339560000693, 35.1426989996592]}, "properties": {"FID": 1307, "stop_id": "0:JEFDUNWF", "stop_name": "JEFFERSON AVENUE at DUNLAP STREET", "stop_desc": "st 867", "stop_lat": 35.142699, "stop_lon": -90.033956, "zone_id": " ", "location_t": 0, "parent_sta": "1:JEFDUNWF", "vehicle_ty": 3}}, {"type": "Feature", "id": 1308, "geometry": {"type": "Point", "coordinates": [-90.0357380004083, 35.1429230000964]}, "properties": {"FID": 1308, "stop_id": "0:JEFMANWF", "stop_name": "JEFFERSON AVENUE at MANASSAS STREET", "stop_desc": "st 868", "stop_lat": 35.142923, "stop_lon": -90.035738, "zone_id": " ", "location_t": 0, "parent_sta": "1:JEFMANWF", "vehicle_ty": 3}}, {"type": "Feature", "id": 1309, "geometry": {"type": "Point", "coordinates": [-90.0393230002562, 35.1439069996084]}, "properties": {"FID": 1309, "stop_id": "0:JEFNEEWM", "stop_name": "JEFFERSON AVENUE at NEELY STREET", "stop_desc": "st 870", "stop_lat": 35.143907, "stop_lon": -90.039323, "zone_id": " ", "location_t": 0, "parent_sta": "1:JEFNEEWM", "vehicle_ty": 3}}, {"type": "Feature", "id": 1310, "geometry": {"type": "Point", "coordinates": [-90.0470480003649, 35.1459290002232]}, "properties": {"FID": 1310, "stop_id": "0:JEFFOUWF", "stop_name": "JEFFERSON AVENUE at 4TH STREET", "stop_desc": "st 871", "stop_lat": 35.145929, "stop_lon": -90.047048, "zone_id": " ", "location_t": 0, "parent_sta": "1:JEFFOUWF", "vehicle_ty": 3}}, {"type": "Feature", "id": 1311, "geometry": {"type": "Point", "coordinates": [-90.0492730004486, 35.1465279999673]}, "properties": {"FID": 1311, "stop_id": "0:JEFTHIWN", "stop_name": "JEFFERSON AVENUE at 3RD STREET", "stop_desc": "st 872", "stop_lat": 35.146528, "stop_lon": -90.049273, "zone_id": " ", "location_t": 0, "parent_sta": "1:JEFTHIWN", "vehicle_ty": 3}}, {"type": "Feature", "id": 1312, "geometry": {"type": "Point", "coordinates": [-89.9692049998109, 35.2211230000265]}, "properties": {"FID": 1312, "stop_id": "0:FRARANEN", "stop_name": "FRAYSER BOULEVARD at RANGE HILLS DRIVE", "stop_desc": "st 1389", "stop_lat": 35.221123, "stop_lon": -89.969205, "zone_id": " ", "location_t": 0, "parent_sta": "1:FRARANEN", "vehicle_ty": 3}}, {"type": "Feature", "id": 1313, "geometry": {"type": "Point", "coordinates": [-90.0182919998759, 35.2118070002929]}, "properties": {"FID": 1313, "stop_id": "0:DELRAYWN", "stop_name": "DELLWOOD AVENUE at RAINIER STREET", "stop_desc": "st 1270", "stop_lat": 35.211807, "stop_lon": -90.018292, "zone_id": " ", "location_t": 0, "parent_sta": "1:DELRAYWN", "vehicle_ty": 3}}, {"type": "Feature", "id": 1314, "geometry": {"type": "Point", "coordinates": [-90.0202540004217, 35.2106910000896]}, "properties": {"FID": 1314, "stop_id": "0:DELRIDWM", "stop_name": "DELLWOOD AVENUE at RIDGECREST ROAD", "stop_desc": "st 1271", "stop_lat": 35.210691, "stop_lon": -90.020254, "zone_id": " ", "location_t": 0, "parent_sta": "1:DELRIDWM", "vehicle_ty": 3}}, {"type": "Feature", "id": 1315, "geometry": {"type": "Point", "coordinates": [-89.9329149999273, 35.0868180001506]}, "properties": {"FID": 1315, "stop_id": "0:ELLSTRWN", "stop_name": "ELLISTON ROAD at STRIBLING STREET", "stop_desc": "st 4150", "stop_lat": 35.086818, "stop_lon": -89.932915, "zone_id": " ", "location_t": 0, "parent_sta": "1:ELLSTRWN", "vehicle_ty": 3}}, {"type": "Feature", "id": 1316, "geometry": {"type": "Point", "coordinates": [-89.9339360002462, 35.0868360000814]}, "properties": {"FID": 1316, "stop_id": "0:ELLHARWN", "stop_name": "ELLISTON ROAD at HARVILLE STREET", "stop_desc": "st 4151", "stop_lat": 35.086836, "stop_lon": -89.933936, "zone_id": " ", "location_t": 0, "parent_sta": "1:ELLHARWN", "vehicle_ty": 3}}, {"type": "Feature", "id": 1317, "geometry": {"type": "Point", "coordinates": [-89.9391000000649, 35.0925500000825]}, "properties": {"FID": 1317, "stop_id": "0:ROBKIMNM", "stop_name": "ROBIN HOOD LANE at KIMBALL AVENUE", "stop_desc": "st 4156", "stop_lat": 35.09255, "stop_lon": -89.9391, "zone_id": " ", "location_t": 0, "parent_sta": "1:ROBKIMNM", "vehicle_ty": 3}}, {"type": "Feature", "id": 1318, "geometry": {"type": "Point", "coordinates": [-89.8747789998509, 35.0504009998064]}, "properties": {"FID": 1318, "stop_id": "0:WINCLAWN", "stop_name": "WINCHESTER ROAD at CLARKE ROAD", "stop_desc": "st 1815", "stop_lat": 35.050401, "stop_lon": -89.874779, "zone_id": " ", "location_t": 0, "parent_sta": "1:WINCLAWN", "vehicle_ty": 3}}, {"type": "Feature", "id": 1319, "geometry": {"type": "Point", "coordinates": [-89.8854679999482, 35.0506240001975]}, "properties": {"FID": 1319, "stop_id": "0:WINMENWN", "stop_name": "WINCHESTER ROAD at MENDENHALL ROAD", "stop_desc": "st 1819", "stop_lat": 35.050624, "stop_lon": -89.885468, "zone_id": " ", "location_t": 0, "parent_sta": "1:WINMENWN", "vehicle_ty": 3}}, {"type": "Feature", "id": 1320, "geometry": {"type": "Point", "coordinates": [-89.8316700002703, 35.0204609995755]}, "properties": {"FID": 1320, "stop_id": "0:SHERIVIW", "stop_name": "SHELBY DRIVE at RIVERDALE ROAD", "stop_desc": "st 7150", "stop_lat": 35.020461, "stop_lon": -89.83167, "zone_id": " ", "location_t": 0, "parent_sta": "1:SHERIVIW", "vehicle_ty": 3}}, {"type": "Feature", "id": 1321, "geometry": {"type": "Point", "coordinates": [-89.9921870002298, 35.2172440001106]}, "properties": {"FID": 1321, "stop_id": "0:4218", "stop_name": "FRAYSER PLAZA", "stop_desc": "no 852", "stop_lat": 35.217244, "stop_lon": -89.992187, "zone_id": " ", "location_t": 0, "parent_sta": "1:4218", "vehicle_ty": 3}}, {"type": "Feature", "id": 1322, "geometry": {"type": "Point", "coordinates": [-90.0363299998296, 35.1556129998401]}, "properties": {"FID": 1322, "stop_id": "0:NPAPEYWM", "stop_name": "NORTH PARKWAY at PEYTON STREET", "stop_desc": "st 3562", "stop_lat": 35.155613, "stop_lon": -90.03633, "zone_id": " ", "location_t": 0, "parent_sta": "1:NPAPEYWM", "vehicle_ty": 3}}, {"type": "Feature", "id": 1323, "geometry": {"type": "Point", "coordinates": [-90.0459710001615, 35.1556250003935]}, "properties": {"FID": 1323, "stop_id": "0:THINPASN", "stop_name": "3RD STREET at NORTH PARKWAY", "stop_desc": "st 630", "stop_lat": 35.155625, "stop_lon": -90.045971, "zone_id": " ", "location_t": 0, "parent_sta": "1:THINPASN", "vehicle_ty": 3}}, {"type": "Feature", "id": 1324, "geometry": {"type": "Point", "coordinates": [-89.967502000417, 35.0528510003734]}, "properties": {"FID": 1324, "stop_id": "0:WINCARWM", "stop_name": "WINCHESTER ROAD at CARGO ROAD", "stop_desc": "st 1698", "stop_lat": 35.052851, "stop_lon": -89.967502, "zone_id": " ", "location_t": 0, "parent_sta": "1:WINCARWM", "vehicle_ty": 3}}, {"type": "Feature", "id": 1325, "geometry": {"type": "Point", "coordinates": [-90.0001139997613, 35.0534469999791]}, "properties": {"FID": 1325, "stop_id": "0:WINCAZEM", "stop_name": "WINCHESTER ROAD at CAZASSA ROAD", "stop_desc": "st 1748", "stop_lat": 35.053447, "stop_lon": -90.000114, "zone_id": " ", "location_t": 0, "parent_sta": "1:WINCAZEM", "vehicle_ty": 3}}, {"type": "Feature", "id": 1326, "geometry": {"type": "Point", "coordinates": [-89.9992290003181, 35.0534379995641]}, "properties": {"FID": 1326, "stop_id": "0:WINWINEN", "stop_name": "WINCHESTER ROAD at WINBROOK DRIVE", "stop_desc": "st 1749", "stop_lat": 35.053438, "stop_lon": -89.999229, "zone_id": " ", "location_t": 0, "parent_sta": "1:WINWINEN", "vehicle_ty": 3}}, {"type": "Feature", "id": 1327, "geometry": {"type": "Point", "coordinates": [-90.0476280001321, 35.1312810001181]}, "properties": {"FID": 1327, "stop_id": "0:DANSAISF", "stop_name": "DANNY THOMAS BLVD at SAINT PAUL AVENUE", "stop_desc": "st 4344", "stop_lat": 35.131281, "stop_lon": -90.047628, "zone_id": " ", "location_t": 0, "parent_sta": "1:DANSAISF", "vehicle_ty": 3}}, {"type": "Feature", "id": 1328, "geometry": {"type": "Point", "coordinates": [-90.0474289999484, 35.128858999943]}, "properties": {"FID": 1328, "stop_id": "0:DANEGESF", "stop_name": "DANNY THOMAS BOULEVARD at EGEORGIA AVE", "stop_desc": "st 4345", "stop_lat": 35.128859, "stop_lon": -90.047429, "zone_id": " ", "location_t": 0, "parent_sta": "1:DANEGESF", "vehicle_ty": 3}}, {"type": "Feature", "id": 1329, "geometry": {"type": "Point", "coordinates": [-90.0470759998575, 35.1249990000039]}, "properties": {"FID": 1329, "stop_id": "0:DANCRUSM", "stop_name": "DANNY THOMAS BOULEVARD at CRUMP BLVD", "stop_desc": "st 4347", "stop_lat": 35.124999, "stop_lon": -90.047076, "zone_id": " ", "location_t": 0, "parent_sta": "1:DANCRUSM", "vehicle_ty": 3}}, {"type": "Feature", "id": 1330, "geometry": {"type": "Point", "coordinates": [-89.9025390002746, 35.1966779995901]}, "properties": {"FID": 1330, "stop_id": "0:RALBARNN", "stop_name": "RALEIGH LAGRANGE ROAD at BARBARA CIRCLE", "stop_desc": "st 1125", "stop_lat": 35.196678, "stop_lon": -89.902539, "zone_id": " ", "location_t": 0, "parent_sta": "1:RALBARNN", "vehicle_ty": 3}}, {"type": "Feature", "id": 1331, "geometry": {"type": "Point", "coordinates": [-90.0423880004059, 35.1480099999616]}, "properties": {"FID": 1331, "stop_id": "0:POPTHOWM", "stop_name": "POPLAR AVENUE at THOMAS STREET", "stop_desc": "st 2093", "stop_lat": 35.14801, "stop_lon": -90.042388, "zone_id": " ", "location_t": 0, "parent_sta": "1:POPTHOWM", "vehicle_ty": 3}}, {"type": "Feature", "id": 1332, "geometry": {"type": "Point", "coordinates": [-89.9283679997833, 35.0764319996371]}, "properties": {"FID": 1332, "stop_id": "0:AMEGETWM", "stop_name": "AMERICAN WAY at GETWELL ROAD", "stop_desc": "st 2648", "stop_lat": 35.076432, "stop_lon": -89.928368, "zone_id": " ", "location_t": 0, "parent_sta": "1:AMEGETWM", "vehicle_ty": 3}}, {"type": "Feature", "id": 1333, "geometry": {"type": "Point", "coordinates": [-89.9306899998436, 35.076480000052]}, "properties": {"FID": 1333, "stop_id": "0:AMEGETWN", "stop_name": "AMERICAN WAY at GETWELL ROAD", "stop_desc": "st 2649", "stop_lat": 35.07648, "stop_lon": -89.93069, "zone_id": " ", "location_t": 0, "parent_sta": "1:AMEGETWN", "vehicle_ty": 3}}, {"type": "Feature", "id": 1334, "geometry": {"type": "Point", "coordinates": [-89.932588000136, 35.0663289995837]}, "properties": {"FID": 1334, "stop_id": "0:GETKNISM", "stop_name": "GETWELL ROAD at KNIGHT ARNOLD ROAD", "stop_desc": "st 2659", "stop_lat": 35.066329, "stop_lon": -89.932588, "zone_id": " ", "location_t": 0, "parent_sta": "1:GETKNISM", "vehicle_ty": 3}}, {"type": "Feature", "id": 1335, "geometry": {"type": "Point", "coordinates": [-89.9924519998599, 35.1420359996617]}, "properties": {"FID": 1335, "stop_id": "0:POPBELWF", "stop_name": "POPLAR AVENUE at BELLEAIR DRIVE", "stop_desc": "st 2066", "stop_lat": 35.142036, "stop_lon": -89.992452, "zone_id": " ", "location_t": 0, "parent_sta": "1:POPBELWF", "vehicle_ty": 3}}, {"type": "Feature", "id": 1336, "geometry": {"type": "Point", "coordinates": [-89.9959039998697, 35.1423869996603]}, "properties": {"FID": 1336, "stop_id": "0:POPKENWN", "stop_name": "POPLAR AVENUE at KENILWORTH PLACE", "stop_desc": "st 2068", "stop_lat": 35.142387, "stop_lon": -89.995904, "zone_id": " ", "location_t": 0, "parent_sta": "1:POPKENWN", "vehicle_ty": 3}}, {"type": "Feature", "id": 1337, "geometry": {"type": "Point", "coordinates": [-89.998925999835, 35.142594000213]}, "properties": {"FID": 1337, "stop_id": "0:POPMCLWN", "stop_name": "POPLAR AVENUE at MCLEAN BOULEVARD", "stop_desc": "st 2069", "stop_lat": 35.142594, "stop_lon": -89.998926, "zone_id": " ", "location_t": 0, "parent_sta": "1:POPMCLWN", "vehicle_ty": 3}}, {"type": "Feature", "id": 1338, "geometry": {"type": "Point", "coordinates": [-90.0008850002425, 35.1427650000048]}, "properties": {"FID": 1338, "stop_id": "0:POPHAWWN", "stop_name": "POPLAR AVENUE at HAWTHORNE STREET", "stop_desc": "st 2070", "stop_lat": 35.142765, "stop_lon": -90.000885, "zone_id": " ", "location_t": 0, "parent_sta": "1:POPHAWWN", "vehicle_ty": 3}}, {"type": "Feature", "id": 1339, "geometry": {"type": "Point", "coordinates": [-90.0031759997725, 35.1429359997966]}, "properties": {"FID": 1339, "stop_id": "0:POPEVEWN", "stop_name": "POPLAR AVENUE at EVERGREEN STREET", "stop_desc": "st 2071", "stop_lat": 35.142936, "stop_lon": -90.003176, "zone_id": " ", "location_t": 0, "parent_sta": "1:POPEVEWN", "vehicle_ty": 3}}, {"type": "Feature", "id": 1340, "geometry": {"type": "Point", "coordinates": [-90.0049800002268, 35.1430889996577]}, "properties": {"FID": 1340, "stop_id": "0:POPBE1WF", "stop_name": "POPLAR AVENUE at BELVEDERE BOULEVARD", "stop_desc": "st 2072", "stop_lat": 35.143089, "stop_lon": -90.00498, "zone_id": " ", "location_t": 0, "parent_sta": "1:POPBE1WF", "vehicle_ty": 3}}, {"type": "Feature", "id": 1341, "geometry": {"type": "Point", "coordinates": [-89.9847800003967, 35.1138619999314]}, "properties": {"FID": 1341, "stop_id": "0:AIRCARSM", "stop_name": "AIRWAYS BOULEVARD at CARNES AVENUE", "stop_desc": "st 3331", "stop_lat": 35.113862, "stop_lon": -89.98478, "zone_id": " ", "location_t": 0, "parent_sta": "1:AIRCARSM", "vehicle_ty": 3}}, {"type": "Feature", "id": 1342, "geometry": {"type": "Point", "coordinates": [-90.0332200003027, 35.0616759999475]}, "properties": {"FID": 1342, "stop_id": "0:BRODOGEN", "stop_name": "BROOKS ROAD at DOGWOOD LANE", "stop_desc": "st 5291", "stop_lat": 35.061676, "stop_lon": -90.03322, "zone_id": " ", "location_t": 0, "parent_sta": "1:BRODOGEN", "vehicle_ty": 3}}, {"type": "Feature", "id": 1343, "geometry": {"type": "Point", "coordinates": [-89.9517180000856, 35.1233149996875]}, "properties": {"FID": 1343, "stop_id": "0:CENALEEN", "stop_name": "CENTRAL AVENUE at ALEXANDER STREET", "stop_desc": "st 3502", "stop_lat": 35.123315, "stop_lon": -89.951718, "zone_id": " ", "location_t": 0, "parent_sta": "1:CENALEEN", "vehicle_ty": 3}}, {"type": "Feature", "id": 1344, "geometry": {"type": "Point", "coordinates": [-89.9486970001664, 35.1232409998723]}, "properties": {"FID": 1344, "stop_id": "0:CENPREEN", "stop_name": "CENTRAL AVENUE at PRESCOTT STREET", "stop_desc": "st 3503", "stop_lat": 35.123241, "stop_lon": -89.948697, "zone_id": " ", "location_t": 0, "parent_sta": "1:CENPREEN", "vehicle_ty": 3}}, {"type": "Feature", "id": 1345, "geometry": {"type": "Point", "coordinates": [-89.9223880001061, 35.0577190000319]}, "properties": {"FID": 1345, "stop_id": "0:GOOCRESN", "stop_name": "GOODLETT STREET at CREIGHTON AVENUE", "stop_desc": "st 2706", "stop_lat": 35.057719, "stop_lon": -89.922388, "zone_id": " ", "location_t": 0, "parent_sta": "1:GOOCRESN", "vehicle_ty": 3}}, {"type": "Feature", "id": 1346, "geometry": {"type": "Point", "coordinates": [-89.9224019998524, 35.0565750003361]}, "properties": {"FID": 1346, "stop_id": "0:GOODEVSN", "stop_name": "GOODLETT STREET at DEVEL STREET", "stop_desc": "st 2707", "stop_lat": 35.056575, "stop_lon": -89.922402, "zone_id": " ", "location_t": 0, "parent_sta": "1:GOODEVSN", "vehicle_ty": 3}}, {"type": "Feature", "id": 1347, "geometry": {"type": "Point", "coordinates": [-89.9220679997384, 35.0519270000311]}, "properties": {"FID": 1347, "stop_id": "0:GOOWINSF", "stop_name": "GOODLETT STREET at WINGOOD CIRCLE", "stop_desc": "st 2708", "stop_lat": 35.051927, "stop_lon": -89.922068, "zone_id": " ", "location_t": 0, "parent_sta": "1:GOOWINSF", "vehicle_ty": 3}}, {"type": "Feature", "id": 1348, "geometry": {"type": "Point", "coordinates": [-89.9245439997058, 35.0517689999394]}, "properties": {"FID": 1348, "stop_id": "0:WINGERWN", "stop_name": "WINCHESTER ROAD at GERONIMO COURT", "stop_desc": "st 1686", "stop_lat": 35.051769, "stop_lon": -89.924544, "zone_id": " ", "location_t": 0, "parent_sta": "1:WINGERWN", "vehicle_ty": 3}}, {"type": "Feature", "id": 1349, "geometry": {"type": "Point", "coordinates": [-89.9272860002487, 35.0518089999854]}, "properties": {"FID": 1349, "stop_id": "0:WINLAMWF", "stop_name": "WINCHESTER ROAD at LARMA AVENUE", "stop_desc": "st 1687", "stop_lat": 35.051809, "stop_lon": -89.927286, "zone_id": " ", "location_t": 0, "parent_sta": "1:WINLAMWF", "vehicle_ty": 3}}, {"type": "Feature", "id": 1350, "geometry": {"type": "Point", "coordinates": [-89.9367260003046, 35.0520520003996]}, "properties": {"FID": 1350, "stop_id": "0:WINOGTWN", "stop_name": "WINCHESTER ROAD at OLD GETWELL ROAD", "stop_desc": "st 1690", "stop_lat": 35.052052, "stop_lon": -89.936726, "zone_id": " ", "location_t": 0, "parent_sta": "1:WINOGTWN", "vehicle_ty": 3}}, {"type": "Feature", "id": 1351, "geometry": {"type": "Point", "coordinates": [-90.0114760003171, 35.1582130001299]}, "properties": {"FID": 1351, "stop_id": "0:JACWATWN", "stop_name": "JACKSON AVENUE at WATKINS STREET", "stop_desc": "st 6544 (no 48)", "stop_lat": 35.158213, "stop_lon": -90.011476, "zone_id": " ", "location_t": 0, "parent_sta": "1:105", "vehicle_ty": 3}}, {"type": "Feature", "id": 1352, "geometry": {"type": "Point", "coordinates": [-89.9426619997515, 35.1727339997743]}, "properties": {"FID": 1352, "stop_id": "0:JACBAYSN", "stop_name": "JACKSON AVENUE at BAYLISS AVENUE", "stop_desc": "st 3727 (no 975)", "stop_lat": 35.172734, "stop_lon": -89.942662, "zone_id": " ", "location_t": 0, "parent_sta": "1:500", "vehicle_ty": 3}}, {"type": "Feature", "id": 1353, "geometry": {"type": "Point", "coordinates": [-89.8929749998963, 35.2327749995666]}, "properties": {"FID": 1353, "stop_id": "0:METNOREF", "stop_name": "METHODIST HOSPITAL NORTH", "stop_desc": "st 357 (no 156)", "stop_lat": 35.232775, "stop_lon": -89.892975, "zone_id": " ", "location_t": 0, "parent_sta": "1:5200", "vehicle_ty": 3}}, {"type": "Feature", "id": 1354, "geometry": {"type": "Point", "coordinates": [-89.8361679999532, 35.0494370003174]}, "properties": {"FID": 1354, "stop_id": "0:WINBROWM", "stop_name": "WINCHESTER ROAD at BROWNBARK DRIVE", "stop_desc": "st 1804", "stop_lat": 35.049437, "stop_lon": -89.836168, "zone_id": " ", "location_t": 0, "parent_sta": "1:WINBROWM", "vehicle_ty": 3}}, {"type": "Feature", "id": 1355, "geometry": {"type": "Point", "coordinates": [-89.8391190002416, 35.049505999902]}, "properties": {"FID": 1355, "stop_id": "0:WINROSWF", "stop_name": "WINCHESTER ROAD at ROSS ROAD", "stop_desc": "st 1805", "stop_lat": 35.049506, "stop_lon": -89.839119, "zone_id": " ", "location_t": 0, "parent_sta": "1:WINROSWF", "vehicle_ty": 3}}, {"type": "Feature", "id": 1356, "geometry": {"type": "Point", "coordinates": [-90.0349360002961, 35.1644560002443]}, "properties": {"FID": 1356, "stop_id": "0:CHETULWN", "stop_name": "CHELSEA AVENUE at TULLY STREET", "stop_desc": "st 1618", "stop_lat": 35.164456, "stop_lon": -90.034936, "zone_id": " ", "location_t": 0, "parent_sta": "1:CHETULWN", "vehicle_ty": 3}}, {"type": "Feature", "id": 1357, "geometry": {"type": "Point", "coordinates": [-89.9824279998523, 35.1583829998756]}, "properties": {"FID": 1357, "stop_id": "0:JACEASEM", "stop_name": "JACKSON AVENUE at EAST STREET", "stop_desc": "st 3913", "stop_lat": 35.158383, "stop_lon": -89.982428, "zone_id": " ", "location_t": 0, "parent_sta": "1:JACEASEM", "vehicle_ty": 3}}, {"type": "Feature", "id": 1358, "geometry": {"type": "Point", "coordinates": [-89.979749000416, 35.1578450002466]}, "properties": {"FID": 1358, "stop_id": "0:JACTREEF", "stop_name": "JACKSON AVENUE at TREZEVANT STREET", "stop_desc": "st 3914", "stop_lat": 35.157845, "stop_lon": -89.979749, "zone_id": " ", "location_t": 0, "parent_sta": "1:JACTREEF", "vehicle_ty": 3}}, {"type": "Feature", "id": 1359, "geometry": {"type": "Point", "coordinates": [-89.7927959999354, 35.1888219997355]}, "properties": {"FID": 1359, "stop_id": "0:GERMARSN", "stop_name": "GERMANTOWN PARKWAY at IKEA WAY", "stop_desc": "st 902", "stop_lat": 35.188822, "stop_lon": -89.792796, "zone_id": " ", "location_t": 0, "parent_sta": "1:GERMARSN", "vehicle_ty": 3}}, {"type": "Feature", "id": 1360, "geometry": {"type": "Point", "coordinates": [-89.7926090003051, 35.1824859998291]}, "properties": {"FID": 1360, "stop_id": "0:GERCHINF", "stop_name": "GERMANTOWN PARKWAY at CHIMNEYROCK BLVD", "stop_desc": "st 951", "stop_lat": 35.182486, "stop_lon": -89.792609, "zone_id": " ", "location_t": 0, "parent_sta": "1:GERCHINF", "vehicle_ty": 3}}, {"type": "Feature", "id": 1361, "geometry": {"type": "Point", "coordinates": [-89.9242670004217, 35.1622599996993]}, "properties": {"FID": 1361, "stop_id": "0:MACWINWF", "stop_name": "MACON ROAD at WINGFIELD ROAD", "stop_desc": "st 3980", "stop_lat": 35.16226, "stop_lon": -89.924267, "zone_id": " ", "location_t": 0, "parent_sta": "1:MACWINWF", "vehicle_ty": 3}}, {"type": "Feature", "id": 1362, "geometry": {"type": "Point", "coordinates": [-89.9263280001371, 35.1623140003908]}, "properties": {"FID": 1362, "stop_id": "0:MACGRAWN", "stop_name": "MACON ROAD at GRAHAM ROAD", "stop_desc": "st 6942", "stop_lat": 35.162314, "stop_lon": -89.926328, "zone_id": " ", "location_t": 0, "parent_sta": "1:MACGRAWN", "vehicle_ty": 3}}, {"type": "Feature", "id": 1363, "geometry": {"type": "Point", "coordinates": [-90.0082809995685, 35.1731310000956]}, "properties": {"FID": 1363, "stop_id": "0:CHEWATWN", "stop_name": "CHELSEA AVENUE at WATKINS STREET", "stop_desc": "st 1603", "stop_lat": 35.173131, "stop_lon": -90.008281, "zone_id": " ", "location_t": 0, "parent_sta": "1:CHEWATWN", "vehicle_ty": 3}}, {"type": "Feature", "id": 1364, "geometry": {"type": "Point", "coordinates": [-90.0095240002324, 35.1731479999802]}, "properties": {"FID": 1364, "stop_id": "0:CHECLAWM", "stop_name": "CHELSEA AVENUE at CLAYBROOK STREET", "stop_desc": "st 1604", "stop_lat": 35.173148, "stop_lon": -90.009524, "zone_id": " ", "location_t": 0, "parent_sta": "1:CHECLAWM", "vehicle_ty": 3}}, {"type": "Feature", "id": 1365, "geometry": {"type": "Point", "coordinates": [-90.0136309998707, 35.1723869999601]}, "properties": {"FID": 1365, "stop_id": "0:CHECLAWN", "stop_name": "CHELSEA AVENUE at CLAYBROOK STREET", "stop_desc": "st 1605", "stop_lat": 35.172387, "stop_lon": -90.013631, "zone_id": " ", "location_t": 0, "parent_sta": "1:CHECLAWN", "vehicle_ty": 3}}, {"type": "Feature", "id": 1366, "geometry": {"type": "Point", "coordinates": [-90.014991999681, 35.1718860002388]}, "properties": {"FID": 1366, "stop_id": "0:CHECOLWN", "stop_name": "CHELSEA AVENUE at COLBY STREET", "stop_desc": "st 1606", "stop_lat": 35.171886, "stop_lon": -90.014992, "zone_id": " ", "location_t": 0, "parent_sta": "1:CHECOLWN", "vehicle_ty": 3}}, {"type": "Feature", "id": 1367, "geometry": {"type": "Point", "coordinates": [-90.0162769995839, 35.1714020004021]}, "properties": {"FID": 1367, "stop_id": "0:CHESYLWN", "stop_name": "CHELSEA AVENUE at SYLVAN STREET", "stop_desc": "st 1607", "stop_lat": 35.171402, "stop_lon": -90.016277, "zone_id": " ", "location_t": 0, "parent_sta": "1:CHESYLWN", "vehicle_ty": 3}}, {"type": "Feature", "id": 1368, "geometry": {"type": "Point", "coordinates": [-90.0171349995805, 35.1710490003111]}, "properties": {"FID": 1368, "stop_id": "0:CHEBELWN", "stop_name": "CHELSEA AVENUE at BELLEVUE BOULEVARD", "stop_desc": "st 1608", "stop_lat": 35.171049, "stop_lon": -90.017135, "zone_id": " ", "location_t": 0, "parent_sta": "1:CHEBELWN", "vehicle_ty": 3}}, {"type": "Feature", "id": 1369, "geometry": {"type": "Point", "coordinates": [-90.0196929997321, 35.1701320002916]}, "properties": {"FID": 1369, "stop_id": "0:CHELEWWN", "stop_name": "CHELSEA AVENUE at LEWIS STREET", "stop_desc": "st 1609", "stop_lat": 35.170132, "stop_lon": -90.019693, "zone_id": " ", "location_t": 0, "parent_sta": "1:CHELEWWN", "vehicle_ty": 3}}, {"type": "Feature", "id": 1370, "geometry": {"type": "Point", "coordinates": [-90.0237220002701, 35.1686169996748]}, "properties": {"FID": 1370, "stop_id": "0:CHEDECWN", "stop_name": "CHELSEA AVENUE at DECATUR STREET", "stop_desc": "st 1611", "stop_lat": 35.168617, "stop_lon": -90.023722, "zone_id": " ", "location_t": 0, "parent_sta": "1:CHEDECWN", "vehicle_ty": 3}}, {"type": "Feature", "id": 1371, "geometry": {"type": "Point", "coordinates": [-90.0278279998623, 35.1670860001188]}, "properties": {"FID": 1371, "stop_id": "0:CHEPEAWN", "stop_name": "CHELSEA AVENUE at PEARCE STREET", "stop_desc": "st 1613", "stop_lat": 35.167086, "stop_lon": -90.027828, "zone_id": " ", "location_t": 0, "parent_sta": "1:CHEPEAWN", "vehicle_ty": 3}}, {"type": "Feature", "id": 1372, "geometry": {"type": "Point", "coordinates": [-90.0293800003867, 35.1665109996829]}, "properties": {"FID": 1372, "stop_id": "0:CHEDUNWN", "stop_name": "CHELSEA AVENUE at DUNLAP STREET", "stop_desc": "st 1614", "stop_lat": 35.166511, "stop_lon": -90.02938, "zone_id": " ", "location_t": 0, "parent_sta": "1:CHEDUNWN", "vehicle_ty": 3}}, {"type": "Feature", "id": 1373, "geometry": {"type": "Point", "coordinates": [-90.0308160000583, 35.1659780002846]}, "properties": {"FID": 1373, "stop_id": "0:CHELEAWN", "stop_name": "CHELSEA AVENUE at LEATH STREET", "stop_desc": "st 1615", "stop_lat": 35.165978, "stop_lon": -90.030816, "zone_id": " ", "location_t": 0, "parent_sta": "1:CHELEAWN", "vehicle_ty": 3}}, {"type": "Feature", "id": 1374, "geometry": {"type": "Point", "coordinates": [-90.0363150000372, 35.1639510003384]}, "properties": {"FID": 1374, "stop_id": "0:CHETHOWN", "stop_name": "CHELSEA AVENUE at THOMAS STREET", "stop_desc": "st 1619", "stop_lat": 35.163951, "stop_lon": -90.036315, "zone_id": " ", "location_t": 0, "parent_sta": "1:CHETHOWN", "vehicle_ty": 3}}, {"type": "Feature", "id": 1375, "geometry": {"type": "Point", "coordinates": [-90.0381199996382, 35.1632989999489]}, "properties": {"FID": 1375, "stop_id": "0:CHESEVWN", "stop_name": "CHELSEA AVENUE at 7TH STREET", "stop_desc": "st 1620", "stop_lat": 35.163299, "stop_lon": -90.03812, "zone_id": " ", "location_t": 0, "parent_sta": "1:CHESEVWN", "vehicle_ty": 3}}, {"type": "Feature", "id": 1376, "geometry": {"type": "Point", "coordinates": [-90.0402859996991, 35.1633990000639]}, "properties": {"FID": 1376, "stop_id": "0:CHEFIFWF", "stop_name": "CHELSEA AVENUE at 5TH STREET", "stop_desc": "st 1621", "stop_lat": 35.163399, "stop_lon": -90.040286, "zone_id": " ", "location_t": 0, "parent_sta": "1:CHEFIFWF", "vehicle_ty": 3}}, {"type": "Feature", "id": 1377, "geometry": {"type": "Point", "coordinates": [-90.042988000196, 35.1630080000193]}, "properties": {"FID": 1377, "stop_id": "0:THIKEESM", "stop_name": "3RD STREET at KEEL AVENUE", "stop_desc": "st 625", "stop_lat": 35.163008, "stop_lon": -90.042988, "zone_id": " ", "location_t": 0, "parent_sta": "1:THIKEESM", "vehicle_ty": 3}}, {"type": "Feature", "id": 1378, "geometry": {"type": "Point", "coordinates": [-90.0436120001936, 35.1615490001863]}, "properties": {"FID": 1378, "stop_id": "0:THILOOSN", "stop_name": "3RD STREET at LOONEY AVENUE", "stop_desc": "st 6887", "stop_lat": 35.161549, "stop_lon": -90.043612, "zone_id": " ", "location_t": 0, "parent_sta": "1:THILOOSN", "vehicle_ty": 3}}, {"type": "Feature", "id": 1379, "geometry": {"type": "Point", "coordinates": [-90.0439509996389, 35.1606219997056]}, "properties": {"FID": 1379, "stop_id": "0:THISAFSN", "stop_name": "3RD STREET at SAFFARANS AVENUE", "stop_desc": "st 626", "stop_lat": 35.160622, "stop_lon": -90.043951, "zone_id": " ", "location_t": 0, "parent_sta": "1:THISAFSN", "vehicle_ty": 3}}, {"type": "Feature", "id": 1380, "geometry": {"type": "Point", "coordinates": [-90.044558999798, 35.1590900001034]}, "properties": {"FID": 1380, "stop_id": "0:THIMILSM", "stop_name": "3RD STREET at MILL AVENUE", "stop_desc": "st 627", "stop_lat": 35.15909, "stop_lon": -90.044559, "zone_id": " ", "location_t": 0, "parent_sta": "1:THIMILSM", "vehicle_ty": 3}}, {"type": "Feature", "id": 1381, "geometry": {"type": "Point", "coordinates": [-90.0151319998419, 35.216194000253]}, "properties": {"FID": 1381, "stop_id": "0:STEPAUSN", "stop_name": "STEELE STREET at PAULLUS AVENUE", "stop_desc": "st 1267", "stop_lat": 35.216194, "stop_lon": -90.015132, "zone_id": " ", "location_t": 0, "parent_sta": "1:STEPAUSN", "vehicle_ty": 3}}, {"type": "Feature", "id": 1382, "geometry": {"type": "Point", "coordinates": [-90.0151440003953, 35.2148799999121]}, "properties": {"FID": 1382, "stop_id": "0:STEGRESN", "stop_name": "STEELE STREET at GREENDALE AVENUE", "stop_desc": "st 1268", "stop_lat": 35.21488, "stop_lon": -90.015144, "zone_id": " ", "location_t": 0, "parent_sta": "1:STEGRESN", "vehicle_ty": 3}}, {"type": "Feature", "id": 1383, "geometry": {"type": "Point", "coordinates": [-90.0152010003259, 35.2132890002872]}, "properties": {"FID": 1383, "stop_id": "0:STEDELSN", "stop_name": "STEELE STREET at DELLWOOD AVENUE", "stop_desc": "st 1269", "stop_lat": 35.213289, "stop_lon": -90.015201, "zone_id": " ", "location_t": 0, "parent_sta": "1:STEDELSN", "vehicle_ty": 3}}, {"type": "Feature", "id": 1384, "geometry": {"type": "Point", "coordinates": [-90.0161540002069, 35.2130580004264]}, "properties": {"FID": 1384, "stop_id": "0:DELCANWF", "stop_name": "DELLWOOD AVENUE at CANFIELD AVENUE", "stop_desc": "st 6880", "stop_lat": 35.213058, "stop_lon": -90.016154, "zone_id": " ", "location_t": 0, "parent_sta": "1:DELCANWF", "vehicle_ty": 3}}, {"type": "Feature", "id": 1385, "geometry": {"type": "Point", "coordinates": [-90.0365799996672, 35.1643350000602]}, "properties": {"FID": 1385, "stop_id": "0:DANCHENF", "stop_name": "DANNY THOMAS BOULEVARD at CHELSEA AVENUE", "stop_desc": "st 656", "stop_lat": 35.164335, "stop_lon": -90.03658, "zone_id": " ", "location_t": 0, "parent_sta": "1:DANCHENF", "vehicle_ty": 3}}, {"type": "Feature", "id": 1386, "geometry": {"type": "Point", "coordinates": [-89.7802000000299, 35.2044839998368]}, "properties": {"FID": 1386, "stop_id": "0:STAWALWM", "stop_name": "STAGE ROAD at WALMART DRIVE", "stop_desc": "st 963", "stop_lat": 35.204484, "stop_lon": -89.7802, "zone_id": " ", "location_t": 0, "parent_sta": "1:STAWALWM", "vehicle_ty": 3}}, {"type": "Feature", "id": 1387, "geometry": {"type": "Point", "coordinates": [-89.8609719998579, 35.0949480000502]}, "properties": {"FID": 1387, "stop_id": "0:PRIRIDEM", "stop_name": "PRIMACY PARKWAY at RIDGEWAY ROAD", "stop_desc": "st 6152", "stop_lat": 35.094948, "stop_lon": -89.860972, "zone_id": " ", "location_t": 0, "parent_sta": "1:PRIRIDEM", "vehicle_ty": 3}}, {"type": "Feature", "id": 1388, "geometry": {"type": "Point", "coordinates": [-89.8583769997987, 35.0973660000409]}, "properties": {"FID": 1388, "stop_id": "0:RIDPARNM", "stop_name": "RIDGEWAY ROAD at PARK AVENUE", "stop_desc": "st 2122", "stop_lat": 35.097366, "stop_lon": -89.858377, "zone_id": " ", "location_t": 0, "parent_sta": "1:RIDPARNM", "vehicle_ty": 3}}, {"type": "Feature", "id": 1389, "geometry": {"type": "Point", "coordinates": [-89.8597860000239, 35.1000760000074]}, "properties": {"FID": 1389, "stop_id": "0:PARRIDWF", "stop_name": "PARK AVENUE at RIDGEWAY ROAD", "stop_desc": "st 2136", "stop_lat": 35.100076, "stop_lon": -89.859786, "zone_id": " ", "location_t": 0, "parent_sta": "1:PARRIDWF", "vehicle_ty": 3}}, {"type": "Feature", "id": 1390, "geometry": {"type": "Point", "coordinates": [-89.8085059995522, 35.0927520004046]}, "properties": {"FID": 1390, "stop_id": "0:POPGERWN", "stop_name": "POPLAR AVENUE at GERMANTOWN PARKWAY", "stop_desc": "st 1997", "stop_lat": 35.092752, "stop_lon": -89.808506, "zone_id": " ", "location_t": 0, "parent_sta": "1:POPGERWN", "vehicle_ty": 3}}, {"type": "Feature", "id": 1391, "geometry": {"type": "Point", "coordinates": [-90.0563989999139, 35.0906729998591]}, "properties": {"FID": 1391, "stop_id": "0:THIFRASN", "stop_name": "3RD STREET at FRANK AVENUE", "stop_desc": "st 4997", "stop_lat": 35.090673, "stop_lon": -90.056399, "zone_id": " ", "location_t": 0, "parent_sta": "1:THIFRASN", "vehicle_ty": 3}}, {"type": "Feature", "id": 1392, "geometry": {"type": "Point", "coordinates": [-90.0569090000503, 35.0866870004048]}, "properties": {"FID": 1392, "stop_id": "0:THIEMASN", "stop_name": "3RD STREET at EAST MALLORY AVENUE", "stop_desc": "st 4999", "stop_lat": 35.086687, "stop_lon": -90.056909, "zone_id": " ", "location_t": 0, "parent_sta": "1:THIEMASN", "vehicle_ty": 3}}, {"type": "Feature", "id": 1393, "geometry": {"type": "Point", "coordinates": [-90.0547640000585, 35.1404340004289]}, "properties": {"FID": 1393, "stop_id": "0:BEATROSN", "stop_name": "BEALE STREET at MAIN STREET", "stop_desc": "st 703", "stop_lat": 35.140434, "stop_lon": -90.054764, "zone_id": " ", "location_t": 0, "parent_sta": "1:BEATROSN", "vehicle_ty": 3}}, {"type": "Feature", "id": 1394, "geometry": {"type": "Point", "coordinates": [-90.0557050002855, 35.1390490004111]}, "properties": {"FID": 1394, "stop_id": "0:MLKTROSN", "stop_name": "MLK JR AVENUE at MAIN STREET", "stop_desc": "st 704", "stop_lat": 35.139049, "stop_lon": -90.055705, "zone_id": " ", "location_t": 0, "parent_sta": "1:MLKTROSN", "vehicle_ty": 3}}, {"type": "Feature", "id": 1395, "geometry": {"type": "Point", "coordinates": [-89.9883589999678, 35.1081360002763]}, "properties": {"FID": 1395, "stop_id": "0:LAMPAREF", "stop_name": "LAMAR AVENUE at PARK AVENUE", "stop_desc": "st 5747", "stop_lat": 35.108136, "stop_lon": -89.988359, "zone_id": " ", "location_t": 0, "parent_sta": "1:LAMPAREF", "vehicle_ty": 3}}, {"type": "Feature", "id": 1396, "geometry": {"type": "Point", "coordinates": [-89.9872770004332, 35.1067500002124]}, "properties": {"FID": 1396, "stop_id": "0:LAMKEREN", "stop_name": "LAMAR AVENUE at KERR AVENUE", "stop_desc": "st 5748", "stop_lat": 35.10675, "stop_lon": -89.987277, "zone_id": " ", "location_t": 0, "parent_sta": "1:LAMKEREN", "vehicle_ty": 3}}, {"type": "Feature", "id": 1397, "geometry": {"type": "Point", "coordinates": [-90.0582400002758, 35.1355459998481]}, "properties": {"FID": 1397, "stop_id": "0:HULTROSN", "stop_name": "HULING AVENUE at MAIN STREET", "stop_desc": "st 706", "stop_lat": 35.135546, "stop_lon": -90.05824, "zone_id": " ", "location_t": 0, "parent_sta": "1:HULTROSN", "vehicle_ty": 3}}, {"type": "Feature", "id": 1398, "geometry": {"type": "Point", "coordinates": [-90.0128119998739, 35.1785079998444]}, "properties": {"FID": 1398, "stop_id": "0:ST1", "stop_name": "STATION 1", "stop_desc": "ga 1", "stop_lat": 35.178508, "stop_lon": -90.012812, "zone_id": " ", "location_t": 0, "parent_sta": "1:ST1", "vehicle_ty": 3}}, {"type": "Feature", "id": 1399, "geometry": {"type": "Point", "coordinates": [-89.9870139999961, 35.2171690002492]}, "properties": {"FID": 1399, "stop_id": "0:FRAARDWF", "stop_name": "FRAYSER BOULEVARD at ARDMORE STREET", "stop_desc": "st 1256", "stop_lat": 35.217169, "stop_lon": -89.987014, "zone_id": " ", "location_t": 0, "parent_sta": "1:FRAARDWF", "vehicle_ty": 3}}, {"type": "Feature", "id": 1400, "geometry": {"type": "Point", "coordinates": [-90.0040410000921, 35.2176530000859]}, "properties": {"FID": 1400, "stop_id": "0:FRAWATWF", "stop_name": "FRAYSER BOULEVARD at WATKINS STREET", "stop_desc": "st 1263", "stop_lat": 35.217653, "stop_lon": -90.004041, "zone_id": " ", "location_t": 0, "parent_sta": "1:FRAWATWF", "vehicle_ty": 3}}, {"type": "Feature", "id": 1401, "geometry": {"type": "Point", "coordinates": [-90.0151089996805, 35.2173820001792]}, "properties": {"FID": 1401, "stop_id": "0:STEFRASF", "stop_name": "STEELE STREET at FRAYSER BOULEVARD", "stop_desc": "st 1266", "stop_lat": 35.217382, "stop_lon": -90.015109, "zone_id": " ", "location_t": 0, "parent_sta": "1:STEFRASF", "vehicle_ty": 3}}, {"type": "Feature", "id": 1402, "geometry": {"type": "Point", "coordinates": [-89.8873250001486, 35.0506090004051]}, "properties": {"FID": 1402, "stop_id": "0:WINMENWF", "stop_name": "WINCHESTER ROAD at MENDENHALL ROAD", "stop_desc": "st 6495", "stop_lat": 35.050609, "stop_lon": -89.887325, "zone_id": " ", "location_t": 0, "parent_sta": "1:WINMENWF", "vehicle_ty": 3}}, {"type": "Feature", "id": 1403, "geometry": {"type": "Point", "coordinates": [-89.8891200001878, 35.0507020001972]}, "properties": {"FID": 1403, "stop_id": "0:WINWINWF", "stop_name": "WINCHESTER ROAD at WINPLACE ROAD", "stop_desc": "st 1685", "stop_lat": 35.050702, "stop_lon": -89.88912, "zone_id": " ", "location_t": 0, "parent_sta": "1:WINWINWF", "vehicle_ty": 3}}, {"type": "Feature", "id": 1404, "geometry": {"type": "Point", "coordinates": [-89.9244150000522, 35.1315600003937]}, "properties": {"FID": 1404, "stop_id": "0:WALWALWN", "stop_name": "WALNUT GROVE ROAD at WALLACE ROAD", "stop_desc": "st 2979", "stop_lat": 35.13156, "stop_lon": -89.924415, "zone_id": " ", "location_t": 0, "parent_sta": "1:WALWALWN", "vehicle_ty": 3}}, {"type": "Feature", "id": 1405, "geometry": {"type": "Point", "coordinates": [-89.9309969996118, 35.0905559998595]}, "properties": {"FID": 1405, "stop_id": "0:GETDUNNF", "stop_name": "GETWELL ROAD at DUNN AVENUE", "stop_desc": "st 240", "stop_lat": 35.090556, "stop_lon": -89.930997, "zone_id": " ", "location_t": 0, "parent_sta": "1:GETDUNNF", "vehicle_ty": 3}}, {"type": "Feature", "id": 1406, "geometry": {"type": "Point", "coordinates": [-89.9309370004422, 35.0931659997112]}, "properties": {"FID": 1406, "stop_id": "0:GETKIMNF", "stop_name": "GETWELL ROAD at KIMBALL AVENUE", "stop_desc": "st 392", "stop_lat": 35.093166, "stop_lon": -89.930937, "zone_id": " ", "location_t": 0, "parent_sta": "1:GETKIMNF", "vehicle_ty": 3}}, {"type": "Feature", "id": 1407, "geometry": {"type": "Point", "coordinates": [-89.9048509998737, 35.1981920001608]}, "properties": {"FID": 1407, "stop_id": "0:RALHOONF", "stop_name": "RALEIGH LAGRANGE ROAD at HOOVER DRIVE", "stop_desc": "st 1126", "stop_lat": 35.198192, "stop_lon": -89.904851, "zone_id": " ", "location_t": 0, "parent_sta": "1:RALHOONF", "vehicle_ty": 3}}, {"type": "Feature", "id": 1408, "geometry": {"type": "Point", "coordinates": [-89.9090910002494, 35.1989570003653]}, "properties": {"FID": 1408, "stop_id": "0:RALKENWF", "stop_name": "RALEIGH LAGRANGE ROAD at KENNEDY PARK", "stop_desc": "st 1127", "stop_lat": 35.198957, "stop_lon": -89.909091, "zone_id": " ", "location_t": 0, "parent_sta": "1:RALKENWF", "vehicle_ty": 3}}, {"type": "Feature", "id": 1409, "geometry": {"type": "Point", "coordinates": [-90.0443639997987, 35.1305929998671]}, "properties": {"FID": 1409, "stop_id": "0:LAUGEOSM", "stop_name": "LAUDERDALE STREET at EAST GEORGIA AVENUE", "stop_desc": "st 4400", "stop_lat": 35.130593, "stop_lon": -90.044364, "zone_id": " ", "location_t": 0, "parent_sta": "1:LAUGEOSM", "vehicle_ty": 3}}, {"type": "Feature", "id": 1410, "geometry": {"type": "Point", "coordinates": [-89.9849170004192, 35.0795430001094]}, "properties": {"FID": 1410, "stop_id": "0:AIRKETSN", "stop_name": "AIRWAYS BOULEVARD at KETCHUM ROAD", "stop_desc": "st 7 (no 7)", "stop_lat": 35.079543, "stop_lon": -89.984917, "zone_id": " ", "location_t": 0, "parent_sta": "1:3203", "vehicle_ty": 3}}, {"type": "Feature", "id": 1411, "geometry": {"type": "Point", "coordinates": [-89.9845630002822, 35.1194199999331]}, "properties": {"FID": 1411, "stop_id": "0:EPAYOUSF", "stop_name": "EAST PARKWAY S at YOUNG AVENUE", "stop_desc": "st 8 (no 8)", "stop_lat": 35.11942, "stop_lon": -89.984563, "zone_id": " ", "location_t": 0, "parent_sta": "1:200000", "vehicle_ty": 3}}, {"type": "Feature", "id": 1412, "geometry": {"type": "Point", "coordinates": [-89.9931719997879, 35.2413629999025]}, "properties": {"FID": 1412, "stop_id": "0:OVEHAWNN", "stop_name": "OVERTON CROSSING ST at HAWKINS MILL ROAD", "stop_desc": "st 1471 (no 1158)", "stop_lat": 35.241363, "stop_lon": -89.993172, "zone_id": " ", "location_t": 0, "parent_sta": "1:1488", "vehicle_ty": 3}}, {"type": "Feature", "id": 1413, "geometry": {"type": "Point", "coordinates": [-89.9933689998794, 35.2408830002503]}, "properties": {"FID": 1413, "stop_id": "0:OVEHAWSF", "stop_name": "OVERTON CROSSING ST at HAWKINS MILL ROAD", "stop_desc": "st 1488 (no 1158)", "stop_lat": 35.240883, "stop_lon": -89.993369, "zone_id": " ", "location_t": 0, "parent_sta": "1:1488", "vehicle_ty": 3}}, {"type": "Feature", "id": 1414, "geometry": {"type": "Point", "coordinates": [-89.863169000449, 35.0350089995657]}, "properties": {"FID": 1414, "stop_id": "0:RAIBERWN", "stop_name": "RAINES ROAD at BERRYBROOK ROAD", "stop_desc": "st 440", "stop_lat": 35.035009, "stop_lon": -89.863169, "zone_id": " ", "location_t": 0, "parent_sta": "1:RAIBERWN", "vehicle_ty": 3}}, {"type": "Feature", "id": 1415, "geometry": {"type": "Point", "coordinates": [-89.9754930002018, 35.2163829999755]}, "properties": {"FID": 1415, "stop_id": "0:RANSANNF", "stop_name": "RANGE LINE ROAD at SANDPIPER AVENUE", "stop_desc": "st 1546", "stop_lat": 35.216383, "stop_lon": -89.975493, "zone_id": " ", "location_t": 0, "parent_sta": "1:RANSANNF", "vehicle_ty": 3}}, {"type": "Feature", "id": 1416, "geometry": {"type": "Point", "coordinates": [-90.0406270001359, 35.2067039996899]}, "properties": {"FID": 1416, "stop_id": "0:WHIBENWM", "stop_name": "WHITINEY AVENUE at BENJESTOWN ROAD", "stop_desc": "st 1277", "stop_lat": 35.206704, "stop_lon": -90.040627, "zone_id": " ", "location_t": 0, "parent_sta": "1:WHIBENWM", "vehicle_ty": 3}}, {"type": "Feature", "id": 1417, "geometry": {"type": "Point", "coordinates": [-89.9997360003161, 35.1526119999439]}, "properties": {"FID": 1417, "stop_id": "0:NPAHAWEN", "stop_name": "NORTH PARKWAY at HAWTHORNE STREET", "stop_desc": "st 3606", "stop_lat": 35.152612, "stop_lon": -89.999736, "zone_id": " ", "location_t": 0, "parent_sta": "1:NPAHAWEN", "vehicle_ty": 3}}, {"type": "Feature", "id": 1418, "geometry": {"type": "Point", "coordinates": [-89.9944229999215, 35.152045999923]}, "properties": {"FID": 1418, "stop_id": "0:NPAUNIEM", "stop_name": "NORTH PARKWAY at UNIVERSITY STREET", "stop_desc": "st 3608", "stop_lat": 35.152046, "stop_lon": -89.994423, "zone_id": " ", "location_t": 0, "parent_sta": "1:NPAUNIEM", "vehicle_ty": 3}}, {"type": "Feature", "id": 1419, "geometry": {"type": "Point", "coordinates": [-89.9878489998314, 35.1514159996487]}, "properties": {"FID": 1419, "stop_id": "0:NPAWESEM", "stop_name": "NORTH PARKWAY at WEST DRIVE", "stop_desc": "st 3610", "stop_lat": 35.151416, "stop_lon": -89.987849, "zone_id": " ", "location_t": 0, "parent_sta": "1:NPAWESEM", "vehicle_ty": 3}}, {"type": "Feature", "id": 1420, "geometry": {"type": "Point", "coordinates": [-90.031624999594, 35.1554870003249]}, "properties": {"FID": 1420, "stop_id": "0:NPALEAWM", "stop_name": "NORTH PARKWAY at LEATH STREET", "stop_desc": "st 3560", "stop_lat": 35.155487, "stop_lon": -90.031625, "zone_id": " ", "location_t": 0, "parent_sta": "1:NPALEAWM", "vehicle_ty": 3}}, {"type": "Feature", "id": 1421, "geometry": {"type": "Point", "coordinates": [-90.0103909997448, 35.1582039997149]}, "properties": {"FID": 1421, "stop_id": "0:JACGAREN", "stop_name": "JACKSON AVENUE at GARLAND STREET", "stop_desc": "st 3898", "stop_lat": 35.158204, "stop_lon": -90.010391, "zone_id": " ", "location_t": 0, "parent_sta": "1:JACGAREN", "vehicle_ty": 3}}, {"type": "Feature", "id": 1422, "geometry": {"type": "Point", "coordinates": [-89.9851640001185, 35.2171409998573]}, "properties": {"FID": 1422, "stop_id": "0:FRAMOUWF", "stop_name": "FRAYSER BLVD at MOUNTAIN TERRACE STREET", "stop_desc": "st 1255", "stop_lat": 35.217141, "stop_lon": -89.985164, "zone_id": " ", "location_t": 0, "parent_sta": "1:FRAMOUWF", "vehicle_ty": 3}}, {"type": "Feature", "id": 1423, "geometry": {"type": "Point", "coordinates": [-89.9754789995562, 35.2187779998049]}, "properties": {"FID": 1423, "stop_id": "0:RANORMNF", "stop_name": "RANGE LINE ROAD at ORMAN AVENUE", "stop_desc": "st 1547", "stop_lat": 35.218778, "stop_lon": -89.975479, "zone_id": " ", "location_t": 0, "parent_sta": "1:RANORMNF", "vehicle_ty": 3}}, {"type": "Feature", "id": 1424, "geometry": {"type": "Point", "coordinates": [-89.975465999856, 35.2201360003762]}, "properties": {"FID": 1424, "stop_id": "0:RANFRANN", "stop_name": "RANGE LINE ROAD at FRAYSER BOULEVARD", "stop_desc": "st 1548", "stop_lat": 35.220136, "stop_lon": -89.975466, "zone_id": " ", "location_t": 0, "parent_sta": "1:RANFRANN", "vehicle_ty": 3}}, {"type": "Feature", "id": 1425, "geometry": {"type": "Point", "coordinates": [-90.0571300003492, 35.0844529999061]}, "properties": {"FID": 1425, "stop_id": "0:THIBODSN", "stop_name": "3RD STREET at BODLEY AVENUE", "stop_desc": "st 5006", "stop_lat": 35.084453, "stop_lon": -90.05713, "zone_id": " ", "location_t": 0, "parent_sta": "1:THIBODSN", "vehicle_ty": 3}}, {"type": "Feature", "id": 1426, "geometry": {"type": "Point", "coordinates": [-90.0430850001726, 35.0207799998971]}, "properties": {"FID": 1426, "stop_id": "0:SHETULEN", "stop_name": "SHELBY DRIVE at TULANE ROAD", "stop_desc": "st 5520", "stop_lat": 35.02078, "stop_lon": -90.043085, "zone_id": " ", "location_t": 0, "parent_sta": "1:SHETULEN", "vehicle_ty": 3}}, {"type": "Feature", "id": 1427, "geometry": {"type": "Point", "coordinates": [-90.0298680004079, 35.1661449998919]}, "properties": {"FID": 1427, "stop_id": "0:CHEDUNEN", "stop_name": "CHELSEA AVENUE at DUNLAP STREET", "stop_desc": "st 1630", "stop_lat": 35.166145, "stop_lon": -90.029868, "zone_id": " ", "location_t": 0, "parent_sta": "1:CHEDUNEN", "vehicle_ty": 3}}, {"type": "Feature", "id": 1428, "geometry": {"type": "Point", "coordinates": [-90.028635000205, 35.1666079996595]}, "properties": {"FID": 1428, "stop_id": "0:CHEPEAEN", "stop_name": "CHELSEA AVENUE at PEARCE STREET", "stop_desc": "st 1631", "stop_lat": 35.166608, "stop_lon": -90.028635, "zone_id": " ", "location_t": 0, "parent_sta": "1:CHEPEAEN", "vehicle_ty": 3}}, {"type": "Feature", "id": 1429, "geometry": {"type": "Point", "coordinates": [-90.0253499998026, 35.1678300002544]}, "properties": {"FID": 1429, "stop_id": "0:CHEMOREN", "stop_name": "CHELSEA AVENUE at MOREHEAD STREET", "stop_desc": "st 1633", "stop_lat": 35.16783, "stop_lon": -90.02535, "zone_id": " ", "location_t": 0, "parent_sta": "1:CHEMOREN", "vehicle_ty": 3}}, {"type": "Feature", "id": 1430, "geometry": {"type": "Point", "coordinates": [-90.0630580003264, 35.0888149996126]}, "properties": {"FID": 1430, "stop_id": "0:FLODAVSN", "stop_name": "FLORIDA STREET at WEST DAVANT AVENUE", "stop_desc": "st 4887", "stop_lat": 35.088815, "stop_lon": -90.063058, "zone_id": " ", "location_t": 0, "parent_sta": "1:FLODAVSN", "vehicle_ty": 3}}, {"type": "Feature", "id": 1431, "geometry": {"type": "Point", "coordinates": [-90.0630800004416, 35.0878049998009]}, "properties": {"FID": 1431, "stop_id": "0:FLOGAGSN", "stop_name": "FLORIDA STREET at GAGE AVENUE", "stop_desc": "st 4888", "stop_lat": 35.087805, "stop_lon": -90.06308, "zone_id": " ", "location_t": 0, "parent_sta": "1:FLOGAGSN", "vehicle_ty": 3}}, {"type": "Feature", "id": 1432, "geometry": {"type": "Point", "coordinates": [-89.9819830000154, 35.2185239997828]}, "properties": {"FID": 1432, "stop_id": "0:FRADEBEN", "stop_name": "FRAYSER BOULEVARD at DEBBY STREET", "stop_desc": "st 6875", "stop_lat": 35.218524, "stop_lon": -89.981983, "zone_id": " ", "location_t": 0, "parent_sta": "1:FRADEBEN", "vehicle_ty": 3}}, {"type": "Feature", "id": 1433, "geometry": {"type": "Point", "coordinates": [-89.9807410002969, 35.2190499997577]}, "properties": {"FID": 1433, "stop_id": "0:FRABROEM", "stop_name": "FRAYSER BOULEVARD at BROOKMEADE STREET", "stop_desc": "st 1385", "stop_lat": 35.21905, "stop_lon": -89.980741, "zone_id": " ", "location_t": 0, "parent_sta": "1:FRABROEM", "vehicle_ty": 3}}, {"type": "Feature", "id": 1434, "geometry": {"type": "Point", "coordinates": [-90.0512760001872, 35.1160639998537]}, "properties": {"FID": 1434, "stop_id": "0:FOUMCLSN", "stop_name": "4TH STREET at MCLEMORE AVENUE", "stop_desc": "st 4837", "stop_lat": 35.116064, "stop_lon": -90.051276, "zone_id": " ", "location_t": 0, "parent_sta": "1:FOUMCLSN", "vehicle_ty": 3}}, {"type": "Feature", "id": 1435, "geometry": {"type": "Point", "coordinates": [-89.9454479996255, 35.1277409996475]}, "properties": {"FID": 1435, "stop_id": "0:POPHI2EN", "stop_name": "POPLAR AVENUE at HIGHLAND STREET", "stop_desc": "st 334 (no 113)", "stop_lat": 35.127741, "stop_lon": -89.945448, "zone_id": " ", "location_t": 0, "parent_sta": "1:5502", "vehicle_ty": 3}}, {"type": "Feature", "id": 1436, "geometry": {"type": "Point", "coordinates": [-89.9369269996812, 35.0061659995613]}, "properties": {"FID": 1436, "stop_id": "0:GETHOLSN", "stop_name": "GETWELL ROAD at HOLMES ROAD", "stop_desc": "st 6936", "stop_lat": 35.006166, "stop_lon": -89.936927, "zone_id": " ", "location_t": 0, "parent_sta": "1:GETHOLSN", "vehicle_ty": 3}}, {"type": "Feature", "id": 1437, "geometry": {"type": "Point", "coordinates": [-89.9367179999357, 35.005513000025]}, "properties": {"FID": 1437, "stop_id": "0:GETHOLNN", "stop_name": "GETWELL ROAD at HOLMES ROAD", "stop_desc": "st 6946", "stop_lat": 35.005513, "stop_lon": -89.936718, "zone_id": " ", "location_t": 0, "parent_sta": "1:GETHOLNN", "vehicle_ty": 3}}, {"type": "Feature", "id": 1438, "geometry": {"type": "Point", "coordinates": [-89.9337679996934, 35.0060189999769]}, "properties": {"FID": 1438, "stop_id": "0:HOLMEMEM", "stop_name": "HOLMES ROAD at MEMPHIS OAKS DRIVE", "stop_desc": "st 2522", "stop_lat": 35.006019, "stop_lon": -89.933768, "zone_id": " ", "location_t": 0, "parent_sta": "1:HOLMEMEM", "vehicle_ty": 3}}, {"type": "Feature", "id": 1439, "geometry": {"type": "Point", "coordinates": [-89.8756850002625, 35.0504209998293]}, "properties": {"FID": 1439, "stop_id": "0:WINCLAWF", "stop_name": "WINCHESTER ROAD at CLARKE ROAD", "stop_desc": "st 1816", "stop_lat": 35.050421, "stop_lon": -89.875685, "zone_id": " ", "location_t": 0, "parent_sta": "1:WINCLAWF", "vehicle_ty": 3}}, {"type": "Feature", "id": 1440, "geometry": {"type": "Point", "coordinates": [-89.8822069997532, 35.050538999875]}, "properties": {"FID": 1440, "stop_id": "0:WINFREWN", "stop_name": "WINCHESTER ROAD at FRESHWATER ROAD", "stop_desc": "st 1817", "stop_lat": 35.050539, "stop_lon": -89.882207, "zone_id": " ", "location_t": 0, "parent_sta": "1:WINFREWN", "vehicle_ty": 3}}, {"type": "Feature", "id": 1441, "geometry": {"type": "Point", "coordinates": [-89.8834119995641, 35.0505759997826]}, "properties": {"FID": 1441, "stop_id": "0:WINFALWN", "stop_name": "WINCHESTER ROAD at FALL RIVER DRIVE", "stop_desc": "st 6422", "stop_lat": 35.050576, "stop_lon": -89.883412, "zone_id": " ", "location_t": 0, "parent_sta": "1:WINFALWN", "vehicle_ty": 3}}, {"type": "Feature", "id": 1442, "geometry": {"type": "Point", "coordinates": [-89.9917079997244, 35.0567670001969]}, "properties": {"FID": 1442, "stop_id": "0:AIRWINSM", "stop_name": "AIRWAYS BOULEVARD at WINCHESTER ROAD", "stop_desc": "st 5305", "stop_lat": 35.056767, "stop_lon": -89.991708, "zone_id": " ", "location_t": 0, "parent_sta": "1:AIRWINSM", "vehicle_ty": 3}}, {"type": "Feature", "id": 1443, "geometry": {"type": "Point", "coordinates": [-89.9900980001225, 35.0532089997956]}, "properties": {"FID": 1443, "stop_id": "0:WINHOLEN", "stop_name": "WINCHESTER ROAD at HOLLY CIRCLE", "stop_desc": "st 1752", "stop_lat": 35.053209, "stop_lon": -89.990098, "zone_id": " ", "location_t": 0, "parent_sta": "1:WINHOLEN", "vehicle_ty": 3}}, {"type": "Feature", "id": 1444, "geometry": {"type": "Point", "coordinates": [-89.9667279997973, 35.0525829997057]}, "properties": {"FID": 1444, "stop_id": "0:WINSWIEM", "stop_name": "WINCHESTER ROAD at SWINNEA ROAD", "stop_desc": "st 1754", "stop_lat": 35.052583, "stop_lon": -89.966728, "zone_id": " ", "location_t": 0, "parent_sta": "1:WINSWIEM", "vehicle_ty": 3}}, {"type": "Feature", "id": 1445, "geometry": {"type": "Point", "coordinates": [-89.9637770004082, 35.052463999614]}, "properties": {"FID": 1445, "stop_id": "0:WINNANEF", "stop_name": "WINCHESTER ROAD at NANCY ROAD", "stop_desc": "st 1755", "stop_lat": 35.052464, "stop_lon": -89.963777, "zone_id": " ", "location_t": 0, "parent_sta": "1:WINNANEF", "vehicle_ty": 3}}, {"type": "Feature", "id": 1446, "geometry": {"type": "Point", "coordinates": [-89.9597200003777, 35.0523440003753]}, "properties": {"FID": 1446, "stop_id": "0:WINBISEN", "stop_name": "WINCHESTER ROAD at BISHOPS BRIDGE ROAD", "stop_desc": "st 1756", "stop_lat": 35.052344, "stop_lon": -89.95972, "zone_id": " ", "location_t": 0, "parent_sta": "1:WINBISEN", "vehicle_ty": 3}}, {"type": "Feature", "id": 1447, "geometry": {"type": "Point", "coordinates": [-89.9549200002577, 35.0463510000986]}, "properties": {"FID": 1447, "stop_id": "0:TCHEARSM", "stop_name": "TCHULAHOMA ROAD at EARLS COURT ROAD", "stop_desc": "st 2549", "stop_lat": 35.046351, "stop_lon": -89.95492, "zone_id": " ", "location_t": 0, "parent_sta": "1:TCHEARSM", "vehicle_ty": 3}}, {"type": "Feature", "id": 1448, "geometry": {"type": "Point", "coordinates": [-89.9549340000041, 35.0443129996453]}, "properties": {"FID": 1448, "stop_id": "0:TCHKENSN", "stop_name": "TCHULAHOMA ROAD at KENLAND DRIVE", "stop_desc": "st 2550", "stop_lat": 35.044313, "stop_lon": -89.954934, "zone_id": " ", "location_t": 0, "parent_sta": "1:TCHKENSN", "vehicle_ty": 3}}, {"type": "Feature", "id": 1449, "geometry": {"type": "Point", "coordinates": [-89.890571999698, 35.1514870002249]}, "properties": {"FID": 1449, "stop_id": "0:SUMOLSSF", "stop_name": "SUMMER AVENUE at OLD SUMMER ROAD", "stop_desc": "st 4051", "stop_lat": 35.151487, "stop_lon": -89.890572, "zone_id": " ", "location_t": 0, "parent_sta": "1:SUMOLSSF", "vehicle_ty": 3}}, {"type": "Feature", "id": 1450, "geometry": {"type": "Point", "coordinates": [-89.8939639996389, 35.1496239997479]}, "properties": {"FID": 1450, "stop_id": "0:SUMBARWF", "stop_name": "SUMMER AVENUE at BARTLETT ROAD", "stop_desc": "st 4052", "stop_lat": 35.149624, "stop_lon": -89.893964, "zone_id": " ", "location_t": 0, "parent_sta": "1:SUMBARWF", "vehicle_ty": 3}}, {"type": "Feature", "id": 1451, "geometry": {"type": "Point", "coordinates": [-89.9567059998819, 35.0947570002354]}, "properties": {"FID": 1451, "stop_id": "0:KIMCATEN", "stop_name": "KIMBALL AVENUE at CATHERINE STREET", "stop_desc": "st 4177", "stop_lat": 35.094757, "stop_lon": -89.956706, "zone_id": " ", "location_t": 0, "parent_sta": "1:KIMCATEN", "vehicle_ty": 3}}, {"type": "Feature", "id": 1452, "geometry": {"type": "Point", "coordinates": [-90.1176040003243, 35.0496690002242]}, "properties": {"FID": 1452, "stop_id": "0:FIESEWWF", "stop_name": "FIELDS ROAD at SEWANEE ROAD", "stop_desc": "st 6080", "stop_lat": 35.049669, "stop_lon": -90.117604, "zone_id": " ", "location_t": 0, "parent_sta": "1:FIESEWWF", "vehicle_ty": 3}}, {"type": "Feature", "id": 1453, "geometry": {"type": "Point", "coordinates": [-89.9055889997325, 35.0654719996331]}, "properties": {"FID": 1453, "stop_id": "0:PERALONN", "stop_name": "PERKINS ROAD at ALOHA AVENUE", "stop_desc": "st 6643", "stop_lat": 35.065472, "stop_lon": -89.905589, "zone_id": " ", "location_t": 0, "parent_sta": "1:PERALONN", "vehicle_ty": 3}}, {"type": "Feature", "id": 1454, "geometry": {"type": "Point", "coordinates": [-89.9054820001941, 35.0691629998726]}, "properties": {"FID": 1454, "stop_id": "0:PERCOTNN", "stop_name": "PERKINS ROAD at COTTONWOOD ROAD", "stop_desc": "st 6644", "stop_lat": 35.069163, "stop_lon": -89.905482, "zone_id": " ", "location_t": 0, "parent_sta": "1:PERCOTNN", "vehicle_ty": 3}}, {"type": "Feature", "id": 1455, "geometry": {"type": "Point", "coordinates": [-90.0521740002299, 35.110384999668]}, "properties": {"FID": 1455, "stop_id": "0:LATEOLSN", "stop_name": "LATHAM STREET at EAST OLIVE AVENUE", "stop_desc": "st 4841", "stop_lat": 35.110385, "stop_lon": -90.052174, "zone_id": " ", "location_t": 0, "parent_sta": "1:LATEOLSN", "vehicle_ty": 3}}, {"type": "Feature", "id": 1456, "geometry": {"type": "Point", "coordinates": [-90.0516670002318, 35.1069660002807]}, "properties": {"FID": 1456, "stop_id": "0:LATSPASF", "stop_name": "LATHAM STREET at SOUTH PARKWAY", "stop_desc": "st 5077", "stop_lat": 35.106966, "stop_lon": -90.051667, "zone_id": " ", "location_t": 0, "parent_sta": "1:LATSPASF", "vehicle_ty": 3}}, {"type": "Feature", "id": 1457, "geometry": {"type": "Point", "coordinates": [-90.0513190003715, 35.1054010000561]}, "properties": {"FID": 1457, "stop_id": "0:WALLATEF", "stop_name": "WALDORF AVENUE at LATHAM STREET", "stop_desc": "st 5079", "stop_lat": 35.105401, "stop_lon": -90.051319, "zone_id": " ", "location_t": 0, "parent_sta": "1:WALLATEF", "vehicle_ty": 3}}, {"type": "Feature", "id": 1458, "geometry": {"type": "Point", "coordinates": [-89.9143029995838, 35.2068910002195]}, "properties": {"FID": 1458, "stop_id": "0:COLMAGNN", "stop_name": "COLEMAN ROAD at MAGEVNEY STREET", "stop_desc": "st 1130", "stop_lat": 35.206891, "stop_lon": -89.914303, "zone_id": " ", "location_t": 0, "parent_sta": "1:COLMAGNN", "vehicle_ty": 3}}, {"type": "Feature", "id": 1459, "geometry": {"type": "Point", "coordinates": [-89.9145740003898, 35.2096699997707]}, "properties": {"FID": 1459, "stop_id": "0:COLPRINN", "stop_name": "COLEMAN ROAD at PRISCILLA AVENUE", "stop_desc": "st 1131", "stop_lat": 35.20967, "stop_lon": -89.914574, "zone_id": " ", "location_t": 0, "parent_sta": "1:COLPRINN", "vehicle_ty": 3}}, {"type": "Feature", "id": 1460, "geometry": {"type": "Point", "coordinates": [-89.9160079999692, 35.2131300001494]}, "properties": {"FID": 1460, "stop_id": "0:COLAUSSF", "stop_name": "COLEMAN ROAD at AUSTIN PEAY HWY", "stop_desc": "st 1133", "stop_lat": 35.21313, "stop_lon": -89.916008, "zone_id": " ", "location_t": 0, "parent_sta": "1:COLAUSSF", "vehicle_ty": 3}}, {"type": "Feature", "id": 1461, "geometry": {"type": "Point", "coordinates": [-89.8880510003534, 35.2063880004059]}, "properties": {"FID": 1461, "stop_id": "0:STALYNWN", "stop_name": "STAGE ROAD at LYNCHBURG STREET", "stop_desc": "st 988", "stop_lat": 35.206388, "stop_lon": -89.888051, "zone_id": " ", "location_t": 0, "parent_sta": "1:STALYNWN", "vehicle_ty": 3}}, {"type": "Feature", "id": 1462, "geometry": {"type": "Point", "coordinates": [-89.8043979998678, 35.0493879998564]}, "properties": {"FID": 1462, "stop_id": "0:WINCEMWF", "stop_name": "WINCHESTER ROAD at CENTENNIAL DRIVE", "stop_desc": "st 1799", "stop_lat": 35.049388, "stop_lon": -89.804398, "zone_id": " ", "location_t": 0, "parent_sta": "1:WINCEMWF", "vehicle_ty": 3}}, {"type": "Feature", "id": 1463, "geometry": {"type": "Point", "coordinates": [-89.8137339996243, 35.050660000059]}, "properties": {"FID": 1463, "stop_id": "0:WINGERWF", "stop_name": "WINCHESTER ROAD at GERMANTOWN PARKWAY", "stop_desc": "st 1800", "stop_lat": 35.05066, "stop_lon": -89.813734, "zone_id": " ", "location_t": 0, "parent_sta": "1:WINGERWF", "vehicle_ty": 3}}, {"type": "Feature", "id": 1464, "geometry": {"type": "Point", "coordinates": [-89.8179259995852, 35.0502039997149]}, "properties": {"FID": 1464, "stop_id": "0:WINQUIWN", "stop_name": "WINCHESTER ROAD at QUINCE ROAD", "stop_desc": "st 6985", "stop_lat": 35.050204, "stop_lon": -89.817926, "zone_id": " ", "location_t": 0, "parent_sta": "1:WINQUIWN", "vehicle_ty": 3}}, {"type": "Feature", "id": 1465, "geometry": {"type": "Point", "coordinates": [-89.8216660002856, 35.0490949998344]}, "properties": {"FID": 1465, "stop_id": "0:WINRIVWM", "stop_name": "WINCHESTER ROAD at RIVERDALE BEND DRIVE", "stop_desc": "st 1801", "stop_lat": 35.049095, "stop_lon": -89.821666, "zone_id": " ", "location_t": 0, "parent_sta": "1:WINRIVWM", "vehicle_ty": 3}}, {"type": "Feature", "id": 1466, "geometry": {"type": "Point", "coordinates": [-89.8279660003306, 35.0492149999723]}, "properties": {"FID": 1466, "stop_id": "0:WINMALWM", "stop_name": "WINCHESTER ROAD at MALCO WAY", "stop_desc": "st 1802", "stop_lat": 35.049215, "stop_lon": -89.827966, "zone_id": " ", "location_t": 0, "parent_sta": "1:WINMALWM", "vehicle_ty": 3}}, {"type": "Feature", "id": 1467, "geometry": {"type": "Point", "coordinates": [-89.9755910002244, 35.1730160001883]}, "properties": {"FID": 1467, "stop_id": "0:HOLGOLSN", "stop_name": "HOLLYWOOD STREET at GOLDEN AVENUE", "stop_desc": "st 3657", "stop_lat": 35.173016, "stop_lon": -89.975591, "zone_id": " ", "location_t": 0, "parent_sta": "1:HOLGOLSN", "vehicle_ty": 3}}, {"type": "Feature", "id": 1468, "geometry": {"type": "Point", "coordinates": [-89.9757169997397, 35.1691279998574]}, "properties": {"FID": 1468, "stop_id": "0:HOLSHASN", "stop_name": "HOLLYWOOD STREET at SHA AVENUE", "stop_desc": "st 3658", "stop_lat": 35.169128, "stop_lon": -89.975717, "zone_id": " ", "location_t": 0, "parent_sta": "1:HOLSHASN", "vehicle_ty": 3}}, {"type": "Feature", "id": 1469, "geometry": {"type": "Point", "coordinates": [-89.9757189998319, 35.1672519996801]}, "properties": {"FID": 1469, "stop_id": "0:HOLVANSF", "stop_name": "HOLLYWOOD STREET at VANDALE AVENUE", "stop_desc": "st 3659", "stop_lat": 35.167252, "stop_lon": -89.975719, "zone_id": " ", "location_t": 0, "parent_sta": "1:HOLVANSF", "vehicle_ty": 3}}, {"type": "Feature", "id": 1470, "geometry": {"type": "Point", "coordinates": [-89.9757759997626, 35.1658840004463]}, "properties": {"FID": 1470, "stop_id": "0:HOLSTASN", "stop_name": "HOLLYWOOD STREET at STATEN AVENUE", "stop_desc": "st 3660", "stop_lat": 35.165884, "stop_lon": -89.975776, "zone_id": " ", "location_t": 0, "parent_sta": "1:HOLSTASN", "vehicle_ty": 3}}, {"type": "Feature", "id": 1471, "geometry": {"type": "Point", "coordinates": [-89.975810999578, 35.1650180000807]}, "properties": {"FID": 1471, "stop_id": "0:HOLDEVSN", "stop_name": "HOLLYWOOD STREET at DEVOY AVENUE", "stop_desc": "st 3661", "stop_lat": 35.165018, "stop_lon": -89.975811, "zone_id": " ", "location_t": 0, "parent_sta": "1:HOLDEVSN", "vehicle_ty": 3}}, {"type": "Feature", "id": 1472, "geometry": {"type": "Point", "coordinates": [-89.9758460002926, 35.163320000018]}, "properties": {"FID": 1472, "stop_id": "0:HOLVOLSN", "stop_name": "HOLLYWOOD STREET at VOLLINTINE AVENUE", "stop_desc": "st 3662", "stop_lat": 35.16332, "stop_lon": -89.975846, "zone_id": " ", "location_t": 0, "parent_sta": "1:HOLVOLSN", "vehicle_ty": 3}}, {"type": "Feature", "id": 1473, "geometry": {"type": "Point", "coordinates": [-89.9759030002232, 35.1617559998396]}, "properties": {"FID": 1473, "stop_id": "0:HOLDANSF", "stop_name": "HOLLYWOOD STREET at DANA DRIVE", "stop_desc": "st 3663", "stop_lat": 35.161756, "stop_lon": -89.975903, "zone_id": " ", "location_t": 0, "parent_sta": "1:HOLDANSF", "vehicle_ty": 3}}, {"type": "Feature", "id": 1474, "geometry": {"type": "Point", "coordinates": [-89.976084999623, 35.1581459997382]}, "properties": {"FID": 1474, "stop_id": "0:HOLJACSN", "stop_name": "HOLLYWOOD STREET at JACKSON AVENUE", "stop_desc": "st 239", "stop_lat": 35.158146, "stop_lon": -89.976085, "zone_id": " ", "location_t": 0, "parent_sta": "1:HOLJACSN", "vehicle_ty": 3}}, {"type": "Feature", "id": 1475, "geometry": {"type": "Point", "coordinates": [-89.9728970000965, 35.1578480003849]}, "properties": {"FID": 1475, "stop_id": "0:JACCOLEN", "stop_name": "JACKSON AVENUE at COLUMBIA STREET", "stop_desc": "st 3918", "stop_lat": 35.157848, "stop_lon": -89.972897, "zone_id": " ", "location_t": 0, "parent_sta": "1:JACCOLEN", "vehicle_ty": 3}}, {"type": "Feature", "id": 1476, "geometry": {"type": "Point", "coordinates": [-90.1197159996936, 35.0496320003166]}, "properties": {"FID": 1476, "stop_id": "0:FIEPINWF", "stop_name": "FIELDS ROAD at PINKE ROAD", "stop_desc": "st 6081", "stop_lat": 35.049632, "stop_lon": -90.119716, "zone_id": " ", "location_t": 0, "parent_sta": "1:FIEPINWF", "vehicle_ty": 3}}, {"type": "Feature", "id": 1477, "geometry": {"type": "Point", "coordinates": [-90.1209099998965, 35.0496229999016]}, "properties": {"FID": 1477, "stop_id": "0:FIEBEVWM", "stop_name": "FIELDS ROAD at BEVERLY TERRACE DRIVE", "stop_desc": "st 6082", "stop_lat": 35.049623, "stop_lon": -90.12091, "zone_id": " ", "location_t": 0, "parent_sta": "1:FIEBEVWM", "vehicle_ty": 3}}, {"type": "Feature", "id": 1478, "geometry": {"type": "Point", "coordinates": [-90.1247210002739, 35.0468060003967]}, "properties": {"FID": 1478, "stop_id": "0:BOXBOXSM", "stop_name": "BOXTOWN ROAD at EAST BOXTOWN ROAD", "stop_desc": "st 6085", "stop_lat": 35.046806, "stop_lon": -90.124721, "zone_id": " ", "location_t": 0, "parent_sta": "1:BOXBOXSM", "vehicle_ty": 3}}, {"type": "Feature", "id": 1479, "geometry": {"type": "Point", "coordinates": [-90.1246539998821, 35.0449290001733]}, "properties": {"FID": 1479, "stop_id": "0:BOXSEWSM", "stop_name": "BOXTOWN ROAD at SEWANEE ROAD", "stop_desc": "st 6086", "stop_lat": 35.044929, "stop_lon": -90.124654, "zone_id": " ", "location_t": 0, "parent_sta": "1:BOXSEWSM", "vehicle_ty": 3}}, {"type": "Feature", "id": 1480, "geometry": {"type": "Point", "coordinates": [-90.0454729996791, 35.1563390000449]}, "properties": {"FID": 1480, "stop_id": "0:AUCTHIEF", "stop_name": "AW WILLIS AVENUE at 3RD STREET", "stop_desc": "st 6986", "stop_lat": 35.156339, "stop_lon": -90.045473, "zone_id": " ", "location_t": 0, "parent_sta": "1:AUCTHIEF", "vehicle_ty": 3}}, {"type": "Feature", "id": 1481, "geometry": {"type": "Point", "coordinates": [-90.0440749999613, 35.1323530000909]}, "properties": {"FID": 1481, "stop_id": "0:LAUSTPSN", "stop_name": "LAUDERDALE STREET at SAINT PAUL AVENUE", "stop_desc": "st 4399", "stop_lat": 35.132353, "stop_lon": -90.044075, "zone_id": " ", "location_t": 0, "parent_sta": "1:LAUSTPSN", "vehicle_ty": 3}}, {"type": "Feature", "id": 1482, "geometry": {"type": "Point", "coordinates": [-89.8966660001358, 35.1488599995894]}, "properties": {"FID": 1482, "stop_id": "0:SUMMENWN", "stop_name": "SUMMER AVENUE at MENDENHALL ROAD", "stop_desc": "st 4053 (no 1097)", "stop_lat": 35.14886, "stop_lon": -89.896666, "zone_id": " ", "location_t": 0, "parent_sta": "1:4053", "vehicle_ty": 3}}, {"type": "Feature", "id": 1483, "geometry": {"type": "Point", "coordinates": [-90.0307040002893, 35.1155660002707]}, "properties": {"FID": 1483, "stop_id": "0:MCLCOLWN", "stop_name": "MCLEMORE AVENUE at COLLEGE STREET", "stop_desc": "st 48 (no 28)", "stop_lat": 35.115566, "stop_lon": -90.030704, "zone_id": " ", "location_t": 0, "parent_sta": "1:402", "vehicle_ty": 3}}, {"type": "Feature", "id": 1484, "geometry": {"type": "Point", "coordinates": [-89.9069909996349, 35.0510580004265]}, "properties": {"FID": 1484, "stop_id": "0:WINPEREF", "stop_name": "WINCHESTER ROAD at PERKINS ROAD", "stop_desc": "st 6650 (no 1178)", "stop_lat": 35.051058, "stop_lon": -89.906991, "zone_id": " ", "location_t": 0, "parent_sta": "1:1772", "vehicle_ty": 3}}, {"type": "Feature", "id": 1485, "geometry": {"type": "Point", "coordinates": [-90.0306379999437, 35.115458999833]}, "properties": {"FID": 1485, "stop_id": "0:MCLCOLEN", "stop_name": "MCLEMORE AVENUE at COLLEGE STREET", "stop_desc": "st 55 (no 28)", "stop_lat": 35.115459, "stop_lon": -90.030638, "zone_id": " ", "location_t": 0, "parent_sta": "1:402", "vehicle_ty": 3}}, {"type": "Feature", "id": 1486, "geometry": {"type": "Point", "coordinates": [-90.0471990001337, 35.1592799998721]}, "properties": {"FID": 1486, "stop_id": "0:ST5", "stop_name": "Sta 5 Trolley", "stop_desc": "ga 3", "stop_lat": 35.15928, "stop_lon": -90.047199, "zone_id": " ", "location_t": 0, "parent_sta": "1:ST5", "vehicle_ty": 3}}, {"type": "Feature", "id": 1487, "geometry": {"type": "Point", "coordinates": [-89.9610190000268, 35.1607850000278]}, "properties": {"FID": 1487, "stop_id": "0:JACWARSM", "stop_name": "JACKSON AVENUE at WARFORD STREET", "stop_desc": "st 3739", "stop_lat": 35.160785, "stop_lon": -89.961019, "zone_id": " ", "location_t": 0, "parent_sta": "1:JACWARSM", "vehicle_ty": 3}}, {"type": "Feature", "id": 1488, "geometry": {"type": "Point", "coordinates": [-89.9623120002985, 35.1603260004446]}, "properties": {"FID": 1488, "stop_id": "0:JACWARSN", "stop_name": "JACKSON AVENUE at WARFORD STREET", "stop_desc": "st 3740", "stop_lat": 35.160326, "stop_lon": -89.962312, "zone_id": " ", "location_t": 0, "parent_sta": "1:JACWARSN", "vehicle_ty": 3}}, {"type": "Feature", "id": 1489, "geometry": {"type": "Point", "coordinates": [-89.9712580000566, 35.1582399995764]}, "properties": {"FID": 1489, "stop_id": "0:JACBINWN", "stop_name": "JACKSON AVENUE at BINGHAM STREET", "stop_desc": "st 3741", "stop_lat": 35.15824, "stop_lon": -89.971258, "zone_id": " ", "location_t": 0, "parent_sta": "1:JACBINWN", "vehicle_ty": 3}}, {"type": "Feature", "id": 1490, "geometry": {"type": "Point", "coordinates": [-89.9735280004169, 35.1580899998536]}, "properties": {"FID": 1490, "stop_id": "0:JACMERWM", "stop_name": "JACKSON AVENUE at MERTON STREET", "stop_desc": "st 3742", "stop_lat": 35.15809, "stop_lon": -89.973528, "zone_id": " ", "location_t": 0, "parent_sta": "1:JACMERWM", "vehicle_ty": 3}}, {"type": "Feature", "id": 1491, "geometry": {"type": "Point", "coordinates": [-90.0842079998993, 35.0475590000478]}, "properties": {"FID": 1491, "stop_id": "0:MOCBLAEF", "stop_name": "MOCCASIN DRIVE at BLACKHAWK DRIVE", "stop_desc": "st 6137", "stop_lat": 35.047559, "stop_lon": -90.084208, "zone_id": " ", "location_t": 0, "parent_sta": "1:MOCBLAEF", "vehicle_ty": 3}}, {"type": "Feature", "id": 1492, "geometry": {"type": "Point", "coordinates": [-90.0542879996914, 35.1415509997789]}, "properties": {"FID": 1492, "stop_id": "0:PEATRONB", "stop_name": "PEABODY PLACE at MAIN STREET", "stop_desc": "st 6184", "stop_lat": 35.141551, "stop_lon": -90.054288, "zone_id": " ", "location_t": 0, "parent_sta": "1:PEATRONB", "vehicle_ty": 3}}, {"type": "Feature", "id": 1493, "geometry": {"type": "Point", "coordinates": [-90.0755980003474, 35.060232999953]}, "properties": {"FID": 1493, "stop_id": "0:ROCKINSN", "stop_name": "ROCHESTER ROAD at KING AVENUE", "stop_desc": "st 5894", "stop_lat": 35.060233, "stop_lon": -90.075598, "zone_id": " ", "location_t": 0, "parent_sta": "1:ROCKINSN", "vehicle_ty": 3}}, {"type": "Feature", "id": 1494, "geometry": {"type": "Point", "coordinates": [-90.0756419996785, 35.0589730003038]}, "properties": {"FID": 1494, "stop_id": "0:ROCJENSM", "stop_name": "ROCHESTER ROAD at JENSON ROAD", "stop_desc": "st 5895", "stop_lat": 35.058973, "stop_lon": -90.075642, "zone_id": " ", "location_t": 0, "parent_sta": "1:ROCJENSM", "vehicle_ty": 3}}, {"type": "Feature", "id": 1495, "geometry": {"type": "Point", "coordinates": [-90.0757080000241, 35.0577850003775]}, "properties": {"FID": 1495, "stop_id": "0:ROCJENSN", "stop_name": "ROCHESTER ROAD at JENSON ROAD", "stop_desc": "st 5896", "stop_lat": 35.057785, "stop_lon": -90.075708, "zone_id": " ", "location_t": 0, "parent_sta": "1:ROCJENSN", "vehicle_ty": 3}}, {"type": "Feature", "id": 1496, "geometry": {"type": "Point", "coordinates": [-89.8630260001498, 35.0348209998893]}, "properties": {"FID": 1496, "stop_id": "0:RAIHICEN", "stop_name": "RAINES ROAD at HICKORY GROVE ROAD", "stop_desc": "st 7210", "stop_lat": 35.034821, "stop_lon": -89.863026, "zone_id": " ", "location_t": 0, "parent_sta": "1:RAIHICEN", "vehicle_ty": 3}}, {"type": "Feature", "id": 1497, "geometry": {"type": "Point", "coordinates": [-89.8303869995603, 35.0455829997557]}, "properties": {"FID": 1497, "stop_id": "0:RIVSTANN", "stop_name": "RIVERDALE ROAD at STARKENBURG LANE", "stop_desc": "st 7222", "stop_lat": 35.045583, "stop_lon": -89.830387, "zone_id": " ", "location_t": 0, "parent_sta": "1:RIVSTANN", "vehicle_ty": 3}}, {"type": "Feature", "id": 1498, "geometry": {"type": "Point", "coordinates": [-90.0701920001607, 35.0667490000664]}, "properties": {"FID": 1498, "stop_id": "0:PEEOLDWN", "stop_name": "PEEBLES ROAD at HORN LAKE ROAD", "stop_desc": "st 5806", "stop_lat": 35.066749, "stop_lon": -90.070192, "zone_id": " ", "location_t": 0, "parent_sta": "1:PEEOLDWN", "vehicle_ty": 3}}, {"type": "Feature", "id": 1499, "geometry": {"type": "Point", "coordinates": [-90.0732210004488, 35.0668290001583]}, "properties": {"FID": 1499, "stop_id": "0:PEEROCWN", "stop_name": "PEEBLES ROAD at ROCHESTER ROAD", "stop_desc": "st 5807", "stop_lat": 35.066829, "stop_lon": -90.073221, "zone_id": " ", "location_t": 0, "parent_sta": "1:PEEROCWN", "vehicle_ty": 3}}, {"type": "Feature", "id": 1500, "geometry": {"type": "Point", "coordinates": [-90.074714000051, 35.0668559996047]}, "properties": {"FID": 1500, "stop_id": "0:PEEROCWF", "stop_name": "PEEBLES ROAD at ROCHESTER ROAD", "stop_desc": "st 5808", "stop_lat": 35.066856, "stop_lon": -90.074714, "zone_id": " ", "location_t": 0, "parent_sta": "1:PEEROCWF", "vehicle_ty": 3}}]}