{"type": "FeatureCollection", "features": [{"type": "Feature", "geometry": {"type": "Point", "coordinates": [-97.60027910880476, 35.485703916656036]}, "properties": {"Facility_Name": "E.B. Jeffrey Park Sprayground"}}, {"type": "Feature", "geometry": {"type": "Point", "coordinates": [-97.55204181017905, 35.41935069155142]}, "properties": {"Facility_Name": "Youngs Park Sprayground"}}, {"type": "Feature", "geometry": {"type": "Point", "coordinates": [-97.50127489881562, 35.47130011689852]}, "properties": {"Facility_Name": "Henrietta B. Foster Indoor Pool"}}, {"type": "Feature", "geometry": {"type": "Point", "coordinates": [-97.56948498023203, 35.352504133081844]}, "properties": {"Facility_Name": "Earlywine Aquatic Center"}}, {"type": "Feature", "geometry": {"type": "Point", "coordinates": [-97.50257190455284, 35.40042946044551]}, "properties": {"Facility_Name": "McCracken Sprayground"}}, {"type": "Feature", "geometry": {"type": "Point", "coordinates": [-97.51835506715797, 35.55476866711902]}, "properties": {"Facility_Name": "North Highland Park Sprayground"}}, {"type": "Feature", "geometry": {"type": "Point", "coordinates": [-97.58132808464411, 35.50252248017452]}, "properties": {"Facility_Name": "Will Rogers Park Aquatic Center"}}, {"type": "Feature", "geometry": {"type": "Point", "coordinates": [-97.51213395316958, 35.46625819775542]}, "properties": {"Facility_Name": "Canal Interactive Fountain "}}, {"type": "Feature", "geometry": {"type": "Point", "coordinates": [-97.48899432466659, 35.50370138428876]}, "properties": {"Facility_Name": "Northeast Center Park Pool"}}, {"type": "Feature", "geometry": {"type": "Point", "coordinates": [-97.56811265983927, 35.43209280864575]}, "properties": {"Facility_Name": "Woodson Park Woodson Pool"}}, {"type": "Feature", "geometry": {"type": "Point", "coordinates": [-97.52615671410337, 35.410397972010294]}, "properties": {"Facility_Name": "Lippert Park Sprayground"}}, {"type": "Feature", "geometry": {"type": "Point", "coordinates": [-97.50161231848628, 35.44083498896518]}, "properties": {"Facility_Name": "H.C. Schilling Park Sprayground"}}, {"type": "Feature", "geometry": {"type": "Point", "coordinates": [-97.53598611019741, 35.396079516657586]}, "properties": {"Facility_Name": "Taylor Park Sprayground"}}, {"type": "Feature", "geometry": {"type": "Point", "coordinates": [-97.55838068662075, 35.38324074698954]}, "properties": {"Facility_Name": "E.M. Sellers Park Sprayground"}}, {"type": "Feature", "geometry": {"type": "Point", "coordinates": [-97.55288089687926, 35.58867523533329]}, "properties": {"Facility_Name": "Louis A. Macklanburg Sprayground"}}, {"type": "Feature", "geometry": {"type": "Point", "coordinates": [-97.47227616619253, 35.47757425845108]}, "properties": {"Facility_Name": "Douglass Sprayground"}}, {"type": "Feature", "geometry": {"type": "Point", "coordinates": [-97.53236749199573, 35.50664022103844]}, "properties": {"Facility_Name": "Memorial Park Spraygound"}}, {"type": "Feature", "geometry": {"type": "Point", "coordinates": [-97.5356596748798, 35.481806048470645]}, "properties": {"Facility_Name": "McKinley Park Sprayground"}}, {"type": "Feature", "geometry": {"type": "Point", "coordinates": [-97.51799826664941, 35.44640605993359]}, "properties": {"Facility_Name": "Wiley Post Sprayground"}}, {"type": "Feature", "geometry": {"type": "Point", "coordinates": [-97.65042185520991, 35.47094457272565]}, "properties": {"Facility_Name": "Melrose Park Sprayground"}}, {"type": "Feature", "geometry": {"type": "Point", "coordinates": [-97.66185469036773, 35.5760762803363]}, "properties": {"Facility_Name": "Harvest Hills Sprayground"}}, {"type": "Feature", "geometry": {"type": "Point", "coordinates": [-97.56665034522669, 35.481938789556885]}, "properties": {"Facility_Name": "Reed Park Sprayground"}}, {"type": "Feature", "geometry": {"type": "Point", "coordinates": [-97.30860027939424, 35.50699992304206]}, "properties": {"Facility_Name": "Minnis Lakeview Park Sprayground"}}, {"type": "Feature", "geometry": {"type": "Point", "coordinates": [-97.52550913938599, 35.56890180281697]}, "properties": {"Facility_Name": "Burton/Britton Park Playground(South)"}}, {"type": "Feature", "geometry": {"type": "Point", "coordinates": [-97.61424305755415, 35.554689268008005]}, "properties": {"Facility_Name": "Lakeshore Estates Park Playground"}}, {"type": "Feature", "geometry": {"type": "Point", "coordinates": [-97.52674523167427, 35.41018304554602]}, "properties": {"Facility_Name": "Lippert Park Playground"}}, {"type": "Feature", "geometry": {"type": "Point", "coordinates": [-97.55418207805378, 35.468827769928225]}, "properties": {"Facility_Name": "Mark Twain Park Playground"}}, {"type": "Feature", "geometry": {"type": "Point", "coordinates": [-97.56442762136527, 35.4306209423226]}, "properties": {"Facility_Name": "May Park Playground"}}, {"type": "Feature", "geometry": {"type": "Point", "coordinates": [-97.57101950895223, 35.544131743145314]}, "properties": {"Facility_Name": "Mayview Park Playground"}}, {"type": "Feature", "geometry": {"type": "Point", "coordinates": [-97.56717728440906, 35.48202213706449]}, "properties": {"Facility_Name": "Reed Park Playground"}}, {"type": "Feature", "geometry": {"type": "Point", "coordinates": [-97.50237017682184, 35.440073542961386]}, "properties": {"Facility_Name": "H.C. Schilling Park Playground"}}, {"type": "Feature", "geometry": {"type": "Point", "coordinates": [-97.56120554251068, 35.53520045160136]}, "properties": {"Facility_Name": "Belle Isle Park Playground"}}, {"type": "Feature", "geometry": {"type": "Point", "coordinates": [-97.37706516580072, 35.36522230604575]}, "properties": {"Facility_Name": "Lake Stanley Draper Children's Playground"}}, {"type": "Feature", "geometry": {"type": "Point", "coordinates": [-97.51789511548805, 35.55477385610035]}, "properties": {"Facility_Name": "North Highland Park Playground"}}, {"type": "Feature", "geometry": {"type": "Point", "coordinates": [-97.50631464207177, 35.537252004012906]}, "properties": {"Facility_Name": "Dolphin Wharton Playground"}}, {"type": "Feature", "geometry": {"type": "Point", "coordinates": [-97.4683494334785, 35.452728174942386]}, "properties": {"Facility_Name": "Bob Akers Park Playground"}}, {"type": "Feature", "geometry": {"type": "Point", "coordinates": [-97.52460427754579, 35.372264490952766]}, "properties": {"Facility_Name": "Brookwood Park Playground"}}, {"type": "Feature", "geometry": {"type": "Point", "coordinates": [-97.52274071297197, 35.51776011614623]}, "properties": {"Facility_Name": "Douglas Park Playground"}}, {"type": "Feature", "geometry": {"type": "Point", "coordinates": [-97.47179069208134, 35.477092702920935]}, "properties": {"Facility_Name": "Douglass Park Playground"}}, {"type": "Feature", "geometry": {"type": "Point", "coordinates": [-97.51397946479784, 35.427323443032165]}, "properties": {"Facility_Name": "Draper Park (Capitol Hill) Playground"}}, {"type": "Feature", "geometry": {"type": "Point", "coordinates": [-97.60029931646142, 35.48531080226717]}, "properties": {"Facility_Name": "E.B. Jeffrey Park Playground"}}, {"type": "Feature", "geometry": {"type": "Point", "coordinates": [-97.4876238033926, 35.521059506904116]}, "properties": {"Facility_Name": "E.W. Perry Park Playground"}}, {"type": "Feature", "geometry": {"type": "Point", "coordinates": [-97.56981122276204, 35.35080393286299]}, "properties": {"Facility_Name": "Earlywine Park Playground"}}, {"type": "Feature", "geometry": {"type": "Point", "coordinates": [-97.51845568949985, 35.504292844623805]}, "properties": {"Facility_Name": "Edgemere Park Playground"}}, {"type": "Feature", "geometry": {"type": "Point", "coordinates": [-97.46153690684419, 35.48281103221961]}, "properties": {"Facility_Name": "Edwards Park Playground"}}, {"type": "Feature", "geometry": {"type": "Point", "coordinates": [-97.5362756644414, 35.519123943496545]}, "properties": {"Facility_Name": "Flower Garden Park Playground"}}, {"type": "Feature", "geometry": {"type": "Point", "coordinates": [-97.59792254895473, 35.5030712982916]}, "properties": {"Facility_Name": "Geraldine Park Playground"}}, {"type": "Feature", "geometry": {"type": "Point", "coordinates": [-97.57696954324787, 35.48357347120704]}, "properties": {"Facility_Name": "Girvin Park Playground"}}, {"type": "Feature", "geometry": {"type": "Point", "coordinates": [-97.490941133789, 35.49207225036696]}, "properties": {"Facility_Name": "Glen Ellyn Park Playground"}}, {"type": "Feature", "geometry": {"type": "Point", "coordinates": [-97.51635577496515, 35.49679613287061]}, "properties": {"Facility_Name": "Goodholm Park Playground"}}, {"type": "Feature", "geometry": {"type": "Point", "coordinates": [-97.5918251301776, 35.483071705592785]}, "properties": {"Facility_Name": "Grant Corbin Park Playground"}}, {"type": "Feature", "geometry": {"type": "Point", "coordinates": [-97.59042120791112, 35.60776896381773]}, "properties": {"Facility_Name": "Green's Tot-Lot Playground"}}, {"type": "Feature", "geometry": {"type": "Point", "coordinates": [-97.61494860742818, 35.50044464315668]}, "properties": {"Facility_Name": "Jack W. Cornett Park Playground"}}, {"type": "Feature", "geometry": {"type": "Point", "coordinates": [-97.60706850825987, 35.48921956009979]}, "properties": {"Facility_Name": "Harlow Park Playground"}}, {"type": "Feature", "geometry": {"type": "Point", "coordinates": [-97.66159646639878, 35.57622084370826]}, "properties": {"Facility_Name": "Harvest Hills Park Playground"}}, {"type": "Feature", "geometry": {"type": "Point", "coordinates": [-97.49791531294706, 35.425757676494996]}, "properties": {"Facility_Name": "Frank Hathaway Park Playground"}}, {"type": "Feature", "geometry": {"type": "Point", "coordinates": [-97.54499005395895, 35.4764840051345]}, "properties": {"Facility_Name": "Highley Park Playground"}}, {"type": "Feature", "geometry": {"type": "Point", "coordinates": [-97.32764737394133, 35.55453728137585]}, "properties": {"Facility_Name": "Hiram Park Swing Set"}}, {"type": "Feature", "geometry": {"type": "Point", "coordinates": [-97.5222635716, 35.423191803627134]}, "properties": {"Facility_Name": "Hosea Vinyard Park Playground"}}, {"type": "Feature", "geometry": {"type": "Point", "coordinates": [-97.6553285225732, 35.49127472371865]}, "properties": {"Facility_Name": "J.B. Black Park Playground"}}, {"type": "Feature", "geometry": {"type": "Point", "coordinates": [-97.47911145097629, 35.48529988142821]}, "properties": {"Facility_Name": "John. F. Kennedy Park Playground"}}, {"type": "Feature", "geometry": {"type": "Point", "coordinates": [-97.57308753922011, 35.54568814597404]}, "properties": {"Facility_Name": "Hefner Park Northwest Optimist Playground"}}, {"type": "Feature", "geometry": {"type": "Point", "coordinates": [-97.57765380534352, 35.56000311985112]}, "properties": {"Facility_Name": "Hefner Park Childrens Playground"}}, {"type": "Feature", "geometry": {"type": "Point", "coordinates": [-97.57379593108178, 35.443145615120066]}, "properties": {"Facility_Name": "Lorraine Thomas Park Playground"}}, {"type": "Feature", "geometry": {"type": "Point", "coordinates": [-97.56772607704293, 35.51433994484953]}, "properties": {"Facility_Name": "Luther Dulaney Park Playground"}}, {"type": "Feature", "geometry": {"type": "Point", "coordinates": [-97.64522521047644, 35.47589774193622]}, "properties": {"Facility_Name": "William O. Lytle Park Playground"}}, {"type": "Feature", "geometry": {"type": "Point", "coordinates": [-97.55228794041807, 35.58871001908694]}, "properties": {"Facility_Name": "Louis A. Macklanburg Park Playground"}}, {"type": "Feature", "geometry": {"type": "Point", "coordinates": [-97.43099694082169, 35.41017181258261]}, "properties": {"Facility_Name": "Mackleman Park Playground"}}, {"type": "Feature", "geometry": {"type": "Point", "coordinates": [-97.50321654863467, 35.40032591089294]}, "properties": {"Facility_Name": "McCracken Park Playground"}}, {"type": "Feature", "geometry": {"type": "Point", "coordinates": [-97.53519873773585, 35.481793770294104]}, "properties": {"Facility_Name": "McKinley Park Playground"}}, {"type": "Feature", "geometry": {"type": "Point", "coordinates": [-97.53228795235181, 35.50682354567758]}, "properties": {"Facility_Name": "Memorial Park Playground"}}, {"type": "Feature", "geometry": {"type": "Point", "coordinates": [-97.53270012834012, 35.495127185285995]}, "properties": {"Facility_Name": "Military Park Playground"}}, {"type": "Feature", "geometry": {"type": "Point", "coordinates": [-97.30754748796303, 35.506783807131576]}, "properties": {"Facility_Name": "Minnis Lakeview Park Playground"}}, {"type": "Feature", "geometry": {"type": "Point", "coordinates": [-97.6057791976661, 35.58232133639633]}, "properties": {"Facility_Name": "Pat Murphy Park Playground"}}, {"type": "Feature", "geometry": {"type": "Point", "coordinates": [-97.52458701052835, 35.48878616142821]}, "properties": {"Facility_Name": "Perle Mesta Park Playground"}}, {"type": "Feature", "geometry": {"type": "Point", "coordinates": [-97.48489489773226, 35.49823381992158]}, "properties": {"Facility_Name": "Phillips Park Playground"}}, {"type": "Feature", "geometry": {"type": "Point", "coordinates": [-97.53843993723349, 35.4702914202845]}, "properties": {"Facility_Name": "Pilot Center Park Playground"}}, {"type": "Feature", "geometry": {"type": "Point", "coordinates": [-97.48659429584629, 35.4889483354455]}, "properties": {"Facility_Name": "Riley Leroy Pitts Park Playground"}}, {"type": "Feature", "geometry": {"type": "Point", "coordinates": [-97.57439546538562, 35.58363646592732]}, "properties": {"Facility_Name": "Berta Faye Rex Quail Creek Park Playground"}}, {"type": "Feature", "geometry": {"type": "Point", "coordinates": [-97.52460787891026, 35.475589140068614]}, "properties": {"Facility_Name": "Red Andrews Park Playground"}}, {"type": "Feature", "geometry": {"type": "Point", "coordinates": [-97.53992952804911, 35.614352286993174]}, "properties": {"Facility_Name": "Redlands Park Playground"}}, {"type": "Feature", "geometry": {"type": "Point", "coordinates": [-97.50447039783708, 35.45036522397786]}, "properties": {"Facility_Name": "Rotary PlaygroundPark Playground"}}, {"type": "Feature", "geometry": {"type": "Point", "coordinates": [-97.58131576031774, 35.49197671912212]}, "properties": {"Facility_Name": "Saint Clair Park Swing Set"}}, {"type": "Feature", "geometry": {"type": "Point", "coordinates": [-97.55815065364204, 35.383624138009594]}, "properties": {"Facility_Name": "E.M. Sellers Park Playground"}}, {"type": "Feature", "geometry": {"type": "Point", "coordinates": [-97.48307339668092, 35.41576346281924]}, "properties": {"Facility_Name": "Shallowbrook Park Playground"}}, {"type": "Feature", "geometry": {"type": "Point", "coordinates": [-97.55689304647669, 35.371424415388155]}, "properties": {"Facility_Name": "Siler Park Playground"}}, {"type": "Feature", "geometry": {"type": "Point", "coordinates": [-97.54185739353632, 35.44662603123698]}, "properties": {"Facility_Name": "South Rotary Park Playground"}}, {"type": "Feature", "geometry": {"type": "Point", "coordinates": [-97.51986550502276, 35.39831587975211]}, "properties": {"Facility_Name": "Southern Oaks Park Playground"}}, {"type": "Feature", "geometry": {"type": "Point", "coordinates": [-97.51715413818808, 35.49969259310954]}, "properties": {"Facility_Name": "Sparrow Park Playground"}}, {"type": "Feature", "geometry": {"type": "Point", "coordinates": [-97.58306563868008, 35.55151038204821]}, "properties": {"Facility_Name": "Stars & Stripes Park Playground"}}, {"type": "Feature", "geometry": {"type": "Point", "coordinates": [-97.5524473461734, 35.49979087927824]}, "properties": {"Facility_Name": "Swatek Park Playground"}}, {"type": "Feature", "geometry": {"type": "Point", "coordinates": [-97.57470202774768, 35.410679607520954]}, "properties": {"Facility_Name": "Syl Goldman Park Playground"}}, {"type": "Feature", "geometry": {"type": "Point", "coordinates": [-97.53559971419219, 35.39602638715973]}, "properties": {"Facility_Name": "Taylor Park Playground"}}, {"type": "Feature", "geometry": {"type": "Point", "coordinates": [-97.57399346242723, 35.538788531793216]}, "properties": {"Facility_Name": "Tinsley Park Playground"}}, {"type": "Feature", "geometry": {"type": "Point", "coordinates": [-97.49251825846362, 35.446088590571904]}, "properties": {"Facility_Name": "Top O' Town Park Playground"}}, {"type": "Feature", "geometry": {"type": "Point", "coordinates": [-97.59550577857534, 35.346134813697326]}, "properties": {"Facility_Name": "South Lakes Park Playground"}}, {"type": "Feature", "geometry": {"type": "Point", "coordinates": [-97.69099818957322, 35.49744146524703]}, "properties": {"Facility_Name": "Route 66 Park Playground"}}, {"type": "Feature", "geometry": {"type": "Point", "coordinates": [-97.72971922828964, 35.466397256754384]}, "properties": {"Facility_Name": "Woodrun Park Playground"}}, {"type": "Feature", "geometry": {"type": "Point", "coordinates": [-97.56671205039818, 35.432356506660135]}, "properties": {"Facility_Name": "Woodson Park Playground"}}, {"type": "Feature", "geometry": {"type": "Point", "coordinates": [-97.55192455808738, 35.41959507245009]}, "properties": {"Facility_Name": "Youngs Park Playground"}}, {"type": "Feature", "geometry": {"type": "Point", "coordinates": [-97.47096972696855, 35.43426689848761]}, "properties": {"Facility_Name": "Trosper Park Playground"}}, {"type": "Feature", "geometry": {"type": "Point", "coordinates": [-97.59375625716291, 35.5281522989991]}, "properties": {"Facility_Name": "North Rotary Park (West) Swing Set"}}, {"type": "Feature", "geometry": {"type": "Point", "coordinates": [-97.48954609194192, 35.50335508329826]}, "properties": {"Facility_Name": "Northeast Center Park Playground"}}, {"type": "Feature", "geometry": {"type": "Point", "coordinates": [-97.53742480655721, 35.57257712332925]}, "properties": {"Facility_Name": "Pied Piper Playground"}}, {"type": "Feature", "geometry": {"type": "Point", "coordinates": [-97.49409811572217, 35.46968153980107]}, "properties": {"Facility_Name": "Booker T. Washington Park Playground"}}, {"type": "Feature", "geometry": {"type": "Point", "coordinates": [-97.57076792587087, 35.48829259329416]}, "properties": {"Facility_Name": "Wayman's Park Playground"}}, {"type": "Feature", "geometry": {"type": "Point", "coordinates": [-97.56883861880031, 35.49507023631312]}, "properties": {"Facility_Name": "Denniston Park Playground"}}, {"type": "Feature", "geometry": {"type": "Point", "coordinates": [-97.51721303547622, 35.44640706913796]}, "properties": {"Facility_Name": "Wiley Post Park Playground"}}, {"type": "Feature", "geometry": {"type": "Point", "coordinates": [-97.52428721996947, 35.51005427603225]}, "properties": {"Facility_Name": "Crown Heights Playground"}}, {"type": "Feature", "geometry": {"type": "Point", "coordinates": [-97.58952981855329, 35.52890411807405]}, "properties": {"Facility_Name": "North Rotary Park (East) Playground"}}, {"type": "Feature", "geometry": {"type": "Point", "coordinates": [-97.62311867572397, 35.48867752600654]}, "properties": {"Facility_Name": "Lela Park Playground"}}, {"type": "Feature", "geometry": {"type": "Point", "coordinates": [-97.58281509457892, 35.502518559997746]}, "properties": {"Facility_Name": "Will Rogers Playground"}}, {"type": "Feature", "geometry": {"type": "Point", "coordinates": [-97.55401301580685, 35.516172333265565]}, "properties": {"Facility_Name": "Smitty Park Playground"}}, {"type": "Feature", "geometry": {"type": "Point", "coordinates": [-97.54996106478801, 35.431337325259406]}, "properties": {"Facility_Name": "Brock Park Playground"}}, {"type": "Feature", "geometry": {"type": "Point", "coordinates": [-97.65145877975844, 35.47084103540277]}, "properties": {"Facility_Name": "Melrose Park Playground"}}, {"type": "Feature", "geometry": {"type": "Point", "coordinates": [-97.66461773838127, 35.484268627552225]}, "properties": {"Facility_Name": "Overholser Park Playground"}}, {"type": "Feature", "geometry": {"type": "Point", "coordinates": [-97.47067807813781, 35.48767132184491]}, "properties": {"Facility_Name": "Creston Hills Park Playground"}}, {"type": "Feature", "geometry": {"type": "Point", "coordinates": [-97.53573861019619, 35.568751892543425]}, "properties": {"Facility_Name": "Britton Park Playground"}}, {"type": "Feature", "geometry": {"type": "Point", "coordinates": [-97.59258497532791, 35.441549210260405]}, "properties": {"Facility_Name": "Tulsa Park Playground"}}, {"type": "Feature", "geometry": {"type": "Point", "coordinates": [-97.5701374269892, 35.35086151807135]}, "properties": {"Facility_Name": "Earlywine Park Playground"}}, {"type": "Feature", "geometry": {"type": "Point", "coordinates": [-97.46955807766103, 35.49798217585775]}, "properties": {"Facility_Name": "Harden Park Playground"}}, {"type": "Feature", "geometry": {"type": "Point", "coordinates": [-97.50627126387089, 35.537333760915374]}, "properties": {"Facility_Name": "Dolphin Wharton Swing Set"}}, {"type": "Feature", "geometry": {"type": "Point", "coordinates": [-97.3276905963738, 35.55449523241821]}, "properties": {"Facility_Name": "Hiram Park Playground"}}, {"type": "Feature", "geometry": {"type": "Point", "coordinates": [-97.34412480218674, 35.51550480057154]}, "properties": {"Facility_Name": "Progressive Community Park Playground"}}, {"type": "Feature", "geometry": {"type": "Point", "coordinates": [-97.60896427468079, 35.60754733436862]}, "properties": {"Facility_Name": "Martin Nature Park Playground"}}, {"type": "Feature", "geometry": {"type": "Point", "coordinates": [-97.56994930651035, 35.428430638290955]}, "properties": {"Facility_Name": "Woodson Park (South) Playground"}}, {"type": "Feature", "geometry": {"type": "Point", "coordinates": [-97.52658536676353, 35.45564035536272]}, "properties": {"Facility_Name": "Wheeler Park Playground"}}, {"type": "Feature", "geometry": {"type": "Point", "coordinates": [-97.37030740408031, 35.37456399689414]}, "properties": {"Facility_Name": "Lake Stanley Draper Playground(Point 12) "}}, {"type": "Feature", "geometry": {"type": "Point", "coordinates": [-97.52210077082911, 35.419163036146195]}, "properties": {"Facility_Name": "Mike Dover Park Playground"}}, {"type": "Feature", "geometry": {"type": "Point", "coordinates": [-97.37701512719342, 35.36542715669611]}, "properties": {"Facility_Name": "Lake Stanley Draper Children's Swing Set"}}, {"type": "Feature", "geometry": {"type": "Point", "coordinates": [-97.47608250909994, 35.519786352961916]}, "properties": {"Facility_Name": "Lincoln Park Playground"}}, {"type": "Feature", "geometry": {"type": "Point", "coordinates": [-97.47624828421273, 35.52053451005608]}, "properties": {"Facility_Name": "Lincoln Park Fitness Court "}}, {"type": "Feature", "geometry": {"type": "Point", "coordinates": [-97.53602810584499, 35.48204893227031]}, "properties": {"Facility_Name": "McKinley Park Center Childrens Playground"}}, {"type": "Feature", "geometry": {"type": "Point", "coordinates": [-97.496792666589, 35.48484715210619]}, "properties": {"Facility_Name": "McMechan Park Swing Set"}}, {"type": "Feature", "geometry": {"type": "Point", "coordinates": [-97.52165348625006, 35.41934285046911]}, "properties": {"Facility_Name": "Mike Dover Park Fitness Court "}}, {"type": "Feature", "geometry": {"type": "Point", "coordinates": [-97.48864049973221, 35.503292204650975]}, "properties": {"Facility_Name": "Northeast Center Park Swing Set"}}, {"type": "Feature", "geometry": {"type": "Point", "coordinates": [-97.52471383048096, 35.48884796812085]}, "properties": {"Facility_Name": "Perle Mesta Park Swing Set"}}, {"type": "Feature", "geometry": {"type": "Point", "coordinates": [-97.4848844359235, 35.49837806526843]}, "properties": {"Facility_Name": "Phillips Park Swing Set"}}, {"type": "Feature", "geometry": {"type": "Point", "coordinates": [-97.53845597566205, 35.470143912628984]}, "properties": {"Facility_Name": "Pilot Center Park Swing Set"}}, {"type": "Feature", "geometry": {"type": "Point", "coordinates": [-97.54007314806606, 35.614291011923115]}, "properties": {"Facility_Name": "Redlands Park Swing Set"}}, {"type": "Feature", "geometry": {"type": "Point", "coordinates": [-97.59571876059448, 35.34578124513765]}, "properties": {"Facility_Name": "South Lakes Park Playground"}}, {"type": "Feature", "geometry": {"type": "Point", "coordinates": [-97.57416124036888, 35.53878052051532]}, "properties": {"Facility_Name": "Tinsley Park Playground"}}, {"type": "Feature", "geometry": {"type": "Point", "coordinates": [-97.49392777725248, 35.469774551460084]}, "properties": {"Facility_Name": "Booker T. Washington Park Swing Set"}}, {"type": "Feature", "geometry": {"type": "Point", "coordinates": [-97.52350392705412, 35.524332113715865]}, "properties": {"Facility_Name": "Zach D. Taylor Park Playground"}}, {"type": "Feature", "geometry": {"type": "Point", "coordinates": [-97.44242354092486, 35.49133307900705]}, "properties": {"Facility_Name": "Daniel J. Diggs Park Playground"}}, {"type": "Feature", "geometry": {"type": "Point", "coordinates": [-97.51374560947536, 35.427372885606175]}, "properties": {"Facility_Name": "Draper Park (Capitol Hill) Swing Set"}}, {"type": "Feature", "geometry": {"type": "Point", "coordinates": [-97.52823415023342, 35.45376954958598]}, "properties": {"Facility_Name": "Wheeler Park Eggeling Stadium"}}, {"type": "Feature", "geometry": {"type": "Point", "coordinates": [-97.59916497932264, 35.34720253103408]}, "properties": {"Facility_Name": "South Lakes Park South Lakes Park Soccer Field"}}, {"type": "Feature", "geometry": {"type": "Point", "coordinates": [-97.67364431471474, 35.48460214203179]}, "properties": {"Facility_Name": "Overholser Park Soccer Field"}}, {"type": "Feature", "geometry": {"type": "Point", "coordinates": [-97.60778018674623, 35.52650964852117]}, "properties": {"Facility_Name": "Dolese Youth Park Baseball Field"}}, {"type": "Feature", "geometry": {"type": "Point", "coordinates": [-97.56760530694687, 35.46518154833616]}, "properties": {"Facility_Name": "Ted Reynolds Park Baseball"}}, {"type": "Feature", "geometry": {"type": "Point", "coordinates": [-97.50902830133842, 35.37405803655225]}, "properties": {"Facility_Name": "Crossroads Sports Complex Cricket Field"}}, {"type": "Feature", "geometry": {"type": "Point", "coordinates": [-97.5664017822875, 35.353016161751945]}, "properties": {"Facility_Name": "Earlywine Park Soccer Field"}}, {"type": "Feature", "geometry": {"type": "Point", "coordinates": [-97.56724521445763, 35.354525268320224]}, "properties": {"Facility_Name": "Earlywine Park Practice Field"}}, {"type": "Feature", "geometry": {"type": "Point", "coordinates": [-97.54521959481701, 35.3563765254209]}, "properties": {"Facility_Name": "Merrel Medley Park Soccer Field"}}, {"type": "Feature", "geometry": {"type": "Point", "coordinates": [-97.54526378237398, 35.357309280922685]}, "properties": {"Facility_Name": "Merrel Medley Park Practice Field"}}, {"type": "Feature", "geometry": {"type": "Point", "coordinates": [-97.52200814625502, 35.51012511352543]}, "properties": {"Facility_Name": "Crown Heights Park (East) Practice Field"}}, {"type": "Feature", "geometry": {"type": "Point", "coordinates": [-97.52358214284263, 35.50992231502066]}, "properties": {"Facility_Name": "Crown Heights Park (East) Practice Field"}}, {"type": "Feature", "geometry": {"type": "Point", "coordinates": [-97.44332337351963, 35.491949331708426]}, "properties": {"Facility_Name": "Daniel J. Diggs Park Practice Field"}}, {"type": "Feature", "geometry": {"type": "Point", "coordinates": [-97.44295387570641, 35.491143918298484]}, "properties": {"Facility_Name": "Daniel J. Diggs Park Practice Field"}}, {"type": "Feature", "geometry": {"type": "Point", "coordinates": [-97.44297333652253, 35.49023410448245]}, "properties": {"Facility_Name": "Daniel J. Diggs Park Practice Field"}}, {"type": "Feature", "geometry": {"type": "Point", "coordinates": [-97.60907456527795, 35.52529960257191]}, "properties": {"Facility_Name": "Dolese Youth Park Soccer Field"}}, {"type": "Feature", "geometry": {"type": "Point", "coordinates": [-97.52255140036823, 35.51823568609516]}, "properties": {"Facility_Name": "Douglas Park Baseball Field"}}, {"type": "Feature", "geometry": {"type": "Point", "coordinates": [-97.4603781144901, 35.47444782304111]}, "properties": {"Facility_Name": "Douglass Park (East) Football Field"}}, {"type": "Feature", "geometry": {"type": "Point", "coordinates": [-97.4732622077144, 35.4775627547579]}, "properties": {"Facility_Name": "Douglass Park Baseball Field"}}, {"type": "Feature", "geometry": {"type": "Point", "coordinates": [-97.51947760151228, 35.506767676682266]}, "properties": {"Facility_Name": "Edgemere Park Practice Field"}}, {"type": "Feature", "geometry": {"type": "Point", "coordinates": [-97.46010644398024, 35.482650505780086]}, "properties": {"Facility_Name": "Edwards Park Football Field"}}, {"type": "Feature", "geometry": {"type": "Point", "coordinates": [-97.57592700326701, 35.48381464395083]}, "properties": {"Facility_Name": "Girvin Park Soccer Field"}}, {"type": "Feature", "geometry": {"type": "Point", "coordinates": [-97.57651593434355, 35.48349061725666]}, "properties": {"Facility_Name": "Girvin Park Practice Field"}}, {"type": "Feature", "geometry": {"type": "Point", "coordinates": [-97.57639251197892, 35.484812453369486]}, "properties": {"Facility_Name": "Girvin Park Practice Field"}}, {"type": "Feature", "geometry": {"type": "Point", "coordinates": [-97.60619994684595, 35.488442497360964]}, "properties": {"Facility_Name": "Harlow Park Practice Field"}}, {"type": "Feature", "geometry": {"type": "Point", "coordinates": [-97.66226300020313, 35.57593806371796]}, "properties": {"Facility_Name": "Harvest Hills Park Practice Field"}}, {"type": "Feature", "geometry": {"type": "Point", "coordinates": [-97.49821037602051, 35.42686657576123]}, "properties": {"Facility_Name": "Frank Hathaway Park Athletic Field"}}, {"type": "Feature", "geometry": {"type": "Point", "coordinates": [-97.57391490702182, 35.54555301366367]}, "properties": {"Facility_Name": "Hefner Park Northwest Optimist  Practice Field"}}, {"type": "Feature", "geometry": {"type": "Point", "coordinates": [-97.57419537631336, 35.54685306641017]}, "properties": {"Facility_Name": "Hefner Park Northwest Optimist  Baseball Field"}}, {"type": "Feature", "geometry": {"type": "Point", "coordinates": [-97.62195974175934, 35.48855252984522]}, "properties": {"Facility_Name": "Lela Park Practice Field"}}, {"type": "Feature", "geometry": {"type": "Point", "coordinates": [-97.52788972085088, 35.38602337272485]}, "properties": {"Facility_Name": "Lightning Creek Park Soccer Field "}}, {"type": "Feature", "geometry": {"type": "Point", "coordinates": [-97.52728617628662, 35.41023444220761]}, "properties": {"Facility_Name": "Lippert Park Practice Field"}}, {"type": "Feature", "geometry": {"type": "Point", "coordinates": [-97.57308849282822, 35.44300253575206]}, "properties": {"Facility_Name": "Lorraine Thomas Park Practice Field"}}, {"type": "Feature", "geometry": {"type": "Point", "coordinates": [-97.64627529479068, 35.47564640506994]}, "properties": {"Facility_Name": "William O. Lytle Park Practice Field"}}, {"type": "Feature", "geometry": {"type": "Point", "coordinates": [-97.55238663517751, 35.588148317496724]}, "properties": {"Facility_Name": "Louis A. Macklanburg Park Practice Field"}}, {"type": "Feature", "geometry": {"type": "Point", "coordinates": [-97.43184782283763, 35.41028993927796]}, "properties": {"Facility_Name": "Mackleman Park Practice Field"}}, {"type": "Feature", "geometry": {"type": "Point", "coordinates": [-97.65080804645436, 35.47007995022885]}, "properties": {"Facility_Name": "Melrose Park Practice Field"}}, {"type": "Feature", "geometry": {"type": "Point", "coordinates": [-97.53478406387372, 35.482908750055174]}, "properties": {"Facility_Name": "McKinley Park Practice Field"}}, {"type": "Feature", "geometry": {"type": "Point", "coordinates": [-97.53587201058036, 35.48289177339456]}, "properties": {"Facility_Name": "McKinley Park Soccer Field"}}, {"type": "Feature", "geometry": {"type": "Point", "coordinates": [-97.58963572907835, 35.52702991289181]}, "properties": {"Facility_Name": "North Rotary Park Soccer Field"}}, {"type": "Feature", "geometry": {"type": "Point", "coordinates": [-97.59063608907982, 35.5272107774497]}, "properties": {"Facility_Name": "North Rotary Park Practice Field"}}, {"type": "Feature", "geometry": {"type": "Point", "coordinates": [-97.50486098178227, 35.45088235639457]}, "properties": {"Facility_Name": "Rotary PlaygroundPark Soccer Field "}}, {"type": "Feature", "geometry": {"type": "Point", "coordinates": [-97.50022956961463, 35.441022995338976]}, "properties": {"Facility_Name": "H.C. Schilling Park Practice Field"}}, {"type": "Feature", "geometry": {"type": "Point", "coordinates": [-97.55900268163258, 35.38258743969815]}, "properties": {"Facility_Name": "E.M. Sellers Park"}}, {"type": "Feature", "geometry": {"type": "Point", "coordinates": [-97.48216976394636, 35.41572629318111]}, "properties": {"Facility_Name": "Shallowbrook Park Practice Field"}}, {"type": "Feature", "geometry": {"type": "Point", "coordinates": [-97.55760532135972, 35.37147887547635]}, "properties": {"Facility_Name": "Siler Park Practice Field"}}, {"type": "Feature", "geometry": {"type": "Point", "coordinates": [-97.55409369160657, 35.51538523509773]}, "properties": {"Facility_Name": "Smitty Park Practice Field"}}, {"type": "Feature", "geometry": {"type": "Point", "coordinates": [-97.59521384505204, 35.342178615339705]}, "properties": {"Facility_Name": "South Lakes Park Athletic Field"}}, {"type": "Feature", "geometry": {"type": "Point", "coordinates": [-97.53966341109036, 35.38371396565063]}, "properties": {"Facility_Name": "Straka Detention Pond Soccer Field"}}, {"type": "Feature", "geometry": {"type": "Point", "coordinates": [-97.55313923245927, 35.49999118087242]}, "properties": {"Facility_Name": "Swatek Park Practice Field"}}, {"type": "Feature", "geometry": {"type": "Point", "coordinates": [-97.4916252669865, 35.44572575143233]}, "properties": {"Facility_Name": "Top O' Town Practice Field"}}, {"type": "Feature", "geometry": {"type": "Point", "coordinates": [-97.49290982909048, 35.47049445293493]}, "properties": {"Facility_Name": "Booker T. Washington Park Soccer Field"}}, {"type": "Feature", "geometry": {"type": "Point", "coordinates": [-97.49179364443702, 35.47084412446313]}, "properties": {"Facility_Name": "Booker T. Washington Park Paige Statium"}}, {"type": "Feature", "geometry": {"type": "Point", "coordinates": [-97.52705468735896, 35.45466734587985]}, "properties": {"Facility_Name": "Wheeler Park Soccer Field"}}, {"type": "Feature", "geometry": {"type": "Point", "coordinates": [-97.57551542788538, 35.50237884824701]}, "properties": {"Facility_Name": "Will Rogers Park Practice Field"}}, {"type": "Feature", "geometry": {"type": "Point", "coordinates": [-97.520501872517, 35.44587108738569]}, "properties": {"Facility_Name": "Wiley Post Park Football Field"}}, {"type": "Feature", "geometry": {"type": "Point", "coordinates": [-97.57091208333169, 35.42877926916994]}, "properties": {"Facility_Name": "Woodson Park Practice Field"}}, {"type": "Feature", "geometry": {"type": "Point", "coordinates": [-97.56724335151806, 35.430054589728286]}, "properties": {"Facility_Name": "Woodson Park Football Field"}}, {"type": "Feature", "geometry": {"type": "Point", "coordinates": [-97.57311214003154, 35.43364544424194]}, "properties": {"Facility_Name": "Woodson Park Practice Field"}}, {"type": "Feature", "geometry": {"type": "Point", "coordinates": [-97.61280613808006, 35.55961313074012]}, "properties": {"Facility_Name": "Prairie Dog Point Practice Field"}}, {"type": "Feature", "geometry": {"type": "Point", "coordinates": [-97.46999799495136, 35.452700628129385]}, "properties": {"Facility_Name": "Bob Akers Park Practice Field"}}, {"type": "Feature", "geometry": {"type": "Point", "coordinates": [-97.50950235670605, 35.37609967097745]}, "properties": {"Facility_Name": "Crossroads Sports Complex Practice Field"}}, {"type": "Feature", "geometry": {"type": "Point", "coordinates": [-97.60418416466032, 35.52859807865977]}, "properties": {"Facility_Name": "Dolese Youth Park Practice Field"}}, {"type": "Feature", "geometry": {"type": "Point", "coordinates": [-97.50698799674608, 35.53823356772216]}, "properties": {"Facility_Name": "Dolphin Wharton Park Practice Field"}}, {"type": "Feature", "geometry": {"type": "Point", "coordinates": [-97.48753193761168, 35.48755740754315]}, "properties": {"Facility_Name": "Riley Leroy Pitts Park Practice Field"}}, {"type": "Feature", "geometry": {"type": "Point", "coordinates": [-97.51686503676814, 35.39747839585324]}, "properties": {"Facility_Name": "Southern Oaks Park Practice Field"}}, {"type": "Feature", "geometry": {"type": "Point", "coordinates": [-97.65481821883606, 35.491257046362946]}, "properties": {"Facility_Name": "J.B. Black Park Practice Field"}}, {"type": "Feature", "geometry": {"type": "Point", "coordinates": [-97.59357344223967, 35.44142397031913]}, "properties": {"Facility_Name": "Tulsa Park Soccer Field"}}, {"type": "Feature", "geometry": {"type": "Point", "coordinates": [-97.58237037631632, 35.549599323019564]}, "properties": {"Facility_Name": "Stars and Stripes Park Softball Field"}}, {"type": "Feature", "geometry": {"type": "Point", "coordinates": [-97.58160111864088, 35.54790676274107]}, "properties": {"Facility_Name": "Stars and Stripes Park Practice Field"}}, {"type": "Feature", "geometry": {"type": "Point", "coordinates": [-97.4619548863711, 35.473913904260485]}, "properties": {"Facility_Name": "Douglass Football Field"}}, {"type": "Feature", "geometry": {"type": "Point", "coordinates": [-97.55186891872567, 35.58866643265464]}, "properties": {"Facility_Name": "Louis A. Macklanburg Park Soccer Field"}}, {"type": "Feature", "geometry": {"type": "Point", "coordinates": [-97.55779694068458, 35.38218271643769]}, "properties": {"Facility_Name": "E.M. Sellers Park Soccer Field"}}, {"type": "Feature", "geometry": {"type": "Point", "coordinates": [-97.54023367796712, 35.44602379704271]}, "properties": {"Facility_Name": "South Rotary Soccer Field"}}, {"type": "Feature", "geometry": {"type": "Point", "coordinates": [-97.53979516755184, 35.448526040928634]}, "properties": {"Facility_Name": "South Rotary Baseball Field"}}, {"type": "Feature", "geometry": {"type": "Point", "coordinates": [-97.5408219432719, 35.447984517458764]}, "properties": {"Facility_Name": "South Rotary Baseball Field"}}, {"type": "Feature", "geometry": {"type": "Point", "coordinates": [-97.53960617898476, 35.447192851787875]}, "properties": {"Facility_Name": "South Rotary Baseball Field"}}, {"type": "Feature", "geometry": {"type": "Point", "coordinates": [-97.51524780120869, 35.42702678413679]}, "properties": {"Facility_Name": "Capitol Hill Recreation Center - Draper Park"}}, {"type": "Feature", "geometry": {"type": "Point", "coordinates": [-97.44232106480706, 35.49192788002368]}, "properties": {"Facility_Name": "Daniel J. Diggs Center (Community Action Agency)"}}, {"type": "Feature", "geometry": {"type": "Point", "coordinates": [-97.47086350691916, 35.47722901872605]}, "properties": {"Facility_Name": "Douglass Park Community Center"}}, {"type": "Feature", "geometry": {"type": "Point", "coordinates": [-97.50125081413174, 35.47122603809838]}, "properties": {"Facility_Name": "Henrietta B. Foster Center"}}, {"type": "Feature", "geometry": {"type": "Point", "coordinates": [-97.49873114523015, 35.425828151838644]}, "properties": {"Facility_Name": "Frank Hathaway Park Center"}}, {"type": "Feature", "geometry": {"type": "Point", "coordinates": [-97.47608905281979, 35.518476300786816]}, "properties": {"Facility_Name": "Lincoln Center (Y.M.C.A)"}}, {"type": "Feature", "geometry": {"type": "Point", "coordinates": [-97.55259458326617, 35.5886222272052]}, "properties": {"Facility_Name": "Louis A. Macklanburg Center"}}, {"type": "Feature", "geometry": {"type": "Point", "coordinates": [-97.53577756584811, 35.48232264406417]}, "properties": {"Facility_Name": "McKinley Park Center (Community Action Ag , B & G Club)"}}, {"type": "Feature", "geometry": {"type": "Point", "coordinates": [-97.65098184978564, 35.47084084604093]}, "properties": {"Facility_Name": "Melrose Park Recreation Center"}}, {"type": "Feature", "geometry": {"type": "Point", "coordinates": [-97.30853167306236, 35.506523441484546]}, "properties": {"Facility_Name": "Minnis Lakeview Park Recreation Center (Community Action Agency)"}}, {"type": "Feature", "geometry": {"type": "Point", "coordinates": [-97.48940823642754, 35.50368876300182]}, "properties": {"Facility_Name": "Northeast Center Park"}}, {"type": "Feature", "geometry": {"type": "Point", "coordinates": [-97.57260160918001, 35.545648619445714]}, "properties": {"Facility_Name": "Hefner Park Northwest Optimist Center"}}, {"type": "Feature", "geometry": {"type": "Point", "coordinates": [-97.53856688198125, 35.47062831940767]}, "properties": {"Facility_Name": "Pilot Center Park Recreation Center"}}, {"type": "Feature", "geometry": {"type": "Point", "coordinates": [-97.4867188925925, 35.488349700686385]}, "properties": {"Facility_Name": "Riley Leroy Pitts Park Recreation Center"}}, {"type": "Feature", "geometry": {"type": "Point", "coordinates": [-97.5016323930265, 35.439993587858694]}, "properties": {"Facility_Name": "H.C. Schilling Park Recreation Center"}}, {"type": "Feature", "geometry": {"type": "Point", "coordinates": [-97.5577032047899, 35.38366342911275]}, "properties": {"Facility_Name": "E.M. Sellers Park Center"}}, {"type": "Feature", "geometry": {"type": "Point", "coordinates": [-97.51950476206112, 35.397873748451616]}, "properties": {"Facility_Name": "Southern Oaks Park Center"}}, {"type": "Feature", "geometry": {"type": "Point", "coordinates": [-97.53595515979238, 35.3965820323932]}, "properties": {"Facility_Name": "Taylor Park Recreation Center  "}}, {"type": "Feature", "geometry": {"type": "Point", "coordinates": [-97.60200818332741, 35.584098146671764]}, "properties": {"Facility_Name": "H.B. Parsons Fish Hatchery"}}, {"type": "Feature", "geometry": {"type": "Point", "coordinates": [-97.60890550340011, 35.60693043817554]}, "properties": {"Facility_Name": "Martin Nature Park Nature Center"}}, {"type": "Feature", "geometry": {"type": "Point", "coordinates": [-97.56675094132741, 35.43200009477649]}, "properties": {"Facility_Name": "Woodson Park Senior Center"}}, {"type": "Feature", "geometry": {"type": "Point", "coordinates": [-97.58018833331839, 35.50513815385606]}, "properties": {"Facility_Name": "Will Rogers Park Senior Center"}}, {"type": "Feature", "geometry": {"type": "Point", "coordinates": [-97.57490215645397, 35.504082928595295]}, "properties": {"Facility_Name": "Will Rogers Park Party House"}}, {"type": "Feature", "geometry": {"type": "Point", "coordinates": [-97.51928601322032, 35.44508294277179]}, "properties": {"Facility_Name": "Wiley Post Park Party House"}}, {"type": "Feature", "geometry": {"type": "Point", "coordinates": [-97.59382493642087, 35.34402557166727]}, "properties": {"Facility_Name": "South Lakes Park Event Center"}}, {"type": "Feature", "geometry": {"type": "Point", "coordinates": [-97.58142122960889, 35.351733025714566]}, "properties": {"Facility_Name": "Earlywine Park Golf Course"}}, {"type": "Feature", "geometry": {"type": "Point", "coordinates": [-97.60061975745707, 35.55315853434465]}, "properties": {"Facility_Name": "Hefner Golf Course"}}, {"type": "Feature", "geometry": {"type": "Point", "coordinates": [-97.46981510340169, 35.510871530683964]}, "properties": {"Facility_Name": "Lincoln Park Golf Course"}}, {"type": "Feature", "geometry": {"type": "Point", "coordinates": [-97.47089972572861, 35.47688544125605]}, "properties": {"Facility_Name": "James E. Stewart Golf Course"}}, {"type": "Feature", "geometry": {"type": "Point", "coordinates": [-97.47072471317833, 35.43622423661886]}, "properties": {"Facility_Name": "Trosper Park Golf Course"}}, {"type": "Feature", "geometry": {"type": "Point", "coordinates": [-97.60595898705596, 35.52658380372448]}, "properties": {"Facility_Name": "Dolese Youth Park Disk Golf Course "}}, {"type": "Feature", "geometry": {"type": "Point", "coordinates": [-97.5800702098944, 35.50203603559242]}, "properties": {"Facility_Name": "Will Rogers Park Disk Golf Course"}}, {"type": "Feature", "geometry": {"type": "Point", "coordinates": [-97.56947360475935, 35.431814447304646]}, "properties": {"Facility_Name": "Woodson Park Disk Golf Course"}}, {"type": "Feature", "geometry": {"type": "Point", "coordinates": [-97.61466470891064, 35.49984358478885]}, "properties": {"Facility_Name": "Jack W. Cornett Tennis Court"}}, {"type": "Feature", "geometry": {"type": "Point", "coordinates": [-97.52255508472378, 35.4247228753772]}, "properties": {"Facility_Name": "Hosea Vinyard Park Tennis Courts"}}, {"type": "Feature", "geometry": {"type": "Point", "coordinates": [-97.57270190538713, 35.546126163045]}, "properties": {"Facility_Name": "Hefner Park Tennis Court"}}, {"type": "Feature", "geometry": {"type": "Point", "coordinates": [-97.66390112797336, 35.48535049426276]}, "properties": {"Facility_Name": "Overholser Park Tennis Courts"}}, {"type": "Feature", "geometry": {"type": "Point", "coordinates": [-97.62186746330168, 35.4889781363037]}, "properties": {"Facility_Name": "Lela Park Tennis Courts"}}, {"type": "Feature", "geometry": {"type": "Point", "coordinates": [-97.47591448145248, 35.519047888312954]}, "properties": {"Facility_Name": "Lincoln Park Basketball Court"}}, {"type": "Feature", "geometry": {"type": "Point", "coordinates": [-97.55315314827908, 35.587804854912726]}, "properties": {"Facility_Name": "Louis A. Macklanburg Park Tennis Court"}}, {"type": "Feature", "geometry": {"type": "Point", "coordinates": [-97.43056774106509, 35.41015738740334]}, "properties": {"Facility_Name": "Mackleman Park Tennis Court"}}, {"type": "Feature", "geometry": {"type": "Point", "coordinates": [-97.50213727596834, 35.40043881253997]}, "properties": {"Facility_Name": "McCracken Park Tennis Court"}}, {"type": "Feature", "geometry": {"type": "Point", "coordinates": [-97.53257671320803, 35.506286879444296]}, "properties": {"Facility_Name": "Memorial Park Tennis Court"}}, {"type": "Feature", "geometry": {"type": "Point", "coordinates": [-97.48742818457231, 35.48891428596908]}, "properties": {"Facility_Name": "Riley Leroy Pitts Park Tennis Court"}}, {"type": "Feature", "geometry": {"type": "Point", "coordinates": [-97.56777846574668, 35.4820277779274]}, "properties": {"Facility_Name": "Reed Park Tennis Court"}}, {"type": "Feature", "geometry": {"type": "Point", "coordinates": [-97.56055119422456, 35.534911603161554]}, "properties": {"Facility_Name": "Belle Isle Park Tennis Court"}}, {"type": "Feature", "geometry": {"type": "Point", "coordinates": [-97.5577891980499, 35.38258090405849]}, "properties": {"Facility_Name": "E.M. Sellers Park Tennis Court"}}, {"type": "Feature", "geometry": {"type": "Point", "coordinates": [-97.53983289299656, 35.44917499120939]}, "properties": {"Facility_Name": "South Rotary Tennis Court "}}, {"type": "Feature", "geometry": {"type": "Point", "coordinates": [-97.58199617931588, 35.50541115125184]}, "properties": {"Facility_Name": "Will Rogers Park Tennis Center"}}, {"type": "Feature", "geometry": {"type": "Point", "coordinates": [-97.58955012487499, 35.528120177906715]}, "properties": {"Facility_Name": "North Rotary Park Tennis Court"}}, {"type": "Feature", "geometry": {"type": "Point", "coordinates": [-97.5703433687123, 35.34940327722548]}, "properties": {"Facility_Name": "Earlywine Tennis Court"}}, {"type": "Feature", "geometry": {"type": "Point", "coordinates": [-97.516522320542, 35.496177705993944]}, "properties": {"Facility_Name": "Goodholm Tennis Court"}}, {"type": "Feature", "geometry": {"type": "Point", "coordinates": [-97.53538428878869, 35.39681275750591]}, "properties": {"Facility_Name": "Taylor Park Basketball Courts"}}, {"type": "Feature", "geometry": {"type": "Point", "coordinates": [-97.52277041808088, 35.42362364220749]}, "properties": {"Facility_Name": "Hosea Vinyard Park Basketball Court"}}, {"type": "Feature", "geometry": {"type": "Point", "coordinates": [-97.535358800404, 35.51926250585977]}, "properties": {"Facility_Name": "Flower Garden Park Basketball Court"}}, {"type": "Feature", "geometry": {"type": "Point", "coordinates": [-97.56168008565025, 35.53519321682308]}, "properties": {"Facility_Name": "Belle Isle Park Basketball Court"}}, {"type": "Feature", "geometry": {"type": "Point", "coordinates": [-97.30814761547644, 35.506103153686645]}, "properties": {"Facility_Name": "Minnis Lakeview Park Basketball Court"}}, {"type": "Feature", "geometry": {"type": "Point", "coordinates": [-97.65008086223187, 35.471164625736655]}, "properties": {"Facility_Name": "Melrose Park Basketball Court"}}, {"type": "Feature", "geometry": {"type": "Point", "coordinates": [-97.49194951985172, 35.44625168345714]}, "properties": {"Facility_Name": "Top O' Town Park Basketball Court"}}, {"type": "Feature", "geometry": {"type": "Point", "coordinates": [-97.53306191717968, 35.50627166283515]}, "properties": {"Facility_Name": "Memorial Park Basketball Court"}}, {"type": "Feature", "geometry": {"type": "Point", "coordinates": [-97.57297876978159, 35.546091906674434]}, "properties": {"Facility_Name": "Hefner Park Northwest Optimist  Basketball Court"}}, {"type": "Feature", "geometry": {"type": "Point", "coordinates": [-97.60058124195312, 35.48549906488848]}, "properties": {"Facility_Name": "E.B. Jeffrey Park Basketball Court"}}, {"type": "Feature", "geometry": {"type": "Point", "coordinates": [-97.48704630343713, 35.48890513209731]}, "properties": {"Facility_Name": "Riley Leroy Pitts Park Basketball Court"}}, {"type": "Feature", "geometry": {"type": "Point", "coordinates": [-97.47228713555465, 35.47689983710916]}, "properties": {"Facility_Name": "Douglass Park Basketball Court"}}, {"type": "Feature", "geometry": {"type": "Point", "coordinates": [-97.49358198163866, 35.46974835350255]}, "properties": {"Facility_Name": "Booker T. Washington Park Basketball Court"}}, {"type": "Feature", "geometry": {"type": "Point", "coordinates": [-97.48838672968651, 35.50332285013092]}, "properties": {"Facility_Name": "Northeast Center Park Basketball Court (North)"}}, {"type": "Feature", "geometry": {"type": "Point", "coordinates": [-97.50309102065529, 35.40052062104469]}, "properties": {"Facility_Name": "McCracken Park Basketball Court"}}, {"type": "Feature", "geometry": {"type": "Point", "coordinates": [-97.59561782379573, 35.34493140024752]}, "properties": {"Facility_Name": "South Lakes Park South Lakes Basketball Courts (North)"}}, {"type": "Feature", "geometry": {"type": "Point", "coordinates": [-97.59515593088109, 35.344218953816764]}, "properties": {"Facility_Name": "South Lakes Park South Lakes Basketball Courts (South)"}}, {"type": "Feature", "geometry": {"type": "Point", "coordinates": [-97.53621525636686, 35.57259158682665]}, "properties": {"Facility_Name": "Pied Piper Park Basketball Court"}}, {"type": "Feature", "geometry": {"type": "Point", "coordinates": [-97.51825117893685, 35.55457979010635]}, "properties": {"Facility_Name": "North Highland Park Basketball Court"}}, {"type": "Feature", "geometry": {"type": "Point", "coordinates": [-97.5066603568648, 35.537410104345454]}, "properties": {"Facility_Name": "Dolphin Wharton Basketball Court"}}, {"type": "Feature", "geometry": {"type": "Point", "coordinates": [-97.46863087053224, 35.4530663315088]}, "properties": {"Facility_Name": "Bob Akers Park Basketball Court"}}, {"type": "Feature", "geometry": {"type": "Point", "coordinates": [-97.53611610026857, 35.48177957174617]}, "properties": {"Facility_Name": "McKinley Park Basketball Court"}}, {"type": "Feature", "geometry": {"type": "Point", "coordinates": [-97.50073408306555, 35.440391034784234]}, "properties": {"Facility_Name": "H.C. Schilling Park Basketball Court"}}, {"type": "Feature", "geometry": {"type": "Point", "coordinates": [-97.51520212888259, 35.426823241284055]}, "properties": {"Facility_Name": "Draper Park (Capitol Hill) Basketball Court"}}, {"type": "Feature", "geometry": {"type": "Point", "coordinates": [-97.55691637320851, 35.37119621308216]}, "properties": {"Facility_Name": "Siler Park Basketball Court"}}, {"type": "Feature", "geometry": {"type": "Point", "coordinates": [-97.54151570689034, 35.44740359157215]}, "properties": {"Facility_Name": "South Rotary Basketball Court"}}, {"type": "Feature", "geometry": {"type": "Point", "coordinates": [-97.46164049836608, 35.483476461263486]}, "properties": {"Facility_Name": "Edwards Park Basketball Court"}}, {"type": "Feature", "geometry": {"type": "Point", "coordinates": [-97.52036442691988, 35.39861111386304]}, "properties": {"Facility_Name": "Southern Oaks Park Basketball Court"}}, {"type": "Feature", "geometry": {"type": "Point", "coordinates": [-97.55820346928029, 35.38263408509771]}, "properties": {"Facility_Name": "E.M. Sellers Park Tennis Court"}}, {"type": "Feature", "geometry": {"type": "Point", "coordinates": [-97.58299767464024, 35.5518000813825]}, "properties": {"Facility_Name": "Stars & Stripes Park Basketball Court"}}, {"type": "Feature", "geometry": {"type": "Point", "coordinates": [-97.58331069867197, 35.551855004873964]}, "properties": {"Facility_Name": "Stars & Stripes Park Volleyball Court"}}, {"type": "Feature", "geometry": {"type": "Point", "coordinates": [-97.3700773726294, 35.37100854084631]}, "properties": {"Facility_Name": "Lake Stanley Draper Recreation Area #1 Volleyball Court "}}, {"type": "Feature", "geometry": {"type": "Point", "coordinates": [-97.51844283604022, 35.446478653824]}, "properties": {"Facility_Name": "Wiley Post Park Volleyball Court"}}, {"type": "Feature", "geometry": {"type": "Point", "coordinates": [-97.518535941972, 35.44605383675837]}, "properties": {"Facility_Name": "Wiley Post Park Basketball Court"}}, {"type": "Feature", "geometry": {"type": "Point", "coordinates": [-97.53666529946024, 35.57256278444187]}, "properties": {"Facility_Name": "Pied Piper Park Basketball Court"}}, {"type": "Feature", "geometry": {"type": "Point", "coordinates": [-97.48449679822477, 35.49822647951877]}, "properties": {"Facility_Name": "Phillips Park Basketball Court"}}, {"type": "Feature", "geometry": {"type": "Point", "coordinates": [-97.46968115582828, 35.498286830705226]}, "properties": {"Facility_Name": "Harden Park Basketball Court"}}, {"type": "Feature", "geometry": {"type": "Point", "coordinates": [-97.66198776563336, 35.57641632547658]}, "properties": {"Facility_Name": "Harvest Hills Park Basketball Court"}}, {"type": "Feature", "geometry": {"type": "Point", "coordinates": [-97.49828742146863, 35.42577559803332]}, "properties": {"Facility_Name": "Frank Hathaway Park Basketball Court"}}, {"type": "Feature", "geometry": {"type": "Point", "coordinates": [-97.59316757762241, 35.44186287387179]}, "properties": {"Facility_Name": "Tulsa Park Basketball Courts"}}, {"type": "Feature", "geometry": {"type": "Point", "coordinates": [-97.3274129519446, 35.55392477627336]}, "properties": {"Facility_Name": "Hiram Park Basketball Court"}}, {"type": "Feature", "geometry": {"type": "Point", "coordinates": [-97.58987623165041, 35.52818867081479]}, "properties": {"Facility_Name": "North Rotary Park Basketball Court"}}, {"type": "Feature", "geometry": {"type": "Point", "coordinates": [-97.50405371992751, 35.45033726038624]}, "properties": {"Facility_Name": "Rotary PlaygroundPark Basketball Court"}}, {"type": "Feature", "geometry": {"type": "Point", "coordinates": [-97.54172436239477, 35.44694350433597]}, "properties": {"Facility_Name": "South Rotary Basketball Court"}}, {"type": "Feature", "geometry": {"type": "Point", "coordinates": [-97.51444449323641, 35.42710092693921]}, "properties": {"Facility_Name": "Draper Park (Capitol Hill) Basketball Court "}}, {"type": "Feature", "geometry": {"type": "Point", "coordinates": [-97.57375879874982, 35.5389202352836]}, "properties": {"Facility_Name": "Tinsley Park Basketball Court"}}, {"type": "Feature", "geometry": {"type": "Point", "coordinates": [-97.57012134770669, 35.42937369536019]}, "properties": {"Facility_Name": "Woodson Park Basketball Court"}}, {"type": "Feature", "geometry": {"type": "Point", "coordinates": [-97.57363256258793, 35.442753791007895]}, "properties": {"Facility_Name": "Lorraine Thomas Basketball Court"}}, {"type": "Feature", "geometry": {"type": "Point", "coordinates": [-97.5253581972097, 35.48841223580154]}, "properties": {"Facility_Name": "Perle Mesta Park Volleyball Court"}}, {"type": "Feature", "geometry": {"type": "Point", "coordinates": [-97.52516225216742, 35.48841312138211]}, "properties": {"Facility_Name": "Perle Mesta Park Volleyball Court"}}, {"type": "Feature", "geometry": {"type": "Point", "coordinates": [-97.52349279217242, 35.469047627605164]}, "properties": {"Facility_Name": "Civic Center Music Hall"}}, {"type": "Feature", "geometry": {"type": "Point", "coordinates": [-97.58235455436417, 35.50369866830361]}, "properties": {"Facility_Name": "Will Rogers Amphitheater"}}, {"type": "Feature", "geometry": {"type": "Point", "coordinates": [-97.56721023831703, 35.432207055925396]}, "properties": {"Facility_Name": "Woodson Park Gym"}}, {"type": "Feature", "geometry": {"type": "Point", "coordinates": [-97.52507575179501, 35.47558858686038]}, "properties": {"Facility_Name": "Red Andrews Park Johnnie L. Williams Municipal Gym"}}, {"type": "Feature", "geometry": {"type": "Point", "coordinates": [-97.47403385852698, 35.43266050305338]}, "properties": {"Facility_Name": "Trosper Park Archery Club"}}, {"type": "Feature", "geometry": {"type": "Point", "coordinates": [-97.4222161031197, 35.35001983746445]}, "properties": {"Facility_Name": "Kitchen Lake Park Bench"}}, {"type": "Feature", "geometry": {"type": "Point", "coordinates": [-97.52249149948398, 35.46914702624074]}, "properties": {"Facility_Name": "Bicentennial Park Bench"}}, {"type": "Feature", "geometry": {"type": "Point", "coordinates": [-97.52236750331318, 35.46921329971565]}, "properties": {"Facility_Name": "Bicentennial Park Bench"}}, {"type": "Feature", "geometry": {"type": "Point", "coordinates": [-97.52226215097586, 35.46928155528073]}, "properties": {"Facility_Name": "Bicentennial Park Bench"}}, {"type": "Feature", "geometry": {"type": "Point", "coordinates": [-97.52220706702893, 35.46913443485751]}, "properties": {"Facility_Name": "Bicentennial Park Bench"}}, {"type": "Feature", "geometry": {"type": "Point", "coordinates": [-97.52209709587137, 35.46919504121296]}, "properties": {"Facility_Name": "Bicentennial Park Bench"}}, {"type": "Feature", "geometry": {"type": "Point", "coordinates": [-97.52199405271608, 35.46926712107359]}, "properties": {"Facility_Name": "Bicentennial Park Bench"}}, {"type": "Feature", "geometry": {"type": "Point", "coordinates": [-97.52193190332981, 35.46913141956662]}, "properties": {"Facility_Name": "Bicentennial Park Bench"}}, {"type": "Feature", "geometry": {"type": "Point", "coordinates": [-97.52181725798866, 35.46919391400076]}, "properties": {"Facility_Name": "Bicentennial Park Bench"}}, {"type": "Feature", "geometry": {"type": "Point", "coordinates": [-97.52169317966232, 35.46927354021212]}, "properties": {"Facility_Name": "Bicentennial Park Bench"}}, {"type": "Feature", "geometry": {"type": "Point", "coordinates": [-97.52166377116836, 35.46912270777605]}, "properties": {"Facility_Name": "Bicentennial Park Bench"}}, {"type": "Feature", "geometry": {"type": "Point", "coordinates": [-97.52156776962428, 35.469187185181156]}, "properties": {"Facility_Name": "Bicentennial Park Bench"}}, {"type": "Feature", "geometry": {"type": "Point", "coordinates": [-97.52146471340102, 35.46926117259897]}, "properties": {"Facility_Name": "Bicentennial Park Bench"}}, {"type": "Feature", "geometry": {"type": "Point", "coordinates": [-97.5220940915652, 35.469371338344175]}, "properties": {"Facility_Name": "Bicentennial Park Bench"}}, {"type": "Feature", "geometry": {"type": "Point", "coordinates": [-97.52253232951496, 35.46920855782611]}, "properties": {"Facility_Name": "Bicentennial Park Bench"}}, {"type": "Feature", "geometry": {"type": "Point", "coordinates": [-97.5223860639744, 35.469293818793965]}, "properties": {"Facility_Name": "Bicentennial Park Bench"}}, {"type": "Feature", "geometry": {"type": "Point", "coordinates": [-97.52252030665275, 35.46878402977893]}, "properties": {"Facility_Name": "Bicentennial Park Bench"}}, {"type": "Feature", "geometry": {"type": "Point", "coordinates": [-97.52240126546012, 35.46870485583233]}, "properties": {"Facility_Name": "Bicentennial Park Bench"}}, {"type": "Feature", "geometry": {"type": "Point", "coordinates": [-97.5208666266442, 35.467717359887196]}, "properties": {"Facility_Name": "420 West Main Bench"}}, {"type": "Feature", "geometry": {"type": "Point", "coordinates": [-97.52081998713274, 35.467717171577775]}, "properties": {"Facility_Name": "420 West Main Bench"}}, {"type": "Feature", "geometry": {"type": "Point", "coordinates": [-97.51814121633349, 35.46622399263869]}, "properties": {"Facility_Name": "Myriad Gardens Bench"}}, {"type": "Feature", "geometry": {"type": "Point", "coordinates": [-97.5183017310525, 35.46625541491671]}, "properties": {"Facility_Name": "Myriad Gardens Bench"}}, {"type": "Feature", "geometry": {"type": "Point", "coordinates": [-97.51862095648637, 35.46623460477281]}, "properties": {"Facility_Name": "Myriad Gardens Bench"}}, {"type": "Feature", "geometry": {"type": "Point", "coordinates": [-97.51845575357156, 35.46625975248556]}, "properties": {"Facility_Name": "Myriad Gardens Bench"}}, {"type": "Feature", "geometry": {"type": "Point", "coordinates": [-97.51776721171942, 35.46630992369281]}, "properties": {"Facility_Name": "Myriad Gardens Bench"}}, {"type": "Feature", "geometry": {"type": "Point", "coordinates": [-97.51771391176122, 35.466308882397854]}, "properties": {"Facility_Name": "Myriad Gardens Bench"}}, {"type": "Feature", "geometry": {"type": "Point", "coordinates": [-97.51757740859901, 35.4663105285642]}, "properties": {"Facility_Name": "Myriad Gardens Bench"}}, {"type": "Feature", "geometry": {"type": "Point", "coordinates": [-97.5175241684684, 35.466308706895035]}, "properties": {"Facility_Name": "Myriad Gardens Bench"}}, {"type": "Feature", "geometry": {"type": "Point", "coordinates": [-97.51908906120994, 35.46897297730194]}, "properties": {"Facility_Name": "Court House Bench"}}, {"type": "Feature", "geometry": {"type": "Point", "coordinates": [-97.51915173259296, 35.468973231246714]}, "properties": {"Facility_Name": "Court House Bench"}}, {"type": "Feature", "geometry": {"type": "Point", "coordinates": [-97.52216570654076, 35.468630235665756]}, "properties": {"Facility_Name": "Bicentennial Park Bench"}}, {"type": "Feature", "geometry": {"type": "Point", "coordinates": [-97.52190954803676, 35.46862492639818]}, "properties": {"Facility_Name": "Bicentennial Park Bench"}}, {"type": "Feature", "geometry": {"type": "Point", "coordinates": [-97.53374145030877, 35.50652423176629]}, "properties": {"Facility_Name": "Memorial Park Fountain"}}, {"type": "Feature", "geometry": {"type": "Point", "coordinates": [-97.60941178790691, 35.603426736319804]}, "properties": {"Facility_Name": "Martin Nature Park Shelter"}}, {"type": "Feature", "geometry": {"type": "Point", "coordinates": [-97.56099471035849, 35.53528962394241]}, "properties": {"Facility_Name": "Belle Isle Park Shelter"}}, {"type": "Feature", "geometry": {"type": "Point", "coordinates": [-97.58141992105729, 35.50357897054831]}, "properties": {"Facility_Name": "Will Rogers Park North Shelter"}}, {"type": "Feature", "geometry": {"type": "Point", "coordinates": [-97.58165596664736, 35.50146704131084]}, "properties": {"Facility_Name": "Will Rogers Park South Picnic Shelter"}}, {"type": "Feature", "geometry": {"type": "Point", "coordinates": [-97.37742783673446, 35.36526642625401]}, "properties": {"Facility_Name": "Lake Stanley Draper Children's Playground Shelter"}}, {"type": "Feature", "geometry": {"type": "Point", "coordinates": [-97.37751465493702, 35.365123228888955]}, "properties": {"Facility_Name": "Lake Stanley Draper Children's Playground Shelter"}}, {"type": "Feature", "geometry": {"type": "Point", "coordinates": [-97.52217037686069, 35.51898653020948]}, "properties": {"Facility_Name": "Douglas Park Shelter"}}, {"type": "Feature", "geometry": {"type": "Point", "coordinates": [-97.52263536778149, 35.51784585243839]}, "properties": {"Facility_Name": "Douglas Park Shelter"}}, {"type": "Feature", "geometry": {"type": "Point", "coordinates": [-97.47199319015495, 35.476934289281026]}, "properties": {"Facility_Name": "Douglass Park Shelter"}}, {"type": "Feature", "geometry": {"type": "Point", "coordinates": [-97.56919755900844, 35.350894568828856]}, "properties": {"Facility_Name": "Earlywine Park Shelter"}}, {"type": "Feature", "geometry": {"type": "Point", "coordinates": [-97.57021447977026, 35.351149602006124]}, "properties": {"Facility_Name": "Earlywine Park Shelter"}}, {"type": "Feature", "geometry": {"type": "Point", "coordinates": [-97.51838123180639, 35.50432797936954]}, "properties": {"Facility_Name": "Edgemere Park Shelter"}}, {"type": "Feature", "geometry": {"type": "Point", "coordinates": [-97.46262028836331, 35.483211679565535]}, "properties": {"Facility_Name": "Edwards Park Shelter"}}, {"type": "Feature", "geometry": {"type": "Point", "coordinates": [-97.46222816870451, 35.482995271847436]}, "properties": {"Facility_Name": "Edwards Park Shelter"}}, {"type": "Feature", "geometry": {"type": "Point", "coordinates": [-97.57715726935032, 35.48387343120193]}, "properties": {"Facility_Name": "Girvin Park Shelter"}}, {"type": "Feature", "geometry": {"type": "Point", "coordinates": [-97.66157551387089, 35.575990456547515]}, "properties": {"Facility_Name": "Harvest Hills Park Shelter"}}, {"type": "Feature", "geometry": {"type": "Point", "coordinates": [-97.51653438399292, 35.496736684500796]}, "properties": {"Facility_Name": "Goodholm Park Goodholm Shelter"}}, {"type": "Feature", "geometry": {"type": "Point", "coordinates": [-97.65541441003766, 35.49117689868646]}, "properties": {"Facility_Name": "J.B. Black Park Shelter"}}, {"type": "Feature", "geometry": {"type": "Point", "coordinates": [-97.57758985372604, 35.56020763260545]}, "properties": {"Facility_Name": "Hefner Park Childrens Playground Shelter"}}, {"type": "Feature", "geometry": {"type": "Point", "coordinates": [-97.57794410462373, 35.56008096445334]}, "properties": {"Facility_Name": "Hefner Park Childrens Playground Shelter"}}, {"type": "Feature", "geometry": {"type": "Point", "coordinates": [-97.57982839566381, 35.57445803076942]}, "properties": {"Facility_Name": "Hefner Park Childrens Playground Shelter"}}, {"type": "Feature", "geometry": {"type": "Point", "coordinates": [-97.57936099926451, 35.57380806219562]}, "properties": {"Facility_Name": "Hefner Park Northeast Shelter"}}, {"type": "Feature", "geometry": {"type": "Point", "coordinates": [-97.57920195173266, 35.573851558623645]}, "properties": {"Facility_Name": "Hefner Park Northeast Shelter"}}, {"type": "Feature", "geometry": {"type": "Point", "coordinates": [-97.59330832085105, 35.545435237699]}, "properties": {"Facility_Name": "Hefner Park Northeast Shelter"}}, {"type": "Feature", "geometry": {"type": "Point", "coordinates": [-97.5956919304177, 35.55002027192655]}, "properties": {"Facility_Name": "Lake Hefner Pavilion"}}, {"type": "Feature", "geometry": {"type": "Point", "coordinates": [-97.66423813746808, 35.483504539777705]}, "properties": {"Facility_Name": "Overholser Park Shelter"}}, {"type": "Feature", "geometry": {"type": "Point", "coordinates": [-97.67584000691382, 35.484751569236444]}, "properties": {"Facility_Name": "Overholser Park Shelter"}}, {"type": "Feature", "geometry": {"type": "Point", "coordinates": [-97.52634126809316, 35.41025575791672]}, "properties": {"Facility_Name": "Lippert Park Shelter"}}, {"type": "Feature", "geometry": {"type": "Point", "coordinates": [-97.4309244463184, 35.410479334760694]}, "properties": {"Facility_Name": "Mackleman Park Shelter"}}, {"type": "Feature", "geometry": {"type": "Point", "coordinates": [-97.50338529570017, 35.4003693756561]}, "properties": {"Facility_Name": "McCracken Park Shelter"}}, {"type": "Feature", "geometry": {"type": "Point", "coordinates": [-97.49686835950853, 35.48579853253165]}, "properties": {"Facility_Name": "McMechan Park Shelter"}}, {"type": "Feature", "geometry": {"type": "Point", "coordinates": [-97.65141926840663, 35.47127928213839]}, "properties": {"Facility_Name": "Melrose Park Shelter"}}, {"type": "Feature", "geometry": {"type": "Point", "coordinates": [-97.30784086698029, 35.50668117188051]}, "properties": {"Facility_Name": "Minnis Lakeview Park Shelter"}}, {"type": "Feature", "geometry": {"type": "Point", "coordinates": [-97.48875375506842, 35.50336400854759]}, "properties": {"Facility_Name": "Northeast Center Park Shelter"}}, {"type": "Feature", "geometry": {"type": "Point", "coordinates": [-97.52470740530674, 35.4885665324303]}, "properties": {"Facility_Name": "Perle Mesta Park Shelter"}}, {"type": "Feature", "geometry": {"type": "Point", "coordinates": [-97.48489378997733, 35.49803915466079]}, "properties": {"Facility_Name": "Phillips Park Shelter"}}, {"type": "Feature", "geometry": {"type": "Point", "coordinates": [-97.57399589259572, 35.583629920335085]}, "properties": {"Facility_Name": "Berta Faye Rex Quail Creek Park Shelter"}}, {"type": "Feature", "geometry": {"type": "Point", "coordinates": [-97.53961101250327, 35.614300089500055]}, "properties": {"Facility_Name": "Redlands Park Shelter"}}, {"type": "Feature", "geometry": {"type": "Point", "coordinates": [-97.69142765303391, 35.496485220237105]}, "properties": {"Facility_Name": "Route 66 Park Shelter"}}, {"type": "Feature", "geometry": {"type": "Point", "coordinates": [-97.48310595648954, 35.415944497871294]}, "properties": {"Facility_Name": "Shallowbrook Park Shelter"}}, {"type": "Feature", "geometry": {"type": "Point", "coordinates": [-97.59590404473244, 35.34621641233321]}, "properties": {"Facility_Name": "South Lakes Park Shelter"}}, {"type": "Feature", "geometry": {"type": "Point", "coordinates": [-97.54237090688923, 35.4463549986341]}, "properties": {"Facility_Name": "South Rotary Shelter"}}, {"type": "Feature", "geometry": {"type": "Point", "coordinates": [-97.58252542098991, 35.5517480460273]}, "properties": {"Facility_Name": "Stars and Stripes Park Bob Hope Pavilion "}}, {"type": "Feature", "geometry": {"type": "Point", "coordinates": [-97.55257982295852, 35.499883399352576]}, "properties": {"Facility_Name": "Swatek Park Shelter"}}, {"type": "Feature", "geometry": {"type": "Point", "coordinates": [-97.53507093236072, 35.39611077688907]}, "properties": {"Facility_Name": "Taylor Park Shelter"}}, {"type": "Feature", "geometry": {"type": "Point", "coordinates": [-97.47145506799257, 35.43378056555965]}, "properties": {"Facility_Name": "Trosper Park Shelter"}}, {"type": "Feature", "geometry": {"type": "Point", "coordinates": [-97.51852021110629, 35.44624852091211]}, "properties": {"Facility_Name": "Wiley Post Park Shelter"}}, {"type": "Feature", "geometry": {"type": "Point", "coordinates": [-97.51718853084063, 35.446557483106695]}, "properties": {"Facility_Name": "Wiley Post Park Shelter"}}, {"type": "Feature", "geometry": {"type": "Point", "coordinates": [-97.56651232661562, 35.43224892290961]}, "properties": {"Facility_Name": "Woodson Park Shelter"}}, {"type": "Feature", "geometry": {"type": "Point", "coordinates": [-97.49399392090872, 35.47000722691807]}, "properties": {"Facility_Name": "Booker T. Washington Park Shelter"}}, {"type": "Feature", "geometry": {"type": "Point", "coordinates": [-97.46891363050078, 35.452873647449046]}, "properties": {"Facility_Name": "Bob Akers Park Shelter"}}, {"type": "Feature", "geometry": {"type": "Point", "coordinates": [-97.60033161959454, 35.48552296188074]}, "properties": {"Facility_Name": "E.B. Jeffrey Park Shelter"}}, {"type": "Feature", "geometry": {"type": "Point", "coordinates": [-97.53505413027588, 35.48196912017885]}, "properties": {"Facility_Name": "McKinley Park Shelter"}}, {"type": "Feature", "geometry": {"type": "Point", "coordinates": [-97.64524869057412, 35.47571571833708]}, "properties": {"Facility_Name": "William O. Lytle Park Shelter"}}, {"type": "Feature", "geometry": {"type": "Point", "coordinates": [-97.57299560164172, 35.54538601185253]}, "properties": {"Facility_Name": "Hefner Park NW Optimist Shelter"}}, {"type": "Feature", "geometry": {"type": "Point", "coordinates": [-97.58992945792488, 35.528639368071936]}, "properties": {"Facility_Name": "North Rotary Park Shelter"}}, {"type": "Feature", "geometry": {"type": "Point", "coordinates": [-97.55201780902166, 35.419744332689035]}, "properties": {"Facility_Name": "Youngs Park Shelter"}}, {"type": "Feature", "geometry": {"type": "Point", "coordinates": [-97.52211994049117, 35.42350579313973]}, "properties": {"Facility_Name": "Hosea Vinyard Park Shelter"}}, {"type": "Feature", "geometry": {"type": "Point", "coordinates": [-97.5585459195538, 35.383646965079166]}, "properties": {"Facility_Name": "E.M. Sellers Shelter"}}, {"type": "Feature", "geometry": {"type": "Point", "coordinates": [-97.5680390048982, 35.51444730532497]}, "properties": {"Facility_Name": "Luther Dulaney Park Shelter"}}, {"type": "Feature", "geometry": {"type": "Point", "coordinates": [-97.59289728741187, 35.441337803779234]}, "properties": {"Facility_Name": "Tulsa Park Shelter"}}, {"type": "Feature", "geometry": {"type": "Point", "coordinates": [-97.57399325080605, 35.538926340907175]}, "properties": {"Facility_Name": "Tinsley Park Shelter"}}, {"type": "Feature", "geometry": {"type": "Point", "coordinates": [-97.5698076158818, 35.350609814313934]}, "properties": {"Facility_Name": "Earlywine Park Shelter"}}, {"type": "Feature", "geometry": {"type": "Point", "coordinates": [-97.57022713674488, 35.35064300186758]}, "properties": {"Facility_Name": "Earlywine Park Shelter"}}, {"type": "Feature", "geometry": {"type": "Point", "coordinates": [-97.53612421319373, 35.519203144812835]}, "properties": {"Facility_Name": "Flower Garden Park Shelter"}}, {"type": "Feature", "geometry": {"type": "Point", "coordinates": [-97.60714653500146, 35.488965165574605]}, "properties": {"Facility_Name": "Harlow Park Shelter"}}, {"type": "Feature", "geometry": {"type": "Point", "coordinates": [-97.61490870971443, 35.50026534070623]}, "properties": {"Facility_Name": "Jack W. Cornett Park Shelter"}}, {"type": "Feature", "geometry": {"type": "Point", "coordinates": [-97.57415651405536, 35.44288876209088]}, "properties": {"Facility_Name": "Lorraine Thomas Park Shelter"}}, {"type": "Feature", "geometry": {"type": "Point", "coordinates": [-97.50218344597086, 35.44023131114941]}, "properties": {"Facility_Name": "H.C. Schilling Park Shelter"}}, {"type": "Feature", "geometry": {"type": "Point", "coordinates": [-97.50640821388484, 35.537361515414055]}, "properties": {"Facility_Name": "Dolphin Wharton Shelter"}}, {"type": "Feature", "geometry": {"type": "Point", "coordinates": [-97.34407015069598, 35.515774784299424]}, "properties": {"Facility_Name": "Progressive Community Park Shelter"}}, {"type": "Feature", "geometry": {"type": "Point", "coordinates": [-97.60547715053545, 35.58266946244543]}, "properties": {"Facility_Name": "Pat Murphy Park Shelter"}}, {"type": "Feature", "geometry": {"type": "Point", "coordinates": [-97.52674236213927, 35.45565743318225]}, "properties": {"Facility_Name": "Wheeler Park Pavilion"}}, {"type": "Feature", "geometry": {"type": "Point", "coordinates": [-97.58552703481168, 35.47937193517586]}, "properties": {"Facility_Name": "Meadowbrook Park Shelter"}}, {"type": "Feature", "geometry": {"type": "Point", "coordinates": [-97.60676578349135, 35.58449449782862]}, "properties": {"Facility_Name": "Bluff Creek Park Shelter"}}, {"type": "Feature", "geometry": {"type": "Point", "coordinates": [-97.60659509536389, 35.58441201319617]}, "properties": {"Facility_Name": "Bluff Creek Park Shelter"}}, {"type": "Feature", "geometry": {"type": "Point", "coordinates": [-97.60639183246268, 35.58442355651013]}, "properties": {"Facility_Name": "Bluff Creek Park Shelter"}}, {"type": "Feature", "geometry": {"type": "Point", "coordinates": [-97.60679222081505, 35.58458151091368]}, "properties": {"Facility_Name": "Bluff Creek Park Bench"}}, {"type": "Feature", "geometry": {"type": "Point", "coordinates": [-97.6066706709606, 35.58450418849948]}, "properties": {"Facility_Name": "Bluff Creek Park Bench"}}, {"type": "Feature", "geometry": {"type": "Point", "coordinates": [-97.60649230356842, 35.58446841105342]}, "properties": {"Facility_Name": "Bluff Creek Park Bench"}}, {"type": "Feature", "geometry": {"type": "Point", "coordinates": [-97.60605758424587, 35.584800329994856]}, "properties": {"Facility_Name": "Bluff Creek Park Bench"}}, {"type": "Feature", "geometry": {"type": "Point", "coordinates": [-97.60604693959738, 35.584212058730294]}, "properties": {"Facility_Name": "Bluff Creek Park Bench"}}, {"type": "Feature", "geometry": {"type": "Point", "coordinates": [-97.60603554231959, 35.584273308000185]}, "properties": {"Facility_Name": "Bluff Creek Park Bench"}}, {"type": "Feature", "geometry": {"type": "Point", "coordinates": [-97.60601384677024, 35.584468186005374]}, "properties": {"Facility_Name": "Bluff Creek Park Bench"}}, {"type": "Feature", "geometry": {"type": "Point", "coordinates": [-97.60596326702432, 35.58463053653044]}, "properties": {"Facility_Name": "Bluff Creek Park Bench"}}, {"type": "Feature", "geometry": {"type": "Point", "coordinates": [-97.60592153280878, 35.5847162476156]}, "properties": {"Facility_Name": "Bluff Creek Park Bench"}}, {"type": "Feature", "geometry": {"type": "Point", "coordinates": [-97.60589921541973, 35.584771737367035]}, "properties": {"Facility_Name": "Bluff Creek Park Bench"}}, {"type": "Feature", "geometry": {"type": "Point", "coordinates": [-97.60584598722268, 35.58487946889151]}, "properties": {"Facility_Name": "Bluff Creek Park Bench"}}, {"type": "Feature", "geometry": {"type": "Point", "coordinates": [-97.60562342476095, 35.58528985080012]}, "properties": {"Facility_Name": "Bluff Creek Park Bench"}}, {"type": "Feature", "geometry": {"type": "Point", "coordinates": [-97.60651418614066, 35.58439415995666]}, "properties": {"Facility_Name": "Bluff Creek Park Park Grill"}}, {"type": "Feature", "geometry": {"type": "Point", "coordinates": [-97.60650841999316, 35.584420634774396]}, "properties": {"Facility_Name": "Bluff Creek Park Park Grill"}}, {"type": "Feature", "geometry": {"type": "Point", "coordinates": [-97.60660185577959, 35.58436392562859]}, "properties": {"Facility_Name": "Bluff Creek Park Trash Receptacle"}}, {"type": "Feature", "geometry": {"type": "Point", "coordinates": [-97.6063931656698, 35.58439146990276]}, "properties": {"Facility_Name": "Bluff Creek Park Trash Receptacle"}}, {"type": "Feature", "geometry": {"type": "Point", "coordinates": [-97.60564652278086, 35.58531264577876]}, "properties": {"Facility_Name": "Bluff Creek Park Trash Receptacle"}}, {"type": "Feature", "geometry": {"type": "Point", "coordinates": [-97.60658656624118, 35.584395381994156]}, "properties": {"Facility_Name": "Bluff Creek Park Picnic Table"}}, {"type": "Feature", "geometry": {"type": "Point", "coordinates": [-97.60660480148597, 35.58442692048864]}, "properties": {"Facility_Name": "Bluff Creek Park Picnic Table"}}, {"type": "Feature", "geometry": {"type": "Point", "coordinates": [-97.60677434265887, 35.58449973840393]}, "properties": {"Facility_Name": "Bluff Creek Park Picnic Table"}}, {"type": "Feature", "geometry": {"type": "Point", "coordinates": [-97.60675950753064, 35.58448895836291]}, "properties": {"Facility_Name": "Bluff Creek Park Picnic Table"}}, {"type": "Feature", "geometry": {"type": "Point", "coordinates": [-97.60640426112501, 35.584424110514476]}, "properties": {"Facility_Name": "Bluff Creek Park Picnic Table"}}, {"type": "Feature", "geometry": {"type": "Point", "coordinates": [-97.60638032685141, 35.58442331561114]}, "properties": {"Facility_Name": "Bluff Creek Park Picnic Table"}}, {"type": "Feature", "geometry": {"type": "Point", "coordinates": [-97.60661600080934, 35.5844054956448]}, "properties": {"Facility_Name": "Bluff Creek Park Picnic Table"}}, {"type": "Feature", "geometry": {"type": "Point", "coordinates": [-97.60657274706224, 35.58441512894292]}, "properties": {"Facility_Name": "Bluff Creek Park Picnic Table"}}, {"type": "Feature", "geometry": {"type": "Point", "coordinates": [-97.4689271138525, 35.4528737141085]}, "properties": {"Facility_Name": "Bob Akers Park Picnic Table"}}, {"type": "Feature", "geometry": {"type": "Point", "coordinates": [-97.46890001287163, 35.4528732349856]}, "properties": {"Facility_Name": "Bob Akers Park Picnic Table"}}, {"type": "Feature", "geometry": {"type": "Point", "coordinates": [-97.46849554256079, 35.45272348386338]}, "properties": {"Facility_Name": "Bob Akers Park Bench"}}, {"type": "Feature", "geometry": {"type": "Point", "coordinates": [-97.46843106186067, 35.45279914833035]}, "properties": {"Facility_Name": "Bob Akers Park Bench"}}, {"type": "Feature", "geometry": {"type": "Point", "coordinates": [-97.55013416667691, 35.43131682194614]}, "properties": {"Facility_Name": "Brock Park Bench"}}, {"type": "Feature", "geometry": {"type": "Point", "coordinates": [-97.55013399859197, 35.431346511174816]}, "properties": {"Facility_Name": "Brock Park Bench"}}, {"type": "Feature", "geometry": {"type": "Point", "coordinates": [-97.52457864634953, 35.3721977630074]}, "properties": {"Facility_Name": "Brookwood Park Bench"}}, {"type": "Feature", "geometry": {"type": "Point", "coordinates": [-97.5245383694579, 35.372214294469444]}, "properties": {"Facility_Name": "Brookwood Park Bench"}}, {"type": "Feature", "geometry": {"type": "Point", "coordinates": [-97.52438810771969, 35.37231623367343]}, "properties": {"Facility_Name": "Brookwood Park Picnic Table"}}, {"type": "Feature", "geometry": {"type": "Point", "coordinates": [-97.52477751011058, 35.37234259572555]}, "properties": {"Facility_Name": "Brookwood Park Picnic Table"}}, {"type": "Feature", "geometry": {"type": "Point", "coordinates": [-97.51411504400595, 35.42727557403192]}, "properties": {"Facility_Name": "Draper Park Bench"}}, {"type": "Feature", "geometry": {"type": "Point", "coordinates": [-97.51409382912455, 35.42724293647018]}, "properties": {"Facility_Name": "Draper Park Bench"}}, {"type": "Feature", "geometry": {"type": "Point", "coordinates": [-97.5140636882603, 35.4273122081286]}, "properties": {"Facility_Name": "Draper Park Bench"}}, {"type": "Feature", "geometry": {"type": "Point", "coordinates": [-97.51397147106992, 35.4272176339367]}, "properties": {"Facility_Name": "Draper Park Bench"}}, {"type": "Feature", "geometry": {"type": "Point", "coordinates": [-97.5138778818547, 35.42727591460325]}, "properties": {"Facility_Name": "Draper Park Bench"}}, {"type": "Feature", "geometry": {"type": "Point", "coordinates": [-97.51369968492278, 35.42744831328135]}, "properties": {"Facility_Name": "Draper Park Bench"}}, {"type": "Feature", "geometry": {"type": "Point", "coordinates": [-97.51366601118188, 35.42742814369971]}, "properties": {"Facility_Name": "Draper Park Bench"}}, {"type": "Feature", "geometry": {"type": "Point", "coordinates": [-97.51457043359625, 35.42713736665907]}, "properties": {"Facility_Name": "Draper Park Bench"}}, {"type": "Feature", "geometry": {"type": "Point", "coordinates": [-97.51457188038734, 35.427043653911035]}, "properties": {"Facility_Name": "Draper Park Bench"}}, {"type": "Feature", "geometry": {"type": "Point", "coordinates": [-97.47031567208742, 35.48775757583173]}, "properties": {"Facility_Name": "Creston Hills Park Bench"}}, {"type": "Feature", "geometry": {"type": "Point", "coordinates": [-97.47075951817183, 35.487747154400694]}, "properties": {"Facility_Name": "Creston Hills Picnic Table"}}, {"type": "Feature", "geometry": {"type": "Point", "coordinates": [-97.52456029781051, 35.509945385791234]}, "properties": {"Facility_Name": "Crown Heights Park Picnic Table"}}, {"type": "Feature", "geometry": {"type": "Point", "coordinates": [-97.52430996513418, 35.50996083745894]}, "properties": {"Facility_Name": "Crown Heights Park Bench"}}, {"type": "Feature", "geometry": {"type": "Point", "coordinates": [-97.52427055814461, 35.50996640288935]}, "properties": {"Facility_Name": "Crown Heights Park Bench"}}, {"type": "Feature", "geometry": {"type": "Point", "coordinates": [-97.52411851551695, 35.510224773847355]}, "properties": {"Facility_Name": "Crown Heights Park Picnic Table"}}, {"type": "Feature", "geometry": {"type": "Point", "coordinates": [-97.52402834828524, 35.51037822706946]}, "properties": {"Facility_Name": "Crown Heights Park Bench"}}, {"type": "Feature", "geometry": {"type": "Point", "coordinates": [-97.52381128414837, 35.51039023375226]}, "properties": {"Facility_Name": "Crown Heights Park Bench"}}, {"type": "Feature", "geometry": {"type": "Point", "coordinates": [-97.52212095488714, 35.51046833890994]}, "properties": {"Facility_Name": "Crown Heights Park Bench"}}, {"type": "Feature", "geometry": {"type": "Point", "coordinates": [-97.52210976885685, 35.510073504441095]}, "properties": {"Facility_Name": "Crown Heights Park Bench"}}, {"type": "Feature", "geometry": {"type": "Point", "coordinates": [-97.52196027146603, 35.5101986965168]}, "properties": {"Facility_Name": "Crown Heights Park Bench"}}, {"type": "Feature", "geometry": {"type": "Point", "coordinates": [-97.52184878005284, 35.51042956488564]}, "properties": {"Facility_Name": "Crown Heights Park Bench"}}, {"type": "Feature", "geometry": {"type": "Point", "coordinates": [-97.52354122663787, 35.50980429842777]}, "properties": {"Facility_Name": "Crown Heights Park Bench"}}, {"type": "Feature", "geometry": {"type": "Point", "coordinates": [-97.52368752559687, 35.50992006722837]}, "properties": {"Facility_Name": "Crown Heights Park Bench"}}, {"type": "Feature", "geometry": {"type": "Point", "coordinates": [-97.52365055158444, 35.509811891653264]}, "properties": {"Facility_Name": "Crown Heights Park Bench"}}, {"type": "Feature", "geometry": {"type": "Point", "coordinates": [-97.52211880886603, 35.51019492277484]}, "properties": {"Facility_Name": "Crown Heights Park Bench"}}, {"type": "Feature", "geometry": {"type": "Point", "coordinates": [-97.5266929005309, 35.50878742153255]}, "properties": {"Facility_Name": "Crown Heights Park Picnic Table"}}, {"type": "Feature", "geometry": {"type": "Point", "coordinates": [-97.56877114918339, 35.49501072856563]}, "properties": {"Facility_Name": "Denniston Park Bench"}}, {"type": "Feature", "geometry": {"type": "Point", "coordinates": [-97.5687066638163, 35.49517933240013]}, "properties": {"Facility_Name": "Denniston Park Picnic Table"}}, {"type": "Feature", "geometry": {"type": "Point", "coordinates": [-97.5064402189775, 35.53726341010874]}, "properties": {"Facility_Name": "Dolphin Wharton Picnic Table"}}, {"type": "Feature", "geometry": {"type": "Point", "coordinates": [-97.50638614740379, 35.53729066906406]}, "properties": {"Facility_Name": "Dolphin Wharton Bench"}}, {"type": "Feature", "geometry": {"type": "Point", "coordinates": [-97.50638636248325, 35.53725609209513]}, "properties": {"Facility_Name": "Dolphin Wharton Bench"}}, {"type": "Feature", "geometry": {"type": "Point", "coordinates": [-97.52288901382508, 35.51773747813903]}, "properties": {"Facility_Name": "Douglas Park Bench"}}, {"type": "Feature", "geometry": {"type": "Point", "coordinates": [-97.52286652383687, 35.51771830977124]}, "properties": {"Facility_Name": "Douglas Park Bench"}}, {"type": "Feature", "geometry": {"type": "Point", "coordinates": [-97.52280486161999, 35.517665002843486]}, "properties": {"Facility_Name": "Douglas Park Bench"}}, {"type": "Feature", "geometry": {"type": "Point", "coordinates": [-97.5227808916951, 35.51764940580728]}, "properties": {"Facility_Name": "Douglas Park Bench"}}, {"type": "Feature", "geometry": {"type": "Point", "coordinates": [-97.52273356537778, 35.51787993626891]}, "properties": {"Facility_Name": "Douglas Park Bench"}}, {"type": "Feature", "geometry": {"type": "Point", "coordinates": [-97.52270728166454, 35.5178851970227]}, "properties": {"Facility_Name": "Douglas Park Bench"}}, {"type": "Feature", "geometry": {"type": "Point", "coordinates": [-97.5228493098524, 35.51791319191959]}, "properties": {"Facility_Name": "Douglas Park Picnic Table"}}, {"type": "Feature", "geometry": {"type": "Point", "coordinates": [-97.52264548319133, 35.517854542962866]}, "properties": {"Facility_Name": "Douglas Park Picnic Table"}}, {"type": "Feature", "geometry": {"type": "Point", "coordinates": [-97.52262297888602, 35.517837759354585]}, "properties": {"Facility_Name": "Douglas Park Picnic Table"}}, {"type": "Feature", "geometry": {"type": "Point", "coordinates": [-97.52267903055258, 35.5191329583129]}, "properties": {"Facility_Name": "Douglas Park Bench"}}, {"type": "Feature", "geometry": {"type": "Point", "coordinates": [-97.52244584152352, 35.51929990490141]}, "properties": {"Facility_Name": "Douglas Park Bench"}}, {"type": "Feature", "geometry": {"type": "Point", "coordinates": [-97.52201880676793, 35.519300094909475]}, "properties": {"Facility_Name": "Douglas Park Bench"}}, {"type": "Feature", "geometry": {"type": "Point", "coordinates": [-97.52178290355025, 35.51894906863009]}, "properties": {"Facility_Name": "Douglas Park Bench"}}, {"type": "Feature", "geometry": {"type": "Point", "coordinates": [-97.52145337606032, 35.518645358290826]}, "properties": {"Facility_Name": "Douglas Park Bench"}}, {"type": "Feature", "geometry": {"type": "Point", "coordinates": [-97.52123582787661, 35.518346869175765]}, "properties": {"Facility_Name": "Douglas Park Bench"}}, {"type": "Feature", "geometry": {"type": "Point", "coordinates": [-97.47225613422168, 35.47798695315627]}, "properties": {"Facility_Name": "Douglass Park Bench"}}, {"type": "Feature", "geometry": {"type": "Point", "coordinates": [-97.47222463479618, 35.477988959112395]}, "properties": {"Facility_Name": "Douglass Park Bench"}}, {"type": "Feature", "geometry": {"type": "Point", "coordinates": [-97.47234791393005, 35.47750153347088]}, "properties": {"Facility_Name": "Douglass Park Bench"}}, {"type": "Feature", "geometry": {"type": "Point", "coordinates": [-97.4723272422419, 35.47748653750742]}, "properties": {"Facility_Name": "Douglass Park Bench"}}, {"type": "Feature", "geometry": {"type": "Point", "coordinates": [-97.47229433768966, 35.477667033573496]}, "properties": {"Facility_Name": "Douglass Park Bench"}}, {"type": "Feature", "geometry": {"type": "Point", "coordinates": [-97.47220017501122, 35.47757867856654]}, "properties": {"Facility_Name": "Douglass Park Bench"}}, {"type": "Feature", "geometry": {"type": "Point", "coordinates": [-97.47218774813456, 35.47752943791502]}, "properties": {"Facility_Name": "Douglass Park Picnic Table"}}, {"type": "Feature", "geometry": {"type": "Point", "coordinates": [-97.47237871843438, 35.477527306373936]}, "properties": {"Facility_Name": "Douglass Park Picnic Table"}}, {"type": "Feature", "geometry": {"type": "Point", "coordinates": [-97.47238631919959, 35.47753509052692]}, "properties": {"Facility_Name": "Douglass Park Shelter"}}, {"type": "Feature", "geometry": {"type": "Point", "coordinates": [-97.47233295520229, 35.47750415016858]}, "properties": {"Facility_Name": "Douglass Park Shelter"}}, {"type": "Feature", "geometry": {"type": "Point", "coordinates": [-97.47219099748331, 35.477533923763936]}, "properties": {"Facility_Name": "Douglass Park Shelter"}}, {"type": "Feature", "geometry": {"type": "Point", "coordinates": [-97.47218433146293, 35.47691400553493]}, "properties": {"Facility_Name": "Douglass Park Bench"}}, {"type": "Feature", "geometry": {"type": "Point", "coordinates": [-97.47218392610284, 35.476887295212784]}, "properties": {"Facility_Name": "Douglass Park Bench"}}, {"type": "Feature", "geometry": {"type": "Point", "coordinates": [-97.47177444658269, 35.47717497881302]}, "properties": {"Facility_Name": "Douglass Park Bench"}}, {"type": "Feature", "geometry": {"type": "Point", "coordinates": [-97.4717203025548, 35.47716281440204]}, "properties": {"Facility_Name": "Douglass Park Bench"}}, {"type": "Feature", "geometry": {"type": "Point", "coordinates": [-97.47179116829803, 35.47685245995019]}, "properties": {"Facility_Name": "Douglass Park Picnic Table"}}, {"type": "Feature", "geometry": {"type": "Point", "coordinates": [-97.47168923962063, 35.4768910564437]}, "properties": {"Facility_Name": "Douglass Park Picnic Table"}}, {"type": "Feature", "geometry": {"type": "Point", "coordinates": [-97.47201478738094, 35.47692738127792]}, "properties": {"Facility_Name": "Douglass Park Picnic Table"}}, {"type": "Feature", "geometry": {"type": "Point", "coordinates": [-97.47196915345434, 35.476939698364546]}, "properties": {"Facility_Name": "Douglass Park Picnic Table"}}, {"type": "Feature", "geometry": {"type": "Point", "coordinates": [-97.60037170895698, 35.48576740990053]}, "properties": {"Facility_Name": "E.B. Jeffrey Park Picnic Table"}}, {"type": "Feature", "geometry": {"type": "Point", "coordinates": [-97.60021144868524, 35.485770875650445]}, "properties": {"Facility_Name": "E.B. Jeffrey Park Picnic Table"}}, {"type": "Feature", "geometry": {"type": "Point", "coordinates": [-97.60029795442652, 35.48577689115589]}, "properties": {"Facility_Name": "E.B. Jeffrey Park Bench"}}, {"type": "Feature", "geometry": {"type": "Point", "coordinates": [-97.60026950581417, 35.48580994263979]}, "properties": {"Facility_Name": "E.B. Jeffrey Park Bench"}}, {"type": "Feature", "geometry": {"type": "Point", "coordinates": [-97.6002500266192, 35.48579890726288]}, "properties": {"Facility_Name": "E.B. Jeffrey Park Bench"}}, {"type": "Feature", "geometry": {"type": "Point", "coordinates": [-97.60021907814743, 35.4856335425166]}, "properties": {"Facility_Name": "E.B. Jeffrey Park Bench"}}, {"type": "Feature", "geometry": {"type": "Point", "coordinates": [-97.60034996191733, 35.48563922974728]}, "properties": {"Facility_Name": "E.B. Jeffrey Park Bench"}}, {"type": "Feature", "geometry": {"type": "Point", "coordinates": [-97.60023552444703, 35.48578383457612]}, "properties": {"Facility_Name": "E.B. Jeffrey Park Trash Receptacle"}}, {"type": "Feature", "geometry": {"type": "Point", "coordinates": [-97.60018401719914, 35.48576386844881]}, "properties": {"Facility_Name": "E.B. Jeffrey Park Trash Receptacle"}}, {"type": "Feature", "geometry": {"type": "Point", "coordinates": [-97.60034131707624, 35.48523808762843]}, "properties": {"Facility_Name": "E.B. Jeffrey Park Bench"}}, {"type": "Feature", "geometry": {"type": "Point", "coordinates": [-97.6001648330142, 35.4853281113587]}, "properties": {"Facility_Name": "E.B. Jeffrey Park Bench"}}, {"type": "Feature", "geometry": {"type": "Point", "coordinates": [-97.60037405353673, 35.48577231187814]}, "properties": {"Facility_Name": "E.B. Jeffrey Park Shelter"}}, {"type": "Feature", "geometry": {"type": "Point", "coordinates": [-97.60026646307779, 35.485801878334904]}, "properties": {"Facility_Name": "E.B. Jeffrey Park Shelter"}}, {"type": "Feature", "geometry": {"type": "Point", "coordinates": [-97.60021322981844, 35.48577737464807]}, "properties": {"Facility_Name": "E.B. Jeffrey Park Shelter"}}, {"type": "Feature", "geometry": {"type": "Point", "coordinates": [-97.48759879319661, 35.520795584460586]}, "properties": {"Facility_Name": "E.W. Perry Park Shelter"}}, {"type": "Feature", "geometry": {"type": "Point", "coordinates": [-97.4876053920077, 35.52079567241951]}, "properties": {"Facility_Name": "E.W. Perry Park Picnic Table"}}, {"type": "Feature", "geometry": {"type": "Point", "coordinates": [-97.48769749901692, 35.5210322177016]}, "properties": {"Facility_Name": "E.W. Perry Park Picnic Table"}}, {"type": "Feature", "geometry": {"type": "Point", "coordinates": [-97.487566170917, 35.5210874530303]}, "properties": {"Facility_Name": "E.W. Perry Park Bench"}}, {"type": "Feature", "geometry": {"type": "Point", "coordinates": [-97.48739878466235, 35.52118099871322]}, "properties": {"Facility_Name": "E.W. Perry Park Bench"}}, {"type": "Feature", "geometry": {"type": "Point", "coordinates": [-97.4873570166414, 35.521180437160965]}, "properties": {"Facility_Name": "E.W. Perry Park Bench"}}, {"type": "Feature", "geometry": {"type": "Point", "coordinates": [-97.48735656839571, 35.52121382157625]}, "properties": {"Facility_Name": "E.W. Perry Park Bench"}}, {"type": "Feature", "geometry": {"type": "Point", "coordinates": [-97.48739693276572, 35.521214758324156]}, "properties": {"Facility_Name": "E.W. Perry Park Bench"}}, {"type": "Feature", "geometry": {"type": "Point", "coordinates": [-97.48720385200743, 35.52115707276259]}, "properties": {"Facility_Name": "E.W. Perry Picnic Table"}}, {"type": "Feature", "geometry": {"type": "Point", "coordinates": [-97.57076408572148, 35.35071712670845]}, "properties": {"Facility_Name": "Earlywine Park Picnic Table"}}, {"type": "Feature", "geometry": {"type": "Point", "coordinates": [-97.57028002685583, 35.35074577676712]}, "properties": {"Facility_Name": "Earlywine Park Picnic Table"}}, {"type": "Feature", "geometry": {"type": "Point", "coordinates": [-97.56947686765932, 35.3507094756634]}, "properties": {"Facility_Name": "Earlywine Park Picnic Table"}}, {"type": "Feature", "geometry": {"type": "Point", "coordinates": [-97.56867031937942, 35.351409860232756]}, "properties": {"Facility_Name": "Earlywine Park Picnic Table"}}, {"type": "Feature", "geometry": {"type": "Point", "coordinates": [-97.56892332170133, 35.351344962616295]}, "properties": {"Facility_Name": "Earlywine Park Picnic Table"}}, {"type": "Feature", "geometry": {"type": "Point", "coordinates": [-97.56923570235413, 35.35149538064143]}, "properties": {"Facility_Name": "Earlywine Park Picnic Table"}}, {"type": "Feature", "geometry": {"type": "Point", "coordinates": [-97.56952879224853, 35.35144541325011]}, "properties": {"Facility_Name": "Earlywine Park Picnic Table"}}, {"type": "Feature", "geometry": {"type": "Point", "coordinates": [-97.56999502661884, 35.35145736004468]}, "properties": {"Facility_Name": "Earlywine Park Picnic Table"}}, {"type": "Feature", "geometry": {"type": "Point", "coordinates": [-97.57015134731515, 35.3505122784366]}, "properties": {"Facility_Name": "Earlywine Park Picnic Table"}}, {"type": "Feature", "geometry": {"type": "Point", "coordinates": [-97.57006987092267, 35.35099269674183]}, "properties": {"Facility_Name": "Earlywine Park Picnic Table"}}, {"type": "Feature", "geometry": {"type": "Point", "coordinates": [-97.57027828877192, 35.350882802990554]}, "properties": {"Facility_Name": "Earlywine Park Bench"}}, {"type": "Feature", "geometry": {"type": "Point", "coordinates": [-97.57011078807108, 35.3507462679309]}, "properties": {"Facility_Name": "Earlywine Park Bench"}}, {"type": "Feature", "geometry": {"type": "Point", "coordinates": [-97.56982751225836, 35.35070422365626]}, "properties": {"Facility_Name": "Earlywine Park Bench"}}, {"type": "Feature", "geometry": {"type": "Point", "coordinates": [-97.51820114963026, 35.50418497175051]}, "properties": {"Facility_Name": "Edgemere Park Trash Receptacle"}}, {"type": "Feature", "geometry": {"type": "Point", "coordinates": [-97.51849630559965, 35.50451060329988]}, "properties": {"Facility_Name": "Edgemere Park Bench"}}, {"type": "Feature", "geometry": {"type": "Point", "coordinates": [-97.51838930044607, 35.504338112164746]}, "properties": {"Facility_Name": "Edgemere Park Picnic Table"}}, {"type": "Feature", "geometry": {"type": "Point", "coordinates": [-97.51837499498868, 35.50431659127104]}, "properties": {"Facility_Name": "Edgemere Park Picnic Table"}}, {"type": "Feature", "geometry": {"type": "Point", "coordinates": [-97.51842826305881, 35.506652936553074]}, "properties": {"Facility_Name": "Edgemere Park Bench"}}, {"type": "Feature", "geometry": {"type": "Point", "coordinates": [-97.51827352574087, 35.506164758476224]}, "properties": {"Facility_Name": "Edgemere Park Bench"}}, {"type": "Feature", "geometry": {"type": "Point", "coordinates": [-97.51872609712433, 35.50541630203787]}, "properties": {"Facility_Name": "Edgemere Park Bench"}}, {"type": "Feature", "geometry": {"type": "Point", "coordinates": [-97.51789379815447, 35.505121990156695]}, "properties": {"Facility_Name": "Edgemere Park Bench"}}, {"type": "Feature", "geometry": {"type": "Point", "coordinates": [-97.46224886399017, 35.48299402265471]}, "properties": {"Facility_Name": "Edwards Park Picnic Table"}}, {"type": "Feature", "geometry": {"type": "Point", "coordinates": [-97.46220470222522, 35.482992749113706]}, "properties": {"Facility_Name": "Edwards Park Picnic Table"}}, {"type": "Feature", "geometry": {"type": "Point", "coordinates": [-97.46160098542721, 35.482892209223294]}, "properties": {"Facility_Name": "Edwards Park Picnic Table"}}, {"type": "Feature", "geometry": {"type": "Point", "coordinates": [-97.46164489654447, 35.48280154995661]}, "properties": {"Facility_Name": "Edwards Park Bench"}}, {"type": "Feature", "geometry": {"type": "Point", "coordinates": [-97.46162534122479, 35.48278321873143]}, "properties": {"Facility_Name": "Edwards Park Bench"}}, {"type": "Feature", "geometry": {"type": "Point", "coordinates": [-97.46175302671465, 35.483495279010086]}, "properties": {"Facility_Name": "Edwards Park Bench"}}, {"type": "Feature", "geometry": {"type": "Point", "coordinates": [-97.46175199072233, 35.48345449630837]}, "properties": {"Facility_Name": "Edwards Park Bench"}}, {"type": "Feature", "geometry": {"type": "Point", "coordinates": [-97.46282597688531, 35.482989014336816]}, "properties": {"Facility_Name": "Edwards Park Bench"}}, {"type": "Feature", "geometry": {"type": "Point", "coordinates": [-97.46340206376433, 35.48290720059574]}, "properties": {"Facility_Name": "Edwards Park Bench"}}, {"type": "Feature", "geometry": {"type": "Point", "coordinates": [-97.46376546284188, 35.48237132642779]}, "properties": {"Facility_Name": "Edwards Park Bench"}}, {"type": "Feature", "geometry": {"type": "Point", "coordinates": [-97.46231054328915, 35.481519241295366]}, "properties": {"Facility_Name": "Edwards Park Bench"}}, {"type": "Feature", "geometry": {"type": "Point", "coordinates": [-97.46170809900828, 35.48243701394252]}, "properties": {"Facility_Name": "Edwards Park Bench"}}, {"type": "Feature", "geometry": {"type": "Point", "coordinates": [-97.53633067598298, 35.51930215858924]}, "properties": {"Facility_Name": "Flower Garden Park Picnic Table"}}, {"type": "Feature", "geometry": {"type": "Point", "coordinates": [-97.53627601524894, 35.51897237815186]}, "properties": {"Facility_Name": "Flower Garden Park Bench"}}, {"type": "Feature", "geometry": {"type": "Point", "coordinates": [-97.5361287446092, 35.51921647483798]}, "properties": {"Facility_Name": "Flower Garden Park Picnic Table"}}, {"type": "Feature", "geometry": {"type": "Point", "coordinates": [-97.53612246401052, 35.51919307937882]}, "properties": {"Facility_Name": "Flower Garden Park Picnic Table"}}, {"type": "Feature", "geometry": {"type": "Point", "coordinates": [-97.53542720027427, 35.51924276622491]}, "properties": {"Facility_Name": "Flower Garden Park Bench"}}, {"type": "Feature", "geometry": {"type": "Point", "coordinates": [-97.53540473649075, 35.51921853319131]}, "properties": {"Facility_Name": "Flower Garden Park Bench"}}, {"type": "Feature", "geometry": {"type": "Point", "coordinates": [-97.59791592227515, 35.50296142655948]}, "properties": {"Facility_Name": "Geraldine Park Bench"}}, {"type": "Feature", "geometry": {"type": "Point", "coordinates": [-97.59790116168126, 35.50297377672893]}, "properties": {"Facility_Name": "Geraldine Park Bench"}}, {"type": "Feature", "geometry": {"type": "Point", "coordinates": [-97.59776374809373, 35.50309437099386]}, "properties": {"Facility_Name": "Geraldine Park Picnic Table"}}, {"type": "Feature", "geometry": {"type": "Point", "coordinates": [-97.57716860087473, 35.48388416285354]}, "properties": {"Facility_Name": "Girvin Park Picnic Table"}}, {"type": "Feature", "geometry": {"type": "Point", "coordinates": [-97.57714362912918, 35.48386499686424]}, "properties": {"Facility_Name": "Girvin Park Picnic Table"}}, {"type": "Feature", "geometry": {"type": "Point", "coordinates": [-97.5771144985143, 35.48364120708756]}, "properties": {"Facility_Name": "Girvin Park Picnic Table"}}, {"type": "Feature", "geometry": {"type": "Point", "coordinates": [-97.57701721779169, 35.483731956316156]}, "properties": {"Facility_Name": "Girvin Park Bench"}}, {"type": "Feature", "geometry": {"type": "Point", "coordinates": [-97.57696473590516, 35.48373224607659]}, "properties": {"Facility_Name": "Girvin Park Bench"}}, {"type": "Feature", "geometry": {"type": "Point", "coordinates": [-97.49092435790534, 35.49215908180049]}, "properties": {"Facility_Name": "Glen Ellyn Park Bench"}}, {"type": "Feature", "geometry": {"type": "Point", "coordinates": [-97.49086791378487, 35.49216241703304]}, "properties": {"Facility_Name": "Glen Ellyn Park Bench"}}, {"type": "Feature", "geometry": {"type": "Point", "coordinates": [-97.4909393422483, 35.49200497344043]}, "properties": {"Facility_Name": "Glen Ellyn Park Bench"}}, {"type": "Feature", "geometry": {"type": "Point", "coordinates": [-97.49093652435324, 35.49232639901572]}, "properties": {"Facility_Name": "Glen Ellyn Park Pavilion"}}, {"type": "Feature", "geometry": {"type": "Point", "coordinates": [-97.51633280089617, 35.497536648151076]}, "properties": {"Facility_Name": "Goodholm Park Bench"}}, {"type": "Feature", "geometry": {"type": "Point", "coordinates": [-97.5169501364348, 35.49690909552885]}, "properties": {"Facility_Name": "Goodholm Park Bench"}}, {"type": "Feature", "geometry": {"type": "Point", "coordinates": [-97.51620810745874, 35.496176511567654]}, "properties": {"Facility_Name": "Goodholm Park Bench"}}, {"type": "Feature", "geometry": {"type": "Point", "coordinates": [-97.51629087750128, 35.49639569647367]}, "properties": {"Facility_Name": "Goodholm Park Bench"}}, {"type": "Feature", "geometry": {"type": "Point", "coordinates": [-97.51621323999119, 35.49639538011855]}, "properties": {"Facility_Name": "Goodholm Park Bench"}}, {"type": "Feature", "geometry": {"type": "Point", "coordinates": [-97.51612905147519, 35.49639324791464]}, "properties": {"Facility_Name": "Goodholm Park Bench"}}, {"type": "Feature", "geometry": {"type": "Point", "coordinates": [-97.51626937123847, 35.49686247677491]}, "properties": {"Facility_Name": "Goodholm Park Bench"}}, {"type": "Feature", "geometry": {"type": "Point", "coordinates": [-97.5164622184068, 35.49675118016584]}, "properties": {"Facility_Name": "Goodholm Park Bench"}}, {"type": "Feature", "geometry": {"type": "Point", "coordinates": [-97.51623479960806, 35.49669767043101]}, "properties": {"Facility_Name": "Goodholm Park Picnic Table"}}, {"type": "Feature", "geometry": {"type": "Point", "coordinates": [-97.51654139362199, 35.49675043006158]}, "properties": {"Facility_Name": "Goodholm Park Picnic Table"}}, {"type": "Feature", "geometry": {"type": "Point", "coordinates": [-97.5165293038531, 35.49672462503393]}, "properties": {"Facility_Name": "Goodholm Park Picnic Table"}}, {"type": "Feature", "geometry": {"type": "Point", "coordinates": [-97.59174445081067, 35.48314389033731]}, "properties": {"Facility_Name": "Grant Corbin Park Picnic Table"}}, {"type": "Feature", "geometry": {"type": "Point", "coordinates": [-97.59190182497981, 35.483156653206336]}, "properties": {"Facility_Name": "Grant Corbin Park Bench"}}, {"type": "Feature", "geometry": {"type": "Point", "coordinates": [-97.59193222546666, 35.48312724719826]}, "properties": {"Facility_Name": "Grant Corbin Park Bench"}}, {"type": "Feature", "geometry": {"type": "Point", "coordinates": [-97.59038548753833, 35.60764741121074]}, "properties": {"Facility_Name": "Green's Tot-Lot  Bench"}}, {"type": "Feature", "geometry": {"type": "Point", "coordinates": [-97.59033213237481, 35.60765944909234]}, "properties": {"Facility_Name": "Green's Tot-Lot  Bench"}}, {"type": "Feature", "geometry": {"type": "Point", "coordinates": [-97.59037131759862, 35.607846486425146]}, "properties": {"Facility_Name": "Green's Tot-Lot  Bench"}}, {"type": "Feature", "geometry": {"type": "Point", "coordinates": [-97.59049901211596, 35.60774188527477]}, "properties": {"Facility_Name": "Green's Tot-Lot  Picnic Table"}}, {"type": "Feature", "geometry": {"type": "Point", "coordinates": [-97.46957524609383, 35.49831274884843]}, "properties": {"Facility_Name": "Harden Park Bench"}}, {"type": "Feature", "geometry": {"type": "Point", "coordinates": [-97.46957449532016, 35.49826147352243]}, "properties": {"Facility_Name": "Harden Park Bench"}}, {"type": "Feature", "geometry": {"type": "Point", "coordinates": [-97.60718734129884, 35.48917487193862]}, "properties": {"Facility_Name": "Harlow Park Bench"}}, {"type": "Feature", "geometry": {"type": "Point", "coordinates": [-97.6071874811494, 35.489205634825815]}, "properties": {"Facility_Name": "Harlow Park Bench"}}, {"type": "Feature", "geometry": {"type": "Point", "coordinates": [-97.60706792989406, 35.489053166555564]}, "properties": {"Facility_Name": "Harlow Park Picnic Table"}}, {"type": "Feature", "geometry": {"type": "Point", "coordinates": [-97.60719727337539, 35.48882633159466]}, "properties": {"Facility_Name": "Harlow Park Bench"}}, {"type": "Feature", "geometry": {"type": "Point", "coordinates": [-97.60725972824173, 35.48880000834454]}, "properties": {"Facility_Name": "Harlow Park Bench"}}, {"type": "Feature", "geometry": {"type": "Point", "coordinates": [-97.60730517255026, 35.488690522206525]}, "properties": {"Facility_Name": "Harlow Park Bench"}}, {"type": "Feature", "geometry": {"type": "Point", "coordinates": [-97.60730911107838, 35.487982599321555]}, "properties": {"Facility_Name": "Harlow Park Bench"}}, {"type": "Feature", "geometry": {"type": "Point", "coordinates": [-97.60638145224388, 35.48789796965678]}, "properties": {"Facility_Name": "Harlow Park Bench"}}, {"type": "Feature", "geometry": {"type": "Point", "coordinates": [-97.60575904758882, 35.48799463127045]}, "properties": {"Facility_Name": "Harlow Park Bench"}}, {"type": "Feature", "geometry": {"type": "Point", "coordinates": [-97.60589118264684, 35.48895336406524]}, "properties": {"Facility_Name": "Harlow Park Bench"}}, {"type": "Feature", "geometry": {"type": "Point", "coordinates": [-97.60645789231289, 35.488976706962134]}, "properties": {"Facility_Name": "Harlow Park Bench"}}, {"type": "Feature", "geometry": {"type": "Point", "coordinates": [-97.60716328978104, 35.488956993013495]}, "properties": {"Facility_Name": "Harlow Park Picnic Table"}}, {"type": "Feature", "geometry": {"type": "Point", "coordinates": [-97.607130842403, 35.48897381663622]}, "properties": {"Facility_Name": "Harlow Park Picnic Table"}}, {"type": "Feature", "geometry": {"type": "Point", "coordinates": [-97.66174620685557, 35.57634215569663]}, "properties": {"Facility_Name": "Harvest Hills Park Bench"}}, {"type": "Feature", "geometry": {"type": "Point", "coordinates": [-97.66160057292815, 35.576097428043575]}, "properties": {"Facility_Name": "Harvest Hills Park Bench"}}, {"type": "Feature", "geometry": {"type": "Point", "coordinates": [-97.66149557145927, 35.57607817005346]}, "properties": {"Facility_Name": "Harvest Hills Park Bench"}}, {"type": "Feature", "geometry": {"type": "Point", "coordinates": [-97.66150596800412, 35.575899346581124]}, "properties": {"Facility_Name": "Harvest Hills Park Picnic Table"}}, {"type": "Feature", "geometry": {"type": "Point", "coordinates": [-97.66147800008001, 35.57598905127525]}, "properties": {"Facility_Name": "Harvest Hills Park Picnic Table"}}, {"type": "Feature", "geometry": {"type": "Point", "coordinates": [-97.66157220185714, 35.575973937918796]}, "properties": {"Facility_Name": "Harvest Hills Park Picnic Table"}}, {"type": "Feature", "geometry": {"type": "Point", "coordinates": [-97.66157993670129, 35.57600829965204]}, "properties": {"Facility_Name": "Harvest Hills Park Picnic Table"}}, {"type": "Feature", "geometry": {"type": "Point", "coordinates": [-97.66180384281178, 35.57648218238259]}, "properties": {"Facility_Name": "Harvest Hills Park Bench"}}, {"type": "Feature", "geometry": {"type": "Point", "coordinates": [-97.66183435523747, 35.5765144629125]}, "properties": {"Facility_Name": "Harvest Hills Park Bench"}}, {"type": "Feature", "geometry": {"type": "Point", "coordinates": [-97.66193795847383, 35.576553390300994]}, "properties": {"Facility_Name": "Harvest Hills Park Bench"}}, {"type": "Feature", "geometry": {"type": "Point", "coordinates": [-97.66278691236215, 35.57625210953961]}, "properties": {"Facility_Name": "Harvest Hills Park Bench"}}, {"type": "Feature", "geometry": {"type": "Point", "coordinates": [-97.66243605983252, 35.57556431754289]}, "properties": {"Facility_Name": "Harvest Hills Park Bench"}}, {"type": "Feature", "geometry": {"type": "Point", "coordinates": [-97.49733837573682, 35.42771500044622]}, "properties": {"Facility_Name": "Frank Hathaway Park Bench"}}, {"type": "Feature", "geometry": {"type": "Point", "coordinates": [-97.49885351729, 35.427606349857356]}, "properties": {"Facility_Name": "Frank Hathaway Park Bench"}}, {"type": "Feature", "geometry": {"type": "Point", "coordinates": [-97.49894422514815, 35.426354938287396]}, "properties": {"Facility_Name": "Frank Hathaway Park Bench"}}, {"type": "Feature", "geometry": {"type": "Point", "coordinates": [-97.49715449909411, 35.42656524722789]}, "properties": {"Facility_Name": "Frank Hathaway Park Bench"}}, {"type": "Feature", "geometry": {"type": "Point", "coordinates": [-97.49804601439007, 35.42573145366838]}, "properties": {"Facility_Name": "Frank Hathaway Park Bench"}}, {"type": "Feature", "geometry": {"type": "Point", "coordinates": [-97.49798808094901, 35.42586284429036]}, "properties": {"Facility_Name": "Frank Hathaway Park Bench"}}, {"type": "Feature", "geometry": {"type": "Point", "coordinates": [-97.49822250508022, 35.42592631568834]}, "properties": {"Facility_Name": "Frank Hathaway Park Bench"}}, {"type": "Feature", "geometry": {"type": "Point", "coordinates": [-97.4981863824567, 35.42592568607934]}, "properties": {"Facility_Name": "Frank Hathaway Park Bench"}}, {"type": "Feature", "geometry": {"type": "Point", "coordinates": [-97.49789199383471, 35.42594590215741]}, "properties": {"Facility_Name": "Frank Hathaway Park Shelter"}}, {"type": "Feature", "geometry": {"type": "Point", "coordinates": [-97.49791761430215, 35.42594887225823]}, "properties": {"Facility_Name": "Frank Hathaway Park Picnic Table"}}, {"type": "Feature", "geometry": {"type": "Point", "coordinates": [-97.49786869841537, 35.42594389637728]}, "properties": {"Facility_Name": "Frank Hathaway Park Picnic Table"}}, {"type": "Feature", "geometry": {"type": "Point", "coordinates": [-97.57294329262437, 35.545737758211146]}, "properties": {"Facility_Name": "Hefner Park Northwest Optimist Center Bench"}}, {"type": "Feature", "geometry": {"type": "Point", "coordinates": [-97.57293563377375, 35.545696951925414]}, "properties": {"Facility_Name": "Hefner Park Northwest Optimist Bench"}}, {"type": "Feature", "geometry": {"type": "Point", "coordinates": [-97.57294966070512, 35.54553031095771]}, "properties": {"Facility_Name": "Hefner Park Northwest Optimist Picnic Table"}}, {"type": "Feature", "geometry": {"type": "Point", "coordinates": [-97.57300684176988, 35.54539476249013]}, "properties": {"Facility_Name": "Hefner Park Northwest Optimist Picnic Table"}}, {"type": "Feature", "geometry": {"type": "Point", "coordinates": [-97.57298367102037, 35.545373598522396]}, "properties": {"Facility_Name": "Hefner Park Northwest Optimist Picnic Table"}}, {"type": "Feature", "geometry": {"type": "Point", "coordinates": [-97.57317614210356, 35.54532387200564]}, "properties": {"Facility_Name": "Hefner Park Northwest Optimist Bench"}}, {"type": "Feature", "geometry": {"type": "Point", "coordinates": [-97.5733381076714, 35.54572627830806]}, "properties": {"Facility_Name": "Hefner Park Northwest Optimist Bench"}}, {"type": "Feature", "geometry": {"type": "Point", "coordinates": [-97.57454928809793, 35.54608415650773]}, "properties": {"Facility_Name": "Hefner Park Northwest Optimist Bench"}}, {"type": "Feature", "geometry": {"type": "Point", "coordinates": [-97.57359994281136, 35.54478406428845]}, "properties": {"Facility_Name": "Hefner Park Northwest Optimist Bench"}}, {"type": "Feature", "geometry": {"type": "Point", "coordinates": [-97.57241323625533, 35.54554708074538]}, "properties": {"Facility_Name": "Hefner Park Northwest Optimist Bench"}}, {"type": "Feature", "geometry": {"type": "Point", "coordinates": [-97.57242158151192, 35.54573121003391]}, "properties": {"Facility_Name": "Hefner Park Northwest Optimist Bench"}}, {"type": "Feature", "geometry": {"type": "Point", "coordinates": [-97.57234885477352, 35.54579867428136]}, "properties": {"Facility_Name": "Hefner Park Northwest Optimist Bench"}}, {"type": "Feature", "geometry": {"type": "Point", "coordinates": [-97.57202553102202, 35.54580323317524]}, "properties": {"Facility_Name": "Hefner Park Northwest Optimist Bench"}}, {"type": "Feature", "geometry": {"type": "Point", "coordinates": [-97.57233512666683, 35.54596364703822]}, "properties": {"Facility_Name": "Hefner Park Northwest Optimist Bench"}}, {"type": "Feature", "geometry": {"type": "Point", "coordinates": [-97.54509633953693, 35.47644476858008]}, "properties": {"Facility_Name": "Highley Park Bench"}}, {"type": "Feature", "geometry": {"type": "Point", "coordinates": [-97.54506310723355, 35.47652083315463]}, "properties": {"Facility_Name": "Highley Park Bench"}}, {"type": "Feature", "geometry": {"type": "Point", "coordinates": [-97.54510227898842, 35.47655317616309]}, "properties": {"Facility_Name": "Highley Park Picnic Table"}}, {"type": "Feature", "geometry": {"type": "Point", "coordinates": [-97.32754374578495, 35.55443806426612]}, "properties": {"Facility_Name": "Hiram Park Picnic Table"}}, {"type": "Feature", "geometry": {"type": "Point", "coordinates": [-97.32754671114323, 35.55391955860493]}, "properties": {"Facility_Name": "Hiram Park Bench"}}, {"type": "Feature", "geometry": {"type": "Point", "coordinates": [-97.32754560613665, 35.55394673887895]}, "properties": {"Facility_Name": "Hiram Park Bench"}}, {"type": "Feature", "geometry": {"type": "Point", "coordinates": [-97.32764939105566, 35.55439283816278]}, "properties": {"Facility_Name": "Hiram Park Bench"}}, {"type": "Feature", "geometry": {"type": "Point", "coordinates": [-97.32759802957597, 35.5544448285722]}, "properties": {"Facility_Name": "Hiram Park Bench"}}, {"type": "Feature", "geometry": {"type": "Point", "coordinates": [-97.32776008621921, 35.55477083752944]}, "properties": {"Facility_Name": "Hiram Park Picnic Table"}}, {"type": "Feature", "geometry": {"type": "Point", "coordinates": [-97.32755259657239, 35.55473675427889]}, "properties": {"Facility_Name": "Hiram Park Picnic Table"}}, {"type": "Feature", "geometry": {"type": "Point", "coordinates": [-97.32786615418753, 35.55506476247973]}, "properties": {"Facility_Name": "Hiram Park Picnic Table"}}, {"type": "Feature", "geometry": {"type": "Point", "coordinates": [-97.32760641936994, 35.55506615444569]}, "properties": {"Facility_Name": "Hiram Park Picnic Table"}}, {"type": "Feature", "geometry": {"type": "Point", "coordinates": [-97.52226907333917, 35.42331589404682]}, "properties": {"Facility_Name": "Hosea Vinyard Park Picnic Table"}}, {"type": "Feature", "geometry": {"type": "Point", "coordinates": [-97.52207373070037, 35.4232191225957]}, "properties": {"Facility_Name": "Hosea Vinyard Park Bench"}}, {"type": "Feature", "geometry": {"type": "Point", "coordinates": [-97.5220768449538, 35.42318574899857]}, "properties": {"Facility_Name": "Hosea Vinyard Park Bench"}}, {"type": "Feature", "geometry": {"type": "Point", "coordinates": [-97.5221375229121, 35.423511506148834]}, "properties": {"Facility_Name": "Hosea Vinyard Park Picnic Table"}}, {"type": "Feature", "geometry": {"type": "Point", "coordinates": [-97.52210117107255, 35.42350062874673]}, "properties": {"Facility_Name": "Hosea Vinyard Park Picnic Table"}}, {"type": "Feature", "geometry": {"type": "Point", "coordinates": [-97.65542882339017, 35.49117697927988]}, "properties": {"Facility_Name": "J.B. Black Park Picnic Table"}}, {"type": "Feature", "geometry": {"type": "Point", "coordinates": [-97.65539645616026, 35.49117724314285]}, "properties": {"Facility_Name": "J.B. Black Park Picnic Table"}}, {"type": "Feature", "geometry": {"type": "Point", "coordinates": [-97.6552772201019, 35.49113862222484]}, "properties": {"Facility_Name": "J.B. Black Park Bench"}}, {"type": "Feature", "geometry": {"type": "Point", "coordinates": [-97.65547245369376, 35.49130266101117]}, "properties": {"Facility_Name": "J.B. Black Park Bench"}}, {"type": "Feature", "geometry": {"type": "Point", "coordinates": [-97.6148454846694, 35.50041364717805]}, "properties": {"Facility_Name": "Jack W. Cornett Park Bench"}}, {"type": "Feature", "geometry": {"type": "Point", "coordinates": [-97.61485393099358, 35.50040085712579]}, "properties": {"Facility_Name": "Jack W. Cornett Park Trash Receptacle"}}, {"type": "Feature", "geometry": {"type": "Point", "coordinates": [-97.61492785867333, 35.500265168476865]}, "properties": {"Facility_Name": "Jack W. Cornett Park Picnic Table"}}, {"type": "Feature", "geometry": {"type": "Point", "coordinates": [-97.61488958396997, 35.50026504432946]}, "properties": {"Facility_Name": "Jack W. Cornett Park Picnic Table"}}, {"type": "Feature", "geometry": {"type": "Point", "coordinates": [-97.47918356128636, 35.485160556988816]}, "properties": {"Facility_Name": "John. F. Kennedy Park Picnic Table"}}, {"type": "Feature", "geometry": {"type": "Point", "coordinates": [-97.47914476592976, 35.48516312854749]}, "properties": {"Facility_Name": "John. F. Kennedy Park Picnic Table"}}, {"type": "Feature", "geometry": {"type": "Point", "coordinates": [-97.4783700403455, 35.485723737518015]}, "properties": {"Facility_Name": "John. F. Kennedy Park Picnic Table"}}, {"type": "Feature", "geometry": {"type": "Point", "coordinates": [-97.52194177599823, 35.41916138682459]}, "properties": {"Facility_Name": "Mike Dover Park Shelter"}}, {"type": "Feature", "geometry": {"type": "Point", "coordinates": [-97.52195584009387, 35.41915548047904]}, "properties": {"Facility_Name": "Mike Dover Park Picnic Table"}}, {"type": "Feature", "geometry": {"type": "Point", "coordinates": [-97.5219277900079, 35.41916931781425]}, "properties": {"Facility_Name": "Mike Dover Park Picnic Table"}}, {"type": "Feature", "geometry": {"type": "Point", "coordinates": [-97.52205950470763, 35.41942954346387]}, "properties": {"Facility_Name": "Mike Dover Park Bench"}}, {"type": "Feature", "geometry": {"type": "Point", "coordinates": [-97.52173961847342, 35.419431831253256]}, "properties": {"Facility_Name": "Mike Dover Park Bench"}}, {"type": "Feature", "geometry": {"type": "Point", "coordinates": [-97.52157070982992, 35.41932526921692]}, "properties": {"Facility_Name": "Mike Dover Park Bench"}}, {"type": "Feature", "geometry": {"type": "Point", "coordinates": [-97.52185643459835, 35.419335722014495]}, "properties": {"Facility_Name": "Mike Dover Park Bench"}}, {"type": "Feature", "geometry": {"type": "Point", "coordinates": [-97.5215413699642, 35.41911768127119]}, "properties": {"Facility_Name": "Mike Dover Park Bench"}}, {"type": "Feature", "geometry": {"type": "Point", "coordinates": [-97.52172651254351, 35.41902456611698]}, "properties": {"Facility_Name": "Mike Dover Park Bench"}}, {"type": "Feature", "geometry": {"type": "Point", "coordinates": [-97.52205208070943, 35.41902705114395]}, "properties": {"Facility_Name": "Mike Dover Park Bench"}}, {"type": "Feature", "geometry": {"type": "Point", "coordinates": [-97.5220835747173, 35.41902183692202]}, "properties": {"Facility_Name": "Mike Dover Park Bench"}}, {"type": "Feature", "geometry": {"type": "Point", "coordinates": [-97.52223855764, 35.41908968606313]}, "properties": {"Facility_Name": "Mike Dover Park Bench"}}, {"type": "Feature", "geometry": {"type": "Point", "coordinates": [-97.52223709904334, 35.419114361521885]}, "properties": {"Facility_Name": "Mike Dover Park Bench"}}, {"type": "Feature", "geometry": {"type": "Point", "coordinates": [-97.3771409330748, 35.36540629823659]}, "properties": {"Facility_Name": "Lake Stanley Draper Children's PlaygroundBench"}}, {"type": "Feature", "geometry": {"type": "Point", "coordinates": [-97.3770114635033, 35.365492421072986]}, "properties": {"Facility_Name": "Lake Stanley Draper Children's PlaygroundBench"}}, {"type": "Feature", "geometry": {"type": "Point", "coordinates": [-97.3772404995563, 35.365272323560916]}, "properties": {"Facility_Name": "Lake Stanley Draper Children's PlaygroundBench"}}, {"type": "Feature", "geometry": {"type": "Point", "coordinates": [-97.37726017149845, 35.36525849989209]}, "properties": {"Facility_Name": "Lake Stanley Draper Children's PlaygroundBench"}}, {"type": "Feature", "geometry": {"type": "Point", "coordinates": [-97.37721455676947, 35.36507568560421]}, "properties": {"Facility_Name": "Lake Stanley Draper Children's PlaygroundBench"}}, {"type": "Feature", "geometry": {"type": "Point", "coordinates": [-97.37752500809104, 35.36511363655115]}, "properties": {"Facility_Name": "Lake Stanley Draper Children's Playground Picnic Table"}}, {"type": "Feature", "geometry": {"type": "Point", "coordinates": [-97.37750040613739, 35.36513246547823]}, "properties": {"Facility_Name": "Lake Stanley Draper Children's Playground Picnic Table"}}, {"type": "Feature", "geometry": {"type": "Point", "coordinates": [-97.37744268099874, 35.365254498787536]}, "properties": {"Facility_Name": "Lake Stanley Draper Children's Playground Picnic Table"}}, {"type": "Feature", "geometry": {"type": "Point", "coordinates": [-97.37741281707025, 35.36527616171444]}, "properties": {"Facility_Name": "Lake Stanley Draper Children's Playground Picnic Table"}}, {"type": "Feature", "geometry": {"type": "Point", "coordinates": [-97.37742228964555, 35.365051570959906]}, "properties": {"Facility_Name": "Lake Stanley Draper Children's PlaygroundTrash Receptacle"}}, {"type": "Feature", "geometry": {"type": "Point", "coordinates": [-97.37733311736838, 35.365192992928776]}, "properties": {"Facility_Name": "Lake Stanley Draper Children's PlaygroundTrash Receptacle"}}, {"type": "Feature", "geometry": {"type": "Point", "coordinates": [-97.37727014673008, 35.365241250771]}, "properties": {"Facility_Name": "Lake Stanley Draper Children's PlaygroundTrash Receptacle"}}, {"type": "Feature", "geometry": {"type": "Point", "coordinates": [-97.37718415706095, 35.36506909952727]}, "properties": {"Facility_Name": "Lake Stanley Draper Children's PlaygroundTrash Receptacle"}}, {"type": "Feature", "geometry": {"type": "Point", "coordinates": [-97.37736880388802, 35.365143399293366]}, "properties": {"Facility_Name": "Lake Stanley Draper Children's Playground Drinking Fountain"}}, {"type": "Feature", "geometry": {"type": "Point", "coordinates": [-97.37768782866492, 35.36513586431391]}, "properties": {"Facility_Name": "Lake Stanley Draper Children's Playground Picnic Table"}}, {"type": "Feature", "geometry": {"type": "Point", "coordinates": [-97.3776524189187, 35.365335994363285]}, "properties": {"Facility_Name": "Lake Stanley Draper Children's Playground Picnic Table"}}, {"type": "Feature", "geometry": {"type": "Point", "coordinates": [-97.37762415613868, 35.36545985168666]}, "properties": {"Facility_Name": "Lake Stanley Draper Children's Playground Picnic Table"}}, {"type": "Feature", "geometry": {"type": "Point", "coordinates": [-97.37742077013382, 35.365361904481105]}, "properties": {"Facility_Name": "Lake Stanley Draper Children's Playground Picnic Table"}}, {"type": "Feature", "geometry": {"type": "Point", "coordinates": [-97.61412806342003, 35.55463123712593]}, "properties": {"Facility_Name": "Lakeshore Estates Park Picnic Table"}}, {"type": "Feature", "geometry": {"type": "Point", "coordinates": [-97.61413869697773, 35.5545146354613]}, "properties": {"Facility_Name": "Lakeshore Estates Park Bench"}}, {"type": "Feature", "geometry": {"type": "Point", "coordinates": [-97.61412176705633, 35.55454614240615]}, "properties": {"Facility_Name": "Lakeshore Estates Park Bench"}}, {"type": "Feature", "geometry": {"type": "Point", "coordinates": [-97.61420876479067, 35.55476986319601]}, "properties": {"Facility_Name": "Lakeshore Estates Park Bench"}}, {"type": "Feature", "geometry": {"type": "Point", "coordinates": [-97.61435902695007, 35.55473321002543]}, "properties": {"Facility_Name": "Lakeshore Estates Park Bench"}}, {"type": "Feature", "geometry": {"type": "Point", "coordinates": [-97.61437374782983, 35.55470642953546]}, "properties": {"Facility_Name": "Lakeshore Estates Park Bench"}}, {"type": "Feature", "geometry": {"type": "Point", "coordinates": [-97.6216854104282, 35.488562540922096]}, "properties": {"Facility_Name": "Lela Park Bench"}}, {"type": "Feature", "geometry": {"type": "Point", "coordinates": [-97.62168512070696, 35.488623350075656]}, "properties": {"Facility_Name": "Lela Park Bench"}}, {"type": "Feature", "geometry": {"type": "Point", "coordinates": [-97.6217406719608, 35.48889752981754]}, "properties": {"Facility_Name": "Lela Park Bench"}}, {"type": "Feature", "geometry": {"type": "Point", "coordinates": [-97.62326978762736, 35.48869444545866]}, "properties": {"Facility_Name": "Lela Park Bench"}}, {"type": "Feature", "geometry": {"type": "Point", "coordinates": [-97.6232276102454, 35.48873437455472]}, "properties": {"Facility_Name": "Lela Park Bench"}}, {"type": "Feature", "geometry": {"type": "Point", "coordinates": [-97.62329335610488, 35.48876606215279]}, "properties": {"Facility_Name": "Lela Park Picnic Table"}}, {"type": "Feature", "geometry": {"type": "Point", "coordinates": [-97.52875786211456, 35.38515942742691]}, "properties": {"Facility_Name": "Lightning Creek Park Bench"}}, {"type": "Feature", "geometry": {"type": "Point", "coordinates": [-97.52872991213569, 35.385158600689074]}, "properties": {"Facility_Name": "Lightning Creek Park Bench"}}, {"type": "Feature", "geometry": {"type": "Point", "coordinates": [-97.52859888465898, 35.38515664938846]}, "properties": {"Facility_Name": "Lightning Creek Park Bench"}}, {"type": "Feature", "geometry": {"type": "Point", "coordinates": [-97.52856743192427, 35.385157239051495]}, "properties": {"Facility_Name": "Lightning Creek Park Bench"}}, {"type": "Feature", "geometry": {"type": "Point", "coordinates": [-97.47626632947977, 35.52004328309986]}, "properties": {"Facility_Name": "Lincoln Park Shelter"}}, {"type": "Feature", "geometry": {"type": "Point", "coordinates": [-97.47612245428216, 35.51970034490875]}, "properties": {"Facility_Name": "Lincoln Park Bench"}}, {"type": "Feature", "geometry": {"type": "Point", "coordinates": [-97.47612024597271, 35.519858204330205]}, "properties": {"Facility_Name": "Lincoln Park Bench"}}, {"type": "Feature", "geometry": {"type": "Point", "coordinates": [-97.47623128403018, 35.52002765121848]}, "properties": {"Facility_Name": "Lincoln Park Bench"}}, {"type": "Feature", "geometry": {"type": "Point", "coordinates": [-97.47626749752422, 35.52008731009294]}, "properties": {"Facility_Name": "Lincoln Park Bench"}}, {"type": "Feature", "geometry": {"type": "Point", "coordinates": [-97.4762665314571, 35.52005678202718]}, "properties": {"Facility_Name": "Lincoln Park Picnic Table"}}, {"type": "Feature", "geometry": {"type": "Point", "coordinates": [-97.47626668566478, 35.52003341170787]}, "properties": {"Facility_Name": "Lincoln Park Picnic Table"}}, {"type": "Feature", "geometry": {"type": "Point", "coordinates": [-97.47623607270454, 35.52046225936689]}, "properties": {"Facility_Name": "Lincoln Park Bench"}}, {"type": "Feature", "geometry": {"type": "Point", "coordinates": [-97.47615028216508, 35.52053342253374]}, "properties": {"Facility_Name": "Lincoln Park Bench"}}, {"type": "Feature", "geometry": {"type": "Point", "coordinates": [-97.47621973593431, 35.52061719481523]}, "properties": {"Facility_Name": "Lincoln Park Bench"}}, {"type": "Feature", "geometry": {"type": "Point", "coordinates": [-97.47618556544316, 35.520933019476395]}, "properties": {"Facility_Name": "Lincoln Park Bench"}}, {"type": "Feature", "geometry": {"type": "Point", "coordinates": [-97.47625778230392, 35.5212612377256]}, "properties": {"Facility_Name": "Lincoln Park Bench"}}, {"type": "Feature", "geometry": {"type": "Point", "coordinates": [-97.47618001787606, 35.521773610144635]}, "properties": {"Facility_Name": "Lincoln Park Bench"}}, {"type": "Feature", "geometry": {"type": "Point", "coordinates": [-97.47622159925712, 35.521937147200184]}, "properties": {"Facility_Name": "Lincoln Park Bench"}}, {"type": "Feature", "geometry": {"type": "Point", "coordinates": [-97.47621219054135, 35.518998052409266]}, "properties": {"Facility_Name": "Lincoln Park Bench"}}, {"type": "Feature", "geometry": {"type": "Point", "coordinates": [-97.52667483440953, 35.410152969275586]}, "properties": {"Facility_Name": "Lippert Park Bench"}}, {"type": "Feature", "geometry": {"type": "Point", "coordinates": [-97.52667457879369, 35.41019589286971]}, "properties": {"Facility_Name": "Lippert Park Bench"}}, {"type": "Feature", "geometry": {"type": "Point", "coordinates": [-97.52631296338544, 35.41031463792941]}, "properties": {"Facility_Name": "Lippert Park Bench"}}, {"type": "Feature", "geometry": {"type": "Point", "coordinates": [-97.52629035906547, 35.41029523178637]}, "properties": {"Facility_Name": "Lippert Park Bench"}}, {"type": "Feature", "geometry": {"type": "Point", "coordinates": [-97.52626252819003, 35.410272943119274]}, "properties": {"Facility_Name": "Lippert Park Bench"}}, {"type": "Feature", "geometry": {"type": "Point", "coordinates": [-97.52635827893164, 35.410262355807774]}, "properties": {"Facility_Name": "Lippert Park Picnic Table"}}, {"type": "Feature", "geometry": {"type": "Point", "coordinates": [-97.52632723162043, 35.410242200315025]}, "properties": {"Facility_Name": "Lippert Park Picnic Table"}}, {"type": "Feature", "geometry": {"type": "Point", "coordinates": [-97.52678996797124, 35.41051147186144]}, "properties": {"Facility_Name": "Lippert Park Bench"}}, {"type": "Feature", "geometry": {"type": "Point", "coordinates": [-97.52775107570974, 35.41043851556292]}, "properties": {"Facility_Name": "Lippert Park Bench"}}, {"type": "Feature", "geometry": {"type": "Point", "coordinates": [-97.52783156272183, 35.40993280151907]}, "properties": {"Facility_Name": "Lippert Park Bench"}}, {"type": "Feature", "geometry": {"type": "Point", "coordinates": [-97.52697024845098, 35.409879767553285]}, "properties": {"Facility_Name": "Lippert Park Bench"}}, {"type": "Feature", "geometry": {"type": "Point", "coordinates": [-97.52666179322908, 35.409999083518386]}, "properties": {"Facility_Name": "Lippert Park Picnic Table"}}, {"type": "Feature", "geometry": {"type": "Point", "coordinates": [-97.52637957642467, 35.409943108771955]}, "properties": {"Facility_Name": "Lippert Park Picnic Table"}}, {"type": "Feature", "geometry": {"type": "Point", "coordinates": [-97.52618837119937, 35.41021980519017]}, "properties": {"Facility_Name": "Lippert Park Bicycle Rack"}}, {"type": "Feature", "geometry": {"type": "Point", "coordinates": [-97.52613302396028, 35.410220180706915]}, "properties": {"Facility_Name": "Lippert Park Bicycle Rack"}}, {"type": "Feature", "geometry": {"type": "Point", "coordinates": [-97.57387563366748, 35.443072784041945]}, "properties": {"Facility_Name": "Lorraine Thomas Park Bench"}}, {"type": "Feature", "geometry": {"type": "Point", "coordinates": [-97.57383849748577, 35.44304212619105]}, "properties": {"Facility_Name": "Lorraine Thomas Park Bench"}}, {"type": "Feature", "geometry": {"type": "Point", "coordinates": [-97.57366081737611, 35.44270166739412]}, "properties": {"Facility_Name": "Lorraine Thomas Park Bench"}}, {"type": "Feature", "geometry": {"type": "Point", "coordinates": [-97.57361888246045, 35.44269650904426]}, "properties": {"Facility_Name": "Lorraine Thomas Park Bench"}}, {"type": "Feature", "geometry": {"type": "Point", "coordinates": [-97.57416955887336, 35.442875192915594]}, "properties": {"Facility_Name": "Lorraine Thomas Park Picnic Table"}}, {"type": "Feature", "geometry": {"type": "Point", "coordinates": [-97.5741405602502, 35.44290299049161]}, "properties": {"Facility_Name": "Lorraine Thomas Park Picnic Table"}}, {"type": "Feature", "geometry": {"type": "Point", "coordinates": [-97.56783090731513, 35.51421786225545]}, "properties": {"Facility_Name": "Luther Dulaney Park Picnic Table"}}, {"type": "Feature", "geometry": {"type": "Point", "coordinates": [-97.56805348464994, 35.514452970435194]}, "properties": {"Facility_Name": "Luther Dulaney Park Picnic Table"}}, {"type": "Feature", "geometry": {"type": "Point", "coordinates": [-97.56802218878128, 35.51444212472846]}, "properties": {"Facility_Name": "Luther Dulaney Park Picnic Table"}}, {"type": "Feature", "geometry": {"type": "Point", "coordinates": [-97.5680533688071, 35.514259927211036]}, "properties": {"Facility_Name": "Luther Dulaney Park Bench"}}, {"type": "Feature", "geometry": {"type": "Point", "coordinates": [-97.56739959986409, 35.514284733373444]}, "properties": {"Facility_Name": "Luther Dulaney Park Bench"}}, {"type": "Feature", "geometry": {"type": "Point", "coordinates": [-97.5675968427632, 35.51469967620419]}, "properties": {"Facility_Name": "Luther Dulaney Park Bench"}}, {"type": "Feature", "geometry": {"type": "Point", "coordinates": [-97.56782748684, 35.514433666832986]}, "properties": {"Facility_Name": "Luther Dulaney Park Bench"}}, {"type": "Feature", "geometry": {"type": "Point", "coordinates": [-97.56780902990235, 35.51444862264024]}, "properties": {"Facility_Name": "Luther Dulaney Park Bench"}}, {"type": "Feature", "geometry": {"type": "Point", "coordinates": [-97.64534546745212, 35.475785432199544]}, "properties": {"Facility_Name": "William O. Lytle Park Bench"}}, {"type": "Feature", "geometry": {"type": "Point", "coordinates": [-97.64525946698774, 35.47578517518693]}, "properties": {"Facility_Name": "William O. Lytle Park Bench"}}, {"type": "Feature", "geometry": {"type": "Point", "coordinates": [-97.64508543773337, 35.475912832767364]}, "properties": {"Facility_Name": "William O. Lytle Park Bench"}}, {"type": "Feature", "geometry": {"type": "Point", "coordinates": [-97.64526706976368, 35.47571484853378]}, "properties": {"Facility_Name": "William O. Lytle Park Picnic Table"}}, {"type": "Feature", "geometry": {"type": "Point", "coordinates": [-97.64523062925748, 35.47571473961467]}, "properties": {"Facility_Name": "William O. Lytle Park Picnic Table"}}, {"type": "Feature", "geometry": {"type": "Point", "coordinates": [-97.43092174914722, 35.4104596336234]}, "properties": {"Facility_Name": "Mackleman Park Picnic Table"}}, {"type": "Feature", "geometry": {"type": "Point", "coordinates": [-97.43092499182433, 35.410494943544265]}, "properties": {"Facility_Name": "Mackleman Park Picnic Table"}}, {"type": "Feature", "geometry": {"type": "Point", "coordinates": [-97.43092187692099, 35.41060462511648]}, "properties": {"Facility_Name": "Mackleman Park Picnic Table"}}, {"type": "Feature", "geometry": {"type": "Point", "coordinates": [-97.43077972437382, 35.410604897368955]}, "properties": {"Facility_Name": "Mackleman Park Picnic Table"}}, {"type": "Feature", "geometry": {"type": "Point", "coordinates": [-97.43117036305823, 35.41068403647105]}, "properties": {"Facility_Name": "Mackleman Park Bench"}}, {"type": "Feature", "geometry": {"type": "Point", "coordinates": [-97.4313562981284, 35.40993851094112]}, "properties": {"Facility_Name": "Mackleman Park Bench"}}, {"type": "Feature", "geometry": {"type": "Point", "coordinates": [-97.43093711334653, 35.41027334188191]}, "properties": {"Facility_Name": "Mackleman Park Bench"}}, {"type": "Feature", "geometry": {"type": "Point", "coordinates": [-97.43100920162125, 35.41027428444934]}, "properties": {"Facility_Name": "Mackleman Park Bench"}}, {"type": "Feature", "geometry": {"type": "Point", "coordinates": [-97.43104687620311, 35.41030129266843]}, "properties": {"Facility_Name": "Mackleman Park Bench"}}, {"type": "Feature", "geometry": {"type": "Point", "coordinates": [-97.55288879817864, 35.58876451716259]}, "properties": {"Facility_Name": "Louis A. Macklanburg Park Shelter"}}, {"type": "Feature", "geometry": {"type": "Point", "coordinates": [-97.55283052877782, 35.58876930562283]}, "properties": {"Facility_Name": "Louis A. Macklanburg Park Shelter"}}, {"type": "Feature", "geometry": {"type": "Point", "coordinates": [-97.55289315735257, 35.58876811085554]}, "properties": {"Facility_Name": "Louis A. Macklanburg Park Picnic Table"}}, {"type": "Feature", "geometry": {"type": "Point", "coordinates": [-97.55283488189667, 35.588773972753955]}, "properties": {"Facility_Name": "Louis A. Macklanburg Park Picnic Table"}}, {"type": "Feature", "geometry": {"type": "Point", "coordinates": [-97.55294098974291, 35.588595160171316]}, "properties": {"Facility_Name": "Louis A. Macklanburg Park Bench"}}, {"type": "Feature", "geometry": {"type": "Point", "coordinates": [-97.55290687461981, 35.58858752033946]}, "properties": {"Facility_Name": "Louis A. Macklanburg Park Bench"}}, {"type": "Feature", "geometry": {"type": "Point", "coordinates": [-97.5527838697189, 35.5886564520451]}, "properties": {"Facility_Name": "Louis A. Macklanburg Park Bench"}}, {"type": "Feature", "geometry": {"type": "Point", "coordinates": [-97.55278633953745, 35.588684363155494]}, "properties": {"Facility_Name": "Louis A. Macklanburg Park Bench"}}, {"type": "Feature", "geometry": {"type": "Point", "coordinates": [-97.55292439084502, 35.588587586228044]}, "properties": {"Facility_Name": "Louis A. Macklanburg Park Trash Receptacle"}}, {"type": "Feature", "geometry": {"type": "Point", "coordinates": [-97.55278161201748, 35.58866860581136]}, "properties": {"Facility_Name": "Louis A. Macklanburg Park Trash Receptacle"}}, {"type": "Feature", "geometry": {"type": "Point", "coordinates": [-97.55236027713585, 35.5888860566854]}, "properties": {"Facility_Name": "Louis A. Macklanburg Park Bench"}}, {"type": "Feature", "geometry": {"type": "Point", "coordinates": [-97.55236351865348, 35.58882883488078]}, "properties": {"Facility_Name": "Louis A. Macklanburg Park Bench"}}, {"type": "Feature", "geometry": {"type": "Point", "coordinates": [-97.55238256623444, 35.58868701626918]}, "properties": {"Facility_Name": "Louis A. Macklanburg Park Bench"}}, {"type": "Feature", "geometry": {"type": "Point", "coordinates": [-97.55238125115021, 35.58866137538909]}, "properties": {"Facility_Name": "Louis A. Macklanburg Park Bench"}}, {"type": "Feature", "geometry": {"type": "Point", "coordinates": [-97.55222867215359, 35.58879732552518]}, "properties": {"Facility_Name": "Louis A. Macklanburg Park Bench"}}, {"type": "Feature", "geometry": {"type": "Point", "coordinates": [-97.55221491360295, 35.588778196588024]}, "properties": {"Facility_Name": "Louis A. Macklanburg Park Bench"}}, {"type": "Feature", "geometry": {"type": "Point", "coordinates": [-97.5522455669211, 35.58839055638486]}, "properties": {"Facility_Name": "Louis A. Macklanburg Park Bench"}}, {"type": "Feature", "geometry": {"type": "Point", "coordinates": [-97.55291866595775, 35.58789420765057]}, "properties": {"Facility_Name": "Louis A. Macklanburg Park Bench"}}, {"type": "Feature", "geometry": {"type": "Point", "coordinates": [-97.55166958548763, 35.58761192107045]}, "properties": {"Facility_Name": "Louis A. Macklanburg Park Bench"}}, {"type": "Feature", "geometry": {"type": "Point", "coordinates": [-97.55239830078509, 35.58844402497811]}, "properties": {"Facility_Name": "Louis A. Macklanburg Park Picnic Table"}}, {"type": "Feature", "geometry": {"type": "Point", "coordinates": [-97.60880774854631, 35.60756511053514]}, "properties": {"Facility_Name": "Martin Nature Park Bench"}}, {"type": "Feature", "geometry": {"type": "Point", "coordinates": [-97.60887010393238, 35.6074742197342]}, "properties": {"Facility_Name": "Martin Nature Park Bench"}}, {"type": "Feature", "geometry": {"type": "Point", "coordinates": [-97.608996927777, 35.607456035751234]}, "properties": {"Facility_Name": "Martin Nature Park Bench"}}, {"type": "Feature", "geometry": {"type": "Point", "coordinates": [-97.60891426632725, 35.60763795578714]}, "properties": {"Facility_Name": "Martin Nature Park Bench"}}, {"type": "Feature", "geometry": {"type": "Point", "coordinates": [-97.60879163945741, 35.607634213886676]}, "properties": {"Facility_Name": "Martin Nature Park Scenic Viewer"}}, {"type": "Feature", "geometry": {"type": "Point", "coordinates": [-97.50319831793156, 35.400419502609125]}, "properties": {"Facility_Name": "McCracken Park Bench"}}, {"type": "Feature", "geometry": {"type": "Point", "coordinates": [-97.50324192293635, 35.400258121010424]}, "properties": {"Facility_Name": "McCracken Park Bench"}}, {"type": "Feature", "geometry": {"type": "Point", "coordinates": [-97.50326803463155, 35.40043732235908]}, "properties": {"Facility_Name": "McCracken Park Picnic Table"}}, {"type": "Feature", "geometry": {"type": "Point", "coordinates": [-97.5033966924628, 35.40035630399542]}, "properties": {"Facility_Name": "McCracken Park Picnic Table"}}, {"type": "Feature", "geometry": {"type": "Point", "coordinates": [-97.50337323566856, 35.40038148374684]}, "properties": {"Facility_Name": "McCracken Park Picnic Table"}}, {"type": "Feature", "geometry": {"type": "Point", "coordinates": [-97.5029105609816, 35.39984870896994]}, "properties": {"Facility_Name": "McCracken Park Picnic Table"}}, {"type": "Feature", "geometry": {"type": "Point", "coordinates": [-97.5021831778924, 35.39982276424439]}, "properties": {"Facility_Name": "McCracken Park Picnic Table"}}, {"type": "Feature", "geometry": {"type": "Point", "coordinates": [-97.50219021519445, 35.400094173956006]}, "properties": {"Facility_Name": "McCracken Park Picnic Table"}}, {"type": "Feature", "geometry": {"type": "Point", "coordinates": [-97.50262923244819, 35.400497290672796]}, "properties": {"Facility_Name": "McCracken Park Picnic Table"}}, {"type": "Feature", "geometry": {"type": "Point", "coordinates": [-97.50259397535793, 35.40049968626163]}, "properties": {"Facility_Name": "McCracken Park Bench"}}, {"type": "Feature", "geometry": {"type": "Point", "coordinates": [-97.50255902290242, 35.40050001642606]}, "properties": {"Facility_Name": "McCracken Park Bench"}}, {"type": "Feature", "geometry": {"type": "Point", "coordinates": [-97.50252232540636, 35.400499862468706]}, "properties": {"Facility_Name": "McCracken Park Bench"}}, {"type": "Feature", "geometry": {"type": "Point", "coordinates": [-97.50269572416946, 35.40043691805461]}, "properties": {"Facility_Name": "McCracken Park Bench"}}, {"type": "Feature", "geometry": {"type": "Point", "coordinates": [-97.50244799078592, 35.40046378049337]}, "properties": {"Facility_Name": "McCracken Park Bench"}}, {"type": "Feature", "geometry": {"type": "Point", "coordinates": [-97.50243379840946, 35.400451081942755]}, "properties": {"Facility_Name": "McCracken Park Bench"}}, {"type": "Feature", "geometry": {"type": "Point", "coordinates": [-97.50262526294883, 35.40050327490974]}, "properties": {"Facility_Name": "McCracken Park Shelter"}}, {"type": "Feature", "geometry": {"type": "Point", "coordinates": [-97.50249122452189, 35.400489835655215]}, "properties": {"Facility_Name": "McCracken Park Shelter"}}, {"type": "Feature", "geometry": {"type": "Point", "coordinates": [-97.50244907651961, 35.40045317308652]}, "properties": {"Facility_Name": "McCracken Park Shelter"}}, {"type": "Feature", "geometry": {"type": "Point", "coordinates": [-97.53554729975377, 35.48184745018843]}, "properties": {"Facility_Name": "McKinley Park Shelter"}}, {"type": "Feature", "geometry": {"type": "Point", "coordinates": [-97.53574732677573, 35.4817437829316]}, "properties": {"Facility_Name": "McKinley Park Shelter"}}, {"type": "Feature", "geometry": {"type": "Point", "coordinates": [-97.53577030685422, 35.481777616850124]}, "properties": {"Facility_Name": "McKinley Park Shelter"}}, {"type": "Feature", "geometry": {"type": "Point", "coordinates": [-97.53576933598605, 35.481769147074644]}, "properties": {"Facility_Name": "McKinley Park Picnic Table"}}, {"type": "Feature", "geometry": {"type": "Point", "coordinates": [-97.53574867050423, 35.48173842270566]}, "properties": {"Facility_Name": "McKinley Park Picnic Table"}}, {"type": "Feature", "geometry": {"type": "Point", "coordinates": [-97.53554732694369, 35.48184280135238]}, "properties": {"Facility_Name": "McKinley Park Picnic Table"}}, {"type": "Feature", "geometry": {"type": "Point", "coordinates": [-97.53575256186727, 35.481820711047455]}, "properties": {"Facility_Name": "McKinley Park Bench"}}, {"type": "Feature", "geometry": {"type": "Point", "coordinates": [-97.53574322806689, 35.48184642939313]}, "properties": {"Facility_Name": "McKinley Park Bench"}}, {"type": "Feature", "geometry": {"type": "Point", "coordinates": [-97.53561396405793, 35.48174004176928]}, "properties": {"Facility_Name": "McKinley Park Bench"}}, {"type": "Feature", "geometry": {"type": "Point", "coordinates": [-97.53558718150185, 35.48175818034092]}, "properties": {"Facility_Name": "McKinley Park Bench"}}, {"type": "Feature", "geometry": {"type": "Point", "coordinates": [-97.53574855170291, 35.481833572338374]}, "properties": {"Facility_Name": "McKinley Park Trash Receptacle"}}, {"type": "Feature", "geometry": {"type": "Point", "coordinates": [-97.53559992182667, 35.48174821486289]}, "properties": {"Facility_Name": "McKinley Park Trash Receptacle"}}, {"type": "Feature", "geometry": {"type": "Point", "coordinates": [-97.53594666702234, 35.48180751964559]}, "properties": {"Facility_Name": "McKinley Park Bench"}}, {"type": "Feature", "geometry": {"type": "Point", "coordinates": [-97.53595141044033, 35.48174422406567]}, "properties": {"Facility_Name": "McKinley Park Bench"}}, {"type": "Feature", "geometry": {"type": "Point", "coordinates": [-97.53560677298465, 35.48192280233711]}, "properties": {"Facility_Name": "McKinley Park Bench"}}, {"type": "Feature", "geometry": {"type": "Point", "coordinates": [-97.53557327681318, 35.48191730579857]}, "properties": {"Facility_Name": "McKinley Park Bench"}}, {"type": "Feature", "geometry": {"type": "Point", "coordinates": [-97.53527721940861, 35.48187749447674]}, "properties": {"Facility_Name": "McKinley Park Bench"}}, {"type": "Feature", "geometry": {"type": "Point", "coordinates": [-97.53522426849624, 35.4818957684542]}, "properties": {"Facility_Name": "McKinley Park Bench"}}, {"type": "Feature", "geometry": {"type": "Point", "coordinates": [-97.53506239474163, 35.481981163371266]}, "properties": {"Facility_Name": "McKinley Park Picnic Table"}}, {"type": "Feature", "geometry": {"type": "Point", "coordinates": [-97.53504329574704, 35.48195676407922]}, "properties": {"Facility_Name": "McKinley Park Picnic Table"}}, {"type": "Feature", "geometry": {"type": "Point", "coordinates": [-97.53601675711495, 35.48259415261785]}, "properties": {"Facility_Name": "McKinley Park Bench"}}, {"type": "Feature", "geometry": {"type": "Point", "coordinates": [-97.53475229444471, 35.48235361765467]}, "properties": {"Facility_Name": "McKinley Park Bench"}}, {"type": "Feature", "geometry": {"type": "Point", "coordinates": [-97.53587261861925, 35.48312182632741]}, "properties": {"Facility_Name": "McKinley Park Bench"}}, {"type": "Feature", "geometry": {"type": "Point", "coordinates": [-97.53460362531179, 35.48302123068912]}, "properties": {"Facility_Name": "McKinley Park Bleachers"}}, {"type": "Feature", "geometry": {"type": "Point", "coordinates": [-97.53480232026699, 35.48232460055644]}, "properties": {"Facility_Name": "McKinley Park Picnic Table"}}, {"type": "Feature", "geometry": {"type": "Point", "coordinates": [-97.49673360470769, 35.48510703483842]}, "properties": {"Facility_Name": "McMechan Park Picnic Table"}}, {"type": "Feature", "geometry": {"type": "Point", "coordinates": [-97.49686554092047, 35.4857784871869]}, "properties": {"Facility_Name": "McMechan Park Picnic Table"}}, {"type": "Feature", "geometry": {"type": "Point", "coordinates": [-97.4968526172679, 35.485719815768825]}, "properties": {"Facility_Name": "McMechan Park Bench"}}, {"type": "Feature", "geometry": {"type": "Point", "coordinates": [-97.49688460636492, 35.48483180317175]}, "properties": {"Facility_Name": "McMechan Park Bench"}}, {"type": "Feature", "geometry": {"type": "Point", "coordinates": [-97.58556133409012, 35.47935362505896]}, "properties": {"Facility_Name": "Meadowbrook Park Picnic Table"}}, {"type": "Feature", "geometry": {"type": "Point", "coordinates": [-97.58550230674082, 35.479387670331114]}, "properties": {"Facility_Name": "Meadowbrook Park Picnic Table"}}, {"type": "Feature", "geometry": {"type": "Point", "coordinates": [-97.65156292470283, 35.470977812794324]}, "properties": {"Facility_Name": "Melrose Park Bench"}}, {"type": "Feature", "geometry": {"type": "Point", "coordinates": [-97.65152744537839, 35.47099165898055]}, "properties": {"Facility_Name": "Melrose Park Bench"}}, {"type": "Feature", "geometry": {"type": "Point", "coordinates": [-97.65150996654351, 35.47078986196211]}, "properties": {"Facility_Name": "Melrose Park Bench"}}, {"type": "Feature", "geometry": {"type": "Point", "coordinates": [-97.65140980022392, 35.47129524343118]}, "properties": {"Facility_Name": "Melrose Park Picnic Table"}}, {"type": "Feature", "geometry": {"type": "Point", "coordinates": [-97.65142632722566, 35.47126578153411]}, "properties": {"Facility_Name": "Melrose Park Picnic Table"}}, {"type": "Feature", "geometry": {"type": "Point", "coordinates": [-97.65144331874981, 35.470582436121624]}, "properties": {"Facility_Name": "Melrose Park Bench"}}, {"type": "Feature", "geometry": {"type": "Point", "coordinates": [-97.65019670876266, 35.47058735684683]}, "properties": {"Facility_Name": "Melrose Park Bench"}}, {"type": "Feature", "geometry": {"type": "Point", "coordinates": [-97.65154194196307, 35.4696588368706]}, "properties": {"Facility_Name": "Melrose Park Bench"}}, {"type": "Feature", "geometry": {"type": "Point", "coordinates": [-97.64998389848662, 35.469679649778314]}, "properties": {"Facility_Name": "Melrose Park Bench"}}, {"type": "Feature", "geometry": {"type": "Point", "coordinates": [-97.65020619025772, 35.4711480281732]}, "properties": {"Facility_Name": "Melrose Park Bench"}}, {"type": "Feature", "geometry": {"type": "Point", "coordinates": [-97.65020638689705, 35.47118618358364]}, "properties": {"Facility_Name": "Melrose Park Bench"}}, {"type": "Feature", "geometry": {"type": "Point", "coordinates": [-97.65046981836555, 35.47101320035019]}, "properties": {"Facility_Name": "Melrose Park Bench"}}, {"type": "Feature", "geometry": {"type": "Point", "coordinates": [-97.65043187778254, 35.47102322284679]}, "properties": {"Facility_Name": "Melrose Park Bench"}}, {"type": "Feature", "geometry": {"type": "Point", "coordinates": [-97.65034130101513, 35.470904913360705]}, "properties": {"Facility_Name": "Melrose Park Bench"}}, {"type": "Feature", "geometry": {"type": "Point", "coordinates": [-97.65032805360447, 35.470934385671335]}, "properties": {"Facility_Name": "Melrose Park Bench"}}, {"type": "Feature", "geometry": {"type": "Point", "coordinates": [-97.65034113026252, 35.47102653278768]}, "properties": {"Facility_Name": "Melrose Park Picnic Table"}}, {"type": "Feature", "geometry": {"type": "Point", "coordinates": [-97.65031103669052, 35.47099246232063]}, "properties": {"Facility_Name": "Melrose Park Picnic Table"}}, {"type": "Feature", "geometry": {"type": "Point", "coordinates": [-97.65040895849677, 35.47084907240296]}, "properties": {"Facility_Name": "Melrose Park Picnic Table"}}, {"type": "Feature", "geometry": {"type": "Point", "coordinates": [-97.65045302346212, 35.47102060285304]}, "properties": {"Facility_Name": "Melrose Park Trash Receptacle"}}, {"type": "Feature", "geometry": {"type": "Point", "coordinates": [-97.65033359159091, 35.470918006397824]}, "properties": {"Facility_Name": "Melrose Park Trash Receptacle"}}, {"type": "Feature", "geometry": {"type": "Point", "coordinates": [-97.65034950344484, 35.47102834564047]}, "properties": {"Facility_Name": "Melrose Park Shelter"}}, {"type": "Feature", "geometry": {"type": "Point", "coordinates": [-97.65032051593253, 35.4709912978277]}, "properties": {"Facility_Name": "Melrose Park Shelter"}}, {"type": "Feature", "geometry": {"type": "Point", "coordinates": [-97.65041550521545, 35.47085207229388]}, "properties": {"Facility_Name": "Melrose Park Shelter"}}, {"type": "Feature", "geometry": {"type": "Point", "coordinates": [-97.53231782132792, 35.50670386776052]}, "properties": {"Facility_Name": "Memorial Park Shelter"}}, {"type": "Feature", "geometry": {"type": "Point", "coordinates": [-97.53227426831148, 35.50667114455433]}, "properties": {"Facility_Name": "Memorial Park Shelter"}}, {"type": "Feature", "geometry": {"type": "Point", "coordinates": [-97.53239371282802, 35.506593992560795]}, "properties": {"Facility_Name": "Memorial Park Shelter"}}, {"type": "Feature", "geometry": {"type": "Point", "coordinates": [-97.53239455640586, 35.50659936137054]}, "properties": {"Facility_Name": "Memorial Park Picnic Table"}}, {"type": "Feature", "geometry": {"type": "Point", "coordinates": [-97.53230951983248, 35.50670204686578]}, "properties": {"Facility_Name": "Memorial Park Picnic Table"}}, {"type": "Feature", "geometry": {"type": "Point", "coordinates": [-97.53226816631752, 35.506667186306444]}, "properties": {"Facility_Name": "Memorial Park Picnic Table"}}, {"type": "Feature", "geometry": {"type": "Point", "coordinates": [-97.5324140679751, 35.50670317337259]}, "properties": {"Facility_Name": "Memorial Park Bench"}}, {"type": "Feature", "geometry": {"type": "Point", "coordinates": [-97.53238613205102, 35.50669269019852]}, "properties": {"Facility_Name": "Memorial Park Bench"}}, {"type": "Feature", "geometry": {"type": "Point", "coordinates": [-97.53228182393333, 35.50657673975496]}, "properties": {"Facility_Name": "Memorial Park Bench"}}, {"type": "Feature", "geometry": {"type": "Point", "coordinates": [-97.53226293506683, 35.506589901056046]}, "properties": {"Facility_Name": "Memorial Park Bench"}}, {"type": "Feature", "geometry": {"type": "Point", "coordinates": [-97.53260538018972, 35.49507790643071]}, "properties": {"Facility_Name": "Military Park Bench"}}, {"type": "Feature", "geometry": {"type": "Point", "coordinates": [-97.53258018544702, 35.495097839701]}, "properties": {"Facility_Name": "Military Park Bench"}}, {"type": "Feature", "geometry": {"type": "Point", "coordinates": [-97.30746266673027, 35.5068770849186]}, "properties": {"Facility_Name": "Minnis Lakeview Park Bench"}}, {"type": "Feature", "geometry": {"type": "Point", "coordinates": [-97.30742966351175, 35.50684899023119]}, "properties": {"Facility_Name": "Minnis Lakeview Park Bench"}}, {"type": "Feature", "geometry": {"type": "Point", "coordinates": [-97.30750782126253, 35.50691633851483]}, "properties": {"Facility_Name": "Minnis Lakeview Park Picnic Table"}}, {"type": "Feature", "geometry": {"type": "Point", "coordinates": [-97.30785445066346, 35.50668569818286]}, "properties": {"Facility_Name": "Minnis Lakeview Park Picnic Table"}}, {"type": "Feature", "geometry": {"type": "Point", "coordinates": [-97.30782305425463, 35.50667406838259]}, "properties": {"Facility_Name": "Minnis Lakeview Park Picnic Table"}}, {"type": "Feature", "geometry": {"type": "Point", "coordinates": [-97.30843394336364, 35.50596697291798]}, "properties": {"Facility_Name": "Minnis Lakeview Park Bench"}}, {"type": "Feature", "geometry": {"type": "Point", "coordinates": [-97.30825138960583, 35.506132603299335]}, "properties": {"Facility_Name": "Minnis Lakeview Park Bench"}}, {"type": "Feature", "geometry": {"type": "Point", "coordinates": [-97.30821425098704, 35.50617745835448]}, "properties": {"Facility_Name": "Minnis Lakeview Park Bench"}}, {"type": "Feature", "geometry": {"type": "Point", "coordinates": [-97.30804267213595, 35.506489099604224]}, "properties": {"Facility_Name": "Minnis Lakeview Park Bench"}}, {"type": "Feature", "geometry": {"type": "Point", "coordinates": [-97.3063960178346, 35.506915280221236]}, "properties": {"Facility_Name": "Minnis Lakeview Park Bench"}}, {"type": "Feature", "geometry": {"type": "Point", "coordinates": [-97.30645558053632, 35.50655159643917]}, "properties": {"Facility_Name": "Minnis Lakeview Park Bench"}}, {"type": "Feature", "geometry": {"type": "Point", "coordinates": [-97.30786330972387, 35.50643676361321]}, "properties": {"Facility_Name": "Minnis Lakeview Park Picnic Table"}}, {"type": "Feature", "geometry": {"type": "Point", "coordinates": [-97.30763449739553, 35.50633825096565]}, "properties": {"Facility_Name": "Minnis Lakeview Park Picnic Table"}}, {"type": "Feature", "geometry": {"type": "Point", "coordinates": [-97.30737010056421, 35.50666640025542]}, "properties": {"Facility_Name": "Minnis Lakeview Park Picnic Table"}}, {"type": "Feature", "geometry": {"type": "Point", "coordinates": [-97.30851818528862, 35.50704952504185]}, "properties": {"Facility_Name": "Minnis Lakeview Park Picnic Table"}}, {"type": "Feature", "geometry": {"type": "Point", "coordinates": [-97.3086442030933, 35.507063374900525]}, "properties": {"Facility_Name": "Minnis Lakeview Park Bench"}}, {"type": "Feature", "geometry": {"type": "Point", "coordinates": [-97.30868161950268, 35.50703676495563]}, "properties": {"Facility_Name": "Minnis Lakeview Park Bench"}}, {"type": "Feature", "geometry": {"type": "Point", "coordinates": [-97.3086924502861, 35.50696528479574]}, "properties": {"Facility_Name": "Minnis Lakeview Park Bench"}}, {"type": "Feature", "geometry": {"type": "Point", "coordinates": [-97.30861041170665, 35.50692486328332]}, "properties": {"Facility_Name": "Minnis Lakeview Park Bench"}}, {"type": "Feature", "geometry": {"type": "Point", "coordinates": [-97.30870327762453, 35.506977868080135]}, "properties": {"Facility_Name": "Minnis Lakeview Park Trash Receptacle"}}, {"type": "Feature", "geometry": {"type": "Point", "coordinates": [-97.30866323201029, 35.507055139471824]}, "properties": {"Facility_Name": "Minnis Lakeview Park Trash Receptacle"}}, {"type": "Feature", "geometry": {"type": "Point", "coordinates": [-97.30852623630686, 35.507045994588175]}, "properties": {"Facility_Name": "Minnis Lakeview Park Shelter"}}, {"type": "Feature", "geometry": {"type": "Point", "coordinates": [-97.51834292038954, 35.554849528467244]}, "properties": {"Facility_Name": "North Highland Park Shelter"}}, {"type": "Feature", "geometry": {"type": "Point", "coordinates": [-97.51823031740477, 35.55479493922622]}, "properties": {"Facility_Name": "North Highland Park Shelter"}}, {"type": "Feature", "geometry": {"type": "Point", "coordinates": [-97.51822470379666, 35.55475819168735]}, "properties": {"Facility_Name": "North Highland Park Shelter"}}, {"type": "Feature", "geometry": {"type": "Point", "coordinates": [-97.5183455710374, 35.55484548512133]}, "properties": {"Facility_Name": "North Highland Park Picnic Table"}}, {"type": "Feature", "geometry": {"type": "Point", "coordinates": [-97.51823179828008, 35.554791367932204]}, "properties": {"Facility_Name": "North Highland Park Picnic Table"}}, {"type": "Feature", "geometry": {"type": "Point", "coordinates": [-97.51839786579774, 35.55483568176502]}, "properties": {"Facility_Name": "North Highland Park Bench"}}, {"type": "Feature", "geometry": {"type": "Point", "coordinates": [-97.51830823894723, 35.55484199531329]}, "properties": {"Facility_Name": "North Highland Park Bench"}}, {"type": "Feature", "geometry": {"type": "Point", "coordinates": [-97.5182796675738, 35.554837587430136]}, "properties": {"Facility_Name": "North Highland Park Bench"}}, {"type": "Feature", "geometry": {"type": "Point", "coordinates": [-97.51820984282652, 35.554754554123384]}, "properties": {"Facility_Name": "North Highland Park Bench"}}, {"type": "Feature", "geometry": {"type": "Point", "coordinates": [-97.5182447139088, 35.55473084867277]}, "properties": {"Facility_Name": "North Highland Park Bench"}}, {"type": "Feature", "geometry": {"type": "Point", "coordinates": [-97.51826467512318, 35.55471137479367]}, "properties": {"Facility_Name": "North Highland Park Bench"}}, {"type": "Feature", "geometry": {"type": "Point", "coordinates": [-97.51837534693128, 35.55484369866193]}, "properties": {"Facility_Name": "North Highland Park Trash Receptacle"}}, {"type": "Feature", "geometry": {"type": "Point", "coordinates": [-97.51822025538623, 35.554769858230216]}, "properties": {"Facility_Name": "North Highland Park Trash Receptacle"}}, {"type": "Feature", "geometry": {"type": "Point", "coordinates": [-97.5178525246847, 35.55487217390688]}, "properties": {"Facility_Name": "North Highland Park Bench"}}, {"type": "Feature", "geometry": {"type": "Point", "coordinates": [-97.51784939017273, 35.554715723520744]}, "properties": {"Facility_Name": "North Highland Park Bench"}}, {"type": "Feature", "geometry": {"type": "Point", "coordinates": [-97.51801784395268, 35.55484756656913]}, "properties": {"Facility_Name": "North Highland Park Picnic Table"}}, {"type": "Feature", "geometry": {"type": "Point", "coordinates": [-97.5178978494057, 35.55461671569229]}, "properties": {"Facility_Name": "North Highland Park Picnic Table"}}, {"type": "Feature", "geometry": {"type": "Point", "coordinates": [-97.58975854241599, 35.528231374732634]}, "properties": {"Facility_Name": "North Rotary Park Bench"}}, {"type": "Feature", "geometry": {"type": "Point", "coordinates": [-97.58975826530164, 35.52821438234828]}, "properties": {"Facility_Name": "North Rotary Park Bench"}}, {"type": "Feature", "geometry": {"type": "Point", "coordinates": [-97.58975895689959, 35.52815118964326]}, "properties": {"Facility_Name": "North Rotary Park Bench"}}, {"type": "Feature", "geometry": {"type": "Point", "coordinates": [-97.5897586967296, 35.52813091926632]}, "properties": {"Facility_Name": "North Rotary Park Bench"}}, {"type": "Feature", "geometry": {"type": "Point", "coordinates": [-97.58974442054337, 35.528889207482216]}, "properties": {"Facility_Name": "North Rotary Park Bench"}}, {"type": "Feature", "geometry": {"type": "Point", "coordinates": [-97.58973644757823, 35.528851501729925]}, "properties": {"Facility_Name": "North Rotary Park Bench"}}, {"type": "Feature", "geometry": {"type": "Point", "coordinates": [-97.58966554633633, 35.52879736227443]}, "properties": {"Facility_Name": "North Rotary Park Bench"}}, {"type": "Feature", "geometry": {"type": "Point", "coordinates": [-97.58964236922776, 35.52901079356113]}, "properties": {"Facility_Name": "North Rotary Park Picnic Table"}}, {"type": "Feature", "geometry": {"type": "Point", "coordinates": [-97.5899465353143, 35.528635381971895]}, "properties": {"Facility_Name": "North Rotary Park Picnic Table"}}, {"type": "Feature", "geometry": {"type": "Point", "coordinates": [-97.58991075273615, 35.52864449861575]}, "properties": {"Facility_Name": "North Rotary Park Picnic Table"}}, {"type": "Feature", "geometry": {"type": "Point", "coordinates": [-97.48876486047415, 35.503381565217296]}, "properties": {"Facility_Name": "Northeast Center Park Picnic Table"}}, {"type": "Feature", "geometry": {"type": "Point", "coordinates": [-97.48873142952324, 35.503365026430444]}, "properties": {"Facility_Name": "Northeast Center Park Picnic Table"}}, {"type": "Feature", "geometry": {"type": "Point", "coordinates": [-97.48956140638008, 35.50346804002769]}, "properties": {"Facility_Name": "Northeast Center Park Picnic Table"}}, {"type": "Feature", "geometry": {"type": "Point", "coordinates": [-97.48956203069739, 35.503197108907]}, "properties": {"Facility_Name": "Northeast Center Park Bench"}}, {"type": "Feature", "geometry": {"type": "Point", "coordinates": [-97.48849051599284, 35.503297425206256]}, "properties": {"Facility_Name": "Northeast Center Park Bench"}}, {"type": "Feature", "geometry": {"type": "Point", "coordinates": [-97.4884913663986, 35.50325593435503]}, "properties": {"Facility_Name": "Northeast Center Park Bench"}}, {"type": "Feature", "geometry": {"type": "Point", "coordinates": [-97.48861369882222, 35.5036418326918]}, "properties": {"Facility_Name": "Northeast Center Park Bench"}}, {"type": "Feature", "geometry": {"type": "Point", "coordinates": [-97.48803592943942, 35.5038749533083]}, "properties": {"Facility_Name": "Northeast Center Park Bench"}}, {"type": "Feature", "geometry": {"type": "Point", "coordinates": [-97.48782451871371, 35.50337420373689]}, "properties": {"Facility_Name": "Northeast Center Park Bench"}}, {"type": "Feature", "geometry": {"type": "Point", "coordinates": [-97.48846381481619, 35.5030058967805]}, "properties": {"Facility_Name": "Northeast Center Park Bench"}}, {"type": "Feature", "geometry": {"type": "Point", "coordinates": [-97.488478167866, 35.50338071795587]}, "properties": {"Facility_Name": "Northeast Center Park Bleachers"}}, {"type": "Feature", "geometry": {"type": "Point", "coordinates": [-97.48828287004919, 35.503298080688225]}, "properties": {"Facility_Name": "Northeast Center Park Bleachers"}}, {"type": "Feature", "geometry": {"type": "Point", "coordinates": [-97.66468465039175, 35.48423123408576]}, "properties": {"Facility_Name": "Overholser Park Bench"}}, {"type": "Feature", "geometry": {"type": "Point", "coordinates": [-97.66468452200479, 35.48426163825613]}, "properties": {"Facility_Name": "Overholser Park Bench"}}, {"type": "Feature", "geometry": {"type": "Point", "coordinates": [-97.66453428594465, 35.48431594264039]}, "properties": {"Facility_Name": "Overholser Park Bench"}}, {"type": "Feature", "geometry": {"type": "Point", "coordinates": [-97.6642225019501, 35.48445340378034]}, "properties": {"Facility_Name": "Overholser Park Bench"}}, {"type": "Feature", "geometry": {"type": "Point", "coordinates": [-97.66411534612097, 35.48469634048923]}, "properties": {"Facility_Name": "Overholser Park Bench"}}, {"type": "Feature", "geometry": {"type": "Point", "coordinates": [-97.66392993555631, 35.48496671744571]}, "properties": {"Facility_Name": "Overholser Park Bench"}}, {"type": "Feature", "geometry": {"type": "Point", "coordinates": [-97.6636403222887, 35.4850574694543]}, "properties": {"Facility_Name": "Overholser Park Bench"}}, {"type": "Feature", "geometry": {"type": "Point", "coordinates": [-97.66346425137625, 35.48477462209793]}, "properties": {"Facility_Name": "Overholser Park Bench"}}, {"type": "Feature", "geometry": {"type": "Point", "coordinates": [-97.66346821333138, 35.48439021974991]}, "properties": {"Facility_Name": "Overholser Park Bench"}}, {"type": "Feature", "geometry": {"type": "Point", "coordinates": [-97.66407234979923, 35.48438429969723]}, "properties": {"Facility_Name": "Overholser Park Picnic Table"}}, {"type": "Feature", "geometry": {"type": "Point", "coordinates": [-97.66399335313119, 35.484311580752035]}, "properties": {"Facility_Name": "Overholser Park Picnic Table"}}, {"type": "Feature", "geometry": {"type": "Point", "coordinates": [-97.66406255082171, 35.48421925071353]}, "properties": {"Facility_Name": "Overholser Park Picnic Table"}}, {"type": "Feature", "geometry": {"type": "Point", "coordinates": [-97.6642138927978, 35.48428287375049]}, "properties": {"Facility_Name": "Overholser Park Picnic Table"}}, {"type": "Feature", "geometry": {"type": "Point", "coordinates": [-97.66419628453983, 35.484310009019495]}, "properties": {"Facility_Name": "Overholser Park Picnic Table"}}, {"type": "Feature", "geometry": {"type": "Point", "coordinates": [-97.66340467781006, 35.484315636187695]}, "properties": {"Facility_Name": "Overholser Park Picnic Table"}}, {"type": "Feature", "geometry": {"type": "Point", "coordinates": [-97.6634546672557, 35.48566003441525]}, "properties": {"Facility_Name": "Overholser Park Picnic Table"}}, {"type": "Feature", "geometry": {"type": "Point", "coordinates": [-97.66447310315249, 35.4847624542582]}, "properties": {"Facility_Name": "Overholser Park Picnic Table"}}, {"type": "Feature", "geometry": {"type": "Point", "coordinates": [-97.66440335626382, 35.48519150324358]}, "properties": {"Facility_Name": "Overholser Park Picnic Table"}}, {"type": "Feature", "geometry": {"type": "Point", "coordinates": [-97.66403355857848, 35.48314692802179]}, "properties": {"Facility_Name": "Overholser Park Picnic Table"}}, {"type": "Feature", "geometry": {"type": "Point", "coordinates": [-97.66410187089728, 35.48298830017021]}, "properties": {"Facility_Name": "Overholser Park Picnic Table"}}, {"type": "Feature", "geometry": {"type": "Point", "coordinates": [-97.66379780197902, 35.48346507096057]}, "properties": {"Facility_Name": "Overholser Park Picnic Table"}}, {"type": "Feature", "geometry": {"type": "Point", "coordinates": [-97.66346985504136, 35.483624512161605]}, "properties": {"Facility_Name": "Overholser Park Picnic Table"}}, {"type": "Feature", "geometry": {"type": "Point", "coordinates": [-97.66356854415119, 35.48321223879761]}, "properties": {"Facility_Name": "Overholser Park Picnic Table"}}, {"type": "Feature", "geometry": {"type": "Point", "coordinates": [-97.6636632926617, 35.48285229822899]}, "properties": {"Facility_Name": "Overholser Park Picnic Table"}}, {"type": "Feature", "geometry": {"type": "Point", "coordinates": [-97.66361002747101, 35.4822394230493]}, "properties": {"Facility_Name": "Overholser Park Picnic Table"}}, {"type": "Feature", "geometry": {"type": "Point", "coordinates": [-97.66538596931684, 35.49366878932466]}, "properties": {"Facility_Name": "Overholser Park Picnic Table"}}, {"type": "Feature", "geometry": {"type": "Point", "coordinates": [-97.66346266793565, 35.494413817822505]}, "properties": {"Facility_Name": "Overholser Park Picnic Table"}}, {"type": "Feature", "geometry": {"type": "Point", "coordinates": [-97.66341404579067, 35.494121077453926]}, "properties": {"Facility_Name": "Overholser Park Picnic Table"}}, {"type": "Feature", "geometry": {"type": "Point", "coordinates": [-97.66381472463337, 35.493701551396896]}, "properties": {"Facility_Name": "Overholser Park Picnic Table"}}, {"type": "Feature", "geometry": {"type": "Point", "coordinates": [-97.66442087599988, 35.493511535890946]}, "properties": {"Facility_Name": "Overholser Park Picnic Table"}}, {"type": "Feature", "geometry": {"type": "Point", "coordinates": [-97.66487993720776, 35.49335114979312]}, "properties": {"Facility_Name": "Overholser Park Picnic Table"}}, {"type": "Feature", "geometry": {"type": "Point", "coordinates": [-97.66459685379445, 35.49326950889032]}, "properties": {"Facility_Name": "Overholser Park Picnic Table"}}, {"type": "Feature", "geometry": {"type": "Point", "coordinates": [-97.60607715849301, 35.58233868219104]}, "properties": {"Facility_Name": "Pat Murphy Park Picnic Table"}}, {"type": "Feature", "geometry": {"type": "Point", "coordinates": [-97.6060916911067, 35.58241027157279]}, "properties": {"Facility_Name": "Pat Murphy Park Picnic Table"}}, {"type": "Feature", "geometry": {"type": "Point", "coordinates": [-97.60557607241708, 35.58226010725557]}, "properties": {"Facility_Name": "Pat Murphy Park Picnic Table"}}, {"type": "Feature", "geometry": {"type": "Point", "coordinates": [-97.60555596709335, 35.58226046594566]}, "properties": {"Facility_Name": "Pat Murphy Park Picnic Table"}}, {"type": "Feature", "geometry": {"type": "Point", "coordinates": [-97.48500139318008, 35.49820363018239]}, "properties": {"Facility_Name": "Phillips Park Bench"}}, {"type": "Feature", "geometry": {"type": "Point", "coordinates": [-97.48496547528956, 35.49831011918514]}, "properties": {"Facility_Name": "Phillips Park Bench"}}, {"type": "Feature", "geometry": {"type": "Point", "coordinates": [-97.48480247463984, 35.498299491221715]}, "properties": {"Facility_Name": "Phillips Park Bench"}}, {"type": "Feature", "geometry": {"type": "Point", "coordinates": [-97.48459801950712, 35.4982065529907]}, "properties": {"Facility_Name": "Phillips Park Bench"}}, {"type": "Feature", "geometry": {"type": "Point", "coordinates": [-97.48459594424082, 35.49825662347688]}, "properties": {"Facility_Name": "Phillips Park Bench"}}, {"type": "Feature", "geometry": {"type": "Point", "coordinates": [-97.48499361036531, 35.49818875454716]}, "properties": {"Facility_Name": "Phillips Park Trash Receptacle"}}, {"type": "Feature", "geometry": {"type": "Point", "coordinates": [-97.48481640558002, 35.498308712591566]}, "properties": {"Facility_Name": "Phillips Park Trash Receptacle"}}, {"type": "Feature", "geometry": {"type": "Point", "coordinates": [-97.48474185774023, 35.49777582023657]}, "properties": {"Facility_Name": "Phillips Park Trash Receptacle"}}, {"type": "Feature", "geometry": {"type": "Point", "coordinates": [-97.48476401785605, 35.49801218314428]}, "properties": {"Facility_Name": "Phillips Park Trash Receptacle"}}, {"type": "Feature", "geometry": {"type": "Point", "coordinates": [-97.4849700365669, 35.498080326522505]}, "properties": {"Facility_Name": "Phillips Park Park Grill"}}, {"type": "Feature", "geometry": {"type": "Point", "coordinates": [-97.48495559742439, 35.498080979522214]}, "properties": {"Facility_Name": "Phillips Park Park Grill"}}, {"type": "Feature", "geometry": {"type": "Point", "coordinates": [-97.48482613253331, 35.498079344333206]}, "properties": {"Facility_Name": "Phillips Park Park Grill"}}, {"type": "Feature", "geometry": {"type": "Point", "coordinates": [-97.48498318543584, 35.49805379401414]}, "properties": {"Facility_Name": "Phillips Park Picnic Table"}}, {"type": "Feature", "geometry": {"type": "Point", "coordinates": [-97.48495781568344, 35.49805368395559]}, "properties": {"Facility_Name": "Phillips Park Picnic Table"}}, {"type": "Feature", "geometry": {"type": "Point", "coordinates": [-97.48493127679262, 35.498054045612356]}, "properties": {"Facility_Name": "Phillips Park Picnic Table"}}, {"type": "Feature", "geometry": {"type": "Point", "coordinates": [-97.48498426316533, 35.498022558379404]}, "properties": {"Facility_Name": "Phillips Park Picnic Table"}}, {"type": "Feature", "geometry": {"type": "Point", "coordinates": [-97.48495714696615, 35.498021868412486]}, "properties": {"Facility_Name": "Phillips Park Picnic Table"}}, {"type": "Feature", "geometry": {"type": "Point", "coordinates": [-97.48493008302864, 35.49802246663833]}, "properties": {"Facility_Name": "Phillips Park Picnic Table"}}, {"type": "Feature", "geometry": {"type": "Point", "coordinates": [-97.48486187505168, 35.498053744491884]}, "properties": {"Facility_Name": "Phillips Park Picnic Table"}}, {"type": "Feature", "geometry": {"type": "Point", "coordinates": [-97.48483504409803, 35.49805410485983]}, "properties": {"Facility_Name": "Phillips Park Picnic Table"}}, {"type": "Feature", "geometry": {"type": "Point", "coordinates": [-97.48480763475933, 35.49805374797286]}, "properties": {"Facility_Name": "Phillips Park Picnic Table"}}, {"type": "Feature", "geometry": {"type": "Point", "coordinates": [-97.4848600180417, 35.498025358684835]}, "properties": {"Facility_Name": "Phillips Park Picnic Table"}}, {"type": "Feature", "geometry": {"type": "Point", "coordinates": [-97.48483214698642, 35.49802414085151]}, "properties": {"Facility_Name": "Phillips Park Picnic Table"}}, {"type": "Feature", "geometry": {"type": "Point", "coordinates": [-97.48480683305034, 35.498024602433475]}, "properties": {"Facility_Name": "Phillips Park Picnic Table"}}, {"type": "Feature", "geometry": {"type": "Point", "coordinates": [-97.53742831410516, 35.57245823535468]}, "properties": {"Facility_Name": "Pied Piper Park Bench"}}, {"type": "Feature", "geometry": {"type": "Point", "coordinates": [-97.53730326936541, 35.572528574320046]}, "properties": {"Facility_Name": "Pied Piper Park Bench"}}, {"type": "Feature", "geometry": {"type": "Point", "coordinates": [-97.53729232614835, 35.57255309419181]}, "properties": {"Facility_Name": "Pied Piper Park Bench"}}, {"type": "Feature", "geometry": {"type": "Point", "coordinates": [-97.53744406908851, 35.57245948911483]}, "properties": {"Facility_Name": "Pied Piper Park Trash Receptacle"}}, {"type": "Feature", "geometry": {"type": "Point", "coordinates": [-97.53729094735058, 35.57253925732995]}, "properties": {"Facility_Name": "Pied Piper Park Trash Receptacle"}}, {"type": "Feature", "geometry": {"type": "Point", "coordinates": [-97.53761926078236, 35.5725491004128]}, "properties": {"Facility_Name": "Pied Piper Park Picnic Table"}}, {"type": "Feature", "geometry": {"type": "Point", "coordinates": [-97.53710974441096, 35.57251701032648]}, "properties": {"Facility_Name": "Pied Piper Park Picnic Table"}}, {"type": "Feature", "geometry": {"type": "Point", "coordinates": [-97.5375972242831, 35.57255313815557]}, "properties": {"Facility_Name": "Pied Piper Park Park Grill"}}, {"type": "Feature", "geometry": {"type": "Point", "coordinates": [-97.53651324249283, 35.57254587505793]}, "properties": {"Facility_Name": "Pied Piper Park Bench"}}, {"type": "Feature", "geometry": {"type": "Point", "coordinates": [-97.53633986442914, 35.57254555651338]}, "properties": {"Facility_Name": "Pied Piper Park Bench"}}, {"type": "Feature", "geometry": {"type": "Point", "coordinates": [-97.53849165353029, 35.47019955654043]}, "properties": {"Facility_Name": "Pilot Center Park Bench"}}, {"type": "Feature", "geometry": {"type": "Point", "coordinates": [-97.5383952988177, 35.470201446788664]}, "properties": {"Facility_Name": "Pilot Center Park Bench"}}, {"type": "Feature", "geometry": {"type": "Point", "coordinates": [-97.48671973035033, 35.48881951199703]}, "properties": {"Facility_Name": "Riley Leroy Pitts Trash Receptacle"}}, {"type": "Feature", "geometry": {"type": "Point", "coordinates": [-97.4865878687203, 35.488852566021876]}, "properties": {"Facility_Name": "Riley Leroy Pitts Park Bench"}}, {"type": "Feature", "geometry": {"type": "Point", "coordinates": [-97.4866050757699, 35.489032209281234]}, "properties": {"Facility_Name": "Riley Leroy Pitts Park Bench"}}, {"type": "Feature", "geometry": {"type": "Point", "coordinates": [-97.48654834225324, 35.4890806120939]}, "properties": {"Facility_Name": "Riley Leroy Pitts Park Picnic Table"}}, {"type": "Feature", "geometry": {"type": "Point", "coordinates": [-97.4876471617549, 35.48740806761183]}, "properties": {"Facility_Name": "Riley Leroy Pitts Park Bleachers"}}, {"type": "Feature", "geometry": {"type": "Point", "coordinates": [-97.34408544320408, 35.51578373594305]}, "properties": {"Facility_Name": "Progressive Community Park Picnic Table"}}, {"type": "Feature", "geometry": {"type": "Point", "coordinates": [-97.34408589494579, 35.515764421379366]}, "properties": {"Facility_Name": "Progressive Community Park Picnic Table"}}, {"type": "Feature", "geometry": {"type": "Point", "coordinates": [-97.34405557300909, 35.515746167127844]}, "properties": {"Facility_Name": "Progressive Community Park Picnic Table"}}, {"type": "Feature", "geometry": {"type": "Point", "coordinates": [-97.34405599275755, 35.51578261876832]}, "properties": {"Facility_Name": "Progressive Community Park Picnic Table"}}, {"type": "Feature", "geometry": {"type": "Point", "coordinates": [-97.34408400706428, 35.51584840302354]}, "properties": {"Facility_Name": "Progressive Community Park Park Grill"}}, {"type": "Feature", "geometry": {"type": "Point", "coordinates": [-97.34405834278994, 35.515848023311364]}, "properties": {"Facility_Name": "Progressive Community Park Park Grill"}}, {"type": "Feature", "geometry": {"type": "Point", "coordinates": [-97.34387222639663, 35.51578438588505]}, "properties": {"Facility_Name": "Progressive Community Park Trash Receptacle"}}, {"type": "Feature", "geometry": {"type": "Point", "coordinates": [-97.3441641944471, 35.51603876636116]}, "properties": {"Facility_Name": "Progressive Community Park Picnic Table"}}, {"type": "Feature", "geometry": {"type": "Point", "coordinates": [-97.34428547168717, 35.51576375972808]}, "properties": {"Facility_Name": "Progressive Community Park Picnic Table"}}, {"type": "Feature", "geometry": {"type": "Point", "coordinates": [-97.34426214380775, 35.515409973349456]}, "properties": {"Facility_Name": "Progressive Community Park Bench"}}, {"type": "Feature", "geometry": {"type": "Point", "coordinates": [-97.34405990132448, 35.515423164782646]}, "properties": {"Facility_Name": "Progressive Community Park Bench"}}, {"type": "Feature", "geometry": {"type": "Point", "coordinates": [-97.34420820208216, 35.51558423832481]}, "properties": {"Facility_Name": "Progressive Community Park Bench"}}, {"type": "Feature", "geometry": {"type": "Point", "coordinates": [-97.34423685203748, 35.51550570062216]}, "properties": {"Facility_Name": "Progressive Community Park Picnic Table"}}, {"type": "Feature", "geometry": {"type": "Point", "coordinates": [-97.5746684496662, 35.58370316385648]}, "properties": {"Facility_Name": "Berta Faye Rex Quail Creek Park Picnic Table"}}, {"type": "Feature", "geometry": {"type": "Point", "coordinates": [-97.57467169052698, 35.58358870935532]}, "properties": {"Facility_Name": "Berta Faye Rex Quail Creek Park Picnic Table"}}, {"type": "Feature", "geometry": {"type": "Point", "coordinates": [-97.57456358399688, 35.5836605793707]}, "properties": {"Facility_Name": "Berta Faye Rex Quail Creek Park Picnic Table"}}, {"type": "Feature", "geometry": {"type": "Point", "coordinates": [-97.57456204794, 35.583620510737134]}, "properties": {"Facility_Name": "Berta Faye Rex Quail Creek Park Picnic Table"}}, {"type": "Feature", "geometry": {"type": "Point", "coordinates": [-97.57425419161959, 35.583705973528225]}, "properties": {"Facility_Name": "Berta Faye Rex Quail Creek Park Picnic Table"}}, {"type": "Feature", "geometry": {"type": "Point", "coordinates": [-97.57422282563502, 35.58367581336067]}, "properties": {"Facility_Name": "Berta Faye Rex Quail Creek Park Picnic Table"}}, {"type": "Feature", "geometry": {"type": "Point", "coordinates": [-97.57416577793826, 35.583535387997294]}, "properties": {"Facility_Name": "Berta Faye Rex Quail Creek Park Bench"}}, {"type": "Feature", "geometry": {"type": "Point", "coordinates": [-97.57370162197974, 35.5836975538524]}, "properties": {"Facility_Name": "Berta Faye Rex Quail Creek Park Bench"}}, {"type": "Feature", "geometry": {"type": "Point", "coordinates": [-97.57252825749077, 35.58350232331089]}, "properties": {"Facility_Name": "Berta Faye Rex Quail Creek Park Bench"}}, {"type": "Feature", "geometry": {"type": "Point", "coordinates": [-97.57172341954393, 35.58317820499356]}, "properties": {"Facility_Name": "Berta Faye Rex Quail Creek Park Bench"}}, {"type": "Feature", "geometry": {"type": "Point", "coordinates": [-97.5706075680911, 35.58271488204106]}, "properties": {"Facility_Name": "Berta Faye Rex Quail Creek Park Bench"}}, {"type": "Feature", "geometry": {"type": "Point", "coordinates": [-97.52442451041077, 35.47535755718543]}, "properties": {"Facility_Name": "Red Andrews Park Bench"}}, {"type": "Feature", "geometry": {"type": "Point", "coordinates": [-97.5248415632403, 35.47542695362164]}, "properties": {"Facility_Name": "Red Andrews Park Picnic Table"}}, {"type": "Feature", "geometry": {"type": "Point", "coordinates": [-97.5248321143601, 35.47544694735052]}, "properties": {"Facility_Name": "Red Andrews Park Grill"}}, {"type": "Feature", "geometry": {"type": "Point", "coordinates": [-97.53962194983656, 35.61429075643026]}, "properties": {"Facility_Name": "Redlands Park Picnic Table"}}, {"type": "Feature", "geometry": {"type": "Point", "coordinates": [-97.53959811538371, 35.614309145488335]}, "properties": {"Facility_Name": "Redlands Park Picnic Table"}}, {"type": "Feature", "geometry": {"type": "Point", "coordinates": [-97.5394596774813, 35.614178269154195]}, "properties": {"Facility_Name": "Redlands Park Trash Receptacle"}}, {"type": "Feature", "geometry": {"type": "Point", "coordinates": [-97.53964911696956, 35.614327228560015]}, "properties": {"Facility_Name": "Redlands Park Bench"}}, {"type": "Feature", "geometry": {"type": "Point", "coordinates": [-97.54006482346485, 35.614215860982405]}, "properties": {"Facility_Name": "Redlands Park Bench"}}, {"type": "Feature", "geometry": {"type": "Point", "coordinates": [-97.5399107212834, 35.61422480420628]}, "properties": {"Facility_Name": "Redlands Park Bench"}}, {"type": "Feature", "geometry": {"type": "Point", "coordinates": [-97.5397740087684, 35.614382262923655]}, "properties": {"Facility_Name": "Redlands Park Bench"}}, {"type": "Feature", "geometry": {"type": "Point", "coordinates": [-97.56725497311653, 35.482065280124594]}, "properties": {"Facility_Name": "Reed Park Picnic Table"}}, {"type": "Feature", "geometry": {"type": "Point", "coordinates": [-97.56687048421642, 35.48210632562931]}, "properties": {"Facility_Name": "Reed Park Picnic Table"}}, {"type": "Feature", "geometry": {"type": "Point", "coordinates": [-97.56679217488107, 35.48213799474698]}, "properties": {"Facility_Name": "Reed Park Picnic Table"}}, {"type": "Feature", "geometry": {"type": "Point", "coordinates": [-97.56720600644022, 35.48206271673609]}, "properties": {"Facility_Name": "Reed Park Bench"}}, {"type": "Feature", "geometry": {"type": "Point", "coordinates": [-97.5671501694726, 35.4819299229285]}, "properties": {"Facility_Name": "Reed Park Bench"}}, {"type": "Feature", "geometry": {"type": "Point", "coordinates": [-97.5666398612295, 35.48198548489031]}, "properties": {"Facility_Name": "Reed Park Bench"}}, {"type": "Feature", "geometry": {"type": "Point", "coordinates": [-97.56660627514307, 35.48198517118611]}, "properties": {"Facility_Name": "Reed Park Bench"}}, {"type": "Feature", "geometry": {"type": "Point", "coordinates": [-97.56651507840361, 35.48198521941889]}, "properties": {"Facility_Name": "Reed Park Bench"}}, {"type": "Feature", "geometry": {"type": "Point", "coordinates": [-97.5665086005315, 35.48197546616437]}, "properties": {"Facility_Name": "Reed Park Bench"}}, {"type": "Feature", "geometry": {"type": "Point", "coordinates": [-97.566626563957, 35.481878935337264]}, "properties": {"Facility_Name": "Reed Park Bench"}}, {"type": "Feature", "geometry": {"type": "Point", "coordinates": [-97.56659384897944, 35.481879531523575]}, "properties": {"Facility_Name": "Reed Park Bench"}}, {"type": "Feature", "geometry": {"type": "Point", "coordinates": [-97.56675257808998, 35.48189928357692]}, "properties": {"Facility_Name": "Reed Park Picnic Table"}}, {"type": "Feature", "geometry": {"type": "Point", "coordinates": [-97.56654592902427, 35.48199511035001]}, "properties": {"Facility_Name": "Reed Park Picnic Table"}}, {"type": "Feature", "geometry": {"type": "Point", "coordinates": [-97.56674565796297, 35.481898483194904]}, "properties": {"Facility_Name": "Reed Park Shelter"}}, {"type": "Feature", "geometry": {"type": "Point", "coordinates": [-97.56654871372844, 35.48199225887302]}, "properties": {"Facility_Name": "Reed Park Shelter"}}, {"type": "Feature", "geometry": {"type": "Point", "coordinates": [-97.56650795721153, 35.48198108075305]}, "properties": {"Facility_Name": "Reed Park Shelter"}}, {"type": "Feature", "geometry": {"type": "Point", "coordinates": [-97.56156913226307, 35.5352165585777]}, "properties": {"Facility_Name": "Belle Isle Park Bench"}}, {"type": "Feature", "geometry": {"type": "Point", "coordinates": [-97.56157113226405, 35.5351714942687]}, "properties": {"Facility_Name": "Belle Isle Park Bench"}}, {"type": "Feature", "geometry": {"type": "Point", "coordinates": [-97.56200934005466, 35.53538225131025]}, "properties": {"Facility_Name": "Belle Isle Park Bench"}}, {"type": "Feature", "geometry": {"type": "Point", "coordinates": [-97.56137648695335, 35.5350222085815]}, "properties": {"Facility_Name": "Belle Isle Park Bench"}}, {"type": "Feature", "geometry": {"type": "Point", "coordinates": [-97.56001720769179, 35.53497520995708]}, "properties": {"Facility_Name": "Belle Isle Park Bench"}}, {"type": "Feature", "geometry": {"type": "Point", "coordinates": [-97.56063294114628, 35.535475417569465]}, "properties": {"Facility_Name": "Belle Isle Park Bench"}}, {"type": "Feature", "geometry": {"type": "Point", "coordinates": [-97.56072527554427, 35.53518613558148]}, "properties": {"Facility_Name": "Belle Isle Park Picnic Table"}}, {"type": "Feature", "geometry": {"type": "Point", "coordinates": [-97.56100370077235, 35.535300319641145]}, "properties": {"Facility_Name": "Belle Isle Park Picnic Table"}}, {"type": "Feature", "geometry": {"type": "Point", "coordinates": [-97.56098720636435, 35.535275934185165]}, "properties": {"Facility_Name": "Belle Isle Park Picnic Table"}}, {"type": "Feature", "geometry": {"type": "Point", "coordinates": [-97.56106675836318, 35.53497647038898]}, "properties": {"Facility_Name": "Belle Isle Park Picnic Table"}}, {"type": "Feature", "geometry": {"type": "Point", "coordinates": [-97.56108088163019, 35.53511316623018]}, "properties": {"Facility_Name": "Belle Isle Park Picnic Table"}}, {"type": "Feature", "geometry": {"type": "Point", "coordinates": [-97.56100007631511, 35.53516437733125]}, "properties": {"Facility_Name": "Belle Isle Park Bench"}}, {"type": "Feature", "geometry": {"type": "Point", "coordinates": [-97.50417004738443, 35.45035082003373]}, "properties": {"Facility_Name": "Rotary PlaygroundPark Bench"}}, {"type": "Feature", "geometry": {"type": "Point", "coordinates": [-97.50416837612784, 35.450315041964274]}, "properties": {"Facility_Name": "Rotary PlaygroundPark Bench"}}, {"type": "Feature", "geometry": {"type": "Point", "coordinates": [-97.50459023788505, 35.450383933531995]}, "properties": {"Facility_Name": "Rotary PlaygroundPark Bench"}}, {"type": "Feature", "geometry": {"type": "Point", "coordinates": [-97.5045248322509, 35.45049717286456]}, "properties": {"Facility_Name": "Rotary PlaygroundPark Bench"}}, {"type": "Feature", "geometry": {"type": "Point", "coordinates": [-97.50455843344602, 35.4504367417201]}, "properties": {"Facility_Name": "Rotary Playground Park Picnic Table"}}, {"type": "Feature", "geometry": {"type": "Point", "coordinates": [-97.50252442971305, 35.44015915700626]}, "properties": {"Facility_Name": "H.C. Schilling Park Picnic Table"}}, {"type": "Feature", "geometry": {"type": "Point", "coordinates": [-97.50249925678706, 35.440177175825454]}, "properties": {"Facility_Name": "H.C. Schilling Park Picnic Table"}}, {"type": "Feature", "geometry": {"type": "Point", "coordinates": [-97.50256078986035, 35.440123062512555]}, "properties": {"Facility_Name": "H.C. Schilling Park Bench"}}, {"type": "Feature", "geometry": {"type": "Point", "coordinates": [-97.5024053296835, 35.439913509242146]}, "properties": {"Facility_Name": "H.C. Schilling Park Bench"}}, {"type": "Feature", "geometry": {"type": "Point", "coordinates": [-97.50237618994191, 35.43991338701542]}, "properties": {"Facility_Name": "H.C. Schilling Park Bench"}}, {"type": "Feature", "geometry": {"type": "Point", "coordinates": [-97.50222123340087, 35.440088728826005]}, "properties": {"Facility_Name": "H.C. Schilling Park Bench"}}, {"type": "Feature", "geometry": {"type": "Point", "coordinates": [-97.5021969595819, 35.44024220246572]}, "properties": {"Facility_Name": "H.C. Schilling Park Picnic Table"}}, {"type": "Feature", "geometry": {"type": "Point", "coordinates": [-97.50217027484172, 35.44022253573475]}, "properties": {"Facility_Name": "H.C. Schilling Park Picnic Table"}}, {"type": "Feature", "geometry": {"type": "Point", "coordinates": [-97.5010265332634, 35.44086797863655]}, "properties": {"Facility_Name": "H.C. Schilling Park Picnic Table"}}, {"type": "Feature", "geometry": {"type": "Point", "coordinates": [-97.50113934048504, 35.44109452338209]}, "properties": {"Facility_Name": "H.C. Schilling Park Picnic Table"}}, {"type": "Feature", "geometry": {"type": "Point", "coordinates": [-97.50123698907267, 35.44132195877627]}, "properties": {"Facility_Name": "H.C. Schilling Park Picnic Table"}}, {"type": "Feature", "geometry": {"type": "Point", "coordinates": [-97.50145187971364, 35.44144114414324]}, "properties": {"Facility_Name": "H.C. Schilling Park Picnic Table"}}, {"type": "Feature", "geometry": {"type": "Point", "coordinates": [-97.50166524647445, 35.4418035629567]}, "properties": {"Facility_Name": "H.C. Schilling Park Bench"}}, {"type": "Feature", "geometry": {"type": "Point", "coordinates": [-97.50272753870817, 35.44229640980735]}, "properties": {"Facility_Name": "H.C. Schilling Park Bench"}}, {"type": "Feature", "geometry": {"type": "Point", "coordinates": [-97.50172181662924, 35.44079846558797]}, "properties": {"Facility_Name": "H.C. Schilling Park Bench"}}, {"type": "Feature", "geometry": {"type": "Point", "coordinates": [-97.50170039130435, 35.44077643598261]}, "properties": {"Facility_Name": "H.C. Schilling Park Bench"}}, {"type": "Feature", "geometry": {"type": "Point", "coordinates": [-97.50166660319758, 35.44089963161279]}, "properties": {"Facility_Name": "H.C. Schilling Park Bench"}}, {"type": "Feature", "geometry": {"type": "Point", "coordinates": [-97.50150790566876, 35.44083457731848]}, "properties": {"Facility_Name": "H.C. Schilling Park Bench"}}, {"type": "Feature", "geometry": {"type": "Point", "coordinates": [-97.50171192197618, 35.44078249342786]}, "properties": {"Facility_Name": "H.C. Schilling Park Trash Receptacle"}}, {"type": "Feature", "geometry": {"type": "Point", "coordinates": [-97.50135604750832, 35.44037631311408]}, "properties": {"Facility_Name": "H.C. Schilling Park Trash Receptacle"}}, {"type": "Feature", "geometry": {"type": "Point", "coordinates": [-97.50163112244635, 35.44091164390409]}, "properties": {"Facility_Name": "H.C. Schilling Park Shelter"}}, {"type": "Feature", "geometry": {"type": "Point", "coordinates": [-97.50157549653497, 35.44092965356997]}, "properties": {"Facility_Name": "H.C. Schilling Park Shelter"}}, {"type": "Feature", "geometry": {"type": "Point", "coordinates": [-97.50149416075098, 35.440865640792794]}, "properties": {"Facility_Name": "H.C. Schilling Park Shelter"}}, {"type": "Feature", "geometry": {"type": "Point", "coordinates": [-97.55811712501794, 35.383488287885505]}, "properties": {"Facility_Name": "E.M. Sellers Park Bench"}}, {"type": "Feature", "geometry": {"type": "Point", "coordinates": [-97.55815900782076, 35.38349702888635]}, "properties": {"Facility_Name": "E.M. Sellers Park Bench"}}, {"type": "Feature", "geometry": {"type": "Point", "coordinates": [-97.5583202536395, 35.38356273253868]}, "properties": {"Facility_Name": "E.M. Sellers Park Picnic Table"}}, {"type": "Feature", "geometry": {"type": "Point", "coordinates": [-97.55854481067199, 35.38363260592501]}, "properties": {"Facility_Name": "E.M. Sellers  Park Picnic Table"}}, {"type": "Feature", "geometry": {"type": "Point", "coordinates": [-97.5585446339134, 35.383664441029545]}, "properties": {"Facility_Name": "E.M. Sellers  Park Picnic Table"}}, {"type": "Feature", "geometry": {"type": "Point", "coordinates": [-97.55822205974182, 35.3827695694756]}, "properties": {"Facility_Name": "E.M. Sellers  Park Bench"}}, {"type": "Feature", "geometry": {"type": "Point", "coordinates": [-97.55818012696206, 35.382769889992204]}, "properties": {"Facility_Name": "E.M. Sellers Park Bench"}}, {"type": "Feature", "geometry": {"type": "Point", "coordinates": [-97.55846813605062, 35.383211178363375]}, "properties": {"Facility_Name": "E.M. Sellers  Park Bench"}}, {"type": "Feature", "geometry": {"type": "Point", "coordinates": [-97.55846175010315, 35.38318134584362]}, "properties": {"Facility_Name": "E.M. Sellers  Park Bench"}}, {"type": "Feature", "geometry": {"type": "Point", "coordinates": [-97.5583377930273, 35.383086689109135]}, "properties": {"Facility_Name": "E.M. Sellers  Park Bench"}}, {"type": "Feature", "geometry": {"type": "Point", "coordinates": [-97.55831805803031, 35.383100923740706]}, "properties": {"Facility_Name": "E.M. Sellers Park Bench"}}, {"type": "Feature", "geometry": {"type": "Point", "coordinates": [-97.55830848525797, 35.383120561678055]}, "properties": {"Facility_Name": "E.M. Sellers Park Bench"}}, {"type": "Feature", "geometry": {"type": "Point", "coordinates": [-97.55828238415464, 35.38323254484113]}, "properties": {"Facility_Name": "E.M. Sellers Park Bench"}}, {"type": "Feature", "geometry": {"type": "Point", "coordinates": [-97.55828299347344, 35.38325400979779]}, "properties": {"Facility_Name": "E.M. Sellers Park Bench"}}, {"type": "Feature", "geometry": {"type": "Point", "coordinates": [-97.55830243588271, 35.38317754824446]}, "properties": {"Facility_Name": "E.M. Sellers Park Picnic Table"}}, {"type": "Feature", "geometry": {"type": "Point", "coordinates": [-97.55844593779295, 35.383357829328205]}, "properties": {"Facility_Name": "E.M. Sellers Park Picnic Table"}}, {"type": "Feature", "geometry": {"type": "Point", "coordinates": [-97.55840150741142, 35.38336213518868]}, "properties": {"Facility_Name": "E.M. Sellers  Park Picnic Table"}}, {"type": "Feature", "geometry": {"type": "Point", "coordinates": [-97.55845251742628, 35.38335278671913]}, "properties": {"Facility_Name": "E.M. Sellers  Park Shelter"}}, {"type": "Feature", "geometry": {"type": "Point", "coordinates": [-97.5583989927829, 35.383356163714]}, "properties": {"Facility_Name": "E.M. Sellers Park Shelter"}}, {"type": "Feature", "geometry": {"type": "Point", "coordinates": [-97.55830974406369, 35.38317250835791]}, "properties": {"Facility_Name": "E.M. Sellers Park Shelter"}}, {"type": "Feature", "geometry": {"type": "Point", "coordinates": [-97.55846868064151, 35.38319515886108]}, "properties": {"Facility_Name": "E.M. Sellers Park Trash Receptacle"}}, {"type": "Feature", "geometry": {"type": "Point", "coordinates": [-97.5584297525731, 35.383362061941]}, "properties": {"Facility_Name": "E.M. Sellers Park Trash Receptacle"}}, {"type": "Feature", "geometry": {"type": "Point", "coordinates": [-97.55890678532492, 35.383295656181346]}, "properties": {"Facility_Name": "E.M. Sellers  Park Picnic Table"}}, {"type": "Feature", "geometry": {"type": "Point", "coordinates": [-97.55885059766219, 35.38366078235022]}, "properties": {"Facility_Name": "E.M. Sellers  Park Picnic Table"}}, {"type": "Feature", "geometry": {"type": "Point", "coordinates": [-97.55871858553542, 35.3832071987931]}, "properties": {"Facility_Name": "E.M. Sellers Park Bench"}}, {"type": "Feature", "geometry": {"type": "Point", "coordinates": [-97.55823727449427, 35.3822066950811]}, "properties": {"Facility_Name": "E.M. Sellers Park Bench"}}, {"type": "Feature", "geometry": {"type": "Point", "coordinates": [-97.4831195028591, 35.41593306525122]}, "properties": {"Facility_Name": "Shallowbrook Park Picnic Table"}}, {"type": "Feature", "geometry": {"type": "Point", "coordinates": [-97.48309023623105, 35.41595380384571]}, "properties": {"Facility_Name": "Shallowbrook Park Picnic Table"}}, {"type": "Feature", "geometry": {"type": "Point", "coordinates": [-97.48297223234678, 35.415845381432064]}, "properties": {"Facility_Name": "Shallowbrook Park Bench"}}, {"type": "Feature", "geometry": {"type": "Point", "coordinates": [-97.48248185617517, 35.41603986266758]}, "properties": {"Facility_Name": "Shallowbrook Park Bench"}}, {"type": "Feature", "geometry": {"type": "Point", "coordinates": [-97.4818403804842, 35.41559445890294]}, "properties": {"Facility_Name": "Shallowbrook Park Bench"}}, {"type": "Feature", "geometry": {"type": "Point", "coordinates": [-97.48238174486421, 35.414593336080465]}, "properties": {"Facility_Name": "Shallowbrook Park Bench"}}, {"type": "Feature", "geometry": {"type": "Point", "coordinates": [-97.4836373298187, 35.41449483568056]}, "properties": {"Facility_Name": "Shallowbrook Park Bench"}}, {"type": "Feature", "geometry": {"type": "Point", "coordinates": [-97.4831191126112, 35.415522774360426]}, "properties": {"Facility_Name": "Shallowbrook Park Bench"}}, {"type": "Feature", "geometry": {"type": "Point", "coordinates": [-97.55673977513135, 35.37154891579202]}, "properties": {"Facility_Name": "Siler Park Bench"}}, {"type": "Feature", "geometry": {"type": "Point", "coordinates": [-97.55674946436697, 35.37127328114734]}, "properties": {"Facility_Name": "Siler Park Bench"}}, {"type": "Feature", "geometry": {"type": "Point", "coordinates": [-97.55702229784293, 35.37132008716078]}, "properties": {"Facility_Name": "Siler Park Bench"}}, {"type": "Feature", "geometry": {"type": "Point", "coordinates": [-97.55707527319778, 35.371427119883094]}, "properties": {"Facility_Name": "Siler Park Picnic Table"}}, {"type": "Feature", "geometry": {"type": "Point", "coordinates": [-97.55675155183759, 35.37142114009376]}, "properties": {"Facility_Name": "Siler Park Bench"}}, {"type": "Feature", "geometry": {"type": "Point", "coordinates": [-97.55706042407871, 35.37163620216788]}, "properties": {"Facility_Name": "Siler Park Shelter"}}, {"type": "Feature", "geometry": {"type": "Point", "coordinates": [-97.55707853814742, 35.371625061282955]}, "properties": {"Facility_Name": "Siler Park Picnic Table"}}, {"type": "Feature", "geometry": {"type": "Point", "coordinates": [-97.55704202592322, 35.37164638751119]}, "properties": {"Facility_Name": "Siler Park Picnic Table"}}, {"type": "Feature", "geometry": {"type": "Point", "coordinates": [-97.55785978628434, 35.37118800186804]}, "properties": {"Facility_Name": "Siler Park Bench"}}, {"type": "Feature", "geometry": {"type": "Point", "coordinates": [-97.55710442890253, 35.37063550935505]}, "properties": {"Facility_Name": "Siler Park Bench"}}, {"type": "Feature", "geometry": {"type": "Point", "coordinates": [-97.55389170361231, 35.51629916834057]}, "properties": {"Facility_Name": "Smitty Park Shelter"}}, {"type": "Feature", "geometry": {"type": "Point", "coordinates": [-97.55389180077681, 35.516281879825144]}, "properties": {"Facility_Name": "Smitty Park Picnic Table"}}, {"type": "Feature", "geometry": {"type": "Point", "coordinates": [-97.55389015804921, 35.51631466322062]}, "properties": {"Facility_Name": "Smitty Park Picnic Table"}}, {"type": "Feature", "geometry": {"type": "Point", "coordinates": [-97.55392482861974, 35.51624384794718]}, "properties": {"Facility_Name": "Smitty Park Bench"}}, {"type": "Feature", "geometry": {"type": "Point", "coordinates": [-97.55392567455218, 35.51622298495511]}, "properties": {"Facility_Name": "Smitty Park Bench"}}, {"type": "Feature", "geometry": {"type": "Point", "coordinates": [-97.59520846999692, 35.3443460314302]}, "properties": {"Facility_Name": "South Lakes Park Bench"}}, {"type": "Feature", "geometry": {"type": "Point", "coordinates": [-97.59502253193916, 35.34413792831879]}, "properties": {"Facility_Name": "South Lakes Park Bench"}}, {"type": "Feature", "geometry": {"type": "Point", "coordinates": [-97.5954590120647, 35.34472784009438]}, "properties": {"Facility_Name": "South Lakes Park Bench"}}, {"type": "Feature", "geometry": {"type": "Point", "coordinates": [-97.59540127012065, 35.34463583322113]}, "properties": {"Facility_Name": "South Lakes Park Bench"}}, {"type": "Feature", "geometry": {"type": "Point", "coordinates": [-97.5953320204407, 35.34451755476906]}, "properties": {"Facility_Name": "South Lakes Park Bench"}}, {"type": "Feature", "geometry": {"type": "Point", "coordinates": [-97.59529755339727, 35.34442741460269]}, "properties": {"Facility_Name": "South Lakes Park Bench"}}, {"type": "Feature", "geometry": {"type": "Point", "coordinates": [-97.59562865376391, 35.34470695745386]}, "properties": {"Facility_Name": "South Lakes Park Trash Receptacle"}}, {"type": "Feature", "geometry": {"type": "Point", "coordinates": [-97.59543404620666, 35.3443432245784]}, "properties": {"Facility_Name": "South Lakes Park Trash Receptacle"}}, {"type": "Feature", "geometry": {"type": "Point", "coordinates": [-97.59542413449087, 35.34436496246799]}, "properties": {"Facility_Name": "South Lakes Park Shelter"}}, {"type": "Feature", "geometry": {"type": "Point", "coordinates": [-97.59559848430277, 35.34469445444785]}, "properties": {"Facility_Name": "South Lakes Park Shelter"}}, {"type": "Feature", "geometry": {"type": "Point", "coordinates": [-97.59541772181232, 35.344366825184736]}, "properties": {"Facility_Name": "South Lakes Park Picnic Table"}}, {"type": "Feature", "geometry": {"type": "Point", "coordinates": [-97.59560077642142, 35.344700361259825]}, "properties": {"Facility_Name": "South Lakes Park Picnic Table"}}, {"type": "Feature", "geometry": {"type": "Point", "coordinates": [-97.59548158588161, 35.34500921828881]}, "properties": {"Facility_Name": "South Lakes Park Bench"}}, {"type": "Feature", "geometry": {"type": "Point", "coordinates": [-97.5954990474611, 35.34483793771779]}, "properties": {"Facility_Name": "South Lakes Park Bench"}}, {"type": "Feature", "geometry": {"type": "Point", "coordinates": [-97.59577093034255, 35.34628985836569]}, "properties": {"Facility_Name": "South Lakes Park Bench"}}, {"type": "Feature", "geometry": {"type": "Point", "coordinates": [-97.5955725711096, 35.34630527779147]}, "properties": {"Facility_Name": "South Lakes Park Bench"}}, {"type": "Feature", "geometry": {"type": "Point", "coordinates": [-97.59560561603608, 35.346246071696314]}, "properties": {"Facility_Name": "South Lakes Park Bench"}}, {"type": "Feature", "geometry": {"type": "Point", "coordinates": [-97.59554097242744, 35.34593703420864]}, "properties": {"Facility_Name": "South Lakes Park Bench"}}, {"type": "Feature", "geometry": {"type": "Point", "coordinates": [-97.59570931437229, 35.34588604007539]}, "properties": {"Facility_Name": "South Lakes Park Bench"}}, {"type": "Feature", "geometry": {"type": "Point", "coordinates": [-97.59575489815566, 35.34634616539079]}, "properties": {"Facility_Name": "South Lakes Park Shelter"}}, {"type": "Feature", "geometry": {"type": "Point", "coordinates": [-97.59567151539578, 35.346345166173215]}, "properties": {"Facility_Name": "South Lakes Park Shelter"}}, {"type": "Feature", "geometry": {"type": "Point", "coordinates": [-97.59570348242977, 35.346240467904245]}, "properties": {"Facility_Name": "South Lakes Park Shelter"}}, {"type": "Feature", "geometry": {"type": "Point", "coordinates": [-97.5957584564302, 35.346350351437025]}, "properties": {"Facility_Name": "South Lakes Park Picnic Table"}}, {"type": "Feature", "geometry": {"type": "Point", "coordinates": [-97.59566707946337, 35.34634765484038]}, "properties": {"Facility_Name": "South Lakes Park Picnic Table"}}, {"type": "Feature", "geometry": {"type": "Point", "coordinates": [-97.59569936550403, 35.34623711545278]}, "properties": {"Facility_Name": "South Lakes Park Picnic Table"}}, {"type": "Feature", "geometry": {"type": "Point", "coordinates": [-97.59812927409799, 35.34547788540117]}, "properties": {"Facility_Name": "South Lakes Park Picnic Table"}}, {"type": "Feature", "geometry": {"type": "Point", "coordinates": [-97.59806474595563, 35.34528808411657]}, "properties": {"Facility_Name": "South Lakes Park Picnic Table"}}, {"type": "Feature", "geometry": {"type": "Point", "coordinates": [-97.5980648965709, 35.345258276031394]}, "properties": {"Facility_Name": "South Lakes Park Picnic Table"}}, {"type": "Feature", "geometry": {"type": "Point", "coordinates": [-97.59811179576383, 35.34519285673602]}, "properties": {"Facility_Name": "South Lakes Park Picnic Table"}}, {"type": "Feature", "geometry": {"type": "Point", "coordinates": [-97.59814453155587, 35.345194159274484]}, "properties": {"Facility_Name": "South Lakes Park Picnic Table"}}, {"type": "Feature", "geometry": {"type": "Point", "coordinates": [-97.59812981386429, 35.34522689944671]}, "properties": {"Facility_Name": "South Lakes Park Picnic Table"}}, {"type": "Feature", "geometry": {"type": "Point", "coordinates": [-97.59824828236313, 35.345253532520964]}, "properties": {"Facility_Name": "South Lakes Park Picnic Table"}}, {"type": "Feature", "geometry": {"type": "Point", "coordinates": [-97.5982495811099, 35.34528453793614]}, "properties": {"Facility_Name": "South Lakes Park Picnic Table"}}, {"type": "Feature", "geometry": {"type": "Point", "coordinates": [-97.59825387627812, 35.34544253814804]}, "properties": {"Facility_Name": "South Lakes Park Picnic Table"}}, {"type": "Feature", "geometry": {"type": "Point", "coordinates": [-97.59822934583089, 35.34540131887932]}, "properties": {"Facility_Name": "South Lakes Park Picnic Table"}}, {"type": "Feature", "geometry": {"type": "Point", "coordinates": [-97.59806435321391, 35.34522190775527]}, "properties": {"Facility_Name": "South Lakes Park Bench"}}, {"type": "Feature", "geometry": {"type": "Point", "coordinates": [-97.59808115997123, 35.34520765667343]}, "properties": {"Facility_Name": "South Lakes Park Bench"}}, {"type": "Feature", "geometry": {"type": "Point", "coordinates": [-97.59821854213384, 35.34520645337943]}, "properties": {"Facility_Name": "South Lakes Park Picnic Table"}}, {"type": "Feature", "geometry": {"type": "Point", "coordinates": [-97.59821545293492, 35.34547221646608]}, "properties": {"Facility_Name": "South Lakes Park Picnic Table"}}, {"type": "Feature", "geometry": {"type": "Point", "coordinates": [-97.5982089379409, 35.34520642081362]}, "properties": {"Facility_Name": "South Lakes Park Shelter"}}, {"type": "Feature", "geometry": {"type": "Point", "coordinates": [-97.59820540839408, 35.34547289713553]}, "properties": {"Facility_Name": "South Lakes Park Shelter"}}, {"type": "Feature", "geometry": {"type": "Point", "coordinates": [-97.595625875086, 35.34584626863039]}, "properties": {"Facility_Name": "South Lakes Park Bench"}}, {"type": "Feature", "geometry": {"type": "Point", "coordinates": [-97.5956061816229, 35.34582712366604]}, "properties": {"Facility_Name": "South Lakes Park Bench"}}, {"type": "Feature", "geometry": {"type": "Point", "coordinates": [-97.59563763776217, 35.34570799661286]}, "properties": {"Facility_Name": "South Lakes Park Bench"}}, {"type": "Feature", "geometry": {"type": "Point", "coordinates": [-97.59566101637581, 35.34568947632127]}, "properties": {"Facility_Name": "South Lakes Park Bench"}}, {"type": "Feature", "geometry": {"type": "Point", "coordinates": [-97.59579826490506, 35.34571474556981]}, "properties": {"Facility_Name": "South Lakes Park Bench"}}, {"type": "Feature", "geometry": {"type": "Point", "coordinates": [-97.5958185559406, 35.34573103002056]}, "properties": {"Facility_Name": "South Lakes Park Bench"}}, {"type": "Feature", "geometry": {"type": "Point", "coordinates": [-97.59589910806791, 35.34580189164247]}, "properties": {"Facility_Name": "South Lakes Park Bench"}}, {"type": "Feature", "geometry": {"type": "Point", "coordinates": [-97.59590536106043, 35.34583148362462]}, "properties": {"Facility_Name": "South Lakes Park Bench"}}, {"type": "Feature", "geometry": {"type": "Point", "coordinates": [-97.5959110286298, 35.34586154949494]}, "properties": {"Facility_Name": "South Lakes Park Bench"}}, {"type": "Feature", "geometry": {"type": "Point", "coordinates": [-97.59561077253815, 35.34584001706733]}, "properties": {"Facility_Name": "South Lakes Park Trash Receptacle"}}, {"type": "Feature", "geometry": {"type": "Point", "coordinates": [-97.59564469075214, 35.345694667062645]}, "properties": {"Facility_Name": "South Lakes Park Trash Receptacle"}}, {"type": "Feature", "geometry": {"type": "Point", "coordinates": [-97.59581396147074, 35.34571861430293]}, "properties": {"Facility_Name": "South Lakes Park Trash Receptacle"}}, {"type": "Feature", "geometry": {"type": "Point", "coordinates": [-97.59589668483459, 35.345820484348806]}, "properties": {"Facility_Name": "South Lakes Park Trash Receptacle"}}, {"type": "Feature", "geometry": {"type": "Point", "coordinates": [-97.59587423573576, 35.345770805801564]}, "properties": {"Facility_Name": "South Lakes Park Trash Receptacle"}}, {"type": "Feature", "geometry": {"type": "Point", "coordinates": [-97.59588123296774, 35.34576844483323]}, "properties": {"Facility_Name": "South Lakes Park Picnic Table"}}, {"type": "Feature", "geometry": {"type": "Point", "coordinates": [-97.54162554314311, 35.44682460182826]}, "properties": {"Facility_Name": "South Rotary Park Bench"}}, {"type": "Feature", "geometry": {"type": "Point", "coordinates": [-97.54158312912519, 35.44685186197787]}, "properties": {"Facility_Name": "South Rotary Park Bench"}}, {"type": "Feature", "geometry": {"type": "Point", "coordinates": [-97.54186920153724, 35.44702168503098]}, "properties": {"Facility_Name": "South Rotary Park Bench"}}, {"type": "Feature", "geometry": {"type": "Point", "coordinates": [-97.54182967200308, 35.44705432277982]}, "properties": {"Facility_Name": "South Rotary Park Bench"}}, {"type": "Feature", "geometry": {"type": "Point", "coordinates": [-97.5419417921312, 35.44656243202398]}, "properties": {"Facility_Name": "South Rotary Park Bench"}}, {"type": "Feature", "geometry": {"type": "Point", "coordinates": [-97.5418902122145, 35.44656199492893]}, "properties": {"Facility_Name": "South Rotary Park Bench"}}, {"type": "Feature", "geometry": {"type": "Point", "coordinates": [-97.54197505317748, 35.44660620074095]}, "properties": {"Facility_Name": "South Rotary Park Picnic Table"}}, {"type": "Feature", "geometry": {"type": "Point", "coordinates": [-97.52025741206918, 35.398631716461146]}, "properties": {"Facility_Name": "Southern Oaks Park Bench"}}, {"type": "Feature", "geometry": {"type": "Point", "coordinates": [-97.52025705030128, 35.39859499047033]}, "properties": {"Facility_Name": "Southern Oaks Park Bench"}}, {"type": "Feature", "geometry": {"type": "Point", "coordinates": [-97.52004070864486, 35.39832557327324]}, "properties": {"Facility_Name": "Southern Oaks Park Picnic Table"}}, {"type": "Feature", "geometry": {"type": "Point", "coordinates": [-97.51974993108671, 35.398368512919724]}, "properties": {"Facility_Name": "Southern Oaks Park Bench"}}, {"type": "Feature", "geometry": {"type": "Point", "coordinates": [-97.51972918402657, 35.39830761971706]}, "properties": {"Facility_Name": "Southern Oaks Park Trash Receptacle"}}, {"type": "Feature", "geometry": {"type": "Point", "coordinates": [-97.58334740893544, 35.552348892187936]}, "properties": {"Facility_Name": "Stars and Stripes Park Bench"}}, {"type": "Feature", "geometry": {"type": "Point", "coordinates": [-97.58353863207242, 35.55194320747645]}, "properties": {"Facility_Name": "Stars and Stripes Park Bench"}}, {"type": "Feature", "geometry": {"type": "Point", "coordinates": [-97.58246552519735, 35.55241089834781]}, "properties": {"Facility_Name": "Stars and Stripes Park Bench"}}, {"type": "Feature", "geometry": {"type": "Point", "coordinates": [-97.58274189536164, 35.55212856598235]}, "properties": {"Facility_Name": "Stars and Stripes Park Bench"}}, {"type": "Feature", "geometry": {"type": "Point", "coordinates": [-97.58304985952253, 35.551997295685986]}, "properties": {"Facility_Name": "Stars and Stripes Park Bench"}}, {"type": "Feature", "geometry": {"type": "Point", "coordinates": [-97.58328859904202, 35.551711967435146]}, "properties": {"Facility_Name": "Stars and Stripes Park Bench"}}, {"type": "Feature", "geometry": {"type": "Point", "coordinates": [-97.58301727572272, 35.551652261910675]}, "properties": {"Facility_Name": "Stars and Stripes Park Bench"}}, {"type": "Feature", "geometry": {"type": "Point", "coordinates": [-97.5829962003291, 35.55163698558856]}, "properties": {"Facility_Name": "Stars and Stripes Park Bench"}}, {"type": "Feature", "geometry": {"type": "Point", "coordinates": [-97.5829440630397, 35.55163262951706]}, "properties": {"Facility_Name": "Stars and Stripes Park Bench"}}, {"type": "Feature", "geometry": {"type": "Point", "coordinates": [-97.58291847137242, 35.5516435689683]}, "properties": {"Facility_Name": "Stars and Stripes Park Bench"}}, {"type": "Feature", "geometry": {"type": "Point", "coordinates": [-97.5832485402663, 35.55161402428086]}, "properties": {"Facility_Name": "Stars and Stripes Park Bench"}}, {"type": "Feature", "geometry": {"type": "Point", "coordinates": [-97.58329700726298, 35.55149782022578]}, "properties": {"Facility_Name": "Stars and Stripes Park Bench"}}, {"type": "Feature", "geometry": {"type": "Point", "coordinates": [-97.58327236512106, 35.55130027903737]}, "properties": {"Facility_Name": "Stars and Stripes Park Bench"}}, {"type": "Feature", "geometry": {"type": "Point", "coordinates": [-97.58315696755709, 35.55127030410563]}, "properties": {"Facility_Name": "Stars and Stripes Park Picnic Table"}}, {"type": "Feature", "geometry": {"type": "Point", "coordinates": [-97.58316918508767, 35.5512776998369]}, "properties": {"Facility_Name": "Stars and Stripes Park Picnic Table"}}, {"type": "Feature", "geometry": {"type": "Point", "coordinates": [-97.58314664017388, 35.55126420657847]}, "properties": {"Facility_Name": "Stars and Stripes Park Picnic Table"}}, {"type": "Feature", "geometry": {"type": "Point", "coordinates": [-97.58353696182404, 35.551272192921616]}, "properties": {"Facility_Name": "Stars and Stripes Park Picnic Table"}}, {"type": "Feature", "geometry": {"type": "Point", "coordinates": [-97.58367154745949, 35.55139929288196]}, "properties": {"Facility_Name": "Stars and Stripes Park Picnic Table"}}, {"type": "Feature", "geometry": {"type": "Point", "coordinates": [-97.58367573798618, 35.55176846131327]}, "properties": {"Facility_Name": "Stars and Stripes Park Picnic Table"}}, {"type": "Feature", "geometry": {"type": "Point", "coordinates": [-97.5836164802456, 35.55163339826842]}, "properties": {"Facility_Name": "Stars and Stripes Park Picnic Table"}}, {"type": "Feature", "geometry": {"type": "Point", "coordinates": [-97.58366229607908, 35.55191113978791]}, "properties": {"Facility_Name": "Stars and Stripes Park Picnic Table"}}, {"type": "Feature", "geometry": {"type": "Point", "coordinates": [-97.58365929599337, 35.552065658373124]}, "properties": {"Facility_Name": "Stars and Stripes Park Picnic Table"}}, {"type": "Feature", "geometry": {"type": "Point", "coordinates": [-97.58370345847248, 35.55215810157052]}, "properties": {"Facility_Name": "Stars and Stripes Park Picnic Table"}}, {"type": "Feature", "geometry": {"type": "Point", "coordinates": [-97.58369099812252, 35.55228039321883]}, "properties": {"Facility_Name": "Stars and Stripes Park Picnic Table"}}, {"type": "Feature", "geometry": {"type": "Point", "coordinates": [-97.5835663105679, 35.55226886743685]}, "properties": {"Facility_Name": "Stars and Stripes Park Picnic Table"}}, {"type": "Feature", "geometry": {"type": "Point", "coordinates": [-97.58248112539114, 35.55247992119661]}, "properties": {"Facility_Name": "Stars and Stripes Park Picnic Table"}}, {"type": "Feature", "geometry": {"type": "Point", "coordinates": [-97.58246110562061, 35.55226403464598]}, "properties": {"Facility_Name": "Stars and Stripes Park Picnic Table"}}, {"type": "Feature", "geometry": {"type": "Point", "coordinates": [-97.58232233569456, 35.55229454820509]}, "properties": {"Facility_Name": "Stars and Stripes Park Picnic Table"}}, {"type": "Feature", "geometry": {"type": "Point", "coordinates": [-97.58235899942987, 35.55253612917167]}, "properties": {"Facility_Name": "Stars and Stripes Park Picnic Table"}}, {"type": "Feature", "geometry": {"type": "Point", "coordinates": [-97.58225589297504, 35.552582268702906]}, "properties": {"Facility_Name": "Stars and Stripes Park Picnic Table"}}, {"type": "Feature", "geometry": {"type": "Point", "coordinates": [-97.58215738183482, 35.55244837828988]}, "properties": {"Facility_Name": "Stars and Stripes Park Picnic Table"}}, {"type": "Feature", "geometry": {"type": "Point", "coordinates": [-97.58212149335414, 35.55233676667423]}, "properties": {"Facility_Name": "Stars and Stripes Park Picnic Table"}}, {"type": "Feature", "geometry": {"type": "Point", "coordinates": [-97.58216948001609, 35.55222902735856]}, "properties": {"Facility_Name": "Stars and Stripes Park Picnic Table"}}, {"type": "Feature", "geometry": {"type": "Point", "coordinates": [-97.58207036448147, 35.552210196518296]}, "properties": {"Facility_Name": "Stars and Stripes Park Picnic Table"}}, {"type": "Feature", "geometry": {"type": "Point", "coordinates": [-97.58231212418565, 35.55215560284709]}, "properties": {"Facility_Name": "Stars and Stripes Park Picnic Table"}}, {"type": "Feature", "geometry": {"type": "Point", "coordinates": [-97.58202547310218, 35.55200733821448]}, "properties": {"Facility_Name": "Stars and Stripes Park Picnic Table"}}, {"type": "Feature", "geometry": {"type": "Point", "coordinates": [-97.58220475456713, 35.55190304136741]}, "properties": {"Facility_Name": "Stars and Stripes Park Picnic Table"}}, {"type": "Feature", "geometry": {"type": "Point", "coordinates": [-97.58203938281659, 35.55185953492518]}, "properties": {"Facility_Name": "Stars and Stripes Park Picnic Table"}}, {"type": "Feature", "geometry": {"type": "Point", "coordinates": [-97.58209403519326, 35.55173274112431]}, "properties": {"Facility_Name": "Stars and Stripes Park Picnic Table"}}, {"type": "Feature", "geometry": {"type": "Point", "coordinates": [-97.58220692876066, 35.55204434332847]}, "properties": {"Facility_Name": "Stars and Stripes Park Picnic Table"}}, {"type": "Feature", "geometry": {"type": "Point", "coordinates": [-97.58186782285738, 35.55174446521727]}, "properties": {"Facility_Name": "Stars and Stripes Park Picnic Table"}}, {"type": "Feature", "geometry": {"type": "Point", "coordinates": [-97.58394059614483, 35.55262985352913]}, "properties": {"Facility_Name": "Stars and Stripes Park Bench"}}, {"type": "Feature", "geometry": {"type": "Point", "coordinates": [-97.58388709067336, 35.552816627868054]}, "properties": {"Facility_Name": "Stars and Stripes Park Bench"}}, {"type": "Feature", "geometry": {"type": "Point", "coordinates": [-97.58377077992309, 35.552960256508634]}, "properties": {"Facility_Name": "Stars and Stripes Park Bench"}}, {"type": "Feature", "geometry": {"type": "Point", "coordinates": [-97.58364621732879, 35.55311911885269]}, "properties": {"Facility_Name": "Stars and Stripes Park Bench"}}, {"type": "Feature", "geometry": {"type": "Point", "coordinates": [-97.58315946714347, 35.55312027364938]}, "properties": {"Facility_Name": "Stars and Stripes Park Bench"}}, {"type": "Feature", "geometry": {"type": "Point", "coordinates": [-97.58303424871069, 35.5529595818252]}, "properties": {"Facility_Name": "Stars and Stripes Park Bench"}}, {"type": "Feature", "geometry": {"type": "Point", "coordinates": [-97.58291019764077, 35.55279889396617]}, "properties": {"Facility_Name": "Stars and Stripes Park Bench"}}, {"type": "Feature", "geometry": {"type": "Point", "coordinates": [-97.58353259330737, 35.551300764363795]}, "properties": {"Facility_Name": "Stars and Stripes Park Grill"}}, {"type": "Feature", "geometry": {"type": "Point", "coordinates": [-97.58368019995082, 35.55142108976959]}, "properties": {"Facility_Name": "Stars and Stripes Park Grill"}}, {"type": "Feature", "geometry": {"type": "Point", "coordinates": [-97.58358614442403, 35.55163900893137]}, "properties": {"Facility_Name": "Stars and Stripes Park Grill"}}, {"type": "Feature", "geometry": {"type": "Point", "coordinates": [-97.58363748367255, 35.55193184147806]}, "properties": {"Facility_Name": "Stars and Stripes Park Grill"}}, {"type": "Feature", "geometry": {"type": "Point", "coordinates": [-97.58363114521616, 35.552072040112805]}, "properties": {"Facility_Name": "Stars and Stripes Park Grill"}}, {"type": "Feature", "geometry": {"type": "Point", "coordinates": [-97.5836994055233, 35.55218769981257]}, "properties": {"Facility_Name": "Stars and Stripes Park Grill"}}, {"type": "Feature", "geometry": {"type": "Point", "coordinates": [-97.58366657475236, 35.55230491241309]}, "properties": {"Facility_Name": "Stars and Stripes Park Grill"}}, {"type": "Feature", "geometry": {"type": "Point", "coordinates": [-97.58353132053455, 35.55227715668047]}, "properties": {"Facility_Name": "Stars and Stripes Park Grill"}}, {"type": "Feature", "geometry": {"type": "Point", "coordinates": [-97.5824660530086, 35.552501944842014]}, "properties": {"Facility_Name": "Stars and Stripes Park Grill"}}, {"type": "Feature", "geometry": {"type": "Point", "coordinates": [-97.58234930067007, 35.55256270256397]}, "properties": {"Facility_Name": "Stars and Stripes Park Grill"}}, {"type": "Feature", "geometry": {"type": "Point", "coordinates": [-97.58224316049439, 35.55260310811886]}, "properties": {"Facility_Name": "Stars and Stripes Park Grill"}}, {"type": "Feature", "geometry": {"type": "Point", "coordinates": [-97.58217554628416, 35.552475884274266]}, "properties": {"Facility_Name": "Stars and Stripes Park Grill"}}, {"type": "Feature", "geometry": {"type": "Point", "coordinates": [-97.58210657087524, 35.55235795619108]}, "properties": {"Facility_Name": "Stars and Stripes Park Grill"}}, {"type": "Feature", "geometry": {"type": "Point", "coordinates": [-97.58234141680627, 35.55231406820019]}, "properties": {"Facility_Name": "Stars and Stripes Park Grill"}}, {"type": "Feature", "geometry": {"type": "Point", "coordinates": [-97.58246932916425, 35.55229520190697]}, "properties": {"Facility_Name": "Stars and Stripes Park Grill"}}, {"type": "Feature", "geometry": {"type": "Point", "coordinates": [-97.58218374197993, 35.5522494840128]}, "properties": {"Facility_Name": "Stars and Stripes Park Grill"}}, {"type": "Feature", "geometry": {"type": "Point", "coordinates": [-97.58204816844312, 35.55222718738787]}, "properties": {"Facility_Name": "Stars and Stripes Park Grill"}}, {"type": "Feature", "geometry": {"type": "Point", "coordinates": [-97.58204003682201, 35.552025769809404]}, "properties": {"Facility_Name": "Stars and Stripes Park Grill"}}, {"type": "Feature", "geometry": {"type": "Point", "coordinates": [-97.58205595093247, 35.551746814453324]}, "properties": {"Facility_Name": "Stars and Stripes Park Grill"}}, {"type": "Feature", "geometry": {"type": "Point", "coordinates": [-97.58201456469392, 35.551875800925195]}, "properties": {"Facility_Name": "Stars and Stripes Park Grill"}}, {"type": "Feature", "geometry": {"type": "Point", "coordinates": [-97.58221606044401, 35.55193088104438]}, "properties": {"Facility_Name": "Stars and Stripes Park Grill"}}, {"type": "Feature", "geometry": {"type": "Point", "coordinates": [-97.58187730783588, 35.55175763244814]}, "properties": {"Facility_Name": "Stars and Stripes Park Grill"}}, {"type": "Feature", "geometry": {"type": "Point", "coordinates": [-97.58021434093106, 35.55106622196262]}, "properties": {"Facility_Name": "Stars and Stripes Park Bench"}}, {"type": "Feature", "geometry": {"type": "Point", "coordinates": [-97.58005194383605, 35.55101258805618]}, "properties": {"Facility_Name": "Stars and Stripes Park Bench"}}, {"type": "Feature", "geometry": {"type": "Point", "coordinates": [-97.58002431378198, 35.550995201507725]}, "properties": {"Facility_Name": "Stars and Stripes Park Bench"}}, {"type": "Feature", "geometry": {"type": "Point", "coordinates": [-97.58174852664689, 35.55216991291255]}, "properties": {"Facility_Name": "Stars and Stripes Park Bench"}}, {"type": "Feature", "geometry": {"type": "Point", "coordinates": [-97.5525492172418, 35.49965507576284]}, "properties": {"Facility_Name": "Swatek Park Picnic Table"}}, {"type": "Feature", "geometry": {"type": "Point", "coordinates": [-97.55231392959885, 35.499698544785836]}, "properties": {"Facility_Name": "Swatek Park Bench"}}, {"type": "Feature", "geometry": {"type": "Point", "coordinates": [-97.55231797375617, 35.4998087340099]}, "properties": {"Facility_Name": "Swatek Park Bench"}}, {"type": "Feature", "geometry": {"type": "Point", "coordinates": [-97.55258358399954, 35.499869829927555]}, "properties": {"Facility_Name": "Swatek Park Picnic Table"}}, {"type": "Feature", "geometry": {"type": "Point", "coordinates": [-97.55257642675863, 35.49989794266276]}, "properties": {"Facility_Name": "Swatek Park Picnic Table"}}, {"type": "Feature", "geometry": {"type": "Point", "coordinates": [-97.55232369015631, 35.49993276009694]}, "properties": {"Facility_Name": "Swatek Park Picnic Table"}}, {"type": "Feature", "geometry": {"type": "Point", "coordinates": [-97.53508873344336, 35.39610927752036]}, "properties": {"Facility_Name": "Taylor Park Picnic Table"}}, {"type": "Feature", "geometry": {"type": "Point", "coordinates": [-97.53505028271802, 35.396110557115655]}, "properties": {"Facility_Name": "Taylor Park Picnic Table"}}, {"type": "Feature", "geometry": {"type": "Point", "coordinates": [-97.53470167895128, 35.39648993156666]}, "properties": {"Facility_Name": "Taylor Park Bench"}}, {"type": "Feature", "geometry": {"type": "Point", "coordinates": [-97.53485325479998, 35.397014922458474]}, "properties": {"Facility_Name": "Taylor Park Bench"}}, {"type": "Feature", "geometry": {"type": "Point", "coordinates": [-97.53620903905666, 35.39705457305418]}, "properties": {"Facility_Name": "Taylor Park Bench"}}, {"type": "Feature", "geometry": {"type": "Point", "coordinates": [-97.5359021248981, 35.39574846293339]}, "properties": {"Facility_Name": "Taylor Park Bench"}}, {"type": "Feature", "geometry": {"type": "Point", "coordinates": [-97.53554652577598, 35.39677034598532]}, "properties": {"Facility_Name": "Taylor Park Bench"}}, {"type": "Feature", "geometry": {"type": "Point", "coordinates": [-97.53538707184842, 35.396770317938135]}, "properties": {"Facility_Name": "Taylor Park Bench"}}, {"type": "Feature", "geometry": {"type": "Point", "coordinates": [-97.53522253204275, 35.39676848065403]}, "properties": {"Facility_Name": "Taylor Park Bench"}}, {"type": "Feature", "geometry": {"type": "Point", "coordinates": [-97.53546418174666, 35.39604069258819]}, "properties": {"Facility_Name": "Taylor Park Bench"}}, {"type": "Feature", "geometry": {"type": "Point", "coordinates": [-97.53567263643423, 35.39612765654566]}, "properties": {"Facility_Name": "Taylor Park Bench"}}, {"type": "Feature", "geometry": {"type": "Point", "coordinates": [-97.53578164207637, 35.39597635622225]}, "properties": {"Facility_Name": "Taylor Park Picnic Table"}}, {"type": "Feature", "geometry": {"type": "Point", "coordinates": [-97.53479918799053, 35.39594579734318]}, "properties": {"Facility_Name": "Taylor Park Picnic Table"}}, {"type": "Feature", "geometry": {"type": "Point", "coordinates": [-97.53505192005632, 35.395956327152696]}, "properties": {"Facility_Name": "Taylor Park Picnic Table"}}, {"type": "Feature", "geometry": {"type": "Point", "coordinates": [-97.57400669159851, 35.53892781858471]}, "properties": {"Facility_Name": "Tinsley Park Picnic Table"}}, {"type": "Feature", "geometry": {"type": "Point", "coordinates": [-97.57397956636808, 35.53892629092613]}, "properties": {"Facility_Name": "Tinsley Park Picnic Table"}}, {"type": "Feature", "geometry": {"type": "Point", "coordinates": [-97.57383308227, 35.538902752379975]}, "properties": {"Facility_Name": "Tinsley Park Bench"}}, {"type": "Feature", "geometry": {"type": "Point", "coordinates": [-97.57380260520632, 35.538873430761335]}, "properties": {"Facility_Name": "Tinsley Park Bench"}}, {"type": "Feature", "geometry": {"type": "Point", "coordinates": [-97.57350277065677, 35.5390184176982]}, "properties": {"Facility_Name": "Tinsley Park Bench"}}, {"type": "Feature", "geometry": {"type": "Point", "coordinates": [-97.57360175666368, 35.5390581214461]}, "properties": {"Facility_Name": "Tinsley Park Picnic Table"}}, {"type": "Feature", "geometry": {"type": "Point", "coordinates": [-97.57409156704554, 35.53871528736293]}, "properties": {"Facility_Name": "Tinsley Park Bench"}}, {"type": "Feature", "geometry": {"type": "Point", "coordinates": [-97.57418256355129, 35.53872133691112]}, "properties": {"Facility_Name": "Tinsley Park Bench"}}, {"type": "Feature", "geometry": {"type": "Point", "coordinates": [-97.49248874180529, 35.44620229046298]}, "properties": {"Facility_Name": "Top O' Town Park Bench"}}, {"type": "Feature", "geometry": {"type": "Point", "coordinates": [-97.49243993067891, 35.44617918844121]}, "properties": {"Facility_Name": "Top O' Town Park Bench"}}, {"type": "Feature", "geometry": {"type": "Point", "coordinates": [-97.47101232983174, 35.43417687203225]}, "properties": {"Facility_Name": "Trosper Park Bench"}}, {"type": "Feature", "geometry": {"type": "Point", "coordinates": [-97.47097892995929, 35.43437942369338]}, "properties": {"Facility_Name": "Trosper Park Bench"}}, {"type": "Feature", "geometry": {"type": "Point", "coordinates": [-97.47171274091089, 35.43451474818831]}, "properties": {"Facility_Name": "Trosper Park Picnic Table"}}, {"type": "Feature", "geometry": {"type": "Point", "coordinates": [-97.47141541804767, 35.43444474403401]}, "properties": {"Facility_Name": "Trosper Park Picnic Table"}}, {"type": "Feature", "geometry": {"type": "Point", "coordinates": [-97.47103852266227, 35.43450983563732]}, "properties": {"Facility_Name": "Trosper Park Picnic Table"}}, {"type": "Feature", "geometry": {"type": "Point", "coordinates": [-97.47083650374819, 35.43456759899419]}, "properties": {"Facility_Name": "Trosper Park Picnic Table"}}, {"type": "Feature", "geometry": {"type": "Point", "coordinates": [-97.4709998912951, 35.434710456812475]}, "properties": {"Facility_Name": "Trosper Park Picnic Table"}}, {"type": "Feature", "geometry": {"type": "Point", "coordinates": [-97.4696862047225, 35.43438313157675]}, "properties": {"Facility_Name": "Trosper Park Picnic Table"}}, {"type": "Feature", "geometry": {"type": "Point", "coordinates": [-97.46934715788767, 35.43471452171268]}, "properties": {"Facility_Name": "Trosper Park Picnic Table"}}, {"type": "Feature", "geometry": {"type": "Point", "coordinates": [-97.46915473971264, 35.43438170805921]}, "properties": {"Facility_Name": "Trosper Park Picnic Table"}}, {"type": "Feature", "geometry": {"type": "Point", "coordinates": [-97.4694495035622, 35.43422372772758]}, "properties": {"Facility_Name": "Trosper Park Picnic Table"}}, {"type": "Feature", "geometry": {"type": "Point", "coordinates": [-97.47000356400662, 35.43415752478039]}, "properties": {"Facility_Name": "Trosper Park Picnic Table"}}, {"type": "Feature", "geometry": {"type": "Point", "coordinates": [-97.46912875023446, 35.43408493334366]}, "properties": {"Facility_Name": "Trosper Park Picnic Table"}}, {"type": "Feature", "geometry": {"type": "Point", "coordinates": [-97.46953085817124, 35.43356018610273]}, "properties": {"Facility_Name": "Trosper Park Picnic Table"}}, {"type": "Feature", "geometry": {"type": "Point", "coordinates": [-97.46964299637492, 35.4333479715653]}, "properties": {"Facility_Name": "Trosper Park Picnic Table"}}, {"type": "Feature", "geometry": {"type": "Point", "coordinates": [-97.4697622111051, 35.433112417637346]}, "properties": {"Facility_Name": "Trosper Park Picnic Table"}}, {"type": "Feature", "geometry": {"type": "Point", "coordinates": [-97.46950530848171, 35.43307728609922]}, "properties": {"Facility_Name": "Trosper Park Picnic Table"}}, {"type": "Feature", "geometry": {"type": "Point", "coordinates": [-97.46953571856754, 35.43277754423706]}, "properties": {"Facility_Name": "Trosper Park Picnic Table"}}, {"type": "Feature", "geometry": {"type": "Point", "coordinates": [-97.59255312421482, 35.441325364999045]}, "properties": {"Facility_Name": "Tulsa Park Picnic Table"}}, {"type": "Feature", "geometry": {"type": "Point", "coordinates": [-97.59255974535677, 35.44139800212369]}, "properties": {"Facility_Name": "Tulsa Park Bench"}}, {"type": "Feature", "geometry": {"type": "Point", "coordinates": [-97.59254945879378, 35.44161402086549]}, "properties": {"Facility_Name": "Tulsa Park Bench"}}, {"type": "Feature", "geometry": {"type": "Point", "coordinates": [-97.5930517647703, 35.44188988980056]}, "properties": {"Facility_Name": "Tulsa Park Bench"}}, {"type": "Feature", "geometry": {"type": "Point", "coordinates": [-97.59305156571037, 35.44184338818698]}, "properties": {"Facility_Name": "Tulsa Park Bench"}}, {"type": "Feature", "geometry": {"type": "Point", "coordinates": [-97.59338144073897, 35.44175688106215]}, "properties": {"Facility_Name": "Tulsa Park Bench"}}, {"type": "Feature", "geometry": {"type": "Point", "coordinates": [-97.5942356077206, 35.44123111744661]}, "properties": {"Facility_Name": "Tulsa Park Bench"}}, {"type": "Feature", "geometry": {"type": "Point", "coordinates": [-97.59351284757254, 35.44084875931458]}, "properties": {"Facility_Name": "Tulsa Park Bench"}}, {"type": "Feature", "geometry": {"type": "Point", "coordinates": [-97.59291322767318, 35.44134462996759]}, "properties": {"Facility_Name": "Tulsa Park Picnic Table"}}, {"type": "Feature", "geometry": {"type": "Point", "coordinates": [-97.59288096669361, 35.44132806417284]}, "properties": {"Facility_Name": "Tulsa Park Picnic Table"}}, {"type": "Feature", "geometry": {"type": "Point", "coordinates": [-97.59286338221871, 35.441518303158055]}, "properties": {"Facility_Name": "Tulsa Park Picnic Table"}}, {"type": "Feature", "geometry": {"type": "Point", "coordinates": [-97.59280555777663, 35.44120189333058]}, "properties": {"Facility_Name": "Tulsa Park Picnic Table"}}, {"type": "Feature", "geometry": {"type": "Point", "coordinates": [-97.59353805015814, 35.44167538472588]}, "properties": {"Facility_Name": "Tulsa Park Bleachers"}}, {"type": "Feature", "geometry": {"type": "Point", "coordinates": [-97.49358586032258, 35.469618682552]}, "properties": {"Facility_Name": "Booker T. Washington Park Bleachers"}}, {"type": "Feature", "geometry": {"type": "Point", "coordinates": [-97.49368782107263, 35.469720706791506]}, "properties": {"Facility_Name": "Booker T. Washington Park Bench"}}, {"type": "Feature", "geometry": {"type": "Point", "coordinates": [-97.49368744406232, 35.46977984635374]}, "properties": {"Facility_Name": "Booker T. Washington Park Bench"}}, {"type": "Feature", "geometry": {"type": "Point", "coordinates": [-97.4941696668515, 35.46967745181036]}, "properties": {"Facility_Name": "Booker T. Washington Park Picnic Table"}}, {"type": "Feature", "geometry": {"type": "Point", "coordinates": [-97.49417937753535, 35.469708971403115]}, "properties": {"Facility_Name": "Booker T. Washington Park Picnic Table"}}, {"type": "Feature", "geometry": {"type": "Point", "coordinates": [-97.4940015215658, 35.46998913310614]}, "properties": {"Facility_Name": "Booker T. Washington Park Picnic Table"}}, {"type": "Feature", "geometry": {"type": "Point", "coordinates": [-97.49401474238151, 35.47001875960832]}, "properties": {"Facility_Name": "Booker T. Washington Park Picnic Table"}}, {"type": "Feature", "geometry": {"type": "Point", "coordinates": [-97.49397914000983, 35.470024808815886]}, "properties": {"Facility_Name": "Booker T. Washington Park Picnic Table"}}, {"type": "Feature", "geometry": {"type": "Point", "coordinates": [-97.57090102074822, 35.48861452703885]}, "properties": {"Facility_Name": "Wayman's Park Picnic Table"}}, {"type": "Feature", "geometry": {"type": "Point", "coordinates": [-97.57086821483905, 35.48827439529703]}, "properties": {"Facility_Name": "Wayman's Park Picnic Table"}}, {"type": "Feature", "geometry": {"type": "Point", "coordinates": [-97.5708649577196, 35.48841909089059]}, "properties": {"Facility_Name": "Wayman's Park Bench"}}, {"type": "Feature", "geometry": {"type": "Point", "coordinates": [-97.57081658440872, 35.488441179163544]}, "properties": {"Facility_Name": "Wayman's Park Bench"}}, {"type": "Feature", "geometry": {"type": "Point", "coordinates": [-97.57099659208517, 35.488325709199]}, "properties": {"Facility_Name": "Wayman's Park Bench"}}, {"type": "Feature", "geometry": {"type": "Point", "coordinates": [-97.5709967424082, 35.488189781094775]}, "properties": {"Facility_Name": "Wayman's Park Bench"}}, {"type": "Feature", "geometry": {"type": "Point", "coordinates": [-97.52774424205407, 35.45588442975139]}, "properties": {"Facility_Name": "Wheeler Park Picnic Table"}}, {"type": "Feature", "geometry": {"type": "Point", "coordinates": [-97.52776081332648, 35.45574427494764]}, "properties": {"Facility_Name": "Wheeler Park Picnic Table"}}, {"type": "Feature", "geometry": {"type": "Point", "coordinates": [-97.52675596075126, 35.455668372497676]}, "properties": {"Facility_Name": "Wheeler Park Picnic Table"}}, {"type": "Feature", "geometry": {"type": "Point", "coordinates": [-97.52673291676632, 35.45564717559485]}, "properties": {"Facility_Name": "Wheeler Park Picnic Table"}}, {"type": "Feature", "geometry": {"type": "Point", "coordinates": [-97.5267644088793, 35.45573156975245]}, "properties": {"Facility_Name": "Wheeler Park Bench"}}, {"type": "Feature", "geometry": {"type": "Point", "coordinates": [-97.52658312126951, 35.455805129573136]}, "properties": {"Facility_Name": "Wheeler Park Bench"}}, {"type": "Feature", "geometry": {"type": "Point", "coordinates": [-97.5264774664454, 35.455609877059054]}, "properties": {"Facility_Name": "Wheeler Park Bench"}}, {"type": "Feature", "geometry": {"type": "Point", "coordinates": [-97.52659020989303, 35.45554486773952]}, "properties": {"Facility_Name": "Wheeler Park Bench"}}, {"type": "Feature", "geometry": {"type": "Point", "coordinates": [-97.5174405145877, 35.44645860745252]}, "properties": {"Facility_Name": "Wiley Post Park Shelter"}}, {"type": "Feature", "geometry": {"type": "Point", "coordinates": [-97.51698713400205, 35.44639881394415]}, "properties": {"Facility_Name": "Wiley Post Park Shelter"}}, {"type": "Feature", "geometry": {"type": "Point", "coordinates": [-97.51720440187312, 35.44656448144288]}, "properties": {"Facility_Name": "Wiley Post Park Picnic Table"}}, {"type": "Feature", "geometry": {"type": "Point", "coordinates": [-97.51717030952719, 35.44656386591504]}, "properties": {"Facility_Name": "Wiley Post Park Picnic Table"}}, {"type": "Feature", "geometry": {"type": "Point", "coordinates": [-97.51718881094976, 35.4465405712292]}, "properties": {"Facility_Name": "Wiley Post Park Picnic Table"}}, {"type": "Feature", "geometry": {"type": "Point", "coordinates": [-97.51744751160224, 35.44645813027837]}, "properties": {"Facility_Name": "Wiley Post Park Picnic Table"}}, {"type": "Feature", "geometry": {"type": "Point", "coordinates": [-97.51698099009327, 35.446397925479644]}, "properties": {"Facility_Name": "Wiley Post Park Picnic Table"}}, {"type": "Feature", "geometry": {"type": "Point", "coordinates": [-97.51726608758202, 35.44657558417486]}, "properties": {"Facility_Name": "Wiley Post Park Bench"}}, {"type": "Feature", "geometry": {"type": "Point", "coordinates": [-97.51711821529294, 35.44657140513825]}, "properties": {"Facility_Name": "Wiley Post Park Bench"}}, {"type": "Feature", "geometry": {"type": "Point", "coordinates": [-97.51726519673566, 35.44654219525455]}, "properties": {"Facility_Name": "Wiley Post Park Bench"}}, {"type": "Feature", "geometry": {"type": "Point", "coordinates": [-97.5171198771864, 35.44653772827384]}, "properties": {"Facility_Name": "Wiley Post Park Bench"}}, {"type": "Feature", "geometry": {"type": "Point", "coordinates": [-97.51725406085558, 35.44651651408257]}, "properties": {"Facility_Name": "Wiley Post Park Bench"}}, {"type": "Feature", "geometry": {"type": "Point", "coordinates": [-97.51740080071701, 35.44646703176337]}, "properties": {"Facility_Name": "Wiley Post Park Bench"}}, {"type": "Feature", "geometry": {"type": "Point", "coordinates": [-97.5170305046652, 35.44643839923145]}, "properties": {"Facility_Name": "Wiley Post Park Bench"}}, {"type": "Feature", "geometry": {"type": "Point", "coordinates": [-97.51703105406921, 35.44640799589157]}, "properties": {"Facility_Name": "Wiley Post Park Bench"}}, {"type": "Feature", "geometry": {"type": "Point", "coordinates": [-97.51796979196907, 35.44649271482857]}, "properties": {"Facility_Name": "Wiley Post Park Bench"}}, {"type": "Feature", "geometry": {"type": "Point", "coordinates": [-97.51788704483089, 35.446442001886105]}, "properties": {"Facility_Name": "Wiley Post Park Bench"}}, {"type": "Feature", "geometry": {"type": "Point", "coordinates": [-97.5178927006556, 35.44641042776639]}, "properties": {"Facility_Name": "Wiley Post Park Bench"}}, {"type": "Feature", "geometry": {"type": "Point", "coordinates": [-97.51797225650729, 35.446326689762685]}, "properties": {"Facility_Name": "Wiley Post Park Bench"}}, {"type": "Feature", "geometry": {"type": "Point", "coordinates": [-97.51801088770281, 35.44632386608791]}, "properties": {"Facility_Name": "Wiley Post Park Bench"}}, {"type": "Feature", "geometry": {"type": "Point", "coordinates": [-97.51807758113996, 35.44649881652046]}, "properties": {"Facility_Name": "Wiley Post Park Bench"}}, {"type": "Feature", "geometry": {"type": "Point", "coordinates": [-97.51809039433226, 35.4464884359434]}, "properties": {"Facility_Name": "Wiley Post Park Bench"}}, {"type": "Feature", "geometry": {"type": "Point", "coordinates": [-97.51810918153252, 35.44645393362839]}, "properties": {"Facility_Name": "Wiley Post Park Picnic Table"}}, {"type": "Feature", "geometry": {"type": "Point", "coordinates": [-97.51810146487956, 35.44634480183807]}, "properties": {"Facility_Name": "Wiley Post Park Picnic Table"}}, {"type": "Feature", "geometry": {"type": "Point", "coordinates": [-97.5180919884586, 35.4463456574429]}, "properties": {"Facility_Name": "Wiley Post Park Shelter"}}, {"type": "Feature", "geometry": {"type": "Point", "coordinates": [-97.51810370298003, 35.4464562962332]}, "properties": {"Facility_Name": "Wiley Post Park Shelter"}}, {"type": "Feature", "geometry": {"type": "Point", "coordinates": [-97.5180765482119, 35.446488975465556]}, "properties": {"Facility_Name": "Wiley Post Park Shelter"}}, {"type": "Feature", "geometry": {"type": "Point", "coordinates": [-97.51798984513877, 35.44632163368838]}, "properties": {"Facility_Name": "Wiley Post Park Trash Receptacle"}}, {"type": "Feature", "geometry": {"type": "Point", "coordinates": [-97.51788430883984, 35.446424582033]}, "properties": {"Facility_Name": "Wiley Post Park Trash Receptacle"}}, {"type": "Feature", "geometry": {"type": "Point", "coordinates": [-97.51809017233876, 35.446498522464026]}, "properties": {"Facility_Name": "Wiley Post Park Trash Receptacle"}}, {"type": "Feature", "geometry": {"type": "Point", "coordinates": [-97.51860396839311, 35.44636322846715]}, "properties": {"Facility_Name": "Wiley Post Park Bench"}}, {"type": "Feature", "geometry": {"type": "Point", "coordinates": [-97.51855224661958, 35.44636242283085]}, "properties": {"Facility_Name": "Wiley Post Park Bench"}}, {"type": "Feature", "geometry": {"type": "Point", "coordinates": [-97.51833329753612, 35.44636540886249]}, "properties": {"Facility_Name": "Wiley Post Park Bench"}}, {"type": "Feature", "geometry": {"type": "Point", "coordinates": [-97.51827574169604, 35.44636547351645]}, "properties": {"Facility_Name": "Wiley Post Park Bench"}}, {"type": "Feature", "geometry": {"type": "Point", "coordinates": [-97.51861770969202, 35.446572304404235]}, "properties": {"Facility_Name": "Wiley Post Park Bench"}}, {"type": "Feature", "geometry": {"type": "Point", "coordinates": [-97.51829761878379, 35.44630200941853]}, "properties": {"Facility_Name": "Wiley Post Park Shelter"}}, {"type": "Feature", "geometry": {"type": "Point", "coordinates": [-97.58293245007879, 35.502612572922544]}, "properties": {"Facility_Name": "Will Rogers Playground Shelter"}}, {"type": "Feature", "geometry": {"type": "Point", "coordinates": [-97.58300174292499, 35.50243816756872]}, "properties": {"Facility_Name": "Will Rogers Park Bench"}}, {"type": "Feature", "geometry": {"type": "Point", "coordinates": [-97.58283287785646, 35.50238511113949]}, "properties": {"Facility_Name": "Will Rogers Park Bench"}}, {"type": "Feature", "geometry": {"type": "Point", "coordinates": [-97.58278487988495, 35.502417851863065]}, "properties": {"Facility_Name": "Will Rogers Park Bench"}}, {"type": "Feature", "geometry": {"type": "Point", "coordinates": [-97.5826801887051, 35.50247280878483]}, "properties": {"Facility_Name": "Will Rogers Park Bench"}}, {"type": "Feature", "geometry": {"type": "Point", "coordinates": [-97.5826882222862, 35.50260876566994]}, "properties": {"Facility_Name": "Will Rogers Park Bench"}}, {"type": "Feature", "geometry": {"type": "Point", "coordinates": [-97.58272231542534, 35.502669456860524]}, "properties": {"Facility_Name": "Will Rogers Park Bench"}}, {"type": "Feature", "geometry": {"type": "Point", "coordinates": [-97.58295068007692, 35.502610164677755]}, "properties": {"Facility_Name": "Will Rogers Park Picnic Table"}}, {"type": "Feature", "geometry": {"type": "Point", "coordinates": [-97.5829168115438, 35.50261767706113]}, "properties": {"Facility_Name": "Will Rogers Park Picnic Table"}}, {"type": "Feature", "geometry": {"type": "Point", "coordinates": [-97.58294870074646, 35.502792659551794]}, "properties": {"Facility_Name": "Will Rogers Park Picnic Table"}}, {"type": "Feature", "geometry": {"type": "Point", "coordinates": [-97.58260598913239, 35.50274638451855]}, "properties": {"Facility_Name": "Will Rogers Park Picnic Table"}}, {"type": "Feature", "geometry": {"type": "Point", "coordinates": [-97.58290029326744, 35.502014835566364]}, "properties": {"Facility_Name": "Will Rogers Park Picnic Table"}}, {"type": "Feature", "geometry": {"type": "Point", "coordinates": [-97.58287928541412, 35.50201690777069]}, "properties": {"Facility_Name": "Will Rogers Park Picnic Table"}}, {"type": "Feature", "geometry": {"type": "Point", "coordinates": [-97.58260164567058, 35.50224128733187]}, "properties": {"Facility_Name": "Will Rogers Park Picnic Table"}}, {"type": "Feature", "geometry": {"type": "Point", "coordinates": [-97.58242252660158, 35.503943817451216]}, "properties": {"Facility_Name": "Will Rogers Park Bench"}}, {"type": "Feature", "geometry": {"type": "Point", "coordinates": [-97.58213986487142, 35.50390180634519]}, "properties": {"Facility_Name": "Will Rogers Park Bench"}}, {"type": "Feature", "geometry": {"type": "Point", "coordinates": [-97.58226505596865, 35.50394183314102]}, "properties": {"Facility_Name": "Will Rogers Park Bench"}}, {"type": "Feature", "geometry": {"type": "Point", "coordinates": [-97.58127273634398, 35.503424372393916]}, "properties": {"Facility_Name": "Will Rogers Park Park Grill"}}, {"type": "Feature", "geometry": {"type": "Point", "coordinates": [-97.58095512644995, 35.50342897512702]}, "properties": {"Facility_Name": "Will Rogers Park Park Grill"}}, {"type": "Feature", "geometry": {"type": "Point", "coordinates": [-97.58121017610988, 35.503397681286536]}, "properties": {"Facility_Name": "Will Rogers Park Bench"}}, {"type": "Feature", "geometry": {"type": "Point", "coordinates": [-97.58118830386152, 35.50339784298078]}, "properties": {"Facility_Name": "Will Rogers Park Bench"}}, {"type": "Feature", "geometry": {"type": "Point", "coordinates": [-97.58116817593424, 35.50339872556003]}, "properties": {"Facility_Name": "Will Rogers Park Bench"}}, {"type": "Feature", "geometry": {"type": "Point", "coordinates": [-97.58115068225281, 35.50339794911157]}, "properties": {"Facility_Name": "Will Rogers Park Bench"}}, {"type": "Feature", "geometry": {"type": "Point", "coordinates": [-97.58113231091275, 35.503397645453774]}, "properties": {"Facility_Name": "Will Rogers Park Bench"}}, {"type": "Feature", "geometry": {"type": "Point", "coordinates": [-97.5811168522226, 35.50339806770615]}, "properties": {"Facility_Name": "Will Rogers Park Bench"}}, {"type": "Feature", "geometry": {"type": "Point", "coordinates": [-97.58109673168381, 35.503397758772856]}, "properties": {"Facility_Name": "Will Rogers Park Bench"}}, {"type": "Feature", "geometry": {"type": "Point", "coordinates": [-97.58107806558655, 35.50339816970366]}, "properties": {"Facility_Name": "Will Rogers Park Bench"}}, {"type": "Feature", "geometry": {"type": "Point", "coordinates": [-97.58105998381417, 35.50339834384722]}, "properties": {"Facility_Name": "Will Rogers Park Bench"}}, {"type": "Feature", "geometry": {"type": "Point", "coordinates": [-97.5810398596572, 35.503398511682335]}, "properties": {"Facility_Name": "Will Rogers Park Bench"}}, {"type": "Feature", "geometry": {"type": "Point", "coordinates": [-97.58102089644353, 35.50339987513751]}, "properties": {"Facility_Name": "Will Rogers Park Bench"}}, {"type": "Feature", "geometry": {"type": "Point", "coordinates": [-97.58099844128776, 35.50339979589366]}, "properties": {"Facility_Name": "Will Rogers Park Bench"}}, {"type": "Feature", "geometry": {"type": "Point", "coordinates": [-97.5812119557327, 35.50344729003777]}, "properties": {"Facility_Name": "Will Rogers Park Bench"}}, {"type": "Feature", "geometry": {"type": "Point", "coordinates": [-97.58118629315433, 35.50344719951602]}, "properties": {"Facility_Name": "Will Rogers Park Bench"}}, {"type": "Feature", "geometry": {"type": "Point", "coordinates": [-97.58116500285989, 35.50344736235757]}, "properties": {"Facility_Name": "Will Rogers Park Bench"}}, {"type": "Feature", "geometry": {"type": "Point", "coordinates": [-97.58114750287672, 35.5034477783143]}, "properties": {"Facility_Name": "Will Rogers Park Bench"}}, {"type": "Feature", "geometry": {"type": "Point", "coordinates": [-97.58113117642174, 35.50344700507946]}, "properties": {"Facility_Name": "Will Rogers Park Bench"}}]}