{"type": "FeatureCollection", "features": [{"type": "Feature", "geometry": {"type": "Point", "coordinates": [-97.5258619059574, 35.652655896690376]}, "properties": {}}, {"type": "Feature", "geometry": {"type": "Point", "coordinates": [-97.5252781816555, 35.65210632738105]}, "properties": {}}, {"type": "Feature", "geometry": {"type": "Point", "coordinates": [-97.52573390362677, 35.651716119582545]}, "properties": {}}, {"type": "Feature", "geometry": {"type": "Point", "coordinates": [-97.52561291088747, 35.652529631772474]}, "properties": {}}, {"type": "Feature", "geometry": {"type": "Point", "coordinates": [-97.52559418096997, 35.65200374365713]}, "properties": {}}, {"type": "Feature", "geometry": {"type": "Point", "coordinates": [-97.52592931337661, 35.6521907901873]}, "properties": {}}, {"type": "Feature", "geometry": {"type": "Point", "coordinates": [-97.52563817408323, 35.652189080618534]}, "properties": {}}, {"type": "Feature", "geometry": {"type": "Point", "coordinates": [-97.52598903991539, 35.65250338438039]}, "properties": {}}, {"type": "Feature", "geometry": {"type": "Point", "coordinates": [-97.49383356277434, 35.610596380694815]}, "properties": {}}, {"type": "Feature", "geometry": {"type": "Point", "coordinates": [-97.49398443433071, 35.61057147435431]}, "properties": {}}, {"type": "Feature", "geometry": {"type": "Point", "coordinates": [-97.49393185862742, 35.6106391058135]}, "properties": {}}, {"type": "Feature", "geometry": {"type": "Point", "coordinates": [-97.493931397445, 35.61071135569317]}, "properties": {}}, {"type": "Feature", "geometry": {"type": "Point", "coordinates": [-97.4939309643195, 35.61077920999555]}, "properties": {}}, {"type": "Feature", "geometry": {"type": "Point", "coordinates": [-97.4939362224671, 35.61085148331904]}, "properties": {}}, {"type": "Feature", "geometry": {"type": "Point", "coordinates": [-97.49393584370533, 35.61091082135941]}, "properties": {}}, {"type": "Feature", "geometry": {"type": "Point", "coordinates": [-97.49392963688643, 35.61098716757876]}, "properties": {}}, {"type": "Feature", "geometry": {"type": "Point", "coordinates": [-97.49392882324098, 35.61111463391279]}, "properties": {}}, {"type": "Feature", "geometry": {"type": "Point", "coordinates": [-97.49392841641439, 35.61117836753047]}, "properties": {}}, {"type": "Feature", "geometry": {"type": "Point", "coordinates": [-97.49392291088057, 35.611250321038014]}, "properties": {}}, {"type": "Feature", "geometry": {"type": "Point", "coordinates": [-97.49392418397402, 35.61105087971684]}, "properties": {}}, {"type": "Feature", "geometry": {"type": "Point", "coordinates": [-97.49392746773854, 35.61132698707342]}, "properties": {}}, {"type": "Feature", "geometry": {"type": "Point", "coordinates": [-97.53127280734262, 35.609947151742205]}, "properties": {}}, {"type": "Feature", "geometry": {"type": "Point", "coordinates": [-97.53119274305827, 35.60994683605324]}, "properties": {}}, {"type": "Feature", "geometry": {"type": "Point", "coordinates": [-97.53109855056242, 35.60994646458847]}, "properties": {}}, {"type": "Feature", "geometry": {"type": "Point", "coordinates": [-97.5309985900435, 35.60995431187243]}, "properties": {}}, {"type": "Feature", "geometry": {"type": "Point", "coordinates": [-97.53092864329051, 35.60994991512918]}, "properties": {}}, {"type": "Feature", "geometry": {"type": "Point", "coordinates": [-97.5308337775472, 35.60994954079836]}, "properties": {}}, {"type": "Feature", "geometry": {"type": "Point", "coordinates": [-97.53074864395005, 35.609953325594006]}, "properties": {}}, {"type": "Feature", "geometry": {"type": "Point", "coordinates": [-97.53059973939465, 35.609818399334124]}, "properties": {}}, {"type": "Feature", "geometry": {"type": "Point", "coordinates": [-97.53059510487284, 35.609748877423975]}, "properties": {}}, {"type": "Feature", "geometry": {"type": "Point", "coordinates": [-97.53059068506326, 35.60964309215754]}, "properties": {}}, {"type": "Feature", "geometry": {"type": "Point", "coordinates": [-97.53059111933207, 35.60956974437118]}, "properties": {}}, {"type": "Feature", "geometry": {"type": "Point", "coordinates": [-97.53059157800263, 35.609492274991]}, "properties": {}}, {"type": "Feature", "geometry": {"type": "Point", "coordinates": [-97.53058201625268, 35.60940267857917]}, "properties": {}}, {"type": "Feature", "geometry": {"type": "Point", "coordinates": [-97.5794136361726, 35.61028324577185]}, "properties": {}}, {"type": "Feature", "geometry": {"type": "Point", "coordinates": [-97.57951418868713, 35.610289644719025]}, "properties": {}}, {"type": "Feature", "geometry": {"type": "Point", "coordinates": [-97.57951731238956, 35.61039844452209]}, "properties": {}}, {"type": "Feature", "geometry": {"type": "Point", "coordinates": [-97.57951999166029, 35.6105275717512]}, "properties": {}}, {"type": "Feature", "geometry": {"type": "Point", "coordinates": [-97.57939414434567, 35.61053317076364]}, "properties": {}}, {"type": "Feature", "geometry": {"type": "Point", "coordinates": [-97.57929727507272, 35.610529805933524]}, "properties": {}}, {"type": "Feature", "geometry": {"type": "Point", "coordinates": [-97.57930129364068, 35.61040647167078]}, "properties": {}}, {"type": "Feature", "geometry": {"type": "Point", "coordinates": [-97.57930565027961, 35.610282863705294]}, "properties": {}}, {"type": "Feature", "geometry": {"type": "Point", "coordinates": [-97.57973332212046, 35.61032860525956]}, "properties": {}}, {"type": "Feature", "geometry": {"type": "Point", "coordinates": [-97.57973704777865, 35.610387408935495]}, "properties": {}}, {"type": "Feature", "geometry": {"type": "Point", "coordinates": [-97.57973675216905, 35.61044317541006]}, "properties": {}}, {"type": "Feature", "geometry": {"type": "Point", "coordinates": [-97.57975417635997, 35.610519609319496]}, "properties": {}}, {"type": "Feature", "geometry": {"type": "Point", "coordinates": [-97.57983313835341, 35.61053747021845]}, "properties": {}}, {"type": "Feature", "geometry": {"type": "Point", "coordinates": [-97.57992667417555, 35.61053505356248]}, "properties": {}}, {"type": "Feature", "geometry": {"type": "Point", "coordinates": [-97.58001316273055, 35.61052931495387]}, "properties": {}}, {"type": "Feature", "geometry": {"type": "Point", "coordinates": [-97.58009961815836, 35.61052962033556]}, "properties": {}}, {"type": "Feature", "geometry": {"type": "Point", "coordinates": [-97.58019650346696, 35.61052996248338]}, "properties": {}}, {"type": "Feature", "geometry": {"type": "Point", "coordinates": [-97.58028666067592, 35.61053028080018]}, "properties": {}}, {"type": "Feature", "geometry": {"type": "Point", "coordinates": [-97.55069740233579, 35.61078916506038]}, "properties": {}}, {"type": "Feature", "geometry": {"type": "Point", "coordinates": [-97.55016785421863, 35.61132863484685]}, "properties": {}}, {"type": "Feature", "geometry": {"type": "Point", "coordinates": [-97.55036136000422, 35.61131700448461]}, "properties": {}}, {"type": "Feature", "geometry": {"type": "Point", "coordinates": [-97.55049756626612, 35.61132438751077]}, "properties": {}}, {"type": "Feature", "geometry": {"type": "Point", "coordinates": [-97.55058439416912, 35.6112593330017]}, "properties": {}}, {"type": "Feature", "geometry": {"type": "Point", "coordinates": [-97.55068853195864, 35.611167145948166]}, "properties": {}}, {"type": "Feature", "geometry": {"type": "Point", "coordinates": [-97.55069587661977, 35.611058384805155]}, "properties": {}}, {"type": "Feature", "geometry": {"type": "Point", "coordinates": [-97.55069974977651, 35.61096856597243]}, "properties": {}}, {"type": "Feature", "geometry": {"type": "Point", "coordinates": [-97.55070030401116, 35.61087076792655]}, "properties": {}}, {"type": "Feature", "geometry": {"type": "Point", "coordinates": [-97.56650523892222, 35.615138146508215]}, "properties": {}}, {"type": "Feature", "geometry": {"type": "Point", "coordinates": [-97.56648745700535, 35.61469853071261]}, "properties": {}}, {"type": "Feature", "geometry": {"type": "Point", "coordinates": [-97.56655782844537, 35.61425731382872]}, "properties": {}}, {"type": "Feature", "geometry": {"type": "Point", "coordinates": [-97.56654948563931, 35.613937235126244]}, "properties": {}}, {"type": "Feature", "geometry": {"type": "Point", "coordinates": [-97.5661653925092, 35.613917702597874]}, "properties": {}}, {"type": "Feature", "geometry": {"type": "Point", "coordinates": [-97.56619121153584, 35.6142408671866]}, "properties": {}}, {"type": "Feature", "geometry": {"type": "Point", "coordinates": [-97.56618084240652, 35.614783124967225]}, "properties": {}}, {"type": "Feature", "geometry": {"type": "Point", "coordinates": [-97.56614901887308, 35.61506542030517]}, "properties": {}}, {"type": "Feature", "geometry": {"type": "Point", "coordinates": [-97.56578550184791, 35.61509678462711]}, "properties": {}}, {"type": "Feature", "geometry": {"type": "Point", "coordinates": [-97.56580569030129, 35.614789173303514]}, "properties": {}}, {"type": "Feature", "geometry": {"type": "Point", "coordinates": [-97.56571850077165, 35.613939147280234]}, "properties": {}}, {"type": "Feature", "geometry": {"type": "Point", "coordinates": [-97.56590266703178, 35.614282120538995]}, "properties": {}}, {"type": "Feature", "geometry": {"type": "Point", "coordinates": [-97.56564471256078, 35.61438914346417]}, "properties": {}}, {"type": "Feature", "geometry": {"type": "Point", "coordinates": [-97.56526200922497, 35.614361371537754]}, "properties": {}}, {"type": "Feature", "geometry": {"type": "Point", "coordinates": [-97.56541470432268, 35.614737470731825]}, "properties": {}}, {"type": "Feature", "geometry": {"type": "Point", "coordinates": [-97.56540831712775, 35.61516628451516]}, "properties": {}}, {"type": "Feature", "geometry": {"type": "Point", "coordinates": [-97.56491773116845, 35.61444307672309]}, "properties": {}}, {"type": "Feature", "geometry": {"type": "Point", "coordinates": [-97.56529800721822, 35.61393184223142]}, "properties": {}}, {"type": "Feature", "geometry": {"type": "Point", "coordinates": [-97.56511733307846, 35.613934202694765]}, "properties": {}}, {"type": "Feature", "geometry": {"type": "Point", "coordinates": [-97.56467141920548, 35.613961416294906]}, "properties": {}}, {"type": "Feature", "geometry": {"type": "Point", "coordinates": [-97.56452304759024, 35.6143300957452]}, "properties": {}}, {"type": "Feature", "geometry": {"type": "Point", "coordinates": [-97.56491096459887, 35.61475650720205]}, "properties": {}}, {"type": "Feature", "geometry": {"type": "Point", "coordinates": [-97.56454352334967, 35.614889774222306]}, "properties": {}}, {"type": "Feature", "geometry": {"type": "Point", "coordinates": [-97.5646602310811, 35.6152022832605]}, "properties": {}}, {"type": "Feature", "geometry": {"type": "Point", "coordinates": [-97.56521708400356, 35.61506915887824]}, "properties": {}}, {"type": "Feature", "geometry": {"type": "Point", "coordinates": [-97.56521490095783, 35.61485377063213]}, "properties": {}}, {"type": "Feature", "geometry": {"type": "Point", "coordinates": [-97.56491211708064, 35.615159524270375]}, "properties": {}}, {"type": "Feature", "geometry": {"type": "Point", "coordinates": [-97.55189902351724, 35.62049954133186]}, "properties": {}}, {"type": "Feature", "geometry": {"type": "Point", "coordinates": [-97.55170889840467, 35.620504593049894]}, "properties": {}}, {"type": "Feature", "geometry": {"type": "Point", "coordinates": [-97.5516828613208, 35.620186730288715]}, "properties": {}}, {"type": "Feature", "geometry": {"type": "Point", "coordinates": [-97.55190192891503, 35.62018278634173]}, "properties": {}}, {"type": "Feature", "geometry": {"type": "Point", "coordinates": [-97.55217046787166, 35.620512926343686]}, "properties": {}}, {"type": "Feature", "geometry": {"type": "Point", "coordinates": [-97.55235994911766, 35.62050265108229]}, "properties": {}}, {"type": "Feature", "geometry": {"type": "Point", "coordinates": [-97.55215892319735, 35.620186139436385]}, "properties": {}}, {"type": "Feature", "geometry": {"type": "Point", "coordinates": [-97.55235171886738, 35.62017971174412]}, "properties": {}}, {"type": "Feature", "geometry": {"type": "Point", "coordinates": [-97.55279477947109, 35.62033400030687]}, "properties": {}}, {"type": "Feature", "geometry": {"type": "Point", "coordinates": [-97.55264922310592, 35.62024998795493]}, "properties": {}}, {"type": "Feature", "geometry": {"type": "Point", "coordinates": [-97.55295710631272, 35.62055162067389]}, "properties": {}}, {"type": "Feature", "geometry": {"type": "Point", "coordinates": [-97.55299706653, 35.62071631566589]}, "properties": {}}, {"type": "Feature", "geometry": {"type": "Point", "coordinates": [-97.55257151103554, 35.620693553253155]}, "properties": {}}, {"type": "Feature", "geometry": {"type": "Point", "coordinates": [-97.55256995654162, 35.620849862314905]}, "properties": {}}, {"type": "Feature", "geometry": {"type": "Point", "coordinates": [-97.55260839542413, 35.6211928567616]}, "properties": {}}, {"type": "Feature", "geometry": {"type": "Point", "coordinates": [-97.55260906210566, 35.62107473011509]}, "properties": {}}, {"type": "Feature", "geometry": {"type": "Point", "coordinates": [-97.55104729437333, 35.62050388411942]}, "properties": {}}, {"type": "Feature", "geometry": {"type": "Point", "coordinates": [-97.55124589187008, 35.620504633812686]}, "properties": {}}, {"type": "Feature", "geometry": {"type": "Point", "coordinates": [-97.55104331667368, 35.62017477864874]}, "properties": {}}, {"type": "Feature", "geometry": {"type": "Point", "coordinates": [-97.55125650233668, 35.62017796737115]}, "properties": {}}, {"type": "Feature", "geometry": {"type": "Point", "coordinates": [-97.53519436469043, 35.61080401456058]}, "properties": {}}, {"type": "Feature", "geometry": {"type": "Point", "coordinates": [-97.53482397746959, 35.610860531857035]}, "properties": {}}, {"type": "Feature", "geometry": {"type": "Point", "coordinates": [-97.53469210599067, 35.61086001581144]}, "properties": {}}, {"type": "Feature", "geometry": {"type": "Point", "coordinates": [-97.53457097574662, 35.610863662458165]}, "properties": {}}, {"type": "Feature", "geometry": {"type": "Point", "coordinates": [-97.53305336855298, 35.61092803991504]}, "properties": {}}, {"type": "Feature", "geometry": {"type": "Point", "coordinates": [-97.53433590250033, 35.61090724682846]}, "properties": {}}, {"type": "Feature", "geometry": {"type": "Point", "coordinates": [-97.53419970169215, 35.61089929550068]}, "properties": {}}, {"type": "Feature", "geometry": {"type": "Point", "coordinates": [-97.53404497921409, 35.6108945684183]}, "properties": {}}, {"type": "Feature", "geometry": {"type": "Point", "coordinates": [-97.5338776510176, 35.610916713834996]}, "properties": {}}, {"type": "Feature", "geometry": {"type": "Point", "coordinates": [-97.53358161269763, 35.61091555280412]}, "properties": {}}, {"type": "Feature", "geometry": {"type": "Point", "coordinates": [-97.5333804655484, 35.61091064271742]}, "properties": {}}, {"type": "Feature", "geometry": {"type": "Point", "coordinates": [-97.53372184593455, 35.610924345353645]}, "properties": {}}, {"type": "Feature", "geometry": {"type": "Point", "coordinates": [-97.54809692282589, 35.62123623443907]}, "properties": {}}, {"type": "Feature", "geometry": {"type": "Point", "coordinates": [-97.54752837561753, 35.62004563577195]}, "properties": {}}, {"type": "Feature", "geometry": {"type": "Point", "coordinates": [-97.54690785078384, 35.61941663760094]}, "properties": {}}, {"type": "Feature", "geometry": {"type": "Point", "coordinates": [-97.54761217506442, 35.619393221132725]}, "properties": {}}, {"type": "Feature", "geometry": {"type": "Point", "coordinates": [-97.54797689013307, 35.61986465354639]}, "properties": {}}, {"type": "Feature", "geometry": {"type": "Point", "coordinates": [-97.60244533898013, 35.611756965493356]}, "properties": {}}, {"type": "Feature", "geometry": {"type": "Point", "coordinates": [-97.6025164222543, 35.61126737980667]}, "properties": {}}, {"type": "Feature", "geometry": {"type": "Point", "coordinates": [-97.60250875694078, 35.611387131559916]}, "properties": {}}, {"type": "Feature", "geometry": {"type": "Point", "coordinates": [-97.60250817157578, 35.61150388490161]}, "properties": {}}, {"type": "Feature", "geometry": {"type": "Point", "coordinates": [-97.60245054252795, 35.61159132808822]}, "properties": {}}, {"type": "Feature", "geometry": {"type": "Point", "coordinates": [-97.60245010171701, 35.6116792364865]}, "properties": {}}, {"type": "Feature", "geometry": {"type": "Point", "coordinates": [-97.60249305542142, 35.61230464015604]}, "properties": {}}, {"type": "Feature", "geometry": {"type": "Point", "coordinates": [-97.60231702205095, 35.612455971257205]}, "properties": {}}, {"type": "Feature", "geometry": {"type": "Point", "coordinates": [-97.60220929449949, 35.61253747657707]}, "properties": {}}, {"type": "Feature", "geometry": {"type": "Point", "coordinates": [-97.60206621656774, 35.612557327656646]}, "properties": {}}, {"type": "Feature", "geometry": {"type": "Point", "coordinates": [-97.60192657443794, 35.612562903451746]}, "properties": {}}, {"type": "Feature", "geometry": {"type": "Point", "coordinates": [-97.60159029190379, 35.612535403891535]}, "properties": {}}, {"type": "Feature", "geometry": {"type": "Point", "coordinates": [-97.60144023763907, 35.612470617043705]}, "properties": {}}, {"type": "Feature", "geometry": {"type": "Point", "coordinates": [-97.60261236250929, 35.61065095693064]}, "properties": {}}, {"type": "Feature", "geometry": {"type": "Point", "coordinates": [-97.60243000116523, 35.6106561156098]}, "properties": {}}, {"type": "Feature", "geometry": {"type": "Point", "coordinates": [-97.60242210109593, 35.610755537594784]}, "properties": {}}, {"type": "Feature", "geometry": {"type": "Point", "coordinates": [-97.60241076302225, 35.610936814691364]}, "properties": {}}, {"type": "Feature", "geometry": {"type": "Point", "coordinates": [-97.58696761685228, 35.61230913393784]}, "properties": {}}, {"type": "Feature", "geometry": {"type": "Point", "coordinates": [-97.5872748616159, 35.61190334259596]}, "properties": {}}, {"type": "Feature", "geometry": {"type": "Point", "coordinates": [-97.5874546688859, 35.612002040628695]}, "properties": {}}, {"type": "Feature", "geometry": {"type": "Point", "coordinates": [-97.58758333903036, 35.61210083681133]}, "properties": {}}, {"type": "Feature", "geometry": {"type": "Point", "coordinates": [-97.58765121121529, 35.612181839297634]}, "properties": {}}, {"type": "Feature", "geometry": {"type": "Point", "coordinates": [-97.58770261701456, 35.61225921366251]}, "properties": {}}, {"type": "Feature", "geometry": {"type": "Point", "coordinates": [-97.58774105017075, 35.61230824737499]}, "properties": {}}, {"type": "Feature", "geometry": {"type": "Point", "coordinates": [-97.58777948194985, 35.61235755506766]}, "properties": {}}, {"type": "Feature", "geometry": {"type": "Point", "coordinates": [-97.58778297928241, 35.6125259701897]}, "properties": {}}, {"type": "Feature", "geometry": {"type": "Point", "coordinates": [-97.5878558900778, 35.612543804766375]}, "properties": {}}, {"type": "Feature", "geometry": {"type": "Point", "coordinates": [-97.58796722466468, 35.612547762542924]}, "properties": {}}, {"type": "Feature", "geometry": {"type": "Point", "coordinates": [-97.58805773828911, 35.61254450431233]}, "properties": {}}, {"type": "Feature", "geometry": {"type": "Point", "coordinates": [-97.58811793866592, 35.61254828476415]}, "properties": {}}, {"type": "Feature", "geometry": {"type": "Point", "coordinates": [-97.58819533237151, 35.61254498097614]}, "properties": {}}, {"type": "Feature", "geometry": {"type": "Point", "coordinates": [-97.58875861661305, 35.612522480920234]}, "properties": {}}, {"type": "Feature", "geometry": {"type": "Point", "coordinates": [-97.58833325343915, 35.61248227335383]}, "properties": {}}, {"type": "Feature", "geometry": {"type": "Point", "coordinates": [-97.58825589546886, 35.61247870939223]}, "properties": {}}, {"type": "Feature", "geometry": {"type": "Point", "coordinates": [-97.58843054917675, 35.61253370802871]}, "properties": {}}, {"type": "Feature", "geometry": {"type": "Point", "coordinates": [-97.58851058952035, 35.612538929651656]}, "properties": {}}, {"type": "Feature", "geometry": {"type": "Point", "coordinates": [-97.58858899167244, 35.61253590489783]}, "properties": {}}, {"type": "Feature", "geometry": {"type": "Point", "coordinates": [-97.58867813131853, 35.612538135810816]}, "properties": {}}, {"type": "Feature", "geometry": {"type": "Point", "coordinates": [-97.58909057562184, 35.61221484436503]}, "properties": {}}, {"type": "Feature", "geometry": {"type": "Point", "coordinates": [-97.5888747536313, 35.61237892935588]}, "properties": {}}, {"type": "Feature", "geometry": {"type": "Point", "coordinates": [-97.58880170634322, 35.612452301838694]}, "properties": {}}, {"type": "Feature", "geometry": {"type": "Point", "coordinates": [-97.58918538101605, 35.61216242567796]}, "properties": {}}, {"type": "Feature", "geometry": {"type": "Point", "coordinates": [-97.58922452246027, 35.612074925896906]}, "properties": {}}, {"type": "Feature", "geometry": {"type": "Point", "coordinates": [-97.58922097724876, 35.61198013576304]}, "properties": {}}, {"type": "Feature", "geometry": {"type": "Point", "coordinates": [-97.58922535940279, 35.61191339376579]}, "properties": {}}, {"type": "Feature", "geometry": {"type": "Point", "coordinates": [-97.589230096362, 35.61184335691302]}, "properties": {}}, {"type": "Feature", "geometry": {"type": "Point", "coordinates": [-97.58923044223302, 35.61177660187142]}, "properties": {}}, {"type": "Feature", "geometry": {"type": "Point", "coordinates": [-97.58915343085582, 35.6117062816496]}, "properties": {}}, {"type": "Feature", "geometry": {"type": "Point", "coordinates": [-97.58919702824814, 35.61166769771159]}, "properties": {}}, {"type": "Feature", "geometry": {"type": "Point", "coordinates": [-97.58921428430811, 35.611583693292054]}, "properties": {}}, {"type": "Feature", "geometry": {"type": "Point", "coordinates": [-97.58921027581839, 35.611513351324014]}, "properties": {}}, {"type": "Feature", "geometry": {"type": "Point", "coordinates": [-97.58922804954783, 35.61139418418168]}, "properties": {}}, {"type": "Feature", "geometry": {"type": "Point", "coordinates": [-97.58921136615247, 35.611302919633616]}, "properties": {}}, {"type": "Feature", "geometry": {"type": "Point", "coordinates": [-97.5890869480315, 35.61129205073566]}, "properties": {}}, {"type": "Feature", "geometry": {"type": "Point", "coordinates": [-97.58883366105638, 35.61122084692313]}, "properties": {}}, {"type": "Feature", "geometry": {"type": "Point", "coordinates": [-97.5888209381207, 35.612052377117585]}, "properties": {}}, {"type": "Feature", "geometry": {"type": "Point", "coordinates": [-97.58876129273855, 35.6120065673684]}, "properties": {}}, {"type": "Feature", "geometry": {"type": "Point", "coordinates": [-97.58870099379054, 35.611957184347844]}, "properties": {}}, {"type": "Feature", "geometry": {"type": "Point", "coordinates": [-97.58871410333015, 35.61189431934001]}, "properties": {}}, {"type": "Feature", "geometry": {"type": "Point", "coordinates": [-97.58890666752387, 35.61206338832104]}, "properties": {}}, {"type": "Feature", "geometry": {"type": "Point", "coordinates": [-97.58901965626922, 35.611877794161174]}, "properties": {}}, {"type": "Feature", "geometry": {"type": "Point", "coordinates": [-97.58894257376359, 35.61182120948211]}, "properties": {}}, {"type": "Feature", "geometry": {"type": "Point", "coordinates": [-97.58884352393903, 35.61184888863033]}, "properties": {}}, {"type": "Feature", "geometry": {"type": "Point", "coordinates": [-97.58873192490739, 35.61183119573205]}, "properties": {}}, {"type": "Feature", "geometry": {"type": "Point", "coordinates": [-97.58840245596234, 35.61230724199569]}, "properties": {}}, {"type": "Feature", "geometry": {"type": "Point", "coordinates": [-97.58835175869397, 35.61222272842869]}, "properties": {}}, {"type": "Feature", "geometry": {"type": "Point", "coordinates": [-97.58865640420913, 35.61225180358909]}, "properties": {}}, {"type": "Feature", "geometry": {"type": "Point", "coordinates": [-97.58861802500302, 35.61219205651924]}, "properties": {}}, {"type": "Feature", "geometry": {"type": "Point", "coordinates": [-97.58857114541537, 35.61214986272703]}, "properties": {}}, {"type": "Feature", "geometry": {"type": "Point", "coordinates": [-97.58851950215352, 35.61211809137233]}, "properties": {}}, {"type": "Feature", "geometry": {"type": "Point", "coordinates": [-97.5884081681425, 35.61211413411296]}, "properties": {}}, {"type": "Feature", "geometry": {"type": "Point", "coordinates": [-97.46090963058592, 35.608484097743215]}, "properties": {}}, {"type": "Feature", "geometry": {"type": "Point", "coordinates": [-97.46095195916094, 35.60869060478737]}, "properties": {}}, {"type": "Feature", "geometry": {"type": "Point", "coordinates": [-97.46103007827826, 35.608828320008655]}, "properties": {}}, {"type": "Feature", "geometry": {"type": "Point", "coordinates": [-97.46078169595934, 35.60864725101788]}, "properties": {}}, {"type": "Feature", "geometry": {"type": "Point", "coordinates": [-97.57251084601808, 35.60803202599507]}, "properties": {}}, {"type": "Feature", "geometry": {"type": "Point", "coordinates": [-97.57246286981864, 35.6080705880883]}, "properties": {}}, {"type": "Feature", "geometry": {"type": "Point", "coordinates": [-97.57254224135987, 35.60807417048489]}, "properties": {}}, {"type": "Feature", "geometry": {"type": "Point", "coordinates": [-97.57258616516661, 35.60803861497543]}, "properties": {}}, {"type": "Feature", "geometry": {"type": "Point", "coordinates": [-97.57251407407543, 35.608119672690314]}, "properties": {}}, {"type": "Feature", "geometry": {"type": "Point", "coordinates": [-97.57247018574292, 35.608148635232254]}, "properties": {}}, {"type": "Feature", "geometry": {"type": "Point", "coordinates": [-97.57255394782844, 35.608148936424755]}, "properties": {}}, {"type": "Feature", "geometry": {"type": "Point", "coordinates": [-97.5725897465876, 35.60812296685502]}, "properties": {}}, {"type": "Feature", "geometry": {"type": "Point", "coordinates": [-97.57251785280859, 35.60822984866026]}, "properties": {}}, {"type": "Feature", "geometry": {"type": "Point", "coordinates": [-97.57246959171938, 35.60825879547873]}, "properties": {}}, {"type": "Feature", "geometry": {"type": "Point", "coordinates": [-97.57255707078255, 35.60825608794937]}, "properties": {}}, {"type": "Feature", "geometry": {"type": "Point", "coordinates": [-97.57259318843194, 35.608233416509954]}, "properties": {}}, {"type": "Feature", "geometry": {"type": "Point", "coordinates": [-97.57251283282473, 35.60834988304573]}, "properties": {}}, {"type": "Feature", "geometry": {"type": "Point", "coordinates": [-97.57247322966963, 35.608395069221366]}, "properties": {}}, {"type": "Feature", "geometry": {"type": "Point", "coordinates": [-97.57255258376621, 35.6084019476309]}, "properties": {}}, {"type": "Feature", "geometry": {"type": "Point", "coordinates": [-97.5725844857622, 35.608350140673295]}, "properties": {}}, {"type": "Feature", "geometry": {"type": "Point", "coordinates": [-97.57294618065038, 35.60833852834576]}, "properties": {}}, {"type": "Feature", "geometry": {"type": "Point", "coordinates": [-97.57289455057077, 35.608305926425054]}, "properties": {}}, {"type": "Feature", "geometry": {"type": "Point", "coordinates": [-97.5728986095411, 35.60836418083168]}, "properties": {}}, {"type": "Feature", "geometry": {"type": "Point", "coordinates": [-97.5729458669507, 35.60839676794456]}, "properties": {}}, {"type": "Feature", "geometry": {"type": "Point", "coordinates": [-97.57307369322075, 35.60833569023793]}, "properties": {}}, {"type": "Feature", "geometry": {"type": "Point", "coordinates": [-97.5730220619917, 35.60830308746732]}, "properties": {}}, {"type": "Feature", "geometry": {"type": "Point", "coordinates": [-97.57302544744114, 35.60836161525059]}, "properties": {}}, {"type": "Feature", "geometry": {"type": "Point", "coordinates": [-97.57307706133808, 35.608397239141986]}, "properties": {}}, {"type": "Feature", "geometry": {"type": "Point", "coordinates": [-97.57320424977047, 35.608329565035014]}, "properties": {}}, {"type": "Feature", "geometry": {"type": "Point", "coordinates": [-97.57315327507312, 35.608300262564754]}, "properties": {}}, {"type": "Feature", "geometry": {"type": "Point", "coordinates": [-97.57316037784342, 35.60835550580418]}, "properties": {}}, {"type": "Feature", "geometry": {"type": "Point", "coordinates": [-97.44194611617402, 35.59013093625153]}, "properties": {}}, {"type": "Feature", "geometry": {"type": "Point", "coordinates": [-97.44173188239283, 35.590129930199545]}, "properties": {}}, {"type": "Feature", "geometry": {"type": "Point", "coordinates": [-97.44162013910525, 35.59009396652223]}, "properties": {}}, {"type": "Feature", "geometry": {"type": "Point", "coordinates": [-97.44142452137162, 35.59017161763248]}, "properties": {}}, {"type": "Feature", "geometry": {"type": "Point", "coordinates": [-97.44116319229492, 35.58993330482844]}, "properties": {}}, {"type": "Feature", "geometry": {"type": "Point", "coordinates": [-97.44219941065913, 35.5898862503417]}, "properties": {}}, {"type": "Feature", "geometry": {"type": "Point", "coordinates": [-97.44234266633521, 35.5898413187669]}, "properties": {}}, {"type": "Feature", "geometry": {"type": "Point", "coordinates": [-97.44243789221528, 35.58993049988875]}, "properties": {}}, {"type": "Feature", "geometry": {"type": "Point", "coordinates": [-97.44261075220467, 35.58983653206449]}, "properties": {}}, {"type": "Feature", "geometry": {"type": "Point", "coordinates": [-97.51487187059826, 35.58849248196432]}, "properties": {}}, {"type": "Feature", "geometry": {"type": "Point", "coordinates": [-97.5141581407504, 35.5880629258601]}, "properties": {}}, {"type": "Feature", "geometry": {"type": "Point", "coordinates": [-97.51415864350331, 35.58787117409727]}, "properties": {}}, {"type": "Feature", "geometry": {"type": "Point", "coordinates": [-97.51521592361733, 35.588492786177014]}, "properties": {}}, {"type": "Feature", "geometry": {"type": "Point", "coordinates": [-97.5147149058371, 35.588036904698455]}, "properties": {}}, {"type": "Feature", "geometry": {"type": "Point", "coordinates": [-97.5147237779584, 35.58785123039777]}, "properties": {}}, {"type": "Feature", "geometry": {"type": "Point", "coordinates": [-97.51554114302473, 35.58849301353009]}, "properties": {}}, {"type": "Feature", "geometry": {"type": "Point", "coordinates": [-97.57320389929008, 35.608394672469274]}, "properties": {}}, {"type": "Feature", "geometry": {"type": "Point", "coordinates": [-97.57332763642582, 35.60834319496478]}, "properties": {}}, {"type": "Feature", "geometry": {"type": "Point", "coordinates": [-97.57328411494632, 35.60830402834502]}, "properties": {}}, {"type": "Feature", "geometry": {"type": "Point", "coordinates": [-97.57328381775989, 35.608359245917114]}, "properties": {}}, {"type": "Feature", "geometry": {"type": "Point", "coordinates": [-97.57332734074889, 35.608398137643334]}, "properties": {}}, {"type": "Feature", "geometry": {"type": "Point", "coordinates": [-97.57282459896643, 35.60805238409105]}, "properties": {}}, {"type": "Feature", "geometry": {"type": "Point", "coordinates": [-97.57279327416438, 35.6079973268888]}, "properties": {}}, {"type": "Feature", "geometry": {"type": "Point", "coordinates": [-97.5727609851185, 35.60805874856639]}, "properties": {}}, {"type": "Feature", "geometry": {"type": "Point", "coordinates": [-97.57279634562347, 35.60811409427682]}, "properties": {}}, {"type": "Feature", "geometry": {"type": "Point", "coordinates": [-97.57295963760261, 35.608088582664514]}, "properties": {}}, {"type": "Feature", "geometry": {"type": "Point", "coordinates": [-97.57292792428089, 35.60804314015848]}, "properties": {}}, {"type": "Feature", "geometry": {"type": "Point", "coordinates": [-97.57290372485502, 35.608101567947415]}, "properties": {}}, {"type": "Feature", "geometry": {"type": "Point", "coordinates": [-97.57293104773626, 35.60815029167321]}, "properties": {}}, {"type": "Feature", "geometry": {"type": "Point", "coordinates": [-97.57306673719043, 35.60812797683797]}, "properties": {}}, {"type": "Feature", "geometry": {"type": "Point", "coordinates": [-97.57302700380366, 35.60807261550352]}, "properties": {}}, {"type": "Feature", "geometry": {"type": "Point", "coordinates": [-97.57300680610841, 35.608137651655206]}, "properties": {}}, {"type": "Feature", "geometry": {"type": "Point", "coordinates": [-97.57303446457752, 35.608186376562294]}, "properties": {}}, {"type": "Feature", "geometry": {"type": "Point", "coordinates": [-97.57317392523835, 35.608151163910335]}, "properties": {}}, {"type": "Feature", "geometry": {"type": "Point", "coordinates": [-97.57313815832136, 35.6081087289934]}, "properties": {}}, {"type": "Feature", "geometry": {"type": "Point", "coordinates": [-97.57311395903042, 35.60816715682511]}, "properties": {}}, {"type": "Feature", "geometry": {"type": "Point", "coordinates": [-97.57314939082009, 35.608209316548376]}, "properties": {}}, {"type": "Feature", "geometry": {"type": "Point", "coordinates": [-97.57368919342781, 35.60835740325934]}, "properties": {}}, {"type": "Feature", "geometry": {"type": "Point", "coordinates": [-97.57366512907632, 35.60832819750405]}, "properties": {}}, {"type": "Feature", "geometry": {"type": "Point", "coordinates": [-97.57366483363333, 35.60838314018341]}, "properties": {}}, {"type": "Feature", "geometry": {"type": "Point", "coordinates": [-97.57368077154078, 35.608422206851166]}, "properties": {}}, {"type": "Feature", "geometry": {"type": "Point", "coordinates": [-97.57375677373652, 35.60836423954598]}, "properties": {}}, {"type": "Feature", "geometry": {"type": "Point", "coordinates": [-97.57374483902883, 35.60833150450992]}, "properties": {}}, {"type": "Feature", "geometry": {"type": "Point", "coordinates": [-97.57374046952091, 35.60839330145063]}, "properties": {}}, {"type": "Feature", "geometry": {"type": "Point", "coordinates": [-97.57375205137718, 35.608429056406564]}, "properties": {}}, {"type": "Feature", "geometry": {"type": "Point", "coordinates": [-97.57383614711262, 35.60836754528379]}, "properties": {}}, {"type": "Feature", "geometry": {"type": "Point", "coordinates": [-97.5738087541927, 35.60833173365622]}, "properties": {}}, {"type": "Feature", "geometry": {"type": "Point", "coordinates": [-97.57380845737153, 35.60838695122965]}, "properties": {}}, {"type": "Feature", "geometry": {"type": "Point", "coordinates": [-97.5738358503104, 35.608422762857266]}, "properties": {}}, {"type": "Feature", "geometry": {"type": "Point", "coordinates": [-97.57391958905386, 35.60836482318109]}, "properties": {}}, {"type": "Feature", "geometry": {"type": "Point", "coordinates": [-97.57389180890955, 35.608338625339194]}, "properties": {}}, {"type": "Feature", "geometry": {"type": "Point", "coordinates": [-97.57388786472389, 35.608383939786506]}, "properties": {}}, {"type": "Feature", "geometry": {"type": "Point", "coordinates": [-97.57391929378707, 35.60841976586111]}, "properties": {}}, {"type": "Feature", "geometry": {"type": "Point", "coordinates": [-97.57389061975498, 35.607871323501236]}, "properties": {}}, {"type": "Feature", "geometry": {"type": "Point", "coordinates": [-97.57386701464876, 35.60781931633906]}, "properties": {}}, {"type": "Feature", "geometry": {"type": "Point", "coordinates": [-97.57383884931885, 35.60786481886228]}, "properties": {}}, {"type": "Feature", "geometry": {"type": "Point", "coordinates": [-97.57385843497292, 35.6079135146376]}, "properties": {}}, {"type": "Feature", "geometry": {"type": "Point", "coordinates": [-97.57399319036938, 35.60793982096789]}, "properties": {}}, {"type": "Feature", "geometry": {"type": "Point", "coordinates": [-97.57397765839919, 35.607887843658034]}, "properties": {}}, {"type": "Feature", "geometry": {"type": "Point", "coordinates": [-97.57394143759217, 35.607930020353585]}, "properties": {}}, {"type": "Feature", "geometry": {"type": "Point", "coordinates": [-97.57395730505324, 35.60798199977182]}, "properties": {}}, {"type": "Feature", "geometry": {"type": "Point", "coordinates": [-97.57407665560716, 35.60799533866138]}, "properties": {}}, {"type": "Feature", "geometry": {"type": "Point", "coordinates": [-97.57406075264124, 35.60794995310173]}, "properties": {}}, {"type": "Feature", "geometry": {"type": "Point", "coordinates": [-97.5740285871032, 35.60798857337044]}, "properties": {}}, {"type": "Feature", "geometry": {"type": "Point", "coordinates": [-97.57404078802311, 35.608034220569216]}, "properties": {}}, {"type": "Feature", "geometry": {"type": "Point", "coordinates": [-97.57417563073517, 35.60804431878226]}, "properties": {}}, {"type": "Feature", "geometry": {"type": "Point", "coordinates": [-97.57415606255711, 35.60799232703917]}, "properties": {}}, {"type": "Feature", "geometry": {"type": "Point", "coordinates": [-97.5741201433711, 35.60804082303869]}, "properties": {}}, {"type": "Feature", "geometry": {"type": "Point", "coordinates": [-97.57414342832605, 35.60808980691718]}, "properties": {}}, {"type": "Feature", "geometry": {"type": "Point", "coordinates": [-97.57429394821601, 35.608187596232405]}, "properties": {}}, {"type": "Feature", "geometry": {"type": "Point", "coordinates": [-97.57426634096953, 35.608128982652836]}, "properties": {}}, {"type": "Feature", "geometry": {"type": "Point", "coordinates": [-97.5742304228927, 35.60817747868971]}, "properties": {}}, {"type": "Feature", "geometry": {"type": "Point", "coordinates": [-97.57425400954114, 35.60823278179588]}, "properties": {}}, {"type": "Feature", "geometry": {"type": "Point", "coordinates": [-97.5743888172213, 35.60824947360986]}, "properties": {}}, {"type": "Feature", "geometry": {"type": "Point", "coordinates": [-97.57436956777423, 35.60820077912707]}, "properties": {}}, {"type": "Feature", "geometry": {"type": "Point", "coordinates": [-97.57434142029753, 35.60824298484802]}, "properties": {}}, {"type": "Feature", "geometry": {"type": "Point", "coordinates": [-97.57434485871049, 35.60829162272685]}, "properties": {}}, {"type": "Feature", "geometry": {"type": "Point", "coordinates": [-97.57449577877831, 35.60831496427343]}, "properties": {}}, {"type": "Feature", "geometry": {"type": "Point", "coordinates": [-97.57448024640517, 35.608262987029214]}, "properties": {}}, {"type": "Feature", "geometry": {"type": "Point", "coordinates": [-97.57444030890214, 35.608308172659235]}, "properties": {}}, {"type": "Feature", "geometry": {"type": "Point", "coordinates": [-97.5744518217587, 35.608356839437604]}, "properties": {}}, {"type": "Feature", "geometry": {"type": "Point", "coordinates": [-97.57458731951589, 35.60837023560974]}, "properties": {}}, {"type": "Feature", "geometry": {"type": "Point", "coordinates": [-97.57457143386843, 35.60832155409823]}, "properties": {}}, {"type": "Feature", "geometry": {"type": "Point", "coordinates": [-97.57453558407171, 35.60835713923395]}, "properties": {}}, {"type": "Feature", "geometry": {"type": "Point", "coordinates": [-97.5745511164996, 35.608409116470995]}, "properties": {}}, {"type": "Feature", "geometry": {"type": "Point", "coordinates": [-97.57460935452559, 35.60789999571138]}, "properties": {}}, {"type": "Feature", "geometry": {"type": "Point", "coordinates": [-97.57459010392428, 35.60785130126036]}, "properties": {}}, {"type": "Feature", "geometry": {"type": "Point", "coordinates": [-97.57454989935846, 35.607883574733265]}, "properties": {}}, {"type": "Feature", "geometry": {"type": "Point", "coordinates": [-97.57457718927506, 35.60793861612854]}, "properties": {}}, {"type": "Feature", "geometry": {"type": "Point", "coordinates": [-97.57470041935821, 35.607981363533796]}, "properties": {}}, {"type": "Feature", "geometry": {"type": "Point", "coordinates": [-97.57468890640351, 35.60793269677956]}, "properties": {}}, {"type": "Feature", "geometry": {"type": "Point", "coordinates": [-97.57465272022063, 35.60796828074632]}, "properties": {}}, {"type": "Feature", "geometry": {"type": "Point", "coordinates": [-97.57465649653129, 35.6080169198244]}, "properties": {}}, {"type": "Feature", "geometry": {"type": "Point", "coordinates": [-97.57478753412748, 35.60804650893587]}, "properties": {}}, {"type": "Feature", "geometry": {"type": "Point", "coordinates": [-97.5747760211099, 35.607997842190045]}, "properties": {}}, {"type": "Feature", "geometry": {"type": "Point", "coordinates": [-97.57473579776271, 35.608033411742]}, "properties": {}}, {"type": "Feature", "geometry": {"type": "Point", "coordinates": [-97.57473955644366, 35.60808534773888]}, "properties": {}}, {"type": "Feature", "geometry": {"type": "Point", "coordinates": [-97.57486655810976, 35.6081149223259]}, "properties": {}}, {"type": "Feature", "geometry": {"type": "Point", "coordinates": [-97.5748550273596, 35.608069551607855]}, "properties": {}}, {"type": "Feature", "geometry": {"type": "Point", "coordinates": [-97.57481480400665, 35.608105122087856]}, "properties": {}}, {"type": "Feature", "geometry": {"type": "Point", "coordinates": [-97.57482261760788, 35.608153774698]}, "properties": {}}, {"type": "Feature", "geometry": {"type": "Point", "coordinates": [-97.56853811595519, 35.595080867347335]}, "properties": {}}, {"type": "Feature", "geometry": {"type": "Point", "coordinates": [-97.5898737897433, 35.59510557452657]}, "properties": {}}, {"type": "Feature", "geometry": {"type": "Point", "coordinates": [-97.59009004297234, 35.59510879276254]}, "properties": {}}, {"type": "Feature", "geometry": {"type": "Point", "coordinates": [-97.59009534225633, 35.595059636609925]}, "properties": {}}, {"type": "Feature", "geometry": {"type": "Point", "coordinates": [-97.58987683806461, 35.59503635562682]}, "properties": {}}, {"type": "Feature", "geometry": {"type": "Point", "coordinates": [-97.61902975216272, 35.59591878806209]}, "properties": {}}, {"type": "Feature", "geometry": {"type": "Point", "coordinates": [-97.61903067101157, 35.59600752550869]}, "properties": {}}, {"type": "Feature", "geometry": {"type": "Point", "coordinates": [-97.60415037725447, 35.605407858227736]}, "properties": {}}, {"type": "Feature", "geometry": {"type": "Point", "coordinates": [-97.60421865232728, 35.604803703431344]}, "properties": {}}, {"type": "Feature", "geometry": {"type": "Point", "coordinates": [-97.60440408374205, 35.60546144812556]}, "properties": {}}, {"type": "Feature", "geometry": {"type": "Point", "coordinates": [-97.60341515421746, 35.60544991163994]}, "properties": {}}, {"type": "Feature", "geometry": {"type": "Point", "coordinates": [-97.60383937019276, 35.60753149813055]}, "properties": {}}, {"type": "Feature", "geometry": {"type": "Point", "coordinates": [-97.6037548198496, 35.607486986519405]}, "properties": {}}, {"type": "Feature", "geometry": {"type": "Point", "coordinates": [-97.60367308774019, 35.60741720979589]}, "properties": {}}, {"type": "Feature", "geometry": {"type": "Point", "coordinates": [-97.60357688805372, 35.607549578550035]}, "properties": {}}, {"type": "Feature", "geometry": {"type": "Point", "coordinates": [-97.60347686466525, 35.6075050151444]}, "properties": {}}, {"type": "Feature", "geometry": {"type": "Point", "coordinates": [-97.60337709177165, 35.60741017939474]}, "properties": {}}, {"type": "Feature", "geometry": {"type": "Point", "coordinates": [-97.61955079278806, 35.598645666238895]}, "properties": {}}, {"type": "Feature", "geometry": {"type": "Point", "coordinates": [-97.56870456207935, 35.59508916316689]}, "properties": {}}, {"type": "Feature", "geometry": {"type": "Point", "coordinates": [-97.56852348103791, 35.59517421859637]}, "properties": {}}, {"type": "Feature", "geometry": {"type": "Point", "coordinates": [-97.5686802155614, 35.59517478743206]}, "properties": {}}, {"type": "Feature", "geometry": {"type": "Point", "coordinates": [-97.56767101002494, 35.59699415854807]}, "properties": {}}, {"type": "Feature", "geometry": {"type": "Point", "coordinates": [-97.56790876467699, 35.597002989697465]}, "properties": {}}, {"type": "Feature", "geometry": {"type": "Point", "coordinates": [-97.56788438826953, 35.59709383317329]}, "properties": {}}, {"type": "Feature", "geometry": {"type": "Point", "coordinates": [-97.56766570715378, 35.59710292806885]}, "properties": {}}, {"type": "Feature", "geometry": {"type": "Point", "coordinates": [-97.56847364555082, 35.595617160459874]}, "properties": {}}, {"type": "Feature", "geometry": {"type": "Point", "coordinates": [-97.56765442109361, 35.59658201917748]}, "properties": {}}, {"type": "Feature", "geometry": {"type": "Point", "coordinates": [-97.5676548869156, 35.596496583158604]}, "properties": {}}, {"type": "Feature", "geometry": {"type": "Point", "coordinates": [-97.5676409955914, 35.59639158970724]}, "properties": {}}, {"type": "Feature", "geometry": {"type": "Point", "coordinates": [-97.56763650163536, 35.59629047721979]}, "properties": {}}, {"type": "Feature", "geometry": {"type": "Point", "coordinates": [-97.56779408069022, 35.596260006527885]}, "properties": {}}, {"type": "Feature", "geometry": {"type": "Point", "coordinates": [-97.5678991792321, 35.596231268256005]}, "properties": {}}, {"type": "Feature", "geometry": {"type": "Point", "coordinates": [-97.5679660608148, 35.596179039900626]}, "properties": {}}, {"type": "Feature", "geometry": {"type": "Point", "coordinates": [-97.56801849044301, 35.59612483649762]}, "properties": {}}, {"type": "Feature", "geometry": {"type": "Point", "coordinates": [-97.56806619046294, 35.596074461767884]}, "properties": {}}, {"type": "Feature", "geometry": {"type": "Point", "coordinates": [-97.56811395476247, 35.59601227380576]}, "properties": {}}, {"type": "Feature", "geometry": {"type": "Point", "coordinates": [-97.56819104409539, 35.59593865471128]}, "properties": {}}, {"type": "Feature", "geometry": {"type": "Point", "coordinates": [-97.56823874389859, 35.59588827901103]}, "properties": {}}, {"type": "Feature", "geometry": {"type": "Point", "coordinates": [-97.56828179677676, 35.59582634876801]}, "properties": {}}, {"type": "Feature", "geometry": {"type": "Point", "coordinates": [-97.56832014361258, 35.595764127421425]}, "properties": {}}, {"type": "Feature", "geometry": {"type": "Point", "coordinates": [-97.56835884529492, 35.59569833456547]}, "properties": {}}, {"type": "Feature", "geometry": {"type": "Point", "coordinates": [-97.55004310881593, 35.59904710078033]}, "properties": {}}, {"type": "Feature", "geometry": {"type": "Point", "coordinates": [-97.54981351499038, 35.599199799224714]}, "properties": {}}, {"type": "Feature", "geometry": {"type": "Point", "coordinates": [-97.5497444603274, 35.59892124680574]}, "properties": {}}, {"type": "Feature", "geometry": {"type": "Point", "coordinates": [-97.54997658340928, 35.5986191102234]}, "properties": {}}, {"type": "Feature", "geometry": {"type": "Point", "coordinates": [-97.55044073438354, 35.59862416349893]}, "properties": {}}, {"type": "Feature", "geometry": {"type": "Point", "coordinates": [-97.55080237990644, 35.59861426700426]}, "properties": {}}, {"type": "Feature", "geometry": {"type": "Point", "coordinates": [-97.55116994709714, 35.598627742881305]}, "properties": {}}, {"type": "Feature", "geometry": {"type": "Point", "coordinates": [-97.55156522639508, 35.59861824595448]}, "properties": {}}, {"type": "Feature", "geometry": {"type": "Point", "coordinates": [-97.55156470216477, 35.598829778481445]}, "properties": {}}, {"type": "Feature", "geometry": {"type": "Point", "coordinates": [-97.55197959329917, 35.59862365429938]}, "properties": {}}, {"type": "Feature", "geometry": {"type": "Point", "coordinates": [-97.55261133158622, 35.59861476996748]}, "properties": {}}, {"type": "Feature", "geometry": {"type": "Point", "coordinates": [-97.55319700050224, 35.598543897362966]}, "properties": {}}, {"type": "Feature", "geometry": {"type": "Point", "coordinates": [-97.55352602382759, 35.598473157797585]}, "properties": {}}, {"type": "Feature", "geometry": {"type": "Point", "coordinates": [-97.55387595044532, 35.59845331787787]}, "properties": {}}, {"type": "Feature", "geometry": {"type": "Point", "coordinates": [-97.55404519744204, 35.59886191146265]}, "properties": {}}, {"type": "Feature", "geometry": {"type": "Point", "coordinates": [-97.55375103093972, 35.5988349841085]}, "properties": {}}, {"type": "Feature", "geometry": {"type": "Point", "coordinates": [-97.55382343416058, 35.59899926345787]}, "properties": {}}, {"type": "Feature", "geometry": {"type": "Point", "coordinates": [-97.55388032887635, 35.59934919474141]}, "properties": {}}, {"type": "Feature", "geometry": {"type": "Point", "coordinates": [-97.55419990503133, 35.59946357822501]}, "properties": {}}, {"type": "Feature", "geometry": {"type": "Point", "coordinates": [-97.55384120228945, 35.599547670227004]}, "properties": {}}, {"type": "Feature", "geometry": {"type": "Point", "coordinates": [-97.55423282127418, 35.59977111287058]}, "properties": {}}, {"type": "Feature", "geometry": {"type": "Point", "coordinates": [-97.5542114551389, 35.59998174252823]}, "properties": {}}, {"type": "Feature", "geometry": {"type": "Point", "coordinates": [-97.55388293038736, 35.5999030389622]}, "properties": {}}, {"type": "Feature", "geometry": {"type": "Point", "coordinates": [-97.55322924402472, 35.599805805909305]}, "properties": {}}, {"type": "Feature", "geometry": {"type": "Point", "coordinates": [-97.5525821589158, 35.599611892669905]}, "properties": {}}, {"type": "Feature", "geometry": {"type": "Point", "coordinates": [-97.55299959738497, 35.59955082665447]}, "properties": {}}, {"type": "Feature", "geometry": {"type": "Point", "coordinates": [-97.55340977116708, 35.59958505971664]}, "properties": {}}, {"type": "Feature", "geometry": {"type": "Point", "coordinates": [-97.55321024872943, 35.59917745102669]}, "properties": {}}, {"type": "Feature", "geometry": {"type": "Point", "coordinates": [-97.55331240918764, 35.598955311717184]}, "properties": {}}, {"type": "Feature", "geometry": {"type": "Point", "coordinates": [-97.55279589323881, 35.598990456718404]}, "properties": {}}, {"type": "Feature", "geometry": {"type": "Point", "coordinates": [-97.552673712619, 35.59918367476343]}, "properties": {}}, {"type": "Feature", "geometry": {"type": "Point", "coordinates": [-97.5522432438656, 35.599288919578335]}, "properties": {}}, {"type": "Feature", "geometry": {"type": "Point", "coordinates": [-97.55221077481065, 35.59908220825536]}, "properties": {}}, {"type": "Feature", "geometry": {"type": "Point", "coordinates": [-97.55187526686072, 35.599228468364615]}, "properties": {}}, {"type": "Feature", "geometry": {"type": "Point", "coordinates": [-97.55156251467791, 35.5992165750739]}, "properties": {}}, {"type": "Feature", "geometry": {"type": "Point", "coordinates": [-97.5515210081047, 35.59959717915348]}, "properties": {}}, {"type": "Feature", "geometry": {"type": "Point", "coordinates": [-97.55180575021329, 35.59962545098135]}, "properties": {}}, {"type": "Feature", "geometry": {"type": "Point", "coordinates": [-97.55206479733936, 35.59961736114056]}, "properties": {}}, {"type": "Feature", "geometry": {"type": "Point", "coordinates": [-97.55242759181591, 35.60000058792181]}, "properties": {}}, {"type": "Feature", "geometry": {"type": "Point", "coordinates": [-97.55196007682048, 35.59999415616102]}, "properties": {}}, {"type": "Feature", "geometry": {"type": "Point", "coordinates": [-97.55108997082858, 35.599683463134106]}, "properties": {}}, {"type": "Feature", "geometry": {"type": "Point", "coordinates": [-97.55107547810137, 35.59927270263709]}, "properties": {}}, {"type": "Feature", "geometry": {"type": "Point", "coordinates": [-97.5508906639845, 35.599061568717865]}, "properties": {}}, {"type": "Feature", "geometry": {"type": "Point", "coordinates": [-97.55052369924456, 35.599000843138946]}, "properties": {}}, {"type": "Feature", "geometry": {"type": "Point", "coordinates": [-97.55078744765153, 35.599468863293346]}, "properties": {}}, {"type": "Feature", "geometry": {"type": "Point", "coordinates": [-97.55001695335477, 35.59998132212828]}, "properties": {}}, {"type": "Feature", "geometry": {"type": "Point", "coordinates": [-97.5497170482793, 35.59989832058487]}, "properties": {}}, {"type": "Feature", "geometry": {"type": "Point", "coordinates": [-97.55004798532461, 35.5996696335432]}, "properties": {}}, {"type": "Feature", "geometry": {"type": "Point", "coordinates": [-97.54981481822138, 35.59956270902664]}, "properties": {}}, {"type": "Feature", "geometry": {"type": "Point", "coordinates": [-97.55005783456701, 35.60119436390872]}, "properties": {}}, {"type": "Feature", "geometry": {"type": "Point", "coordinates": [-97.54980436677121, 35.600988738609765]}, "properties": {}}, {"type": "Feature", "geometry": {"type": "Point", "coordinates": [-97.54972426431593, 35.60129309930627]}, "properties": {}}, {"type": "Feature", "geometry": {"type": "Point", "coordinates": [-97.54997403737167, 35.60161629105481]}, "properties": {}}, {"type": "Feature", "geometry": {"type": "Point", "coordinates": [-97.55040454117758, 35.601626161603654]}, "properties": {}}, {"type": "Feature", "geometry": {"type": "Point", "coordinates": [-97.55076623509419, 35.60160994627274]}, "properties": {}}, {"type": "Feature", "geometry": {"type": "Point", "coordinates": [-97.55128929890016, 35.601609724408455]}, "properties": {}}, {"type": "Feature", "geometry": {"type": "Point", "coordinates": [-97.55168518280092, 35.60161478905347]}, "properties": {}}, {"type": "Feature", "geometry": {"type": "Point", "coordinates": [-97.55221650687004, 35.60164096746147]}, "properties": {}}, {"type": "Feature", "geometry": {"type": "Point", "coordinates": [-97.55238437585146, 35.60139957209512]}, "properties": {}}, {"type": "Feature", "geometry": {"type": "Point", "coordinates": [-97.55288045948616, 35.601590445309284]}, "properties": {}}, {"type": "Feature", "geometry": {"type": "Point", "coordinates": [-97.55343394019572, 35.601684282650425]}, "properties": {}}, {"type": "Feature", "geometry": {"type": "Point", "coordinates": [-97.55396281139446, 35.60172802586668]}, "properties": {}}, {"type": "Feature", "geometry": {"type": "Point", "coordinates": [-97.55400426793649, 35.60153395385954]}, "properties": {}}, {"type": "Feature", "geometry": {"type": "Point", "coordinates": [-97.55411404787431, 35.60115333015687]}, "properties": {}}, {"type": "Feature", "geometry": {"type": "Point", "coordinates": [-97.55384790964719, 35.6010457401129]}, "properties": {}}, {"type": "Feature", "geometry": {"type": "Point", "coordinates": [-97.55381988327501, 35.600825859771426]}, "properties": {}}, {"type": "Feature", "geometry": {"type": "Point", "coordinates": [-97.55414683362287, 35.600826262696565]}, "properties": {}}, {"type": "Feature", "geometry": {"type": "Point", "coordinates": [-97.55423475147285, 35.60044500619115]}, "properties": {}}, {"type": "Feature", "geometry": {"type": "Point", "coordinates": [-97.55421239692527, 35.60023311388365]}, "properties": {}}, {"type": "Feature", "geometry": {"type": "Point", "coordinates": [-97.55376193318479, 35.60048389116645]}, "properties": {}}, {"type": "Feature", "geometry": {"type": "Point", "coordinates": [-97.5537155001671, 35.60024745766346]}, "properties": {}}, {"type": "Feature", "geometry": {"type": "Point", "coordinates": [-97.55311754921351, 35.600227354545474]}, "properties": {}}, {"type": "Feature", "geometry": {"type": "Point", "coordinates": [-97.5532695192976, 35.60041858142219]}, "properties": {}}, {"type": "Feature", "geometry": {"type": "Point", "coordinates": [-97.55330761546986, 35.60082118873909]}, "properties": {}}, {"type": "Feature", "geometry": {"type": "Point", "coordinates": [-97.55329115034701, 35.60123622827619]}, "properties": {}}, {"type": "Feature", "geometry": {"type": "Point", "coordinates": [-97.55301683613291, 35.60108739780177]}, "properties": {}}, {"type": "Feature", "geometry": {"type": "Point", "coordinates": [-97.55254054400312, 35.60102571665426]}, "properties": {}}, {"type": "Feature", "geometry": {"type": "Point", "coordinates": [-97.55267676304281, 35.60072980775264]}, "properties": {}}, {"type": "Feature", "geometry": {"type": "Point", "coordinates": [-97.55225711648332, 35.60040625599698]}, "properties": {}}, {"type": "Feature", "geometry": {"type": "Point", "coordinates": [-97.55175163602631, 35.600570281979515]}, "properties": {}}, {"type": "Feature", "geometry": {"type": "Point", "coordinates": [-97.55150424520903, 35.600776761682965]}, "properties": {}}, {"type": "Feature", "geometry": {"type": "Point", "coordinates": [-97.55203489684672, 35.60074222531609]}, "properties": {}}, {"type": "Feature", "geometry": {"type": "Point", "coordinates": [-97.55189012765425, 35.601062826869]}, "properties": {}}, {"type": "Feature", "geometry": {"type": "Point", "coordinates": [-97.55150575279161, 35.60122373639591]}, "properties": {}}, {"type": "Feature", "geometry": {"type": "Point", "coordinates": [-97.5508809921332, 35.601244178949905]}, "properties": {}}, {"type": "Feature", "geometry": {"type": "Point", "coordinates": [-97.55105990561201, 35.60083497369483]}, "properties": {}}, {"type": "Feature", "geometry": {"type": "Point", "coordinates": [-97.55133476957388, 35.6002319027898]}, "properties": {}}, {"type": "Feature", "geometry": {"type": "Point", "coordinates": [-97.55073031975058, 35.600230993460556]}, "properties": {}}, {"type": "Feature", "geometry": {"type": "Point", "coordinates": [-97.55030295338679, 35.60026234377971]}, "properties": {}}, {"type": "Feature", "geometry": {"type": "Point", "coordinates": [-97.55001774822107, 35.60025604502617]}, "properties": {}}, {"type": "Feature", "geometry": {"type": "Point", "coordinates": [-97.54974642854792, 35.60035171910889]}, "properties": {}}, {"type": "Feature", "geometry": {"type": "Point", "coordinates": [-97.54980120705812, 35.60065659066169]}, "properties": {}}, {"type": "Feature", "geometry": {"type": "Point", "coordinates": [-97.55006907477986, 35.60057683672537]}, "properties": {}}, {"type": "Feature", "geometry": {"type": "Point", "coordinates": [-97.5524161916956, 35.59576327193816]}, "properties": {}}, {"type": "Feature", "geometry": {"type": "Point", "coordinates": [-97.55251296781232, 35.596196868445126]}, "properties": {}}, {"type": "Feature", "geometry": {"type": "Point", "coordinates": [-97.5528783108691, 35.59612571763339]}, "properties": {}}, {"type": "Feature", "geometry": {"type": "Point", "coordinates": [-97.55287182686999, 35.59566498831312]}, "properties": {}}, {"type": "Feature", "geometry": {"type": "Point", "coordinates": [-97.55276936446138, 35.59534482927355]}, "properties": {}}, {"type": "Feature", "geometry": {"type": "Point", "coordinates": [-97.55345552281554, 35.59516417106267]}, "properties": {}}, {"type": "Feature", "geometry": {"type": "Point", "coordinates": [-97.55339998959214, 35.5954691762461]}, "properties": {}}, {"type": "Feature", "geometry": {"type": "Point", "coordinates": [-97.55343687109894, 35.59578853857443]}, "properties": {}}, {"type": "Feature", "geometry": {"type": "Point", "coordinates": [-97.55338702131725, 35.59615922275233]}, "properties": {}}, {"type": "Feature", "geometry": {"type": "Point", "coordinates": [-97.5534472600504, 35.59651191400575]}, "properties": {}}, {"type": "Feature", "geometry": {"type": "Point", "coordinates": [-97.55345871841438, 35.59698584811952]}, "properties": {}}, {"type": "Feature", "geometry": {"type": "Point", "coordinates": [-97.55295971881613, 35.59689935855135]}, "properties": {}}, {"type": "Feature", "geometry": {"type": "Point", "coordinates": [-97.55270973728983, 35.59726956453574]}, "properties": {}}, {"type": "Feature", "geometry": {"type": "Point", "coordinates": [-97.55305564343746, 35.59736536877701]}, "properties": {}}, {"type": "Feature", "geometry": {"type": "Point", "coordinates": [-97.55349908964574, 35.59728297112329]}, "properties": {}}, {"type": "Feature", "geometry": {"type": "Point", "coordinates": [-97.55322628702905, 35.59782341821048]}, "properties": {}}, {"type": "Feature", "geometry": {"type": "Point", "coordinates": [-97.55286991011194, 35.59809267728989]}, "properties": {}}, {"type": "Feature", "geometry": {"type": "Point", "coordinates": [-97.55282448007505, 35.59779828222254]}, "properties": {}}, {"type": "Feature", "geometry": {"type": "Point", "coordinates": [-97.55220547748551, 35.59751875983565]}, "properties": {}}, {"type": "Feature", "geometry": {"type": "Point", "coordinates": [-97.5522476846309, 35.597906822352456]}, "properties": {}}, {"type": "Feature", "geometry": {"type": "Point", "coordinates": [-97.55182961014788, 35.59796293781648]}, "properties": {}}, {"type": "Feature", "geometry": {"type": "Point", "coordinates": [-97.55139774735856, 35.5978994970272]}, "properties": {}}, {"type": "Feature", "geometry": {"type": "Point", "coordinates": [-97.55141681368893, 35.59750205027631]}, "properties": {}}, {"type": "Feature", "geometry": {"type": "Point", "coordinates": [-97.55181920561256, 35.597423349828915]}, "properties": {}}, {"type": "Feature", "geometry": {"type": "Point", "coordinates": [-97.53608271141574, 35.581331433036475]}, "properties": {}}, {"type": "Feature", "geometry": {"type": "Point", "coordinates": [-97.53607447530722, 35.58158963687059]}, "properties": {}}, {"type": "Feature", "geometry": {"type": "Point", "coordinates": [-97.53611352438605, 35.581812861592894]}, "properties": {}}, {"type": "Feature", "geometry": {"type": "Point", "coordinates": [-97.53637765822482, 35.58178806886818]}, "properties": {}}, {"type": "Feature", "geometry": {"type": "Point", "coordinates": [-97.53668423895677, 35.58140493168392]}, "properties": {}}, {"type": "Feature", "geometry": {"type": "Point", "coordinates": [-97.53658787808229, 35.58178147098407]}, "properties": {}}, {"type": "Feature", "geometry": {"type": "Point", "coordinates": [-97.53686517741235, 35.581805629056774]}, "properties": {}}, {"type": "Feature", "geometry": {"type": "Point", "coordinates": [-97.53712539443113, 35.58141461738025]}, "properties": {}}, {"type": "Feature", "geometry": {"type": "Point", "coordinates": [-97.53713502392763, 35.58178140580918]}, "properties": {}}, {"type": "Feature", "geometry": {"type": "Point", "coordinates": [-97.53735861006547, 35.58178941927261]}, "properties": {}}, {"type": "Feature", "geometry": {"type": "Point", "coordinates": [-97.53762250801068, 35.5818050060336]}, "properties": {}}, {"type": "Feature", "geometry": {"type": "Point", "coordinates": [-97.53788424051542, 35.58178816729378]}, "properties": {}}, {"type": "Feature", "geometry": {"type": "Point", "coordinates": [-97.53789148205804, 35.581526387600235]}, "properties": {}}, {"type": "Feature", "geometry": {"type": "Point", "coordinates": [-97.53737842068634, 35.581448843785445]}, "properties": {}}, {"type": "Feature", "geometry": {"type": "Point", "coordinates": [-97.53784841102298, 35.58130012575109]}, "properties": {}}, {"type": "Feature", "geometry": {"type": "Point", "coordinates": [-97.53738182515882, 35.58126864111842]}, "properties": {}}, {"type": "Feature", "geometry": {"type": "Point", "coordinates": [-97.53784016149059, 35.58109982362147]}, "properties": {}}, {"type": "Feature", "geometry": {"type": "Point", "coordinates": [-97.53740436702775, 35.58103631631303]}, "properties": {}}, {"type": "Feature", "geometry": {"type": "Point", "coordinates": [-97.53787271989661, 35.58087962514537]}, "properties": {}}, {"type": "Feature", "geometry": {"type": "Point", "coordinates": [-97.53746357940128, 35.58080111123865]}, "properties": {}}, {"type": "Feature", "geometry": {"type": "Point", "coordinates": [-97.5378597479308, 35.58062408503283]}, "properties": {}}, {"type": "Feature", "geometry": {"type": "Point", "coordinates": [-97.53743459450858, 35.58058149803691]}, "properties": {}}, {"type": "Feature", "geometry": {"type": "Point", "coordinates": [-97.53783515828056, 35.58040036733681]}, "properties": {}}, {"type": "Feature", "geometry": {"type": "Point", "coordinates": [-97.53737844808302, 35.580406283054664]}, "properties": {}}, {"type": "Feature", "geometry": {"type": "Point", "coordinates": [-97.53710015451217, 35.58043816570946]}, "properties": {}}, {"type": "Feature", "geometry": {"type": "Point", "coordinates": [-97.53682865724402, 35.58040029572503]}, "properties": {}}, {"type": "Feature", "geometry": {"type": "Point", "coordinates": [-97.54845240686507, 35.59072530770605]}, "properties": {}}, {"type": "Feature", "geometry": {"type": "Point", "coordinates": [-97.54844388223519, 35.59121839681221]}, "properties": {}}, {"type": "Feature", "geometry": {"type": "Point", "coordinates": [-97.54883497086865, 35.59134790117081]}, "properties": {}}, {"type": "Feature", "geometry": {"type": "Point", "coordinates": [-97.6188867430681, 35.58081512087417]}, "properties": {}}, {"type": "Feature", "geometry": {"type": "Point", "coordinates": [-97.61817737598426, 35.5807746582981]}, "properties": {}}, {"type": "Feature", "geometry": {"type": "Point", "coordinates": [-97.61946228261122, 35.58043235889233]}, "properties": {}}, {"type": "Feature", "geometry": {"type": "Point", "coordinates": [-97.61823812699598, 35.58044958649167]}, "properties": {}}, {"type": "Feature", "geometry": {"type": "Point", "coordinates": [-97.61774847316448, 35.58045460562059]}, "properties": {}}, {"type": "Feature", "geometry": {"type": "Point", "coordinates": [-97.61759082040354, 35.58072030102146]}, "properties": {}}, {"type": "Feature", "geometry": {"type": "Point", "coordinates": [-97.61816032830909, 35.58117239590354]}, "properties": {}}, {"type": "Feature", "geometry": {"type": "Point", "coordinates": [-97.61850949002825, 35.5810125322265]}, "properties": {}}, {"type": "Feature", "geometry": {"type": "Point", "coordinates": [-97.61883508738835, 35.581347360355146]}, "properties": {}}, {"type": "Feature", "geometry": {"type": "Point", "coordinates": [-97.61914321079661, 35.58104972833656]}, "properties": {}}, {"type": "Feature", "geometry": {"type": "Point", "coordinates": [-97.61937103577068, 35.58136693474115]}, "properties": {}}, {"type": "Feature", "geometry": {"type": "Point", "coordinates": [-97.62009054306613, 35.581398082354156]}, "properties": {}}, {"type": "Feature", "geometry": {"type": "Point", "coordinates": [-97.62033665253459, 35.58105794259371]}, "properties": {}}, {"type": "Feature", "geometry": {"type": "Point", "coordinates": [-97.62111412428182, 35.59317029698759]}, "properties": {}}, {"type": "Feature", "geometry": {"type": "Point", "coordinates": [-97.62118138470981, 35.59324221297608]}, "properties": {}}, {"type": "Feature", "geometry": {"type": "Point", "coordinates": [-97.62112353041415, 35.59331345528938]}, "properties": {}}, {"type": "Feature", "geometry": {"type": "Point", "coordinates": [-97.62116729754366, 35.59337485656891]}, "properties": {}}, {"type": "Feature", "geometry": {"type": "Point", "coordinates": [-97.62111277890517, 35.593451878769336]}, "properties": {}}, {"type": "Feature", "geometry": {"type": "Point", "coordinates": [-97.62251450306422, 35.59326870652716]}, "properties": {}}, {"type": "Feature", "geometry": {"type": "Point", "coordinates": [-97.62258859609598, 35.593318665965874]}, "properties": {}}, {"type": "Feature", "geometry": {"type": "Point", "coordinates": [-97.62264934643339, 35.59327462904932]}, "properties": {}}, {"type": "Feature", "geometry": {"type": "Point", "coordinates": [-97.6227099601094, 35.593330039980756]}, "properties": {}}, {"type": "Feature", "geometry": {"type": "Point", "coordinates": [-97.6227781885517, 35.59326954364907]}, "properties": {}}, {"type": "Feature", "geometry": {"type": "Point", "coordinates": [-97.62282268904777, 35.59331830942969]}, "properties": {}}, {"type": "Feature", "geometry": {"type": "Point", "coordinates": [-97.62291336739162, 35.59327546693629]}, "properties": {}}, {"type": "Feature", "geometry": {"type": "Point", "coordinates": [-97.62299403060825, 35.59335841313639]}, "properties": {}}, {"type": "Feature", "geometry": {"type": "Point", "coordinates": [-97.62306895939308, 35.59330343225212]}, "properties": {}}, {"type": "Feature", "geometry": {"type": "Point", "coordinates": [-97.63676481289623, 35.564851726621264]}, "properties": {}}, {"type": "Feature", "geometry": {"type": "Point", "coordinates": [-97.63714622924329, 35.564158403830824]}, "properties": {}}, {"type": "Feature", "geometry": {"type": "Point", "coordinates": [-97.63719407498166, 35.56398877376185]}, "properties": {}}, {"type": "Feature", "geometry": {"type": "Point", "coordinates": [-97.63722058963266, 35.563704795743014]}, "properties": {}}, {"type": "Feature", "geometry": {"type": "Point", "coordinates": [-97.6372002960115, 35.56351078279958]}, "properties": {}}, {"type": "Feature", "geometry": {"type": "Point", "coordinates": [-97.63699538608539, 35.563692020528315]}, "properties": {}}, {"type": "Feature", "geometry": {"type": "Point", "coordinates": [-97.63636010456761, 35.56402358617125]}, "properties": {}}, {"type": "Feature", "geometry": {"type": "Point", "coordinates": [-97.64295237113448, 35.555630604671265]}, "properties": {}}, {"type": "Feature", "geometry": {"type": "Point", "coordinates": [-97.64295177028107, 35.55576411587208]}, "properties": {}}, {"type": "Feature", "geometry": {"type": "Point", "coordinates": [-97.6430990150141, 35.55576455829342]}, "properties": {}}, {"type": "Feature", "geometry": {"type": "Point", "coordinates": [-97.64331145622509, 35.55576986684901]}, "properties": {}}, {"type": "Feature", "geometry": {"type": "Point", "coordinates": [-97.64345334296048, 35.55576562218276]}, "properties": {}}, {"type": "Feature", "geometry": {"type": "Point", "coordinates": [-97.64343203121935, 35.555645506207995]}, "properties": {}}, {"type": "Feature", "geometry": {"type": "Point", "coordinates": [-97.64345506273513, 35.55538294498609]}, "properties": {}}, {"type": "Feature", "geometry": {"type": "Point", "coordinates": [-97.64328062930993, 35.555373356047006]}, "properties": {}}, {"type": "Feature", "geometry": {"type": "Point", "coordinates": [-97.64314985861334, 35.55537296333171]}, "properties": {}}, {"type": "Feature", "geometry": {"type": "Point", "coordinates": [-97.6429592486371, 35.55537239065624]}, "properties": {}}, {"type": "Feature", "geometry": {"type": "Point", "coordinates": [-97.61858017631677, 35.51729564646856]}, "properties": {}}, {"type": "Feature", "geometry": {"type": "Point", "coordinates": [-97.61847901714957, 35.517299442270854]}, "properties": {}}, {"type": "Feature", "geometry": {"type": "Point", "coordinates": [-97.61825971509313, 35.51713555441952]}, "properties": {}}, {"type": "Feature", "geometry": {"type": "Point", "coordinates": [-97.61843561363139, 35.51717155815727]}, "properties": {}}, {"type": "Feature", "geometry": {"type": "Point", "coordinates": [-97.6181854018673, 35.51735618930145]}, "properties": {}}, {"type": "Feature", "geometry": {"type": "Point", "coordinates": [-97.61812964369766, 35.51735188924275]}, "properties": {}}, {"type": "Feature", "geometry": {"type": "Point", "coordinates": [-97.6182259411641, 35.51731099121037]}, "properties": {}}, {"type": "Feature", "geometry": {"type": "Point", "coordinates": [-97.61815537896045, 35.51731076433478]}, "properties": {}}, {"type": "Feature", "geometry": {"type": "Point", "coordinates": [-97.61815954426385, 35.517492641245916]}, "properties": {}}, {"type": "Feature", "geometry": {"type": "Point", "coordinates": [-97.61831632326148, 35.51752199063183]}, "properties": {}}, {"type": "Feature", "geometry": {"type": "Point", "coordinates": [-97.61841718425435, 35.51758028040265]}, "properties": {}}, {"type": "Feature", "geometry": {"type": "Point", "coordinates": [-97.61841750252965, 35.517514074265414]}, "properties": {}}, {"type": "Feature", "geometry": {"type": "Point", "coordinates": [-97.61856366574744, 35.51758487177324]}, "properties": {}}, {"type": "Feature", "geometry": {"type": "Point", "coordinates": [-97.61856396409861, 35.517522786338354]}, "properties": {}}, {"type": "Feature", "geometry": {"type": "Point", "coordinates": [-97.61856956003828, 35.51740714795754]}, "properties": {}}, {"type": "Feature", "geometry": {"type": "Point", "coordinates": [-97.61849360154757, 35.517411024716175]}, "properties": {}}, {"type": "Feature", "geometry": {"type": "Point", "coordinates": [-97.61852969729023, 35.51724163946016]}, "properties": {}}, {"type": "Feature", "geometry": {"type": "Point", "coordinates": [-97.61844399488008, 35.517245484884725]}, "properties": {}}, {"type": "Feature", "geometry": {"type": "Point", "coordinates": [-97.55219587121526, 35.5966585766179]}, "properties": {}}, {"type": "Feature", "geometry": {"type": "Point", "coordinates": [-97.5520300326869, 35.59701865827796]}, "properties": {}}, {"type": "Feature", "geometry": {"type": "Point", "coordinates": [-97.55159556687671, 35.5969406486346]}, "properties": {}}, {"type": "Feature", "geometry": {"type": "Point", "coordinates": [-97.55159770659768, 35.59644341448437]}, "properties": {}}, {"type": "Feature", "geometry": {"type": "Point", "coordinates": [-97.55170544616553, 35.5958295472845]}, "properties": {}}, {"type": "Feature", "geometry": {"type": "Point", "coordinates": [-97.55198428195936, 35.596186360510536]}, "properties": {}}, {"type": "Feature", "geometry": {"type": "Point", "coordinates": [-97.55691091024656, 35.59514743248023]}, "properties": {}}, {"type": "Feature", "geometry": {"type": "Point", "coordinates": [-97.55689962661123, 35.59566193944092]}, "properties": {}}, {"type": "Feature", "geometry": {"type": "Point", "coordinates": [-97.55664534716051, 35.59554148856707]}, "properties": {}}, {"type": "Feature", "geometry": {"type": "Point", "coordinates": [-97.55636044119271, 35.59566514776383]}, "properties": {}}, {"type": "Feature", "geometry": {"type": "Point", "coordinates": [-97.55664686356295, 35.59575165417709]}, "properties": {}}, {"type": "Feature", "geometry": {"type": "Point", "coordinates": [-97.55690430108363, 35.596029257285366]}, "properties": {}}, {"type": "Feature", "geometry": {"type": "Point", "coordinates": [-97.55664836638462, 35.59590385477094]}, "properties": {}}, {"type": "Feature", "geometry": {"type": "Point", "coordinates": [-97.55636342222938, 35.59603410781218]}, "properties": {}}, {"type": "Feature", "geometry": {"type": "Point", "coordinates": [-97.55664887310934, 35.59611401661548]}, "properties": {}}, {"type": "Feature", "geometry": {"type": "Point", "coordinates": [-97.55686156341625, 35.59645436335228]}, "properties": {}}, {"type": "Feature", "geometry": {"type": "Point", "coordinates": [-97.55659851234996, 35.59657892930189]}, "properties": {}}, {"type": "Feature", "geometry": {"type": "Point", "coordinates": [-97.55686712971281, 35.59666207176666]}, "properties": {}}, {"type": "Feature", "geometry": {"type": "Point", "coordinates": [-97.55688150611853, 35.596918438628336]}, "properties": {}}, {"type": "Feature", "geometry": {"type": "Point", "coordinates": [-97.55670157169864, 35.59691557033935]}, "properties": {}}, {"type": "Feature", "geometry": {"type": "Point", "coordinates": [-97.55687010619455, 35.59715273188809]}, "properties": {}}, {"type": "Feature", "geometry": {"type": "Point", "coordinates": [-97.5566037681171, 35.59726299986155]}, "properties": {}}, {"type": "Feature", "geometry": {"type": "Point", "coordinates": [-97.55687332228308, 35.59735960774529]}, "properties": {}}, {"type": "Feature", "geometry": {"type": "Point", "coordinates": [-97.55619823707592, 35.596581556299974]}, "properties": {}}, {"type": "Feature", "geometry": {"type": "Point", "coordinates": [-97.55621044680726, 35.59692417671637]}, "properties": {}}, {"type": "Feature", "geometry": {"type": "Point", "coordinates": [-97.55620685551094, 35.59726536544694]}, "properties": {}}, {"type": "Feature", "geometry": {"type": "Point", "coordinates": [-97.55692296194769, 35.5978062118887]}, "properties": {}}, {"type": "Feature", "geometry": {"type": "Point", "coordinates": [-97.5567202089614, 35.59779364341735]}, "properties": {}}, {"type": "Feature", "geometry": {"type": "Point", "coordinates": [-97.55644927495196, 35.597702799319364]}, "properties": {}}, {"type": "Feature", "geometry": {"type": "Point", "coordinates": [-97.55645044047523, 35.59791543591704]}, "properties": {}}, {"type": "Feature", "geometry": {"type": "Point", "coordinates": [-97.55692603932428, 35.59815841334267]}, "properties": {}}, {"type": "Feature", "geometry": {"type": "Point", "coordinates": [-97.55673930704447, 35.59816788213318]}, "properties": {}}, {"type": "Feature", "geometry": {"type": "Point", "coordinates": [-97.55645229182466, 35.598065440426495]}, "properties": {}}, {"type": "Feature", "geometry": {"type": "Point", "coordinates": [-97.55645446444035, 35.5982783556815]}, "properties": {}}, {"type": "Feature", "geometry": {"type": "Point", "coordinates": [-97.55686125031467, 35.59861695328925]}, "properties": {}}, {"type": "Feature", "geometry": {"type": "Point", "coordinates": [-97.55640277747163, 35.598619090047414]}, "properties": {}}, {"type": "Feature", "geometry": {"type": "Point", "coordinates": [-97.55585051808625, 35.59512781564084]}, "properties": {}}, {"type": "Feature", "geometry": {"type": "Point", "coordinates": [-97.55542772528227, 35.595128707382834]}, "properties": {}}, {"type": "Feature", "geometry": {"type": "Point", "coordinates": [-97.55458511445117, 35.59513956376781]}, "properties": {}}, {"type": "Feature", "geometry": {"type": "Point", "coordinates": [-97.55416367751572, 35.59513853360309]}, "properties": {}}, {"type": "Feature", "geometry": {"type": "Point", "coordinates": [-97.55421108006166, 35.59556122963717]}, "properties": {}}, {"type": "Feature", "geometry": {"type": "Point", "coordinates": [-97.55421717966296, 35.595792566208594]}, "properties": {}}, {"type": "Feature", "geometry": {"type": "Point", "coordinates": [-97.55405735975893, 35.59598152369312]}, "properties": {}}, {"type": "Feature", "geometry": {"type": "Point", "coordinates": [-97.55407376554093, 35.596174438288394]}, "properties": {}}, {"type": "Feature", "geometry": {"type": "Point", "coordinates": [-97.554224819206, 35.59640796705644]}, "properties": {}}, {"type": "Feature", "geometry": {"type": "Point", "coordinates": [-97.55419814313152, 35.596665827905795]}, "properties": {}}, {"type": "Feature", "geometry": {"type": "Point", "coordinates": [-97.55425079103392, 35.597172882667316]}, "properties": {}}, {"type": "Feature", "geometry": {"type": "Point", "coordinates": [-97.55426887179114, 35.597546569110854]}, "properties": {}}, {"type": "Feature", "geometry": {"type": "Point", "coordinates": [-97.55429558958882, 35.59787990389394]}, "properties": {}}, {"type": "Feature", "geometry": {"type": "Point", "coordinates": [-97.55453455292339, 35.598272549922065]}, "properties": {}}, {"type": "Feature", "geometry": {"type": "Point", "coordinates": [-97.55461120832318, 35.59857805097057]}, "properties": {}}, {"type": "Feature", "geometry": {"type": "Point", "coordinates": [-97.5553123322383, 35.598432051883734]}, "properties": {}}, {"type": "Feature", "geometry": {"type": "Point", "coordinates": [-97.55572961308755, 35.598397624719496]}, "properties": {}}, {"type": "Feature", "geometry": {"type": "Point", "coordinates": [-97.55568444010399, 35.598055429934334]}, "properties": {}}, {"type": "Feature", "geometry": {"type": "Point", "coordinates": [-97.55565425702832, 35.59773938946248]}, "properties": {}}, {"type": "Feature", "geometry": {"type": "Point", "coordinates": [-97.55527313765222, 35.59762395583902]}, "properties": {}}, {"type": "Feature", "geometry": {"type": "Point", "coordinates": [-97.55520410833317, 35.59733771408563]}, "properties": {}}, {"type": "Feature", "geometry": {"type": "Point", "coordinates": [-97.55519449661197, 35.59695252183892]}, "properties": {}}, {"type": "Feature", "geometry": {"type": "Point", "coordinates": [-97.55551192263795, 35.59702898202643]}, "properties": {}}, {"type": "Feature", "geometry": {"type": "Point", "coordinates": [-97.55565270206526, 35.59669627378645]}, "properties": {}}, {"type": "Feature", "geometry": {"type": "Point", "coordinates": [-97.55527980837543, 35.59661438698301]}, "properties": {}}, {"type": "Feature", "geometry": {"type": "Point", "coordinates": [-97.55519477913077, 35.59630253686237]}, "properties": {}}, {"type": "Feature", "geometry": {"type": "Point", "coordinates": [-97.55525805996776, 35.595994263764425]}, "properties": {}}, {"type": "Feature", "geometry": {"type": "Point", "coordinates": [-97.55563698265183, 35.59590007818503]}, "properties": {}}, {"type": "Feature", "geometry": {"type": "Point", "coordinates": [-97.55555724159645, 35.59554456797032]}, "properties": {}}, {"type": "Feature", "geometry": {"type": "Point", "coordinates": [-97.55518151706544, 35.59566870943868]}, "properties": {}}, {"type": "Feature", "geometry": {"type": "Point", "coordinates": [-97.55467995614453, 35.59562012923527]}, "properties": {}}, {"type": "Feature", "geometry": {"type": "Point", "coordinates": [-97.55472255806208, 35.59594006147319]}, "properties": {}}, {"type": "Feature", "geometry": {"type": "Point", "coordinates": [-97.55472823260138, 35.596307108288535]}, "properties": {}}, {"type": "Feature", "geometry": {"type": "Point", "coordinates": [-97.55482415306675, 35.59659592333039]}, "properties": {}}, {"type": "Feature", "geometry": {"type": "Point", "coordinates": [-97.55489008414348, 35.597134345316526]}, "properties": {}}, {"type": "Feature", "geometry": {"type": "Point", "coordinates": [-97.55474750483984, 35.597487375848566]}, "properties": {}}, {"type": "Feature", "geometry": {"type": "Point", "coordinates": [-97.55471866549587, 35.59783121627193]}, "properties": {}}, {"type": "Feature", "geometry": {"type": "Point", "coordinates": [-97.55498017283448, 35.59786323845954]}, "properties": {}}, {"type": "Feature", "geometry": {"type": "Point", "coordinates": [-97.55526580129572, 35.59803243577943]}, "properties": {}}, {"type": "Feature", "geometry": {"type": "Point", "coordinates": [-97.56594540875474, 35.595845038025274]}, "properties": {}}, {"type": "Feature", "geometry": {"type": "Point", "coordinates": [-97.56593752266686, 35.595934017931164]}, "properties": {}}, {"type": "Feature", "geometry": {"type": "Point", "coordinates": [-97.55049551931499, 35.599343586409404]}, "properties": {}}, {"type": "Feature", "geometry": {"type": "Point", "coordinates": [-97.55048391247169, 35.60109432983335]}, "properties": {}}, {"type": "Feature", "geometry": {"type": "Point", "coordinates": [-97.55490270401809, 35.59560502929061]}, "properties": {}}, {"type": "Feature", "geometry": {"type": "Point", "coordinates": [-97.55470530053586, 35.59721634381577]}, "properties": {}}, {"type": "Feature", "geometry": {"type": "Point", "coordinates": [-97.5549427715834, 35.59595709533142]}, "properties": {}}, {"type": "Feature", "geometry": {"type": "Point", "coordinates": [-97.55500945203315, 35.597260888941]}, "properties": {}}, {"type": "Feature", "geometry": {"type": "Point", "coordinates": [-97.59345771634017, 35.595272003476374]}, "properties": {}}, {"type": "Feature", "geometry": {"type": "Point", "coordinates": [-97.59371206159487, 35.59519320476457]}, "properties": {}}, {"type": "Feature", "geometry": {"type": "Point", "coordinates": [-97.59316302776206, 35.59508473557957]}, "properties": {}}, {"type": "Feature", "geometry": {"type": "Point", "coordinates": [-97.59263870012367, 35.59507772035424]}, "properties": {}}, {"type": "Feature", "geometry": {"type": "Point", "coordinates": [-97.59211432060374, 35.595080592682315]}, "properties": {}}, {"type": "Feature", "geometry": {"type": "Point", "coordinates": [-97.59163229258928, 35.59521986783984]}, "properties": {}}, {"type": "Feature", "geometry": {"type": "Point", "coordinates": [-97.592033424579, 35.595375912298124]}, "properties": {}}, {"type": "Feature", "geometry": {"type": "Point", "coordinates": [-97.59259282717225, 35.595430302343246]}, "properties": {}}, {"type": "Feature", "geometry": {"type": "Point", "coordinates": [-97.59313682563949, 35.59560276595783]}, "properties": {}}, {"type": "Feature", "geometry": {"type": "Point", "coordinates": [-97.59356616020727, 35.59583527402369]}, "properties": {}}, {"type": "Feature", "geometry": {"type": "Point", "coordinates": [-97.5940509064772, 35.59582209498402]}, "properties": {}}, {"type": "Feature", "geometry": {"type": "Point", "coordinates": [-97.5882354627467, 35.59503754899437]}, "properties": {}}, {"type": "Feature", "geometry": {"type": "Point", "coordinates": [-97.58825360187545, 35.595171674997616]}, "properties": {}}, {"type": "Feature", "geometry": {"type": "Point", "coordinates": [-97.5883018491226, 35.59533722301152]}, "properties": {}}, {"type": "Feature", "geometry": {"type": "Point", "coordinates": [-97.58838426400308, 35.59533531014245]}, "properties": {}}, {"type": "Feature", "geometry": {"type": "Point", "coordinates": [-97.58830634208698, 35.59518449490738]}, "properties": {}}, {"type": "Feature", "geometry": {"type": "Point", "coordinates": [-97.58830876258187, 35.59504219856772]}, "properties": {}}, {"type": "Feature", "geometry": {"type": "Point", "coordinates": [-97.58849205617565, 35.595045030652464]}, "properties": {}}, {"type": "Feature", "geometry": {"type": "Point", "coordinates": [-97.58875880679481, 35.595039635669565]}, "properties": {}}, {"type": "Feature", "geometry": {"type": "Point", "coordinates": [-97.58877394384275, 35.595104246884425]}, "properties": {}}, {"type": "Feature", "geometry": {"type": "Point", "coordinates": [-97.58852770852509, 35.595109987819576]}, "properties": {}}, {"type": "Feature", "geometry": {"type": "Point", "coordinates": [-97.58846249283206, 35.59549189655813]}, "properties": {}}, {"type": "Feature", "geometry": {"type": "Point", "coordinates": [-97.58862703446742, 35.59547900509334]}, "properties": {}}, {"type": "Feature", "geometry": {"type": "Point", "coordinates": [-97.5887636348473, 35.59547068641051]}, "properties": {}}, {"type": "Feature", "geometry": {"type": "Point", "coordinates": [-97.58872226451517, 35.59553537702092]}, "properties": {}}, {"type": "Feature", "geometry": {"type": "Point", "coordinates": [-97.5886005084374, 35.5955349556817]}, "properties": {}}, {"type": "Feature", "geometry": {"type": "Point", "coordinates": [-97.588465171813, 35.59555893696646]}, "properties": {}}, {"type": "Feature", "geometry": {"type": "Point", "coordinates": [-97.58895144291263, 35.59551117019576]}, "properties": {}}, {"type": "Feature", "geometry": {"type": "Point", "coordinates": [-97.58892065825864, 35.59528579457262]}, "properties": {}}, {"type": "Feature", "geometry": {"type": "Point", "coordinates": [-97.58899465316513, 35.59528605044979]}, "properties": {}}, {"type": "Feature", "geometry": {"type": "Point", "coordinates": [-97.58901234229117, 35.595507259997675]}, "properties": {}}, {"type": "Feature", "geometry": {"type": "Point", "coordinates": [-97.58926913517928, 35.59560649735851]}, "properties": {}}, {"type": "Feature", "geometry": {"type": "Point", "coordinates": [-97.58925304771198, 35.59553034438705]}, "properties": {}}, {"type": "Feature", "geometry": {"type": "Point", "coordinates": [-97.5892652408541, 35.59544906966763]}, "properties": {}}, {"type": "Feature", "geometry": {"type": "Point", "coordinates": [-97.58919940640314, 35.595366976413146]}, "properties": {}}, {"type": "Feature", "geometry": {"type": "Point", "coordinates": [-97.58923820013732, 35.595280024356754]}, "properties": {}}, {"type": "Feature", "geometry": {"type": "Point", "coordinates": [-97.58903624325939, 35.595113945395845]}, "properties": {}}, {"type": "Feature", "geometry": {"type": "Point", "coordinates": [-97.58923334996574, 35.59511242841722]}, "properties": {}}, {"type": "Feature", "geometry": {"type": "Point", "coordinates": [-97.58921612138516, 35.595062095756006]}, "properties": {}}, {"type": "Feature", "geometry": {"type": "Point", "coordinates": [-97.58902014440613, 35.59504026463874]}, "properties": {}}, {"type": "Feature", "geometry": {"type": "Point", "coordinates": [-97.5896008577398, 35.59507056759398]}, "properties": {}}, {"type": "Feature", "geometry": {"type": "Point", "coordinates": [-97.58962666311082, 35.59528356351201]}, "properties": {}}, {"type": "Feature", "geometry": {"type": "Point", "coordinates": [-97.58961789632701, 35.5953527626635]}, "properties": {}}, {"type": "Feature", "geometry": {"type": "Point", "coordinates": [-97.58959084111063, 35.595446073537346]}, "properties": {}}, {"type": "Feature", "geometry": {"type": "Point", "coordinates": [-97.58959792542133, 35.595507085861115]}, "properties": {}}, {"type": "Feature", "geometry": {"type": "Point", "coordinates": [-97.58959208165304, 35.595596349191865]}, "properties": {}}, {"type": "Feature", "geometry": {"type": "Point", "coordinates": [-97.58981961225683, 35.595500708198685]}, "properties": {}}, {"type": "Feature", "geometry": {"type": "Point", "coordinates": [-97.58986439802094, 35.595295647670376]}, "properties": {}}, {"type": "Feature", "geometry": {"type": "Point", "coordinates": [-97.58994649898467, 35.59528933786064]}, "properties": {}}, {"type": "Feature", "geometry": {"type": "Point", "coordinates": [-97.58990469340644, 35.59550347405028]}, "properties": {}}, {"type": "Feature", "geometry": {"type": "Point", "coordinates": [-97.5901284769247, 35.59554682727034]}, "properties": {}}, {"type": "Feature", "geometry": {"type": "Point", "coordinates": [-97.59024587522458, 35.595544484837575]}, "properties": {}}, {"type": "Feature", "geometry": {"type": "Point", "coordinates": [-97.59039105745553, 35.5955677873936]}, "properties": {}}, {"type": "Feature", "geometry": {"type": "Point", "coordinates": [-97.59040144711568, 35.595509857417206]}, "properties": {}}, {"type": "Feature", "geometry": {"type": "Point", "coordinates": [-97.59027667557407, 35.595507229115206]}, "properties": {}}, {"type": "Feature", "geometry": {"type": "Point", "coordinates": [-97.5901234757854, 35.59547318583396]}, "properties": {}}, {"type": "Feature", "geometry": {"type": "Point", "coordinates": [-97.63547259305633, 35.59502614256223]}, "properties": {}}, {"type": "Feature", "geometry": {"type": "Point", "coordinates": [-97.63484419785303, 35.59497531434935]}, "properties": {}}, {"type": "Feature", "geometry": {"type": "Point", "coordinates": [-97.63485692968068, 35.595497318508905]}, "properties": {}}, {"type": "Feature", "geometry": {"type": "Point", "coordinates": [-97.63543334248526, 35.5955161206586]}, "properties": {}}, {"type": "Feature", "geometry": {"type": "Point", "coordinates": [-97.63530561244829, 35.59571764654405]}, "properties": {}}, {"type": "Feature", "geometry": {"type": "Point", "coordinates": [-97.63490568979547, 35.595791692313995]}, "properties": {}}, {"type": "Feature", "geometry": {"type": "Point", "coordinates": [-97.63542815203104, 35.5961331223744]}, "properties": {}}, {"type": "Feature", "geometry": {"type": "Point", "coordinates": [-97.63510848312819, 35.59616263537807]}, "properties": {}}, {"type": "Feature", "geometry": {"type": "Point", "coordinates": [-97.63463195547266, 35.59614523742289]}, "properties": {}}, {"type": "Feature", "geometry": {"type": "Point", "coordinates": [-97.62123403169115, 35.596232967779486]}, "properties": {}}, {"type": "Feature", "geometry": {"type": "Point", "coordinates": [-97.62123676353603, 35.595097564149555]}, "properties": {}}, {"type": "Feature", "geometry": {"type": "Point", "coordinates": [-97.62163545747853, 35.595071636999634]}, "properties": {}}, {"type": "Feature", "geometry": {"type": "Point", "coordinates": [-97.62175492833909, 35.59533931849648]}, "properties": {}}, {"type": "Feature", "geometry": {"type": "Point", "coordinates": [-97.62133936203153, 35.59537673082527]}, "properties": {}}, {"type": "Feature", "geometry": {"type": "Point", "coordinates": [-97.62120456116764, 35.59564277880401]}, "properties": {}}, {"type": "Feature", "geometry": {"type": "Point", "coordinates": [-97.62159510348759, 35.59563385778567]}, "properties": {}}, {"type": "Feature", "geometry": {"type": "Point", "coordinates": [-97.62224786449757, 35.595370555249104]}, "properties": {}}, {"type": "Feature", "geometry": {"type": "Point", "coordinates": [-97.61841410706916, 35.5627442611351]}, "properties": {}}, {"type": "Feature", "geometry": {"type": "Point", "coordinates": [-97.6179883276043, 35.56263355463915]}, "properties": {}}, {"type": "Feature", "geometry": {"type": "Point", "coordinates": [-97.61806264840763, 35.56262967279594]}, "properties": {}}, {"type": "Feature", "geometry": {"type": "Point", "coordinates": [-97.6179880048229, 35.562700584625794]}, "properties": {}}, {"type": "Feature", "geometry": {"type": "Point", "coordinates": [-97.61806231642895, 35.56269862613995]}, "properties": {}}, {"type": "Feature", "geometry": {"type": "Point", "coordinates": [-97.61799254120471, 35.562805816765625]}, "properties": {}}, {"type": "Feature", "geometry": {"type": "Point", "coordinates": [-97.61806180854235, 35.56280411605895]}, "properties": {}}, {"type": "Feature", "geometry": {"type": "Point", "coordinates": [-97.61799655952562, 35.562878904867134]}, "properties": {}}, {"type": "Feature", "geometry": {"type": "Point", "coordinates": [-97.61806650109433, 35.56287693232816]}, "properties": {}}, {"type": "Feature", "geometry": {"type": "Point", "coordinates": [-97.61781958264831, 35.562626967825125]}, "properties": {}}, {"type": "Feature", "geometry": {"type": "Point", "coordinates": [-97.61774291856543, 35.56262864459356]}, "properties": {}}, {"type": "Feature", "geometry": {"type": "Point", "coordinates": [-97.61781337759147, 35.56286815085864]}, "properties": {}}, {"type": "Feature", "geometry": {"type": "Point", "coordinates": [-97.61775388899521, 35.562863838722485]}, "properties": {}}, {"type": "Feature", "geometry": {"type": "Point", "coordinates": [-97.61781078019942, 35.56291869134707]}, "properties": {}}, {"type": "Feature", "geometry": {"type": "Point", "coordinates": [-97.61775093638863, 35.5629184988378]}, "properties": {}}, {"type": "Feature", "geometry": {"type": "Point", "coordinates": [-97.617815461946, 35.562993704074906]}, "properties": {}}, {"type": "Feature", "geometry": {"type": "Point", "coordinates": [-97.61775057501889, 35.56299349534399]}, "properties": {}}, {"type": "Feature", "geometry": {"type": "Point", "coordinates": [-97.61781254776176, 35.56304039677068]}, "properties": {}}, {"type": "Feature", "geometry": {"type": "Point", "coordinates": [-97.61775034998867, 35.563040196689634]}, "properties": {}}, {"type": "Feature", "geometry": {"type": "Point", "coordinates": [-97.61782651072382, 35.56321269026459]}, "properties": {}}, {"type": "Feature", "geometry": {"type": "Point", "coordinates": [-97.61776228609816, 35.56321440705785]}, "properties": {}}, {"type": "Feature", "geometry": {"type": "Point", "coordinates": [-97.61783629380606, 35.56327563288711]}, "properties": {}}, {"type": "Feature", "geometry": {"type": "Point", "coordinates": [-97.61775427055599, 35.56327317075552]}, "properties": {}}, {"type": "Feature", "geometry": {"type": "Point", "coordinates": [-97.61783350187444, 35.56336655576418]}, "properties": {}}, {"type": "Feature", "geometry": {"type": "Point", "coordinates": [-97.61775147720587, 35.563364368524795]}, "properties": {}}, {"type": "Feature", "geometry": {"type": "Point", "coordinates": [-97.61783555269268, 35.563429472615276]}, "properties": {}}, {"type": "Feature", "geometry": {"type": "Point", "coordinates": [-97.61775117407703, 35.5634272778046]}, "properties": {}}, {"type": "Feature", "geometry": {"type": "Point", "coordinates": [-97.61781502325692, 35.563573359566305]}, "properties": {}}, {"type": "Feature", "geometry": {"type": "Point", "coordinates": [-97.61781948640753, 35.56362392186463]}, "properties": {}}, {"type": "Feature", "geometry": {"type": "Point", "coordinates": [-97.61775764313498, 35.56361987705659]}, "properties": {}}, {"type": "Feature", "geometry": {"type": "Point", "coordinates": [-97.61775790787325, 35.563564934296494]}, "properties": {}}, {"type": "Feature", "geometry": {"type": "Point", "coordinates": [-97.61781917406554, 35.56368875450203]}, "properties": {}}, {"type": "Feature", "geometry": {"type": "Point", "coordinates": [-97.61782383601347, 35.56376788793754]}, "properties": {}}, {"type": "Feature", "geometry": {"type": "Point", "coordinates": [-97.61775458636022, 35.563765742692595]}, "properties": {}}, {"type": "Feature", "geometry": {"type": "Point", "coordinates": [-97.61775735986548, 35.563678665629716]}, "properties": {}}, {"type": "Feature", "geometry": {"type": "Point", "coordinates": [-97.61831293604352, 35.56371671477894]}, "properties": {}}, {"type": "Feature", "geometry": {"type": "Point", "coordinates": [-97.61830997322221, 35.56377357135752]}, "properties": {}}, {"type": "Feature", "geometry": {"type": "Point", "coordinates": [-97.61824778544728, 35.56377117418695]}, "properties": {}}, {"type": "Feature", "geometry": {"type": "Point", "coordinates": [-97.61824804852374, 35.563716506319686]}, "properties": {}}, {"type": "Feature", "geometry": {"type": "Point", "coordinates": [-97.61816399565822, 35.5637162362367]}, "properties": {}}, {"type": "Feature", "geometry": {"type": "Point", "coordinates": [-97.61816842973175, 35.563773116582574]}, "properties": {}}, {"type": "Feature", "geometry": {"type": "Point", "coordinates": [-97.618074281328, 35.56377473738016]}, "properties": {}}, {"type": "Feature", "geometry": {"type": "Point", "coordinates": [-97.61806957019577, 35.563705767824466]}, "properties": {}}, {"type": "Feature", "geometry": {"type": "Point", "coordinates": [-97.6179838390186, 35.56356566090869]}, "properties": {}}, {"type": "Feature", "geometry": {"type": "Point", "coordinates": [-97.61806320247214, 35.563562069272]}, "properties": {}}, {"type": "Feature", "geometry": {"type": "Point", "coordinates": [-97.61805846226211, 35.56349914378029]}, "properties": {}}, {"type": "Feature", "geometry": {"type": "Point", "coordinates": [-97.6179740835662, 35.56349694912792]}, "properties": {}}, {"type": "Feature", "geometry": {"type": "Point", "coordinates": [-97.61838770160215, 35.56313125478191]}, "properties": {}}, {"type": "Feature", "geometry": {"type": "Point", "coordinates": [-97.61849726014941, 35.563490388558314]}, "properties": {}}, {"type": "Feature", "geometry": {"type": "Point", "coordinates": [-97.6184969866738, 35.56354725467717]}, "properties": {}}, {"type": "Feature", "geometry": {"type": "Point", "coordinates": [-97.61855946862414, 35.563488665795994]}, "properties": {}}, {"type": "Feature", "geometry": {"type": "Point", "coordinates": [-97.56622346259648, 35.53075051309242]}, "properties": {}}, {"type": "Feature", "geometry": {"type": "Point", "coordinates": [-97.56807981899725, 35.533180024964715]}, "properties": {}}, {"type": "Feature", "geometry": {"type": "Point", "coordinates": [-97.56807947361649, 35.53324348385659]}, "properties": {}}, {"type": "Feature", "geometry": {"type": "Point", "coordinates": [-97.56808085945676, 35.53329760879633]}, "properties": {}}, {"type": "Feature", "geometry": {"type": "Point", "coordinates": [-97.5680787365025, 35.533378917925134]}, "properties": {}}, {"type": "Feature", "geometry": {"type": "Point", "coordinates": [-97.56808001170423, 35.53345337144963]}, "properties": {}}, {"type": "Feature", "geometry": {"type": "Point", "coordinates": [-97.56808273826046, 35.53350832506003]}, "properties": {}}, {"type": "Feature", "geometry": {"type": "Point", "coordinates": [-97.56808112543396, 35.53355749362211]}, "properties": {}}, {"type": "Feature", "geometry": {"type": "Point", "coordinates": [-97.56807915049293, 35.53361160634071]}, "properties": {}}, {"type": "Feature", "geometry": {"type": "Point", "coordinates": [-97.56807549515416, 35.533665712948626]}, "properties": {}}, {"type": "Feature", "geometry": {"type": "Point", "coordinates": [-97.56807521555949, 35.533717083746446]}, "properties": {}}, {"type": "Feature", "geometry": {"type": "Point", "coordinates": [-97.56806482367182, 35.53377391304104]}, "properties": {}}, {"type": "Feature", "geometry": {"type": "Point", "coordinates": [-97.5682648183094, 35.533275476349196]}, "properties": {}}, {"type": "Feature", "geometry": {"type": "Point", "coordinates": [-97.56834587294894, 35.53326478131181]}, "properties": {}}, {"type": "Feature", "geometry": {"type": "Point", "coordinates": [-97.56824761541347, 35.533410574764176]}, "properties": {}}, {"type": "Feature", "geometry": {"type": "Point", "coordinates": [-97.56846783459724, 35.53339516686918]}, "properties": {}}, {"type": "Feature", "geometry": {"type": "Point", "coordinates": [-97.56855222023474, 35.533389979063664]}, "properties": {}}, {"type": "Feature", "geometry": {"type": "Point", "coordinates": [-97.56854946134582, 35.533279257859185]}, "properties": {}}, {"type": "Feature", "geometry": {"type": "Point", "coordinates": [-97.56825419398119, 35.533683944461295]}, "properties": {}}, {"type": "Feature", "geometry": {"type": "Point", "coordinates": [-97.56853548515902, 35.53368634022301]}, "properties": {}}, {"type": "Feature", "geometry": {"type": "Point", "coordinates": [-97.56854457118556, 35.533560551628426]}, "properties": {}}, {"type": "Feature", "geometry": {"type": "Point", "coordinates": [-97.56872532396652, 35.53375735780038]}, "properties": {}}, {"type": "Feature", "geometry": {"type": "Point", "coordinates": [-97.56873521556464, 35.533668934009185]}, "properties": {}}, {"type": "Feature", "geometry": {"type": "Point", "coordinates": [-97.56873112206284, 35.533618096228864]}, "properties": {}}, {"type": "Feature", "geometry": {"type": "Point", "coordinates": [-97.56872478267614, 35.53354774510194]}, "properties": {}}, {"type": "Feature", "geometry": {"type": "Point", "coordinates": [-97.56874387757271, 35.53343545476223]}, "properties": {}}, {"type": "Feature", "geometry": {"type": "Point", "coordinates": [-97.56874583076598, 35.53338546273251]}, "properties": {}}, {"type": "Feature", "geometry": {"type": "Point", "coordinates": [-97.56873572862563, 35.533327185376535]}, "properties": {}}, {"type": "Feature", "geometry": {"type": "Point", "coordinates": [-97.56875152090166, 35.53320416920472]}, "properties": {}}, {"type": "Feature", "geometry": {"type": "Point", "coordinates": [-97.63988945752315, 35.46378918393416]}, "properties": {}}, {"type": "Feature", "geometry": {"type": "Point", "coordinates": [-97.63992561503657, 35.46366484632773]}, "properties": {}}, {"type": "Feature", "geometry": {"type": "Point", "coordinates": [-97.63996249674122, 35.46352897333719]}, "properties": {}}, {"type": "Feature", "geometry": {"type": "Point", "coordinates": [-97.64001094799971, 35.46335906981057]}, "properties": {}}, {"type": "Feature", "geometry": {"type": "Point", "coordinates": [-97.64004448777919, 35.463219615699465]}, "properties": {}}, {"type": "Feature", "geometry": {"type": "Point", "coordinates": [-97.6400890343483, 35.46309640218177]}, "properties": {}}, {"type": "Feature", "geometry": {"type": "Point", "coordinates": [-97.6401259156533, 35.46296025424719]}, "properties": {}}, {"type": "Feature", "geometry": {"type": "Point", "coordinates": [-97.64017475945872, 35.46277771559231]}, "properties": {}}, {"type": "Feature", "geometry": {"type": "Point", "coordinates": [-97.64013865623602, 35.46244574750706]}, "properties": {}}, {"type": "Feature", "geometry": {"type": "Point", "coordinates": [-97.65946624192603, 35.46216350869932]}, "properties": {}}, {"type": "Feature", "geometry": {"type": "Point", "coordinates": [-97.6605320884191, 35.46222507682831]}, "properties": {}}, {"type": "Feature", "geometry": {"type": "Point", "coordinates": [-97.66112361399975, 35.462175396028115]}, "properties": {}}, {"type": "Feature", "geometry": {"type": "Point", "coordinates": [-97.66205654447356, 35.46230332752243]}, "properties": {}}, {"type": "Feature", "geometry": {"type": "Point", "coordinates": [-97.66078662483135, 35.4638730100465]}, "properties": {}}, {"type": "Feature", "geometry": {"type": "Point", "coordinates": [-97.66158314465942, 35.463866767800475]}, "properties": {}}, {"type": "Feature", "geometry": {"type": "Point", "coordinates": [-97.65964354508233, 35.462160995301595]}, "properties": {}}, {"type": "Feature", "geometry": {"type": "Point", "coordinates": [-97.66038948032502, 35.462201592762526]}, "properties": {}}, {"type": "Feature", "geometry": {"type": "Point", "coordinates": [-97.6612874426766, 35.462183005672486]}, "properties": {}}, {"type": "Feature", "geometry": {"type": "Point", "coordinates": [-97.66205595016697, 35.46220635028871]}, "properties": {}}, {"type": "Feature", "geometry": {"type": "Point", "coordinates": [-97.66100389340156, 35.463870059044304]}, "properties": {}}, {"type": "Feature", "geometry": {"type": "Point", "coordinates": [-97.66138409371369, 35.463849991881226]}, "properties": {}}, {"type": "Feature", "geometry": {"type": "Point", "coordinates": [-97.65974258766947, 35.462164301394786]}, "properties": {}}, {"type": "Feature", "geometry": {"type": "Point", "coordinates": [-97.66026026575568, 35.462187212162654]}, "properties": {}}, {"type": "Feature", "geometry": {"type": "Point", "coordinates": [-97.66142544759148, 35.462183399500795]}, "properties": {}}, {"type": "Feature", "geometry": {"type": "Point", "coordinates": [-97.66205634054366, 35.4621145961982]}, "properties": {}}, {"type": "Feature", "geometry": {"type": "Point", "coordinates": [-97.66099582941634, 35.46379256642665]}, "properties": {}}, {"type": "Feature", "geometry": {"type": "Point", "coordinates": [-97.661384515325, 35.46375109505728]}, "properties": {}}, {"type": "Feature", "geometry": {"type": "Point", "coordinates": [-97.65988044079974, 35.46220013486343]}, "properties": {}}, {"type": "Feature", "geometry": {"type": "Point", "coordinates": [-97.66012226083996, 35.462186816979326]}, "properties": {}}, {"type": "Feature", "geometry": {"type": "Point", "coordinates": [-97.66157182822576, 35.46218821270352]}, "properties": {}}, {"type": "Feature", "geometry": {"type": "Point", "coordinates": [-97.66205676130876, 35.462015699379904]}, "properties": {}}, {"type": "Feature", "geometry": {"type": "Point", "coordinates": [-97.6610046168089, 35.46370056051856]}, "properties": {}}, {"type": "Feature", "geometry": {"type": "Point", "coordinates": [-97.66138490648875, 35.46365934006111]}, "properties": {}}, {"type": "Feature", "geometry": {"type": "Point", "coordinates": [-97.66206557649491, 35.46191682556636]}, "properties": {}}, {"type": "Feature", "geometry": {"type": "Point", "coordinates": [-97.66101416529038, 35.46358767903295]}, "properties": {}}, {"type": "Feature", "geometry": {"type": "Point", "coordinates": [-97.66139405759205, 35.46356046814679]}, "properties": {}}, {"type": "Feature", "geometry": {"type": "Point", "coordinates": [-97.66206596685905, 35.461825071477065]}, "properties": {}}, {"type": "Feature", "geometry": {"type": "Point", "coordinates": [-97.6610055512539, 35.46348161358348]}, "properties": {}}, {"type": "Feature", "geometry": {"type": "Point", "coordinates": [-97.56874410776628, 35.53326952492286]}, "properties": {}}, {"type": "Feature", "geometry": {"type": "Point", "coordinates": [-97.56847421309784, 35.533272940324366]}, "properties": {}}, {"type": "Feature", "geometry": {"type": "Point", "coordinates": [-97.56834178746246, 35.53339800582421]}, "properties": {}}, {"type": "Feature", "geometry": {"type": "Point", "coordinates": [-97.56615213621966, 35.5345762646182]}, "properties": {}}, {"type": "Feature", "geometry": {"type": "Point", "coordinates": [-97.5661591580327, 35.534644420096086]}, "properties": {}}, {"type": "Feature", "geometry": {"type": "Point", "coordinates": [-97.56616487818859, 35.53470460506403]}, "properties": {}}, {"type": "Feature", "geometry": {"type": "Point", "coordinates": [-97.56614851834694, 35.53474630197995]}, "properties": {}}, {"type": "Feature", "geometry": {"type": "Point", "coordinates": [-97.56615093173177, 35.534796584823354]}, "properties": {}}, {"type": "Feature", "geometry": {"type": "Point", "coordinates": [-97.62226242499435, 35.59506758690679]}, "properties": {}}, {"type": "Feature", "geometry": {"type": "Point", "coordinates": [-97.6226438333771, 35.595422636716044]}, "properties": {}}, {"type": "Feature", "geometry": {"type": "Point", "coordinates": [-97.62262362949136, 35.59514483148931]}, "properties": {}}, {"type": "Feature", "geometry": {"type": "Point", "coordinates": [-97.62294515436548, 35.5950788208]}, "properties": {}}, {"type": "Feature", "geometry": {"type": "Point", "coordinates": [-97.6230191099743, 35.5953702565584]}, "properties": {}}, {"type": "Feature", "geometry": {"type": "Point", "coordinates": [-97.62349437140215, 35.595440443314644]}, "properties": {}}, {"type": "Feature", "geometry": {"type": "Point", "coordinates": [-97.6234918244445, 35.59512670592102]}, "properties": {}}, {"type": "Feature", "geometry": {"type": "Point", "coordinates": [-97.62161759734482, 35.59620644266763]}, "properties": {}}, {"type": "Feature", "geometry": {"type": "Point", "coordinates": [-97.62152152782548, 35.59653222848534]}, "properties": {}}, {"type": "Feature", "geometry": {"type": "Point", "coordinates": [-97.62120717664754, 35.596503480455276]}, "properties": {}}, {"type": "Feature", "geometry": {"type": "Point", "coordinates": [-97.6212101444966, 35.59693836924151]}, "properties": {}}, {"type": "Feature", "geometry": {"type": "Point", "coordinates": [-97.6215357339079, 35.596938582536005]}, "properties": {}}, {"type": "Feature", "geometry": {"type": "Point", "coordinates": [-97.62195630881551, 35.59684019764185]}, "properties": {}}, {"type": "Feature", "geometry": {"type": "Point", "coordinates": [-97.62239386129342, 35.5969904859872]}, "properties": {}}, {"type": "Feature", "geometry": {"type": "Point", "coordinates": [-97.62234382710453, 35.59676121140939]}, "properties": {}}, {"type": "Feature", "geometry": {"type": "Point", "coordinates": [-97.62223252453059, 35.59633119789094]}, "properties": {}}, {"type": "Feature", "geometry": {"type": "Point", "coordinates": [-97.62207801337544, 35.596075492898095]}, "properties": {}}, {"type": "Feature", "geometry": {"type": "Point", "coordinates": [-97.62243762447866, 35.59613487628935]}, "properties": {}}, {"type": "Feature", "geometry": {"type": "Point", "coordinates": [-97.62288773235164, 35.596544262417424]}, "properties": {}}, {"type": "Feature", "geometry": {"type": "Point", "coordinates": [-97.62298036696752, 35.596798396516114]}, "properties": {}}, {"type": "Feature", "geometry": {"type": "Point", "coordinates": [-97.62329387463122, 35.596721919605145]}, "properties": {}}, {"type": "Feature", "geometry": {"type": "Point", "coordinates": [-97.62324085959607, 35.59641159412684]}, "properties": {}}, {"type": "Feature", "geometry": {"type": "Point", "coordinates": [-97.6222128133498, 35.59580916993516]}, "properties": {}}, {"type": "Feature", "geometry": {"type": "Point", "coordinates": [-97.62253972416154, 35.595884107478305]}, "properties": {}}, {"type": "Feature", "geometry": {"type": "Point", "coordinates": [-97.62300634365283, 35.59593311508057]}, "properties": {}}, {"type": "Feature", "geometry": {"type": "Point", "coordinates": [-97.62329121416747, 35.595936765405014]}, "properties": {}}, {"type": "Feature", "geometry": {"type": "Point", "coordinates": [-97.62128683359448, 35.5960227017583]}, "properties": {}}, {"type": "Feature", "geometry": {"type": "Point", "coordinates": [-97.62114179325556, 35.601881165133314]}, "properties": {}}, {"type": "Feature", "geometry": {"type": "Point", "coordinates": [-97.6216300132755, 35.60206321026201]}, "properties": {}}, {"type": "Feature", "geometry": {"type": "Point", "coordinates": [-97.62114967262312, 35.60234409119685]}, "properties": {}}, {"type": "Feature", "geometry": {"type": "Point", "coordinates": [-97.6210871259502, 35.602691960082964]}, "properties": {}}, {"type": "Feature", "geometry": {"type": "Point", "coordinates": [-97.6212235554657, 35.60300310125185]}, "properties": {}}, {"type": "Feature", "geometry": {"type": "Point", "coordinates": [-97.62175735049487, 35.60258805311598]}, "properties": {}}, {"type": "Feature", "geometry": {"type": "Point", "coordinates": [-97.62182419046724, 35.60303221133965]}, "properties": {}}, {"type": "Feature", "geometry": {"type": "Point", "coordinates": [-97.62229555584504, 35.60258784097409]}, "properties": {}}, {"type": "Feature", "geometry": {"type": "Point", "coordinates": [-97.62212995927987, 35.60303208407185]}, "properties": {}}, {"type": "Feature", "geometry": {"type": "Point", "coordinates": [-97.62260593848305, 35.603031673604946]}, "properties": {}}, {"type": "Feature", "geometry": {"type": "Point", "coordinates": [-97.62239619305979, 35.60229283870712]}, "properties": {}}, {"type": "Feature", "geometry": {"type": "Point", "coordinates": [-97.62228790876803, 35.602004314671625]}, "properties": {}}, {"type": "Feature", "geometry": {"type": "Point", "coordinates": [-97.62258042180677, 35.6016788780708]}, "properties": {}}, {"type": "Feature", "geometry": {"type": "Point", "coordinates": [-97.62233087489707, 35.601528638141346]}, "properties": {}}, {"type": "Feature", "geometry": {"type": "Point", "coordinates": [-97.62205933911032, 35.601334373779764]}, "properties": {}}, {"type": "Feature", "geometry": {"type": "Point", "coordinates": [-97.6212057707872, 35.601374512260904]}, "properties": {}}, {"type": "Feature", "geometry": {"type": "Point", "coordinates": [-97.6227393579369, 35.60178514904696]}, "properties": {}}, {"type": "Feature", "geometry": {"type": "Point", "coordinates": [-97.64055271974809, 35.595330617843196]}, "properties": {}}, {"type": "Feature", "geometry": {"type": "Point", "coordinates": [-97.64077463881789, 35.595791442113615]}, "properties": {}}, {"type": "Feature", "geometry": {"type": "Point", "coordinates": [-97.641185952895, 35.59572592743705]}, "properties": {}}, {"type": "Feature", "geometry": {"type": "Point", "coordinates": [-97.64105636199714, 35.59515302334057]}, "properties": {}}, {"type": "Feature", "geometry": {"type": "Point", "coordinates": [-97.64149487786952, 35.59546807494092]}, "properties": {}}, {"type": "Feature", "geometry": {"type": "Point", "coordinates": [-97.6420831513377, 35.59554209908919]}, "properties": {}}, {"type": "Feature", "geometry": {"type": "Point", "coordinates": [-97.64203846277849, 35.595159555945884]}, "properties": {}}, {"type": "Feature", "geometry": {"type": "Point", "coordinates": [-97.64252048318309, 35.59544973614819]}, "properties": {}}, {"type": "Feature", "geometry": {"type": "Point", "coordinates": [-97.64320763749414, 35.59515125863226]}, "properties": {}}, {"type": "Feature", "geometry": {"type": "Point", "coordinates": [-97.6430519488317, 35.59536671964694]}, "properties": {}}, {"type": "Feature", "geometry": {"type": "Point", "coordinates": [-97.4407262550862, 35.59094167428552]}, "properties": {}}, {"type": "Feature", "geometry": {"type": "Point", "coordinates": [-97.44128954453792, 35.59085558814648]}, "properties": {}}, {"type": "Feature", "geometry": {"type": "Point", "coordinates": [-97.44173528739044, 35.59093625284273]}, "properties": {}}, {"type": "Feature", "geometry": {"type": "Point", "coordinates": [-97.44190960788208, 35.59092196184522]}, "properties": {}}, {"type": "Feature", "geometry": {"type": "Point", "coordinates": [-97.44221367360863, 35.590966520656]}, "properties": {}}, {"type": "Feature", "geometry": {"type": "Point", "coordinates": [-97.44247507179443, 35.590861154955654]}, "properties": {}}, {"type": "Feature", "geometry": {"type": "Point", "coordinates": [-97.44251991531098, 35.59070175247323]}, "properties": {}}, {"type": "Feature", "geometry": {"type": "Point", "coordinates": [-97.44254295206248, 35.5905345549849]}, "properties": {}}, {"type": "Feature", "geometry": {"type": "Point", "coordinates": [-97.44251249460774, 35.59041765589935]}, "properties": {}}, {"type": "Feature", "geometry": {"type": "Point", "coordinates": [-97.44248814375463, 35.59029336763394]}, "properties": {}}, {"type": "Feature", "geometry": {"type": "Point", "coordinates": [-97.44104704736674, 35.58994924192211]}, "properties": {}}, {"type": "Feature", "geometry": {"type": "Point", "coordinates": [-97.44134192471665, 35.58996079330379]}, "properties": {}}, {"type": "Feature", "geometry": {"type": "Point", "coordinates": [-97.44161236186704, 35.58990876760543]}, "properties": {}}, {"type": "Feature", "geometry": {"type": "Point", "coordinates": [-97.4418730593988, 35.589902575153744]}, "properties": {}}, {"type": "Feature", "geometry": {"type": "Point", "coordinates": [-97.44206849180136, 35.58994662328582]}, "properties": {}}, {"type": "Feature", "geometry": {"type": "Point", "coordinates": [-97.44253037972308, 35.58954797255046]}, "properties": {}}, {"type": "Feature", "geometry": {"type": "Point", "coordinates": [-97.44235386722812, 35.589539727615026]}, "properties": {}}, {"type": "Feature", "geometry": {"type": "Point", "coordinates": [-97.44221429709349, 35.58953907270482]}, "properties": {}}, {"type": "Feature", "geometry": {"type": "Point", "coordinates": [-97.44210675352977, 35.58943197584698]}, "properties": {}}, {"type": "Feature", "geometry": {"type": "Point", "coordinates": [-97.44195422517748, 35.589456534457696]}, "properties": {}}, {"type": "Feature", "geometry": {"type": "Point", "coordinates": [-97.4417896096031, 35.58943048680225]}, "properties": {}}, {"type": "Feature", "geometry": {"type": "Point", "coordinates": [-97.44166362178181, 35.58931588600081]}, "properties": {}}, {"type": "Feature", "geometry": {"type": "Point", "coordinates": [-97.44220987421194, 35.590167888013234]}, "properties": {}}, {"type": "Feature", "geometry": {"type": "Point", "coordinates": [-97.4423930429372, 35.59018633030542]}, "properties": {}}, {"type": "Feature", "geometry": {"type": "Point", "coordinates": [-97.56831216582971, 35.593831447579134]}, "properties": {}}, {"type": "Feature", "geometry": {"type": "Point", "coordinates": [-97.5683156657924, 35.59392981014067]}, "properties": {}}, {"type": "Feature", "geometry": {"type": "Point", "coordinates": [-97.56831125357526, 35.593999023600084]}, "properties": {}}, {"type": "Feature", "geometry": {"type": "Point", "coordinates": [-97.5683109350367, 35.59405753717483]}, "properties": {}}, {"type": "Feature", "geometry": {"type": "Point", "coordinates": [-97.56831457409098, 35.59413035085782]}, "properties": {}}, {"type": "Feature", "geometry": {"type": "Point", "coordinates": [-97.56865465038743, 35.594062356865116]}, "properties": {}}, {"type": "Feature", "geometry": {"type": "Point", "coordinates": [-97.56865429324903, 35.59412801316724]}, "properties": {}}, {"type": "Feature", "geometry": {"type": "Point", "coordinates": [-97.5686716030612, 35.594222853946285]}, "properties": {}}, {"type": "Feature", "geometry": {"type": "Point", "coordinates": [-97.56867124593612, 35.594288510248525]}, "properties": {}}, {"type": "Feature", "geometry": {"type": "Point", "coordinates": [-97.5686799494069, 35.59435804621255]}, "properties": {}}, {"type": "Feature", "geometry": {"type": "Point", "coordinates": [-97.56867957286023, 35.59442727432884]}, "properties": {}}, {"type": "Feature", "geometry": {"type": "Point", "coordinates": [-97.56755011096408, 35.585179415686646]}, "properties": {}}, {"type": "Feature", "geometry": {"type": "Point", "coordinates": [-97.56811102385657, 35.58592841713846]}, "properties": {}}, {"type": "Feature", "geometry": {"type": "Point", "coordinates": [-97.56811511232347, 35.586165788794986]}, "properties": {}}, {"type": "Feature", "geometry": {"type": "Point", "coordinates": [-97.5678119430632, 35.58650286659143]}, "properties": {}}, {"type": "Feature", "geometry": {"type": "Point", "coordinates": [-97.56804491874834, 35.587136392217914]}, "properties": {}}, {"type": "Feature", "geometry": {"type": "Point", "coordinates": [-97.56779235301957, 35.58713547403785]}, "properties": {}}, {"type": "Feature", "geometry": {"type": "Point", "coordinates": [-97.56808854682632, 35.58511544112601]}, "properties": {}}, {"type": "Feature", "geometry": {"type": "Point", "coordinates": [-97.567958213243, 35.58533446749517]}, "properties": {}}, {"type": "Feature", "geometry": {"type": "Point", "coordinates": [-97.56781075117283, 35.58567238609191]}, "properties": {}}, {"type": "Feature", "geometry": {"type": "Point", "coordinates": [-97.56819884009141, 35.58561225898357]}, "properties": {}}, {"type": "Feature", "geometry": {"type": "Point", "coordinates": [-97.56800943517139, 35.58580936908637]}, "properties": {}}, {"type": "Feature", "geometry": {"type": "Point", "coordinates": [-97.56820998153162, 35.586469149690366]}, "properties": {}}, {"type": "Feature", "geometry": {"type": "Point", "coordinates": [-97.56753476229937, 35.586945804904445]}, "properties": {}}, {"type": "Feature", "geometry": {"type": "Point", "coordinates": [-97.56821839883247, 35.58696147658989]}, "properties": {}}, {"type": "Feature", "geometry": {"type": "Point", "coordinates": [-97.56804364988997, 35.58736934963102]}, "properties": {}}, {"type": "Feature", "geometry": {"type": "Point", "coordinates": [-97.56811602190334, 35.585998763474784]}, "properties": {}}, {"type": "Feature", "geometry": {"type": "Point", "coordinates": [-97.5681094200985, 35.586222910146574]}, "properties": {}}, {"type": "Feature", "geometry": {"type": "Point", "coordinates": [-97.56747984994179, 35.58523630114996]}, "properties": {}}, {"type": "Feature", "geometry": {"type": "Point", "coordinates": [-97.5678758971136, 35.58562866797313]}, "properties": {}}, {"type": "Feature", "geometry": {"type": "Point", "coordinates": [-97.56805566334135, 35.58516367229643]}, "properties": {}}, {"type": "Feature", "geometry": {"type": "Point", "coordinates": [-97.56799582984817, 35.58528185877693]}, "properties": {}}, {"type": "Feature", "geometry": {"type": "Point", "coordinates": [-97.56814976556609, 35.585669222715325]}, "properties": {}}, {"type": "Feature", "geometry": {"type": "Point", "coordinates": [-97.56806852705684, 35.58576562885714]}, "properties": {}}, {"type": "Feature", "geometry": {"type": "Point", "coordinates": [-97.56787086914592, 35.586551431528875]}, "properties": {}}, {"type": "Feature", "geometry": {"type": "Point", "coordinates": [-97.56818848377803, 35.58652621272204]}, "properties": {}}, {"type": "Feature", "geometry": {"type": "Point", "coordinates": [-97.56809081256506, 35.586613767819145]}, "properties": {}}, {"type": "Feature", "geometry": {"type": "Point", "coordinates": [-97.56789533062035, 35.58699986269605]}, "properties": {}}, {"type": "Feature", "geometry": {"type": "Point", "coordinates": [-97.56817472852303, 35.58701406428862]}, "properties": {}}, {"type": "Feature", "geometry": {"type": "Point", "coordinates": [-97.56783561377074, 35.58709634602695]}, "properties": {}}, {"type": "Feature", "geometry": {"type": "Point", "coordinates": [-97.56811001678827, 35.587101464250786]}, "properties": {}}, {"type": "Feature", "geometry": {"type": "Point", "coordinates": [-97.56746839580723, 35.58733648870625]}, "properties": {}}, {"type": "Feature", "geometry": {"type": "Point", "coordinates": [-97.56807026714944, 35.58742219181993]}, "properties": {}}, {"type": "Feature", "geometry": {"type": "Point", "coordinates": [-97.56745947799139, 35.58699827730562]}, "properties": {}}, {"type": "Feature", "geometry": {"type": "Point", "coordinates": [-97.56746849017419, 35.585345873304625]}, "properties": {}}, {"type": "Feature", "geometry": {"type": "Point", "coordinates": [-97.56796452656847, 35.58516334103878]}, "properties": {}}, {"type": "Feature", "geometry": {"type": "Point", "coordinates": [-97.5680819447331, 35.58527805097914]}, "properties": {}}, {"type": "Feature", "geometry": {"type": "Point", "coordinates": [-97.56802600783361, 35.58566877297312]}, "properties": {}}, {"type": "Feature", "geometry": {"type": "Point", "coordinates": [-97.56805675703403, 35.58700044947033]}, "properties": {}}, {"type": "Feature", "geometry": {"type": "Point", "coordinates": [-97.56786427167225, 35.58572532705748]}, "properties": {}}, {"type": "Feature", "geometry": {"type": "Point", "coordinates": [-97.56813881459689, 35.585765884276164]}, "properties": {}}, {"type": "Feature", "geometry": {"type": "Point", "coordinates": [-97.56787572331903, 35.5866481505317]}, "properties": {}}, {"type": "Feature", "geometry": {"type": "Point", "coordinates": [-97.56809672026847, 35.58651708793453]}, "properties": {}}, {"type": "Feature", "geometry": {"type": "Point", "coordinates": [-97.56820919180092, 35.58661419794861]}, "properties": {}}, {"type": "Feature", "geometry": {"type": "Point", "coordinates": [-97.56746423580005, 35.587112577795594]}, "properties": {}}, {"type": "Feature", "geometry": {"type": "Point", "coordinates": [-97.56780351868665, 35.58699952886799]}, "properties": {}}, {"type": "Feature", "geometry": {"type": "Point", "coordinates": [-97.56792708929056, 35.587096678606834]}, "properties": {}}, {"type": "Feature", "geometry": {"type": "Point", "coordinates": [-97.56820658326072, 35.58709329955545]}, "properties": {}}, {"type": "Feature", "geometry": {"type": "Point", "coordinates": [-97.56800569579892, 35.587421957142254]}, "properties": {}}, {"type": "Feature", "geometry": {"type": "Point", "coordinates": [-97.56811568679568, 35.5860602990716]}, "properties": {}}, {"type": "Feature", "geometry": {"type": "Point", "coordinates": [-97.568109062544, 35.58628856644288]}, "properties": {}}, {"type": "Feature", "geometry": {"type": "Point", "coordinates": [-97.56752256001623, 35.585297994289405]}, "properties": {}}, {"type": "Feature", "geometry": {"type": "Point", "coordinates": [-97.56797401003811, 35.58737349219512]}, "properties": {}}, {"type": "Feature", "geometry": {"type": "Point", "coordinates": [-97.5680078834235, 35.5851063566022]}, "properties": {}}, {"type": "Feature", "geometry": {"type": "Point", "coordinates": [-97.56803890081345, 35.585339156459874]}, "properties": {}}, {"type": "Feature", "geometry": {"type": "Point", "coordinates": [-97.56781598964699, 35.58576031513444]}, "properties": {}}, {"type": "Feature", "geometry": {"type": "Point", "coordinates": [-97.56808584335813, 35.58561184839892]}, "properties": {}}, {"type": "Feature", "geometry": {"type": "Point", "coordinates": [-97.5681191769532, 35.58634574523278]}, "properties": {}}, {"type": "Feature", "geometry": {"type": "Point", "coordinates": [-97.56780027061413, 35.586608315958806]}, "properties": {}}, {"type": "Feature", "geometry": {"type": "Point", "coordinates": [-97.56814973890087, 35.58666233261835]}, "properties": {}}, {"type": "Feature", "geometry": {"type": "Point", "coordinates": [-97.56812125481636, 35.586952333177535]}, "properties": {}}, {"type": "Feature", "geometry": {"type": "Point", "coordinates": [-97.5678999229176, 35.58714465562284]}, "properties": {}}, {"type": "Feature", "geometry": {"type": "Point", "coordinates": [-97.56815251111558, 35.58714145287489]}, "properties": {}}, {"type": "Feature", "geometry": {"type": "Point", "coordinates": [-97.56752734626924, 35.587380658221576]}, "properties": {}}, {"type": "Feature", "geometry": {"type": "Point", "coordinates": [-97.56785761490367, 35.586946979213145]}, "properties": {}}, {"type": "Feature", "geometry": {"type": "Point", "coordinates": [-97.56752376136495, 35.58705125669007]}, "properties": {}}, {"type": "Feature", "geometry": {"type": "Point", "coordinates": [-97.56821952654843, 35.58576617752532]}, "properties": {}}, {"type": "Feature", "geometry": {"type": "Point", "coordinates": [-97.56801060254149, 35.586521170636665]}, "properties": {}}, {"type": "Feature", "geometry": {"type": "Point", "coordinates": [-97.56818463143983, 35.58618362411292]}, "properties": {}}, {"type": "Feature", "geometry": {"type": "Point", "coordinates": [-97.56818049490137, 35.585955042743215]}, "properties": {}}, {"type": "Feature", "geometry": {"type": "Point", "coordinates": [-97.56805432056514, 35.58645979271394]}, "properties": {}}, {"type": "Feature", "geometry": {"type": "Point", "coordinates": [-97.56817580793167, 35.585827555504316]}, "properties": {}}, {"type": "Feature", "geometry": {"type": "Point", "coordinates": [-97.56810047693938, 35.585827281779856]}, "properties": {}}, {"type": "Feature", "geometry": {"type": "Point", "coordinates": [-97.56817477880948, 35.58601655878936]}, "properties": {}}, {"type": "Feature", "geometry": {"type": "Point", "coordinates": [-97.56817358215304, 35.586236329422654]}, "properties": {}}, {"type": "Feature", "geometry": {"type": "Point", "coordinates": [-97.56813505826236, 35.58645569043159]}, "properties": {}}, {"type": "Feature", "geometry": {"type": "Point", "coordinates": [-97.56817980085215, 35.58608250953019]}, "properties": {}}, {"type": "Feature", "geometry": {"type": "Point", "coordinates": [-97.56816825191913, 35.58628878151327]}, "properties": {}}, {"type": "Feature", "geometry": {"type": "Point", "coordinates": [-97.5681742283454, 35.586117653821404]}, "properties": {}}, {"type": "Feature", "geometry": {"type": "Point", "coordinates": [-97.568178318508, 35.5863547505827]}, "properties": {}}, {"type": "Feature", "geometry": {"type": "Point", "coordinates": [-97.56811535168748, 35.58612183466848]}, "properties": {}}, {"type": "Feature", "geometry": {"type": "Point", "coordinates": [-97.56794933099444, 35.58696489446978]}, "properties": {}}, {"type": "Feature", "geometry": {"type": "Point", "coordinates": [-97.56802633898201, 35.58665748850232]}, "properties": {}}, {"type": "Feature", "geometry": {"type": "Point", "coordinates": [-97.56833218727108, 35.584654248132736]}, "properties": {}}, {"type": "Feature", "geometry": {"type": "Point", "coordinates": [-97.56817240050307, 35.5844152112811]}, "properties": {}}, {"type": "Feature", "geometry": {"type": "Point", "coordinates": [-97.56817561543521, 35.584318796510594]}, "properties": {}}, {"type": "Feature", "geometry": {"type": "Point", "coordinates": [-97.56833310992381, 35.58454656138496]}, "properties": {}}, {"type": "Feature", "geometry": {"type": "Point", "coordinates": [-97.56832254181336, 35.58432564933005]}, "properties": {}}, {"type": "Feature", "geometry": {"type": "Point", "coordinates": [-97.56833017004743, 35.584406993957934]}, "properties": {}}, {"type": "Feature", "geometry": {"type": "Point", "coordinates": [-97.56764659040859, 35.584323192257315]}, "properties": {}}, {"type": "Feature", "geometry": {"type": "Point", "coordinates": [-97.56778577983876, 35.58433029159221]}, "properties": {}}, {"type": "Feature", "geometry": {"type": "Point", "coordinates": [-97.56781321532442, 35.58441802645594]}, "properties": {}}, {"type": "Feature", "geometry": {"type": "Point", "coordinates": [-97.56765920845068, 35.58441444423588]}, "properties": {}}, {"type": "Feature", "geometry": {"type": "Point", "coordinates": [-97.56678142399814, 35.58072753732547]}, "properties": {}}, {"type": "Feature", "geometry": {"type": "Point", "coordinates": [-97.56669104689516, 35.58095824647436]}, "properties": {}}, {"type": "Feature", "geometry": {"type": "Point", "coordinates": [-97.56540034827435, 35.582252681036]}, "properties": {}}, {"type": "Feature", "geometry": {"type": "Point", "coordinates": [-97.56545835372704, 35.58240701143803]}, "properties": {}}, {"type": "Feature", "geometry": {"type": "Point", "coordinates": [-97.56676936463793, 35.580780514620685]}, "properties": {}}, {"type": "Feature", "geometry": {"type": "Point", "coordinates": [-97.56667854166889, 35.581092813958804]}, "properties": {}}, {"type": "Feature", "geometry": {"type": "Point", "coordinates": [-97.56536564396572, 35.58214184282727]}, "properties": {}}, {"type": "Feature", "geometry": {"type": "Point", "coordinates": [-97.56543520962155, 35.58233467524109]}, "properties": {}}, {"type": "Feature", "geometry": {"type": "Point", "coordinates": [-97.56667769965797, 35.58124692827733]}, "properties": {}}, {"type": "Feature", "geometry": {"type": "Point", "coordinates": [-97.56667159030305, 35.58131888267001]}, "properties": {}}, {"type": "Feature", "geometry": {"type": "Point", "coordinates": [-97.56667696420989, 35.58138153777442]}, "properties": {}}, {"type": "Feature", "geometry": {"type": "Point", "coordinates": [-97.56645949496166, 35.58136151434465]}, "properties": {}}, {"type": "Feature", "geometry": {"type": "Point", "coordinates": [-97.56644261859375, 35.581188379976396]}, "properties": {}}, {"type": "Feature", "geometry": {"type": "Point", "coordinates": [-97.56646708023014, 35.58101979118882]}, "properties": {}}, {"type": "Feature", "geometry": {"type": "Point", "coordinates": [-97.5363342975099, 35.58040386239831]}, "properties": {}}, {"type": "Feature", "geometry": {"type": "Point", "coordinates": [-97.53605430607475, 35.58043848317278]}, "properties": {}}, {"type": "Feature", "geometry": {"type": "Point", "coordinates": [-97.536078037244, 35.58069324080691]}, "properties": {}}, {"type": "Feature", "geometry": {"type": "Point", "coordinates": [-97.53646962081541, 35.58084091969322]}, "properties": {}}, {"type": "Feature", "geometry": {"type": "Point", "coordinates": [-97.53610530649439, 35.58091806804194]}, "properties": {}}, {"type": "Feature", "geometry": {"type": "Point", "coordinates": [-97.5367589694756, 35.58081649847581]}, "properties": {}}, {"type": "Feature", "geometry": {"type": "Point", "coordinates": [-97.56903282673524, 35.5943483374163]}, "properties": {}}, {"type": "Feature", "geometry": {"type": "Point", "coordinates": [-97.56912195583074, 35.59434866053877]}, "properties": {}}, {"type": "Feature", "geometry": {"type": "Point", "coordinates": [-97.56922052240166, 35.594345446814415]}, "properties": {}}, {"type": "Feature", "geometry": {"type": "Point", "coordinates": [-97.56930527846198, 35.594345753950954]}, "properties": {}}, {"type": "Feature", "geometry": {"type": "Point", "coordinates": [-97.56937223113853, 35.59434214974609]}, "properties": {}}, {"type": "Feature", "geometry": {"type": "Point", "coordinates": [-97.56903358069945, 35.59420960718936]}, "properties": {}}, {"type": "Feature", "geometry": {"type": "Point", "coordinates": [-97.56902922905502, 35.5941439329131]}, "properties": {}}, {"type": "Feature", "geometry": {"type": "Point", "coordinates": [-97.56903425404053, 35.59408571130159]}, "properties": {}}, {"type": "Feature", "geometry": {"type": "Point", "coordinates": [-97.5690165684538, 35.59399801118049]}, "properties": {}}, {"type": "Feature", "geometry": {"type": "Point", "coordinates": [-97.56901294855943, 35.5939213517088]}, "properties": {}}, {"type": "Feature", "geometry": {"type": "Point", "coordinates": [-97.56892384030411, 35.593855370981174]}, "properties": {}}, {"type": "Feature", "geometry": {"type": "Point", "coordinates": [-97.56891982532453, 35.593789697921615]}, "properties": {}}, {"type": "Feature", "geometry": {"type": "Point", "coordinates": [-97.56865851911925, 35.5933511224707]}, "properties": {}}, {"type": "Feature", "geometry": {"type": "Point", "coordinates": [-97.56859125272486, 35.59335087834858]}, "properties": {}}, {"type": "Feature", "geometry": {"type": "Point", "coordinates": [-97.56851122598012, 35.59334674198518]}, "properties": {}}, {"type": "Feature", "geometry": {"type": "Point", "coordinates": [-97.56843956678638, 35.59335032771274]}, "properties": {}}, {"type": "Feature", "geometry": {"type": "Point", "coordinates": [-97.5682880199403, 35.59332422800479]}, "properties": {}}, {"type": "Feature", "geometry": {"type": "Point", "coordinates": [-97.56828766249677, 35.59338988520683]}, "properties": {}}, {"type": "Feature", "geometry": {"type": "Point", "coordinates": [-97.5682920344273, 35.593451712802505]}, "properties": {}}, {"type": "Feature", "geometry": {"type": "Point", "coordinates": [-97.56829563156329, 35.59353221809789]}, "properties": {}}, {"type": "Feature", "geometry": {"type": "Point", "coordinates": [-97.56831321864962, 35.59363804958875]}, "properties": {}}, {"type": "Feature", "geometry": {"type": "Point", "coordinates": [-97.56831288216623, 35.5936998600836]}, "properties": {}}, {"type": "Feature", "geometry": {"type": "Point", "coordinates": [-97.56831252474649, 35.59376551638456]}, "properties": {}}, {"type": "Feature", "geometry": {"type": "Point", "coordinates": [-97.5370696127207, 35.58088886189599]}, "properties": {}}, {"type": "Feature", "geometry": {"type": "Point", "coordinates": [-97.53714073907165, 35.58109023368526]}, "properties": {}}, {"type": "Feature", "geometry": {"type": "Point", "coordinates": [-97.53688538906067, 35.581223851277024]}, "properties": {}}, {"type": "Feature", "geometry": {"type": "Point", "coordinates": [-97.53657521862635, 35.581185555115724]}, "properties": {}}, {"type": "Feature", "geometry": {"type": "Point", "coordinates": [-97.53610767467946, 35.581088128247494]}, "properties": {}}, {"type": "Feature", "geometry": {"type": "Point", "coordinates": [-97.53647132869872, 35.58141179323935]}, "properties": {}}, {"type": "Feature", "geometry": {"type": "Point", "coordinates": [-97.38976065700433, 35.5725265928157]}, "properties": {}}, {"type": "Feature", "geometry": {"type": "Point", "coordinates": [-97.38998284183968, 35.572493118530275]}, "properties": {}}, {"type": "Feature", "geometry": {"type": "Point", "coordinates": [-97.56787217602823, 35.577300264514136]}, "properties": {}}, {"type": "Feature", "geometry": {"type": "Point", "coordinates": [-97.56782952633763, 35.57741329388843]}, "properties": {}}, {"type": "Feature", "geometry": {"type": "Point", "coordinates": [-97.56680204782299, 35.578490847776585]}, "properties": {}}, {"type": "Feature", "geometry": {"type": "Point", "coordinates": [-97.56663574970425, 35.57846167090301]}, "properties": {}}, {"type": "Feature", "geometry": {"type": "Point", "coordinates": [-97.55038632074367, 35.57250939683564]}, "properties": {}}, {"type": "Feature", "geometry": {"type": "Point", "coordinates": [-97.61927681444841, 35.56617771442708]}, "properties": {}}, {"type": "Feature", "geometry": {"type": "Point", "coordinates": [-97.61936756659352, 35.566183774434336]}, "properties": {}}, {"type": "Feature", "geometry": {"type": "Point", "coordinates": [-97.61945417453572, 35.56621234743934]}, "properties": {}}, {"type": "Feature", "geometry": {"type": "Point", "coordinates": [-97.6195404748703, 35.56623515103809]}, "properties": {}}, {"type": "Feature", "geometry": {"type": "Point", "coordinates": [-97.61959830739994, 35.56623478640243]}, "properties": {}}, {"type": "Feature", "geometry": {"type": "Point", "coordinates": [-97.61967096884845, 35.566227052357725]}, "properties": {}}, {"type": "Feature", "geometry": {"type": "Point", "coordinates": [-97.61975640084697, 35.56622045782836]}, "properties": {}}, {"type": "Feature", "geometry": {"type": "Point", "coordinates": [-97.61984424735643, 35.566201233752075]}, "properties": {}}, {"type": "Feature", "geometry": {"type": "Point", "coordinates": [-97.61993750774593, 35.566174884078364]}, "properties": {}}, {"type": "Feature", "geometry": {"type": "Point", "coordinates": [-97.62003131746884, 35.56617408540728]}, "properties": {}}, {"type": "Feature", "geometry": {"type": "Point", "coordinates": [-97.62017779933943, 35.56619735587367]}, "properties": {}}, {"type": "Feature", "geometry": {"type": "Point", "coordinates": [-97.61918534021514, 35.56618236586007]}, "properties": {}}, {"type": "Feature", "geometry": {"type": "Point", "coordinates": [-97.53088183410613, 35.559187014264225]}, "properties": {}}, {"type": "Feature", "geometry": {"type": "Point", "coordinates": [-97.53088269018969, 35.55904224030979]}, "properties": {}}, {"type": "Feature", "geometry": {"type": "Point", "coordinates": [-97.53087935875995, 35.55886640692213]}, "properties": {}}, {"type": "Feature", "geometry": {"type": "Point", "coordinates": [-97.53088021647005, 35.558721358075545]}, "properties": {}}, {"type": "Feature", "geometry": {"type": "Point", "coordinates": [-97.53038451274539, 35.55914521531677]}, "properties": {}}, {"type": "Feature", "geometry": {"type": "Point", "coordinates": [-97.5303839154747, 35.55879164908543]}, "properties": {}}, {"type": "Feature", "geometry": {"type": "Point", "coordinates": [-97.53018344174222, 35.559149639874924]}, "properties": {}}, {"type": "Feature", "geometry": {"type": "Point", "coordinates": [-97.53018050412557, 35.55879414099002]}, "properties": {}}, {"type": "Feature", "geometry": {"type": "Point", "coordinates": [-97.52975054311842, 35.55918611395537]}, "properties": {}}, {"type": "Feature", "geometry": {"type": "Point", "coordinates": [-97.52981411666714, 35.558953677193585]}, "properties": {}}, {"type": "Feature", "geometry": {"type": "Point", "coordinates": [-97.52975160923589, 35.558722665739786]}, "properties": {}}, {"type": "Feature", "geometry": {"type": "Point", "coordinates": [-97.52942812724442, 35.55913016758542]}, "properties": {}}, {"type": "Feature", "geometry": {"type": "Point", "coordinates": [-97.52942853530485, 35.55877797890988]}, "properties": {}}, {"type": "Feature", "geometry": {"type": "Point", "coordinates": [-97.52905594927232, 35.55896193805366]}, "properties": {}}, {"type": "Feature", "geometry": {"type": "Point", "coordinates": [-97.53059386591589, 35.560127341491764]}, "properties": {}}, {"type": "Feature", "geometry": {"type": "Point", "coordinates": [-97.53036097305083, 35.56011158649837]}, "properties": {}}, {"type": "Feature", "geometry": {"type": "Point", "coordinates": [-97.53030648726792, 35.55994489024346]}, "properties": {}}, {"type": "Feature", "geometry": {"type": "Point", "coordinates": [-97.53033102889775, 35.55977466140075]}, "properties": {}}, {"type": "Feature", "geometry": {"type": "Point", "coordinates": [-97.53057153681571, 35.55975335946236]}, "properties": {}}, {"type": "Feature", "geometry": {"type": "Point", "coordinates": [-97.53077599396293, 35.559745101726975]}, "properties": {}}, {"type": "Feature", "geometry": {"type": "Point", "coordinates": [-97.5309625283702, 35.56003868901842]}, "properties": {}}, {"type": "Feature", "geometry": {"type": "Point", "coordinates": [-97.53096032939098, 35.55984198126814]}, "properties": {}}, {"type": "Feature", "geometry": {"type": "Point", "coordinates": [-97.53077549905103, 35.559942348642004]}, "properties": {}}, {"type": "Feature", "geometry": {"type": "Point", "coordinates": [-97.52962716123412, 35.55901557368857]}, "properties": {}}, {"type": "Feature", "geometry": {"type": "Point", "coordinates": [-97.52828665145904, 35.5546227104816]}, "properties": {}}, {"type": "Feature", "geometry": {"type": "Point", "coordinates": [-97.52828042775434, 35.55465180617826]}, "properties": {}}, {"type": "Feature", "geometry": {"type": "Point", "coordinates": [-97.52827440865964, 35.55470288021735]}, "properties": {}}, {"type": "Feature", "geometry": {"type": "Point", "coordinates": [-97.52827821770242, 35.554740807122094]}, "properties": {}}, {"type": "Feature", "geometry": {"type": "Point", "coordinates": [-97.52827967477289, 35.554778448887475]}, "properties": {}}, {"type": "Feature", "geometry": {"type": "Point", "coordinates": [-97.52828040679248, 35.55482488004804]}, "properties": {}}, {"type": "Feature", "geometry": {"type": "Point", "coordinates": [-97.52827744511931, 35.554870745842535]}, "properties": {}}, {"type": "Feature", "geometry": {"type": "Point", "coordinates": [-97.52844368930857, 35.55461536722084]}, "properties": {}}, {"type": "Feature", "geometry": {"type": "Point", "coordinates": [-97.52844449490368, 35.554649435409836]}, "properties": {}}, {"type": "Feature", "geometry": {"type": "Point", "coordinates": [-97.52844322559022, 35.554693386333376]}, "properties": {}}, {"type": "Feature", "geometry": {"type": "Point", "coordinates": [-97.52844633581655, 35.55473570524368]}, "properties": {}}, {"type": "Feature", "geometry": {"type": "Point", "coordinates": [-97.52844611049389, 35.55477361522839]}, "properties": {}}, {"type": "Feature", "geometry": {"type": "Point", "coordinates": [-97.52844347766865, 35.55482058192946]}, "properties": {}}, {"type": "Feature", "geometry": {"type": "Point", "coordinates": [-97.52844825240774, 35.55486565553911]}, "properties": {}}, {"type": "Feature", "geometry": {"type": "Point", "coordinates": [-97.5282744197451, 35.55424876900132]}, "properties": {}}, {"type": "Feature", "geometry": {"type": "Point", "coordinates": [-97.52827526446362, 35.55427624426807]}, "properties": {}}, {"type": "Feature", "geometry": {"type": "Point", "coordinates": [-97.52827664965173, 35.55432597411047]}, "properties": {}}, {"type": "Feature", "geometry": {"type": "Point", "coordinates": [-97.52827638831289, 35.554369928133205]}, "properties": {}}, {"type": "Feature", "geometry": {"type": "Point", "coordinates": [-97.52827854264433, 35.5544034527813]}, "properties": {}}, {"type": "Feature", "geometry": {"type": "Point", "coordinates": [-97.52827661190999, 35.55444547678121]}, "properties": {}}, {"type": "Feature", "geometry": {"type": "Point", "coordinates": [-97.52827565982828, 35.554492450152146]}, "properties": {}}, {"type": "Feature", "geometry": {"type": "Point", "coordinates": [-97.6266656589533, 35.55160344329576]}, "properties": {}}, {"type": "Feature", "geometry": {"type": "Point", "coordinates": [-97.6265507381024, 35.55152231431334]}, "properties": {}}, {"type": "Feature", "geometry": {"type": "Point", "coordinates": [-97.62646329618073, 35.55145940408589]}, "properties": {}}, {"type": "Feature", "geometry": {"type": "Point", "coordinates": [-97.62635940502022, 35.551391771495226]}, "properties": {}}, {"type": "Feature", "geometry": {"type": "Point", "coordinates": [-97.6309608837954, 35.55151192094845]}, "properties": {}}, {"type": "Feature", "geometry": {"type": "Point", "coordinates": [-97.52843245838078, 35.554242528428354]}, "properties": {}}, {"type": "Feature", "geometry": {"type": "Point", "coordinates": [-97.52843221998704, 35.554282636654634]}, "properties": {}}, {"type": "Feature", "geometry": {"type": "Point", "coordinates": [-97.52843197016648, 35.554324667328665]}, "properties": {}}, {"type": "Feature", "geometry": {"type": "Point", "coordinates": [-97.52842934877977, 35.55436971067994]}, "properties": {}}, {"type": "Feature", "geometry": {"type": "Point", "coordinates": [-97.52843419369833, 35.55440297110528]}, "properties": {}}, {"type": "Feature", "geometry": {"type": "Point", "coordinates": [-97.52843629747902, 35.55444501202278]}, "properties": {}}, {"type": "Feature", "geometry": {"type": "Point", "coordinates": [-97.52843601173595, 35.554493086735654]}, "properties": {}}, {"type": "Feature", "geometry": {"type": "Point", "coordinates": [-97.51779271243687, 35.55133861236009]}, "properties": {}}, {"type": "Feature", "geometry": {"type": "Point", "coordinates": [-97.51802559446139, 35.55129615211592]}, "properties": {}}, {"type": "Feature", "geometry": {"type": "Point", "coordinates": [-97.51828018884872, 35.551331799546325]}, "properties": {}}, {"type": "Feature", "geometry": {"type": "Point", "coordinates": [-97.51853977778642, 35.55131993970128]}, "properties": {}}, {"type": "Feature", "geometry": {"type": "Point", "coordinates": [-97.5177917908111, 35.55149025401003]}, "properties": {}}, {"type": "Feature", "geometry": {"type": "Point", "coordinates": [-97.51802485684958, 35.55141757539424]}, "properties": {}}, {"type": "Feature", "geometry": {"type": "Point", "coordinates": [-97.5182795050019, 35.55144443166625]}, "properties": {}}, {"type": "Feature", "geometry": {"type": "Point", "coordinates": [-97.51854400491234, 35.55145429526534]}, "properties": {}}, {"type": "Feature", "geometry": {"type": "Point", "coordinates": [-97.51803999219095, 35.55158219345122]}, "properties": {}}, {"type": "Feature", "geometry": {"type": "Point", "coordinates": [-97.5182939625821, 35.55166536528845]}, "properties": {}}, {"type": "Feature", "geometry": {"type": "Point", "coordinates": [-97.5185376223196, 35.55167514349396]}, "properties": {}}, {"type": "Feature", "geometry": {"type": "Point", "coordinates": [-97.51779060704952, 35.551685025880644]}, "properties": {}}, {"type": "Feature", "geometry": {"type": "Point", "coordinates": [-97.51803392357769, 35.55175112207493]}, "properties": {}}, {"type": "Feature", "geometry": {"type": "Point", "coordinates": [-97.51828745970442, 35.551795280766655]}, "properties": {}}, {"type": "Feature", "geometry": {"type": "Point", "coordinates": [-97.51853670211364, 35.551826785150695]}, "properties": {}}, {"type": "Feature", "geometry": {"type": "Point", "coordinates": [-97.51778976389033, 35.551823755684424]}, "properties": {}}, {"type": "Feature", "geometry": {"type": "Point", "coordinates": [-97.51803305581146, 35.55189397256788]}, "properties": {}}, {"type": "Feature", "geometry": {"type": "Point", "coordinates": [-97.51828141828966, 35.55195981382364]}, "properties": {}}, {"type": "Feature", "geometry": {"type": "Point", "coordinates": [-97.51854077256186, 35.551986963510444]}, "properties": {}}, {"type": "Feature", "geometry": {"type": "Point", "coordinates": [-97.5713640665085, 35.56434836310859]}, "properties": {}}, {"type": "Feature", "geometry": {"type": "Point", "coordinates": [-97.5712589392596, 35.56414166996278]}, "properties": {}}, {"type": "Feature", "geometry": {"type": "Point", "coordinates": [-97.57156056034616, 35.56407270468977]}, "properties": {}}, {"type": "Feature", "geometry": {"type": "Point", "coordinates": [-97.57120009455583, 35.563583228137816]}, "properties": {}}, {"type": "Feature", "geometry": {"type": "Point", "coordinates": [-97.57148621334075, 35.56358288676609]}, "properties": {}}, {"type": "Feature", "geometry": {"type": "Point", "coordinates": [-97.56970547387974, 35.563425630003]}, "properties": {}}, {"type": "Feature", "geometry": {"type": "Point", "coordinates": [-97.56983196999684, 35.56378267425508]}, "properties": {}}, {"type": "Feature", "geometry": {"type": "Point", "coordinates": [-97.56955316944084, 35.563921221268956]}, "properties": {}}, {"type": "Feature", "geometry": {"type": "Point", "coordinates": [-97.56968766881289, 35.56416675782448]}, "properties": {}}, {"type": "Feature", "geometry": {"type": "Point", "coordinates": [-97.5702762933128, 35.56412108725316]}, "properties": {}}, {"type": "Feature", "geometry": {"type": "Point", "coordinates": [-97.5706699902166, 35.56412306025139]}, "properties": {}}, {"type": "Feature", "geometry": {"type": "Point", "coordinates": [-97.5706535464197, 35.56362053886053]}, "properties": {}}, {"type": "Feature", "geometry": {"type": "Point", "coordinates": [-97.5703635977197, 35.563520866981854]}, "properties": {}}, {"type": "Feature", "geometry": {"type": "Point", "coordinates": [-97.56954874249368, 35.56368384851456]}, "properties": {}}, {"type": "Feature", "geometry": {"type": "Point", "coordinates": [-97.5700763941056, 35.5638453706014]}, "properties": {}}, {"type": "Feature", "geometry": {"type": "Point", "coordinates": [-97.57156181025303, 35.56303207277962]}, "properties": {}}, {"type": "Feature", "geometry": {"type": "Point", "coordinates": [-97.57128560702678, 35.562939869573206]}, "properties": {}}, {"type": "Feature", "geometry": {"type": "Point", "coordinates": [-97.57087979758354, 35.56294060293606]}, "properties": {}}, {"type": "Feature", "geometry": {"type": "Point", "coordinates": [-97.57058934883041, 35.562995870913326]}, "properties": {}}, {"type": "Feature", "geometry": {"type": "Point", "coordinates": [-97.57031315295147, 35.562964653361966]}, "properties": {}}, {"type": "Feature", "geometry": {"type": "Point", "coordinates": [-97.57003878750989, 35.56296778161914]}, "properties": {}}, {"type": "Feature", "geometry": {"type": "Point", "coordinates": [-97.56943513715638, 35.5630579013119]}, "properties": {}}, {"type": "Feature", "geometry": {"type": "Point", "coordinates": [-97.56943679557037, 35.56287631722659]}, "properties": {}}, {"type": "Feature", "geometry": {"type": "Point", "coordinates": [-97.56669071740714, 35.56489183928682]}, "properties": {}}, {"type": "Feature", "geometry": {"type": "Point", "coordinates": [-97.56669541845001, 35.56495449282819]}, "properties": {}}, {"type": "Feature", "geometry": {"type": "Point", "coordinates": [-97.56669001064247, 35.56502122938407]}, "properties": {}}, {"type": "Feature", "geometry": {"type": "Point", "coordinates": [-97.56668966851105, 35.56508386453448]}, "properties": {}}, {"type": "Feature", "geometry": {"type": "Point", "coordinates": [-97.5666893653948, 35.56513935696143]}, "properties": {}}, {"type": "Feature", "geometry": {"type": "Point", "coordinates": [-97.5667040928135, 35.565213034911636]}, "properties": {}}, {"type": "Feature", "geometry": {"type": "Point", "coordinates": [-97.61940881777063, 35.56375264645068]}, "properties": {}}, {"type": "Feature", "geometry": {"type": "Point", "coordinates": [-97.61935672542404, 35.56374835881025]}, "properties": {}}, {"type": "Feature", "geometry": {"type": "Point", "coordinates": [-97.61939905182884, 35.563685859045236]}, "properties": {}}, {"type": "Feature", "geometry": {"type": "Point", "coordinates": [-97.61934493152064, 35.563683762287305]}, "properties": {}}, {"type": "Feature", "geometry": {"type": "Point", "coordinates": [-97.61940998417633, 35.563509524720814]}, "properties": {}}, {"type": "Feature", "geometry": {"type": "Point", "coordinates": [-97.61934075448319, 35.563503258791755]}, "properties": {}}, {"type": "Feature", "geometry": {"type": "Point", "coordinates": [-97.6194053786561, 35.563418303218924]}, "properties": {}}, {"type": "Feature", "geometry": {"type": "Point", "coordinates": [-97.61934857986883, 35.56341400049858]}, "properties": {}}, {"type": "Feature", "geometry": {"type": "Point", "coordinates": [-97.61916846785533, 35.563743909693294]}, "properties": {}}, {"type": "Feature", "geometry": {"type": "Point", "coordinates": [-97.61909416584824, 35.56374367152099]}, "properties": {}}, {"type": "Feature", "geometry": {"type": "Point", "coordinates": [-97.61900943196133, 35.5637453232398]}, "properties": {}}, {"type": "Feature", "geometry": {"type": "Point", "coordinates": [-97.61893270744396, 35.563759361996425]}, "properties": {}}, {"type": "Feature", "geometry": {"type": "Point", "coordinates": [-97.6189302715987, 35.56370660795886]}, "properties": {}}, {"type": "Feature", "geometry": {"type": "Point", "coordinates": [-97.619007291809, 35.56370081169351]}, "properties": {}}, {"type": "Feature", "geometry": {"type": "Point", "coordinates": [-97.61909674287641, 35.56369697771476]}, "properties": {}}, {"type": "Feature", "geometry": {"type": "Point", "coordinates": [-97.61916602151727, 35.56369307901431]}, "properties": {}}, {"type": "Feature", "geometry": {"type": "Point", "coordinates": [-97.61903772171362, 35.56359541681308]}, "properties": {}}, {"type": "Feature", "geometry": {"type": "Point", "coordinates": [-97.61898057473104, 35.56359331108597]}, "properties": {}}, {"type": "Feature", "geometry": {"type": "Point", "coordinates": [-97.61897582323748, 35.56353258298081]}, "properties": {}}, {"type": "Feature", "geometry": {"type": "Point", "coordinates": [-97.61903807131695, 35.56352261765224]}, "properties": {}}, {"type": "Feature", "geometry": {"type": "Point", "coordinates": [-97.61909136121821, 35.56327746474805]}, "properties": {}}, {"type": "Feature", "geometry": {"type": "Point", "coordinates": [-97.61910297810138, 35.5633788736679]}, "properties": {}}, {"type": "Feature", "geometry": {"type": "Point", "coordinates": [-97.61903609208737, 35.56337453846085]}, "properties": {}}, {"type": "Feature", "geometry": {"type": "Point", "coordinates": [-97.61904160218664, 35.56327730521923]}, "properties": {}}, {"type": "Feature", "geometry": {"type": "Point", "coordinates": [-97.61887725609822, 35.56340452296549]}, "properties": {}}, {"type": "Feature", "geometry": {"type": "Point", "coordinates": [-97.6188127250592, 35.56340019518657]}, "properties": {}}, {"type": "Feature", "geometry": {"type": "Point", "coordinates": [-97.61887491796644, 35.563331440285324]}, "properties": {}}, {"type": "Feature", "geometry": {"type": "Point", "coordinates": [-97.61880800274847, 35.56333342301055]}, "properties": {}}, {"type": "Feature", "geometry": {"type": "Point", "coordinates": [-97.61887533635014, 35.563244355646546]}, "properties": {}}, {"type": "Feature", "geometry": {"type": "Point", "coordinates": [-97.61880845156502, 35.5632400203149]}, "properties": {}}, {"type": "Feature", "geometry": {"type": "Point", "coordinates": [-97.61887585239819, 35.56313694236614]}, "properties": {}}, {"type": "Feature", "geometry": {"type": "Point", "coordinates": [-97.61880893734433, 35.56313892509186]}, "properties": {}}, {"type": "Feature", "geometry": {"type": "Point", "coordinates": [-97.61918372226668, 35.56308738066155]}, "properties": {}}, {"type": "Feature", "geometry": {"type": "Point", "coordinates": [-97.61917899042496, 35.56302253275911]}, "properties": {}}, {"type": "Feature", "geometry": {"type": "Point", "coordinates": [-97.61908722303158, 35.56308899472446]}, "properties": {}}, {"type": "Feature", "geometry": {"type": "Point", "coordinates": [-97.61908754356583, 35.56302223962848]}, "properties": {}}, {"type": "Feature", "geometry": {"type": "Point", "coordinates": [-97.6188917312299, 35.56298095290891]}, "properties": {}}, {"type": "Feature", "geometry": {"type": "Point", "coordinates": [-97.61889147783518, 35.56303369832099]}, "properties": {}}, {"type": "Feature", "geometry": {"type": "Point", "coordinates": [-97.61879733143108, 35.56303531879372]}, "properties": {}}, {"type": "Feature", "geometry": {"type": "Point", "coordinates": [-97.61879763240786, 35.5629726844057]}, "properties": {}}, {"type": "Feature", "geometry": {"type": "Point", "coordinates": [-97.61919227323324, 35.56291708288254]}, "properties": {}}, {"type": "Feature", "geometry": {"type": "Point", "coordinates": [-97.61911260175576, 35.56291490412328]}, "properties": {}}, {"type": "Feature", "geometry": {"type": "Point", "coordinates": [-97.619192535656, 35.562862415013974]}, "properties": {}}, {"type": "Feature", "geometry": {"type": "Point", "coordinates": [-97.61911789805043, 35.56286217577826]}, "properties": {}}, {"type": "Feature", "geometry": {"type": "Point", "coordinates": [-97.619192837644, 35.56279950482973]}, "properties": {}}, {"type": "Feature", "geometry": {"type": "Point", "coordinates": [-97.6191030709547, 35.56279921709512]}, "properties": {}}, {"type": "Feature", "geometry": {"type": "Point", "coordinates": [-97.61910605273948, 35.56273851468807]}, "properties": {}}, {"type": "Feature", "geometry": {"type": "Point", "coordinates": [-97.61919045857482, 35.56273466356731]}, "properties": {}}, {"type": "Feature", "geometry": {"type": "Point", "coordinates": [-97.61900214934141, 35.5626714245331]}, "properties": {}}, {"type": "Feature", "geometry": {"type": "Point", "coordinates": [-97.61891810923919, 35.56266895763718]}, "properties": {}}, {"type": "Feature", "geometry": {"type": "Point", "coordinates": [-97.61874192872747, 35.562670589826524]}, "properties": {}}, {"type": "Feature", "geometry": {"type": "Point", "coordinates": [-97.61865484211977, 35.56267223373937]}, "properties": {}}, {"type": "Feature", "geometry": {"type": "Point", "coordinates": [-97.61897046343262, 35.56261857670068]}, "properties": {}}, {"type": "Feature", "geometry": {"type": "Point", "coordinates": [-97.6188860869644, 35.56261610870321]}, "properties": {}}, {"type": "Feature", "geometry": {"type": "Point", "coordinates": [-97.61877917504405, 35.5626157657274]}, "properties": {}}, {"type": "Feature", "geometry": {"type": "Point", "coordinates": [-97.61868266470931, 35.56261957680818]}, "properties": {}}, {"type": "Feature", "geometry": {"type": "Point", "coordinates": [-97.61847836517389, 35.562805454350844]}, "properties": {}}, {"type": "Feature", "geometry": {"type": "Point", "coordinates": [-97.61841652272507, 35.56280113498816]}, "properties": {}}, {"type": "Feature", "geometry": {"type": "Point", "coordinates": [-97.61848028986982, 35.56289446989944]}, "properties": {}}, {"type": "Feature", "geometry": {"type": "Point", "coordinates": [-97.61841845770606, 35.56288822718415]}, "properties": {}}, {"type": "Feature", "geometry": {"type": "Point", "coordinates": [-97.61847361542964, 35.562744452233645]}, "properties": {}}, {"type": "Feature", "geometry": {"type": "Point", "coordinates": [-97.61855415341999, 35.56354524083106]}, "properties": {}}, {"type": "Feature", "geometry": {"type": "Point", "coordinates": [-97.61849626665615, 35.56369697370299]}, "properties": {}}, {"type": "Feature", "geometry": {"type": "Point", "coordinates": [-97.61849116891685, 35.563778274058464]}, "properties": {}}, {"type": "Feature", "geometry": {"type": "Point", "coordinates": [-97.61855808562102, 35.56377629151524]}, "properties": {}}, {"type": "Feature", "geometry": {"type": "Point", "coordinates": [-97.61856083732793, 35.5636933351371]}, "properties": {}}, {"type": "Feature", "geometry": {"type": "Point", "coordinates": [-97.61846655940197, 35.56267355177934]}, "properties": {}}, {"type": "Feature", "geometry": {"type": "Point", "coordinates": [-97.61840435134077, 35.56267555029185]}, "properties": {}}, {"type": "Feature", "geometry": {"type": "Point", "coordinates": [-97.61830536521889, 35.56319390056323]}, "properties": {}}, {"type": "Feature", "geometry": {"type": "Point", "coordinates": [-97.61812178790002, 35.56319523407783]}, "properties": {}}, {"type": "Feature", "geometry": {"type": "Point", "coordinates": [-97.61802494040327, 35.56319904354314]}, "properties": {}}, {"type": "Feature", "geometry": {"type": "Point", "coordinates": [-97.61805376042032, 35.56342825086716]}, "properties": {}}, {"type": "Feature", "geometry": {"type": "Point", "coordinates": [-97.61798954488701, 35.5634280444261]}, "properties": {}}, {"type": "Feature", "geometry": {"type": "Point", "coordinates": [-97.61806418783135, 35.563357407488525]}, "properties": {}}, {"type": "Feature", "geometry": {"type": "Point", "coordinates": [-97.6179872064693, 35.5633549617249]}, "properties": {}}, {"type": "Feature", "geometry": {"type": "Point", "coordinates": [-97.61804039104194, 35.56313233618493]}, "properties": {}}, {"type": "Feature", "geometry": {"type": "Point", "coordinates": [-97.61814663190783, 35.563132677666644]}, "properties": {}}, {"type": "Feature", "geometry": {"type": "Point", "coordinates": [-97.61829360265442, 35.56312298587952]}, "properties": {}}, {"type": "Feature", "geometry": {"type": "Point", "coordinates": [-97.61838977267631, 35.563190050916056]}, "properties": {}}, {"type": "Feature", "geometry": {"type": "Point", "coordinates": [-97.63115883574852, 35.55152187592439]}, "properties": {}}, {"type": "Feature", "geometry": {"type": "Point", "coordinates": [-97.63766823023886, 35.56389461916774]}, "properties": {}}, {"type": "Feature", "geometry": {"type": "Point", "coordinates": [-97.63764039220068, 35.563953323712376]}, "properties": {}}, {"type": "Feature", "geometry": {"type": "Point", "coordinates": [-97.63764550322206, 35.56401212873775]}, "properties": {}}, {"type": "Feature", "geometry": {"type": "Point", "coordinates": [-97.63764525476344, 35.56406652265416]}, "properties": {}}, {"type": "Feature", "geometry": {"type": "Point", "coordinates": [-97.63540613015407, 35.56449207969605]}, "properties": {}}, {"type": "Feature", "geometry": {"type": "Point", "coordinates": [-97.63538298193623, 35.56426151965001]}, "properties": {}}, {"type": "Feature", "geometry": {"type": "Point", "coordinates": [-97.63533428591914, 35.564103407432945]}, "properties": {}}, {"type": "Feature", "geometry": {"type": "Point", "coordinates": [-97.63581606619347, 35.56381368324162]}, "properties": {}}, {"type": "Feature", "geometry": {"type": "Point", "coordinates": [-97.63598867923173, 35.563564218928164]}, "properties": {}}, {"type": "Feature", "geometry": {"type": "Point", "coordinates": [-97.63621062223092, 35.563554733742876]}, "properties": {}}, {"type": "Feature", "geometry": {"type": "Point", "coordinates": [-97.63651854188682, 35.56349249100316]}, "properties": {}}, {"type": "Feature", "geometry": {"type": "Point", "coordinates": [-97.63656755822191, 35.56380142453047]}, "properties": {}}, {"type": "Feature", "geometry": {"type": "Point", "coordinates": [-97.63656581055277, 35.56403602805348]}, "properties": {}}, {"type": "Feature", "geometry": {"type": "Point", "coordinates": [-97.6359391785399, 35.56402064871498]}, "properties": {}}, {"type": "Feature", "geometry": {"type": "Point", "coordinates": [-97.63631160494147, 35.56448221745828]}, "properties": {}}, {"type": "Feature", "geometry": {"type": "Point", "coordinates": [-97.642947652347, 35.55548389139217]}, "properties": {}}, {"type": "Feature", "geometry": {"type": "Point", "coordinates": [-97.64238677751678, 35.55618410922184]}, "properties": {}}, {"type": "Feature", "geometry": {"type": "Point", "coordinates": [-97.64213646500693, 35.55637620773976]}, "properties": {}}, {"type": "Feature", "geometry": {"type": "Point", "coordinates": [-97.64262634648601, 35.55613785317266]}, "properties": {}}, {"type": "Feature", "geometry": {"type": "Point", "coordinates": [-97.64270563952792, 35.55614798168]}, "properties": {}}, {"type": "Feature", "geometry": {"type": "Point", "coordinates": [-97.642788013608, 35.556145757098996]}, "properties": {}}, {"type": "Feature", "geometry": {"type": "Point", "coordinates": [-97.6428552386403, 35.55614843148169]}, "properties": {}}, {"type": "Feature", "geometry": {"type": "Point", "coordinates": [-97.64292249595543, 35.55614368908481]}, "properties": {}}, {"type": "Feature", "geometry": {"type": "Point", "coordinates": [-97.64298973101253, 35.556143891141964]}, "properties": {}}, {"type": "Feature", "geometry": {"type": "Point", "coordinates": [-97.64306943726547, 35.55613671288895]}, "properties": {}}, {"type": "Feature", "geometry": {"type": "Point", "coordinates": [-97.64313328942234, 35.55614185016193]}, "properties": {}}, {"type": "Feature", "geometry": {"type": "Point", "coordinates": [-97.64320388623125, 35.55614206219571]}, "properties": {}}, {"type": "Feature", "geometry": {"type": "Point", "coordinates": [-97.64327112128773, 35.55614226409363]}, "properties": {}}, {"type": "Feature", "geometry": {"type": "Point", "coordinates": [-97.64333230563058, 35.556142447789]}, "properties": {}}, {"type": "Feature", "geometry": {"type": "Point", "coordinates": [-97.64343653108436, 35.55614028745451]}, "properties": {}}, {"type": "Feature", "geometry": {"type": "Point", "coordinates": [-97.63953265518806, 35.55491480151937]}, "properties": {}}, {"type": "Feature", "geometry": {"type": "Point", "coordinates": [-97.64010144647074, 35.554918724209]}, "properties": {}}, {"type": "Feature", "geometry": {"type": "Point", "coordinates": [-97.63995385123603, 35.55469960057408]}, "properties": {}}, {"type": "Feature", "geometry": {"type": "Point", "coordinates": [-97.64084541984755, 35.554469337975064]}, "properties": {}}, {"type": "Feature", "geometry": {"type": "Point", "coordinates": [-97.64080742704377, 35.55476756769021]}, "properties": {}}, {"type": "Feature", "geometry": {"type": "Point", "coordinates": [-97.64119120779476, 35.55472202536306]}, "properties": {}}, {"type": "Feature", "geometry": {"type": "Point", "coordinates": [-97.64161982964698, 35.55472222039904]}, "properties": {}}, {"type": "Feature", "geometry": {"type": "Point", "coordinates": [-97.6418722991733, 35.55472160812565]}, "properties": {}}, {"type": "Feature", "geometry": {"type": "Point", "coordinates": [-97.64177733376417, 35.55438589036122]}, "properties": {}}, {"type": "Feature", "geometry": {"type": "Point", "coordinates": [-97.64124248696062, 35.55438482627051]}, "properties": {}}, {"type": "Feature", "geometry": {"type": "Point", "coordinates": [-97.64123500575744, 35.55418068784246]}, "properties": {}}, {"type": "Feature", "geometry": {"type": "Point", "coordinates": [-97.64161860215117, 35.554100803868344]}, "properties": {}}, {"type": "Feature", "geometry": {"type": "Point", "coordinates": [-97.64186827493734, 35.554049359487365]}, "properties": {}}, {"type": "Feature", "geometry": {"type": "Point", "coordinates": [-97.64224884340464, 35.553820566975006]}, "properties": {}}, {"type": "Feature", "geometry": {"type": "Point", "coordinates": [-97.64259378432708, 35.553664741175126]}, "properties": {}}, {"type": "Feature", "geometry": {"type": "Point", "coordinates": [-97.64285138550815, 35.55341964348101]}, "properties": {}}, {"type": "Feature", "geometry": {"type": "Point", "coordinates": [-97.6432655310334, 35.55364725500517]}, "properties": {}}, {"type": "Feature", "geometry": {"type": "Point", "coordinates": [-97.64318282710163, 35.55394754856489]}, "properties": {}}, {"type": "Feature", "geometry": {"type": "Point", "coordinates": [-97.64268027408994, 35.55386774357234]}, "properties": {}}, {"type": "Feature", "geometry": {"type": "Point", "coordinates": [-97.63810023866193, 35.56390033053314]}, "properties": {}}, {"type": "Feature", "geometry": {"type": "Point", "coordinates": [-97.63803940482872, 35.56389575046486]}, "properties": {}}, {"type": "Feature", "geometry": {"type": "Point", "coordinates": [-97.56474908059428, 35.52150192253637]}, "properties": {}}, {"type": "Feature", "geometry": {"type": "Point", "coordinates": [-97.59851919267574, 35.51180767184949]}, "properties": {}}, {"type": "Feature", "geometry": {"type": "Point", "coordinates": [-97.59921327088406, 35.51182430139307]}, "properties": {}}, {"type": "Feature", "geometry": {"type": "Point", "coordinates": [-97.59816081344643, 35.51224738277451]}, "properties": {}}, {"type": "Feature", "geometry": {"type": "Point", "coordinates": [-97.60082106936507, 35.51234481519934]}, "properties": {}}, {"type": "Feature", "geometry": {"type": "Point", "coordinates": [-97.6008315304596, 35.51260308520655]}, "properties": {}}, {"type": "Feature", "geometry": {"type": "Point", "coordinates": [-97.60062506048673, 35.51270321278617]}, "properties": {}}, {"type": "Feature", "geometry": {"type": "Point", "coordinates": [-97.60036242026453, 35.51261469430143]}, "properties": {}}, {"type": "Feature", "geometry": {"type": "Point", "coordinates": [-97.60014281857802, 35.51272027030522]}, "properties": {}}, {"type": "Feature", "geometry": {"type": "Point", "coordinates": [-97.59982369240018, 35.51270628403778]}, "properties": {}}, {"type": "Feature", "geometry": {"type": "Point", "coordinates": [-97.59938821811751, 35.5143083473226]}, "properties": {}}, {"type": "Feature", "geometry": {"type": "Point", "coordinates": [-97.59926527848383, 35.51370190362297]}, "properties": {}}, {"type": "Feature", "geometry": {"type": "Point", "coordinates": [-97.59915366061081, 35.51331554727225]}, "properties": {}}, {"type": "Feature", "geometry": {"type": "Point", "coordinates": [-97.59834154379081, 35.513316648870834]}, "properties": {}}, {"type": "Feature", "geometry": {"type": "Point", "coordinates": [-97.5978978041514, 35.51342640782979]}, "properties": {}}, {"type": "Feature", "geometry": {"type": "Point", "coordinates": [-97.59819986531325, 35.51369253404691]}, "properties": {}}, {"type": "Feature", "geometry": {"type": "Point", "coordinates": [-97.5984381403854, 35.51414772429217]}, "properties": {}}, {"type": "Feature", "geometry": {"type": "Point", "coordinates": [-97.63636647189085, 35.4831998810754]}, "properties": {}}, {"type": "Feature", "geometry": {"type": "Point", "coordinates": [-97.63552589576499, 35.482883025747455]}, "properties": {}}, {"type": "Feature", "geometry": {"type": "Point", "coordinates": [-97.63639138554728, 35.48304034650603]}, "properties": {}}, {"type": "Feature", "geometry": {"type": "Point", "coordinates": [-97.63628689486644, 35.48319469181291]}, "properties": {}}, {"type": "Feature", "geometry": {"type": "Point", "coordinates": [-97.6355256221524, 35.48294263890786]}, "properties": {}}, {"type": "Feature", "geometry": {"type": "Point", "coordinates": [-97.63631243445677, 35.483045049178166]}, "properties": {}}, {"type": "Feature", "geometry": {"type": "Point", "coordinates": [-97.63623241611367, 35.48320936031933]}, "properties": {}}, {"type": "Feature", "geometry": {"type": "Point", "coordinates": [-97.63553175120082, 35.48299760117471]}, "properties": {}}, {"type": "Feature", "geometry": {"type": "Point", "coordinates": [-97.63615315141404, 35.483209117375274]}, "properties": {}}, {"type": "Feature", "geometry": {"type": "Point", "coordinates": [-97.63553145363669, 35.4830624337091]}, "properties": {}}, {"type": "Feature", "geometry": {"type": "Point", "coordinates": [-97.63607959688508, 35.48320889188543]}, "properties": {}}, {"type": "Feature", "geometry": {"type": "Point", "coordinates": [-97.635531201464, 35.483117376382225]}, "properties": {}}, {"type": "Feature", "geometry": {"type": "Point", "coordinates": [-97.63601880484018, 35.48320870548601]}, "properties": {}}, {"type": "Feature", "geometry": {"type": "Point", "coordinates": [-97.63553092659706, 35.483177263535524]}, "properties": {}}, {"type": "Feature", "geometry": {"type": "Point", "coordinates": [-97.636043900668, 35.48300933664624]}, "properties": {}}, {"type": "Feature", "geometry": {"type": "Point", "coordinates": [-97.63594558529685, 35.483208480940355]}, "properties": {}}, {"type": "Feature", "geometry": {"type": "Point", "coordinates": [-97.63553067441951, 35.48323220711017]}, "properties": {}}, {"type": "Feature", "geometry": {"type": "Point", "coordinates": [-97.63587272451755, 35.48320331199908]}, "properties": {}}, {"type": "Feature", "geometry": {"type": "Point", "coordinates": [-97.63595256981685, 35.483003837122254]}, "properties": {}}, {"type": "Feature", "geometry": {"type": "Point", "coordinates": [-97.63615973511932, 35.48301848307699]}, "properties": {}}, {"type": "Feature", "geometry": {"type": "Point", "coordinates": [-97.63622781849917, 35.48303984533767]}, "properties": {}}, {"type": "Feature", "geometry": {"type": "Point", "coordinates": [-97.63205292577624, 35.48572498127386]}, "properties": {}}, {"type": "Feature", "geometry": {"type": "Point", "coordinates": [-97.63130773366822, 35.48265846619409]}, "properties": {}}, {"type": "Feature", "geometry": {"type": "Point", "coordinates": [-97.63161335958517, 35.482661887395146]}, "properties": {}}, {"type": "Feature", "geometry": {"type": "Point", "coordinates": [-97.63201874541247, 35.482663693741095]}, "properties": {}}, {"type": "Feature", "geometry": {"type": "Point", "coordinates": [-97.63069423855646, 35.47923439846477]}, "properties": {}}, {"type": "Feature", "geometry": {"type": "Point", "coordinates": [-97.63071205484378, 35.4793031332093]}, "properties": {}}, {"type": "Feature", "geometry": {"type": "Point", "coordinates": [-97.63069139666567, 35.47941213204117]}, "properties": {}}, {"type": "Feature", "geometry": {"type": "Point", "coordinates": [-97.6307043950487, 35.47950585124623]}, "properties": {}}, {"type": "Feature", "geometry": {"type": "Point", "coordinates": [-97.63069024295781, 35.47958794839173]}, "properties": {}}, {"type": "Feature", "geometry": {"type": "Point", "coordinates": [-97.63070495256314, 35.479674804990374]}, "properties": {}}, {"type": "Feature", "geometry": {"type": "Point", "coordinates": [-97.63105345851486, 35.47969923976621]}, "properties": {}}, {"type": "Feature", "geometry": {"type": "Point", "coordinates": [-97.63104211852165, 35.47960992141134]}, "properties": {}}, {"type": "Feature", "geometry": {"type": "Point", "coordinates": [-97.6310408744993, 35.479516238783404]}, "properties": {}}, {"type": "Feature", "geometry": {"type": "Point", "coordinates": [-97.63104429770623, 35.47942998748871]}, "properties": {}}, {"type": "Feature", "geometry": {"type": "Point", "coordinates": [-97.6310356222502, 35.479345621966544]}, "properties": {}}, {"type": "Feature", "geometry": {"type": "Point", "coordinates": [-97.63105312495018, 35.47926490968468]}, "properties": {}}, {"type": "Feature", "geometry": {"type": "Point", "coordinates": [-97.63107710705467, 35.479235589123526]}, "properties": {}}, {"type": "Feature", "geometry": {"type": "Point", "coordinates": [-97.6338622493732, 35.479258224051364]}, "properties": {}}, {"type": "Feature", "geometry": {"type": "Point", "coordinates": [-97.63371340647424, 35.47927095178066]}, "properties": {}}, {"type": "Feature", "geometry": {"type": "Point", "coordinates": [-97.6355304688996, 35.48327698502858]}, "properties": {}}, {"type": "Feature", "geometry": {"type": "Point", "coordinates": [-97.6358792358329, 35.48302861163251]}, "properties": {}}, {"type": "Feature", "geometry": {"type": "Point", "coordinates": [-97.63552383547393, 35.48333190810802]}, "properties": {}}, {"type": "Feature", "geometry": {"type": "Point", "coordinates": [-97.63581842124634, 35.483033370511905]}, "properties": {}}, {"type": "Feature", "geometry": {"type": "Point", "coordinates": [-97.63576256077688, 35.4832029740022]}, "properties": {}}, {"type": "Feature", "geometry": {"type": "Point", "coordinates": [-97.6357448668811, 35.483033144814605]}, "properties": {}}, {"type": "Feature", "geometry": {"type": "Point", "coordinates": [-97.63570752427695, 35.48319291510386]}, "properties": {}}, {"type": "Feature", "geometry": {"type": "Point", "coordinates": [-97.63581573305748, 35.48318006108699]}, "properties": {}}, {"type": "Feature", "geometry": {"type": "Point", "coordinates": [-97.67120523425108, 35.47967605116976]}, "properties": {}}, {"type": "Feature", "geometry": {"type": "Point", "coordinates": [-97.67107935577236, 35.47965976918792]}, "properties": {}}, {"type": "Feature", "geometry": {"type": "Point", "coordinates": [-97.67093901798629, 35.479647566838224]}, "properties": {}}, {"type": "Feature", "geometry": {"type": "Point", "coordinates": [-97.67081310658405, 35.47963925109061]}, "properties": {}}, {"type": "Feature", "geometry": {"type": "Point", "coordinates": [-97.6706726708956, 35.47965067488422]}, "properties": {}}, {"type": "Feature", "geometry": {"type": "Point", "coordinates": [-97.67053665091206, 35.479650297403744]}, "properties": {}}, {"type": "Feature", "geometry": {"type": "Point", "coordinates": [-97.67039666640122, 35.479633974640365]}, "properties": {}}, {"type": "Feature", "geometry": {"type": "Point", "coordinates": [-97.67026561806351, 35.47964954477293]}, "properties": {}}, {"type": "Feature", "geometry": {"type": "Point", "coordinates": [-97.67013500392615, 35.479641214340035]}, "properties": {}}, {"type": "Feature", "geometry": {"type": "Point", "coordinates": [-97.67000400461447, 35.47964497095491]}, "properties": {}}, {"type": "Feature", "geometry": {"type": "Point", "coordinates": [-97.66985354235631, 35.47964455253762]}, "properties": {}}, {"type": "Feature", "geometry": {"type": "Point", "coordinates": [-97.66971816253788, 35.47965186851238]}, "properties": {}}, {"type": "Feature", "geometry": {"type": "Point", "coordinates": [-97.66960163752123, 35.47964769835082]}, "properties": {}}, {"type": "Feature", "geometry": {"type": "Point", "coordinates": [-97.66946160289683, 35.479643461705976]}, "properties": {}}, {"type": "Feature", "geometry": {"type": "Point", "coordinates": [-97.66923956417568, 35.48005574404274]}, "properties": {}}, {"type": "Feature", "geometry": {"type": "Point", "coordinates": [-97.66926484043604, 35.480276686653795]}, "properties": {}}, {"type": "Feature", "geometry": {"type": "Point", "coordinates": [-97.67071950582498, 35.48001920029257]}, "properties": {}}, {"type": "Feature", "geometry": {"type": "Point", "coordinates": [-97.67056474215731, 35.480003112526184]}, "properties": {}}, {"type": "Feature", "geometry": {"type": "Point", "coordinates": [-97.67042905764428, 35.480002735855194]}, "properties": {}}, {"type": "Feature", "geometry": {"type": "Point", "coordinates": [-97.6702883182639, 35.480006190843184]}, "properties": {}}, {"type": "Feature", "geometry": {"type": "Point", "coordinates": [-97.67015733547285, 35.480005826922095]}, "properties": {}}, {"type": "Feature", "geometry": {"type": "Point", "coordinates": [-97.67002673784282, 35.47999365056176]}, "properties": {}}, {"type": "Feature", "geometry": {"type": "Point", "coordinates": [-97.66991521813239, 35.47999718723697]}, "properties": {}}, {"type": "Feature", "geometry": {"type": "Point", "coordinates": [-97.66976038955568, 35.4799967565607]}, "properties": {}}, {"type": "Feature", "geometry": {"type": "Point", "coordinates": [-97.66960990948839, 35.48000045853975]}, "properties": {}}, {"type": "Feature", "geometry": {"type": "Point", "coordinates": [-97.63796176060394, 35.56389111824445]}, "properties": {}}, {"type": "Feature", "geometry": {"type": "Point", "coordinates": [-97.65799900752049, 35.55696329953587]}, "properties": {}}, {"type": "Feature", "geometry": {"type": "Point", "coordinates": [-97.6566002002182, 35.557028493909385]}, "properties": {}}, {"type": "Feature", "geometry": {"type": "Point", "coordinates": [-97.65734266010622, 35.55699025371716]}, "properties": {}}, {"type": "Feature", "geometry": {"type": "Point", "coordinates": [-97.65700619462447, 35.55697747033951]}, "properties": {}}, {"type": "Feature", "geometry": {"type": "Point", "coordinates": [-97.65762001168233, 35.55691220899312]}, "properties": {}}, {"type": "Feature", "geometry": {"type": "Point", "coordinates": [-97.65659348760437, 35.55679304114946]}, "properties": {}}, {"type": "Feature", "geometry": {"type": "Point", "coordinates": [-97.65778298172754, 35.55661900468569]}, "properties": {}}, {"type": "Feature", "geometry": {"type": "Point", "coordinates": [-97.65698161340936, 35.55659801326862]}, "properties": {}}, {"type": "Feature", "geometry": {"type": "Point", "coordinates": [-97.65658983735497, 35.55654880591751]}, "properties": {}}, {"type": "Feature", "geometry": {"type": "Point", "coordinates": [-97.6570767084588, 35.556374941828395]}, "properties": {}}, {"type": "Feature", "geometry": {"type": "Point", "coordinates": [-97.65743358207816, 35.556254270923134]}, "properties": {}}, {"type": "Feature", "geometry": {"type": "Point", "coordinates": [-97.65709475370068, 35.556166757424464]}, "properties": {}}, {"type": "Feature", "geometry": {"type": "Point", "coordinates": [-97.65669309651028, 35.55614856551962]}, "properties": {}}, {"type": "Feature", "geometry": {"type": "Point", "coordinates": [-97.6565773873672, 35.555930104603675]}, "properties": {}}, {"type": "Feature", "geometry": {"type": "Point", "coordinates": [-97.65741868668664, 35.55581110793744]}, "properties": {}}, {"type": "Feature", "geometry": {"type": "Point", "coordinates": [-97.6570988021739, 35.55585221744929]}, "properties": {}}, {"type": "Feature", "geometry": {"type": "Point", "coordinates": [-97.65658408499267, 35.5557032070366]}, "properties": {}}, {"type": "Feature", "geometry": {"type": "Point", "coordinates": [-97.63787263161376, 35.56389826347809]}, "properties": {}}, {"type": "Feature", "geometry": {"type": "Point", "coordinates": [-97.63780643204345, 35.56389064486056]}, "properties": {}}, {"type": "Feature", "geometry": {"type": "Point", "coordinates": [-97.63774019861685, 35.56389044294386]}, "properties": {}}, {"type": "Feature", "geometry": {"type": "Point", "coordinates": [-97.65738078132864, 35.564199243491466]}, "properties": {}}, {"type": "Feature", "geometry": {"type": "Point", "coordinates": [-97.65685911705178, 35.56432218574713]}, "properties": {}}, {"type": "Feature", "geometry": {"type": "Point", "coordinates": [-97.6577625612719, 35.56376848636303]}, "properties": {}}, {"type": "Feature", "geometry": {"type": "Point", "coordinates": [-97.65658589384644, 35.56367306093065]}, "properties": {}}, {"type": "Feature", "geometry": {"type": "Point", "coordinates": [-97.65714269179936, 35.563743898111916]}, "properties": {}}, {"type": "Feature", "geometry": {"type": "Point", "coordinates": [-97.65813285007856, 35.56358494173103]}, "properties": {}}, {"type": "Feature", "geometry": {"type": "Point", "coordinates": [-97.65762621561663, 35.56349859538081]}, "properties": {}}, {"type": "Feature", "geometry": {"type": "Point", "coordinates": [-97.65707955744337, 35.55727135596035]}, "properties": {}}, {"type": "Feature", "geometry": {"type": "Point", "coordinates": [-97.65752861256354, 35.55729188145982]}, "properties": {}}, {"type": "Feature", "geometry": {"type": "Point", "coordinates": [-97.65793998565606, 35.55731916471812]}, "properties": {}}, {"type": "Feature", "geometry": {"type": "Point", "coordinates": [-97.65659655028989, 35.55740567119008]}, "properties": {}}, {"type": "Feature", "geometry": {"type": "Point", "coordinates": [-97.65677791327782, 35.55635869465159]}, "properties": {}}, {"type": "Feature", "geometry": {"type": "Point", "coordinates": [-97.65698409176065, 35.55555821247356]}, "properties": {}}, {"type": "Feature", "geometry": {"type": "Point", "coordinates": [-97.65733883899365, 35.55546198541191]}, "properties": {}}, {"type": "Feature", "geometry": {"type": "Point", "coordinates": [-97.45863675127043, 35.549430775946405]}, "properties": {}}, {"type": "Feature", "geometry": {"type": "Point", "coordinates": [-97.51685661817872, 35.537904858418486]}, "properties": {}}, {"type": "Feature", "geometry": {"type": "Point", "coordinates": [-97.51680347906706, 35.5387936355521]}, "properties": {}}, {"type": "Feature", "geometry": {"type": "Point", "coordinates": [-97.52907121085605, 35.54024974568556]}, "properties": {}}, {"type": "Feature", "geometry": {"type": "Point", "coordinates": [-97.52899289853646, 35.54024943518234]}, "properties": {}}, {"type": "Feature", "geometry": {"type": "Point", "coordinates": [-97.52892500462949, 35.54024916594568]}, "properties": {}}, {"type": "Feature", "geometry": {"type": "Point", "coordinates": [-97.52876871521727, 35.54024854602476]}, "properties": {}}, {"type": "Feature", "geometry": {"type": "Point", "coordinates": [-97.52870485502802, 35.54024829266458]}, "properties": {}}, {"type": "Feature", "geometry": {"type": "Point", "coordinates": [-97.52883761700087, 35.54024881934859]}, "properties": {}}, {"type": "Feature", "geometry": {"type": "Point", "coordinates": [-97.52746665641347, 35.53888543390271]}, "properties": {}}, {"type": "Feature", "geometry": {"type": "Point", "coordinates": [-97.52874803503637, 35.537222152663354]}, "properties": {}}, {"type": "Feature", "geometry": {"type": "Point", "coordinates": [-97.52873759332091, 35.537282549420034]}, "properties": {}}, {"type": "Feature", "geometry": {"type": "Point", "coordinates": [-97.52872258429718, 35.53737616923614]}, "properties": {}}, {"type": "Feature", "geometry": {"type": "Point", "coordinates": [-97.52810091375397, 35.53905168812794]}, "properties": {}}, {"type": "Feature", "geometry": {"type": "Point", "coordinates": [-97.52804650068694, 35.5384803303376]}, "properties": {}}, {"type": "Feature", "geometry": {"type": "Point", "coordinates": [-97.52811054590715, 35.53912754902998]}, "properties": {}}, {"type": "Feature", "geometry": {"type": "Point", "coordinates": [-97.52805008337637, 35.538556167207375]}, "properties": {}}, {"type": "Feature", "geometry": {"type": "Point", "coordinates": [-97.5280960959282, 35.53918353502843]}, "properties": {}}, {"type": "Feature", "geometry": {"type": "Point", "coordinates": [-97.52804067495396, 35.53861217232815]}, "properties": {}}, {"type": "Feature", "geometry": {"type": "Point", "coordinates": [-97.52804536026244, 35.538672080235735]}, "properties": {}}, {"type": "Feature", "geometry": {"type": "Point", "coordinates": [-97.52803998709668, 35.538727826490714]}, "properties": {}}, {"type": "Feature", "geometry": {"type": "Point", "coordinates": [-97.52802959529622, 35.538779706918056]}, "properties": {}}, {"type": "Feature", "geometry": {"type": "Point", "coordinates": [-97.52803428060629, 35.53883961482626]}, "properties": {}}, {"type": "Feature", "geometry": {"type": "Point", "coordinates": [-97.51594677244462, 35.53774099224918]}, "properties": {}}, {"type": "Feature", "geometry": {"type": "Point", "coordinates": [-97.51590975011018, 35.538851258560356]}, "properties": {}}, {"type": "Feature", "geometry": {"type": "Point", "coordinates": [-97.51591052693092, 35.539274880010495]}, "properties": {}}, {"type": "Feature", "geometry": {"type": "Point", "coordinates": [-97.56609230505231, 35.53814272346807]}, "properties": {}}, {"type": "Feature", "geometry": {"type": "Point", "coordinates": [-97.56617297906897, 35.53814109565626]}, "properties": {}}, {"type": "Feature", "geometry": {"type": "Point", "coordinates": [-97.56623851926967, 35.53814133501392]}, "properties": {}}, {"type": "Feature", "geometry": {"type": "Point", "coordinates": [-97.59916236706536, 35.537741355986526]}, "properties": {}}, {"type": "Feature", "geometry": {"type": "Point", "coordinates": [-97.59939714562992, 35.537772641937494]}, "properties": {}}]}