{"type": "FeatureCollection", "features": [{"type": "Feature", "id": 24149, "geometry": {"type": "Point", "coordinates": [-97.5523380359056, 35.49957938014103]}, "properties": {"OBJECTID": 24149, "SUBTYPE": 2, "PROJECTNUMBER": " ", "INLETSIZE": null, "Location": null, "COMMENT": " "}}, {"type": "Feature", "id": 24150, "geometry": {"type": "Point", "coordinates": [-97.55214129344228, 35.49841812147188]}, "properties": {"OBJECTID": 24150, "SUBTYPE": 2, "PROJECTNUMBER": "65E87", "INLETSIZE": "4", "Location": "NW 28th & N Youngs Blvd", "COMMENT": " "}}, {"type": "Feature", "id": 24151, "geometry": {"type": "Point", "coordinates": [-97.5530762153544, 35.50043389913136]}, "properties": {"OBJECTID": 24151, "SUBTYPE": 2, "PROJECTNUMBER": " ", "INLETSIZE": null, "Location": null, "COMMENT": " "}}, {"type": "Feature", "id": 24152, "geometry": {"type": "Point", "coordinates": [-97.5521368190219, 35.50044105046059]}, "properties": {"OBJECTID": 24152, "SUBTYPE": 2, "PROJECTNUMBER": " ", "INLETSIZE": "4", "Location": null, "COMMENT": " "}}, {"type": "Feature", "id": 24153, "geometry": {"type": "Point", "coordinates": [-97.54781663388518, 35.49472231235331]}, "properties": {"OBJECTID": 24153, "SUBTYPE": 1, "PROJECTNUMBER": "64E114", "INLETSIZE": null, "Location": "NW 23rd & N Pennsylvania Ave", "COMMENT": null}}, {"type": "Feature", "id": 24154, "geometry": {"type": "Point", "coordinates": [-97.54782676365133, 35.494078800548095]}, "properties": {"OBJECTID": 24154, "SUBTYPE": 2, "PROJECTNUMBER": " ", "INLETSIZE": null, "Location": null, "COMMENT": " "}}, {"type": "Feature", "id": 24155, "geometry": {"type": "Point", "coordinates": [-97.54782046994094, 35.493334665571034]}, "properties": {"OBJECTID": 24155, "SUBTYPE": 2, "PROJECTNUMBER": "64E114", "INLETSIZE": null, "Location": "NW 23rd & N Pennsylvania Ave", "COMMENT": null}}, {"type": "Feature", "id": 24161, "geometry": {"type": "Point", "coordinates": [-97.55485332848808, 35.499632187952805]}, "properties": {"OBJECTID": 24161, "SUBTYPE": 2, "PROJECTNUMBER": " ", "INLETSIZE": null, "Location": null, "COMMENT": "Check survey"}}, {"type": "Feature", "id": 24162, "geometry": {"type": "Point", "coordinates": [-97.5554206034814, 35.49749218286448]}, "properties": {"OBJECTID": 24162, "SUBTYPE": 1, "PROJECTNUMBER": "5E203", "INLETSIZE": null, "Location": "NW 23rd & N Villa Ave", "COMMENT": null}}, {"type": "Feature", "id": 24164, "geometry": {"type": "Point", "coordinates": [-97.55563036113584, 35.49386233944626]}, "properties": {"OBJECTID": 24164, "SUBTYPE": 1, "PROJECTNUMBER": "5E204", "INLETSIZE": null, "Location": "NW 23rd & N Villa Ave", "COMMENT": null}}, {"type": "Feature", "id": 24165, "geometry": {"type": "Point", "coordinates": [-97.55454947077963, 35.493458086705544]}, "properties": {"OBJECTID": 24165, "SUBTYPE": 1, "PROJECTNUMBER": "5E204", "INLETSIZE": null, "Location": "NW 23rd & N Villa Ave", "COMMENT": " "}}, {"type": "Feature", "id": 24168, "geometry": {"type": "Point", "coordinates": [-97.60146103937664, 35.54199109642842]}, "properties": {"OBJECTID": 24168, "SUBTYPE": 2, "PROJECTNUMBER": "4E627", "INLETSIZE": null, "Location": "NW Expressway & N Meridian Ave", "COMMENT": " "}}, {"type": "Feature", "id": 24169, "geometry": {"type": "Point", "coordinates": [-97.60259989844863, 35.54215894156142]}, "properties": {"OBJECTID": 24169, "SUBTYPE": 1, "PROJECTNUMBER": "DC-0167", "INLETSIZE": "5'x5'", "Location": "S of NW Expressway, E of N Stanley Ave", "COMMENT": " "}}, {"type": "Feature", "id": 24170, "geometry": {"type": "Point", "coordinates": [-97.60621131564609, 35.54624697661665]}, "properties": {"OBJECTID": 24170, "SUBTYPE": 1, "PROJECTNUMBER": "DC-0067", "INLETSIZE": "Radius", "Location": "Rumsey Rd, S of NW 73rd", "COMMENT": " "}}, {"type": "Feature", "id": 24171, "geometry": {"type": "Point", "coordinates": [-97.6062620332346, 35.54590735864214]}, "properties": {"OBJECTID": 24171, "SUBTYPE": 1, "PROJECTNUMBER": "DC-0067", "INLETSIZE": "Radius", "Location": "Rumsey Rd, S of NW 73rd", "COMMENT": " "}}, {"type": "Feature", "id": 24172, "geometry": {"type": "Point", "coordinates": [-97.60620944044292, 35.54652460152227]}, "properties": {"OBJECTID": 24172, "SUBTYPE": 1, "PROJECTNUMBER": "DC-0067", "INLETSIZE": "Radius", "Location": "NW 73rd & Rumsey Rd", "COMMENT": " "}}, {"type": "Feature", "id": 24173, "geometry": {"type": "Point", "coordinates": [-97.60943962071238, 35.53941677836543]}, "properties": {"OBJECTID": 24173, "SUBTYPE": 2, "PROJECTNUMBER": " ", "INLETSIZE": null, "Location": null, "COMMENT": " "}}, {"type": "Feature", "id": 24174, "geometry": {"type": "Point", "coordinates": [-97.60945725028134, 35.53879875053276]}, "properties": {"OBJECTID": 24174, "SUBTYPE": 2, "PROJECTNUMBER": " ", "INLETSIZE": null, "Location": null, "COMMENT": " "}}, {"type": "Feature", "id": 24175, "geometry": {"type": "Point", "coordinates": [-97.52310920790171, 35.51573666558609]}, "properties": {"OBJECTID": 24175, "SUBTYPE": 2, "PROJECTNUMBER": "DD-0522", "INLETSIZE": null, "Location": "N of N Lee Ave & NW 43rd", "COMMENT": " "}}, {"type": "Feature", "id": 24176, "geometry": {"type": "Point", "coordinates": [-97.5231192580884, 35.51624848984253]}, "properties": {"OBJECTID": 24176, "SUBTYPE": 2, "PROJECTNUMBER": "DD-0522", "INLETSIZE": null, "Location": "N of N Lee Ave & NW 43rd", "COMMENT": " "}}, {"type": "Feature", "id": 24177, "geometry": {"type": "Point", "coordinates": [-97.55665227698172, 35.608429157704464]}, "properties": {"OBJECTID": 24177, "SUBTYPE": 1, "PROJECTNUMBER": "DD-0343", "INLETSIZE": " ", "Location": "SE of W Memorial Rd & Highland Park Blvd", "COMMENT": " "}}, {"type": "Feature", "id": 24178, "geometry": {"type": "Point", "coordinates": [-97.5522820305511, 35.40692992518904]}, "properties": {"OBJECTID": 24178, "SUBTYPE": 0, "PROJECTNUMBER": "10E113", "INLETSIZE": " ", "Location": "SW 59th & S Youngs Blvd", "COMMENT": " "}}, {"type": "Feature", "id": 24179, "geometry": {"type": "Point", "coordinates": [-97.55673914984247, 35.40781192717943]}, "properties": {"OBJECTID": 24179, "SUBTYPE": 1, "PROJECTNUMBER": "73E109", "INLETSIZE": " ", "Location": "S Villa Ave & SW 57th", "COMMENT": " "}}, {"type": "Feature", "id": 24180, "geometry": {"type": "Point", "coordinates": [-97.55673303760605, 35.407522734855306]}, "properties": {"OBJECTID": 24180, "SUBTYPE": 1, "PROJECTNUMBER": "73E109", "INLETSIZE": " ", "Location": "S Villa Ave & SW 57th", "COMMENT": " "}}, {"type": "Feature", "id": 24181, "geometry": {"type": "Point", "coordinates": [-97.5708900976279, 35.41445785157583]}, "properties": {"OBJECTID": 24181, "SUBTYPE": 1, "PROJECTNUMBER": " ", "INLETSIZE": " ", "Location": null, "COMMENT": " "}}, {"type": "Feature", "id": 24182, "geometry": {"type": "Point", "coordinates": [-97.54794607010375, 35.37548771155208]}, "properties": {"OBJECTID": 24182, "SUBTYPE": 1, "PROJECTNUMBER": " ", "INLETSIZE": " ", "Location": null, "COMMENT": " "}}, {"type": "Feature", "id": 24183, "geometry": {"type": "Point", "coordinates": [-97.54816258995601, 35.37702295461996]}, "properties": {"OBJECTID": 24183, "SUBTYPE": 1, "PROJECTNUMBER": " ", "INLETSIZE": " ", "Location": null, "COMMENT": " "}}, {"type": "Feature", "id": 24184, "geometry": {"type": "Point", "coordinates": [-97.54816666014786, 35.37722909322872]}, "properties": {"OBJECTID": 24184, "SUBTYPE": 1, "PROJECTNUMBER": " ", "INLETSIZE": " ", "Location": null, "COMMENT": " "}}, {"type": "Feature", "id": 24186, "geometry": {"type": "Point", "coordinates": [-97.53450282645832, 35.47893544241786]}, "properties": {"OBJECTID": 24186, "SUBTYPE": 1, "PROJECTNUMBER": "PC-0164", "INLETSIZE": "5.5'x5'", "Location": "NW 10th & N Douglas Ave", "COMMENT": " "}}, {"type": "Feature", "id": 24187, "geometry": {"type": "Point", "coordinates": [-97.53450745493006, 35.47873627440004]}, "properties": {"OBJECTID": 24187, "SUBTYPE": 1, "PROJECTNUMBER": "PC-0164", "INLETSIZE": "5.5'x5'", "Location": "NW 10th & N Douglas Ave", "COMMENT": " "}}, {"type": "Feature", "id": 24188, "geometry": {"type": "Point", "coordinates": [-97.53888146102136, 35.47879628273381]}, "properties": {"OBJECTID": 24188, "SUBTYPE": 2, "PROJECTNUMBER": "PC-0164", "INLETSIZE": "4' DIA", "Location": "NW 10th & N Blackwelder Ave", "COMMENT": " "}}, {"type": "Feature", "id": 24189, "geometry": {"type": "Point", "coordinates": [-97.53899917803382, 35.47899129882438]}, "properties": {"OBJECTID": 24189, "SUBTYPE": 2, "PROJECTNUMBER": "PC-0164", "INLETSIZE": "4' DIA", "Location": "NW 10th & N Blackwelder Ave", "COMMENT": " "}}, {"type": "Feature", "id": 24191, "geometry": {"type": "Point", "coordinates": [-97.53938261656855, 35.478668352149434]}, "properties": {"OBJECTID": 24191, "SUBTYPE": 1, "PROJECTNUMBER": "PC-0164", "INLETSIZE": "5.5'x5'", "Location": "NW 10th & N Blackwelder Ave", "COMMENT": " "}}, {"type": "Feature", "id": 24193, "geometry": {"type": "Point", "coordinates": [-97.53961847789645, 35.478906065802626]}, "properties": {"OBJECTID": 24193, "SUBTYPE": 1, "PROJECTNUMBER": "PC-0164", "INLETSIZE": "4'x4'", "Location": "NW 10th & N Blackwelder Ave", "COMMENT": " "}}, {"type": "Feature", "id": 24194, "geometry": {"type": "Point", "coordinates": [-97.54578131214117, 35.478799531724704]}, "properties": {"OBJECTID": 24194, "SUBTYPE": 1, "PROJECTNUMBER": "PC-0164", "INLETSIZE": "4'x4'", "Location": "NW 10th, E of N Virginia Ave", "COMMENT": " "}}, {"type": "Feature", "id": 24195, "geometry": {"type": "Point", "coordinates": [-97.54578657247897, 35.47884828099795]}, "properties": {"OBJECTID": 24195, "SUBTYPE": 1, "PROJECTNUMBER": "PC-0164", "INLETSIZE": "4'x4'", "Location": "NW 10th, E of N Virginia Ave", "COMMENT": " "}}, {"type": "Feature", "id": 24196, "geometry": {"type": "Point", "coordinates": [-97.54418553001246, 35.47893167998606]}, "properties": {"OBJECTID": 24196, "SUBTYPE": 1, "PROJECTNUMBER": "PC-0164", "INLETSIZE": "4'x3'", "Location": "NW 10th, E of N Virginia Ave", "COMMENT": " "}}, {"type": "Feature", "id": 24198, "geometry": {"type": "Point", "coordinates": [-97.56572205615157, 35.39143411510686]}, "properties": {"OBJECTID": 24198, "SUBTYPE": 1, "PROJECTNUMBER": "PC-0163", "INLETSIZE": "6.5'x.6.5'", "Location": "S May Ave & SW 74th", "COMMENT": "#42"}}, {"type": "Feature", "id": 24199, "geometry": {"type": "Point", "coordinates": [-97.56570907093747, 35.3887064953061]}, "properties": {"OBJECTID": 24199, "SUBTYPE": 1, "PROJECTNUMBER": "PC-0163", "INLETSIZE": "10'x10'", "Location": "S May Ave & SW 77th", "COMMENT": "#26"}}, {"type": "Feature", "id": 24200, "geometry": {"type": "Point", "coordinates": [-97.56575109291198, 35.38786282306718]}, "properties": {"OBJECTID": 24200, "SUBTYPE": 1, "PROJECTNUMBER": " ", "INLETSIZE": " ", "Location": null, "COMMENT": " "}}, {"type": "Feature", "id": 24201, "geometry": {"type": "Point", "coordinates": [-97.56570748297099, 35.387369186495924]}, "properties": {"OBJECTID": 24201, "SUBTYPE": 1, "PROJECTNUMBER": "PC-0163", "INLETSIZE": "7.5'x5'", "Location": "S May Ave & SW 78th", "COMMENT": "#25"}}, {"type": "Feature", "id": 24202, "geometry": {"type": "Point", "coordinates": [-97.56569735292108, 35.38603699024313]}, "properties": {"OBJECTID": 24202, "SUBTYPE": 1, "PROJECTNUMBER": "PC-0163", "INLETSIZE": "7.5'x5'", "Location": "S May Ave & SW 80th", "COMMENT": "#24"}}, {"type": "Feature", "id": 24203, "geometry": {"type": "Point", "coordinates": [-97.56569917435115, 35.38586392727633]}, "properties": {"OBJECTID": 24203, "SUBTYPE": 1, "PROJECTNUMBER": "PC-0163", "INLETSIZE": "7.5'x5'", "Location": "S May Ave & SW 80th", "COMMENT": "#23"}}, {"type": "Feature", "id": 24204, "geometry": {"type": "Point", "coordinates": [-97.56570191761438, 35.38568228369706]}, "properties": {"OBJECTID": 24204, "SUBTYPE": 1, "PROJECTNUMBER": "PC-0163", "INLETSIZE": "6.5'x6.5'", "Location": "S May Ave & SW 80th", "COMMENT": "#22"}}, {"type": "Feature", "id": 24205, "geometry": {"type": "Point", "coordinates": [-97.5652102387738, 35.338900419726265]}, "properties": {"OBJECTID": 24205, "SUBTYPE": 1, "PROJECTNUMBER": "PC-0128", "INLETSIZE": "4'x6.5'", "Location": "S May Ave & SW 129th", "COMMENT": " "}}, {"type": "Feature", "id": 24206, "geometry": {"type": "Point", "coordinates": [-97.56521134804716, 35.339445121361365]}, "properties": {"OBJECTID": 24206, "SUBTYPE": 1, "PROJECTNUMBER": "PC-0128", "INLETSIZE": "4'x5.5'", "Location": "S May Ave & SW 128th", "COMMENT": " "}}, {"type": "Feature", "id": 24207, "geometry": {"type": "Point", "coordinates": [-97.56520987920973, 35.33988835805839]}, "properties": {"OBJECTID": 24207, "SUBTYPE": 1, "PROJECTNUMBER": "PC-0128", "INLETSIZE": "4'x5.5'", "Location": "S May Ave & SW 128th", "COMMENT": " "}}, {"type": "Feature", "id": 24208, "geometry": {"type": "Point", "coordinates": [-97.56521686005584, 35.340809421860456]}, "properties": {"OBJECTID": 24208, "SUBTYPE": 1, "PROJECTNUMBER": "PC-0128", "INLETSIZE": "4'x5.5'", "Location": "S May Ave & SW 127th", "COMMENT": " "}}, {"type": "Feature", "id": 24209, "geometry": {"type": "Point", "coordinates": [-97.56523646401679, 35.34836614706555]}, "properties": {"OBJECTID": 24209, "SUBTYPE": 1, "PROJECTNUMBER": "PC-0128", "INLETSIZE": "Radius", "Location": "S May Ave & SW 119th", "COMMENT": " "}}, {"type": "Feature", "id": 24210, "geometry": {"type": "Point", "coordinates": [-97.56550732817368, 35.34882765814097]}, "properties": {"OBJECTID": 24210, "SUBTYPE": 1, "PROJECTNUMBER": "PC-0127", "INLETSIZE": "Radius", "Location": "S May Ave & SW 119th", "COMMENT": " "}}, {"type": "Feature", "id": 24211, "geometry": {"type": "Point", "coordinates": [-97.56550598617675, 35.349501900282704]}, "properties": {"OBJECTID": 24211, "SUBTYPE": 1, "PROJECTNUMBER": "PC-0127", "INLETSIZE": " ", "Location": "S May Ave, N of SW 119th", "COMMENT": " "}}, {"type": "Feature", "id": 24212, "geometry": {"type": "Point", "coordinates": [-97.5655086203886, 35.350513591551916]}, "properties": {"OBJECTID": 24212, "SUBTYPE": 1, "PROJECTNUMBER": "PC-0127", "INLETSIZE": " ", "Location": "S May Ave, N of SW 119th", "COMMENT": " "}}, {"type": "Feature", "id": 24213, "geometry": {"type": "Point", "coordinates": [-97.56551210796839, 35.35147701968052]}, "properties": {"OBJECTID": 24213, "SUBTYPE": 1, "PROJECTNUMBER": "PC-0127", "INLETSIZE": " ", "Location": "S May Ave, N of SW 119th", "COMMENT": " "}}, {"type": "Feature", "id": 24214, "geometry": {"type": "Point", "coordinates": [-97.56551345881039, 35.35243185517777]}, "properties": {"OBJECTID": 24214, "SUBTYPE": 1, "PROJECTNUMBER": "PC-0127", "INLETSIZE": " ", "Location": "S May Ave & SW 115th", "COMMENT": " "}}, {"type": "Feature", "id": 24215, "geometry": {"type": "Point", "coordinates": [-97.56551563070435, 35.353394085310505]}, "properties": {"OBJECTID": 24215, "SUBTYPE": 1, "PROJECTNUMBER": "PC-0127", "INLETSIZE": " ", "Location": "S May Ave & SW 115th", "COMMENT": " "}}, {"type": "Feature", "id": 24216, "geometry": {"type": "Point", "coordinates": [-97.56551836638165, 35.35435965689662]}, "properties": {"OBJECTID": 24216, "SUBTYPE": 1, "PROJECTNUMBER": "PC-0127", "INLETSIZE": " ", "Location": "S May Ave & SW 115th", "COMMENT": " "}}, {"type": "Feature", "id": 24217, "geometry": {"type": "Point", "coordinates": [-97.56551832297639, 35.35466184516314]}, "properties": {"OBJECTID": 24217, "SUBTYPE": 1, "PROJECTNUMBER": "PC-0127", "INLETSIZE": " ", "Location": "S May Ave & SW 112th", "COMMENT": " "}}, {"type": "Feature", "id": 24218, "geometry": {"type": "Point", "coordinates": [-97.56552296011148, 35.355625754611516]}, "properties": {"OBJECTID": 24218, "SUBTYPE": 1, "PROJECTNUMBER": "PC-0127", "INLETSIZE": " ", "Location": "S May Ave & SW 112th", "COMMENT": " "}}, {"type": "Feature", "id": 24219, "geometry": {"type": "Point", "coordinates": [-97.56551838553902, 35.35657293739994]}, "properties": {"OBJECTID": 24219, "SUBTYPE": 1, "PROJECTNUMBER": "PC-0127", "INLETSIZE": " ", "Location": "S May Ave & SW 110th", "COMMENT": " "}}, {"type": "Feature", "id": 24220, "geometry": {"type": "Point", "coordinates": [-97.56552319313953, 35.35753446278067]}, "properties": {"OBJECTID": 24220, "SUBTYPE": 1, "PROJECTNUMBER": "PC-0127", "INLETSIZE": " ", "Location": "S May Ave & SW 110th", "COMMENT": " "}}, {"type": "Feature", "id": 24222, "geometry": {"type": "Point", "coordinates": [-97.49997004383924, 35.604190968435546]}, "properties": {"OBJECTID": 24222, "SUBTYPE": 1, "PROJECTNUMBER": "DD-0251", "INLETSIZE": "Radius", "Location": "NW of NE 130th & N Kelley Ave", "COMMENT": " "}}, {"type": "Feature", "id": 24228, "geometry": {"type": "Point", "coordinates": [-97.56552800085629, 35.358495988233855]}, "properties": {"OBJECTID": 24228, "SUBTYPE": 1, "PROJECTNUMBER": "PC-0127", "INLETSIZE": " ", "Location": "S May Ave & SW 108th", "COMMENT": " "}}, {"type": "Feature", "id": 24229, "geometry": {"type": "Point", "coordinates": [-97.56556057723036, 35.35932681538963]}, "properties": {"OBJECTID": 24229, "SUBTYPE": 1, "PROJECTNUMBER": "PC-0127", "INLETSIZE": " ", "Location": "S May Ave & SW 108th", "COMMENT": " "}}, {"type": "Feature", "id": 24230, "geometry": {"type": "Point", "coordinates": [-97.62924122494427, 35.55150012495774]}, "properties": {"OBJECTID": 24230, "SUBTYPE": 1, "PROJECTNUMBER": "DD-0017", "INLETSIZE": " ", "Location": "W of NW Expressway & W Wilshire Blvd", "COMMENT": " "}}, {"type": "Feature", "id": 24231, "geometry": {"type": "Point", "coordinates": [-97.62709562072926, 35.552683056034496]}, "properties": {"OBJECTID": 24231, "SUBTYPE": 1, "PROJECTNUMBER": "DD-0017", "INLETSIZE": "Radius", "Location": "W of NW Expressway & W Wilshire Blvd", "COMMENT": " "}}, {"type": "Feature", "id": 24232, "geometry": {"type": "Point", "coordinates": [-97.62740529241347, 35.55223677645711]}, "properties": {"OBJECTID": 24232, "SUBTYPE": 1, "PROJECTNUMBER": "DD-0017", "INLETSIZE": "Radius", "Location": "W of NW Expressway & W Wilshire Blvd", "COMMENT": " "}}, {"type": "Feature", "id": 24233, "geometry": {"type": "Point", "coordinates": [-97.62807057136234, 35.55181927188304]}, "properties": {"OBJECTID": 24233, "SUBTYPE": 1, "PROJECTNUMBER": "DD-0017", "INLETSIZE": "Radius", "Location": "W of NW Expressway & W Wilshire Blvd", "COMMENT": " "}}, {"type": "Feature", "id": 24234, "geometry": {"type": "Point", "coordinates": [-97.62816995844894, 35.55182070331501]}, "properties": {"OBJECTID": 24234, "SUBTYPE": 1, "PROJECTNUMBER": "DD-0017", "INLETSIZE": " ", "Location": "W of NW Expressway & W Wilshire Blvd", "COMMENT": " "}}, {"type": "Feature", "id": 24235, "geometry": {"type": "Point", "coordinates": [-97.62923782668206, 35.55193043178124]}, "properties": {"OBJECTID": 24235, "SUBTYPE": 1, "PROJECTNUMBER": "DD-0017", "INLETSIZE": "Radius", "Location": "W of NW Expressway & W Wilshire Blvd", "COMMENT": " "}}, {"type": "Feature", "id": 24236, "geometry": {"type": "Point", "coordinates": [-97.62994159292961, 35.55648146383609]}, "properties": {"OBJECTID": 24236, "SUBTYPE": 1, "PROJECTNUMBER": "24E609", "INLETSIZE": "Radius", "Location": "Candlewood Dr & NW 84th Pl", "COMMENT": " "}}, {"type": "Feature", "id": 24237, "geometry": {"type": "Point", "coordinates": [-97.63025698884654, 35.55582786103695]}, "properties": {"OBJECTID": 24237, "SUBTYPE": 1, "PROJECTNUMBER": "24E609", "INLETSIZE": "Raidus", "Location": "Candlewood Dr & NW 84th Pl", "COMMENT": " "}}, {"type": "Feature", "id": 24238, "geometry": {"type": "Point", "coordinates": [-97.63134270933837, 35.55510980134094]}, "properties": {"OBJECTID": 24238, "SUBTYPE": 1, "PROJECTNUMBER": " ", "INLETSIZE": " ", "Location": null, "COMMENT": " "}}, {"type": "Feature", "id": 24239, "geometry": {"type": "Point", "coordinates": [-97.63824532885836, 35.56068339123257]}, "properties": {"OBJECTID": 24239, "SUBTYPE": 1, "PROJECTNUMBER": "20E609", "INLETSIZE": null, "Location": "N Rockwell Ave & N Rockwell Dr", "COMMENT": " "}}, {"type": "Feature", "id": 24240, "geometry": {"type": "Point", "coordinates": [-97.63824044320108, 35.56300751622806]}, "properties": {"OBJECTID": 24240, "SUBTYPE": 1, "PROJECTNUMBER": "20E609", "INLETSIZE": null, "Location": "N Rockwell Ave & Roxbury Blvd", "COMMENT": " "}}, {"type": "Feature", "id": 24241, "geometry": {"type": "Point", "coordinates": [-97.63274162453239, 35.564657732102816]}, "properties": {"OBJECTID": 24241, "SUBTYPE": 1, "PROJECTNUMBER": "DC-0072", "INLETSIZE": "Radius", "Location": "SE of Candlewood Dr & Redlands Dr", "COMMENT": " "}}, {"type": "Feature", "id": 24242, "geometry": {"type": "Point", "coordinates": [-97.63104775366983, 35.565520184813415]}, "properties": {"OBJECTID": 24242, "SUBTYPE": 1, "PROJECTNUMBER": "DC-0072", "INLETSIZE": "7'x6'", "Location": "W Britton Rd, E of Briarcreek Dr", "COMMENT": " "}}, {"type": "Feature", "id": 24243, "geometry": {"type": "Point", "coordinates": [-97.6310588799086, 35.564728133149956]}, "properties": {"OBJECTID": 24243, "SUBTYPE": 1, "PROJECTNUMBER": "DC-0072", "INLETSIZE": "Radius", "Location": "SE of Candlewood Dr & Redlands Dr", "COMMENT": " "}}, {"type": "Feature", "id": 24244, "geometry": {"type": "Point", "coordinates": [-97.63123093018345, 35.564716093135154]}, "properties": {"OBJECTID": 24244, "SUBTYPE": 1, "PROJECTNUMBER": "DC-0072", "INLETSIZE": "6'x6'", "Location": "SE of Candlewood Dr & Redlands Dr", "COMMENT": " "}}, {"type": "Feature", "id": 24245, "geometry": {"type": "Point", "coordinates": [-97.68904572210086, 35.45710212799435]}, "properties": {"OBJECTID": 24245, "SUBTYPE": 1, "PROJECTNUMBER": "PC-0090", "INLETSIZE": "STD", "Location": "S Morgan Rd & SW 8th", "COMMENT": " "}}, {"type": "Feature", "id": 24246, "geometry": {"type": "Point", "coordinates": [-97.68902686560773, 35.455784601712296]}, "properties": {"OBJECTID": 24246, "SUBTYPE": 1, "PROJECTNUMBER": "PC-0090", "INLETSIZE": "5'", "Location": "S Morgan Rd, S of SW 8th", "COMMENT": " "}}, {"type": "Feature", "id": 24247, "geometry": {"type": "Point", "coordinates": [-97.68904627075824, 35.45510835367951]}, "properties": {"OBJECTID": 24247, "SUBTYPE": 1, "PROJECTNUMBER": "PC-0090", "INLETSIZE": "6'x4'", "Location": "S Morgan Rd, S of SW 8th", "COMMENT": " "}}, {"type": "Feature", "id": 24248, "geometry": {"type": "Point", "coordinates": [-97.68906222500947, 35.45345234347495]}, "properties": {"OBJECTID": 24248, "SUBTYPE": 1, "PROJECTNUMBER": "PC-0090", "INLETSIZE": "8'x6'", "Location": "S Morgan Rd & Blue Bonnet Pl", "COMMENT": " "}}, {"type": "Feature", "id": 24250, "geometry": {"type": "Point", "coordinates": [-97.56511796724627, 35.348473395794386]}, "properties": {"OBJECTID": 24250, "SUBTYPE": 1, "PROJECTNUMBER": "PC-0128", "INLETSIZE": "Radius", "Location": "S May Ave & SW 119th", "COMMENT": " "}}, {"type": "Feature", "id": 24251, "geometry": {"type": "Point", "coordinates": [-97.5611055658064, 35.34988244373806]}, "properties": {"OBJECTID": 24251, "SUBTYPE": 1, "PROJECTNUMBER": "PD-0391", "INLETSIZE": "Radius", "Location": "NE of SW 119th & S May Ave", "COMMENT": null}}, {"type": "Feature", "id": 24254, "geometry": {"type": "Point", "coordinates": [-97.54701445721945, 35.6100465666584]}, "properties": {"OBJECTID": 24254, "SUBTYPE": 1, "PROJECTNUMBER": "DD-0061", "INLETSIZE": "6'x14' RAD", "Location": "NE of N Pennsylvania Ave & W Memorial Rd", "COMMENT": " "}}, {"type": "Feature", "id": 24255, "geometry": {"type": "Point", "coordinates": [-97.54801001079251, 35.61123618022951]}, "properties": {"OBJECTID": 24255, "SUBTYPE": 1, "PROJECTNUMBER": "DD-0061", "INLETSIZE": "6'x4'", "Location": "NE of N Pennsylvania Ave & W Memorial Rd", "COMMENT": " "}}, {"type": "Feature", "id": 24256, "geometry": {"type": "Point", "coordinates": [-97.54914617900863, 35.61122976325577]}, "properties": {"OBJECTID": 24256, "SUBTYPE": 1, "PROJECTNUMBER": "DD-0061", "INLETSIZE": "6'x4'", "Location": "NE of N Pennsylvania Ave & W Memorial Rd", "COMMENT": " "}}, {"type": "Feature", "id": 24262, "geometry": {"type": "Point", "coordinates": [-97.60940760398755, 35.54938976846929]}, "properties": {"OBJECTID": 24262, "SUBTYPE": 2, "PROJECTNUMBER": "DC-0006", "INLETSIZE": " ", "Location": "N Ann Arbor Ave & South of Wilshire Blvd", "COMMENT": " "}}, {"type": "Feature", "id": 24263, "geometry": {"type": "Point", "coordinates": [-97.52772425735604, 35.610259343717985]}, "properties": {"OBJECTID": 24263, "SUBTYPE": 1, "PROJECTNUMBER": " ", "INLETSIZE": " ", "Location": null, "COMMENT": " "}}, {"type": "Feature", "id": 24264, "geometry": {"type": "Point", "coordinates": [-97.53071870764448, 35.613713854482334]}, "properties": {"OBJECTID": 24264, "SUBTYPE": 1, "PROJECTNUMBER": "PD-0080", "INLETSIZE": " ", "Location": "NW 140th & Fairhill Ave", "COMMENT": " "}}, {"type": "Feature", "id": 24265, "geometry": {"type": "Point", "coordinates": [-97.52347627398463, 35.556378115739896]}, "properties": {"OBJECTID": 24265, "SUBTYPE": 0, "PROJECTNUMBER": "63E121", "INLETSIZE": null, "Location": "NW 84th & N Walker Ave", "COMMENT": null}}, {"type": "Feature", "id": 24266, "geometry": {"type": "Point", "coordinates": [-97.52346675310005, 35.55796321008978]}, "properties": {"OBJECTID": 24266, "SUBTYPE": 1, "PROJECTNUMBER": "63E121", "INLETSIZE": " ", "Location": "SE of NW 88th & N Shartel Ave", "COMMENT": null}}, {"type": "Feature", "id": 24267, "geometry": {"type": "Point", "coordinates": [-97.52396094060741, 35.55796519119526]}, "properties": {"OBJECTID": 24267, "SUBTYPE": 1, "PROJECTNUMBER": "63E121", "INLETSIZE": " ", "Location": "SE of NW 88th & N Shartel Ave", "COMMENT": null}}, {"type": "Feature", "id": 24268, "geometry": {"type": "Point", "coordinates": [-97.52395838559055, 35.55839099662981]}, "properties": {"OBJECTID": 24268, "SUBTYPE": 1, "PROJECTNUMBER": "63E121", "INLETSIZE": " ", "Location": "SE of NW 88th & N Shartel Ave", "COMMENT": null}}, {"type": "Feature", "id": 24269, "geometry": {"type": "Point", "coordinates": [-97.52402754797173, 35.558391273724894]}, "properties": {"OBJECTID": 24269, "SUBTYPE": 0, "PROJECTNUMBER": "63E121", "INLETSIZE": " ", "Location": "SE of NW 88th & N Shartel Ave", "COMMENT": null}}, {"type": "Feature", "id": 24270, "geometry": {"type": "Point", "coordinates": [-97.52402056786381, 35.558970990717974]}, "properties": {"OBJECTID": 24270, "SUBTYPE": 1, "PROJECTNUMBER": "63E121", "INLETSIZE": " ", "Location": "SE of NW 88th & N Shartel Ave", "COMMENT": null}}, {"type": "Feature", "id": 24271, "geometry": {"type": "Point", "coordinates": [-97.52477587759269, 35.558966144889425]}, "properties": {"OBJECTID": 24271, "SUBTYPE": 1, "PROJECTNUMBER": "63E121", "INLETSIZE": " ", "Location": "SE of NW 88th & N Shartel Ave", "COMMENT": null}}, {"type": "Feature", "id": 24272, "geometry": {"type": "Point", "coordinates": [-97.52477081602017, 35.559366433240875]}, "properties": {"OBJECTID": 24272, "SUBTYPE": 1, "PROJECTNUMBER": "63E121", "INLETSIZE": " ", "Location": "SE of NW 88th & N Shartel Ave", "COMMENT": null}}, {"type": "Feature", "id": 24273, "geometry": {"type": "Point", "coordinates": [-97.52476209289792, 35.56035695486051]}, "properties": {"OBJECTID": 24273, "SUBTYPE": 1, "PROJECTNUMBER": "63E121", "INLETSIZE": " ", "Location": "SE of NW 88th & N Shartel Ave", "COMMENT": null}}, {"type": "Feature", "id": 24274, "geometry": {"type": "Point", "coordinates": [-97.53112011021355, 35.55937279988345]}, "properties": {"OBJECTID": 24274, "SUBTYPE": 1, "PROJECTNUMBER": "63E121", "INLETSIZE": " ", "Location": "NW 87th & N Western Ave", "COMMENT": null}}, {"type": "Feature", "id": 24275, "geometry": {"type": "Point", "coordinates": [-97.5306687427793, 35.5589506965936]}, "properties": {"OBJECTID": 24275, "SUBTYPE": 1, "PROJECTNUMBER": " ", "INLETSIZE": "Radius", "Location": null, "COMMENT": null}}, {"type": "Feature", "id": 24276, "geometry": {"type": "Point", "coordinates": [-97.53066625623705, 35.55937100792474]}, "properties": {"OBJECTID": 24276, "SUBTYPE": 1, "PROJECTNUMBER": "63E121", "INLETSIZE": " ", "Location": "NW 87th & N Western Ave", "COMMENT": null}}, {"type": "Feature", "id": 24277, "geometry": {"type": "Point", "coordinates": [-97.52998192133677, 35.55854963787401]}, "properties": {"OBJECTID": 24277, "SUBTYPE": 1, "PROJECTNUMBER": "63E121", "INLETSIZE": "Radius", "Location": "NW 86th & N Western Ave", "COMMENT": " "}}, {"type": "Feature", "id": 24278, "geometry": {"type": "Point", "coordinates": [-97.52998545127576, 35.55893905268054]}, "properties": {"OBJECTID": 24278, "SUBTYPE": 1, "PROJECTNUMBER": "63E121", "INLETSIZE": "Radius", "Location": "NW 86th & N Western Ave", "COMMENT": " "}}, {"type": "Feature", "id": 24279, "geometry": {"type": "Point", "coordinates": [-97.52895319671268, 35.55854556375848]}, "properties": {"OBJECTID": 24279, "SUBTYPE": 1, "PROJECTNUMBER": "63E121", "INLETSIZE": null, "Location": "NW 86th & N Francis Ave", "COMMENT": null}}, {"type": "Feature", "id": 24281, "geometry": {"type": "Point", "coordinates": [-97.52296006732826, 35.551456403760255]}, "properties": {"OBJECTID": 24281, "SUBTYPE": 1, "PROJECTNUMBER": " ", "INLETSIZE": " ", "Location": null, "COMMENT": null}}, {"type": "Feature", "id": 24282, "geometry": {"type": "Point", "coordinates": [-97.5232872525229, 35.55333330828343]}, "properties": {"OBJECTID": 24282, "SUBTYPE": 1, "PROJECTNUMBER": " ", "INLETSIZE": " ", "Location": null, "COMMENT": "Check survey"}}, {"type": "Feature", "id": 24283, "geometry": {"type": "Point", "coordinates": [-97.52328650973641, 35.553456929840415]}, "properties": {"OBJECTID": 24283, "SUBTYPE": 1, "PROJECTNUMBER": " ", "INLETSIZE": " ", "Location": null, "COMMENT": " "}}, {"type": "Feature", "id": 24285, "geometry": {"type": "Point", "coordinates": [-97.52914582122693, 35.536772956683485]}, "properties": {"OBJECTID": 24285, "SUBTYPE": 1, "PROJECTNUMBER": "ST-1033", "INLETSIZE": "Radius", "Location": "E of Western and N of NW 63rd St", "COMMENT": " "}}, {"type": "Feature", "id": 24286, "geometry": {"type": "Point", "coordinates": [-97.52915057503954, 35.53740815148381]}, "properties": {"OBJECTID": 24286, "SUBTYPE": 1, "PROJECTNUMBER": "ST-1033", "INLETSIZE": " ", "Location": "E of Western and N of NW 63rd St", "COMMENT": " "}}, {"type": "Feature", "id": 24287, "geometry": {"type": "Point", "coordinates": [-97.5295366903814, 35.53763221556329]}, "properties": {"OBJECTID": 24287, "SUBTYPE": 1, "PROJECTNUMBER": "14E121", "INLETSIZE": " ", "Location": "Western Ave & N of NW 63rd St", "COMMENT": " "}}, {"type": "Feature", "id": 24288, "geometry": {"type": "Point", "coordinates": [-97.53906136993228, 35.39312124496344]}, "properties": {"OBJECTID": 24288, "SUBTYPE": 1, "PROJECTNUMBER": "DD-0250", "INLETSIZE": " ", "Location": "SW of SW 72nd & S Blackwelder Ave", "COMMENT": " "}}, {"type": "Feature", "id": 24289, "geometry": {"type": "Point", "coordinates": [-97.53907747455652, 35.392825025949215]}, "properties": {"OBJECTID": 24289, "SUBTYPE": 1, "PROJECTNUMBER": "DD-0250", "INLETSIZE": " ", "Location": "SW of SW 72nd & S Blackwelder Ave", "COMMENT": " "}}, {"type": "Feature", "id": 24290, "geometry": {"type": "Point", "coordinates": [-97.55671312257887, 35.42785434935691]}, "properties": {"OBJECTID": 24290, "SUBTYPE": 2, "PROJECTNUMBER": "5E113", "INLETSIZE": "4", "Location": "SW Grand Blvd, W of S Agnew Ave", "COMMENT": " "}}, {"type": "Feature", "id": 24291, "geometry": {"type": "Point", "coordinates": [-97.55743119291662, 35.42924247359901]}, "properties": {"OBJECTID": 24291, "SUBTYPE": 2, "PROJECTNUMBER": " ", "INLETSIZE": null, "Location": null, "COMMENT": " "}}, {"type": "Feature", "id": 24292, "geometry": {"type": "Point", "coordinates": [-97.55911613050735, 35.43119456778568]}, "properties": {"OBJECTID": 24292, "SUBTYPE": 2, "PROJECTNUMBER": " ", "INLETSIZE": null, "Location": null, "COMMENT": " "}}, {"type": "Feature", "id": 24293, "geometry": {"type": "Point", "coordinates": [-97.56125125568029, 35.43119627430842]}, "properties": {"OBJECTID": 24293, "SUBTYPE": 2, "PROJECTNUMBER": " ", "INLETSIZE": null, "Location": null, "COMMENT": " "}}, {"type": "Feature", "id": 24294, "geometry": {"type": "Point", "coordinates": [-97.56124694744209, 35.43026035708985]}, "properties": {"OBJECTID": 24294, "SUBTYPE": 2, "PROJECTNUMBER": " ", "INLETSIZE": null, "Location": null, "COMMENT": " "}}, {"type": "Feature", "id": 24295, "geometry": {"type": "Point", "coordinates": [-97.56124479126767, 35.429276932948895]}, "properties": {"OBJECTID": 24295, "SUBTYPE": 2, "PROJECTNUMBER": " ", "INLETSIZE": null, "Location": null, "COMMENT": " "}}, {"type": "Feature", "id": 24296, "geometry": {"type": "Point", "coordinates": [-97.55793427379672, 35.4331184064922]}, "properties": {"OBJECTID": 24296, "SUBTYPE": 2, "PROJECTNUMBER": " ", "INLETSIZE": null, "Location": null, "COMMENT": " "}}, {"type": "Feature", "id": 24297, "geometry": {"type": "Point", "coordinates": [-97.5591090788639, 35.43312003155398]}, "properties": {"OBJECTID": 24297, "SUBTYPE": 2, "PROJECTNUMBER": " ", "INLETSIZE": null, "Location": null, "COMMENT": " "}}, {"type": "Feature", "id": 24298, "geometry": {"type": "Point", "coordinates": [-97.55911029516702, 35.432295881872115]}, "properties": {"OBJECTID": 24298, "SUBTYPE": 2, "PROJECTNUMBER": " ", "INLETSIZE": null, "Location": null, "COMMENT": " "}}, {"type": "Feature", "id": 24299, "geometry": {"type": "Point", "coordinates": [-97.5656868890589, 35.4341483530748]}, "properties": {"OBJECTID": 24299, "SUBTYPE": 2, "PROJECTNUMBER": "21E106", "INLETSIZE": "4", "Location": "SW 30th & S May Ave", "COMMENT": " "}}, {"type": "Feature", "id": 24300, "geometry": {"type": "Point", "coordinates": [-97.55683297344794, 35.43430154737954]}, "properties": {"OBJECTID": 24300, "SUBTYPE": 2, "PROJECTNUMBER": " ", "INLETSIZE": null, "Location": null, "COMMENT": " "}}, {"type": "Feature", "id": 24301, "geometry": {"type": "Point", "coordinates": [-97.55682783386615, 35.43313224644828]}, "properties": {"OBJECTID": 24301, "SUBTYPE": 2, "PROJECTNUMBER": " ", "INLETSIZE": null, "Location": null, "COMMENT": " "}}, {"type": "Feature", "id": 24302, "geometry": {"type": "Point", "coordinates": [-97.55681997800653, 35.43134211900483]}, "properties": {"OBJECTID": 24302, "SUBTYPE": 2, "PROJECTNUMBER": " ", "INLETSIZE": null, "Location": null, "COMMENT": " "}}, {"type": "Feature", "id": 24303, "geometry": {"type": "Point", "coordinates": [-97.55687110538847, 35.431212820559615]}, "properties": {"OBJECTID": 24303, "SUBTYPE": 2, "PROJECTNUMBER": " ", "INLETSIZE": null, "Location": null, "COMMENT": " "}}, {"type": "Feature", "id": 24304, "geometry": {"type": "Point", "coordinates": [-97.55688275173067, 35.43008468380517]}, "properties": {"OBJECTID": 24304, "SUBTYPE": 2, "PROJECTNUMBER": " ", "INLETSIZE": null, "Location": null, "COMMENT": " "}}, {"type": "Feature", "id": 24305, "geometry": {"type": "Point", "coordinates": [-97.55688743936344, 35.429244064122216]}, "properties": {"OBJECTID": 24305, "SUBTYPE": 2, "PROJECTNUMBER": " ", "INLETSIZE": null, "Location": null, "COMMENT": " "}}, {"type": "Feature", "id": 24306, "geometry": {"type": "Point", "coordinates": [-97.65349741927253, 35.576938898290024]}, "properties": {"OBJECTID": 24306, "SUBTYPE": 2, "PROJECTNUMBER": "PD-0002", "INLETSIZE": null, "Location": "Maehs Pl, N of Maehs Ter", "COMMENT": " "}}, {"type": "Feature", "id": 24307, "geometry": {"type": "Point", "coordinates": [-97.65350060478282, 35.57685267883778]}, "properties": {"OBJECTID": 24307, "SUBTYPE": 2, "PROJECTNUMBER": "PD-0002", "INLETSIZE": null, "Location": "Maehs Pl, N of Maehs Ter", "COMMENT": " "}}, {"type": "Feature", "id": 24308, "geometry": {"type": "Point", "coordinates": [-97.6534079302432, 35.57672068107557]}, "properties": {"OBJECTID": 24308, "SUBTYPE": 2, "PROJECTNUMBER": "PD-0002", "INLETSIZE": null, "Location": "Maehs Pl, N of Maehs Ter", "COMMENT": " "}}, {"type": "Feature", "id": 24309, "geometry": {"type": "Point", "coordinates": [-97.6489970179349, 35.57786226145976]}, "properties": {"OBJECTID": 24309, "SUBTYPE": 2, "PROJECTNUMBER": "PD-0002", "INLETSIZE": null, "Location": "Vicinity of Hefner Rd. & Council Rd.", "COMMENT": " "}}, {"type": "Feature", "id": 24310, "geometry": {"type": "Point", "coordinates": [-97.64889458414245, 35.57764866863299]}, "properties": {"OBJECTID": 24310, "SUBTYPE": 2, "PROJECTNUMBER": "PD-0002", "INLETSIZE": null, "Location": "Vicinity of Hefner Rd. & Council Rd.", "COMMENT": " "}}, {"type": "Feature", "id": 24311, "geometry": {"type": "Point", "coordinates": [-97.64883273196172, 35.57741108933666]}, "properties": {"OBJECTID": 24311, "SUBTYPE": 2, "PROJECTNUMBER": "PD-0002", "INLETSIZE": null, "Location": "Vicinity of Hefner Rd. & Council Rd.", "COMMENT": " "}}, {"type": "Feature", "id": 24312, "geometry": {"type": "Point", "coordinates": [-97.6491137635033, 35.57741155351719]}, "properties": {"OBJECTID": 24312, "SUBTYPE": 2, "PROJECTNUMBER": "PD-0002", "INLETSIZE": null, "Location": "Vicinity of Hefner Rd. & Council Rd.", "COMMENT": " "}}, {"type": "Feature", "id": 24313, "geometry": {"type": "Point", "coordinates": [-97.64929207683768, 35.577281849407925]}, "properties": {"OBJECTID": 24313, "SUBTYPE": 2, "PROJECTNUMBER": "PD-0002", "INLETSIZE": null, "Location": "Vicinity of Hefner Rd. & Council Rd.", "COMMENT": " "}}, {"type": "Feature", "id": 24314, "geometry": {"type": "Point", "coordinates": [-97.6492927754551, 35.577049248073905]}, "properties": {"OBJECTID": 24314, "SUBTYPE": 2, "PROJECTNUMBER": "PD-0002", "INLETSIZE": null, "Location": "Vicinity of Hefner Rd. & Council Rd.", "COMMENT": " "}}, {"type": "Feature", "id": 24315, "geometry": {"type": "Point", "coordinates": [-97.50930291785055, 35.56584169307297]}, "properties": {"OBJECTID": 24315, "SUBTYPE": 2, "PROJECTNUMBER": "PD-0001", "INLETSIZE": null, "Location": "N Oklahoma Ave & E Britton Rd", "COMMENT": " "}}, {"type": "Feature", "id": 24316, "geometry": {"type": "Point", "coordinates": [-97.50907989981225, 35.565683600433694]}, "properties": {"OBJECTID": 24316, "SUBTYPE": 2, "PROJECTNUMBER": " ", "INLETSIZE": null, "Location": null, "COMMENT": " "}}, {"type": "Feature", "id": 24317, "geometry": {"type": "Point", "coordinates": [-97.50943624979372, 35.56568527228038]}, "properties": {"OBJECTID": 24317, "SUBTYPE": 2, "PROJECTNUMBER": " ", "INLETSIZE": null, "Location": null, "COMMENT": " "}}, {"type": "Feature", "id": 24318, "geometry": {"type": "Point", "coordinates": [-97.50341219640839, 35.50045643868044]}, "properties": {"OBJECTID": 24318, "SUBTYPE": 1, "PROJECTNUMBER": "16E113", "INLETSIZE": "Special", "Location": "N Lincoln Blvd & NE 30th", "COMMENT": " "}}, {"type": "Feature", "id": 24319, "geometry": {"type": "Point", "coordinates": [-97.4532522567242, 35.47858698923436]}, "properties": {"OBJECTID": 24319, "SUBTYPE": 2, "PROJECTNUMBER": "PC-0253", "INLETSIZE": "4' DIA", "Location": "NE 10th, E of Standish Ave", "COMMENT": " "}}, {"type": "Feature", "id": 24320, "geometry": {"type": "Point", "coordinates": [-97.45433368332608, 35.47858310328508]}, "properties": {"OBJECTID": 24320, "SUBTYPE": 2, "PROJECTNUMBER": "PC-0253", "INLETSIZE": "4' DIA", "Location": "NE 10th, E of Standish Ave", "COMMENT": " "}}, {"type": "Feature", "id": 24321, "geometry": {"type": "Point", "coordinates": [-97.45541503228671, 35.47857187496267]}, "properties": {"OBJECTID": 24321, "SUBTYPE": 2, "PROJECTNUMBER": "PC-0253", "INLETSIZE": "4' DIA", "Location": "NE 10th & Standish Ave", "COMMENT": " "}}, {"type": "Feature", "id": 24322, "geometry": {"type": "Point", "coordinates": [-97.45706720344236, 35.4785485408044]}, "properties": {"OBJECTID": 24322, "SUBTYPE": 2, "PROJECTNUMBER": "PC-0253", "INLETSIZE": "4' DIA", "Location": "NE 10th, E of N Bryant Ave", "COMMENT": " "}}, {"type": "Feature", "id": 24323, "geometry": {"type": "Point", "coordinates": [-97.45770271847242, 35.478540316777874]}, "properties": {"OBJECTID": 24323, "SUBTYPE": 2, "PROJECTNUMBER": "PC-0253", "INLETSIZE": "4' DIA", "Location": null, "COMMENT": " "}}, {"type": "Feature", "id": 24324, "geometry": {"type": "Point", "coordinates": [-97.45849961427234, 35.478525452999556]}, "properties": {"OBJECTID": 24324, "SUBTYPE": 2, "PROJECTNUMBER": "PC-0253", "INLETSIZE": "4' DIA", "Location": "NE 10th, E of N Bryant Ave", "COMMENT": " "}}, {"type": "Feature", "id": 24325, "geometry": {"type": "Point", "coordinates": [-97.54803792727176, 35.38246841853264]}, "properties": {"OBJECTID": 24325, "SUBTYPE": 2, "PROJECTNUMBER": " ", "INLETSIZE": null, "Location": null, "COMMENT": " "}}, {"type": "Feature", "id": 24326, "geometry": {"type": "Point", "coordinates": [-97.54797530526399, 35.382521223175324]}, "properties": {"OBJECTID": 24326, "SUBTYPE": 2, "PROJECTNUMBER": " ", "INLETSIZE": null, "Location": null, "COMMENT": " "}}, {"type": "Feature", "id": 24327, "geometry": {"type": "Point", "coordinates": [-97.54796789267482, 35.382161429553975]}, "properties": {"OBJECTID": 24327, "SUBTYPE": 2, "PROJECTNUMBER": " ", "INLETSIZE": null, "Location": null, "COMMENT": " "}}, {"type": "Feature", "id": 24328, "geometry": {"type": "Point", "coordinates": [-97.56570936660331, 35.37727963944443]}, "properties": {"OBJECTID": 24328, "SUBTYPE": 2, "PROJECTNUMBER": " ", "INLETSIZE": null, "Location": null, "COMMENT": " "}}, {"type": "Feature", "id": 24329, "geometry": {"type": "Point", "coordinates": [-97.5658167259893, 35.37721649103399]}, "properties": {"OBJECTID": 24329, "SUBTYPE": 2, "PROJECTNUMBER": " ", "INLETSIZE": null, "Location": null, "COMMENT": " "}}, {"type": "Feature", "id": 24330, "geometry": {"type": "Point", "coordinates": [-97.54793295130338, 35.37471564210758]}, "properties": {"OBJECTID": 24330, "SUBTYPE": 2, "PROJECTNUMBER": " ", "INLETSIZE": null, "Location": null, "COMMENT": " "}}, {"type": "Feature", "id": 24331, "geometry": {"type": "Point", "coordinates": [-97.54791636884482, 35.37308723517361]}, "properties": {"OBJECTID": 24331, "SUBTYPE": 2, "PROJECTNUMBER": " ", "INLETSIZE": null, "Location": null, "COMMENT": " "}}, {"type": "Feature", "id": 24332, "geometry": {"type": "Point", "coordinates": [-97.5479201463864, 35.373891117277765]}, "properties": {"OBJECTID": 24332, "SUBTYPE": 2, "PROJECTNUMBER": " ", "INLETSIZE": null, "Location": null, "COMMENT": " "}}, {"type": "Feature", "id": 24333, "geometry": {"type": "Point", "coordinates": [-97.54483478113077, 35.37724953153148]}, "properties": {"OBJECTID": 24333, "SUBTYPE": 2, "PROJECTNUMBER": " ", "INLETSIZE": null, "Location": null, "COMMENT": " "}}, {"type": "Feature", "id": 24335, "geometry": {"type": "Point", "coordinates": [-97.54546653277251, 35.377249809608884]}, "properties": {"OBJECTID": 24335, "SUBTYPE": 2, "PROJECTNUMBER": " ", "INLETSIZE": null, "Location": null, "COMMENT": " "}}, {"type": "Feature", "id": 24336, "geometry": {"type": "Point", "coordinates": [-97.54645822062994, 35.37724943046328]}, "properties": {"OBJECTID": 24336, "SUBTYPE": 2, "PROJECTNUMBER": " ", "INLETSIZE": null, "Location": null, "COMMENT": " "}}, {"type": "Feature", "id": 24337, "geometry": {"type": "Point", "coordinates": [-97.54678507491323, 35.37724075994658]}, "properties": {"OBJECTID": 24337, "SUBTYPE": 2, "PROJECTNUMBER": " ", "INLETSIZE": null, "Location": null, "COMMENT": " "}}, {"type": "Feature", "id": 24338, "geometry": {"type": "Point", "coordinates": [-97.54759130992758, 35.37720895660563]}, "properties": {"OBJECTID": 24338, "SUBTYPE": 2, "PROJECTNUMBER": " ", "INLETSIZE": null, "Location": null, "COMMENT": " "}}, {"type": "Feature", "id": 24339, "geometry": {"type": "Point", "coordinates": [-97.54803716992495, 35.37698971058697]}, "properties": {"OBJECTID": 24339, "SUBTYPE": 2, "PROJECTNUMBER": " ", "INLETSIZE": null, "Location": null, "COMMENT": " "}}, {"type": "Feature", "id": 24340, "geometry": {"type": "Point", "coordinates": [-97.51078629282054, 35.46435336656109]}, "properties": {"OBJECTID": 24340, "SUBTYPE": 2, "PROJECTNUMBER": "PC-0198", "INLETSIZE": null, "Location": "S Oklahoma Ave & E Reno Ave", "COMMENT": " "}}, {"type": "Feature", "id": 24341, "geometry": {"type": "Point", "coordinates": [-97.51076969632439, 35.46473123986813]}, "properties": {"OBJECTID": 24341, "SUBTYPE": 2, "PROJECTNUMBER": "PC-0198", "INLETSIZE": null, "Location": "S Oklahoma Ave & E Reno Ave", "COMMENT": " "}}, {"type": "Feature", "id": 24342, "geometry": {"type": "Point", "coordinates": [-97.52858721607713, 35.478771804281756]}, "properties": {"OBJECTID": 24342, "SUBTYPE": 2, "PROJECTNUMBER": " ", "INLETSIZE": null, "Location": null, "COMMENT": " "}}, {"type": "Feature", "id": 24343, "geometry": {"type": "Point", "coordinates": [-97.52858772160556, 35.478686643557545]}, "properties": {"OBJECTID": 24343, "SUBTYPE": 2, "PROJECTNUMBER": " ", "INLETSIZE": null, "Location": null, "COMMENT": " "}}, {"type": "Feature", "id": 24344, "geometry": {"type": "Point", "coordinates": [-97.5287825121187, 35.47868741705614]}, "properties": {"OBJECTID": 24344, "SUBTYPE": 2, "PROJECTNUMBER": " ", "INLETSIZE": null, "Location": null, "COMMENT": " "}}, {"type": "Feature", "id": 24347, "geometry": {"type": "Point", "coordinates": [-97.5353783192737, 35.47894675290961]}, "properties": {"OBJECTID": 24347, "SUBTYPE": 2, "PROJECTNUMBER": "PC-0164", "INLETSIZE": "4' DIA", "Location": "NW 10th & N Brauer Ave", "COMMENT": " "}}, {"type": "Feature", "id": 24348, "geometry": {"type": "Point", "coordinates": [-97.5355835129477, 35.47902126215612]}, "properties": {"OBJECTID": 24348, "SUBTYPE": 1, "PROJECTNUMBER": "PC-0164", "INLETSIZE": "4'x4'", "Location": "NW 10th & N Brauer Ave", "COMMENT": " "}}, {"type": "Feature", "id": 24349, "geometry": {"type": "Point", "coordinates": [-97.53558346931155, 35.47894600825205]}, "properties": {"OBJECTID": 24349, "SUBTYPE": 1, "PROJECTNUMBER": "PC-0164", "INLETSIZE": "4'x4'", "Location": "NW 10th & N Brauer Ave", "COMMENT": " "}}, {"type": "Feature", "id": 24350, "geometry": {"type": "Point", "coordinates": [-97.53571928524424, 35.478945105614294]}, "properties": {"OBJECTID": 24350, "SUBTYPE": 2, "PROJECTNUMBER": "PC-0164", "INLETSIZE": "4' DIA", "Location": "NW 10th & N Brauer Ave", "COMMENT": " "}}, {"type": "Feature", "id": 24351, "geometry": {"type": "Point", "coordinates": [-97.53649849095532, 35.47894021232241]}, "properties": {"OBJECTID": 24351, "SUBTYPE": 2, "PROJECTNUMBER": "PC-0164", "INLETSIZE": "4' DIA", "Location": "NW 10th & N McKinley Ave", "COMMENT": " "}}, {"type": "Feature", "id": 24352, "geometry": {"type": "Point", "coordinates": [-97.53668665432879, 35.47873000867585]}, "properties": {"OBJECTID": 24352, "SUBTYPE": 2, "PROJECTNUMBER": " ", "INLETSIZE": null, "Location": null, "COMMENT": " "}}, {"type": "Feature", "id": 24353, "geometry": {"type": "Point", "coordinates": [-97.53898907990265, 35.478797201011105]}, "properties": {"OBJECTID": 24353, "SUBTYPE": 2, "PROJECTNUMBER": "PC-0164", "INLETSIZE": "4' DIA", "Location": "NW 10th & N Blackwelder Ave", "COMMENT": " "}}, {"type": "Feature", "id": 24354, "geometry": {"type": "Point", "coordinates": [-97.5392535793498, 35.478904287548616]}, "properties": {"OBJECTID": 24354, "SUBTYPE": 2, "PROJECTNUMBER": "PC-0164", "INLETSIZE": "4' DIA", "Location": "NW 10th & N Blackwelder Ave", "COMMENT": " "}}, {"type": "Feature", "id": 24357, "geometry": {"type": "Point", "coordinates": [-97.53988839632291, 35.478915243144215]}, "properties": {"OBJECTID": 24357, "SUBTYPE": 2, "PROJECTNUMBER": "PC-0164", "INLETSIZE": "4' DIA", "Location": "NW 10th & N Indiana Ave", "COMMENT": " "}}, {"type": "Feature", "id": 24358, "geometry": {"type": "Point", "coordinates": [-97.54106019318377, 35.47893145178109]}, "properties": {"OBJECTID": 24358, "SUBTYPE": 2, "PROJECTNUMBER": "PC-0164", "INLETSIZE": "4' DIA", "Location": "NW 10th & N Indiana Ave", "COMMENT": " "}}, {"type": "Feature", "id": 24359, "geometry": {"type": "Point", "coordinates": [-97.54089635071689, 35.47893201057553]}, "properties": {"OBJECTID": 24359, "SUBTYPE": 2, "PROJECTNUMBER": "PC-0164", "INLETSIZE": "4' DIA", "Location": "NW 10th & N Indiana Ave", "COMMENT": " "}}, {"type": "Feature", "id": 24363, "geometry": {"type": "Point", "coordinates": [-97.54500759535047, 35.47893302791295]}, "properties": {"OBJECTID": 24363, "SUBTYPE": 2, "PROJECTNUMBER": "PC-0164", "INLETSIZE": "4' DIA", "Location": "NW 10th, E of N Virginia Ave", "COMMENT": " "}}, {"type": "Feature", "id": 24364, "geometry": {"type": "Point", "coordinates": [-97.54318566770885, 35.478924998671616]}, "properties": {"OBJECTID": 24364, "SUBTYPE": 2, "PROJECTNUMBER": "PC-0164", "INLETSIZE": "4' DIA", "Location": "NW 10th & N Kentucky Ave", "COMMENT": " "}}, {"type": "Feature", "id": 24370, "geometry": {"type": "Point", "coordinates": [-97.56570534755946, 35.39725227850452]}, "properties": {"OBJECTID": 24370, "SUBTYPE": 2, "PROJECTNUMBER": "PC-0163", "INLETSIZE": "4' DIA", "Location": "S May Ave & SW 65th", "COMMENT": "#61"}}, {"type": "Feature", "id": 24371, "geometry": {"type": "Point", "coordinates": [-97.56571148191479, 35.395348239769255]}, "properties": {"OBJECTID": 24371, "SUBTYPE": 2, "PROJECTNUMBER": "PC-0163", "INLETSIZE": "4' DIA", "Location": "S May Ave, N of I-240", "COMMENT": "#53"}}, {"type": "Feature", "id": 24372, "geometry": {"type": "Point", "coordinates": [-97.56570870952847, 35.39257773396833]}, "properties": {"OBJECTID": 24372, "SUBTYPE": 2, "PROJECTNUMBER": "PC-0163", "INLETSIZE": "4' DIA", "Location": "S May Ave, N of SW 74th", "COMMENT": "#48"}}, {"type": "Feature", "id": 24373, "geometry": {"type": "Point", "coordinates": [-97.56571034172369, 35.392352694876244]}, "properties": {"OBJECTID": 24373, "SUBTYPE": 2, "PROJECTNUMBER": "PC-0163", "INLETSIZE": "4' DIA", "Location": "S May Ave, N of SW 74th", "COMMENT": "#46"}}, {"type": "Feature", "id": 24374, "geometry": {"type": "Point", "coordinates": [-97.53908076803465, 35.392464470823896]}, "properties": {"OBJECTID": 24374, "SUBTYPE": 1, "PROJECTNUMBER": "DD-0250", "INLETSIZE": " ", "Location": "SW of SW 72nd & S Blackwelder Ave", "COMMENT": " "}}, {"type": "Feature", "id": 24375, "geometry": {"type": "Point", "coordinates": [-97.53913512072039, 35.393579815237146]}, "properties": {"OBJECTID": 24375, "SUBTYPE": 1, "PROJECTNUMBER": "DD-0250", "INLETSIZE": " ", "Location": "SW of SW 72nd & S Blackwelder Ave", "COMMENT": " "}}, {"type": "Feature", "id": 24376, "geometry": {"type": "Point", "coordinates": [-97.53908186404443, 35.392206895410126]}, "properties": {"OBJECTID": 24376, "SUBTYPE": 1, "PROJECTNUMBER": "DD-0250", "INLETSIZE": " ", "Location": "SW of SW 72nd & S Blackwelder Ave", "COMMENT": " "}}, {"type": "Feature", "id": 24377, "geometry": {"type": "Point", "coordinates": [-97.53507537912702, 35.39350408735905]}, "properties": {"OBJECTID": 24377, "SUBTYPE": 1, "PROJECTNUMBER": "DC-0101", "INLETSIZE": "10'x5.5'", "Location": "S of S Douglas PL & SW 72ndSE of S Douglas PL & SW 72nd", "COMMENT": " "}}, {"type": "Feature", "id": 24379, "geometry": {"type": "Point", "coordinates": [-97.52146211837992, 35.424222652893256]}, "properties": {"OBJECTID": 24379, "SUBTYPE": 1, "PROJECTNUMBER": "1E202", "INLETSIZE": " ", "Location": "SW 41st & S Walker Ave", "COMMENT": " "}}, {"type": "Feature", "id": 24380, "geometry": {"type": "Point", "coordinates": [-97.4934915484442, 35.40975291558858]}, "properties": {"OBJECTID": 24380, "SUBTYPE": 1, "PROJECTNUMBER": "1E208", "INLETSIZE": " ", "Location": "SE 59th, E of S High Ave", "COMMENT": " "}}, {"type": "Feature", "id": 24381, "geometry": {"type": "Point", "coordinates": [-97.49370927234835, 35.40990312228062]}, "properties": {"OBJECTID": 24381, "SUBTYPE": 1, "PROJECTNUMBER": "1E208", "INLETSIZE": " ", "Location": "SE 59th, E of S High Ave", "COMMENT": " "}}, {"type": "Feature", "id": 24382, "geometry": {"type": "Point", "coordinates": [-97.4941952394805, 35.410733705121636]}, "properties": {"OBJECTID": 24382, "SUBTYPE": 1, "PROJECTNUMBER": "1E208", "INLETSIZE": " ", "Location": "SE 59th, E of S High Ave", "COMMENT": " "}}, {"type": "Feature", "id": 24383, "geometry": {"type": "Point", "coordinates": [-97.48774920543998, 35.41808327565674]}, "properties": {"OBJECTID": 24383, "SUBTYPE": 1, "PROJECTNUMBER": " ", "INLETSIZE": " ", "Location": null, "COMMENT": " "}}, {"type": "Feature", "id": 24384, "geometry": {"type": "Point", "coordinates": [-97.50152630675107, 35.430417128536874]}, "properties": {"OBJECTID": 24384, "SUBTYPE": 1, "PROJECTNUMBER": "20E207", "INLETSIZE": "Special", "Location": "S Durland Ave & SE 34th", "COMMENT": " "}}, {"type": "Feature", "id": 24385, "geometry": {"type": "Point", "coordinates": [-97.50151973091238, 35.43048724778515]}, "properties": {"OBJECTID": 24385, "SUBTYPE": 1, "PROJECTNUMBER": "20E207", "INLETSIZE": "4'x6'", "Location": "S Durland Ave & SE 34th", "COMMENT": " "}}, {"type": "Feature", "id": 24386, "geometry": {"type": "Point", "coordinates": [-97.50149541162862, 35.43083990253134]}, "properties": {"OBJECTID": 24386, "SUBTYPE": 1, "PROJECTNUMBER": "20E207", "INLETSIZE": "4'x6'", "Location": "S Durland Ave & SE 34th", "COMMENT": " "}}, {"type": "Feature", "id": 24387, "geometry": {"type": "Point", "coordinates": [-97.50149511931606, 35.43146698622496]}, "properties": {"OBJECTID": 24387, "SUBTYPE": 1, "PROJECTNUMBER": "20E207", "INLETSIZE": "4'x5'", "Location": "S Durland Ave & SE 34th", "COMMENT": " "}}, {"type": "Feature", "id": 24388, "geometry": {"type": "Point", "coordinates": [-97.50149138342665, 35.431831474219514]}, "properties": {"OBJECTID": 24388, "SUBTYPE": 1, "PROJECTNUMBER": "20E207", "INLETSIZE": "4'x5'", "Location": "S Durland Ave & SE 34th", "COMMENT": " "}}, {"type": "Feature", "id": 24389, "geometry": {"type": "Point", "coordinates": [-97.49689660781583, 35.43749763421525]}, "properties": {"OBJECTID": 24389, "SUBTYPE": 1, "PROJECTNUMBER": "DC-0008", "INLETSIZE": "4'x4'x4'", "Location": "NW of SE 29th Street & High Avenue", "COMMENT": " "}}, {"type": "Feature", "id": 24390, "geometry": {"type": "Point", "coordinates": [-97.4968887139623, 35.438529135893305]}, "properties": {"OBJECTID": 24390, "SUBTYPE": 1, "PROJECTNUMBER": " ", "INLETSIZE": " ", "Location": null, "COMMENT": " "}}, {"type": "Feature", "id": 24391, "geometry": {"type": "Point", "coordinates": [-97.49467829755424, 35.43852884782969]}, "properties": {"OBJECTID": 24391, "SUBTYPE": 1, "PROJECTNUMBER": " ", "INLETSIZE": " ", "Location": null, "COMMENT": " "}}, {"type": "Feature", "id": 24393, "geometry": {"type": "Point", "coordinates": [-97.5034149516407, 35.45300913822534]}, "properties": {"OBJECTID": 24393, "SUBTYPE": 1, "PROJECTNUMBER": " ", "INLETSIZE": " ", "Location": null, "COMMENT": " "}}, {"type": "Feature", "id": 24394, "geometry": {"type": "Point", "coordinates": [-97.50347885086782, 35.45211163220128]}, "properties": {"OBJECTID": 24394, "SUBTYPE": 2, "PROJECTNUMBER": "15E113", "INLETSIZE": " ", "Location": "S Byers Ave & SE 12th", "COMMENT": " "}}, {"type": "Feature", "id": 24396, "geometry": {"type": "Point", "coordinates": [-97.65411015533694, 35.42707170208621]}, "properties": {"OBJECTID": 24396, "SUBTYPE": 1, "PROJECTNUMBER": "DD-0484", "INLETSIZE": " ", "Location": "S Council Rd & SW 36th", "COMMENT": " "}}, {"type": "Feature", "id": 24397, "geometry": {"type": "Point", "coordinates": [-97.55905120827617, 35.46271538282216]}, "properties": {"OBJECTID": 24397, "SUBTYPE": 1, "PROJECTNUMBER": "21E208", "INLETSIZE": "Radius", "Location": "S Linn Ave, S of W Sheridan Ave", "COMMENT": " "}}, {"type": "Feature", "id": 24398, "geometry": {"type": "Point", "coordinates": [-97.56001661383877, 35.46271181251424]}, "properties": {"OBJECTID": 24398, "SUBTYPE": 1, "PROJECTNUMBER": "21E208", "INLETSIZE": "Special", "Location": "S Linn Ave, S of W Sheridan Ave", "COMMENT": " "}}, {"type": "Feature", "id": 24399, "geometry": {"type": "Point", "coordinates": [-97.56579202234644, 35.44191573875523]}, "properties": {"OBJECTID": 24399, "SUBTYPE": 0, "PROJECTNUMBER": "DC-0050", "INLETSIZE": "5'x5'", "Location": "S May Ave & SW 23rd", "COMMENT": " "}}, {"type": "Feature", "id": 24400, "geometry": {"type": "Point", "coordinates": [-97.5657710704252, 35.442283406804336]}, "properties": {"OBJECTID": 24400, "SUBTYPE": 0, "PROJECTNUMBER": "DC-0050", "INLETSIZE": "Des 7", "Location": "S May Ave & SW 23rd", "COMMENT": " "}}, {"type": "Feature", "id": 24401, "geometry": {"type": "Point", "coordinates": [-97.56572729061133, 35.44282928730304]}, "properties": {"OBJECTID": 24401, "SUBTYPE": 0, "PROJECTNUMBER": "DC-0050", "INLETSIZE": "Des 7", "Location": "S May Ave & SW 23rd", "COMMENT": " "}}, {"type": "Feature", "id": 24402, "geometry": {"type": "Point", "coordinates": [-97.56542412815438, 35.44030272554447]}, "properties": {"OBJECTID": 24402, "SUBTYPE": 1, "PROJECTNUMBER": "DC-0050", "INLETSIZE": "Des 7", "Location": "S May Ave & SW 24th", "COMMENT": " "}}, {"type": "Feature", "id": 24403, "geometry": {"type": "Point", "coordinates": [-97.565381145304, 35.44129098148859]}, "properties": {"OBJECTID": 24403, "SUBTYPE": 1, "PROJECTNUMBER": "DC-0050", "INLETSIZE": "Des 7", "Location": "NE of S May Ave & SW 24th", "COMMENT": " "}}, {"type": "Feature", "id": 24404, "geometry": {"type": "Point", "coordinates": [-97.56542609681914, 35.442827229925555]}, "properties": {"OBJECTID": 24404, "SUBTYPE": 1, "PROJECTNUMBER": "DC-0050", "INLETSIZE": null, "Location": "S May Ave & SW 23rd", "COMMENT": " "}}, {"type": "Feature", "id": 24405, "geometry": {"type": "Point", "coordinates": [-97.56544378011829, 35.44236458582979]}, "properties": {"OBJECTID": 24405, "SUBTYPE": 1, "PROJECTNUMBER": "DC-0050", "INLETSIZE": null, "Location": "S May Ave & SW 23rd", "COMMENT": " "}}, {"type": "Feature", "id": 24409, "geometry": {"type": "Point", "coordinates": [-97.52155415659395, 35.449619977945005]}, "properties": {"OBJECTID": 24409, "SUBTYPE": 1, "PROJECTNUMBER": " ", "INLETSIZE": " ", "Location": null, "COMMENT": " "}}, {"type": "Feature", "id": 24410, "geometry": {"type": "Point", "coordinates": [-97.52060154964272, 35.44947565331794]}, "properties": {"OBJECTID": 24410, "SUBTYPE": 1, "PROJECTNUMBER": " ", "INLETSIZE": " ", "Location": null, "COMMENT": " "}}, {"type": "Feature", "id": 24411, "geometry": {"type": "Point", "coordinates": [-97.52020204900775, 35.44947260808463]}, "properties": {"OBJECTID": 24411, "SUBTYPE": 1, "PROJECTNUMBER": " ", "INLETSIZE": " ", "Location": null, "COMMENT": " "}}, {"type": "Feature", "id": 24412, "geometry": {"type": "Point", "coordinates": [-97.53244367789445, 35.43936962826706]}, "properties": {"OBJECTID": 24412, "SUBTYPE": 1, "PROJECTNUMBER": "18E206", "INLETSIZE": " ", "Location": "S Klein Ave & SW 25th", "COMMENT": " "}}, {"type": "Feature", "id": 24413, "geometry": {"type": "Point", "coordinates": [-97.53295252782843, 35.43516938461877]}, "properties": {"OBJECTID": 24413, "SUBTYPE": 1, "PROJECTNUMBER": "18E206", "INLETSIZE": " ", "Location": "S Klein Ave & SW 29th", "COMMENT": " "}}, {"type": "Feature", "id": 24414, "geometry": {"type": "Point", "coordinates": [-97.52168618259448, 35.444468209567006]}, "properties": {"OBJECTID": 24414, "SUBTYPE": 1, "PROJECTNUMBER": " ", "INLETSIZE": " ", "Location": null, "COMMENT": " "}}, {"type": "Feature", "id": 24415, "geometry": {"type": "Point", "coordinates": [-97.52169155770838, 35.4435753954922]}, "properties": {"OBJECTID": 24415, "SUBTYPE": 1, "PROJECTNUMBER": " ", "INLETSIZE": " ", "Location": null, "COMMENT": " "}}, {"type": "Feature", "id": 24416, "geometry": {"type": "Point", "coordinates": [-97.7506162974417, 35.468336500414296]}, "properties": {"OBJECTID": 24416, "SUBTYPE": 1, "PROJECTNUMBER": "PD-0119", "INLETSIZE": "7'x5'", "Location": "Ridgegate Rd & Bradgate Dr", "COMMENT": " "}}, {"type": "Feature", "id": 24417, "geometry": {"type": "Point", "coordinates": [-97.75128403601025, 35.46821040841361]}, "properties": {"OBJECTID": 24417, "SUBTYPE": 1, "PROJECTNUMBER": "PD-0119", "INLETSIZE": "12X7", "Location": "Ridgegate Rd, W of Bradgate Dr", "COMMENT": " "}}, {"type": "Feature", "id": 24421, "geometry": {"type": "Point", "coordinates": [-97.62117493801492, 35.480697736394866]}, "properties": {"OBJECTID": 24421, "SUBTYPE": 1, "PROJECTNUMBER": "DC-0012", "INLETSIZE": "9'x9'x14'", "Location": "W of MacArthur Blvd & N of Reno Ave", "COMMENT": " "}}, {"type": "Feature", "id": 24424, "geometry": {"type": "Point", "coordinates": [-97.62208649407923, 35.4823700801705]}, "properties": {"OBJECTID": 24424, "SUBTYPE": 1, "PROJECTNUMBER": "DC-0012", "INLETSIZE": "9'x9'x10'", "Location": "W of MacArthur Blvd & N of Reno Ave", "COMMENT": " "}}, {"type": "Feature", "id": 24434, "geometry": {"type": "Point", "coordinates": [-97.6245943712572, 35.4877525368481]}, "properties": {"OBJECTID": 24434, "SUBTYPE": 1, "PROJECTNUMBER": "DC-0012", "INLETSIZE": " ", "Location": "W of MacArthur Blvd & N of Reno Ave", "COMMENT": " "}}, {"type": "Feature", "id": 24437, "geometry": {"type": "Point", "coordinates": [-97.55903341575592, 35.4641055695393]}, "properties": {"OBJECTID": 24437, "SUBTYPE": 1, "PROJECTNUMBER": "21E208", "INLETSIZE": " ", "Location": "S Linn Ave, S of W Sheridan Ave", "COMMENT": " "}}, {"type": "Feature", "id": 24438, "geometry": {"type": "Point", "coordinates": [-97.55886662974306, 35.46744375224774]}, "properties": {"OBJECTID": 24438, "SUBTYPE": 1, "PROJECTNUMBER": "21E208", "INLETSIZE": " ", "Location": "S Linn Ave, S of W Sheridan Ave", "COMMENT": " "}}, {"type": "Feature", "id": 24446, "geometry": {"type": "Point", "coordinates": [-97.55914706344448, 35.466282850103745]}, "properties": {"OBJECTID": 24446, "SUBTYPE": 1, "PROJECTNUMBER": "21E208", "INLETSIZE": " ", "Location": "S Linn Ave, S of W Sheridan Ave", "COMMENT": " "}}, {"type": "Feature", "id": 24448, "geometry": {"type": "Point", "coordinates": [-97.56544970358536, 35.39015611460526]}, "properties": {"OBJECTID": 24448, "SUBTYPE": 2, "PROJECTNUMBER": "DD-0065", "INLETSIZE": "5' DIA", "Location": "SE of SW 74th & S May Ave", "COMMENT": null}}, {"type": "Feature", "id": 24449, "geometry": {"type": "Point", "coordinates": [-97.56544696417951, 35.38983350537378]}, "properties": {"OBJECTID": 24449, "SUBTYPE": 2, "PROJECTNUMBER": "PC-0163", "INLETSIZE": "4' DIA", "Location": "S May Ave & SW 76th", "COMMENT": "#39"}}, {"type": "Feature", "id": 24450, "geometry": {"type": "Point", "coordinates": [-97.56544890274726, 35.38949515043656]}, "properties": {"OBJECTID": 24450, "SUBTYPE": 2, "PROJECTNUMBER": "PC-0163", "INLETSIZE": "4' DIA", "Location": "S May Ave & SW 76th", "COMMENT": "#38"}}, {"type": "Feature", "id": 24451, "geometry": {"type": "Point", "coordinates": [-97.56545261304737, 35.38901528507814]}, "properties": {"OBJECTID": 24451, "SUBTYPE": 2, "PROJECTNUMBER": "PC-0163", "INLETSIZE": "4' DIA", "Location": "S May Ave & SW 76th", "COMMENT": "#37"}}, {"type": "Feature", "id": 24452, "geometry": {"type": "Point", "coordinates": [-97.56574538392226, 35.38743605045772]}, "properties": {"OBJECTID": 24452, "SUBTYPE": 2, "PROJECTNUMBER": " ", "INLETSIZE": null, "Location": null, "COMMENT": " "}}, {"type": "Feature", "id": 24453, "geometry": {"type": "Point", "coordinates": [-97.56574283563269, 35.38553715737194]}, "properties": {"OBJECTID": 24453, "SUBTYPE": 2, "PROJECTNUMBER": null, "INLETSIZE": null, "Location": "S May Ave & SW 80th", "COMMENT": null}}, {"type": "Feature", "id": 24454, "geometry": {"type": "Point", "coordinates": [-97.48418832638447, 35.39133601711438]}, "properties": {"OBJECTID": 24454, "SUBTYPE": 2, "PROJECTNUMBER": " ", "INLETSIZE": null, "Location": null, "COMMENT": " "}}, {"type": "Feature", "id": 24455, "geometry": {"type": "Point", "coordinates": [-97.56522719959665, 35.3434246645367]}, "properties": {"OBJECTID": 24455, "SUBTYPE": 2, "PROJECTNUMBER": "PC-0128", "INLETSIZE": "4' DIA", "Location": "S May Ave & SW 124th Ct", "COMMENT": " "}}, {"type": "Feature", "id": 24457, "geometry": {"type": "Point", "coordinates": [-97.56552918479113, 35.339889767283175]}, "properties": {"OBJECTID": 24457, "SUBTYPE": 2, "PROJECTNUMBER": "PC-0128", "INLETSIZE": "5' DIA", "Location": "S May Ave & SW 128th", "COMMENT": " "}}, {"type": "Feature", "id": 24459, "geometry": {"type": "Point", "coordinates": [-97.56521058302788, 35.342119702315244]}, "properties": {"OBJECTID": 24459, "SUBTYPE": 2, "PROJECTNUMBER": "PC-0128", "INLETSIZE": "5' DIA", "Location": "S May Ave & SW 125th", "COMMENT": " "}}, {"type": "Feature", "id": 24460, "geometry": {"type": "Point", "coordinates": [-97.56550045166507, 35.34212076562101]}, "properties": {"OBJECTID": 24460, "SUBTYPE": 2, "PROJECTNUMBER": "PC-0128", "INLETSIZE": "4' DIA", "Location": "S May Ave & SW 125th", "COMMENT": " "}}, {"type": "Feature", "id": 24461, "geometry": {"type": "Point", "coordinates": [-97.56524936344448, 35.34421529886043]}, "properties": {"OBJECTID": 24461, "SUBTYPE": 2, "PROJECTNUMBER": "PC-0128", "INLETSIZE": "4' DIA", "Location": "S May Ave, N of SW 124th Ct", "COMMENT": " "}}, {"type": "Feature", "id": 24462, "geometry": {"type": "Point", "coordinates": [-97.56550583103572, 35.34342711693947]}, "properties": {"OBJECTID": 24462, "SUBTYPE": 2, "PROJECTNUMBER": "PC-0128", "INLETSIZE": "4' DIA", "Location": "S May Ave & SW 124th Ct", "COMMENT": " "}}, {"type": "Feature", "id": 24463, "geometry": {"type": "Point", "coordinates": [-97.5652252429349, 35.3445667806728]}, "properties": {"OBJECTID": 24463, "SUBTYPE": 2, "PROJECTNUMBER": "PC-0128", "INLETSIZE": "4' DIA", "Location": "S May Ave, S of SW 119th", "COMMENT": " "}}, {"type": "Feature", "id": 24464, "geometry": {"type": "Point", "coordinates": [-97.56523187600982, 35.345354744321824]}, "properties": {"OBJECTID": 24464, "SUBTYPE": 2, "PROJECTNUMBER": "PC-0128", "INLETSIZE": "4' DIA", "Location": "S May Ave, S of SW 119th", "COMMENT": " "}}, {"type": "Feature", "id": 24465, "geometry": {"type": "Point", "coordinates": [-97.56522203081147, 35.34617526554932]}, "properties": {"OBJECTID": 24465, "SUBTYPE": 2, "PROJECTNUMBER": "PC-0128", "INLETSIZE": "4' DIA", "Location": "S May Ave, S of SW 119th", "COMMENT": " "}}, {"type": "Feature", "id": 24466, "geometry": {"type": "Point", "coordinates": [-97.56522738050252, 35.34672327281052]}, "properties": {"OBJECTID": 24466, "SUBTYPE": 2, "PROJECTNUMBER": "PC-0128", "INLETSIZE": "4' DIA", "Location": "S May Ave, S of SW 119th", "COMMENT": " "}}, {"type": "Feature", "id": 24467, "geometry": {"type": "Point", "coordinates": [-97.56524077661099, 35.34728205579981]}, "properties": {"OBJECTID": 24467, "SUBTYPE": 2, "PROJECTNUMBER": "PC-0128", "INLETSIZE": "4' DIA", "Location": "S May Ave, S of SW 119th", "COMMENT": " "}}, {"type": "Feature", "id": 24474, "geometry": {"type": "Point", "coordinates": [-97.4736974291593, 35.50039223264605]}, "properties": {"OBJECTID": 24474, "SUBTYPE": 2, "PROJECTNUMBER": "6E201", "INLETSIZE": null, "Location": "NE of N MLK Ave & NE 23rd", "COMMENT": " "}}, {"type": "Feature", "id": 24475, "geometry": {"type": "Point", "coordinates": [-97.4738649557571, 35.50039343123759]}, "properties": {"OBJECTID": 24475, "SUBTYPE": 2, "PROJECTNUMBER": "6E201", "INLETSIZE": null, "Location": "NE of N MLK Ave & NE 23rd", "COMMENT": " "}}, {"type": "Feature", "id": 24476, "geometry": {"type": "Point", "coordinates": [-97.47388617709102, 35.49892266459371]}, "properties": {"OBJECTID": 24476, "SUBTYPE": 2, "PROJECTNUMBER": "6E201", "INLETSIZE": null, "Location": "NE of N MLK Ave & NE 23rd", "COMMENT": " "}}, {"type": "Feature", "id": 24477, "geometry": {"type": "Point", "coordinates": [-97.47420424970319, 35.497576023907975]}, "properties": {"OBJECTID": 24477, "SUBTYPE": 0, "PROJECTNUMBER": "6E201", "INLETSIZE": null, "Location": "NE of N MLK Ave & NE 23rd", "COMMENT": " "}}, {"type": "Feature", "id": 24478, "geometry": {"type": "Point", "coordinates": [-97.47445841522268, 35.49686598639043]}, "properties": {"OBJECTID": 24478, "SUBTYPE": 2, "PROJECTNUMBER": "6E201", "INLETSIZE": null, "Location": "NE of N MLK Ave & NE 23rd", "COMMENT": " "}}, {"type": "Feature", "id": 24479, "geometry": {"type": "Point", "coordinates": [-97.47473941985253, 35.49450964225588]}, "properties": {"OBJECTID": 24479, "SUBTYPE": 2, "PROJECTNUMBER": "6E201", "INLETSIZE": null, "Location": "NE of N MLK Ave & NE 23rd", "COMMENT": " "}}, {"type": "Feature", "id": 24480, "geometry": {"type": "Point", "coordinates": [-97.47431952424012, 35.49451019106177]}, "properties": {"OBJECTID": 24480, "SUBTYPE": 2, "PROJECTNUMBER": "6E201", "INLETSIZE": null, "Location": "NE of N MLK Ave & NE 23rd", "COMMENT": " "}}, {"type": "Feature", "id": 24481, "geometry": {"type": "Point", "coordinates": [-97.47432108417783, 35.49342896244194]}, "properties": {"OBJECTID": 24481, "SUBTYPE": 2, "PROJECTNUMBER": "6E201", "INLETSIZE": null, "Location": "NE of N MLK Ave & NE 23rd", "COMMENT": " "}}, {"type": "Feature", "id": 24482, "geometry": {"type": "Point", "coordinates": [-97.47678942053899, 35.49321899540632]}, "properties": {"OBJECTID": 24482, "SUBTYPE": 2, "PROJECTNUMBER": " ", "INLETSIZE": null, "Location": null, "COMMENT": " "}}, {"type": "Feature", "id": 24483, "geometry": {"type": "Point", "coordinates": [-97.47570759849583, 35.49322191067596]}, "properties": {"OBJECTID": 24483, "SUBTYPE": 2, "PROJECTNUMBER": " ", "INLETSIZE": null, "Location": null, "COMMENT": " "}}, {"type": "Feature", "id": 24484, "geometry": {"type": "Point", "coordinates": [-97.474213364911, 35.493226408879366]}, "properties": {"OBJECTID": 24484, "SUBTYPE": 2, "PROJECTNUMBER": " ", "INLETSIZE": null, "Location": null, "COMMENT": " "}}, {"type": "Feature", "id": 24489, "geometry": {"type": "Point", "coordinates": [-97.47899102643754, 35.49844054497409]}, "properties": {"OBJECTID": 24489, "SUBTYPE": 2, "PROJECTNUMBER": "3E114", "INLETSIZE": null, "Location": "N Missouri Ave & NE 28th", "COMMENT": " "}}, {"type": "Feature", "id": 24490, "geometry": {"type": "Point", "coordinates": [-97.47898780727887, 35.49959701940654]}, "properties": {"OBJECTID": 24490, "SUBTYPE": 2, "PROJECTNUMBER": "3E114", "INLETSIZE": null, "Location": "N Missouri Ave & NE 29th", "COMMENT": " "}}, {"type": "Feature", "id": 24491, "geometry": {"type": "Point", "coordinates": [-97.4789811663094, 35.50033672281123]}, "properties": {"OBJECTID": 24491, "SUBTYPE": 2, "PROJECTNUMBER": "3E114", "INLETSIZE": null, "Location": "N Missouri Ave", "COMMENT": " "}}, {"type": "Feature", "id": 24492, "geometry": {"type": "Point", "coordinates": [-97.47898342533037, 35.5004368908533]}, "properties": {"OBJECTID": 24492, "SUBTYPE": 2, "PROJECTNUMBER": "3E114", "INLETSIZE": null, "Location": "N Missouri Ave", "COMMENT": " "}}, {"type": "Feature", "id": 24493, "geometry": {"type": "Point", "coordinates": [-97.48083569734938, 35.50044414971835]}, "properties": {"OBJECTID": 24493, "SUBTYPE": 2, "PROJECTNUMBER": " ", "INLETSIZE": null, "Location": null, "COMMENT": " "}}, {"type": "Feature", "id": 24494, "geometry": {"type": "Point", "coordinates": [-97.48083657497911, 35.50027741023113]}, "properties": {"OBJECTID": 24494, "SUBTYPE": 2, "PROJECTNUMBER": "3E114", "INLETSIZE": null, "Location": "N of N Rhode Island Ave & NE 26th", "COMMENT": " "}}, {"type": "Feature", "id": 24495, "geometry": {"type": "Point", "coordinates": [-97.48090303366747, 35.49994359768622]}, "properties": {"OBJECTID": 24495, "SUBTYPE": 2, "PROJECTNUMBER": "3E114", "INLETSIZE": null, "Location": "N of N Rhode Island Ave & NE 26th", "COMMENT": " "}}, {"type": "Feature", "id": 24496, "geometry": {"type": "Point", "coordinates": [-97.48090528975332, 35.49934366291976]}, "properties": {"OBJECTID": 24496, "SUBTYPE": 2, "PROJECTNUMBER": "3E114", "INLETSIZE": null, "Location": "N of N Rhode Island Ave & NE 26th", "COMMENT": " "}}, {"type": "Feature", "id": 24497, "geometry": {"type": "Point", "coordinates": [-97.48091185487728, 35.49852413553219]}, "properties": {"OBJECTID": 24497, "SUBTYPE": 2, "PROJECTNUMBER": " ", "INLETSIZE": null, "Location": null, "COMMENT": " "}}, {"type": "Feature", "id": 24498, "geometry": {"type": "Point", "coordinates": [-97.48091356665917, 35.49798383541637]}, "properties": {"OBJECTID": 24498, "SUBTYPE": 2, "PROJECTNUMBER": "3E114", "INLETSIZE": null, "Location": "N of N Rhode Island Ave & NE 26th", "COMMENT": " "}}, {"type": "Feature", "id": 24499, "geometry": {"type": "Point", "coordinates": [-97.4832516029981, 35.49847617569714]}, "properties": {"OBJECTID": 24499, "SUBTYPE": 2, "PROJECTNUMBER": "ST-0844", "INLETSIZE": "6' DIA", "Location": "N Jordan Ave, N of NE 27th", "COMMENT": " "}}, {"type": "Feature", "id": 24500, "geometry": {"type": "Point", "coordinates": [-97.48341351608805, 35.49787698358829]}, "properties": {"OBJECTID": 24500, "SUBTYPE": 2, "PROJECTNUMBER": "ST-0844", "INLETSIZE": "4' DIA", "Location": "N Jordan Ave, N of NE 27th", "COMMENT": " "}}, {"type": "Feature", "id": 24501, "geometry": {"type": "Point", "coordinates": [-97.48344445601097, 35.49775852021363]}, "properties": {"OBJECTID": 24501, "SUBTYPE": 2, "PROJECTNUMBER": "ST-0844", "INLETSIZE": "4' DIA", "Location": "N Jordan Ave, N of NE 27th", "COMMENT": " "}}, {"type": "Feature", "id": 24502, "geometry": {"type": "Point", "coordinates": [-97.48492313227761, 35.497762798780734]}, "properties": {"OBJECTID": 24502, "SUBTYPE": 2, "PROJECTNUMBER": "ST-0844", "INLETSIZE": "4' DIA", "Location": "NE 27th, E of N Prospect Ave", "COMMENT": " "}}, {"type": "Feature", "id": 24503, "geometry": {"type": "Point", "coordinates": [-97.48492982004844, 35.4968668165005]}, "properties": {"OBJECTID": 24503, "SUBTYPE": 2, "PROJECTNUMBER": "ST-0844", "INLETSIZE": "4' DIA", "Location": "NE 26th, E of N Prospect Ave", "COMMENT": " "}}, {"type": "Feature", "id": 24504, "geometry": {"type": "Point", "coordinates": [-97.48119164481272, 35.4972610067582]}, "properties": {"OBJECTID": 24504, "SUBTYPE": 2, "PROJECTNUMBER": "3E114", "INLETSIZE": null, "Location": "N of N Rhode Island Ave & NE 26th", "COMMENT": " "}}, {"type": "Feature", "id": 24505, "geometry": {"type": "Point", "coordinates": [-97.48119835174447, 35.49683101462711]}, "properties": {"OBJECTID": 24505, "SUBTYPE": 2, "PROJECTNUMBER": "3E114", "INLETSIZE": null, "Location": "N Rhode Island Ave & NE 26th", "COMMENT": " "}}, {"type": "Feature", "id": 24506, "geometry": {"type": "Point", "coordinates": [-97.48121490568334, 35.49490007846243]}, "properties": {"OBJECTID": 24506, "SUBTYPE": 2, "PROJECTNUMBER": "68E87", "INLETSIZE": "4", "Location": "NE 24th & N Rhode Island Ave", "COMMENT": " "}}, {"type": "Feature", "id": 24507, "geometry": {"type": "Point", "coordinates": [-97.48105191335334, 35.49490297852736]}, "properties": {"OBJECTID": 24507, "SUBTYPE": 0, "PROJECTNUMBER": "68E87", "INLETSIZE": "1-2", "Location": "NE 24th & N Rhode Island Ave", "COMMENT": " "}}, {"type": "Feature", "id": 24508, "geometry": {"type": "Point", "coordinates": [-97.48119517383545, 35.49400441347683]}, "properties": {"OBJECTID": 24508, "SUBTYPE": 2, "PROJECTNUMBER": " ", "INLETSIZE": null, "Location": null, "COMMENT": " "}}, {"type": "Feature", "id": 24509, "geometry": {"type": "Point", "coordinates": [-97.48806553202552, 35.50034613375909]}, "properties": {"OBJECTID": 24509, "SUBTYPE": 2, "PROJECTNUMBER": "16e202", "INLETSIZE": null, "Location": "SW of Fonshill Ave & NE 30th", "COMMENT": null}}, {"type": "Feature", "id": 24510, "geometry": {"type": "Point", "coordinates": [-97.48795681688789, 35.50022087314761]}, "properties": {"OBJECTID": 24510, "SUBTYPE": 2, "PROJECTNUMBER": "16E202", "INLETSIZE": null, "Location": "SW of Fonshill Ave & NE 30th", "COMMENT": "Check survey"}}, {"type": "Feature", "id": 24511, "geometry": {"type": "Point", "coordinates": [-97.4879623099563, 35.49933344895839]}, "properties": {"OBJECTID": 24511, "SUBTYPE": 2, "PROJECTNUMBER": "16E202", "INLETSIZE": null, "Location": "SW of Fonshill Ave & NE 30th", "COMMENT": null}}, {"type": "Feature", "id": 24512, "geometry": {"type": "Point", "coordinates": [-97.4879654699482, 35.49844153252063]}, "properties": {"OBJECTID": 24512, "SUBTYPE": 1, "PROJECTNUMBER": "16E202", "INLETSIZE": "Radius", "Location": "SW of Fonshill Ave & NE 30th", "COMMENT": null}}, {"type": "Feature", "id": 24513, "geometry": {"type": "Point", "coordinates": [-97.48786506632571, 35.49828558020844]}, "properties": {"OBJECTID": 24513, "SUBTYPE": 2, "PROJECTNUMBER": "16E113", "INLETSIZE": null, "Location": "SW of Fonshill Ave & NE 28th", "COMMENT": null}}, {"type": "Feature", "id": 24514, "geometry": {"type": "Point", "coordinates": [-97.4878659281165, 35.498042457361244]}, "properties": {"OBJECTID": 24514, "SUBTYPE": 2, "PROJECTNUMBER": "16E113", "INLETSIZE": null, "Location": "SW of Fonshill Ave & NE 28th", "COMMENT": null}}, {"type": "Feature", "id": 24515, "geometry": {"type": "Point", "coordinates": [-97.48782340723214, 35.497282495763336]}, "properties": {"OBJECTID": 24515, "SUBTYPE": 2, "PROJECTNUMBER": "16E113", "INLETSIZE": null, "Location": "SW of Fonshill Ave & NE 28th", "COMMENT": " "}}, {"type": "Feature", "id": 24516, "geometry": {"type": "Point", "coordinates": [-97.48806749284583, 35.497272636384935]}, "properties": {"OBJECTID": 24516, "SUBTYPE": 2, "PROJECTNUMBER": "16E113", "INLETSIZE": null, "Location": "SW of Fonshill Ave & NE 28th", "COMMENT": null}}, {"type": "Feature", "id": 24518, "geometry": {"type": "Point", "coordinates": [-97.48806850490524, 35.49687979309659]}, "properties": {"OBJECTID": 24518, "SUBTYPE": 2, "PROJECTNUMBER": "16E113", "INLETSIZE": null, "Location": "SW of Fonshill Ave & NE 28th", "COMMENT": null}}, {"type": "Feature", "id": 24519, "geometry": {"type": "Point", "coordinates": [-97.4880841072336, 35.496547249072904]}, "properties": {"OBJECTID": 24519, "SUBTYPE": 2, "PROJECTNUMBER": "16E113", "INLETSIZE": null, "Location": "SW of Fonshill Ave & NE 28th", "COMMENT": null}}, {"type": "Feature", "id": 24520, "geometry": {"type": "Point", "coordinates": [-97.48758048734506, 35.49583609246708]}, "properties": {"OBJECTID": 24520, "SUBTYPE": 2, "PROJECTNUMBER": "16E113", "INLETSIZE": null, "Location": "SW of Fonshill Ave & NE 28th", "COMMENT": "Check survey"}}, {"type": "Feature", "id": 24521, "geometry": {"type": "Point", "coordinates": [-97.48755216632377, 35.4958089083909]}, "properties": {"OBJECTID": 24521, "SUBTYPE": 2, "PROJECTNUMBER": "16E113", "INLETSIZE": null, "Location": "SW of Fonshill Ave & NE 28th", "COMMENT": "Check survey"}}, {"type": "Feature", "id": 24522, "geometry": {"type": "Point", "coordinates": [-97.48755563743224, 35.495429399795974]}, "properties": {"OBJECTID": 24522, "SUBTYPE": 2, "PROJECTNUMBER": "16E113", "INLETSIZE": null, "Location": "SW of Fonshill Ave & NE 28th", "COMMENT": "Check survey"}}, {"type": "Feature", "id": 24523, "geometry": {"type": "Point", "coordinates": [-97.48734814150689, 35.495426732874705]}, "properties": {"OBJECTID": 24523, "SUBTYPE": 2, "PROJECTNUMBER": "16E113", "INLETSIZE": null, "Location": "SW of Fonshill Ave & NE 28th", "COMMENT": "Check survey"}}, {"type": "Feature", "id": 24526, "geometry": {"type": "Point", "coordinates": [-97.50329587206636, 35.49773842982345]}, "properties": {"OBJECTID": 24526, "SUBTYPE": 2, "PROJECTNUMBER": " ", "INLETSIZE": null, "Location": null, "COMMENT": " "}}, {"type": "Feature", "id": 24527, "geometry": {"type": "Point", "coordinates": [-97.50318089277368, 35.49776871219979]}, "properties": {"OBJECTID": 24527, "SUBTYPE": 2, "PROJECTNUMBER": " ", "INLETSIZE": null, "Location": null, "COMMENT": " "}}, {"type": "Feature", "id": 24528, "geometry": {"type": "Point", "coordinates": [-97.5028954916261, 35.49693941892419]}, "properties": {"OBJECTID": 24528, "SUBTYPE": 2, "PROJECTNUMBER": " ", "INLETSIZE": null, "Location": null, "COMMENT": " "}}, {"type": "Feature", "id": 24529, "geometry": {"type": "Point", "coordinates": [-97.50353385928297, 35.49711653229802]}, "properties": {"OBJECTID": 24529, "SUBTYPE": 2, "PROJECTNUMBER": " ", "INLETSIZE": null, "Location": null, "COMMENT": " "}}, {"type": "Feature", "id": 24531, "geometry": {"type": "Point", "coordinates": [-97.50184077394981, 35.4961634239726]}, "properties": {"OBJECTID": 24531, "SUBTYPE": 2, "PROJECTNUMBER": " ", "INLETSIZE": null, "Location": null, "COMMENT": " "}}, {"type": "Feature", "id": 24532, "geometry": {"type": "Point", "coordinates": [-97.50158813354533, 35.49552243762344]}, "properties": {"OBJECTID": 24532, "SUBTYPE": 2, "PROJECTNUMBER": " ", "INLETSIZE": null, "Location": null, "COMMENT": " "}}, {"type": "Feature", "id": 24533, "geometry": {"type": "Point", "coordinates": [-97.50135701248041, 35.49502676817856]}, "properties": {"OBJECTID": 24533, "SUBTYPE": 2, "PROJECTNUMBER": " ", "INLETSIZE": null, "Location": null, "COMMENT": " "}}, {"type": "Feature", "id": 24534, "geometry": {"type": "Point", "coordinates": [-97.5013562121348, 35.49360730286874]}, "properties": {"OBJECTID": 24534, "SUBTYPE": 2, "PROJECTNUMBER": " ", "INLETSIZE": null, "Location": null, "COMMENT": " "}}, {"type": "Feature", "id": 24535, "geometry": {"type": "Point", "coordinates": [-97.5042512577532, 35.496465986425186]}, "properties": {"OBJECTID": 24535, "SUBTYPE": 2, "PROJECTNUMBER": " ", "INLETSIZE": null, "Location": null, "COMMENT": " "}}, {"type": "Feature", "id": 24536, "geometry": {"type": "Point", "coordinates": [-97.50482397652618, 35.49594853849951]}, "properties": {"OBJECTID": 24536, "SUBTYPE": 2, "PROJECTNUMBER": " ", "INLETSIZE": null, "Location": null, "COMMENT": " "}}, {"type": "Feature", "id": 24537, "geometry": {"type": "Point", "coordinates": [-97.5588522152379, 35.466425309865116]}, "properties": {"OBJECTID": 24537, "SUBTYPE": 1, "PROJECTNUMBER": "21E208", "INLETSIZE": " ", "Location": "S Linn Ave, S of W Sheridan Ave", "COMMENT": " "}}, {"type": "Feature", "id": 24538, "geometry": {"type": "Point", "coordinates": [-97.55886020273269, 35.467074325548616]}, "properties": {"OBJECTID": 24538, "SUBTYPE": 1, "PROJECTNUMBER": "21E208", "INLETSIZE": " ", "Location": "S Linn Ave, S of W Sheridan Ave", "COMMENT": " "}}, {"type": "Feature", "id": 24539, "geometry": {"type": "Point", "coordinates": [-97.55914952832994, 35.46437212130222]}, "properties": {"OBJECTID": 24539, "SUBTYPE": 1, "PROJECTNUMBER": "21E208", "INLETSIZE": "Radius", "Location": "S Linn Ave, S of W Sheridan Ave", "COMMENT": " "}}, {"type": "Feature", "id": 24542, "geometry": {"type": "Point", "coordinates": [-97.59672358535619, 35.520578551189715]}, "properties": {"OBJECTID": 24542, "SUBTYPE": 1, "PROJECTNUMBER": "DC-0066", "INLETSIZE": " ", "Location": "N Warren Ave", "COMMENT": null}}, {"type": "Feature", "id": 24543, "geometry": {"type": "Point", "coordinates": [-97.5996429289304, 35.513105171181245]}, "properties": {"OBJECTID": 24543, "SUBTYPE": 0, "PROJECTNUMBER": "DD-0322", "INLETSIZE": "7.6'x7.6'", "Location": "N Meridian Ave, N of NW 39th", "COMMENT": " "}}, {"type": "Feature", "id": 24544, "geometry": {"type": "Point", "coordinates": [-97.59857201632005, 35.51310910857332]}, "properties": {"OBJECTID": 24544, "SUBTYPE": 0, "PROJECTNUMBER": "DD-0095", "INLETSIZE": " ", "Location": "NE of NW 39th & N Meridian Ave", "COMMENT": " "}}, {"type": "Feature", "id": 24545, "geometry": {"type": "Point", "coordinates": [-97.59000950903963, 35.51692738046884]}, "properties": {"OBJECTID": 24545, "SUBTYPE": 0, "PROJECTNUMBER": "23E208", "INLETSIZE": " ", "Location": "NW 44th & Lombardy Ln", "COMMENT": null}}, {"type": "Feature", "id": 24549, "geometry": {"type": "Point", "coordinates": [-97.55037918262549, 35.613333895064]}, "properties": {"OBJECTID": 24549, "SUBTYPE": 1, "PROJECTNUMBER": "DD-0107", "INLETSIZE": "Radius", "Location": "NW 140th & N Pennsylvania Ave", "COMMENT": " "}}, {"type": "Feature", "id": 24550, "geometry": {"type": "Point", "coordinates": [-97.55273468329493, 35.61136654350019]}, "properties": {"OBJECTID": 24550, "SUBTYPE": 1, "PROJECTNUMBER": "DD-0029", "INLETSIZE": "Radius", "Location": "S of NW 138th & Stan Henaman Jr Dr", "COMMENT": " "}}, {"type": "Feature", "id": 24551, "geometry": {"type": "Point", "coordinates": [-97.5527427241981, 35.61051719102818]}, "properties": {"OBJECTID": 24551, "SUBTYPE": 1, "PROJECTNUMBER": "DD-0029", "INLETSIZE": "Radius", "Location": "S of NW 138th & Stan Henaman Jr Dr", "COMMENT": " "}}, {"type": "Feature", "id": 24554, "geometry": {"type": "Point", "coordinates": [-97.5673018147488, 35.61028579667816]}, "properties": {"OBJECTID": 24554, "SUBTYPE": 1, "PROJECTNUMBER": " ", "INLETSIZE": " ", "Location": null, "COMMENT": " "}}, {"type": "Feature", "id": 24555, "geometry": {"type": "Point", "coordinates": [-97.56759315769229, 35.60942549705748]}, "properties": {"OBJECTID": 24555, "SUBTYPE": 0, "PROJECTNUMBER": " ", "INLETSIZE": " ", "Location": null, "COMMENT": " "}}, {"type": "Feature", "id": 24560, "geometry": {"type": "Point", "coordinates": [-97.51972402846134, 35.59473446015803]}, "properties": {"OBJECTID": 24560, "SUBTYPE": 1, "PROJECTNUMBER": " ", "INLETSIZE": " ", "Location": null, "COMMENT": " "}}, {"type": "Feature", "id": 24561, "geometry": {"type": "Point", "coordinates": [-97.52016943352609, 35.59647801414296]}, "properties": {"OBJECTID": 24561, "SUBTYPE": 1, "PROJECTNUMBER": "DD-0487", "INLETSIZE": " ", "Location": "NW 122nd, W of N Harvey Ave", "COMMENT": " "}}, {"type": "Feature", "id": 24562, "geometry": {"type": "Point", "coordinates": [-97.40712495064975, 35.39884105614809]}, "properties": {"OBJECTID": 24562, "SUBTYPE": 1, "PROJECTNUMBER": "DD-0469", "INLETSIZE": "5'x5'", "Location": "S Air Depot Blvd, N of SE 74th", "COMMENT": " "}}, {"type": "Feature", "id": 24563, "geometry": {"type": "Point", "coordinates": [-97.40798384735812, 35.398845347619144]}, "properties": {"OBJECTID": 24563, "SUBTYPE": 1, "PROJECTNUMBER": "DD-0469", "INLETSIZE": "5'x5'", "Location": "S Air Depot Blvd, N of SE 74th", "COMMENT": " "}}, {"type": "Feature", "id": 24564, "geometry": {"type": "Point", "coordinates": [-97.4088461003214, 35.39884964960125]}, "properties": {"OBJECTID": 24564, "SUBTYPE": 1, "PROJECTNUMBER": "DD-0469", "INLETSIZE": "4'x4'", "Location": "S Air Depot Blvd, N of SE 74th", "COMMENT": " "}}, {"type": "Feature", "id": 24565, "geometry": {"type": "Point", "coordinates": [-97.40970835227716, 35.39885394530769]}, "properties": {"OBJECTID": 24565, "SUBTYPE": 1, "PROJECTNUMBER": "DD-0469", "INLETSIZE": "4'x4'", "Location": "S Air Depot Blvd, N of SE 74th", "COMMENT": " "}}, {"type": "Feature", "id": 24566, "geometry": {"type": "Point", "coordinates": [-97.60454483704392, 35.54148661466809]}, "properties": {"OBJECTID": 24566, "SUBTYPE": 1, "PROJECTNUMBER": "DC-0167", "INLETSIZE": "6.5'x6.5'", "Location": "N Stanley Ave & N Harvard Ave", "COMMENT": null}}, {"type": "Feature", "id": 24567, "geometry": {"type": "Point", "coordinates": [-97.60506578143787, 35.53995032677017]}, "properties": {"OBJECTID": 24567, "SUBTYPE": 1, "PROJECTNUMBER": "DC-0167", "INLETSIZE": "6'x6'", "Location": "NW 65th & N Stanley Ave", "COMMENT": null}}, {"type": "Feature", "id": 24568, "geometry": {"type": "Point", "coordinates": [-97.60505924311107, 35.54023818758183]}, "properties": {"OBJECTID": 24568, "SUBTYPE": 1, "PROJECTNUMBER": "DC-0167", "INLETSIZE": "4'x4'", "Location": "N Stanley Ave, N of NW 65th", "COMMENT": null}}, {"type": "Feature", "id": 24569, "geometry": {"type": "Point", "coordinates": [-97.60563972333586, 35.53914348817956]}, "properties": {"OBJECTID": 24569, "SUBTYPE": 1, "PROJECTNUMBER": "DC-0167", "INLETSIZE": "6'x5'", "Location": "N Libby Ave & N Sterling Dr", "COMMENT": null}}, {"type": "Feature", "id": 24570, "geometry": {"type": "Point", "coordinates": [-97.49061313820759, 35.534380616766306]}, "properties": {"OBJECTID": 24570, "SUBTYPE": 1, "PROJECTNUMBER": "DC-0167", "INLETSIZE": "6'x6'", "Location": "N Stonewall Ave, N of NE 59th", "COMMENT": " "}}, {"type": "Feature", "id": 24571, "geometry": {"type": "Point", "coordinates": [-97.5878578988739, 35.44165007094521]}, "properties": {"OBJECTID": 24571, "SUBTYPE": 2, "PROJECTNUMBER": "34E107", "INLETSIZE": "4", "Location": "S Roff Ave & SW 23rd", "COMMENT": " "}}, {"type": "Feature", "id": 24572, "geometry": {"type": "Point", "coordinates": [-97.59009859789518, 35.441758707808816]}, "properties": {"OBJECTID": 24572, "SUBTYPE": 2, "PROJECTNUMBER": "34E107", "INLETSIZE": "4", "Location": "S Shawnee Ave & SW 23rd", "COMMENT": " "}}, {"type": "Feature", "id": 24573, "geometry": {"type": "Point", "coordinates": [-97.55028999493629, 35.608350906880155]}, "properties": {"OBJECTID": 24573, "SUBTYPE": 2, "PROJECTNUMBER": "DD-0443", "INLETSIZE": "5' DIA", "Location": "SW of N Pennsylvania Ave & W Memorial Rd", "COMMENT": " "}}, {"type": "Feature", "id": 24576, "geometry": {"type": "Point", "coordinates": [-97.54782574810648, 35.409247137800875]}, "properties": {"OBJECTID": 24576, "SUBTYPE": 2, "PROJECTNUMBER": "97E122", "INLETSIZE": null, "Location": "S Pennsylvania Ave & SW 56th", "COMMENT": null}}, {"type": "Feature", "id": 24577, "geometry": {"type": "Point", "coordinates": [-97.55673830534862, 35.40796335911523]}, "properties": {"OBJECTID": 24577, "SUBTYPE": 2, "PROJECTNUMBER": "73E109", "INLETSIZE": "4", "Location": "S Villa Ave & SW 57th", "COMMENT": " "}}, {"type": "Feature", "id": 24578, "geometry": {"type": "Point", "coordinates": [-97.54904350790605, 35.41163675937612]}, "properties": {"OBJECTID": 24578, "SUBTYPE": 2, "PROJECTNUMBER": "11E114", "INLETSIZE": null, "Location": "S Barnes Ave, N of SW 55th", "COMMENT": " "}}, {"type": "Feature", "id": 24579, "geometry": {"type": "Point", "coordinates": [-97.54959196002162, 35.41163598201101]}, "properties": {"OBJECTID": 24579, "SUBTYPE": 2, "PROJECTNUMBER": "11E114", "INLETSIZE": null, "Location": "S Barnes Ave, N of SW 55th", "COMMENT": " "}}, {"type": "Feature", "id": 24580, "geometry": {"type": "Point", "coordinates": [-97.55008084058389, 35.415009413619856]}, "properties": {"OBJECTID": 24580, "SUBTYPE": 2, "PROJECTNUMBER": " ", "INLETSIZE": null, "Location": null, "COMMENT": " "}}, {"type": "Feature", "id": 24581, "geometry": {"type": "Point", "coordinates": [-97.58317008402945, 35.41730572682228]}, "properties": {"OBJECTID": 24581, "SUBTYPE": 2, "PROJECTNUMBER": " ", "INLETSIZE": null, "Location": null, "COMMENT": " "}}, {"type": "Feature", "id": 24582, "geometry": {"type": "Point", "coordinates": [-97.58316496907948, 35.41828095664332]}, "properties": {"OBJECTID": 24582, "SUBTYPE": 2, "PROJECTNUMBER": " ", "INLETSIZE": null, "Location": null, "COMMENT": " "}}, {"type": "Feature", "id": 24583, "geometry": {"type": "Point", "coordinates": [-97.58315841312373, 35.41953089751031]}, "properties": {"OBJECTID": 24583, "SUBTYPE": 2, "PROJECTNUMBER": " ", "INLETSIZE": null, "Location": null, "COMMENT": " "}}, {"type": "Feature", "id": 24584, "geometry": {"type": "Point", "coordinates": [-97.5743033678088, 35.42066171743107]}, "properties": {"OBJECTID": 24584, "SUBTYPE": 2, "PROJECTNUMBER": " ", "INLETSIZE": null, "Location": null, "COMMENT": " "}}, {"type": "Feature", "id": 24585, "geometry": {"type": "Point", "coordinates": [-97.57290140579431, 35.4196533929294]}, "properties": {"OBJECTID": 24585, "SUBTYPE": 2, "PROJECTNUMBER": "92E114", "INLETSIZE": null, "Location": "SE of S Independence Ave & SW 44th", "COMMENT": " "}}, {"type": "Feature", "id": 24586, "geometry": {"type": "Point", "coordinates": [-97.5732275629406, 35.41966903019607]}, "properties": {"OBJECTID": 24586, "SUBTYPE": 2, "PROJECTNUMBER": "92E114", "INLETSIZE": null, "Location": "SE of S Independence Ave & SW 44th", "COMMENT": " "}}, {"type": "Feature", "id": 24587, "geometry": {"type": "Point", "coordinates": [-97.57327025846939, 35.419295066568935]}, "properties": {"OBJECTID": 24587, "SUBTYPE": 2, "PROJECTNUMBER": "92E114", "INLETSIZE": null, "Location": "SE of S Independence Ave & SW 44th", "COMMENT": " "}}, {"type": "Feature", "id": 24588, "geometry": {"type": "Point", "coordinates": [-97.57340452729366, 35.41929496824663]}, "properties": {"OBJECTID": 24588, "SUBTYPE": 2, "PROJECTNUMBER": "92E114", "INLETSIZE": null, "Location": "SE of S Independence Ave & SW 44th", "COMMENT": " "}}, {"type": "Feature", "id": 24589, "geometry": {"type": "Point", "coordinates": [-97.57336491997664, 35.4188037699195]}, "properties": {"OBJECTID": 24589, "SUBTYPE": 2, "PROJECTNUMBER": " ", "INLETSIZE": null, "Location": null, "COMMENT": " "}}, {"type": "Feature", "id": 24590, "geometry": {"type": "Point", "coordinates": [-97.57088574063161, 35.415886367099816]}, "properties": {"OBJECTID": 24590, "SUBTYPE": 2, "PROJECTNUMBER": " ", "INLETSIZE": null, "Location": null, "COMMENT": " "}}, {"type": "Feature", "id": 24591, "geometry": {"type": "Point", "coordinates": [-97.57843853493648, 35.43510189640236]}, "properties": {"OBJECTID": 24591, "SUBTYPE": 0, "PROJECTNUMBER": "15E113", "INLETSIZE": null, "Location": "SW 29th & S Woodward Ave", "COMMENT": " "}}, {"type": "Feature", "id": 24592, "geometry": {"type": "Point", "coordinates": [-97.57869398370133, 35.435128004351974]}, "properties": {"OBJECTID": 24592, "SUBTYPE": 2, "PROJECTNUMBER": "15E113", "INLETSIZE": null, "Location": "SW 29th", "COMMENT": "S Dumas Ave & Newcastle Rd"}}, {"type": "Feature", "id": 24593, "geometry": {"type": "Point", "coordinates": [-97.57936882604491, 35.43445718868295]}, "properties": {"OBJECTID": 24593, "SUBTYPE": 2, "PROJECTNUMBER": "15E113", "INLETSIZE": null, "Location": "S Dumas Ave & SW 29th Pl", "COMMENT": " "}}, {"type": "Feature", "id": 24595, "geometry": {"type": "Point", "coordinates": [-97.58323681043098, 35.43325338870128]}, "properties": {"OBJECTID": 24595, "SUBTYPE": 2, "PROJECTNUMBER": "PC-0008", "INLETSIZE": "6' DIA", "Location": "S Portland Ave & SW 29th Pl", "COMMENT": " "}}, {"type": "Feature", "id": 24596, "geometry": {"type": "Point", "coordinates": [-97.58267436292502, 35.43284576093744]}, "properties": {"OBJECTID": 24596, "SUBTYPE": 2, "PROJECTNUMBER": " ", "INLETSIZE": null, "Location": null, "COMMENT": " "}}, {"type": "Feature", "id": 24599, "geometry": {"type": "Point", "coordinates": [-97.5812600404025, 35.430703791751704]}, "properties": {"OBJECTID": 24599, "SUBTYPE": 2, "PROJECTNUMBER": " ", "INLETSIZE": null, "Location": null, "COMMENT": " "}}, {"type": "Feature", "id": 24600, "geometry": {"type": "Point", "coordinates": [-97.58125796005766, 35.42982468772069]}, "properties": {"OBJECTID": 24600, "SUBTYPE": 2, "PROJECTNUMBER": " ", "INLETSIZE": null, "Location": null, "COMMENT": " "}}, {"type": "Feature", "id": 24601, "geometry": {"type": "Point", "coordinates": [-97.58125191757516, 35.428423606303674]}, "properties": {"OBJECTID": 24601, "SUBTYPE": 1, "PROJECTNUMBER": " ", "INLETSIZE": null, "Location": null, "COMMENT": " "}}, {"type": "Feature", "id": 24602, "geometry": {"type": "Point", "coordinates": [-97.58116399873671, 35.42828998057815]}, "properties": {"OBJECTID": 24602, "SUBTYPE": 2, "PROJECTNUMBER": " ", "INLETSIZE": null, "Location": null, "COMMENT": " "}}, {"type": "Feature", "id": 24603, "geometry": {"type": "Point", "coordinates": [-97.58117167670117, 35.4279388835193]}, "properties": {"OBJECTID": 24603, "SUBTYPE": 2, "PROJECTNUMBER": " ", "INLETSIZE": null, "Location": null, "COMMENT": " "}}, {"type": "Feature", "id": 24604, "geometry": {"type": "Point", "coordinates": [-97.58113613217839, 35.42745958664952]}, "properties": {"OBJECTID": 24604, "SUBTYPE": 2, "PROJECTNUMBER": " ", "INLETSIZE": null, "Location": null, "COMMENT": " "}}, {"type": "Feature", "id": 24605, "geometry": {"type": "Point", "coordinates": [-97.58117384856055, 35.427526814617444]}, "properties": {"OBJECTID": 24605, "SUBTYPE": 2, "PROJECTNUMBER": " ", "INLETSIZE": null, "Location": null, "COMMENT": " "}}, {"type": "Feature", "id": 24606, "geometry": {"type": "Point", "coordinates": [-97.58061737659135, 35.42752413640401]}, "properties": {"OBJECTID": 24606, "SUBTYPE": 2, "PROJECTNUMBER": " ", "INLETSIZE": null, "Location": null, "COMMENT": " "}}, {"type": "Feature", "id": 24607, "geometry": {"type": "Point", "coordinates": [-97.58048706278971, 35.42700480904759]}, "properties": {"OBJECTID": 24607, "SUBTYPE": 2, "PROJECTNUMBER": "8E113", "INLETSIZE": null, "Location": "S St Clair Ave, N of SW 40th", "COMMENT": " "}}, {"type": "Feature", "id": 24608, "geometry": {"type": "Point", "coordinates": [-97.58041045445391, 35.42700155746815]}, "properties": {"OBJECTID": 24608, "SUBTYPE": 2, "PROJECTNUMBER": "8E113", "INLETSIZE": null, "Location": "S St Clair Ave, N of SW 40th", "COMMENT": " "}}, {"type": "Feature", "id": 24609, "geometry": {"type": "Point", "coordinates": [-97.58040323711268, 35.426575147192196]}, "properties": {"OBJECTID": 24609, "SUBTYPE": 2, "PROJECTNUMBER": "33E600", "INLETSIZE": "36", "Location": "S.W. 88th St.", "COMMENT": " "}}, {"type": "Feature", "id": 24610, "geometry": {"type": "Point", "coordinates": [-97.57994292542578, 35.42657172886188]}, "properties": {"OBJECTID": 24610, "SUBTYPE": 2, "PROJECTNUMBER": "8E113", "INLETSIZE": null, "Location": "S St Clair Ave, N of SW 40th", "COMMENT": " "}}, {"type": "Feature", "id": 24611, "geometry": {"type": "Point", "coordinates": [-97.57994108147696, 35.425626307940355]}, "properties": {"OBJECTID": 24611, "SUBTYPE": 2, "PROJECTNUMBER": "8E113", "INLETSIZE": null, "Location": "S St Clair Ave, N of SW 40th", "COMMENT": " "}}, {"type": "Feature", "id": 24612, "geometry": {"type": "Point", "coordinates": [-97.58031460616972, 35.425622502654036]}, "properties": {"OBJECTID": 24612, "SUBTYPE": 2, "PROJECTNUMBER": "8E113", "INLETSIZE": null, "Location": "S St Clair Ave, N of SW 40th", "COMMENT": " "}}, {"type": "Feature", "id": 24613, "geometry": {"type": "Point", "coordinates": [-97.58031210825489, 35.425075919478154]}, "properties": {"OBJECTID": 24613, "SUBTYPE": 2, "PROJECTNUMBER": "8E113", "INLETSIZE": null, "Location": "S St Clair Ave, N of SW 40th", "COMMENT": " "}}, {"type": "Feature", "id": 24614, "geometry": {"type": "Point", "coordinates": [-97.58031986522788, 35.42454725895741]}, "properties": {"OBJECTID": 24614, "SUBTYPE": 2, "PROJECTNUMBER": "8E113", "INLETSIZE": null, "Location": "S St Clair Ave, N of SW 40th", "COMMENT": " "}}, {"type": "Feature", "id": 24615, "geometry": {"type": "Point", "coordinates": [-97.58098916636176, 35.42454413811903]}, "properties": {"OBJECTID": 24615, "SUBTYPE": 2, "PROJECTNUMBER": "8E113", "INLETSIZE": null, "Location": "S St Clair Ave, N of SW 40th", "COMMENT": " "}}, {"type": "Feature", "id": 24617, "geometry": {"type": "Point", "coordinates": [-97.57884788438461, 35.420841998392284]}, "properties": {"OBJECTID": 24617, "SUBTYPE": 2, "PROJECTNUMBER": " ", "INLETSIZE": null, "Location": null, "COMMENT": " "}}, {"type": "Feature", "id": 24618, "geometry": {"type": "Point", "coordinates": [-97.58017355422159, 35.42085465946239]}, "properties": {"OBJECTID": 24618, "SUBTYPE": 2, "PROJECTNUMBER": " ", "INLETSIZE": null, "Location": null, "COMMENT": " "}}, {"type": "Feature", "id": 24619, "geometry": {"type": "Point", "coordinates": [-97.57969414978986, 35.42084294537678]}, "properties": {"OBJECTID": 24619, "SUBTYPE": 2, "PROJECTNUMBER": " ", "INLETSIZE": null, "Location": null, "COMMENT": " "}}, {"type": "Feature", "id": 24620, "geometry": {"type": "Point", "coordinates": [-97.5817634835103, 35.42061574248025]}, "properties": {"OBJECTID": 24620, "SUBTYPE": 2, "PROJECTNUMBER": " ", "INLETSIZE": null, "Location": null, "COMMENT": " "}}, {"type": "Feature", "id": 24622, "geometry": {"type": "Point", "coordinates": [-97.56566531082818, 35.42061844436391]}, "properties": {"OBJECTID": 24622, "SUBTYPE": 2, "PROJECTNUMBER": "1E612", "INLETSIZE": null, "Location": "SW 44th & S May Ave", "COMMENT": " "}}, {"type": "Feature", "id": 24623, "geometry": {"type": "Point", "coordinates": [-97.56628293984639, 35.42062070452661]}, "properties": {"OBJECTID": 24623, "SUBTYPE": 2, "PROJECTNUMBER": "1E612", "INLETSIZE": null, "Location": "SW 44th & S May Ave", "COMMENT": " "}}, {"type": "Feature", "id": 24624, "geometry": {"type": "Point", "coordinates": [-97.56684249336156, 35.42059253861219]}, "properties": {"OBJECTID": 24624, "SUBTYPE": 2, "PROJECTNUMBER": "1E612", "INLETSIZE": null, "Location": "SW 44th & S May Ave", "COMMENT": " "}}, {"type": "Feature", "id": 24625, "geometry": {"type": "Point", "coordinates": [-97.56744653950418, 35.42058667374327]}, "properties": {"OBJECTID": 24625, "SUBTYPE": 2, "PROJECTNUMBER": "1E612", "INLETSIZE": null, "Location": "SW 44th & S May Ave", "COMMENT": " "}}, {"type": "Feature", "id": 24626, "geometry": {"type": "Point", "coordinates": [-97.56841385825436, 35.4205922201387]}, "properties": {"OBJECTID": 24626, "SUBTYPE": 2, "PROJECTNUMBER": " ", "INLETSIZE": null, "Location": null, "COMMENT": " "}}, {"type": "Feature", "id": 24627, "geometry": {"type": "Point", "coordinates": [-97.56894001063118, 35.42062010911265]}, "properties": {"OBJECTID": 24627, "SUBTYPE": 2, "PROJECTNUMBER": "35E201", "INLETSIZE": "4' DIA", "Location": "SW 44th & S Drexel Ave", "COMMENT": " "}}, {"type": "Feature", "id": 24628, "geometry": {"type": "Point", "coordinates": [-97.56914858205086, 35.420629796172186]}, "properties": {"OBJECTID": 24628, "SUBTYPE": 2, "PROJECTNUMBER": "35E201", "INLETSIZE": "4' DIA", "Location": "SW 44th & S Drexel Ave", "COMMENT": " "}}, {"type": "Feature", "id": 24629, "geometry": {"type": "Point", "coordinates": [-97.570716632617, 35.42065222459198]}, "properties": {"OBJECTID": 24629, "SUBTYPE": 2, "PROJECTNUMBER": "35E201", "INLETSIZE": "4' DIA", "Location": "SW 44th & S Land Ave", "COMMENT": " "}}, {"type": "Feature", "id": 24630, "geometry": {"type": "Point", "coordinates": [-97.57249296911327, 35.42065905251145]}, "properties": {"OBJECTID": 24630, "SUBTYPE": 2, "PROJECTNUMBER": "35E201", "INLETSIZE": "4' DIA", "Location": "SW 44th & S Land Ave", "COMMENT": " "}}, {"type": "Feature", "id": 24631, "geometry": {"type": "Point", "coordinates": [-97.5728301737253, 35.42065960050618]}, "properties": {"OBJECTID": 24631, "SUBTYPE": 2, "PROJECTNUMBER": "35E201", "INLETSIZE": "4.5' DIA", "Location": "SW 44th & S Independence Ave", "COMMENT": " "}}, {"type": "Feature", "id": 24632, "geometry": {"type": "Point", "coordinates": [-97.55828191079131, 35.42719773629927]}, "properties": {"OBJECTID": 24632, "SUBTYPE": 2, "PROJECTNUMBER": "5E113", "INLETSIZE": null, "Location": "SW Grand Blvd, W of S Agnew Ave", "COMMENT": " "}}, {"type": "Feature", "id": 24633, "geometry": {"type": "Point", "coordinates": [-97.5582697742651, 35.42647241827638]}, "properties": {"OBJECTID": 24633, "SUBTYPE": 2, "PROJECTNUMBER": " ", "INLETSIZE": null, "Location": null, "COMMENT": " "}}, {"type": "Feature", "id": 24634, "geometry": {"type": "Point", "coordinates": [-97.55825703981027, 35.42574436800605]}, "properties": {"OBJECTID": 24634, "SUBTYPE": 2, "PROJECTNUMBER": " ", "INLETSIZE": null, "Location": null, "COMMENT": " "}}, {"type": "Feature", "id": 24635, "geometry": {"type": "Point", "coordinates": [-97.55833423297324, 35.425744655467184]}, "properties": {"OBJECTID": 24635, "SUBTYPE": 2, "PROJECTNUMBER": " ", "INLETSIZE": null, "Location": null, "COMMENT": " "}}, {"type": "Feature", "id": 24636, "geometry": {"type": "Point", "coordinates": [-97.55893638330917, 35.42470655284726]}, "properties": {"OBJECTID": 24636, "SUBTYPE": 2, "PROJECTNUMBER": "29E106", "INLETSIZE": "4", "Location": "S.W. 40th Street", "COMMENT": " "}}, {"type": "Feature", "id": 24637, "geometry": {"type": "Point", "coordinates": [-97.55832716342067, 35.424705947862414]}, "properties": {"OBJECTID": 24637, "SUBTYPE": 2, "PROJECTNUMBER": "29E106", "INLETSIZE": "4", "Location": "S.W. 40th Street", "COMMENT": " "}}, {"type": "Feature", "id": 24638, "geometry": {"type": "Point", "coordinates": [-97.55772303615687, 35.420771921254165]}, "properties": {"OBJECTID": 24638, "SUBTYPE": 2, "PROJECTNUMBER": "12E113", "INLETSIZE": null, "Location": "NE of SW 44th & S Villa Ave", "COMMENT": " "}}, {"type": "Feature", "id": 24641, "geometry": {"type": "Point", "coordinates": [-97.55571066075481, 35.42367696724765]}, "properties": {"OBJECTID": 24641, "SUBTYPE": 2, "PROJECTNUMBER": "12E113", "INLETSIZE": null, "Location": "NE of SW 44th & S Villa Ave", "COMMENT": " "}}, {"type": "Feature", "id": 24642, "geometry": {"type": "Point", "coordinates": [-97.55571240832582, 35.423182004846524]}, "properties": {"OBJECTID": 24642, "SUBTYPE": 2, "PROJECTNUMBER": "12E113", "INLETSIZE": null, "Location": "NE of SW 44th & S Villa Ave", "COMMENT": " "}}, {"type": "Feature", "id": 24643, "geometry": {"type": "Point", "coordinates": [-97.55681391882044, 35.420753274931016]}, "properties": {"OBJECTID": 24643, "SUBTYPE": 2, "PROJECTNUMBER": "12E113", "INLETSIZE": null, "Location": "NE of SW 44th & S Villa Ave", "COMMENT": " "}}, {"type": "Feature", "id": 24645, "geometry": {"type": "Point", "coordinates": [-97.55681712165192, 35.421695912487]}, "properties": {"OBJECTID": 24645, "SUBTYPE": 2, "PROJECTNUMBER": "55E109", "INLETSIZE": "4", "Location": "S.W. 43rd Street", "COMMENT": " "}}, {"type": "Feature", "id": 24646, "geometry": {"type": "Point", "coordinates": [-97.55681824900601, 35.42220001938795]}, "properties": {"OBJECTID": 24646, "SUBTYPE": 2, "PROJECTNUMBER": "12E113", "INLETSIZE": null, "Location": "NE of SW 44th & S Villa Ave", "COMMENT": " "}}, {"type": "Feature", "id": 24647, "geometry": {"type": "Point", "coordinates": [-97.55571368334462, 35.42268175274121]}, "properties": {"OBJECTID": 24647, "SUBTYPE": 2, "PROJECTNUMBER": "12E113", "INLETSIZE": null, "Location": "NE of SW 44th & S Villa Ave", "COMMENT": " "}}, {"type": "Feature", "id": 24649, "geometry": {"type": "Point", "coordinates": [-97.55681638919563, 35.42268870465323]}, "properties": {"OBJECTID": 24649, "SUBTYPE": 2, "PROJECTNUMBER": "3E110", "INLETSIZE": "4", "Location": "S.W. 42nd Street", "COMMENT": " "}}, {"type": "Feature", "id": 24652, "geometry": {"type": "Point", "coordinates": [-97.55057273710416, 35.42786490740934]}, "properties": {"OBJECTID": 24652, "SUBTYPE": 2, "PROJECTNUMBER": "5E113", "INLETSIZE": "4", "Location": "SW Grand Blvd, E of S Youngs Blvd", "COMMENT": " "}}, {"type": "Feature", "id": 24653, "geometry": {"type": "Point", "coordinates": [-97.55229825429396, 35.42784327417983]}, "properties": {"OBJECTID": 24653, "SUBTYPE": 2, "PROJECTNUMBER": "5E113", "INLETSIZE": "4", "Location": "SW Grand Blvd, E of S Youngs Blvd", "COMMENT": " "}}, {"type": "Feature", "id": 24654, "geometry": {"type": "Point", "coordinates": [-97.55595059332659, 35.427861507091286]}, "properties": {"OBJECTID": 24654, "SUBTYPE": 2, "PROJECTNUMBER": "5E113", "INLETSIZE": "4", "Location": "SW Grand Blvd, W of S Agnew Ave", "COMMENT": " "}}, {"type": "Feature", "id": 24655, "geometry": {"type": "Point", "coordinates": [-97.55521363205486, 35.427836214223085]}, "properties": {"OBJECTID": 24655, "SUBTYPE": 2, "PROJECTNUMBER": "5E113", "INLETSIZE": "4", "Location": "SW Grand Blvd, W of S Agnew Ave", "COMMENT": " "}}, {"type": "Feature", "id": 24656, "geometry": {"type": "Point", "coordinates": [-97.55519548509189, 35.42686215570188]}, "properties": {"OBJECTID": 24656, "SUBTYPE": 2, "PROJECTNUMBER": "5E113", "INLETSIZE": null, "Location": "Agnew Pl & SW 38th", "COMMENT": " "}}, {"type": "Feature", "id": 24657, "geometry": {"type": "Point", "coordinates": [-97.55517680897913, 35.42559773300596]}, "properties": {"OBJECTID": 24657, "SUBTYPE": 2, "PROJECTNUMBER": "5E113", "INLETSIZE": null, "Location": "Agnew Pl & SW 38th", "COMMENT": " "}}, {"type": "Feature", "id": 24658, "geometry": {"type": "Point", "coordinates": [-97.55568852409706, 35.4255772346199]}, "properties": {"OBJECTID": 24658, "SUBTYPE": 2, "PROJECTNUMBER": "12E113", "INLETSIZE": null, "Location": "NE of SW 44th & S Villa Ave", "COMMENT": " "}}, {"type": "Feature", "id": 24659, "geometry": {"type": "Point", "coordinates": [-97.55569227258572, 35.42516460023949]}, "properties": {"OBJECTID": 24659, "SUBTYPE": 2, "PROJECTNUMBER": "12E113", "INLETSIZE": null, "Location": "NE of SW 44th & S Villa Ave", "COMMENT": " "}}, {"type": "Feature", "id": 24660, "geometry": {"type": "Point", "coordinates": [-97.55827107722072, 35.427840606767525]}, "properties": {"OBJECTID": 24660, "SUBTYPE": 2, "PROJECTNUMBER": "5E113", "INLETSIZE": null, "Location": "SW Grand Blvd, W of S Agnew Ave", "COMMENT": " "}}, {"type": "Feature", "id": 24661, "geometry": {"type": "Point", "coordinates": [-97.55755210424789, 35.42784340343463]}, "properties": {"OBJECTID": 24661, "SUBTYPE": 2, "PROJECTNUMBER": "5E113", "INLETSIZE": null, "Location": "SW Grand Blvd, W of S Agnew Ave", "COMMENT": " "}}, {"type": "Feature", "id": 24662, "geometry": {"type": "Point", "coordinates": [-97.50524188731954, 35.495027944297526]}, "properties": {"OBJECTID": 24662, "SUBTYPE": 2, "PROJECTNUMBER": " ", "INLETSIZE": null, "Location": null, "COMMENT": " "}}, {"type": "Feature", "id": 24665, "geometry": {"type": "Point", "coordinates": [-97.50345730419473, 35.50146996580698]}, "properties": {"OBJECTID": 24665, "SUBTYPE": 2, "PROJECTNUMBER": "86”B”E99 ", "INLETSIZE": "4", "Location": "Industrial Development, 2nd Add.", "COMMENT": null}}, {"type": "Feature", "id": 24669, "geometry": {"type": "Point", "coordinates": [-97.51163324026243, 35.507707925606454]}, "properties": {"OBJECTID": 24669, "SUBTYPE": 2, "PROJECTNUMBER": " ", "INLETSIZE": null, "Location": null, "COMMENT": " "}}, {"type": "Feature", "id": 24670, "geometry": {"type": "Point", "coordinates": [-97.50738489676728, 35.50470421459067]}, "properties": {"OBJECTID": 24670, "SUBTYPE": 2, "PROJECTNUMBER": "44E84", "INLETSIZE": "4", "Location": "NE 34th St. & NE Hill St. from Lincoln to Santa Fe ", "COMMENT": " "}}, {"type": "Feature", "id": 24671, "geometry": {"type": "Point", "coordinates": [-97.50737217787926, 35.50400295314476]}, "properties": {"OBJECTID": 24671, "SUBTYPE": 2, "PROJECTNUMBER": "44E84", "INLETSIZE": "4", "Location": "NE 34th St. & NE Hill St. from Lincoln to Santa Fe ", "COMMENT": " "}}, {"type": "Feature", "id": 24672, "geometry": {"type": "Point", "coordinates": [-97.50749613256976, 35.50490488568517]}, "properties": {"OBJECTID": 24672, "SUBTYPE": 2, "PROJECTNUMBER": "44E84", "INLETSIZE": "4", "Location": "NE 34th St. & NE Hill St. from Lincoln to Santa Fe ", "COMMENT": " "}}, {"type": "Feature", "id": 24673, "geometry": {"type": "Point", "coordinates": [-97.50611768870374, 35.50490383667687]}, "properties": {"OBJECTID": 24673, "SUBTYPE": 2, "PROJECTNUMBER": "44E84", "INLETSIZE": "4", "Location": "NE 34th St. & NE Hill St. from Lincoln to Santa Fe", "COMMENT": " "}}, {"type": "Feature", "id": 24674, "geometry": {"type": "Point", "coordinates": [-97.5047902151344, 35.5049016881839]}, "properties": {"OBJECTID": 24674, "SUBTYPE": 2, "PROJECTNUMBER": "44E84", "INLETSIZE": "4", "Location": "NE 34th St. & NE Hill St. from Lincoln to Santa Fe ", "COMMENT": " "}}, {"type": "Feature", "id": 24675, "geometry": {"type": "Point", "coordinates": [-97.50366767020601, 35.50489989859306]}, "properties": {"OBJECTID": 24675, "SUBTYPE": 2, "PROJECTNUMBER": " ", "INLETSIZE": null, "Location": null, "COMMENT": " "}}, {"type": "Feature", "id": 24676, "geometry": {"type": "Point", "coordinates": [-97.49658608224293, 35.50765374603272]}, "properties": {"OBJECTID": 24676, "SUBTYPE": 2, "PROJECTNUMBER": " ", "INLETSIZE": null, "Location": null, "COMMENT": " "}}, {"type": "Feature", "id": 24678, "geometry": {"type": "Point", "coordinates": [-97.49640915549561, 35.50564835741362]}, "properties": {"OBJECTID": 24678, "SUBTYPE": 2, "PROJECTNUMBER": "81”B”E99 ", "INLETSIZE": "4", "Location": "NE 35th & Springlake Dr", "COMMENT": null}}, {"type": "Feature", "id": 24679, "geometry": {"type": "Point", "coordinates": [-97.49656799248915, 35.50574300696958]}, "properties": {"OBJECTID": 24679, "SUBTYPE": 2, "PROJECTNUMBER": "81”B”E99 ", "INLETSIZE": "4", "Location": "NE 35th & Springlake Dr", "COMMENT": null}}, {"type": "Feature", "id": 24680, "geometry": {"type": "Point", "coordinates": [-97.49686186999583, 35.50574270061509]}, "properties": {"OBJECTID": 24680, "SUBTYPE": 2, "PROJECTNUMBER": " ", "INLETSIZE": null, "Location": null, "COMMENT": "Check survey"}}, {"type": "Feature", "id": 24681, "geometry": {"type": "Point", "coordinates": [-97.49817852419184, 35.50453185168462]}, "properties": {"OBJECTID": 24681, "SUBTYPE": 2, "PROJECTNUMBER": " ", "INLETSIZE": null, "Location": null, "COMMENT": "Check survey"}}, {"type": "Feature", "id": 24682, "geometry": {"type": "Point", "coordinates": [-97.49912771044438, 35.50307706755943]}, "properties": {"OBJECTID": 24682, "SUBTYPE": 2, "PROJECTNUMBER": "12E113", "INLETSIZE": null, "Location": "N Lindsay Ave & NE 32nd", "COMMENT": null}}, {"type": "Feature", "id": 24683, "geometry": {"type": "Point", "coordinates": [-97.49917675580102, 35.50402985956293]}, "properties": {"OBJECTID": 24683, "SUBTYPE": 0, "PROJECTNUMBER": "12E113", "INLETSIZE": "Des 8", "Location": "N Lindsay Ave & NE 32nd", "COMMENT": null}}, {"type": "Feature", "id": 24684, "geometry": {"type": "Point", "coordinates": [-97.5002593324859, 35.502676211658994]}, "properties": {"OBJECTID": 24684, "SUBTYPE": 2, "PROJECTNUMBER": "12E113", "INLETSIZE": null, "Location": "N Lindsay Ave & NE 32nd", "COMMENT": null}}, {"type": "Feature", "id": 24685, "geometry": {"type": "Point", "coordinates": [-97.5030908322439, 35.501226677951244]}, "properties": {"OBJECTID": 24685, "SUBTYPE": 2, "PROJECTNUMBER": " ", "INLETSIZE": null, "Location": null, "COMMENT": "Check survey"}}, {"type": "Feature", "id": 24686, "geometry": {"type": "Point", "coordinates": [-97.50308771781346, 35.50141504127378]}, "properties": {"OBJECTID": 24686, "SUBTYPE": 2, "PROJECTNUMBER": " ", "INLETSIZE": null, "Location": null, "COMMENT": "Check survey"}}, {"type": "Feature", "id": 24687, "geometry": {"type": "Point", "coordinates": [-97.50217907112749, 35.50140897336409]}, "properties": {"OBJECTID": 24687, "SUBTYPE": 2, "PROJECTNUMBER": " ", "INLETSIZE": null, "Location": null, "COMMENT": " "}}, {"type": "Feature", "id": 24688, "geometry": {"type": "Point", "coordinates": [-97.49795932170704, 35.50396321797565]}, "properties": {"OBJECTID": 24688, "SUBTYPE": 2, "PROJECTNUMBER": "81”B”E99 ", "INLETSIZE": "4", "Location": "NE 33rd & Springlake Dr", "COMMENT": " "}}, {"type": "Feature", "id": 24689, "geometry": {"type": "Point", "coordinates": [-97.49784259728285, 35.503778677819035]}, "properties": {"OBJECTID": 24689, "SUBTYPE": 2, "PROJECTNUMBER": "21E201", "INLETSIZE": null, "Location": "N Laird Ave, N of NE 30th", "COMMENT": " "}}, {"type": "Feature", "id": 24690, "geometry": {"type": "Point", "coordinates": [-97.49759006001077, 35.5033025750909]}, "properties": {"OBJECTID": 24690, "SUBTYPE": 2, "PROJECTNUMBER": "21E201", "INLETSIZE": null, "Location": "N Laird Ave, N of NE 30th", "COMMENT": " "}}, {"type": "Feature", "id": 24691, "geometry": {"type": "Point", "coordinates": [-97.4972373873253, 35.502626611433286]}, "properties": {"OBJECTID": 24691, "SUBTYPE": 2, "PROJECTNUMBER": "21E201", "INLETSIZE": null, "Location": "N Laird Ave, N of NE 30th", "COMMENT": " "}}, {"type": "Feature", "id": 24692, "geometry": {"type": "Point", "coordinates": [-97.49671723490496, 35.50157577620373]}, "properties": {"OBJECTID": 24692, "SUBTYPE": 2, "PROJECTNUMBER": "21E201", "INLETSIZE": null, "Location": "N Laird Ave, N of NE 30th", "COMMENT": " "}}, {"type": "Feature", "id": 24693, "geometry": {"type": "Point", "coordinates": [-97.49669195986202, 35.501372955503605]}, "properties": {"OBJECTID": 24693, "SUBTYPE": 2, "PROJECTNUMBER": "21E201", "INLETSIZE": null, "Location": "N Laird Ave, N of NE 30th", "COMMENT": " "}}, {"type": "Feature", "id": 24694, "geometry": {"type": "Point", "coordinates": [-97.49669663534799, 35.50061006177677]}, "properties": {"OBJECTID": 24694, "SUBTYPE": 2, "PROJECTNUMBER": "21E201", "INLETSIZE": null, "Location": "N Laird Ave, N of NE 30th", "COMMENT": " "}}, {"type": "Feature", "id": 24695, "geometry": {"type": "Point", "coordinates": [-97.5059427798616, 35.497819773951875]}, "properties": {"OBJECTID": 24695, "SUBTYPE": 2, "PROJECTNUMBER": "3E110", "INLETSIZE": "4", "Location": "N.E. 27th Street", "COMMENT": " "}}, {"type": "Feature", "id": 24696, "geometry": {"type": "Point", "coordinates": [-97.49881357192851, 35.49593608544352]}, "properties": {"OBJECTID": 24696, "SUBTYPE": 2, "PROJECTNUMBER": " ", "INLETSIZE": null, "Location": null, "COMMENT": " "}}, {"type": "Feature", "id": 24697, "geometry": {"type": "Point", "coordinates": [-97.4991146628277, 35.49593735617362]}, "properties": {"OBJECTID": 24697, "SUBTYPE": 2, "PROJECTNUMBER": " ", "INLETSIZE": null, "Location": null, "COMMENT": " "}}, {"type": "Feature", "id": 24698, "geometry": {"type": "Point", "coordinates": [-97.4999852640115, 35.49594102618007]}, "properties": {"OBJECTID": 24698, "SUBTYPE": 2, "PROJECTNUMBER": " ", "INLETSIZE": null, "Location": null, "COMMENT": " "}}, {"type": "Feature", "id": 24699, "geometry": {"type": "Point", "coordinates": [-97.50108154129751, 35.49594893182307]}, "properties": {"OBJECTID": 24699, "SUBTYPE": 2, "PROJECTNUMBER": " ", "INLETSIZE": null, "Location": null, "COMMENT": " "}}, {"type": "Feature", "id": 24700, "geometry": {"type": "Point", "coordinates": [-97.50098640124591, 35.50055223894419]}, "properties": {"OBJECTID": 24700, "SUBTYPE": 2, "PROJECTNUMBER": "11E113", "INLETSIZE": null, "Location": "N Lindsay Ave & NE 30th", "COMMENT": " "}}, {"type": "Feature", "id": 24701, "geometry": {"type": "Point", "coordinates": [-97.49995623468132, 35.50006046286018]}, "properties": {"OBJECTID": 24701, "SUBTYPE": 2, "PROJECTNUMBER": " ", "INLETSIZE": null, "Location": null, "COMMENT": " "}}, {"type": "Feature", "id": 24702, "geometry": {"type": "Point", "coordinates": [-97.49994757612347, 35.500540610725956]}, "properties": {"OBJECTID": 24702, "SUBTYPE": 2, "PROJECTNUMBER": " ", "INLETSIZE": null, "Location": null, "COMMENT": " "}}, {"type": "Feature", "id": 24703, "geometry": {"type": "Point", "coordinates": [-97.49994858531211, 35.500419582634265]}, "properties": {"OBJECTID": 24703, "SUBTYPE": 2, "PROJECTNUMBER": " ", "INLETSIZE": null, "Location": null, "COMMENT": " "}}, {"type": "Feature", "id": 24705, "geometry": {"type": "Point", "coordinates": [-97.48214468482726, 35.52216983201323]}, "properties": {"OBJECTID": 24705, "SUBTYPE": 2, "PROJECTNUMBER": " ", "INLETSIZE": null, "Location": null, "COMMENT": " "}}, {"type": "Feature", "id": 24706, "geometry": {"type": "Point", "coordinates": [-97.4821505591092, 35.52126948764553]}, "properties": {"OBJECTID": 24706, "SUBTYPE": 2, "PROJECTNUMBER": " ", "INLETSIZE": null, "Location": null, "COMMENT": " "}}, {"type": "Feature", "id": 24707, "geometry": {"type": "Point", "coordinates": [-97.47997594169871, 35.52125185874376]}, "properties": {"OBJECTID": 24707, "SUBTYPE": 2, "PROJECTNUMBER": " ", "INLETSIZE": null, "Location": null, "COMMENT": " "}}, {"type": "Feature", "id": 24708, "geometry": {"type": "Point", "coordinates": [-97.48011271694251, 35.52040844832055]}, "properties": {"OBJECTID": 24708, "SUBTYPE": 2, "PROJECTNUMBER": " ", "INLETSIZE": null, "Location": null, "COMMENT": " "}}, {"type": "Feature", "id": 24709, "geometry": {"type": "Point", "coordinates": [-97.47998778541192, 35.52041219787064]}, "properties": {"OBJECTID": 24709, "SUBTYPE": 2, "PROJECTNUMBER": " ", "INLETSIZE": null, "Location": null, "COMMENT": " "}}, {"type": "Feature", "id": 24711, "geometry": {"type": "Point", "coordinates": [-97.4844845610864, 35.52002864563076]}, "properties": {"OBJECTID": 24711, "SUBTYPE": 2, "PROJECTNUMBER": "74E92", "INLETSIZE": "4", "Location": "SE of N Prospect Ave & NE 48th", "COMMENT": " "}}, {"type": "Feature", "id": 24712, "geometry": {"type": "Point", "coordinates": [-97.48448852326278, 35.51931675079219]}, "properties": {"OBJECTID": 24712, "SUBTYPE": 2, "PROJECTNUMBER": "74E92", "INLETSIZE": "4", "Location": "SE of N Prospect Ave & NE 48th", "COMMENT": " "}}, {"type": "Feature", "id": 24713, "geometry": {"type": "Point", "coordinates": [-97.48428424300083, 35.519315031008304]}, "properties": {"OBJECTID": 24713, "SUBTYPE": 2, "PROJECTNUMBER": "74E92", "INLETSIZE": "4", "Location": "SE of N Prospect Ave & NE 48th", "COMMENT": " "}}, {"type": "Feature", "id": 24714, "geometry": {"type": "Point", "coordinates": [-97.48408436162843, 35.51787075685432]}, "properties": {"OBJECTID": 24714, "SUBTYPE": 2, "PROJECTNUMBER": "74E92", "INLETSIZE": "4", "Location": "SE of N Prospect Ave & NE 48th", "COMMENT": " "}}, {"type": "Feature", "id": 24715, "geometry": {"type": "Point", "coordinates": [-97.48428128882088, 35.517872563136365]}, "properties": {"OBJECTID": 24715, "SUBTYPE": 2, "PROJECTNUMBER": "74E92", "INLETSIZE": "4", "Location": "SE of N Prospect Ave & NE 48th", "COMMENT": " "}}, {"type": "Feature", "id": 24716, "geometry": {"type": "Point", "coordinates": [-97.48408916826428, 35.51716024473407]}, "properties": {"OBJECTID": 24716, "SUBTYPE": 2, "PROJECTNUMBER": "74E92", "INLETSIZE": "4", "Location": "SE of N Prospect Ave & NE 48th", "COMMENT": " "}}, {"type": "Feature", "id": 24717, "geometry": {"type": "Point", "coordinates": [-97.48389446667858, 35.51715772044096]}, "properties": {"OBJECTID": 24717, "SUBTYPE": 2, "PROJECTNUMBER": "74E92", "INLETSIZE": "4", "Location": "SE of N Prospect Ave & NE 48th", "COMMENT": " "}}, {"type": "Feature", "id": 24718, "geometry": {"type": "Point", "coordinates": [-97.48985837512772, 35.51721054565106]}, "properties": {"OBJECTID": 24718, "SUBTYPE": 2, "PROJECTNUMBER": " ", "INLETSIZE": null, "Location": null, "COMMENT": " "}}, {"type": "Feature", "id": 24724, "geometry": {"type": "Point", "coordinates": [-97.50541845552839, 35.51953382287965]}, "properties": {"OBJECTID": 24724, "SUBTYPE": 2, "PROJECTNUMBER": "DD-0093", "INLETSIZE": null, "Location": "NE of N Stiles Ave & NE 46th", "COMMENT": " "}}, {"type": "Feature", "id": 24729, "geometry": {"type": "Point", "coordinates": [-97.51204053049803, 35.513571031130546]}, "properties": {"OBJECTID": 24729, "SUBTYPE": 2, "PROJECTNUMBER": " ", "INLETSIZE": null, "Location": null, "COMMENT": " "}}, {"type": "Feature", "id": 24730, "geometry": {"type": "Point", "coordinates": [-97.51002910001563, 35.51355790927055]}, "properties": {"OBJECTID": 24730, "SUBTYPE": 2, "PROJECTNUMBER": "ST-0868", "INLETSIZE": null, "Location": "NW 42nd, E of N Santa Fe Ave", "COMMENT": " "}}, {"type": "Feature", "id": 24731, "geometry": {"type": "Point", "coordinates": [-97.51100570156962, 35.513566636235666]}, "properties": {"OBJECTID": 24731, "SUBTYPE": 2, "PROJECTNUMBER": " ", "INLETSIZE": null, "Location": null, "COMMENT": " "}}, {"type": "Feature", "id": 24732, "geometry": {"type": "Point", "coordinates": [-97.50562066164153, 35.5109498743984]}, "properties": {"OBJECTID": 24732, "SUBTYPE": 2, "PROJECTNUMBER": " ", "INLETSIZE": null, "Location": null, "COMMENT": " "}}, {"type": "Feature", "id": 24735, "geometry": {"type": "Point", "coordinates": [-97.48099135640129, 35.529431408880235]}, "properties": {"OBJECTID": 24735, "SUBTYPE": 0, "PROJECTNUMBER": "DC-0183", "INLETSIZE": "6'x6'", "Location": "NE 58th, W of NE Grand Blvd", "COMMENT": " "}}, {"type": "Feature", "id": 24739, "geometry": {"type": "Point", "coordinates": [-97.48030016928594, 35.526751766121556]}, "properties": {"OBJECTID": 24739, "SUBTYPE": 1, "PROJECTNUMBER": "DC-0183", "INLETSIZE": "5.5'x5.5'", "Location": "NE of NE 55th & N Rhode Island Ave", "COMMENT": " "}}, {"type": "Feature", "id": 24740, "geometry": {"type": "Point", "coordinates": [-97.48030251822841, 35.52639304734548]}, "properties": {"OBJECTID": 24740, "SUBTYPE": 1, "PROJECTNUMBER": "DC-0183", "INLETSIZE": null, "Location": "NE 55th, E of N Rhode Island Ave", "COMMENT": " "}}, {"type": "Feature", "id": 24741, "geometry": {"type": "Point", "coordinates": [-97.48008624768545, 35.52639210076134]}, "properties": {"OBJECTID": 24741, "SUBTYPE": 2, "PROJECTNUMBER": "DC-0183", "INLETSIZE": null, "Location": "NE 55th, E of N Rhode Island Ave", "COMMENT": " "}}, {"type": "Feature", "id": 24742, "geometry": {"type": "Point", "coordinates": [-97.48009120808412, 35.525642620053766]}, "properties": {"OBJECTID": 24742, "SUBTYPE": 2, "PROJECTNUMBER": "67E118", "INLETSIZE": "4", "Location": "NE 54th, E of N Rhode Island Ave", "COMMENT": null}}, {"type": "Feature", "id": 24743, "geometry": {"type": "Point", "coordinates": [-97.4800962468115, 35.524873425326376]}, "properties": {"OBJECTID": 24743, "SUBTYPE": 2, "PROJECTNUMBER": "67E118", "INLETSIZE": "4", "Location": "NE 53rd, E of N Rhode Island Ave", "COMMENT": null}}, {"type": "Feature", "id": 24744, "geometry": {"type": "Point", "coordinates": [-97.50049215063437, 35.536350304725936]}, "properties": {"OBJECTID": 24744, "SUBTYPE": 0, "PROJECTNUMBER": "55E122", "INLETSIZE": "Des 4-2", "Location": "Wildwood Hills Add.", "COMMENT": " "}}, {"type": "Feature", "id": 24745, "geometry": {"type": "Point", "coordinates": [-97.50051833771926, 35.53663963454651]}, "properties": {"OBJECTID": 24745, "SUBTYPE": 2, "PROJECTNUMBER": "3E204", "INLETSIZE": null, "Location": "NE 63rd & N Post Oak Rd", "COMMENT": " "}}, {"type": "Feature", "id": 24746, "geometry": {"type": "Point", "coordinates": [-97.50060966353756, 35.53673687156699]}, "properties": {"OBJECTID": 24746, "SUBTYPE": 2, "PROJECTNUMBER": "3E204", "INLETSIZE": null, "Location": "NE 63rd & N Post Oak Rd", "COMMENT": " "}}, {"type": "Feature", "id": 24747, "geometry": {"type": "Point", "coordinates": [-97.50136742081493, 35.536741079856306]}, "properties": {"OBJECTID": 24747, "SUBTYPE": 2, "PROJECTNUMBER": "3E204", "INLETSIZE": null, "Location": "NE 63rd & N Post Oak Rd", "COMMENT": " "}}, {"type": "Feature", "id": 24748, "geometry": {"type": "Point", "coordinates": [-97.50149276055667, 35.536639570424676]}, "properties": {"OBJECTID": 24748, "SUBTYPE": 2, "PROJECTNUMBER": "3E204", "INLETSIZE": null, "Location": "NE 63rd & N Post Oak Rd", "COMMENT": " "}}, {"type": "Feature", "id": 24749, "geometry": {"type": "Point", "coordinates": [-97.50150416708874, 35.53545938032559]}, "properties": {"OBJECTID": 24749, "SUBTYPE": 2, "PROJECTNUMBER": "3E204", "INLETSIZE": null, "Location": "NE 63rd & N Post Oak Rd", "COMMENT": " "}}, {"type": "Feature", "id": 24750, "geometry": {"type": "Point", "coordinates": [-97.50219278175726, 35.535463511309956]}, "properties": {"OBJECTID": 24750, "SUBTYPE": 2, "PROJECTNUMBER": "3E204", "INLETSIZE": null, "Location": "Wildewood Dr & NE 61st", "COMMENT": " "}}, {"type": "Feature", "id": 24751, "geometry": {"type": "Point", "coordinates": [-97.50220948343504, 35.5353322775208]}, "properties": {"OBJECTID": 24751, "SUBTYPE": 2, "PROJECTNUMBER": "3E204", "INLETSIZE": null, "Location": "Wildewood Dr & NE 61st", "COMMENT": " "}}, {"type": "Feature", "id": 24752, "geometry": {"type": "Point", "coordinates": [-97.5028027522953, 35.53547793286739]}, "properties": {"OBJECTID": 24752, "SUBTYPE": 2, "PROJECTNUMBER": "3E204", "INLETSIZE": null, "Location": "Wildewood Dr & NE 61st", "COMMENT": " "}}, {"type": "Feature", "id": 24753, "geometry": {"type": "Point", "coordinates": [-97.50341390043872, 35.534832302386235]}, "properties": {"OBJECTID": 24753, "SUBTYPE": 2, "PROJECTNUMBER": "3E204", "INLETSIZE": null, "Location": "Wildewood Dr & NE 61st", "COMMENT": " "}}, {"type": "Feature", "id": 24754, "geometry": {"type": "Point", "coordinates": [-97.50313609193033, 35.53485894148834]}, "properties": {"OBJECTID": 24754, "SUBTYPE": 2, "PROJECTNUMBER": "3E204", "INLETSIZE": null, "Location": "Wildewood Dr & NE 61st", "COMMENT": " "}}, {"type": "Feature", "id": 24755, "geometry": {"type": "Point", "coordinates": [-97.5041367746327, 35.53502460029351]}, "properties": {"OBJECTID": 24755, "SUBTYPE": 2, "PROJECTNUMBER": "3E204", "INLETSIZE": null, "Location": "Wildewood Dr & NE 61st", "COMMENT": " "}}, {"type": "Feature", "id": 24758, "geometry": {"type": "Point", "coordinates": [-97.49457221754977, 35.52284838406009]}, "properties": {"OBJECTID": 24758, "SUBTYPE": 2, "PROJECTNUMBER": "20E112", "INLETSIZE": "4'", "Location": "N Kelley Ave & NE 50th", "COMMENT": " "}}, {"type": "Feature", "id": 24759, "geometry": {"type": "Point", "coordinates": [-97.49440251037608, 35.52284766166917]}, "properties": {"OBJECTID": 24759, "SUBTYPE": 2, "PROJECTNUMBER": "20E112", "INLETSIZE": "4'", "Location": "N Kelley Ave & NE 50th", "COMMENT": " "}}, {"type": "Feature", "id": 24760, "geometry": {"type": "Point", "coordinates": [-97.45679438315136, 35.60715642243468]}, "properties": {"OBJECTID": 24760, "SUBTYPE": 2, "PROJECTNUMBER": "PD-0039", "INLETSIZE": "4' DIA", "Location": "Silver Eagle Trail, N of Eagle Crest Rd", "COMMENT": "NW ¼, Sec.18, T13N, R2W"}}, {"type": "Feature", "id": 24761, "geometry": {"type": "Point", "coordinates": [-97.46028416628214, 35.601426184238726]}, "properties": {"OBJECTID": 24761, "SUBTYPE": 2, "PROJECTNUMBER": " ", "INLETSIZE": null, "Location": null, "COMMENT": " "}}, {"type": "Feature", "id": 24762, "geometry": {"type": "Point", "coordinates": [-97.46028075583894, 35.60106160376205]}, "properties": {"OBJECTID": 24762, "SUBTYPE": 2, "PROJECTNUMBER": " ", "INLETSIZE": null, "Location": null, "COMMENT": " "}}, {"type": "Feature", "id": 24765, "geometry": {"type": "Point", "coordinates": [-97.4257539209512, 35.419253381696784]}, "properties": {"OBJECTID": 24765, "SUBTYPE": 0, "PROJECTNUMBER": " ", "INLETSIZE": null, "Location": null, "COMMENT": " "}}, {"type": "Feature", "id": 24766, "geometry": {"type": "Point", "coordinates": [-97.42691178587674, 35.41919900629916]}, "properties": {"OBJECTID": 24766, "SUBTYPE": 2, "PROJECTNUMBER": "DD-0263", "INLETSIZE": "4' DIA", "Location": "SW of S Sooner Rd & SE 44th", "COMMENT": " "}}, {"type": "Feature", "id": 24768, "geometry": {"type": "Point", "coordinates": [-97.62733192098183, 35.55210692958611]}, "properties": {"OBJECTID": 24768, "SUBTYPE": 2, "PROJECTNUMBER": "DD-0017", "INLETSIZE": "4' DIA", "Location": "W of NW Expressway & W Wilshire Blvd", "COMMENT": " "}}, {"type": "Feature", "id": 24769, "geometry": {"type": "Point", "coordinates": [-97.62733549115755, 35.551916949205065]}, "properties": {"OBJECTID": 24769, "SUBTYPE": 2, "PROJECTNUMBER": "DD-0017", "INLETSIZE": "4' DIA", "Location": "W of NW Expressway & W Wilshire Blvd", "COMMENT": " "}}, {"type": "Feature", "id": 24770, "geometry": {"type": "Point", "coordinates": [-97.62723604220024, 35.552051200303005]}, "properties": {"OBJECTID": 24770, "SUBTYPE": 2, "PROJECTNUMBER": "DD-0017", "INLETSIZE": "4' DIA", "Location": "W of NW Expressway & W Wilshire Blvd", "COMMENT": " "}}, {"type": "Feature", "id": 24771, "geometry": {"type": "Point", "coordinates": [-97.62075943929788, 35.55681447403757]}, "properties": {"OBJECTID": 24771, "SUBTYPE": 2, "PROJECTNUMBER": "14E206", "INLETSIZE": null, "Location": "NW 83rd & N MacArthur Blvd", "COMMENT": " "}}, {"type": "Feature", "id": 24772, "geometry": {"type": "Point", "coordinates": [-97.62842985190447, 35.557934476429615]}, "properties": {"OBJECTID": 24772, "SUBTYPE": 2, "PROJECTNUMBER": "12E614", "INLETSIZE": null, "Location": "NE of NW 82nd & Brookridge Dr", "COMMENT": " "}}, {"type": "Feature", "id": 24773, "geometry": {"type": "Point", "coordinates": [-97.62898888764731, 35.557932050416746]}, "properties": {"OBJECTID": 24773, "SUBTYPE": 2, "PROJECTNUMBER": "12E614", "INLETSIZE": null, "Location": "NE of NW 82nd & Brookridge Dr", "COMMENT": " "}}, {"type": "Feature", "id": 24774, "geometry": {"type": "Point", "coordinates": [-97.62899137481361, 35.557244070086874]}, "properties": {"OBJECTID": 24774, "SUBTYPE": 2, "PROJECTNUMBER": "12E614", "INLETSIZE": null, "Location": "NE of NW 82nd & Brookridge Dr", "COMMENT": " "}}, {"type": "Feature", "id": 24775, "geometry": {"type": "Point", "coordinates": [-97.62642127978467, 35.55792908449019]}, "properties": {"OBJECTID": 24775, "SUBTYPE": 2, "PROJECTNUMBER": "12E614", "INLETSIZE": null, "Location": "NE of NW 82nd & Brookridge Dr", "COMMENT": " "}}, {"type": "Feature", "id": 24776, "geometry": {"type": "Point", "coordinates": [-97.62706938948601, 35.55793589030784]}, "properties": {"OBJECTID": 24776, "SUBTYPE": 2, "PROJECTNUMBER": "12E614", "INLETSIZE": null, "Location": "NE of NW 82nd & Brookridge Dr", "COMMENT": " "}}, {"type": "Feature", "id": 24777, "geometry": {"type": "Point", "coordinates": [-97.62705300113363, 35.556766092095124]}, "properties": {"OBJECTID": 24777, "SUBTYPE": 2, "PROJECTNUMBER": " ", "INLETSIZE": null, "Location": null, "COMMENT": " "}}, {"type": "Feature", "id": 24778, "geometry": {"type": "Point", "coordinates": [-97.62785982988247, 35.55676862204553]}, "properties": {"OBJECTID": 24778, "SUBTYPE": 2, "PROJECTNUMBER": " ", "INLETSIZE": null, "Location": null, "COMMENT": " "}}, {"type": "Feature", "id": 24779, "geometry": {"type": "Point", "coordinates": [-97.6278594311241, 35.5555389751289]}, "properties": {"OBJECTID": 24779, "SUBTYPE": 2, "PROJECTNUMBER": "12E614", "INLETSIZE": null, "Location": "NE of NW 82nd & Brookridge Dr", "COMMENT": " "}}, {"type": "Feature", "id": 24780, "geometry": {"type": "Point", "coordinates": [-97.62839057812627, 35.555542068941456]}, "properties": {"OBJECTID": 24780, "SUBTYPE": 2, "PROJECTNUMBER": " ", "INLETSIZE": null, "Location": null, "COMMENT": " "}}, {"type": "Feature", "id": 24781, "geometry": {"type": "Point", "coordinates": [-97.62839080647147, 35.55474568697503]}, "properties": {"OBJECTID": 24781, "SUBTYPE": 2, "PROJECTNUMBER": "12E614", "INLETSIZE": null, "Location": "NE of NW 82nd & Brookridge Dr", "COMMENT": " "}}, {"type": "Feature", "id": 24782, "geometry": {"type": "Point", "coordinates": [-97.628966112301, 35.55474891634668]}, "properties": {"OBJECTID": 24782, "SUBTYPE": 2, "PROJECTNUMBER": " ", "INLETSIZE": null, "Location": null, "COMMENT": " "}}, {"type": "Feature", "id": 24783, "geometry": {"type": "Point", "coordinates": [-97.62897626287719, 35.55458329261689]}, "properties": {"OBJECTID": 24783, "SUBTYPE": 2, "PROJECTNUMBER": " ", "INLETSIZE": null, "Location": null, "COMMENT": " "}}, {"type": "Feature", "id": 24784, "geometry": {"type": "Point", "coordinates": [-97.62914024371132, 35.5541948444573]}, "properties": {"OBJECTID": 24784, "SUBTYPE": 2, "PROJECTNUMBER": " ", "INLETSIZE": null, "Location": null, "COMMENT": " "}}, {"type": "Feature", "id": 24785, "geometry": {"type": "Point", "coordinates": [-97.6298294421748, 35.5572395296296]}, "properties": {"OBJECTID": 24785, "SUBTYPE": 2, "PROJECTNUMBER": "24E609", "INLETSIZE": null, "Location": "Candlewood Dr & NW 84th Pl", "COMMENT": " "}}, {"type": "Feature", "id": 24786, "geometry": {"type": "Point", "coordinates": [-97.63293684453079, 35.564186282931246]}, "properties": {"OBJECTID": 24786, "SUBTYPE": 2, "PROJECTNUMBER": "DC-0072", "INLETSIZE": "5' DIA", "Location": "Redlands Dr, S of Sutton PL", "COMMENT": " "}}, {"type": "Feature", "id": 24787, "geometry": {"type": "Point", "coordinates": [-97.63276385945471, 35.56442534153407]}, "properties": {"OBJECTID": 24787, "SUBTYPE": 2, "PROJECTNUMBER": "DC-0072", "INLETSIZE": "5' DIA", "Location": "Redlands Dr, S of Candlewood Dr", "COMMENT": " "}}, {"type": "Feature", "id": 24788, "geometry": {"type": "Point", "coordinates": [-97.63208401777845, 35.56468102528468]}, "properties": {"OBJECTID": 24788, "SUBTYPE": 2, "PROJECTNUMBER": "DC-0072", "INLETSIZE": "5' DIA", "Location": "SE of Candlewood Dr & Redlands Dr", "COMMENT": " "}}, {"type": "Feature", "id": 24789, "geometry": {"type": "Point", "coordinates": [-97.63278078816865, 35.562114187170906]}, "properties": {"OBJECTID": 24789, "SUBTYPE": 1, "PROJECTNUMBER": "DC-0072", "INLETSIZE": "Radius", "Location": "Crestmont Dr, E of Salsbury Ln", "COMMENT": " "}}, {"type": "Feature", "id": 24790, "geometry": {"type": "Point", "coordinates": [-97.6332691524342, 35.56186635029541]}, "properties": {"OBJECTID": 24790, "SUBTYPE": 1, "PROJECTNUMBER": "DC-0072", "INLETSIZE": "Radius", "Location": "Crestmont Dr, E of Salsbury Ln", "COMMENT": " "}}, {"type": "Feature", "id": 24791, "geometry": {"type": "Point", "coordinates": [-97.63140306777397, 35.564491532517735]}, "properties": {"OBJECTID": 24791, "SUBTYPE": 2, "PROJECTNUMBER": "DC-0072", "INLETSIZE": "5' DIA", "Location": "W of Rock Creek Cir & Candlewood Dr", "COMMENT": " "}}, {"type": "Feature", "id": 24792, "geometry": {"type": "Point", "coordinates": [-97.63148707504345, 35.564350774834935]}, "properties": {"OBJECTID": 24792, "SUBTYPE": 2, "PROJECTNUMBER": "DC-0072", "INLETSIZE": "5' DIA", "Location": "W of Rock Creek Cir & Candlewood Dr", "COMMENT": " "}}, {"type": "Feature", "id": 24793, "geometry": {"type": "Point", "coordinates": [-97.68905659330404, 35.45802157134015]}, "properties": {"OBJECTID": 24793, "SUBTYPE": 2, "PROJECTNUMBER": "PC-0090", "INLETSIZE": "4' DIA", "Location": "S Morgan Rd & SW 8th", "COMMENT": " "}}, {"type": "Feature", "id": 24794, "geometry": {"type": "Point", "coordinates": [-97.68908930155567, 35.452491501206715]}, "properties": {"OBJECTID": 24794, "SUBTYPE": 2, "PROJECTNUMBER": "PC-0090", "INLETSIZE": "4' DIA", "Location": "S Morgan Rd & Blue Bonnet Pl", "COMMENT": " "}}, {"type": "Feature", "id": 24795, "geometry": {"type": "Point", "coordinates": [-97.68909193462694, 35.45167153035152]}, "properties": {"OBJECTID": 24795, "SUBTYPE": 2, "PROJECTNUMBER": "PC-0090", "INLETSIZE": "4' DIA", "Location": "S Morgan Rd & Blue Bonnet Pl", "COMMENT": " "}}, {"type": "Feature", "id": 24796, "geometry": {"type": "Point", "coordinates": [-97.68910325558222, 35.450843832915766]}, "properties": {"OBJECTID": 24796, "SUBTYPE": 2, "PROJECTNUMBER": "PC-0090", "INLETSIZE": "4' DIA", "Location": "S Morgan Rd & SW 15th", "COMMENT": " "}}, {"type": "Feature", "id": 24797, "geometry": {"type": "Point", "coordinates": [-97.68911523427033, 35.449801558395265]}, "properties": {"OBJECTID": 24797, "SUBTYPE": 1, "PROJECTNUMBER": "PC-0090", "INLETSIZE": "6' RAD", "Location": "S Morgan Rd & SW 15th", "COMMENT": " "}}, {"type": "Feature", "id": 24798, "geometry": {"type": "Point", "coordinates": [-97.68912012775168, 35.44988356069131]}, "properties": {"OBJECTID": 24798, "SUBTYPE": 2, "PROJECTNUMBER": "PC-0090", "INLETSIZE": "4' DIA", "Location": "S Morgan Rd & SW 15th", "COMMENT": " "}}, {"type": "Feature", "id": 24799, "geometry": {"type": "Point", "coordinates": [-97.63943164588684, 35.580290950622995]}, "properties": {"OBJECTID": 24799, "SUBTYPE": 2, "PROJECTNUMBER": "DD-0510", "INLETSIZE": "4' DIA", "Location": "W Hefner Rd, W of N Rockwell Ave", "COMMENT": null}}, {"type": "Feature", "id": 24800, "geometry": {"type": "Point", "coordinates": [-97.63972061004583, 35.580376012511664]}, "properties": {"OBJECTID": 24800, "SUBTYPE": 2, "PROJECTNUMBER": "DD-0510", "INLETSIZE": "4' DIA", "Location": "W Hefner Rd, W of N Rockwell Ave", "COMMENT": " "}}, {"type": "Feature", "id": 24801, "geometry": {"type": "Point", "coordinates": [-97.63974688837793, 35.580513451114754]}, "properties": {"OBJECTID": 24801, "SUBTYPE": 2, "PROJECTNUMBER": "DD-0510", "INLETSIZE": "4' DIA", "Location": "W Hefner Rd, W of N Rockwell Ave", "COMMENT": " "}}, {"type": "Feature", "id": 24802, "geometry": {"type": "Point", "coordinates": [-97.63942095735604, 35.580581165573435]}, "properties": {"OBJECTID": 24802, "SUBTYPE": 2, "PROJECTNUMBER": "DD-0510", "INLETSIZE": "6' DIA", "Location": "W Hefner Rd, W of N Rockwell Ave", "COMMENT": " "}}, {"type": "Feature", "id": 24803, "geometry": {"type": "Point", "coordinates": [-97.63201913129471, 35.564352740147775]}, "properties": {"OBJECTID": 24803, "SUBTYPE": 2, "PROJECTNUMBER": "21E609", "INLETSIZE": null, "Location": "SE of W Britton Rd & Redlands Dr", "COMMENT": " "}}, {"type": "Feature", "id": 24804, "geometry": {"type": "Point", "coordinates": [-97.63291624506124, 35.56423414080104]}, "properties": {"OBJECTID": 24804, "SUBTYPE": 2, "PROJECTNUMBER": "DC-0072", "INLETSIZE": "5' DIA", "Location": "Redlands Dr, S of Candlewood Dr", "COMMENT": " "}}, {"type": "Feature", "id": 24805, "geometry": {"type": "Point", "coordinates": [-97.63182292472811, 35.564572511442584]}, "properties": {"OBJECTID": 24805, "SUBTYPE": 2, "PROJECTNUMBER": "21E609", "INLETSIZE": null, "Location": "SE of W Britton Rd & Redlands Dr", "COMMENT": " "}}, {"type": "Feature", "id": 24806, "geometry": {"type": "Point", "coordinates": [-97.63794863483261, 35.559771359892125]}, "properties": {"OBJECTID": 24806, "SUBTYPE": 2, "PROJECTNUMBER": "DD-0554", "INLETSIZE": "6' Dia", "Location": "N Rockwell Ave & NW Expressway", "COMMENT": " "}}, {"type": "Feature", "id": 24807, "geometry": {"type": "Point", "coordinates": [-97.63792214302656, 35.558879561160566]}, "properties": {"OBJECTID": 24807, "SUBTYPE": 2, "PROJECTNUMBER": "DD-0554", "INLETSIZE": "6' DIA", "Location": "N Rockwell Ave & NW Expressway", "COMMENT": " "}}, {"type": "Feature", "id": 24808, "geometry": {"type": "Point", "coordinates": [-97.63729756556408, 35.557901086535246]}, "properties": {"OBJECTID": 24808, "SUBTYPE": 2, "PROJECTNUMBER": "DD-0554", "INLETSIZE": "6' DIA", "Location": "N Rockwell Ave & NW Expressway", "COMMENT": null}}, {"type": "Feature", "id": 24809, "geometry": {"type": "Point", "coordinates": [-97.6379385788192, 35.558200158738586]}, "properties": {"OBJECTID": 24809, "SUBTYPE": 2, "PROJECTNUMBER": "DD-0554", "INLETSIZE": "6' DIA", "Location": "N Rockwell Ave & NW Expressway", "COMMENT": " "}}, {"type": "Feature", "id": 24811, "geometry": {"type": "Point", "coordinates": [-97.56186484917055, 35.354563167322446]}, "properties": {"OBJECTID": 24811, "SUBTYPE": 2, "PROJECTNUMBER": "DD-0037", "INLETSIZE": null, "Location": "SW 112th & SW 113th", "COMMENT": " "}}, {"type": "Feature", "id": 24812, "geometry": {"type": "Point", "coordinates": [-97.56232896019164, 35.3548485688935]}, "properties": {"OBJECTID": 24812, "SUBTYPE": 2, "PROJECTNUMBER": "DD-0037", "INLETSIZE": null, "Location": "SW 112th & SW 113th", "COMMENT": " "}}, {"type": "Feature", "id": 24813, "geometry": {"type": "Point", "coordinates": [-97.56134302864285, 35.35443769586523]}, "properties": {"OBJECTID": 24813, "SUBTYPE": 2, "PROJECTNUMBER": "DD-0037", "INLETSIZE": null, "Location": "SW 112th & SW 113th", "COMMENT": " "}}, {"type": "Feature", "id": 24814, "geometry": {"type": "Point", "coordinates": [-97.56137237419458, 35.35413787195837]}, "properties": {"OBJECTID": 24814, "SUBTYPE": 2, "PROJECTNUMBER": "DD-0170", "INLETSIZE": null, "Location": "SW 113th, W of Country Dr", "COMMENT": " "}}, {"type": "Feature", "id": 24815, "geometry": {"type": "Point", "coordinates": [-97.55541082924, 35.34483204385833]}, "properties": {"OBJECTID": 24815, "SUBTYPE": 1, "PROJECTNUMBER": "3E626", "INLETSIZE": null, "Location": "SW 122nd & S Villa Ave", "COMMENT": " "}}, {"type": "Feature", "id": 24816, "geometry": {"type": "Point", "coordinates": [-97.53590856489905, 35.62173186034668]}, "properties": {"OBJECTID": 24816, "SUBTYPE": 2, "PROJECTNUMBER": "PD-0575", "INLETSIZE": null, "Location": "S of NW 150th St & E of Western Avenue", "COMMENT": " "}}, {"type": "Feature", "id": 24817, "geometry": {"type": "Point", "coordinates": [-97.53182300692266, 35.61037854687265]}, "properties": {"OBJECTID": 24817, "SUBTYPE": 2, "PROJECTNUMBER": "DD-0158", "INLETSIZE": null, "Location": "SW of N Western Ave & NW 138th", "COMMENT": null}}, {"type": "Feature", "id": 24818, "geometry": {"type": "Point", "coordinates": [-97.5317617227416, 35.611231940587885]}, "properties": {"OBJECTID": 24818, "SUBTYPE": 1, "PROJECTNUMBER": "PC-0183", "INLETSIZE": null, "Location": "N Western Ave & NW 138th", "COMMENT": " "}}, {"type": "Feature", "id": 24819, "geometry": {"type": "Point", "coordinates": [-97.54759503835349, 35.609519397042256]}, "properties": {"OBJECTID": 24819, "SUBTYPE": 2, "PROJECTNUMBER": "DD-0061", "INLETSIZE": null, "Location": "NE of N Pennsylvania Ave & W Memorial Rd", "COMMENT": " "}}, {"type": "Feature", "id": 24820, "geometry": {"type": "Point", "coordinates": [-97.54702538686082, 35.61146610175728]}, "properties": {"OBJECTID": 24820, "SUBTYPE": 2, "PROJECTNUMBER": " ", "INLETSIZE": null, "Location": null, "COMMENT": " "}}, {"type": "Feature", "id": 24822, "geometry": {"type": "Point", "coordinates": [-97.54424727363647, 35.61393110904994]}, "properties": {"OBJECTID": 24822, "SUBTYPE": 1, "PROJECTNUMBER": "DD-0024", "INLETSIZE": null, "Location": "E of N Kentucky Ave & NW 140th", "COMMENT": " "}}, {"type": "Feature", "id": 24823, "geometry": {"type": "Point", "coordinates": [-97.54520140076471, 35.61364907285986]}, "properties": {"OBJECTID": 24823, "SUBTYPE": 2, "PROJECTNUMBER": "DD-0024", "INLETSIZE": null, "Location": "E of N Kentucky Ave & NW 140th", "COMMENT": " "}}, {"type": "Feature", "id": 24824, "geometry": {"type": "Point", "coordinates": [-97.55763613807608, 35.50681642494091]}, "properties": {"OBJECTID": 24824, "SUBTYPE": 2, "PROJECTNUMBER": "15E113", "INLETSIZE": null, "Location": "W Eubanks & N Villa Ave", "COMMENT": " "}}, {"type": "Feature", "id": 24825, "geometry": {"type": "Point", "coordinates": [-97.55663349127498, 35.50682100963032]}, "properties": {"OBJECTID": 24825, "SUBTYPE": 2, "PROJECTNUMBER": "15E113", "INLETSIZE": null, "Location": "W Eubanks & N Villa Ave", "COMMENT": " "}}, {"type": "Feature", "id": 24826, "geometry": {"type": "Point", "coordinates": [-97.56052168029022, 35.506809438839284]}, "properties": {"OBJECTID": 24826, "SUBTYPE": 2, "PROJECTNUMBER": "15E113", "INLETSIZE": null, "Location": "W Eubanks, W of N Villa Ave", "COMMENT": " "}}, {"type": "Feature", "id": 24827, "geometry": {"type": "Point", "coordinates": [-97.55889220612728, 35.506810550920235]}, "properties": {"OBJECTID": 24827, "SUBTYPE": 2, "PROJECTNUMBER": "15E113", "INLETSIZE": null, "Location": "N Linn Ave, N of NW 33rd", "COMMENT": " "}}, {"type": "Feature", "id": 24828, "geometry": {"type": "Point", "coordinates": [-97.55883935239157, 35.50543635169321]}, "properties": {"OBJECTID": 24828, "SUBTYPE": 2, "PROJECTNUMBER": "15E113", "INLETSIZE": null, "Location": "N Linn Ave, N of NW 33rd", "COMMENT": " "}}, {"type": "Feature", "id": 24829, "geometry": {"type": "Point", "coordinates": [-97.55938995822981, 35.50500494422834]}, "properties": {"OBJECTID": 24829, "SUBTYPE": 2, "PROJECTNUMBER": "15E113", "INLETSIZE": null, "Location": "N Linn Ave, N of NW 33rd", "COMMENT": " "}}, {"type": "Feature", "id": 24830, "geometry": {"type": "Point", "coordinates": [-97.55884557106222, 35.505010528888086]}, "properties": {"OBJECTID": 24830, "SUBTYPE": 2, "PROJECTNUMBER": "15E113", "INLETSIZE": null, "Location": "N Linn Ave, N of NW 33rd", "COMMENT": " "}}, {"type": "Feature", "id": 24831, "geometry": {"type": "Point", "coordinates": [-97.55884940494582, 35.50486845749883]}, "properties": {"OBJECTID": 24831, "SUBTYPE": 2, "PROJECTNUMBER": "15E113", "INLETSIZE": null, "Location": "N Linn Ave, N of NW 33rd", "COMMENT": " "}}, {"type": "Feature", "id": 24832, "geometry": {"type": "Point", "coordinates": [-97.55885232881671, 35.503931490394926]}, "properties": {"OBJECTID": 24832, "SUBTYPE": 2, "PROJECTNUMBER": "15E113", "INLETSIZE": null, "Location": "N Linn Ave, N of NW 33rd", "COMMENT": " "}}, {"type": "Feature", "id": 24833, "geometry": {"type": "Point", "coordinates": [-97.56554023860951, 35.506560674554734]}, "properties": {"OBJECTID": 24833, "SUBTYPE": 2, "PROJECTNUMBER": " ", "INLETSIZE": null, "Location": null, "COMMENT": " "}}, {"type": "Feature", "id": 24835, "geometry": {"type": "Point", "coordinates": [-97.56165665950304, 35.50488268268569]}, "properties": {"OBJECTID": 24835, "SUBTYPE": 2, "PROJECTNUMBER": "11E113", "INLETSIZE": null, "Location": "NE of NW 30th & N May Ave", "COMMENT": " "}}, {"type": "Feature", "id": 24836, "geometry": {"type": "Point", "coordinates": [-97.56165332468852, 35.50388885071284]}, "properties": {"OBJECTID": 24836, "SUBTYPE": 1, "PROJECTNUMBER": "11E113", "INLETSIZE": "Special", "Location": "NE of NW 30th & N May Ave", "COMMENT": " "}}, {"type": "Feature", "id": 24837, "geometry": {"type": "Point", "coordinates": [-97.56164002255048, 35.50317010406599]}, "properties": {"OBJECTID": 24837, "SUBTYPE": 2, "PROJECTNUMBER": "11E113", "INLETSIZE": null, "Location": "NE of NW 30th & N May Ave", "COMMENT": " "}}, {"type": "Feature", "id": 24838, "geometry": {"type": "Point", "coordinates": [-97.56169267839302, 35.50230714581323]}, "properties": {"OBJECTID": 24838, "SUBTYPE": 2, "PROJECTNUMBER": "11E113", "INLETSIZE": null, "Location": "NE of NW 30th & N May Ave", "COMMENT": " "}}, {"type": "Feature", "id": 24840, "geometry": {"type": "Point", "coordinates": [-97.56386744337749, 35.5021015854236]}, "properties": {"OBJECTID": 24840, "SUBTYPE": 2, "PROJECTNUMBER": "11E113", "INLETSIZE": null, "Location": "NE of NW 30th & N May Ave", "COMMENT": " "}}, {"type": "Feature", "id": 24841, "geometry": {"type": "Point", "coordinates": [-97.56398356129515, 35.50165814813556]}, "properties": {"OBJECTID": 24841, "SUBTYPE": 2, "PROJECTNUMBER": "11E113", "INLETSIZE": null, "Location": "NE of NW 30th & N May Ave", "COMMENT": " "}}, {"type": "Feature", "id": 24845, "geometry": {"type": "Point", "coordinates": [-97.56330775927634, 35.496837759700405]}, "properties": {"OBJECTID": 24845, "SUBTYPE": 2, "PROJECTNUMBER": "12E113", "INLETSIZE": null, "Location": "N of NW 27th & N Miller Ave", "COMMENT": " "}}, {"type": "Feature", "id": 24847, "geometry": {"type": "Point", "coordinates": [-97.5616598837697, 35.50213338438775]}, "properties": {"OBJECTID": 24847, "SUBTYPE": 2, "PROJECTNUMBER": "11E113", "INLETSIZE": null, "Location": "NE of NW 30th & N May Ave", "COMMENT": " "}}, {"type": "Feature", "id": 24848, "geometry": {"type": "Point", "coordinates": [-97.56129956002232, 35.50089901631398]}, "properties": {"OBJECTID": 24848, "SUBTYPE": 1, "PROJECTNUMBER": "11E113", "INLETSIZE": "Special", "Location": "NE of NW 30th & N May Ave", "COMMENT": " "}}, {"type": "Feature", "id": 24849, "geometry": {"type": "Point", "coordinates": [-97.55967315395037, 35.497630186591095]}, "properties": {"OBJECTID": 24849, "SUBTYPE": 1, "PROJECTNUMBER": "5E84", "INLETSIZE": null, "Location": "Warr’s Better Built Homes Addition Number Three", "COMMENT": "With Manhole"}}, {"type": "Feature", "id": 24850, "geometry": {"type": "Point", "coordinates": [-97.55963972582997, 35.49657028277722]}, "properties": {"OBJECTID": 24850, "SUBTYPE": 2, "PROJECTNUMBER": " ", "INLETSIZE": null, "Location": null, "COMMENT": "Check survey"}}, {"type": "Feature", "id": 24851, "geometry": {"type": "Point", "coordinates": [-97.55978794916825, 35.494026073485756]}, "properties": {"OBJECTID": 24851, "SUBTYPE": 2, "PROJECTNUMBER": "56E114", "INLETSIZE": null, "Location": "NW 24th & N Linn Ave", "COMMENT": " "}}, {"type": "Feature", "id": 24852, "geometry": {"type": "Point", "coordinates": [-97.55959915833355, 35.49358419271592]}, "properties": {"OBJECTID": 24852, "SUBTYPE": 2, "PROJECTNUMBER": " ", "INLETSIZE": null, "Location": null, "COMMENT": " "}}, {"type": "Feature", "id": 24856, "geometry": {"type": "Point", "coordinates": [-97.56044880798311, 35.49400483317726]}, "properties": {"OBJECTID": 24856, "SUBTYPE": 2, "PROJECTNUMBER": " ", "INLETSIZE": null, "Location": null, "COMMENT": "Check survey"}}, {"type": "Feature", "id": 24857, "geometry": {"type": "Point", "coordinates": [-97.56053229404998, 35.49377778318332]}, "properties": {"OBJECTID": 24857, "SUBTYPE": 2, "PROJECTNUMBER": " ", "INLETSIZE": null, "Location": null, "COMMENT": "Check survey"}}, {"type": "Feature", "id": 24858, "geometry": {"type": "Point", "coordinates": [-97.56073149270406, 35.493254408890465]}, "properties": {"OBJECTID": 24858, "SUBTYPE": 2, "PROJECTNUMBER": " ", "INLETSIZE": null, "Location": null, "COMMENT": " "}}, {"type": "Feature", "id": 24859, "geometry": {"type": "Point", "coordinates": [-97.56350330034148, 35.49498968291688]}, "properties": {"OBJECTID": 24859, "SUBTYPE": 2, "PROJECTNUMBER": "46E80", "INLETSIZE": null, "Location": "25th from Ross to May", "COMMENT": " "}}, {"type": "Feature", "id": 24861, "geometry": {"type": "Point", "coordinates": [-97.56552353398139, 35.49400502766944]}, "properties": {"OBJECTID": 24861, "SUBTYPE": 2, "PROJECTNUMBER": "56E80", "INLETSIZE": "4", "Location": "24th Street from Ross to May Ave.", "COMMENT": " "}}, {"type": "Feature", "id": 24862, "geometry": {"type": "Point", "coordinates": [-97.56349986210424, 35.49397244592481]}, "properties": {"OBJECTID": 24862, "SUBTYPE": 2, "PROJECTNUMBER": "56e80", "INLETSIZE": null, "Location": "24th Street from Ross to May Ave.", "COMMENT": " "}}, {"type": "Feature", "id": 24863, "geometry": {"type": "Point", "coordinates": [-97.56362812088338, 35.49322697915301]}, "properties": {"OBJECTID": 24863, "SUBTYPE": 2, "PROJECTNUMBER": " ", "INLETSIZE": null, "Location": null, "COMMENT": " "}}, {"type": "Feature", "id": 24864, "geometry": {"type": "Point", "coordinates": [-97.54847208282997, 35.50682849942355]}, "properties": {"OBJECTID": 24864, "SUBTYPE": 2, "PROJECTNUMBER": " ", "INLETSIZE": null, "Location": null, "COMMENT": " "}}, {"type": "Feature", "id": 24865, "geometry": {"type": "Point", "coordinates": [-97.51741710839323, 35.637970457913084]}, "properties": {"OBJECTID": 24865, "SUBTYPE": 2, "PROJECTNUMBER": "PD-0027", "INLETSIZE": "5' DIA", "Location": "SW of NW 164th & Del Mar Dr", "COMMENT": " "}}, {"type": "Feature", "id": 24866, "geometry": {"type": "Point", "coordinates": [-97.51695498474784, 35.609285240904704]}, "properties": {"OBJECTID": 24866, "SUBTYPE": 2, "PROJECTNUMBER": "DD-0224", "INLETSIZE": null, "Location": "W Memorial Rd, E of N Harvey Ave", "COMMENT": " "}}, {"type": "Feature", "id": 24867, "geometry": {"type": "Point", "coordinates": [-97.5175224277302, 35.609282156177926]}, "properties": {"OBJECTID": 24867, "SUBTYPE": 2, "PROJECTNUMBER": "DD-0224", "INLETSIZE": null, "Location": "W Memorial Rd, E of N Harvey Ave", "COMMENT": " "}}, {"type": "Feature", "id": 24868, "geometry": {"type": "Point", "coordinates": [-97.52939496619777, 35.61238482499862]}, "properties": {"OBJECTID": 24868, "SUBTYPE": 2, "PROJECTNUMBER": " ", "INLETSIZE": null, "Location": "Fairhill Addition", "COMMENT": " "}}, {"type": "Feature", "id": 24869, "geometry": {"type": "Point", "coordinates": [-97.52929320440013, 35.6122889454876]}, "properties": {"OBJECTID": 24869, "SUBTYPE": 2, "PROJECTNUMBER": " ", "INLETSIZE": null, "Location": null, "COMMENT": " "}}, {"type": "Feature", "id": 24870, "geometry": {"type": "Point", "coordinates": [-97.52921381408703, 35.611577164996824]}, "properties": {"OBJECTID": 24870, "SUBTYPE": 2, "PROJECTNUMBER": " ", "INLETSIZE": null, "Location": null, "COMMENT": " "}}, {"type": "Feature", "id": 24871, "geometry": {"type": "Point", "coordinates": [-97.52862724926361, 35.61072679647055]}, "properties": {"OBJECTID": 24871, "SUBTYPE": 2, "PROJECTNUMBER": " ", "INLETSIZE": null, "Location": "NW 137th & Fairhill Ave", "COMMENT": " "}}, {"type": "Feature", "id": 24872, "geometry": {"type": "Point", "coordinates": [-97.52819396894718, 35.610049589212686]}, "properties": {"OBJECTID": 24872, "SUBTYPE": 2, "PROJECTNUMBER": " ", "INLETSIZE": null, "Location": null, "COMMENT": " "}}, {"type": "Feature", "id": 24873, "geometry": {"type": "Point", "coordinates": [-97.52999411967815, 35.614428821636416]}, "properties": {"OBJECTID": 24873, "SUBTYPE": 2, "PROJECTNUMBER": "PD-0080", "INLETSIZE": "6' DIA", "Location": "NW 141st & Fairhill Ave", "COMMENT": " "}}, {"type": "Feature", "id": 24874, "geometry": {"type": "Point", "coordinates": [-97.53001895029645, 35.61364660620539]}, "properties": {"OBJECTID": 24874, "SUBTYPE": 2, "PROJECTNUMBER": "PD-0080", "INLETSIZE": "5' DIA", "Location": "NW 140th & Fairhill Ave", "COMMENT": " "}}, {"type": "Feature", "id": 24875, "geometry": {"type": "Point", "coordinates": [-97.52962851384787, 35.61365364715826]}, "properties": {"OBJECTID": 24875, "SUBTYPE": 2, "PROJECTNUMBER": "PD-0080", "INLETSIZE": "6' DIA", "Location": "NW 140th & Fairhill Ave", "COMMENT": " "}}, {"type": "Feature", "id": 24876, "geometry": {"type": "Point", "coordinates": [-97.51923287164416, 35.59038750261269]}, "properties": {"OBJECTID": 24876, "SUBTYPE": 2, "PROJECTNUMBER": "34E607", "INLETSIZE": null, "Location": "NW 118th, E of N Walker Ave", "COMMENT": " "}}, {"type": "Feature", "id": 24877, "geometry": {"type": "Point", "coordinates": [-97.52025883915569, 35.59037151372684]}, "properties": {"OBJECTID": 24877, "SUBTYPE": 2, "PROJECTNUMBER": "34E607", "INLETSIZE": null, "Location": "NW 118th, E of N Walker Ave", "COMMENT": " "}}, {"type": "Feature", "id": 24878, "geometry": {"type": "Point", "coordinates": [-97.5310958037473, 35.58633453459787]}, "properties": {"OBJECTID": 24878, "SUBTYPE": 2, "PROJECTNUMBER": "21E610", "INLETSIZE": null, "Location": "NW 114th & N Western Ave", "COMMENT": " "}}, {"type": "Feature", "id": 24879, "geometry": {"type": "Point", "coordinates": [-97.53109249734523, 35.58578283255678]}, "properties": {"OBJECTID": 24879, "SUBTYPE": 2, "PROJECTNUMBER": "21E610", "INLETSIZE": null, "Location": "NW 114th & N Western Ave", "COMMENT": " "}}, {"type": "Feature", "id": 24880, "geometry": {"type": "Point", "coordinates": [-97.53074947209195, 35.58578147871551]}, "properties": {"OBJECTID": 24880, "SUBTYPE": 2, "PROJECTNUMBER": "21E610", "INLETSIZE": null, "Location": "NW 114th & N Western Ave", "COMMENT": " "}}, {"type": "Feature", "id": 24881, "geometry": {"type": "Point", "coordinates": [-97.5312158150832, 35.56744661218473]}, "properties": {"OBJECTID": 24881, "SUBTYPE": 2, "PROJECTNUMBER": "7E604", "INLETSIZE": null, "Location": "Western Avenue", "COMMENT": " "}}, {"type": "Feature", "id": 24882, "geometry": {"type": "Point", "coordinates": [-97.53121938677253, 35.5684227138733]}, "properties": {"OBJECTID": 24882, "SUBTYPE": 2, "PROJECTNUMBER": "7E604", "INLETSIZE": null, "Location": "Western Avenue", "COMMENT": " "}}, {"type": "Feature", "id": 24883, "geometry": {"type": "Point", "coordinates": [-97.5224526864492, 35.57054143176619]}, "properties": {"OBJECTID": 24883, "SUBTYPE": 1, "PROJECTNUMBER": "33E201", "INLETSIZE": null, "Location": "N Walker Ave, N of NW 94th", "COMMENT": " "}}, {"type": "Feature", "id": 24884, "geometry": {"type": "Point", "coordinates": [-97.5179133987081, 35.5657143686677]}, "properties": {"OBJECTID": 24884, "SUBTYPE": 2, "PROJECTNUMBER": " ", "INLETSIZE": null, "Location": null, "COMMENT": " "}}, {"type": "Feature", "id": 24885, "geometry": {"type": "Point", "coordinates": [-97.51790120548769, 35.56748056349399]}, "properties": {"OBJECTID": 24885, "SUBTYPE": 0, "PROJECTNUMBER": " ", "INLETSIZE": null, "Location": null, "COMMENT": "Existing 6-18-75"}}, {"type": "Feature", "id": 24886, "geometry": {"type": "Point", "coordinates": [-97.5178880219193, 35.5667683839576]}, "properties": {"OBJECTID": 24886, "SUBTYPE": 2, "PROJECTNUMBER": " ", "INLETSIZE": null, "Location": null, "COMMENT": " "}}, {"type": "Feature", "id": 24887, "geometry": {"type": "Point", "coordinates": [-97.5179032753997, 35.56653972758297]}, "properties": {"OBJECTID": 24887, "SUBTYPE": 2, "PROJECTNUMBER": " ", "INLETSIZE": null, "Location": null, "COMMENT": " "}}, {"type": "Feature", "id": 24888, "geometry": {"type": "Point", "coordinates": [-97.51789808254975, 35.56772305913515]}, "properties": {"OBJECTID": 24888, "SUBTYPE": 2, "PROJECTNUMBER": null, "INLETSIZE": "6' DIA", "Location": "NW 95th & N Harvey Ave", "COMMENT": null}}, {"type": "Feature", "id": 24889, "geometry": {"type": "Point", "coordinates": [-97.52515813285348, 35.56807804738918]}, "properties": {"OBJECTID": 24889, "SUBTYPE": 2, "PROJECTNUMBER": "33E201", "INLETSIZE": null, "Location": "N Shartel Ave & NW 94th", "COMMENT": " "}}, {"type": "Feature", "id": 24890, "geometry": {"type": "Point", "coordinates": [-97.52514348183566, 35.567843904258424]}, "properties": {"OBJECTID": 24890, "SUBTYPE": 2, "PROJECTNUMBER": "33E201", "INLETSIZE": null, "Location": "N Shartel Ave & NW 94th", "COMMENT": " "}}, {"type": "Feature", "id": 24891, "geometry": {"type": "Point", "coordinates": [-97.52514187208881, 35.56670863231801]}, "properties": {"OBJECTID": 24891, "SUBTYPE": 2, "PROJECTNUMBER": "33E201", "INLETSIZE": null, "Location": "N Shartel Ave & NW 94th", "COMMENT": " "}}, {"type": "Feature", "id": 24892, "geometry": {"type": "Point", "coordinates": [-97.52245794030026, 35.56966874237261]}, "properties": {"OBJECTID": 24892, "SUBTYPE": 1, "PROJECTNUMBER": "33E201", "INLETSIZE": null, "Location": "N Walker Ave, N of NW 94th", "COMMENT": " "}}, {"type": "Feature", "id": 24893, "geometry": {"type": "Point", "coordinates": [-97.52242954119608, 35.56870710896701]}, "properties": {"OBJECTID": 24893, "SUBTYPE": 1, "PROJECTNUMBER": "33E201", "INLETSIZE": null, "Location": "N Walker Ave, N of NW 94th", "COMMENT": " "}}, {"type": "Feature", "id": 24894, "geometry": {"type": "Point", "coordinates": [-97.52251820303101, 35.568648324017744]}, "properties": {"OBJECTID": 24894, "SUBTYPE": 2, "PROJECTNUMBER": "33E201", "INLETSIZE": null, "Location": "N Walker Ave, N of NW 94th", "COMMENT": " "}}, {"type": "Feature", "id": 24895, "geometry": {"type": "Point", "coordinates": [-97.52251196845842, 35.56806733349931]}, "properties": {"OBJECTID": 24895, "SUBTYPE": 2, "PROJECTNUMBER": "33E201", "INLETSIZE": null, "Location": "N Walker Ave & NW 95th", "COMMENT": " "}}, {"type": "Feature", "id": 24896, "geometry": {"type": "Point", "coordinates": [-97.52251253589452, 35.56765034383328]}, "properties": {"OBJECTID": 24896, "SUBTYPE": 2, "PROJECTNUMBER": "33E201", "INLETSIZE": null, "Location": "N Walker Ave, N of NW 94th", "COMMENT": " "}}, {"type": "Feature", "id": 24897, "geometry": {"type": "Point", "coordinates": [-97.522502744038, 35.56665865355308]}, "properties": {"OBJECTID": 24897, "SUBTYPE": 2, "PROJECTNUMBER": "33E201", "INLETSIZE": null, "Location": "N Walker Ave, N of NW 94th", "COMMENT": " "}}, {"type": "Feature", "id": 24898, "geometry": {"type": "Point", "coordinates": [-97.52317097742693, 35.56665418241685]}, "properties": {"OBJECTID": 24898, "SUBTYPE": 2, "PROJECTNUMBER": "33E201", "INLETSIZE": null, "Location": "N Walker Ave, N of NW 94th", "COMMENT": " "}}, {"type": "Feature", "id": 24899, "geometry": {"type": "Point", "coordinates": [-97.53143909374289, 35.571723706495106]}, "properties": {"OBJECTID": 24899, "SUBTYPE": 2, "PROJECTNUMBER": "7E604", "INLETSIZE": null, "Location": "N Western Ave & NW 99th", "COMMENT": " "}}, {"type": "Feature", "id": 24900, "geometry": {"type": "Point", "coordinates": [-97.53144375884284, 35.572685526779]}, "properties": {"OBJECTID": 24900, "SUBTYPE": 2, "PROJECTNUMBER": "7E604", "INLETSIZE": null, "Location": "N Western Ave & NW 101st", "COMMENT": " "}}, {"type": "Feature", "id": 24902, "geometry": {"type": "Point", "coordinates": [-97.5165500760022, 35.56452462691806]}, "properties": {"OBJECTID": 24902, "SUBTYPE": 2, "PROJECTNUMBER": " ", "INLETSIZE": null, "Location": null, "COMMENT": " "}}, {"type": "Feature", "id": 24903, "geometry": {"type": "Point", "coordinates": [-97.51654418133948, 35.564653831884904]}, "properties": {"OBJECTID": 24903, "SUBTYPE": 2, "PROJECTNUMBER": " ", "INLETSIZE": null, "Location": null, "COMMENT": " "}}, {"type": "Feature", "id": 24904, "geometry": {"type": "Point", "coordinates": [-97.51688724900991, 35.56464807266924]}, "properties": {"OBJECTID": 24904, "SUBTYPE": 2, "PROJECTNUMBER": " ", "INLETSIZE": null, "Location": null, "COMMENT": " "}}, {"type": "Feature", "id": 24905, "geometry": {"type": "Point", "coordinates": [-97.51690232685255, 35.56504766944464]}, "properties": {"OBJECTID": 24905, "SUBTYPE": 2, "PROJECTNUMBER": " ", "INLETSIZE": null, "Location": null, "COMMENT": " "}}, {"type": "Feature", "id": 24906, "geometry": {"type": "Point", "coordinates": [-97.51732242362135, 35.56507684865735]}, "properties": {"OBJECTID": 24906, "SUBTYPE": 2, "PROJECTNUMBER": " ", "INLETSIZE": null, "Location": null, "COMMENT": " "}}, {"type": "Feature", "id": 24907, "geometry": {"type": "Point", "coordinates": [-97.51732259077355, 35.56504937740323]}, "properties": {"OBJECTID": 24907, "SUBTYPE": 2, "PROJECTNUMBER": " ", "INLETSIZE": null, "Location": null, "COMMENT": " "}}, {"type": "Feature", "id": 24908, "geometry": {"type": "Point", "coordinates": [-97.51791188105953, 35.56563483270755]}, "properties": {"OBJECTID": 24908, "SUBTYPE": 2, "PROJECTNUMBER": " ", "INLETSIZE": null, "Location": null, "COMMENT": " "}}, {"type": "Feature", "id": 24909, "geometry": {"type": "Point", "coordinates": [-97.52524370252584, 35.56347490629612]}, "properties": {"OBJECTID": 24909, "SUBTYPE": 2, "PROJECTNUMBER": "11E113", "INLETSIZE": null, "Location": "N Shartel Ave, S of W Britton Rd", "COMMENT": " "}}, {"type": "Feature", "id": 24910, "geometry": {"type": "Point", "coordinates": [-97.52525099758932, 35.564011735708746]}, "properties": {"OBJECTID": 24910, "SUBTYPE": 2, "PROJECTNUMBER": "11E113", "INLETSIZE": null, "Location": "N Shartel Ave, S of W Britton Rd", "COMMENT": " "}}, {"type": "Feature", "id": 24911, "geometry": {"type": "Point", "coordinates": [-97.52527042848881, 35.56443212022661]}, "properties": {"OBJECTID": 24911, "SUBTYPE": 2, "PROJECTNUMBER": "33E106", "INLETSIZE": "4", "Location": "N.W. 92nd Street", "COMMENT": " "}}, {"type": "Feature", "id": 24912, "geometry": {"type": "Point", "coordinates": [-97.52597712315455, 35.56456746211532]}, "properties": {"OBJECTID": 24912, "SUBTYPE": 2, "PROJECTNUMBER": "33E106", "INLETSIZE": "4", "Location": "N.W. 92nd Street", "COMMENT": " "}}, {"type": "Feature", "id": 24913, "geometry": {"type": "Point", "coordinates": [-97.5259810407535, 35.56503514573807]}, "properties": {"OBJECTID": 24913, "SUBTYPE": 2, "PROJECTNUMBER": "11E113", "INLETSIZE": null, "Location": "W Britton Rd & N Shartel Ave", "COMMENT": " "}}, {"type": "Feature", "id": 24914, "geometry": {"type": "Point", "coordinates": [-97.52657483966404, 35.565037513141064]}, "properties": {"OBJECTID": 24914, "SUBTYPE": 2, "PROJECTNUMBER": "11E113", "INLETSIZE": null, "Location": "W Britton Rd & N Shartel Ave", "COMMENT": " "}}, {"type": "Feature", "id": 24915, "geometry": {"type": "Point", "coordinates": [-97.52657254437992, 35.56542211088012]}, "properties": {"OBJECTID": 24915, "SUBTYPE": 2, "PROJECTNUMBER": "11E113", "INLETSIZE": null, "Location": "W Britton Rd & N Shartel Ave", "COMMENT": " "}}, {"type": "Feature", "id": 24919, "geometry": {"type": "Point", "coordinates": [-97.52523805340765, 35.56145213195446]}, "properties": {"OBJECTID": 24919, "SUBTYPE": 2, "PROJECTNUMBER": " ", "INLETSIZE": null, "Location": null, "COMMENT": " "}}, {"type": "Feature", "id": 24920, "geometry": {"type": "Point", "coordinates": [-97.52523041754162, 35.56194767037457]}, "properties": {"OBJECTID": 24920, "SUBTYPE": 2, "PROJECTNUMBER": "11E113", "INLETSIZE": null, "Location": "N Shartel Ave, S of W Britton Rd", "COMMENT": " "}}, {"type": "Feature", "id": 24921, "geometry": {"type": "Point", "coordinates": [-97.52523206686323, 35.562452450075966]}, "properties": {"OBJECTID": 24921, "SUBTYPE": 2, "PROJECTNUMBER": "54E109", "INLETSIZE": "4", "Location": "N Shartel Ave & NW 90th", "COMMENT": " "}}, {"type": "Feature", "id": 24923, "geometry": {"type": "Point", "coordinates": [-97.52979921634467, 35.55153457896318]}, "properties": {"OBJECTID": 24923, "SUBTYPE": 2, "PROJECTNUMBER": "131E114", "INLETSIZE": null, "Location": "N Western Ave & W Wilshire Blvd", "COMMENT": " "}}, {"type": "Feature", "id": 24924, "geometry": {"type": "Point", "coordinates": [-97.53134613392152, 35.55158552438416]}, "properties": {"OBJECTID": 24924, "SUBTYPE": 2, "PROJECTNUMBER": "131E114", "INLETSIZE": null, "Location": "N Western Ave & W Wilshire Blvd", "COMMENT": " "}}, {"type": "Feature", "id": 24925, "geometry": {"type": "Point", "coordinates": [-97.52990898490071, 35.551564774601715]}, "properties": {"OBJECTID": 24925, "SUBTYPE": 2, "PROJECTNUMBER": "131E114", "INLETSIZE": null, "Location": "N Western Ave & W Wilshire Blvd", "COMMENT": " "}}, {"type": "Feature", "id": 24927, "geometry": {"type": "Point", "coordinates": [-97.51809886607191, 35.56075387229428]}, "properties": {"OBJECTID": 24927, "SUBTYPE": 1, "PROJECTNUMBER": "38E201", "INLETSIZE": "Radius", "Location": "NW 88th & N Harvey Ave", "COMMENT": " "}}, {"type": "Feature", "id": 24928, "geometry": {"type": "Point", "coordinates": [-97.51808973126107, 35.56093647130327]}, "properties": {"OBJECTID": 24928, "SUBTYPE": 1, "PROJECTNUMBER": "38E201", "INLETSIZE": "Radius", "Location": "NW 88th & N Harvey Ave", "COMMENT": " "}}, {"type": "Feature", "id": 24929, "geometry": {"type": "Point", "coordinates": [-97.51794121812463, 35.56093586884126]}, "properties": {"OBJECTID": 24929, "SUBTYPE": 1, "PROJECTNUMBER": "38E201", "INLETSIZE": "Radius", "Location": "NW 88th & N Harvey Ave", "COMMENT": " "}}, {"type": "Feature", "id": 24930, "geometry": {"type": "Point", "coordinates": [-97.5179396907172, 35.56118723080789]}, "properties": {"OBJECTID": 24930, "SUBTYPE": 1, "PROJECTNUMBER": "38E201", "INLETSIZE": "Radius", "Location": "NW 88th & N Harvey Ave", "COMMENT": " "}}, {"type": "Feature", "id": 24931, "geometry": {"type": "Point", "coordinates": [-97.5187848997023, 35.560749141301635]}, "properties": {"OBJECTID": 24931, "SUBTYPE": 1, "PROJECTNUMBER": "38E201", "INLETSIZE": "Radius", "Location": "NW 88th & N Harvey Ave", "COMMENT": " "}}, {"type": "Feature", "id": 24932, "geometry": {"type": "Point", "coordinates": [-97.52885682746938, 35.56053003919055]}, "properties": {"OBJECTID": 24932, "SUBTYPE": 2, "PROJECTNUMBER": "13E113", "INLETSIZE": null, "Location": "NW 88th & N Francis Ave", "COMMENT": " "}}, {"type": "Feature", "id": 24934, "geometry": {"type": "Point", "coordinates": [-97.52892336210915, 35.56131030170218]}, "properties": {"OBJECTID": 24934, "SUBTYPE": 2, "PROJECTNUMBER": "13E113", "INLETSIZE": null, "Location": "NW 88th & N Francis Ave", "COMMENT": " "}}, {"type": "Feature", "id": 24935, "geometry": {"type": "Point", "coordinates": [-97.52841605564745, 35.56036768258057]}, "properties": {"OBJECTID": 24935, "SUBTYPE": 2, "PROJECTNUMBER": "63E121", "INLETSIZE": null, "Location": "NW 87th and N Classen Blvd", "COMMENT": " "}}, {"type": "Feature", "id": 24936, "geometry": {"type": "Point", "coordinates": [-97.52847819207835, 35.560372102254235]}, "properties": {"OBJECTID": 24936, "SUBTYPE": 2, "PROJECTNUMBER": "63E121", "INLETSIZE": null, "Location": "NW 87th and N Classen Blvd", "COMMENT": " "}}, {"type": "Feature", "id": 24937, "geometry": {"type": "Point", "coordinates": [-97.52799180381558, 35.55993660502078]}, "properties": {"OBJECTID": 24937, "SUBTYPE": 2, "PROJECTNUMBER": "63E121", "INLETSIZE": null, "Location": "NW 87th and N Classen Blvd", "COMMENT": " "}}, {"type": "Feature", "id": 24938, "geometry": {"type": "Point", "coordinates": [-97.52840815363643, 35.559944068168726]}, "properties": {"OBJECTID": 24938, "SUBTYPE": 2, "PROJECTNUMBER": "63E121", "INLETSIZE": null, "Location": "NW 87th and N Classen Blvd", "COMMENT": " "}}, {"type": "Feature", "id": 24939, "geometry": {"type": "Point", "coordinates": [-97.5279900370319, 35.55937521192571]}, "properties": {"OBJECTID": 24939, "SUBTYPE": 2, "PROJECTNUMBER": "63E121", "INLETSIZE": null, "Location": "NW 87th and N Classen Blvd", "COMMENT": " "}}, {"type": "Feature", "id": 24940, "geometry": {"type": "Point", "coordinates": [-97.52775020398036, 35.55836082460075]}, "properties": {"OBJECTID": 24940, "SUBTYPE": 1, "PROJECTNUMBER": "63E121", "INLETSIZE": "Radius", "Location": "NW 86th & N Classen Blvd", "COMMENT": " "}}, {"type": "Feature", "id": 24941, "geometry": {"type": "Point", "coordinates": [-97.52773950860033, 35.55937004331124]}, "properties": {"OBJECTID": 24941, "SUBTYPE": 2, "PROJECTNUMBER": "63E121", "INLETSIZE": null, "Location": "NW 87th and N Classen Blvd", "COMMENT": " "}}, {"type": "Feature", "id": 24942, "geometry": {"type": "Point", "coordinates": [-97.527907402719, 35.55937272767896]}, "properties": {"OBJECTID": 24942, "SUBTYPE": 2, "PROJECTNUMBER": "63E121", "INLETSIZE": null, "Location": "NW 87th and N Classen Blvd", "COMMENT": " "}}, {"type": "Feature", "id": 24944, "geometry": {"type": "Point", "coordinates": [-97.5150385596413, 35.53700289140842]}, "properties": {"OBJECTID": 24944, "SUBTYPE": 2, "PROJECTNUMBER": "DD-0088", "INLETSIZE": null, "Location": "NW 63rd & N Robinson Ave", "COMMENT": " "}}, {"type": "Feature", "id": 24945, "geometry": {"type": "Point", "coordinates": [-97.51529625698898, 35.5369997693184]}, "properties": {"OBJECTID": 24945, "SUBTYPE": 2, "PROJECTNUMBER": "DD-0088", "INLETSIZE": null, "Location": "NW 63rd & N Robinson Ave", "COMMENT": " "}}, {"type": "Feature", "id": 24946, "geometry": {"type": "Point", "coordinates": [-97.51575608997769, 35.53699031812798]}, "properties": {"OBJECTID": 24946, "SUBTYPE": 2, "PROJECTNUMBER": "DD-0088", "INLETSIZE": null, "Location": "NW 63rd & N Robinson Ave", "COMMENT": " "}}, {"type": "Feature", "id": 24947, "geometry": {"type": "Point", "coordinates": [-97.51575332229625, 35.53744386932603]}, "properties": {"OBJECTID": 24947, "SUBTYPE": 2, "PROJECTNUMBER": "DD-0088", "INLETSIZE": null, "Location": "NW 63rd & N Robinson Ave", "COMMENT": " "}}, {"type": "Feature", "id": 24949, "geometry": {"type": "Point", "coordinates": [-97.52967831457025, 35.53923525173647]}, "properties": {"OBJECTID": 24949, "SUBTYPE": 1, "PROJECTNUMBER": "DC-0004", "INLETSIZE": "10'x10'", "Location": "E of Western Ave & N of NE 63rd St", "COMMENT": " "}}, {"type": "Feature", "id": 24951, "geometry": {"type": "Point", "coordinates": [-97.52239451939096, 35.55104286836031]}, "properties": {"OBJECTID": 24951, "SUBTYPE": 2, "PROJECTNUMBER": " ", "INLETSIZE": null, "Location": null, "COMMENT": " "}}, {"type": "Feature", "id": 24952, "geometry": {"type": "Point", "coordinates": [-97.5226609697073, 35.55121345488247]}, "properties": {"OBJECTID": 24952, "SUBTYPE": 2, "PROJECTNUMBER": "13E109", "INLETSIZE": "4", "Location": "N Walker Ave & W Wilshire Blvd", "COMMENT": null}}, {"type": "Feature", "id": 24953, "geometry": {"type": "Point", "coordinates": [-97.52243111591336, 35.55120823816571]}, "properties": {"OBJECTID": 24953, "SUBTYPE": 2, "PROJECTNUMBER": " ", "INLETSIZE": null, "Location": null, "COMMENT": " "}}, {"type": "Feature", "id": 24954, "geometry": {"type": "Point", "coordinates": [-97.52907820801474, 35.551193310254085]}, "properties": {"OBJECTID": 24954, "SUBTYPE": 2, "PROJECTNUMBER": "51E631", "INLETSIZE": null, "Location": "W Wilshire Blvd & N Olie Ave", "COMMENT": " "}}, {"type": "Feature", "id": 24955, "geometry": {"type": "Point", "coordinates": [-97.52980198807391, 35.55130378623927]}, "properties": {"OBJECTID": 24955, "SUBTYPE": 2, "PROJECTNUMBER": "131E114", "INLETSIZE": null, "Location": "N Western Ave & W Wilshire Blvd", "COMMENT": " "}}, {"type": "Feature", "id": 24957, "geometry": {"type": "Point", "coordinates": [-97.53126078941733, 35.55836359280347]}, "properties": {"OBJECTID": 24957, "SUBTYPE": 2, "PROJECTNUMBER": " ", "INLETSIZE": null, "Location": null, "COMMENT": null}}, {"type": "Feature", "id": 24958, "geometry": {"type": "Point", "coordinates": [-97.53719766729019, 35.56508252992954]}, "properties": {"OBJECTID": 24958, "SUBTYPE": 2, "PROJECTNUMBER": "11E113", "INLETSIZE": null, "Location": "N McKinley Ave & W Britton Rd", "COMMENT": " "}}, {"type": "Feature", "id": 24959, "geometry": {"type": "Point", "coordinates": [-97.53696159366159, 35.565055855282814]}, "properties": {"OBJECTID": 24959, "SUBTYPE": 2, "PROJECTNUMBER": "11E113", "INLETSIZE": null, "Location": "N McKinley Ave & W Britton Rd", "COMMENT": " "}}, {"type": "Feature", "id": 24960, "geometry": {"type": "Point", "coordinates": [-97.54296902139573, 35.560226793885626]}, "properties": {"OBJECTID": 24960, "SUBTYPE": 2, "PROJECTNUMBER": " ", "INLETSIZE": null, "Location": null, "COMMENT": " "}}, {"type": "Feature", "id": 24961, "geometry": {"type": "Point", "coordinates": [-97.54295607776675, 35.5604723931378]}, "properties": {"OBJECTID": 24961, "SUBTYPE": 2, "PROJECTNUMBER": "ST-0232", "INLETSIZE": null, "Location": "NE of Brighton Ave & Nichols Rd", "COMMENT": " "}}, {"type": "Feature", "id": 24963, "geometry": {"type": "Point", "coordinates": [-97.54301016386442, 35.55979403814564]}, "properties": {"OBJECTID": 24963, "SUBTYPE": 2, "PROJECTNUMBER": " ", "INLETSIZE": null, "Location": null, "COMMENT": " "}}, {"type": "Feature", "id": 24964, "geometry": {"type": "Point", "coordinates": [-97.5431165470608, 35.55968768814232]}, "properties": {"OBJECTID": 24964, "SUBTYPE": 2, "PROJECTNUMBER": " ", "INLETSIZE": null, "Location": null, "COMMENT": " "}}, {"type": "Feature", "id": 24966, "geometry": {"type": "Point", "coordinates": [-97.53907263926435, 35.55666342255964]}, "properties": {"OBJECTID": 24966, "SUBTYPE": 0, "PROJECTNUMBER": "10E113", "INLETSIZE": null, "Location": "SW of NW 84th & Glenwood Ave", "COMMENT": " "}}, {"type": "Feature", "id": 24967, "geometry": {"type": "Point", "coordinates": [-97.53903499060672, 35.55677220689906]}, "properties": {"OBJECTID": 24967, "SUBTYPE": 2, "PROJECTNUMBER": "81E110", "INLETSIZE": "4", "Location": "NW 84th & Glenwood Ave", "COMMENT": " "}}, {"type": "Feature", "id": 24968, "geometry": {"type": "Point", "coordinates": [-97.53817133767929, 35.55677064195857]}, "properties": {"OBJECTID": 24968, "SUBTYPE": 2, "PROJECTNUMBER": "81E110", "INLETSIZE": "4", "Location": "NW 84th & Glenwood Ave", "COMMENT": " "}}, {"type": "Feature", "id": 24970, "geometry": {"type": "Point", "coordinates": [-97.53135144384123, 35.55179809569299]}, "properties": {"OBJECTID": 24970, "SUBTYPE": 2, "PROJECTNUMBER": "131E114", "INLETSIZE": null, "Location": "N Western Ave & W Wilshire Blvd", "COMMENT": " "}}, {"type": "Feature", "id": 24971, "geometry": {"type": "Point", "coordinates": [-97.53965389551372, 35.55298955052733]}, "properties": {"OBJECTID": 24971, "SUBTYPE": 2, "PROJECTNUMBER": "73E80", "INLETSIZE": "4", "Location": "Pennington’s Nichols Hills Add.", "COMMENT": " "}}, {"type": "Feature", "id": 24973, "geometry": {"type": "Point", "coordinates": [-97.54315977847959, 35.53392184332871]}, "properties": {"OBJECTID": 24973, "SUBTYPE": 2, "PROJECTNUMBER": "ST-0873", "INLETSIZE": null, "Location": "E of Waterford Pl & Ashling Dr", "COMMENT": " "}}, {"type": "Feature", "id": 24974, "geometry": {"type": "Point", "coordinates": [-97.54314684542975, 35.535979165271286]}, "properties": {"OBJECTID": 24974, "SUBTYPE": 2, "PROJECTNUMBER": "ST-0873", "INLETSIZE": null, "Location": "E of Waterford Pl & Ashling Dr", "COMMENT": " "}}, {"type": "Feature", "id": 24975, "geometry": {"type": "Point", "coordinates": [-97.54314993461927, 35.53670959212209]}, "properties": {"OBJECTID": 24975, "SUBTYPE": 2, "PROJECTNUMBER": "ST-0873", "INLETSIZE": null, "Location": "NW 63rd, E of N Pennsylvania Ave", "COMMENT": " "}}, {"type": "Feature", "id": 24976, "geometry": {"type": "Point", "coordinates": [-97.54355627014418, 35.53671115429507]}, "properties": {"OBJECTID": 24976, "SUBTYPE": 2, "PROJECTNUMBER": "ST-0873", "INLETSIZE": null, "Location": "NW 63rd, E of N Pennsylvania Ave", "COMMENT": " "}}, {"type": "Feature", "id": 24977, "geometry": {"type": "Point", "coordinates": [-97.54735065033124, 35.53576780406306]}, "properties": {"OBJECTID": 24977, "SUBTYPE": 1, "PROJECTNUMBER": "ST-0873", "INLETSIZE": "Radius", "Location": "N Pennsylvania Ave, N of Waterford Blvd", "COMMENT": " "}}, {"type": "Feature", "id": 24983, "geometry": {"type": "Point", "coordinates": [-97.54390912307429, 35.528744685274646]}, "properties": {"OBJECTID": 24983, "SUBTYPE": 2, "PROJECTNUMBER": "ST-1022", "INLETSIZE": "4", "Location": "NW 56th Ter, E of N Virginia Ave", "COMMENT": " "}}, {"type": "Feature", "id": 24984, "geometry": {"type": "Point", "coordinates": [-97.54400994151491, 35.52874507239916]}, "properties": {"OBJECTID": 24984, "SUBTYPE": 2, "PROJECTNUMBER": "ST-1022", "INLETSIZE": "4", "Location": "NW 56th Ter, E of N Virginia Ave", "COMMENT": " "}}, {"type": "Feature", "id": 24986, "geometry": {"type": "Point", "coordinates": [-97.53150196803291, 35.53073605977227]}, "properties": {"OBJECTID": 24986, "SUBTYPE": 2, "PROJECTNUMBER": " ", "INLETSIZE": null, "Location": null, "COMMENT": " "}}, {"type": "Feature", "id": 24987, "geometry": {"type": "Point", "coordinates": [-97.52751670602908, 35.5194838160101]}, "properties": {"OBJECTID": 24987, "SUBTYPE": 2, "PROJECTNUMBER": "34E95", "INLETSIZE": "4", "Location": "N Francis Ave & NW 47th", "COMMENT": " "}}, {"type": "Feature", "id": 24988, "geometry": {"type": "Point", "coordinates": [-97.52768561435734, 35.51935227495218]}, "properties": {"OBJECTID": 24988, "SUBTYPE": 2, "PROJECTNUMBER": "34E95", "INLETSIZE": "4", "Location": "N Francis Ave & NW 47th", "COMMENT": " "}}, {"type": "Feature", "id": 24990, "geometry": {"type": "Point", "coordinates": [-97.52417487154703, 35.50909416562625]}, "properties": {"OBJECTID": 24990, "SUBTYPE": 1, "PROJECTNUMBER": "10E204", "INLETSIZE": "Radius", "Location": "N Lee Ave & NW 36th", "COMMENT": " "}}, {"type": "Feature", "id": 24991, "geometry": {"type": "Point", "coordinates": [-97.52438847404363, 35.5088222088329]}, "properties": {"OBJECTID": 24991, "SUBTYPE": 2, "PROJECTNUMBER": "61E80", "INLETSIZE": "4", "Location": "N Lee Ave & NW 37th", "COMMENT": " "}}, {"type": "Feature", "id": 24992, "geometry": {"type": "Point", "coordinates": [-97.52305261812621, 35.51071246928694]}, "properties": {"OBJECTID": 24992, "SUBTYPE": 2, "PROJECTNUMBER": " ", "INLETSIZE": null, "Location": null, "COMMENT": " "}}, {"type": "Feature", "id": 24993, "geometry": {"type": "Point", "coordinates": [-97.52532027191809, 35.51002743057962]}, "properties": {"OBJECTID": 24993, "SUBTYPE": 2, "PROJECTNUMBER": "14E80", "INLETSIZE": "4", "Location": "NW 39th & N Shartel Ave", "COMMENT": " "}}, {"type": "Feature", "id": 24994, "geometry": {"type": "Point", "coordinates": [-97.5253179721409, 35.51041202868677]}, "properties": {"OBJECTID": 24994, "SUBTYPE": 2, "PROJECTNUMBER": "14E80", "INLETSIZE": null, "Location": "W. 39th & Shartel Ave.", "COMMENT": " "}}, {"type": "Feature", "id": 24995, "geometry": {"type": "Point", "coordinates": [-97.52556642405536, 35.5093868196718]}, "properties": {"OBJECTID": 24995, "SUBTYPE": 2, "PROJECTNUMBER": " ", "INLETSIZE": null, "Location": null, "COMMENT": " "}}, {"type": "Feature", "id": 24996, "geometry": {"type": "Point", "coordinates": [-97.52553928033281, 35.509890946482145]}, "properties": {"OBJECTID": 24996, "SUBTYPE": 2, "PROJECTNUMBER": " ", "INLETSIZE": null, "Location": null, "COMMENT": " "}}, {"type": "Feature", "id": 24998, "geometry": {"type": "Point", "coordinates": [-97.52869526107455, 35.51459410956586]}, "properties": {"OBJECTID": 24998, "SUBTYPE": 2, "PROJECTNUMBER": " ", "INLETSIZE": null, "Location": null, "COMMENT": " "}}, {"type": "Feature", "id": 24999, "geometry": {"type": "Point", "coordinates": [-97.52974786300531, 35.51459828272975]}, "properties": {"OBJECTID": 24999, "SUBTYPE": 2, "PROJECTNUMBER": " ", "INLETSIZE": null, "Location": null, "COMMENT": " "}}, {"type": "Feature", "id": 25000, "geometry": {"type": "Point", "coordinates": [-97.5291970170117, 35.513652753546914]}, "properties": {"OBJECTID": 25000, "SUBTYPE": 2, "PROJECTNUMBER": " ", "INLETSIZE": null, "Location": null, "COMMENT": " "}}, {"type": "Feature", "id": 25001, "geometry": {"type": "Point", "coordinates": [-97.5297505529704, 35.51365184735552]}, "properties": {"OBJECTID": 25001, "SUBTYPE": 2, "PROJECTNUMBER": " ", "INLETSIZE": null, "Location": null, "COMMENT": " "}}, {"type": "Feature", "id": 25002, "geometry": {"type": "Point", "coordinates": [-97.52530395222078, 35.51141529405707]}, "properties": {"OBJECTID": 25002, "SUBTYPE": 2, "PROJECTNUMBER": "14E80", "INLETSIZE": "4", "Location": "NW 39th & N Shartel Ave", "COMMENT": " "}}, {"type": "Feature", "id": 25003, "geometry": {"type": "Point", "coordinates": [-97.52551558499461, 35.51141554416249]}, "properties": {"OBJECTID": 25003, "SUBTYPE": 2, "PROJECTNUMBER": "14E80", "INLETSIZE": "4", "Location": "NW 39th & N Shartel Ave", "COMMENT": " "}}, {"type": "Feature", "id": 25004, "geometry": {"type": "Point", "coordinates": [-97.52629801236782, 35.511416283291645]}, "properties": {"OBJECTID": 25004, "SUBTYPE": 2, "PROJECTNUMBER": "14E80", "INLETSIZE": "4", "Location": "W. 39th & Shartel Ave.", "COMMENT": " "}}, {"type": "Feature", "id": 25005, "geometry": {"type": "Point", "coordinates": [-97.52757114808058, 35.51141479758968]}, "properties": {"OBJECTID": 25005, "SUBTYPE": 2, "PROJECTNUMBER": " ", "INLETSIZE": null, "Location": null, "COMMENT": " "}}, {"type": "Feature", "id": 25006, "geometry": {"type": "Point", "coordinates": [-97.52802915062405, 35.51258830379523]}, "properties": {"OBJECTID": 25006, "SUBTYPE": 2, "PROJECTNUMBER": " ", "INLETSIZE": null, "Location": null, "COMMENT": " "}}, {"type": "Feature", "id": 25007, "geometry": {"type": "Point", "coordinates": [-97.52756884442206, 35.512586473296544]}, "properties": {"OBJECTID": 25007, "SUBTYPE": 2, "PROJECTNUMBER": " ", "INLETSIZE": null, "Location": null, "COMMENT": " "}}, {"type": "Feature", "id": 25008, "geometry": {"type": "Point", "coordinates": [-97.52304928986327, 35.512577097840136]}, "properties": {"OBJECTID": 25008, "SUBTYPE": 2, "PROJECTNUMBER": " ", "INLETSIZE": null, "Location": null, "COMMENT": " "}}, {"type": "Feature", "id": 25009, "geometry": {"type": "Point", "coordinates": [-97.52304813110725, 35.5135951827322]}, "properties": {"OBJECTID": 25009, "SUBTYPE": 2, "PROJECTNUMBER": " ", "INLETSIZE": null, "Location": null, "COMMENT": " "}}, {"type": "Feature", "id": 25012, "geometry": {"type": "Point", "coordinates": [-97.52291718699055, 35.52512829001542]}, "properties": {"OBJECTID": 25012, "SUBTYPE": 2, "PROJECTNUMBER": " ", "INLETSIZE": null, "Location": null, "COMMENT": "Check survey"}}, {"type": "Feature", "id": 25014, "geometry": {"type": "Point", "coordinates": [-97.52511497632885, 35.52369767299409]}, "properties": {"OBJECTID": 25014, "SUBTYPE": 2, "PROJECTNUMBER": "10E203", "INLETSIZE": null, "Location": "NW 52nd & N Shartel Ave", "COMMENT": null}}, {"type": "Feature", "id": 25015, "geometry": {"type": "Point", "coordinates": [-97.52292296641612, 35.524337944475874]}, "properties": {"OBJECTID": 25015, "SUBTYPE": 2, "PROJECTNUMBER": " ", "INLETSIZE": null, "Location": null, "COMMENT": " "}}, {"type": "Feature", "id": 25018, "geometry": {"type": "Point", "coordinates": [-97.52303906193373, 35.52487227599202]}, "properties": {"OBJECTID": 25018, "SUBTYPE": 2, "PROJECTNUMBER": " ", "INLETSIZE": null, "Location": null, "COMMENT": "Check survey"}}, {"type": "Feature", "id": 25019, "geometry": {"type": "Point", "coordinates": [-97.52264125639752, 35.52562928341772]}, "properties": {"OBJECTID": 25019, "SUBTYPE": 2, "PROJECTNUMBER": " ", "INLETSIZE": null, "Location": null, "COMMENT": "Check survey"}}, {"type": "Feature", "id": 25020, "geometry": {"type": "Point", "coordinates": [-97.52541691095452, 35.523548165791034]}, "properties": {"OBJECTID": 25020, "SUBTYPE": 2, "PROJECTNUMBER": "10E203", "INLETSIZE": null, "Location": "NW 52nd & N Shartel Ave", "COMMENT": null}}, {"type": "Feature", "id": 25021, "geometry": {"type": "Point", "coordinates": [-97.5256042423957, 35.52391921974163]}, "properties": {"OBJECTID": 25021, "SUBTYPE": 2, "PROJECTNUMBER": "17E207", "INLETSIZE": null, "Location": "Aspen Dr & NW 53rd", "COMMENT": null}}, {"type": "Feature", "id": 25024, "geometry": {"type": "Point", "coordinates": [-97.52980753572092, 35.517801540692794]}, "properties": {"OBJECTID": 25024, "SUBTYPE": 2, "PROJECTNUMBER": " ", "INLETSIZE": null, "Location": null, "COMMENT": " "}}, {"type": "Feature", "id": 25027, "geometry": {"type": "Point", "coordinates": [-97.53432683526707, 35.51781570677712]}, "properties": {"OBJECTID": 25027, "SUBTYPE": 2, "PROJECTNUMBER": " ", "INLETSIZE": null, "Location": null, "COMMENT": " "}}, {"type": "Feature", "id": 25028, "geometry": {"type": "Point", "coordinates": [-97.53451696229622, 35.51781108671251]}, "properties": {"OBJECTID": 25028, "SUBTYPE": 2, "PROJECTNUMBER": " ", "INLETSIZE": null, "Location": null, "COMMENT": " "}}, {"type": "Feature", "id": 25029, "geometry": {"type": "Point", "coordinates": [-97.53432780621748, 35.516984252699864]}, "properties": {"OBJECTID": 25029, "SUBTYPE": 2, "PROJECTNUMBER": " ", "INLETSIZE": null, "Location": null, "COMMENT": " "}}, {"type": "Feature", "id": 25030, "geometry": {"type": "Point", "coordinates": [-97.53446272122802, 35.51690727818582]}, "properties": {"OBJECTID": 25030, "SUBTYPE": 2, "PROJECTNUMBER": " ", "INLETSIZE": null, "Location": null, "COMMENT": " "}}, {"type": "Feature", "id": 25031, "geometry": {"type": "Point", "coordinates": [-97.53432707478446, 35.51610154267369]}, "properties": {"OBJECTID": 25031, "SUBTYPE": 2, "PROJECTNUMBER": " ", "INLETSIZE": null, "Location": null, "COMMENT": " "}}, {"type": "Feature", "id": 25032, "geometry": {"type": "Point", "coordinates": [-97.53447049685533, 35.51603712159347]}, "properties": {"OBJECTID": 25032, "SUBTYPE": 2, "PROJECTNUMBER": " ", "INLETSIZE": null, "Location": null, "COMMENT": " "}}, {"type": "Feature", "id": 25033, "geometry": {"type": "Point", "coordinates": [-97.53555250470441, 35.51602959643184]}, "properties": {"OBJECTID": 25033, "SUBTYPE": 2, "PROJECTNUMBER": " ", "INLETSIZE": null, "Location": null, "COMMENT": " "}}, {"type": "Feature", "id": 25034, "geometry": {"type": "Point", "coordinates": [-97.52682371534405, 35.52606370655137]}, "properties": {"OBJECTID": 25034, "SUBTYPE": 2, "PROJECTNUMBER": " ", "INLETSIZE": null, "Location": null, "COMMENT": " "}}, {"type": "Feature", "id": 25035, "geometry": {"type": "Point", "coordinates": [-97.52735094956464, 35.524923133784206]}, "properties": {"OBJECTID": 25035, "SUBTYPE": 2, "PROJECTNUMBER": " ", "INLETSIZE": null, "Location": null, "COMMENT": " "}}, {"type": "Feature", "id": 25041, "geometry": {"type": "Point", "coordinates": [-97.5302848660145, 35.52136194308923]}, "properties": {"OBJECTID": 25041, "SUBTYPE": 2, "PROJECTNUMBER": " ", "INLETSIZE": null, "Location": null, "COMMENT": " "}}, {"type": "Feature", "id": 25042, "geometry": {"type": "Point", "coordinates": [-97.52980938875618, 35.52047458337578]}, "properties": {"OBJECTID": 25042, "SUBTYPE": 2, "PROJECTNUMBER": " ", "INLETSIZE": null, "Location": null, "COMMENT": " "}}, {"type": "Feature", "id": 25043, "geometry": {"type": "Point", "coordinates": [-97.52980934737536, 35.51958696453309]}, "properties": {"OBJECTID": 25043, "SUBTYPE": 2, "PROJECTNUMBER": " ", "INLETSIZE": null, "Location": null, "COMMENT": " "}}, {"type": "Feature", "id": 25044, "geometry": {"type": "Point", "coordinates": [-97.5366126141182, 35.52046107438333]}, "properties": {"OBJECTID": 25044, "SUBTYPE": 2, "PROJECTNUMBER": " ", "INLETSIZE": null, "Location": null, "COMMENT": " "}}, {"type": "Feature", "id": 25045, "geometry": {"type": "Point", "coordinates": [-97.53719513901811, 35.5204637723356]}, "properties": {"OBJECTID": 25045, "SUBTYPE": 2, "PROJECTNUMBER": " ", "INLETSIZE": null, "Location": null, "COMMENT": " "}}, {"type": "Feature", "id": 25048, "geometry": {"type": "Point", "coordinates": [-97.53524495056512, 35.52046116375526]}, "properties": {"OBJECTID": 25048, "SUBTYPE": 2, "PROJECTNUMBER": "5E209", "INLETSIZE": null, "Location": "NW 48th, W of N Classen Blvd", "COMMENT": " "}}, {"type": "Feature", "id": 25049, "geometry": {"type": "Point", "coordinates": [-97.53433044139825, 35.52045227340264]}, "properties": {"OBJECTID": 25049, "SUBTYPE": 2, "PROJECTNUMBER": " ", "INLETSIZE": null, "Location": null, "COMMENT": " "}}, {"type": "Feature", "id": 25051, "geometry": {"type": "Point", "coordinates": [-97.53450098259, 35.521379524084416]}, "properties": {"OBJECTID": 25051, "SUBTYPE": 2, "PROJECTNUMBER": " ", "INLETSIZE": null, "Location": null, "COMMENT": " "}}, {"type": "Feature", "id": 25052, "geometry": {"type": "Point", "coordinates": [-97.53448239214916, 35.52044501244472]}, "properties": {"OBJECTID": 25052, "SUBTYPE": 2, "PROJECTNUMBER": " ", "INLETSIZE": null, "Location": null, "COMMENT": " "}}, {"type": "Feature", "id": 25053, "geometry": {"type": "Point", "coordinates": [-97.53429974701695, 35.51868784266109]}, "properties": {"OBJECTID": 25053, "SUBTYPE": 2, "PROJECTNUMBER": " ", "INLETSIZE": null, "Location": null, "COMMENT": " "}}, {"type": "Feature", "id": 25054, "geometry": {"type": "Point", "coordinates": [-97.534450953793, 35.51868843554484]}, "properties": {"OBJECTID": 25054, "SUBTYPE": 2, "PROJECTNUMBER": " ", "INLETSIZE": null, "Location": null, "COMMENT": " "}}, {"type": "Feature", "id": 25060, "geometry": {"type": "Point", "coordinates": [-97.53567765753667, 35.522951113035425]}, "properties": {"OBJECTID": 25060, "SUBTYPE": 2, "PROJECTNUMBER": " ", "INLETSIZE": null, "Location": null, "COMMENT": " "}}, {"type": "Feature", "id": 25063, "geometry": {"type": "Point", "coordinates": [-97.53970584207846, 35.52191477191472]}, "properties": {"OBJECTID": 25063, "SUBTYPE": 0, "PROJECTNUMBER": " ", "INLETSIZE": null, "Location": null, "COMMENT": " "}}, {"type": "Feature", "id": 25064, "geometry": {"type": "Point", "coordinates": [-97.54060765973506, 35.52194449648224]}, "properties": {"OBJECTID": 25064, "SUBTYPE": 0, "PROJECTNUMBER": " ", "INLETSIZE": null, "Location": null, "COMMENT": " "}}, {"type": "Feature", "id": 25066, "geometry": {"type": "Point", "coordinates": [-97.5422675185244, 35.51903590954703]}, "properties": {"OBJECTID": 25066, "SUBTYPE": 2, "PROJECTNUMBER": "76E89", "INLETSIZE": "4", "Location": "N Indiana Ave & Mattern Dr", "COMMENT": null}}, {"type": "Feature", "id": 25067, "geometry": {"type": "Point", "coordinates": [-97.54185779586102, 35.51802539176388]}, "properties": {"OBJECTID": 25067, "SUBTYPE": 2, "PROJECTNUMBER": "76E89", "INLETSIZE": "4", "Location": "N Indiana Ave, N of NW 44th", "COMMENT": null}}, {"type": "Feature", "id": 25068, "geometry": {"type": "Point", "coordinates": [-97.54160730255632, 35.516889910773756]}, "properties": {"OBJECTID": 25068, "SUBTYPE": 2, "PROJECTNUMBER": "76E89", "INLETSIZE": "4", "Location": "N Indiana Ave& NW 44th", "COMMENT": null}}, {"type": "Feature", "id": 25071, "geometry": {"type": "Point", "coordinates": [-97.54036982224038, 35.516840430634666]}, "properties": {"OBJECTID": 25071, "SUBTYPE": 2, "PROJECTNUMBER": " ", "INLETSIZE": null, "Location": null, "COMMENT": " "}}, {"type": "Feature", "id": 25073, "geometry": {"type": "Point", "coordinates": [-97.52983339896788, 35.51459008334167]}, "properties": {"OBJECTID": 25073, "SUBTYPE": 2, "PROJECTNUMBER": " ", "INLETSIZE": null, "Location": null, "COMMENT": " "}}, {"type": "Feature", "id": 25074, "geometry": {"type": "Point", "coordinates": [-97.53555044548716, 35.51509321289827]}, "properties": {"OBJECTID": 25074, "SUBTYPE": 2, "PROJECTNUMBER": " ", "INLETSIZE": null, "Location": null, "COMMENT": " "}}, {"type": "Feature", "id": 25075, "geometry": {"type": "Point", "coordinates": [-97.5343037337446, 35.51460471058853]}, "properties": {"OBJECTID": 25075, "SUBTYPE": 2, "PROJECTNUMBER": " ", "INLETSIZE": null, "Location": null, "COMMENT": " "}}, {"type": "Feature", "id": 25076, "geometry": {"type": "Point", "coordinates": [-97.53555423325989, 35.51464518737782]}, "properties": {"OBJECTID": 25076, "SUBTYPE": 2, "PROJECTNUMBER": " ", "INLETSIZE": null, "Location": null, "COMMENT": " "}}, {"type": "Feature", "id": 25077, "geometry": {"type": "Point", "coordinates": [-97.53449826133186, 35.51460575904559]}, "properties": {"OBJECTID": 25077, "SUBTYPE": 2, "PROJECTNUMBER": " ", "INLETSIZE": null, "Location": null, "COMMENT": " "}}, {"type": "Feature", "id": 25078, "geometry": {"type": "Point", "coordinates": [-97.53431957886171, 35.51367691099214]}, "properties": {"OBJECTID": 25078, "SUBTYPE": 2, "PROJECTNUMBER": " ", "INLETSIZE": null, "Location": null, "COMMENT": " "}}, {"type": "Feature", "id": 25079, "geometry": {"type": "Point", "coordinates": [-97.53431634901486, 35.512687572800345]}, "properties": {"OBJECTID": 25079, "SUBTYPE": 2, "PROJECTNUMBER": " ", "INLETSIZE": null, "Location": null, "COMMENT": " "}}, {"type": "Feature", "id": 25080, "geometry": {"type": "Point", "coordinates": [-97.53213627932152, 35.50897239424169]}, "properties": {"OBJECTID": 25080, "SUBTYPE": 2, "PROJECTNUMBER": " ", "INLETSIZE": null, "Location": null, "COMMENT": " "}}, {"type": "Feature", "id": 25081, "geometry": {"type": "Point", "coordinates": [-97.53213557745725, 35.510182612326034]}, "properties": {"OBJECTID": 25081, "SUBTYPE": 2, "PROJECTNUMBER": " ", "INLETSIZE": null, "Location": null, "COMMENT": " "}}, {"type": "Feature", "id": 25082, "geometry": {"type": "Point", "coordinates": [-97.53431699655519, 35.511385870837756]}, "properties": {"OBJECTID": 25082, "SUBTYPE": 2, "PROJECTNUMBER": " ", "INLETSIZE": null, "Location": null, "COMMENT": " "}}, {"type": "Feature", "id": 25083, "geometry": {"type": "Point", "coordinates": [-97.53433163683539, 35.510282237608926]}, "properties": {"OBJECTID": 25083, "SUBTYPE": 2, "PROJECTNUMBER": " ", "INLETSIZE": null, "Location": null, "COMMENT": " "}}, {"type": "Feature", "id": 25084, "geometry": {"type": "Point", "coordinates": [-97.53443913062671, 35.50895998490031]}, "properties": {"OBJECTID": 25084, "SUBTYPE": 2, "PROJECTNUMBER": " ", "INLETSIZE": null, "Location": null, "COMMENT": " "}}, {"type": "Feature", "id": 25085, "geometry": {"type": "Point", "coordinates": [-97.53662296550424, 35.508968527535636]}, "properties": {"OBJECTID": 25085, "SUBTYPE": 2, "PROJECTNUMBER": " ", "INLETSIZE": null, "Location": null, "COMMENT": " "}}, {"type": "Feature", "id": 25086, "geometry": {"type": "Point", "coordinates": [-97.53834600026813, 35.51354656727052]}, "properties": {"OBJECTID": 25086, "SUBTYPE": 2, "PROJECTNUMBER": " ", "INLETSIZE": null, "Location": null, "COMMENT": " "}}, {"type": "Feature", "id": 25087, "geometry": {"type": "Point", "coordinates": [-97.53876375884289, 35.513680198092985]}, "properties": {"OBJECTID": 25087, "SUBTYPE": 2, "PROJECTNUMBER": "69E86", "INLETSIZE": "4", "Location": "NW 41st Street", "COMMENT": " "}}, {"type": "Feature", "id": 25088, "geometry": {"type": "Point", "coordinates": [-97.54078325382218, 35.51378132865246]}, "properties": {"OBJECTID": 25088, "SUBTYPE": 2, "PROJECTNUMBER": "69E86", "INLETSIZE": "4", "Location": "NW 41st Street", "COMMENT": " "}}, {"type": "Feature", "id": 25089, "geometry": {"type": "Point", "coordinates": [-97.54052520132662, 35.5137383159354]}, "properties": {"OBJECTID": 25089, "SUBTYPE": 2, "PROJECTNUMBER": "69E86", "INLETSIZE": "4", "Location": "NW 41st Street", "COMMENT": " "}}, {"type": "Feature", "id": 25090, "geometry": {"type": "Point", "coordinates": [-97.54041197828309, 35.51248758241706]}, "properties": {"OBJECTID": 25090, "SUBTYPE": 1, "PROJECTNUMBER": "8E89", "INLETSIZE": "4x6", "Location": "Georgia Avenue", "COMMENT": "with manhole lid"}}, {"type": "Feature", "id": 25091, "geometry": {"type": "Point", "coordinates": [-97.54041690253119, 35.51151120374443]}, "properties": {"OBJECTID": 25091, "SUBTYPE": 2, "PROJECTNUMBER": " ", "INLETSIZE": null, "Location": null, "COMMENT": " "}}, {"type": "Feature", "id": 25092, "geometry": {"type": "Point", "coordinates": [-97.54025863694667, 35.51151059107424]}, "properties": {"OBJECTID": 25092, "SUBTYPE": 2, "PROJECTNUMBER": " ", "INLETSIZE": null, "Location": null, "COMMENT": " "}}, {"type": "Feature", "id": 25093, "geometry": {"type": "Point", "coordinates": [-97.54567579943537, 35.51370966015252]}, "properties": {"OBJECTID": 25093, "SUBTYPE": 2, "PROJECTNUMBER": " ", "INLETSIZE": null, "Location": null, "COMMENT": " "}}, {"type": "Feature", "id": 25094, "geometry": {"type": "Point", "coordinates": [-97.53970178371068, 35.50897555291486]}, "properties": {"OBJECTID": 25094, "SUBTYPE": 2, "PROJECTNUMBER": " ", "INLETSIZE": null, "Location": null, "COMMENT": " "}}, {"type": "Feature", "id": 25099, "geometry": {"type": "Point", "coordinates": [-97.51763425612126, 35.5006199697254]}, "properties": {"OBJECTID": 25099, "SUBTYPE": 1, "PROJECTNUMBER": " ", "INLETSIZE": null, "Location": null, "COMMENT": "Check survey"}}, {"type": "Feature", "id": 25100, "geometry": {"type": "Point", "coordinates": [-97.51729052474764, 35.50054202453259]}, "properties": {"OBJECTID": 25100, "SUBTYPE": 2, "PROJECTNUMBER": " ", "INLETSIZE": null, "Location": null, "COMMENT": "Check survey"}}, {"type": "Feature", "id": 25101, "geometry": {"type": "Point", "coordinates": [-97.51568375419086, 35.49951044766585]}, "properties": {"OBJECTID": 25101, "SUBTYPE": 2, "PROJECTNUMBER": " ", "INLETSIZE": null, "Location": null, "COMMENT": " "}}, {"type": "Feature", "id": 25102, "geometry": {"type": "Point", "coordinates": [-97.51731350200997, 35.499520838821766]}, "properties": {"OBJECTID": 25102, "SUBTYPE": 2, "PROJECTNUMBER": " ", "INLETSIZE": null, "Location": null, "COMMENT": " "}}, {"type": "Feature", "id": 25108, "geometry": {"type": "Point", "coordinates": [-97.5157219347844, 35.49742198101822]}, "properties": {"OBJECTID": 25108, "SUBTYPE": 2, "PROJECTNUMBER": " ", "INLETSIZE": null, "Location": null, "COMMENT": " "}}, {"type": "Feature", "id": 25109, "geometry": {"type": "Point", "coordinates": [-97.5156551712305, 35.49742092271747]}, "properties": {"OBJECTID": 25109, "SUBTYPE": 2, "PROJECTNUMBER": " ", "INLETSIZE": null, "Location": null, "COMMENT": " "}}, {"type": "Feature", "id": 25110, "geometry": {"type": "Point", "coordinates": [-97.51727579346606, 35.4974534179794]}, "properties": {"OBJECTID": 25110, "SUBTYPE": 2, "PROJECTNUMBER": " ", "INLETSIZE": null, "Location": null, "COMMENT": " "}}, {"type": "Feature", "id": 25111, "geometry": {"type": "Point", "coordinates": [-97.51733778793974, 35.49741878579223]}, "properties": {"OBJECTID": 25111, "SUBTYPE": 2, "PROJECTNUMBER": " ", "INLETSIZE": null, "Location": null, "COMMENT": " "}}, {"type": "Feature", "id": 25115, "geometry": {"type": "Point", "coordinates": [-97.51376683025029, 35.4933236977982]}, "properties": {"OBJECTID": 25115, "SUBTYPE": 2, "PROJECTNUMBER": " ", "INLETSIZE": null, "Location": null, "COMMENT": " "}}, {"type": "Feature", "id": 25117, "geometry": {"type": "Point", "coordinates": [-97.51381446997497, 35.494286084007314]}, "properties": {"OBJECTID": 25117, "SUBTYPE": 2, "PROJECTNUMBER": " ", "INLETSIZE": null, "Location": null, "COMMENT": " "}}, {"type": "Feature", "id": 25120, "geometry": {"type": "Point", "coordinates": [-97.51566039399738, 35.496377613506894]}, "properties": {"OBJECTID": 25120, "SUBTYPE": 2, "PROJECTNUMBER": " ", "INLETSIZE": null, "Location": null, "COMMENT": " "}}, {"type": "Feature", "id": 25121, "geometry": {"type": "Point", "coordinates": [-97.51595572970514, 35.496448016004]}, "properties": {"OBJECTID": 25121, "SUBTYPE": 2, "PROJECTNUMBER": " ", "INLETSIZE": null, "Location": null, "COMMENT": " "}}, {"type": "Feature", "id": 25122, "geometry": {"type": "Point", "coordinates": [-97.51572730368353, 35.49644708443077]}, "properties": {"OBJECTID": 25122, "SUBTYPE": 2, "PROJECTNUMBER": " ", "INLETSIZE": null, "Location": null, "COMMENT": " "}}, {"type": "Feature", "id": 25123, "geometry": {"type": "Point", "coordinates": [-97.51573836699548, 35.49630647945206]}, "properties": {"OBJECTID": 25123, "SUBTYPE": 2, "PROJECTNUMBER": " ", "INLETSIZE": null, "Location": null, "COMMENT": " "}}, {"type": "Feature", "id": 25125, "geometry": {"type": "Point", "coordinates": [-97.51573363290758, 35.49528978226497]}, "properties": {"OBJECTID": 25125, "SUBTYPE": 2, "PROJECTNUMBER": " ", "INLETSIZE": null, "Location": null, "COMMENT": " "}}, {"type": "Feature", "id": 25127, "geometry": {"type": "Point", "coordinates": [-97.51898802736693, 35.495330501972596]}, "properties": {"OBJECTID": 25127, "SUBTYPE": 2, "PROJECTNUMBER": " ", "INLETSIZE": null, "Location": null, "COMMENT": " "}}, {"type": "Feature", "id": 25128, "geometry": {"type": "Point", "coordinates": [-97.51878356451456, 35.495329205578976]}, "properties": {"OBJECTID": 25128, "SUBTYPE": 2, "PROJECTNUMBER": " ", "INLETSIZE": null, "Location": null, "COMMENT": " "}}, {"type": "Feature", "id": 25129, "geometry": {"type": "Point", "coordinates": [-97.51879422495105, 35.49428637908884]}, "properties": {"OBJECTID": 25129, "SUBTYPE": 2, "PROJECTNUMBER": " ", "INLETSIZE": null, "Location": null, "COMMENT": " "}}, {"type": "Feature", "id": 25130, "geometry": {"type": "Point", "coordinates": [-97.51887377140962, 35.49321946136752]}, "properties": {"OBJECTID": 25130, "SUBTYPE": 2, "PROJECTNUMBER": "25E603", "INLETSIZE": null, "Location": "NW 23rd & N Hudson Ave", "COMMENT": " "}}, {"type": "Feature", "id": 25131, "geometry": {"type": "Point", "coordinates": [-97.52100982078746, 35.495426149491166]}, "properties": {"OBJECTID": 25131, "SUBTYPE": 2, "PROJECTNUMBER": " ", "INLETSIZE": null, "Location": null, "COMMENT": " "}}, {"type": "Feature", "id": 25134, "geometry": {"type": "Point", "coordinates": [-97.52112767870078, 35.49539874478907]}, "properties": {"OBJECTID": 25134, "SUBTYPE": 2, "PROJECTNUMBER": " ", "INLETSIZE": null, "Location": null, "COMMENT": " "}}, {"type": "Feature", "id": 25135, "geometry": {"type": "Point", "coordinates": [-97.52115004462838, 35.494384972230556]}, "properties": {"OBJECTID": 25135, "SUBTYPE": 2, "PROJECTNUMBER": " ", "INLETSIZE": null, "Location": null, "COMMENT": " "}}, {"type": "Feature", "id": 25136, "geometry": {"type": "Point", "coordinates": [-97.52252296738763, 35.49542203949371]}, "properties": {"OBJECTID": 25136, "SUBTYPE": 2, "PROJECTNUMBER": " ", "INLETSIZE": null, "Location": null, "COMMENT": " "}}, {"type": "Feature", "id": 25137, "geometry": {"type": "Point", "coordinates": [-97.52400095014345, 35.49543218655055]}, "properties": {"OBJECTID": 25137, "SUBTYPE": 2, "PROJECTNUMBER": " ", "INLETSIZE": null, "Location": null, "COMMENT": " "}}, {"type": "Feature", "id": 25138, "geometry": {"type": "Point", "coordinates": [-97.52717834313573, 35.49533390137258]}, "properties": {"OBJECTID": 25138, "SUBTYPE": 2, "PROJECTNUMBER": " ", "INLETSIZE": null, "Location": null, "COMMENT": " "}}, {"type": "Feature", "id": 25139, "geometry": {"type": "Point", "coordinates": [-97.52870275332648, 35.495335118457234]}, "properties": {"OBJECTID": 25139, "SUBTYPE": 2, "PROJECTNUMBER": " ", "INLETSIZE": null, "Location": null, "COMMENT": " "}}, {"type": "Feature", "id": 25140, "geometry": {"type": "Point", "coordinates": [-97.5225078031172, 35.49445264763251]}, "properties": {"OBJECTID": 25140, "SUBTYPE": 2, "PROJECTNUMBER": " ", "INLETSIZE": null, "Location": null, "COMMENT": " "}}, {"type": "Feature", "id": 25141, "geometry": {"type": "Point", "coordinates": [-97.52250374266504, 35.49436620215161]}, "properties": {"OBJECTID": 25141, "SUBTYPE": 2, "PROJECTNUMBER": " ", "INLETSIZE": null, "Location": null, "COMMENT": " "}}, {"type": "Feature", "id": 25142, "geometry": {"type": "Point", "coordinates": [-97.52399719240155, 35.49436386082822]}, "properties": {"OBJECTID": 25142, "SUBTYPE": 2, "PROJECTNUMBER": " ", "INLETSIZE": null, "Location": null, "COMMENT": " "}}, {"type": "Feature", "id": 25143, "geometry": {"type": "Point", "coordinates": [-97.52551859996296, 35.4943093347921]}, "properties": {"OBJECTID": 25143, "SUBTYPE": 2, "PROJECTNUMBER": " ", "INLETSIZE": null, "Location": null, "COMMENT": " "}}, {"type": "Feature", "id": 25144, "geometry": {"type": "Point", "coordinates": [-97.52400369958254, 35.4944457869884]}, "properties": {"OBJECTID": 25144, "SUBTYPE": 2, "PROJECTNUMBER": " ", "INLETSIZE": null, "Location": null, "COMMENT": " "}}, {"type": "Feature", "id": 25145, "geometry": {"type": "Point", "coordinates": [-97.52532468937068, 35.49444162603019]}, "properties": {"OBJECTID": 25145, "SUBTYPE": 2, "PROJECTNUMBER": " ", "INLETSIZE": null, "Location": null, "COMMENT": " "}}, {"type": "Feature", "id": 25146, "geometry": {"type": "Point", "coordinates": [-97.5258324646633, 35.49438312791367]}, "properties": {"OBJECTID": 25146, "SUBTYPE": 2, "PROJECTNUMBER": " ", "INLETSIZE": null, "Location": null, "COMMENT": " "}}, {"type": "Feature", "id": 25147, "geometry": {"type": "Point", "coordinates": [-97.52587909829182, 35.49429888864105]}, "properties": {"OBJECTID": 25147, "SUBTYPE": 2, "PROJECTNUMBER": " ", "INLETSIZE": null, "Location": null, "COMMENT": " "}}, {"type": "Feature", "id": 25148, "geometry": {"type": "Point", "coordinates": [-97.52716917401928, 35.49436963381564]}, "properties": {"OBJECTID": 25148, "SUBTYPE": 2, "PROJECTNUMBER": " ", "INLETSIZE": null, "Location": null, "COMMENT": " "}}, {"type": "Feature", "id": 25149, "geometry": {"type": "Point", "coordinates": [-97.5271694805954, 35.4942916890192]}, "properties": {"OBJECTID": 25149, "SUBTYPE": 2, "PROJECTNUMBER": " ", "INLETSIZE": null, "Location": null, "COMMENT": " "}}, {"type": "Feature", "id": 25150, "geometry": {"type": "Point", "coordinates": [-97.52872159360106, 35.494365954620726]}, "properties": {"OBJECTID": 25150, "SUBTYPE": 2, "PROJECTNUMBER": " ", "INLETSIZE": null, "Location": null, "COMMENT": " "}}, {"type": "Feature", "id": 25151, "geometry": {"type": "Point", "coordinates": [-97.52867655991373, 35.494289226851535]}, "properties": {"OBJECTID": 25151, "SUBTYPE": 2, "PROJECTNUMBER": " ", "INLETSIZE": null, "Location": null, "COMMENT": " "}}, {"type": "Feature", "id": 25152, "geometry": {"type": "Point", "coordinates": [-97.525851739039, 35.49327734048308]}, "properties": {"OBJECTID": 25152, "SUBTYPE": 2, "PROJECTNUMBER": " ", "INLETSIZE": null, "Location": null, "COMMENT": " "}}, {"type": "Feature", "id": 25153, "geometry": {"type": "Point", "coordinates": [-97.52718197206559, 35.49327282992318]}, "properties": {"OBJECTID": 25153, "SUBTYPE": 2, "PROJECTNUMBER": " ", "INLETSIZE": null, "Location": "NW 23rd & N Francis Ave", "COMMENT": " "}}, {"type": "Feature", "id": 25154, "geometry": {"type": "Point", "coordinates": [-97.52096623309089, 35.50046582703709]}, "properties": {"OBJECTID": 25154, "SUBTYPE": 2, "PROJECTNUMBER": " ", "INLETSIZE": null, "Location": null, "COMMENT": " "}}, {"type": "Feature", "id": 25155, "geometry": {"type": "Point", "coordinates": [-97.52249406264956, 35.499208349208814]}, "properties": {"OBJECTID": 25155, "SUBTYPE": 2, "PROJECTNUMBER": " ", "INLETSIZE": null, "Location": null, "COMMENT": " "}}, {"type": "Feature", "id": 25156, "geometry": {"type": "Point", "coordinates": [-97.52249393445068, 35.499523236098526]}, "properties": {"OBJECTID": 25156, "SUBTYPE": 2, "PROJECTNUMBER": " ", "INLETSIZE": null, "Location": null, "COMMENT": " "}}, {"type": "Feature", "id": 25157, "geometry": {"type": "Point", "coordinates": [-97.52110174398264, 35.49850440639645]}, "properties": {"OBJECTID": 25157, "SUBTYPE": 2, "PROJECTNUMBER": " ", "INLETSIZE": null, "Location": null, "COMMENT": " "}}, {"type": "Feature", "id": 25158, "geometry": {"type": "Point", "coordinates": [-97.52110580462328, 35.497456812194066]}, "properties": {"OBJECTID": 25158, "SUBTYPE": 2, "PROJECTNUMBER": " ", "INLETSIZE": null, "Location": null, "COMMENT": " "}}, {"type": "Feature", "id": 25159, "geometry": {"type": "Point", "coordinates": [-97.5211000801301, 35.499503634378236]}, "properties": {"OBJECTID": 25159, "SUBTYPE": 2, "PROJECTNUMBER": " ", "INLETSIZE": null, "Location": null, "COMMENT": " "}}, {"type": "Feature", "id": 25160, "geometry": {"type": "Point", "coordinates": [-97.52112272934257, 35.496433497091225]}, "properties": {"OBJECTID": 25160, "SUBTYPE": 2, "PROJECTNUMBER": " ", "INLETSIZE": null, "Location": null, "COMMENT": " "}}, {"type": "Feature", "id": 25161, "geometry": {"type": "Point", "coordinates": [-97.52098207198317, 35.499520767164285]}, "properties": {"OBJECTID": 25161, "SUBTYPE": 2, "PROJECTNUMBER": " ", "INLETSIZE": null, "Location": null, "COMMENT": " "}}, {"type": "Feature", "id": 25162, "geometry": {"type": "Point", "coordinates": [-97.52098648909127, 35.49846697155485]}, "properties": {"OBJECTID": 25162, "SUBTYPE": 2, "PROJECTNUMBER": " ", "INLETSIZE": null, "Location": null, "COMMENT": " "}}, {"type": "Feature", "id": 25163, "geometry": {"type": "Point", "coordinates": [-97.52099490594938, 35.49746246755462]}, "properties": {"OBJECTID": 25163, "SUBTYPE": 2, "PROJECTNUMBER": " ", "INLETSIZE": null, "Location": null, "COMMENT": " "}}, {"type": "Feature", "id": 25164, "geometry": {"type": "Point", "coordinates": [-97.52100097469693, 35.496433178953154]}, "properties": {"OBJECTID": 25164, "SUBTYPE": 2, "PROJECTNUMBER": " ", "INLETSIZE": null, "Location": null, "COMMENT": " "}}, {"type": "Feature", "id": 25166, "geometry": {"type": "Point", "coordinates": [-97.51887587523818, 35.505645911786985]}, "properties": {"OBJECTID": 25166, "SUBTYPE": 2, "PROJECTNUMBER": " ", "INLETSIZE": null, "Location": null, "COMMENT": " "}}, {"type": "Feature", "id": 25167, "geometry": {"type": "Point", "coordinates": [-97.51927355881885, 35.50508520872396]}, "properties": {"OBJECTID": 25167, "SUBTYPE": 2, "PROJECTNUMBER": " ", "INLETSIZE": null, "Location": null, "COMMENT": " "}}, {"type": "Feature", "id": 25168, "geometry": {"type": "Point", "coordinates": [-97.51961318286293, 35.50425382008098]}, "properties": {"OBJECTID": 25168, "SUBTYPE": 2, "PROJECTNUMBER": " ", "INLETSIZE": null, "Location": null, "COMMENT": " "}}, {"type": "Feature", "id": 25169, "geometry": {"type": "Point", "coordinates": [-97.51867696081477, 35.50705160242823]}, "properties": {"OBJECTID": 25169, "SUBTYPE": 2, "PROJECTNUMBER": " ", "INLETSIZE": null, "Location": null, "COMMENT": " "}}, {"type": "Feature", "id": 25170, "geometry": {"type": "Point", "coordinates": [-97.51804423920137, 35.507004877088924]}, "properties": {"OBJECTID": 25170, "SUBTYPE": 2, "PROJECTNUMBER": " ", "INLETSIZE": null, "Location": null, "COMMENT": " "}}, {"type": "Feature", "id": 25171, "geometry": {"type": "Point", "coordinates": [-97.51698636835697, 35.506996965890195]}, "properties": {"OBJECTID": 25171, "SUBTYPE": 2, "PROJECTNUMBER": " ", "INLETSIZE": null, "Location": null, "COMMENT": " "}}, {"type": "Feature", "id": 25172, "geometry": {"type": "Point", "coordinates": [-97.51982207987928, 35.50742780082089]}, "properties": {"OBJECTID": 25172, "SUBTYPE": 2, "PROJECTNUMBER": " ", "INLETSIZE": null, "Location": null, "COMMENT": " "}}, {"type": "Feature", "id": 25173, "geometry": {"type": "Point", "coordinates": [-97.52043995592648, 35.50732763622241]}, "properties": {"OBJECTID": 25173, "SUBTYPE": 2, "PROJECTNUMBER": " ", "INLETSIZE": null, "Location": null, "COMMENT": " "}}, {"type": "Feature", "id": 25174, "geometry": {"type": "Point", "coordinates": [-97.51751897269702, 35.50244234130311]}, "properties": {"OBJECTID": 25174, "SUBTYPE": 2, "PROJECTNUMBER": " ", "INLETSIZE": null, "Location": null, "COMMENT": " "}}, {"type": "Feature", "id": 25175, "geometry": {"type": "Point", "coordinates": [-97.51977595650344, 35.5033996504017]}, "properties": {"OBJECTID": 25175, "SUBTYPE": 2, "PROJECTNUMBER": " ", "INLETSIZE": null, "Location": null, "COMMENT": " "}}, {"type": "Feature", "id": 25176, "geometry": {"type": "Point", "coordinates": [-97.52066261461867, 35.5034032333858]}, "properties": {"OBJECTID": 25176, "SUBTYPE": 2, "PROJECTNUMBER": " ", "INLETSIZE": null, "Location": null, "COMMENT": " "}}, {"type": "Feature", "id": 25177, "geometry": {"type": "Point", "coordinates": [-97.5197989863909, 35.50243604725075]}, "properties": {"OBJECTID": 25177, "SUBTYPE": 2, "PROJECTNUMBER": " ", "INLETSIZE": null, "Location": null, "COMMENT": " "}}, {"type": "Feature", "id": 25179, "geometry": {"type": "Point", "coordinates": [-97.52095147238175, 35.507322864678656]}, "properties": {"OBJECTID": 25179, "SUBTYPE": 2, "PROJECTNUMBER": " ", "INLETSIZE": null, "Location": null, "COMMENT": " "}}, {"type": "Feature", "id": 25180, "geometry": {"type": "Point", "coordinates": [-97.52100546604572, 35.50720510210414]}, "properties": {"OBJECTID": 25180, "SUBTYPE": 2, "PROJECTNUMBER": " ", "INLETSIZE": null, "Location": null, "COMMENT": " "}}, {"type": "Feature", "id": 25181, "geometry": {"type": "Point", "coordinates": [-97.52099325572935, 35.506259982925066]}, "properties": {"OBJECTID": 25181, "SUBTYPE": 2, "PROJECTNUMBER": " ", "INLETSIZE": null, "Location": null, "COMMENT": " "}}, {"type": "Feature", "id": 25183, "geometry": {"type": "Point", "coordinates": [-97.52421426841896, 35.50764445417919]}, "properties": {"OBJECTID": 25183, "SUBTYPE": 2, "PROJECTNUMBER": "10E204", "INLETSIZE": null, "Location": "N Lee Ave & NW 36th", "COMMENT": " "}}, {"type": "Feature", "id": 25185, "geometry": {"type": "Point", "coordinates": [-97.52421052431264, 35.50787704708744]}, "properties": {"OBJECTID": 25185, "SUBTYPE": 1, "PROJECTNUMBER": "10E204", "INLETSIZE": null, "Location": "N Lee Ave & NW 36th", "COMMENT": " "}}, {"type": "Feature", "id": 25186, "geometry": {"type": "Point", "coordinates": [-97.52320530442006, 35.50718733793062]}, "properties": {"OBJECTID": 25186, "SUBTYPE": 2, "PROJECTNUMBER": "6E110", "INLETSIZE": "4", "Location": "N. Dewey Avenue", "COMMENT": " "}}, {"type": "Feature", "id": 25187, "geometry": {"type": "Point", "coordinates": [-97.52421067679423, 35.50718859397318]}, "properties": {"OBJECTID": 25187, "SUBTYPE": 2, "PROJECTNUMBER": " ", "INLETSIZE": null, "Location": null, "COMMENT": " "}}, {"type": "Feature", "id": 25188, "geometry": {"type": "Point", "coordinates": [-97.52540667180591, 35.50719828995546]}, "properties": {"OBJECTID": 25188, "SUBTYPE": 2, "PROJECTNUMBER": " ", "INLETSIZE": null, "Location": null, "COMMENT": " "}}, {"type": "Feature", "id": 25189, "geometry": {"type": "Point", "coordinates": [-97.52321250331379, 35.50624731370925]}, "properties": {"OBJECTID": 25189, "SUBTYPE": 2, "PROJECTNUMBER": " ", "INLETSIZE": null, "Location": null, "COMMENT": " "}}, {"type": "Feature", "id": 25190, "geometry": {"type": "Point", "coordinates": [-97.52421745298855, 35.50624832739537]}, "properties": {"OBJECTID": 25190, "SUBTYPE": 2, "PROJECTNUMBER": " ", "INLETSIZE": null, "Location": null, "COMMENT": " "}}, {"type": "Feature", "id": 25191, "geometry": {"type": "Point", "coordinates": [-97.52536003306874, 35.506247220375414]}, "properties": {"OBJECTID": 25191, "SUBTYPE": 2, "PROJECTNUMBER": " ", "INLETSIZE": null, "Location": null, "COMMENT": " "}}, {"type": "Feature", "id": 25192, "geometry": {"type": "Point", "coordinates": [-97.52321635966712, 35.50530349240216]}, "properties": {"OBJECTID": 25192, "SUBTYPE": 2, "PROJECTNUMBER": " ", "INLETSIZE": null, "Location": null, "COMMENT": " "}}, {"type": "Feature", "id": 25193, "geometry": {"type": "Point", "coordinates": [-97.52536670746109, 35.50533975833275]}, "properties": {"OBJECTID": 25193, "SUBTYPE": 2, "PROJECTNUMBER": " ", "INLETSIZE": null, "Location": null, "COMMENT": " "}}, {"type": "Feature", "id": 25194, "geometry": {"type": "Point", "coordinates": [-97.52422082537977, 35.50531889355417]}, "properties": {"OBJECTID": 25194, "SUBTYPE": 2, "PROJECTNUMBER": " ", "INLETSIZE": null, "Location": null, "COMMENT": " "}}, {"type": "Feature", "id": 25195, "geometry": {"type": "Point", "coordinates": [-97.52759089787945, 35.507782370516644]}, "properties": {"OBJECTID": 25195, "SUBTYPE": 2, "PROJECTNUMBER": "35E601", "INLETSIZE": null, "Location": "N.E. 36th Street", "COMMENT": " "}}, {"type": "Feature", "id": 25196, "geometry": {"type": "Point", "coordinates": [-97.52762215954364, 35.50637475574221]}, "properties": {"OBJECTID": 25196, "SUBTYPE": 2, "PROJECTNUMBER": " ", "INLETSIZE": null, "Location": null, "COMMENT": " "}}, {"type": "Feature", "id": 25197, "geometry": {"type": "Point", "coordinates": [-97.52722881447198, 35.50534310916828]}, "properties": {"OBJECTID": 25197, "SUBTYPE": 2, "PROJECTNUMBER": " ", "INLETSIZE": null, "Location": null, "COMMENT": " "}}, {"type": "Feature", "id": 25198, "geometry": {"type": "Point", "coordinates": [-97.5276646538696, 35.50534531069843]}, "properties": {"OBJECTID": 25198, "SUBTYPE": 2, "PROJECTNUMBER": " ", "INLETSIZE": null, "Location": null, "COMMENT": " "}}, {"type": "Feature", "id": 25199, "geometry": {"type": "Point", "coordinates": [-97.52865131937708, 35.50531615643244]}, "properties": {"OBJECTID": 25199, "SUBTYPE": 2, "PROJECTNUMBER": " ", "INLETSIZE": null, "Location": null, "COMMENT": " "}}, {"type": "Feature", "id": 25200, "geometry": {"type": "Point", "coordinates": [-97.52100428114228, 35.50434774340529]}, "properties": {"OBJECTID": 25200, "SUBTYPE": 2, "PROJECTNUMBER": " ", "INLETSIZE": null, "Location": null, "COMMENT": " "}}, {"type": "Feature", "id": 25201, "geometry": {"type": "Point", "coordinates": [-97.5209985658608, 35.50340458923445]}, "properties": {"OBJECTID": 25201, "SUBTYPE": 2, "PROJECTNUMBER": " ", "INLETSIZE": null, "Location": null, "COMMENT": " "}}, {"type": "Feature", "id": 25202, "geometry": {"type": "Point", "coordinates": [-97.52101008651242, 35.50243340092928]}, "properties": {"OBJECTID": 25202, "SUBTYPE": 2, "PROJECTNUMBER": " ", "INLETSIZE": null, "Location": null, "COMMENT": " "}}, {"type": "Feature", "id": 25203, "geometry": {"type": "Point", "coordinates": [-97.5210516720126, 35.50053803216416]}, "properties": {"OBJECTID": 25203, "SUBTYPE": 2, "PROJECTNUMBER": "14E52", "INLETSIZE": null, "Location": "N of N 10th St & E of Western Ave", "COMMENT": null}}, {"type": "Feature", "id": 25204, "geometry": {"type": "Point", "coordinates": [-97.52179146753033, 35.500537534340516]}, "properties": {"OBJECTID": 25204, "SUBTYPE": 2, "PROJECTNUMBER": " ", "INLETSIZE": null, "Location": null, "COMMENT": " "}}, {"type": "Feature", "id": 25205, "geometry": {"type": "Point", "coordinates": [-97.52249467561772, 35.50053727682802]}, "properties": {"OBJECTID": 25205, "SUBTYPE": 2, "PROJECTNUMBER": " ", "INLETSIZE": null, "Location": null, "COMMENT": " "}}, {"type": "Feature", "id": 25206, "geometry": {"type": "Point", "coordinates": [-97.52397294287928, 35.500537178923885]}, "properties": {"OBJECTID": 25206, "SUBTYPE": 2, "PROJECTNUMBER": "PC-0209", "INLETSIZE": null, "Location": "NW 30th & N Lee Ave", "COMMENT": " "}}, {"type": "Feature", "id": 25207, "geometry": {"type": "Point", "coordinates": [-97.52323900489986, 35.50053870710474]}, "properties": {"OBJECTID": 25207, "SUBTYPE": 2, "PROJECTNUMBER": " ", "INLETSIZE": null, "Location": null, "COMMENT": " "}}, {"type": "Feature", "id": 25208, "geometry": {"type": "Point", "coordinates": [-97.52323000767004, 35.50148485101325]}, "properties": {"OBJECTID": 25208, "SUBTYPE": 2, "PROJECTNUMBER": " ", "INLETSIZE": null, "Location": null, "COMMENT": " "}}, {"type": "Feature", "id": 25209, "geometry": {"type": "Point", "coordinates": [-97.52322224439175, 35.50434841832224]}, "properties": {"OBJECTID": 25209, "SUBTYPE": 2, "PROJECTNUMBER": " ", "INLETSIZE": null, "Location": null, "COMMENT": " "}}, {"type": "Feature", "id": 25210, "geometry": {"type": "Point", "coordinates": [-97.52322633800178, 35.50340506670978]}, "properties": {"OBJECTID": 25210, "SUBTYPE": 2, "PROJECTNUMBER": " ", "INLETSIZE": null, "Location": null, "COMMENT": " "}}, {"type": "Feature", "id": 25211, "geometry": {"type": "Point", "coordinates": [-97.52422608594185, 35.50435100126635]}, "properties": {"OBJECTID": 25211, "SUBTYPE": 2, "PROJECTNUMBER": " ", "INLETSIZE": null, "Location": null, "COMMENT": " "}}, {"type": "Feature", "id": 25212, "geometry": {"type": "Point", "coordinates": [-97.52537165676907, 35.50434673903069]}, "properties": {"OBJECTID": 25212, "SUBTYPE": 2, "PROJECTNUMBER": " ", "INLETSIZE": null, "Location": null, "COMMENT": " "}}, {"type": "Feature", "id": 25213, "geometry": {"type": "Point", "coordinates": [-97.52538898676013, 35.50339915553905]}, "properties": {"OBJECTID": 25213, "SUBTYPE": 2, "PROJECTNUMBER": " ", "INLETSIZE": null, "Location": null, "COMMENT": " "}}, {"type": "Feature", "id": 25214, "geometry": {"type": "Point", "coordinates": [-97.52538935979753, 35.502458596688655]}, "properties": {"OBJECTID": 25214, "SUBTYPE": 2, "PROJECTNUMBER": " ", "INLETSIZE": null, "Location": null, "COMMENT": " "}}, {"type": "Feature", "id": 25215, "geometry": {"type": "Point", "coordinates": [-97.52540707177386, 35.50149789804585]}, "properties": {"OBJECTID": 25215, "SUBTYPE": 2, "PROJECTNUMBER": " ", "INLETSIZE": null, "Location": null, "COMMENT": " "}}, {"type": "Feature", "id": 25216, "geometry": {"type": "Point", "coordinates": [-97.52762465578722, 35.50434640280871]}, "properties": {"OBJECTID": 25216, "SUBTYPE": 2, "PROJECTNUMBER": " ", "INLETSIZE": null, "Location": null, "COMMENT": " "}}, {"type": "Feature", "id": 25217, "geometry": {"type": "Point", "coordinates": [-97.52770705045246, 35.503419996399806]}, "properties": {"OBJECTID": 25217, "SUBTYPE": 2, "PROJECTNUMBER": " ", "INLETSIZE": null, "Location": null, "COMMENT": " "}}, {"type": "Feature", "id": 25218, "geometry": {"type": "Point", "coordinates": [-97.52834451033509, 35.50341869629424]}, "properties": {"OBJECTID": 25218, "SUBTYPE": 2, "PROJECTNUMBER": " ", "INLETSIZE": null, "Location": null, "COMMENT": " "}}, {"type": "Feature", "id": 25219, "geometry": {"type": "Point", "coordinates": [-97.52836525937823, 35.502478651145466]}, "properties": {"OBJECTID": 25219, "SUBTYPE": 2, "PROJECTNUMBER": " ", "INLETSIZE": null, "Location": null, "COMMENT": " "}}, {"type": "Feature", "id": 25220, "geometry": {"type": "Point", "coordinates": [-97.52697458639689, 35.501501483102544]}, "properties": {"OBJECTID": 25220, "SUBTYPE": 2, "PROJECTNUMBER": " ", "INLETSIZE": null, "Location": null, "COMMENT": " "}}, {"type": "Feature", "id": 25221, "geometry": {"type": "Point", "coordinates": [-97.52837252523793, 35.50149566101183]}, "properties": {"OBJECTID": 25221, "SUBTYPE": 2, "PROJECTNUMBER": " ", "INLETSIZE": null, "Location": null, "COMMENT": " "}}, {"type": "Feature", "id": 25222, "geometry": {"type": "Point", "coordinates": [-97.66243698328945, 35.421261902712224]}, "properties": {"OBJECTID": 25222, "SUBTYPE": 1, "PROJECTNUMBER": "DD-0495", "INLETSIZE": null, "Location": "SW 44th, E of Western Heights Ave", "COMMENT": " "}}, {"type": "Feature", "id": 25223, "geometry": {"type": "Point", "coordinates": [-97.66244025094149, 35.42255033333685]}, "properties": {"OBJECTID": 25223, "SUBTYPE": 2, "PROJECTNUMBER": "DD-0495", "INLETSIZE": null, "Location": "SW 44th, E of Western Heights Ave", "COMMENT": " "}}, {"type": "Feature", "id": 25224, "geometry": {"type": "Point", "coordinates": [-97.66243686408357, 35.42273020598488]}, "properties": {"OBJECTID": 25224, "SUBTYPE": 2, "PROJECTNUMBER": "DD-0495", "INLETSIZE": null, "Location": "SW 44th, E of Western Heights Ave", "COMMENT": " "}}, {"type": "Feature", "id": 25225, "geometry": {"type": "Point", "coordinates": [-97.66144794463854, 35.4227316802591]}, "properties": {"OBJECTID": 25225, "SUBTYPE": 2, "PROJECTNUMBER": "DD-0495", "INLETSIZE": null, "Location": "SW 44th, E of Western Heights Ave", "COMMENT": " "}}, {"type": "Feature", "id": 25226, "geometry": {"type": "Point", "coordinates": [-97.66197210591226, 35.422730313622864]}, "properties": {"OBJECTID": 25226, "SUBTYPE": 2, "PROJECTNUMBER": "DD-0495", "INLETSIZE": null, "Location": "SW 44th, E of Western Heights Ave", "COMMENT": " "}}, {"type": "Feature", "id": 25227, "geometry": {"type": "Point", "coordinates": [-97.66197299450867, 35.42231586612174]}, "properties": {"OBJECTID": 25227, "SUBTYPE": 2, "PROJECTNUMBER": "DD-0495", "INLETSIZE": null, "Location": "SW 44th, E of Western Heights Ave", "COMMENT": " "}}, {"type": "Feature", "id": 25228, "geometry": {"type": "Point", "coordinates": [-97.66161010619396, 35.42156173510882]}, "properties": {"OBJECTID": 25228, "SUBTYPE": 2, "PROJECTNUMBER": "DD-0495", "INLETSIZE": null, "Location": "SW 44th, E of Western Heights Ave", "COMMENT": " "}}, {"type": "Feature", "id": 25229, "geometry": {"type": "Point", "coordinates": [-97.66122858093387, 35.4216874732684]}, "properties": {"OBJECTID": 25229, "SUBTYPE": 2, "PROJECTNUMBER": "DD-0495", "INLETSIZE": null, "Location": "SW 44th, E of Western Heights Ave", "COMMENT": " "}}, {"type": "Feature", "id": 25230, "geometry": {"type": "Point", "coordinates": [-97.66064871641177, 35.4223266784407]}, "properties": {"OBJECTID": 25230, "SUBTYPE": 2, "PROJECTNUMBER": "DD-0495", "INLETSIZE": null, "Location": "SW 44th, E of Western Heights Ave", "COMMENT": " "}}, {"type": "Feature", "id": 25231, "geometry": {"type": "Point", "coordinates": [-97.66064988182308, 35.42259964309507]}, "properties": {"OBJECTID": 25231, "SUBTYPE": 2, "PROJECTNUMBER": "DD-0495", "INLETSIZE": null, "Location": "SW 44th, E of Western Heights Ave", "COMMENT": " "}}, {"type": "Feature", "id": 25232, "geometry": {"type": "Point", "coordinates": [-97.66065642195606, 35.42168226039879]}, "properties": {"OBJECTID": 25232, "SUBTYPE": 2, "PROJECTNUMBER": "DD-0495", "INLETSIZE": null, "Location": "SW 44th, E of Western Heights Ave", "COMMENT": " "}}, {"type": "Feature", "id": 25233, "geometry": {"type": "Point", "coordinates": [-97.5717985526798, 35.61780134624543]}, "properties": {"OBJECTID": 25233, "SUBTYPE": 2, "PROJECTNUMBER": " ", "INLETSIZE": null, "Location": null, "COMMENT": " "}}, {"type": "Feature", "id": 25234, "geometry": {"type": "Point", "coordinates": [-97.57170200290427, 35.61780099849452]}, "properties": {"OBJECTID": 25234, "SUBTYPE": 2, "PROJECTNUMBER": "DD-0356", "INLETSIZE": null, "Location": "NE of Quail Springs Pkwy & Hertz Quail Springs Pkwy", "COMMENT": " "}}, {"type": "Feature", "id": 25235, "geometry": {"type": "Point", "coordinates": [-97.57170175608212, 35.617522242825444]}, "properties": {"OBJECTID": 25235, "SUBTYPE": 2, "PROJECTNUMBER": "DD-0356", "INLETSIZE": null, "Location": "NE of Quail Springs Pkwy & Hertz Quail Springs Pkwy", "COMMENT": " "}}, {"type": "Feature", "id": 25236, "geometry": {"type": "Point", "coordinates": [-97.54707524988838, 35.49839078253417]}, "properties": {"OBJECTID": 25236, "SUBTYPE": 2, "PROJECTNUMBER": "39E114", "INLETSIZE": null, "Location": "NW 28th & N Pennsylvania Ave", "COMMENT": null}}, {"type": "Feature", "id": 25237, "geometry": {"type": "Point", "coordinates": [-97.54724319811349, 35.49839025054371]}, "properties": {"OBJECTID": 25237, "SUBTYPE": 2, "PROJECTNUMBER": " ", "INLETSIZE": null, "Location": null, "COMMENT": "Check survey"}}, {"type": "Feature", "id": 25238, "geometry": {"type": "Point", "coordinates": [-97.54244383437157, 35.493149382725086]}, "properties": {"OBJECTID": 25238, "SUBTYPE": 2, "PROJECTNUMBER": " ", "INLETSIZE": null, "Location": null, "COMMENT": " "}}, {"type": "Feature", "id": 25239, "geometry": {"type": "Point", "coordinates": [-97.54564964750597, 35.49373827712604]}, "properties": {"OBJECTID": 25239, "SUBTYPE": 2, "PROJECTNUMBER": " ", "INLETSIZE": null, "Location": null, "COMMENT": " "}}, {"type": "Feature", "id": 25240, "geometry": {"type": "Point", "coordinates": [-97.54558657787992, 35.49316718382345]}, "properties": {"OBJECTID": 25240, "SUBTYPE": 2, "PROJECTNUMBER": " ", "INLETSIZE": null, "Location": null, "COMMENT": " "}}, {"type": "Feature", "id": 25241, "geometry": {"type": "Point", "coordinates": [-97.52988032124425, 35.495332721245]}, "properties": {"OBJECTID": 25241, "SUBTYPE": 2, "PROJECTNUMBER": " ", "INLETSIZE": null, "Location": null, "COMMENT": " "}}, {"type": "Feature", "id": 25242, "geometry": {"type": "Point", "coordinates": [-97.52988220360707, 35.494296153413735]}, "properties": {"OBJECTID": 25242, "SUBTYPE": 2, "PROJECTNUMBER": " ", "INLETSIZE": null, "Location": null, "COMMENT": " "}}, {"type": "Feature", "id": 25244, "geometry": {"type": "Point", "coordinates": [-97.53209646485514, 35.494319914461805]}, "properties": {"OBJECTID": 25244, "SUBTYPE": 2, "PROJECTNUMBER": " ", "INLETSIZE": null, "Location": null, "COMMENT": " "}}, {"type": "Feature", "id": 25245, "geometry": {"type": "Point", "coordinates": [-97.5320923208602, 35.4938838192893]}, "properties": {"OBJECTID": 25245, "SUBTYPE": 2, "PROJECTNUMBER": " ", "INLETSIZE": null, "Location": null, "COMMENT": " "}}, {"type": "Feature", "id": 25247, "geometry": {"type": "Point", "coordinates": [-97.53359538852791, 35.49322217782099]}, "properties": {"OBJECTID": 25247, "SUBTYPE": 2, "PROJECTNUMBER": " ", "INLETSIZE": null, "Location": null, "COMMENT": " "}}, {"type": "Feature", "id": 25248, "geometry": {"type": "Point", "coordinates": [-97.53406053099825, 35.493186793892484]}, "properties": {"OBJECTID": 25248, "SUBTYPE": 2, "PROJECTNUMBER": " ", "INLETSIZE": null, "Location": null, "COMMENT": " "}}, {"type": "Feature", "id": 25249, "geometry": {"type": "Point", "coordinates": [-97.53450364633605, 35.4941917805109]}, "properties": {"OBJECTID": 25249, "SUBTYPE": 2, "PROJECTNUMBER": " ", "INLETSIZE": null, "Location": null, "COMMENT": " "}}, {"type": "Feature", "id": 25250, "geometry": {"type": "Point", "coordinates": [-97.53262534096999, 35.49426994637709]}, "properties": {"OBJECTID": 25250, "SUBTYPE": 2, "PROJECTNUMBER": " ", "INLETSIZE": null, "Location": null, "COMMENT": " "}}, {"type": "Feature", "id": 25251, "geometry": {"type": "Point", "coordinates": [-97.53442234709627, 35.49426842255714]}, "properties": {"OBJECTID": 25251, "SUBTYPE": 2, "PROJECTNUMBER": " ", "INLETSIZE": null, "Location": null, "COMMENT": " "}}, {"type": "Feature", "id": 25252, "geometry": {"type": "Point", "coordinates": [-97.53670959915848, 35.49339391084631]}, "properties": {"OBJECTID": 25252, "SUBTYPE": 2, "PROJECTNUMBER": " ", "INLETSIZE": null, "Location": null, "COMMENT": " "}}, {"type": "Feature", "id": 25253, "geometry": {"type": "Point", "coordinates": [-97.53665027962818, 35.49322805956339]}, "properties": {"OBJECTID": 25253, "SUBTYPE": 2, "PROJECTNUMBER": " ", "INLETSIZE": null, "Location": null, "COMMENT": " "}}, {"type": "Feature", "id": 25254, "geometry": {"type": "Point", "coordinates": [-97.53753987413933, 35.493181792459445]}, "properties": {"OBJECTID": 25254, "SUBTYPE": 2, "PROJECTNUMBER": " ", "INLETSIZE": null, "Location": null, "COMMENT": " "}}, {"type": "Feature", "id": 25258, "geometry": {"type": "Point", "coordinates": [-97.53512577965222, 35.494324353656296]}, "properties": {"OBJECTID": 25258, "SUBTYPE": 2, "PROJECTNUMBER": " ", "INLETSIZE": null, "Location": null, "COMMENT": " "}}, {"type": "Feature", "id": 25260, "geometry": {"type": "Point", "coordinates": [-97.5367762599625, 35.494277780459655]}, "properties": {"OBJECTID": 25260, "SUBTYPE": 2, "PROJECTNUMBER": " ", "INLETSIZE": null, "Location": null, "COMMENT": " "}}, {"type": "Feature", "id": 25261, "geometry": {"type": "Point", "coordinates": [-97.53217531269465, 35.495270039584156]}, "properties": {"OBJECTID": 25261, "SUBTYPE": 2, "PROJECTNUMBER": " ", "INLETSIZE": null, "Location": null, "COMMENT": " "}}, {"type": "Feature", "id": 25263, "geometry": {"type": "Point", "coordinates": [-97.53209470044932, 35.49535259263525]}, "properties": {"OBJECTID": 25263, "SUBTYPE": 2, "PROJECTNUMBER": " ", "INLETSIZE": null, "Location": null, "COMMENT": " "}}, {"type": "Feature", "id": 25264, "geometry": {"type": "Point", "coordinates": [-97.53270000433776, 35.495327832134315]}, "properties": {"OBJECTID": 25264, "SUBTYPE": 2, "PROJECTNUMBER": " ", "INLETSIZE": null, "Location": null, "COMMENT": " "}}, {"type": "Feature", "id": 25265, "geometry": {"type": "Point", "coordinates": [-97.53287808980083, 35.495221143975165]}, "properties": {"OBJECTID": 25265, "SUBTYPE": 2, "PROJECTNUMBER": " ", "INLETSIZE": null, "Location": null, "COMMENT": " "}}, {"type": "Feature", "id": 25267, "geometry": {"type": "Point", "coordinates": [-97.53329673939874, 35.49498612153634]}, "properties": {"OBJECTID": 25267, "SUBTYPE": 2, "PROJECTNUMBER": " ", "INLETSIZE": null, "Location": null, "COMMENT": " "}}, {"type": "Feature", "id": 25268, "geometry": {"type": "Point", "coordinates": [-97.53342564859014, 35.49487996387922]}, "properties": {"OBJECTID": 25268, "SUBTYPE": 2, "PROJECTNUMBER": " ", "INLETSIZE": null, "Location": null, "COMMENT": " "}}, {"type": "Feature", "id": 25269, "geometry": {"type": "Point", "coordinates": [-97.53314640437914, 35.49507174232379]}, "properties": {"OBJECTID": 25269, "SUBTYPE": 2, "PROJECTNUMBER": " ", "INLETSIZE": null, "Location": null, "COMMENT": " "}}, {"type": "Feature", "id": 25270, "geometry": {"type": "Point", "coordinates": [-97.53442847410844, 35.4953142915863]}, "properties": {"OBJECTID": 25270, "SUBTYPE": 2, "PROJECTNUMBER": " ", "INLETSIZE": null, "Location": null, "COMMENT": " "}}, {"type": "Feature", "id": 25271, "geometry": {"type": "Point", "coordinates": [-97.53362976221138, 35.495352378788326]}, "properties": {"OBJECTID": 25271, "SUBTYPE": 2, "PROJECTNUMBER": " ", "INLETSIZE": null, "Location": null, "COMMENT": " "}}, {"type": "Feature", "id": 25272, "geometry": {"type": "Point", "coordinates": [-97.53376235636627, 35.495354060487266]}, "properties": {"OBJECTID": 25272, "SUBTYPE": 2, "PROJECTNUMBER": " ", "INLETSIZE": null, "Location": null, "COMMENT": " "}}, {"type": "Feature", "id": 25273, "geometry": {"type": "Point", "coordinates": [-97.53065176540179, 35.49896988064174]}, "properties": {"OBJECTID": 25273, "SUBTYPE": 2, "PROJECTNUMBER": " ", "INLETSIZE": null, "Location": null, "COMMENT": " "}}, {"type": "Feature", "id": 25274, "geometry": {"type": "Point", "coordinates": [-97.5321074958271, 35.49897684890049]}, "properties": {"OBJECTID": 25274, "SUBTYPE": 2, "PROJECTNUMBER": " ", "INLETSIZE": null, "Location": null, "COMMENT": " "}}, {"type": "Feature", "id": 25275, "geometry": {"type": "Point", "coordinates": [-97.53208868250593, 35.499504864597895]}, "properties": {"OBJECTID": 25275, "SUBTYPE": 2, "PROJECTNUMBER": " ", "INLETSIZE": null, "Location": null, "COMMENT": " "}}, {"type": "Feature", "id": 25276, "geometry": {"type": "Point", "coordinates": [-97.53208954267059, 35.49846537602647]}, "properties": {"OBJECTID": 25276, "SUBTYPE": 2, "PROJECTNUMBER": " ", "INLETSIZE": null, "Location": null, "COMMENT": " "}}, {"type": "Feature", "id": 25277, "geometry": {"type": "Point", "coordinates": [-97.53209214937797, 35.497405933111935]}, "properties": {"OBJECTID": 25277, "SUBTYPE": 2, "PROJECTNUMBER": " ", "INLETSIZE": null, "Location": null, "COMMENT": " "}}, {"type": "Feature", "id": 25278, "geometry": {"type": "Point", "coordinates": [-97.53209357662047, 35.49634968973902]}, "properties": {"OBJECTID": 25278, "SUBTYPE": 2, "PROJECTNUMBER": " ", "INLETSIZE": null, "Location": null, "COMMENT": " "}}, {"type": "Feature", "id": 25279, "geometry": {"type": "Point", "coordinates": [-97.53429576292184, 35.4995788604498]}, "properties": {"OBJECTID": 25279, "SUBTYPE": 2, "PROJECTNUMBER": " ", "INLETSIZE": null, "Location": null, "COMMENT": " "}}, {"type": "Feature", "id": 25280, "geometry": {"type": "Point", "coordinates": [-97.53440479417647, 35.49950555840245]}, "properties": {"OBJECTID": 25280, "SUBTYPE": 2, "PROJECTNUMBER": " ", "INLETSIZE": null, "Location": null, "COMMENT": "Check survey"}}, {"type": "Feature", "id": 25281, "geometry": {"type": "Point", "coordinates": [-97.53429533568412, 35.49854141199068]}, "properties": {"OBJECTID": 25281, "SUBTYPE": 2, "PROJECTNUMBER": " ", "INLETSIZE": null, "Location": null, "COMMENT": " "}}, {"type": "Feature", "id": 25282, "geometry": {"type": "Point", "coordinates": [-97.53439532718386, 35.498476865856276]}, "properties": {"OBJECTID": 25282, "SUBTYPE": 2, "PROJECTNUMBER": " ", "INLETSIZE": null, "Location": null, "COMMENT": "Check survey"}}, {"type": "Feature", "id": 25283, "geometry": {"type": "Point", "coordinates": [-97.53429276031342, 35.49749871403876]}, "properties": {"OBJECTID": 25283, "SUBTYPE": 2, "PROJECTNUMBER": " ", "INLETSIZE": null, "Location": null, "COMMENT": " "}}, {"type": "Feature", "id": 25284, "geometry": {"type": "Point", "coordinates": [-97.5344135495657, 35.49742712103602]}, "properties": {"OBJECTID": 25284, "SUBTYPE": 2, "PROJECTNUMBER": " ", "INLETSIZE": null, "Location": null, "COMMENT": " "}}, {"type": "Feature", "id": 25285, "geometry": {"type": "Point", "coordinates": [-97.53676422156565, 35.499496319250156]}, "properties": {"OBJECTID": 25285, "SUBTYPE": 2, "PROJECTNUMBER": " ", "INLETSIZE": null, "Location": null, "COMMENT": " "}}, {"type": "Feature", "id": 25286, "geometry": {"type": "Point", "coordinates": [-97.53878380742749, 35.49949140613083]}, "properties": {"OBJECTID": 25286, "SUBTYPE": 2, "PROJECTNUMBER": " ", "INLETSIZE": null, "Location": null, "COMMENT": " "}}, {"type": "Feature", "id": 25287, "geometry": {"type": "Point", "coordinates": [-97.53878739175697, 35.498462693655625]}, "properties": {"OBJECTID": 25287, "SUBTYPE": 2, "PROJECTNUMBER": " ", "INLETSIZE": null, "Location": null, "COMMENT": " "}}, {"type": "Feature", "id": 25288, "geometry": {"type": "Point", "coordinates": [-97.53682317315496, 35.49850753257112]}, "properties": {"OBJECTID": 25288, "SUBTYPE": 2, "PROJECTNUMBER": " ", "INLETSIZE": null, "Location": null, "COMMENT": " "}}, {"type": "Feature", "id": 25289, "geometry": {"type": "Point", "coordinates": [-97.53682674737766, 35.49841969515196]}, "properties": {"OBJECTID": 25289, "SUBTYPE": 2, "PROJECTNUMBER": " ", "INLETSIZE": null, "Location": null, "COMMENT": " "}}, {"type": "Feature", "id": 25290, "geometry": {"type": "Point", "coordinates": [-97.53671153474887, 35.49841363677186]}, "properties": {"OBJECTID": 25290, "SUBTYPE": 2, "PROJECTNUMBER": " ", "INLETSIZE": null, "Location": null, "COMMENT": " "}}, {"type": "Feature", "id": 25291, "geometry": {"type": "Point", "coordinates": [-97.53675993214621, 35.49845130380197]}, "properties": {"OBJECTID": 25291, "SUBTYPE": 2, "PROJECTNUMBER": " ", "INLETSIZE": null, "Location": null, "COMMENT": " "}}, {"type": "Feature", "id": 25292, "geometry": {"type": "Point", "coordinates": [-97.5367586605364, 35.49741686078996]}, "properties": {"OBJECTID": 25292, "SUBTYPE": 2, "PROJECTNUMBER": " ", "INLETSIZE": null, "Location": null, "COMMENT": " "}}, {"type": "Feature", "id": 25293, "geometry": {"type": "Point", "coordinates": [-97.53879055214087, 35.497422326565996]}, "properties": {"OBJECTID": 25293, "SUBTYPE": 2, "PROJECTNUMBER": " ", "INLETSIZE": null, "Location": null, "COMMENT": " "}}, {"type": "Feature", "id": 25294, "geometry": {"type": "Point", "coordinates": [-97.5342460703652, 35.496364854243474]}, "properties": {"OBJECTID": 25294, "SUBTYPE": 2, "PROJECTNUMBER": " ", "INLETSIZE": null, "Location": null, "COMMENT": " "}}, {"type": "Feature", "id": 25295, "geometry": {"type": "Point", "coordinates": [-97.53441209444246, 35.49635852123963]}, "properties": {"OBJECTID": 25295, "SUBTYPE": 2, "PROJECTNUMBER": " ", "INLETSIZE": null, "Location": null, "COMMENT": " "}}, {"type": "Feature", "id": 25296, "geometry": {"type": "Point", "coordinates": [-97.53676827181944, 35.496356460260166]}, "properties": {"OBJECTID": 25296, "SUBTYPE": 2, "PROJECTNUMBER": "DD-0492", "INLETSIZE": "5' DIA", "Location": "N McKinley Ave & NW 26th", "COMMENT": " "}}, {"type": "Feature", "id": 25298, "geometry": {"type": "Point", "coordinates": [-97.54380779457351, 35.50178499705504]}, "properties": {"OBJECTID": 25298, "SUBTYPE": 2, "PROJECTNUMBER": "26E89", "INLETSIZE": "4", "Location": "NW 31st & N Kentucky Ave", "COMMENT": "Check survey"}}, {"type": "Feature", "id": 25300, "geometry": {"type": "Point", "coordinates": [-97.54406607588024, 35.50164697422978]}, "properties": {"OBJECTID": 25300, "SUBTYPE": 2, "PROJECTNUMBER": "28E82", "INLETSIZE": "5'", "Location": "NW 31st & N Kentucky Ave", "COMMENT": null}}, {"type": "Feature", "id": 25301, "geometry": {"type": "Point", "coordinates": [-97.5436621234048, 35.50143289846924]}, "properties": {"OBJECTID": 25301, "SUBTYPE": 2, "PROJECTNUMBER": "28E82", "INLETSIZE": "5' DIA", "Location": "NW 31st & N Kentucky Ave", "COMMENT": null}}, {"type": "Feature", "id": 25302, "geometry": {"type": "Point", "coordinates": [-97.54379409004818, 35.50154998704936]}, "properties": {"OBJECTID": 25302, "SUBTYPE": 1, "PROJECTNUMBER": "28E82", "INLETSIZE": null, "Location": "NW 31st & N Kentucky Ave", "COMMENT": null}}, {"type": "Feature", "id": 25304, "geometry": {"type": "Point", "coordinates": [-97.5422014667674, 35.50051713037099]}, "properties": {"OBJECTID": 25304, "SUBTYPE": 2, "PROJECTNUMBER": " ", "INLETSIZE": null, "Location": null, "COMMENT": " "}}, {"type": "Feature", "id": 25305, "geometry": {"type": "Point", "coordinates": [-97.5391029074874, 35.507804335263614]}, "properties": {"OBJECTID": 25305, "SUBTYPE": 2, "PROJECTNUMBER": " ", "INLETSIZE": null, "Location": null, "COMMENT": " "}}, {"type": "Feature", "id": 25308, "geometry": {"type": "Point", "coordinates": [-97.5446127782194, 35.50529229084011]}, "properties": {"OBJECTID": 25308, "SUBTYPE": 2, "PROJECTNUMBER": "15E113", "INLETSIZE": null, "Location": "NW 34th & N Kentucky Ave", "COMMENT": " "}}, {"type": "Feature", "id": 25309, "geometry": {"type": "Point", "coordinates": [-97.54460295162453, 35.5051497212711]}, "properties": {"OBJECTID": 25309, "SUBTYPE": 2, "PROJECTNUMBER": "15E113", "INLETSIZE": null, "Location": "NW 34th & N Kentucky Ave", "COMMENT": " "}}, {"type": "Feature", "id": 25310, "geometry": {"type": "Point", "coordinates": [-97.54370036926774, 35.5051571329315]}, "properties": {"OBJECTID": 25310, "SUBTYPE": 2, "PROJECTNUMBER": "15E113", "INLETSIZE": null, "Location": "NW 34th & N Kentucky Ave", "COMMENT": " "}}, {"type": "Feature", "id": 25311, "geometry": {"type": "Point", "coordinates": [-97.5437033955012, 35.50422924658297]}, "properties": {"OBJECTID": 25311, "SUBTYPE": 2, "PROJECTNUMBER": "15E113", "INLETSIZE": null, "Location": "NW 34th & N Kentucky Ave", "COMMENT": " "}}, {"type": "Feature", "id": 25312, "geometry": {"type": "Point", "coordinates": [-97.54496192126791, 35.506542490248975]}, "properties": {"OBJECTID": 25312, "SUBTYPE": 2, "PROJECTNUMBER": "8E112", "INLETSIZE": "4'", "Location": "NW 35th & N Virginia Ave", "COMMENT": null}}, {"type": "Feature", "id": 25313, "geometry": {"type": "Point", "coordinates": [-97.52988323619101, 35.50150772739711]}, "properties": {"OBJECTID": 25313, "SUBTYPE": 2, "PROJECTNUMBER": " ", "INLETSIZE": null, "Location": null, "COMMENT": " "}}, {"type": "Feature", "id": 25314, "geometry": {"type": "Point", "coordinates": [-97.52989064360956, 35.50054398978009]}, "properties": {"OBJECTID": 25314, "SUBTYPE": 2, "PROJECTNUMBER": " ", "INLETSIZE": null, "Location": null, "COMMENT": " "}}, {"type": "Feature", "id": 25315, "geometry": {"type": "Point", "coordinates": [-97.53108559168024, 35.50054666580592]}, "properties": {"OBJECTID": 25315, "SUBTYPE": 2, "PROJECTNUMBER": " ", "INLETSIZE": null, "Location": null, "COMMENT": " "}}, {"type": "Feature", "id": 25316, "geometry": {"type": "Point", "coordinates": [-97.5321216328607, 35.50054287221365]}, "properties": {"OBJECTID": 25316, "SUBTYPE": 2, "PROJECTNUMBER": " ", "INLETSIZE": null, "Location": null, "COMMENT": " "}}, {"type": "Feature", "id": 25317, "geometry": {"type": "Point", "coordinates": [-97.52986265797242, 35.50173501530587]}, "properties": {"OBJECTID": 25317, "SUBTYPE": 2, "PROJECTNUMBER": " ", "INLETSIZE": null, "Location": null, "COMMENT": " "}}, {"type": "Feature", "id": 25318, "geometry": {"type": "Point", "coordinates": [-97.53091393433712, 35.50173675805107]}, "properties": {"OBJECTID": 25318, "SUBTYPE": 2, "PROJECTNUMBER": " ", "INLETSIZE": null, "Location": null, "COMMENT": " "}}, {"type": "Feature", "id": 25319, "geometry": {"type": "Point", "coordinates": [-97.53107069200198, 35.50173315737325]}, "properties": {"OBJECTID": 25319, "SUBTYPE": 2, "PROJECTNUMBER": " ", "INLETSIZE": null, "Location": null, "COMMENT": " "}}, {"type": "Feature", "id": 25320, "geometry": {"type": "Point", "coordinates": [-97.5321071235921, 35.50173157809956]}, "properties": {"OBJECTID": 25320, "SUBTYPE": 2, "PROJECTNUMBER": " ", "INLETSIZE": null, "Location": null, "COMMENT": " "}}, {"type": "Feature", "id": 25321, "geometry": {"type": "Point", "coordinates": [-97.53324221672115, 35.50410055097184]}, "properties": {"OBJECTID": 25321, "SUBTYPE": 2, "PROJECTNUMBER": "11E113", "INLETSIZE": null, "Location": "NW 33rd & N Military Ave", "COMMENT": " "}}, {"type": "Feature", "id": 25322, "geometry": {"type": "Point", "coordinates": [-97.53430195629971, 35.503025269879856]}, "properties": {"OBJECTID": 25322, "SUBTYPE": 2, "PROJECTNUMBER": " ", "INLETSIZE": null, "Location": null, "COMMENT": " "}}, {"type": "Feature", "id": 25323, "geometry": {"type": "Point", "coordinates": [-97.53441003252763, 35.502939140244614]}, "properties": {"OBJECTID": 25323, "SUBTYPE": 2, "PROJECTNUMBER": " ", "INLETSIZE": null, "Location": null, "COMMENT": "Check survey"}}, {"type": "Feature", "id": 25324, "geometry": {"type": "Point", "coordinates": [-97.5344079515604, 35.50172671968464]}, "properties": {"OBJECTID": 25324, "SUBTYPE": 2, "PROJECTNUMBER": " ", "INLETSIZE": null, "Location": null, "COMMENT": "Check survey"}}, {"type": "Feature", "id": 25325, "geometry": {"type": "Point", "coordinates": [-97.53430038478142, 35.501808017591785]}, "properties": {"OBJECTID": 25325, "SUBTYPE": 2, "PROJECTNUMBER": " ", "INLETSIZE": null, "Location": null, "COMMENT": " "}}, {"type": "Feature", "id": 25326, "geometry": {"type": "Point", "coordinates": [-97.53441157044533, 35.5005138564536]}, "properties": {"OBJECTID": 25326, "SUBTYPE": 2, "PROJECTNUMBER": " ", "INLETSIZE": null, "Location": null, "COMMENT": "Check survey"}}, {"type": "Feature", "id": 25327, "geometry": {"type": "Point", "coordinates": [-97.53429708192286, 35.50061497941088]}, "properties": {"OBJECTID": 25327, "SUBTYPE": 2, "PROJECTNUMBER": " ", "INLETSIZE": null, "Location": null, "COMMENT": " "}}, {"type": "Feature", "id": 25329, "geometry": {"type": "Point", "coordinates": [-97.53676992865452, 35.50173535137581]}, "properties": {"OBJECTID": 25329, "SUBTYPE": 2, "PROJECTNUMBER": " ", "INLETSIZE": null, "Location": null, "COMMENT": " "}}, {"type": "Feature", "id": 25330, "geometry": {"type": "Point", "coordinates": [-97.53676661304684, 35.500524160122126]}, "properties": {"OBJECTID": 25330, "SUBTYPE": 2, "PROJECTNUMBER": " ", "INLETSIZE": null, "Location": null, "COMMENT": " "}}, {"type": "Feature", "id": 25331, "geometry": {"type": "Point", "coordinates": [-97.53676901722815, 35.50293277493412]}, "properties": {"OBJECTID": 25331, "SUBTYPE": 2, "PROJECTNUMBER": " ", "INLETSIZE": null, "Location": null, "COMMENT": " "}}, {"type": "Feature", "id": 25332, "geometry": {"type": "Point", "coordinates": [-97.53876467717218, 35.50293438404581]}, "properties": {"OBJECTID": 25332, "SUBTYPE": 2, "PROJECTNUMBER": " ", "INLETSIZE": null, "Location": null, "COMMENT": " "}}, {"type": "Feature", "id": 25333, "geometry": {"type": "Point", "coordinates": [-97.53190002701281, 35.506062043796376]}, "properties": {"OBJECTID": 25333, "SUBTYPE": 2, "PROJECTNUMBER": " ", "INLETSIZE": null, "Location": null, "COMMENT": " "}}, {"type": "Feature", "id": 25334, "geometry": {"type": "Point", "coordinates": [-97.53201446920563, 35.50695752008213]}, "properties": {"OBJECTID": 25334, "SUBTYPE": 2, "PROJECTNUMBER": " ", "INLETSIZE": null, "Location": null, "COMMENT": " "}}, {"type": "Feature", "id": 25335, "geometry": {"type": "Point", "coordinates": [-97.53280010178486, 35.506891048367144]}, "properties": {"OBJECTID": 25335, "SUBTYPE": 2, "PROJECTNUMBER": " ", "INLETSIZE": null, "Location": null, "COMMENT": " "}}, {"type": "Feature", "id": 25336, "geometry": {"type": "Point", "coordinates": [-97.52984655404039, 35.505301930930855]}, "properties": {"OBJECTID": 25336, "SUBTYPE": 2, "PROJECTNUMBER": " ", "INLETSIZE": null, "Location": null, "COMMENT": " "}}, {"type": "Feature", "id": 25337, "geometry": {"type": "Point", "coordinates": [-97.53447877087991, 35.50661723677798]}, "properties": {"OBJECTID": 25337, "SUBTYPE": 2, "PROJECTNUMBER": " ", "INLETSIZE": null, "Location": null, "COMMENT": " "}}, {"type": "Feature", "id": 25338, "geometry": {"type": "Point", "coordinates": [-97.53660385799898, 35.506607582092784]}, "properties": {"OBJECTID": 25338, "SUBTYPE": 2, "PROJECTNUMBER": " ", "INLETSIZE": null, "Location": null, "COMMENT": " "}}, {"type": "Feature", "id": 25339, "geometry": {"type": "Point", "coordinates": [-97.53557985159144, 35.50776795665992]}, "properties": {"OBJECTID": 25339, "SUBTYPE": 2, "PROJECTNUMBER": " ", "INLETSIZE": null, "Location": null, "COMMENT": " "}}, {"type": "Feature", "id": 25340, "geometry": {"type": "Point", "coordinates": [-97.5366334000026, 35.50776348788311]}, "properties": {"OBJECTID": 25340, "SUBTYPE": 2, "PROJECTNUMBER": " ", "INLETSIZE": null, "Location": null, "COMMENT": " "}}, {"type": "Feature", "id": 25341, "geometry": {"type": "Point", "coordinates": [-97.53434427324326, 35.5076443619269]}, "properties": {"OBJECTID": 25341, "SUBTYPE": 2, "PROJECTNUMBER": " ", "INLETSIZE": null, "Location": null, "COMMENT": " "}}, {"type": "Feature", "id": 25342, "geometry": {"type": "Point", "coordinates": [-97.53428466918696, 35.50676788904559]}, "properties": {"OBJECTID": 25342, "SUBTYPE": 2, "PROJECTNUMBER": " ", "INLETSIZE": null, "Location": null, "COMMENT": " "}}, {"type": "Feature", "id": 25343, "geometry": {"type": "Point", "coordinates": [-97.53428668368106, 35.5064244976693]}, "properties": {"OBJECTID": 25343, "SUBTYPE": 2, "PROJECTNUMBER": " ", "INLETSIZE": null, "Location": null, "COMMENT": " "}}, {"type": "Feature", "id": 25344, "geometry": {"type": "Point", "coordinates": [-97.53443198891306, 35.50647749480792]}, "properties": {"OBJECTID": 25344, "SUBTYPE": 2, "PROJECTNUMBER": " ", "INLETSIZE": null, "Location": null, "COMMENT": " "}}, {"type": "Feature", "id": 25345, "geometry": {"type": "Point", "coordinates": [-97.53446009117978, 35.50778478833416]}, "properties": {"OBJECTID": 25345, "SUBTYPE": 2, "PROJECTNUMBER": " ", "INLETSIZE": null, "Location": null, "COMMENT": " "}}, {"type": "Feature", "id": 25346, "geometry": {"type": "Point", "coordinates": [-97.53443183299534, 35.50630541555995]}, "properties": {"OBJECTID": 25346, "SUBTYPE": 2, "PROJECTNUMBER": " ", "INLETSIZE": null, "Location": null, "COMMENT": " "}}, {"type": "Feature", "id": 25347, "geometry": {"type": "Point", "coordinates": [-97.5351466648399, 35.505266174518766]}, "properties": {"OBJECTID": 25347, "SUBTYPE": 2, "PROJECTNUMBER": " ", "INLETSIZE": null, "Location": null, "COMMENT": " "}}, {"type": "Feature", "id": 25348, "geometry": {"type": "Point", "coordinates": [-97.53677011899799, 35.50524197600852]}, "properties": {"OBJECTID": 25348, "SUBTYPE": 2, "PROJECTNUMBER": " ", "INLETSIZE": null, "Location": null, "COMMENT": " "}}, {"type": "Feature", "id": 25349, "geometry": {"type": "Point", "coordinates": [-97.53677895942901, 35.50414701963554]}, "properties": {"OBJECTID": 25349, "SUBTYPE": 2, "PROJECTNUMBER": " ", "INLETSIZE": null, "Location": null, "COMMENT": " "}}, {"type": "Feature", "id": 25350, "geometry": {"type": "Point", "coordinates": [-97.53429087377256, 35.505710243691304]}, "properties": {"OBJECTID": 25350, "SUBTYPE": 2, "PROJECTNUMBER": " ", "INLETSIZE": null, "Location": null, "COMMENT": " "}}, {"type": "Feature", "id": 25351, "geometry": {"type": "Point", "coordinates": [-97.534291921281, 35.505531680650115]}, "properties": {"OBJECTID": 25351, "SUBTYPE": 2, "PROJECTNUMBER": " ", "INLETSIZE": null, "Location": null, "COMMENT": " "}}, {"type": "Feature", "id": 25352, "geometry": {"type": "Point", "coordinates": [-97.5344823710693, 35.5052513978645]}, "properties": {"OBJECTID": 25352, "SUBTYPE": 2, "PROJECTNUMBER": " ", "INLETSIZE": null, "Location": null, "COMMENT": " "}}, {"type": "Feature", "id": 25353, "geometry": {"type": "Point", "coordinates": [-97.5343055445692, 35.5051732631487]}, "properties": {"OBJECTID": 25353, "SUBTYPE": 2, "PROJECTNUMBER": " ", "INLETSIZE": null, "Location": null, "COMMENT": " "}}, {"type": "Feature", "id": 25354, "geometry": {"type": "Point", "coordinates": [-97.5344381161307, 35.50523403549726]}, "properties": {"OBJECTID": 25354, "SUBTYPE": 2, "PROJECTNUMBER": " ", "INLETSIZE": null, "Location": null, "COMMENT": "Check survey"}}, {"type": "Feature", "id": 25355, "geometry": {"type": "Point", "coordinates": [-97.53430647148362, 35.50422193076531]}, "properties": {"OBJECTID": 25355, "SUBTYPE": 2, "PROJECTNUMBER": " ", "INLETSIZE": null, "Location": null, "COMMENT": " "}}, {"type": "Feature", "id": 25356, "geometry": {"type": "Point", "coordinates": [-97.5344391926721, 35.50414978330719]}, "properties": {"OBJECTID": 25356, "SUBTYPE": 2, "PROJECTNUMBER": " ", "INLETSIZE": null, "Location": null, "COMMENT": "Check survey"}}, {"type": "Feature", "id": 25357, "geometry": {"type": "Point", "coordinates": [-97.53106991248629, 35.5052626417559]}, "properties": {"OBJECTID": 25357, "SUBTYPE": 2, "PROJECTNUMBER": " ", "INLETSIZE": null, "Location": null, "COMMENT": " "}}, {"type": "Feature", "id": 25358, "geometry": {"type": "Point", "coordinates": [-97.53115871117598, 35.50414928830609]}, "properties": {"OBJECTID": 25358, "SUBTYPE": 2, "PROJECTNUMBER": " ", "INLETSIZE": null, "Location": null, "COMMENT": " "}}, {"type": "Feature", "id": 25359, "geometry": {"type": "Point", "coordinates": [-97.53211656606157, 35.50414885412652]}, "properties": {"OBJECTID": 25359, "SUBTYPE": 2, "PROJECTNUMBER": " ", "INLETSIZE": null, "Location": null, "COMMENT": " "}}, {"type": "Feature", "id": 25360, "geometry": {"type": "Point", "coordinates": [-97.53212888126113, 35.505261677482956]}, "properties": {"OBJECTID": 25360, "SUBTYPE": 2, "PROJECTNUMBER": " ", "INLETSIZE": null, "Location": null, "COMMENT": " "}}, {"type": "Feature", "id": 25361, "geometry": {"type": "Point", "coordinates": [-97.53203735334817, 35.507763852092]}, "properties": {"OBJECTID": 25361, "SUBTYPE": 2, "PROJECTNUMBER": " ", "INLETSIZE": null, "Location": null, "COMMENT": " "}}, {"type": "Feature", "id": 25362, "geometry": {"type": "Point", "coordinates": [-97.53212870129882, 35.50777144237573]}, "properties": {"OBJECTID": 25362, "SUBTYPE": 2, "PROJECTNUMBER": " ", "INLETSIZE": null, "Location": null, "COMMENT": " "}}, {"type": "Feature", "id": 25363, "geometry": {"type": "Point", "coordinates": [-97.51390983723272, 35.32389683985557]}, "properties": {"OBJECTID": 25363, "SUBTYPE": 1, "PROJECTNUMBER": "PD-0050", "INLETSIZE": null, "Location": "NW of SW 149th & S Santa Fe Ave", "COMMENT": " "}}, {"type": "Feature", "id": 25364, "geometry": {"type": "Point", "coordinates": [-97.51431254012371, 35.32396307868402]}, "properties": {"OBJECTID": 25364, "SUBTYPE": 1, "PROJECTNUMBER": "PD-0050", "INLETSIZE": null, "Location": "NW of SW 149th & S Santa Fe Ave", "COMMENT": " "}}, {"type": "Feature", "id": 25365, "geometry": {"type": "Point", "coordinates": [-97.5147241262888, 35.32411280379802]}, "properties": {"OBJECTID": 25365, "SUBTYPE": 1, "PROJECTNUMBER": "PD-0050", "INLETSIZE": null, "Location": "NW of SW 149th & S Santa Fe Ave", "COMMENT": " "}}, {"type": "Feature", "id": 25366, "geometry": {"type": "Point", "coordinates": [-97.51551647464348, 35.321514958194804]}, "properties": {"OBJECTID": 25366, "SUBTYPE": 2, "PROJECTNUMBER": "PD-0050", "INLETSIZE": null, "Location": "NW of SW 149th & Santa Fe Ave", "COMMENT": " "}}, {"type": "Feature", "id": 25367, "geometry": {"type": "Point", "coordinates": [-97.51622358230875, 35.429292252962234]}, "properties": {"OBJECTID": 25367, "SUBTYPE": 2, "PROJECTNUMBER": " ", "INLETSIZE": null, "Location": null, "COMMENT": " "}}, {"type": "Feature", "id": 25369, "geometry": {"type": "Point", "coordinates": [-97.51427283274215, 35.4372946951075]}, "properties": {"OBJECTID": 25369, "SUBTYPE": 2, "PROJECTNUMBER": " ", "INLETSIZE": null, "Location": null, "COMMENT": " "}}, {"type": "Feature", "id": 25370, "geometry": {"type": "Point", "coordinates": [-97.51617212842534, 35.43729530195974]}, "properties": {"OBJECTID": 25370, "SUBTYPE": 2, "PROJECTNUMBER": " ", "INLETSIZE": null, "Location": null, "COMMENT": " "}}, {"type": "Feature", "id": 25371, "geometry": {"type": "Point", "coordinates": [-97.542998622052, 35.47479539457013]}, "properties": {"OBJECTID": 25371, "SUBTYPE": 2, "PROJECTNUMBER": "6E80", "INLETSIZE": "4", "Location": "Linwood Blvd.", "COMMENT": " "}}, {"type": "Feature", "id": 25372, "geometry": {"type": "Point", "coordinates": [-97.54259266315123, 35.47479740800968]}, "properties": {"OBJECTID": 25372, "SUBTYPE": 2, "PROJECTNUMBER": "6E80", "INLETSIZE": "4", "Location": "Linwood Blvd.", "COMMENT": " "}}, {"type": "Feature", "id": 25373, "geometry": {"type": "Point", "coordinates": [-97.54206115049529, 35.47479893568854]}, "properties": {"OBJECTID": 25373, "SUBTYPE": 2, "PROJECTNUMBER": "6E80", "INLETSIZE": "4", "Location": "Linwood from the west curb line of Indiana Ave. to 300 ft west of Kentucky Ave.", "COMMENT": " "}}, {"type": "Feature", "id": 25374, "geometry": {"type": "Point", "coordinates": [-97.56934724552764, 35.49404334242275]}, "properties": {"OBJECTID": 25374, "SUBTYPE": 2, "PROJECTNUMBER": "7E80", "INLETSIZE": "4", "Location": "24th St.", "COMMENT": null}}, {"type": "Feature", "id": 25375, "geometry": {"type": "Point", "coordinates": [-97.52279176803175, 35.511627087803205]}, "properties": {"OBJECTID": 25375, "SUBTYPE": 2, "PROJECTNUMBER": "4E80", "INLETSIZE": "4'", "Location": "NW 39th, E of N Shartel Ave", "COMMENT": null}}, {"type": "Feature", "id": 25376, "geometry": {"type": "Point", "coordinates": [-97.52304711661573, 35.511628113753076]}, "properties": {"OBJECTID": 25376, "SUBTYPE": 2, "PROJECTNUMBER": "4E80", "INLETSIZE": "4", "Location": null, "COMMENT": "Existing"}}, {"type": "Feature", "id": 25378, "geometry": {"type": "Point", "coordinates": [-97.53165287279103, 35.35062470222517]}, "properties": {"OBJECTID": 25378, "SUBTYPE": 2, "PROJECTNUMBER": "DD-0100", "INLETSIZE": "5' DIA", "Location": "NW of SW 119th & S Western Ave", "COMMENT": " "}}, {"type": "Feature", "id": 25379, "geometry": {"type": "Point", "coordinates": [-97.53187828435092, 35.35047712081894]}, "properties": {"OBJECTID": 25379, "SUBTYPE": 2, "PROJECTNUMBER": "DD-0100", "INLETSIZE": "5' DIA", "Location": "NW of SW 119th & S Western Ave", "COMMENT": " "}}, {"type": "Feature", "id": 25380, "geometry": {"type": "Point", "coordinates": [-97.5316511345722, 35.35153777104412]}, "properties": {"OBJECTID": 25380, "SUBTYPE": 2, "PROJECTNUMBER": "DD-0100", "INLETSIZE": "5' DIA", "Location": "NW of SW 119th & S Western Ave", "COMMENT": " "}}, {"type": "Feature", "id": 25381, "geometry": {"type": "Point", "coordinates": [-97.6031448792335, 35.452938228591655]}, "properties": {"OBJECTID": 25381, "SUBTYPE": 2, "PROJECTNUMBER": "17E608", "INLETSIZE": null, "Location": "Enterprise Ave & Enterprise Dr", "COMMENT": " "}}, {"type": "Feature", "id": 25382, "geometry": {"type": "Point", "coordinates": [-97.4681334018498, 35.47850117503907]}, "properties": {"OBJECTID": 25382, "SUBTYPE": 2, "PROJECTNUMBER": " ", "INLETSIZE": null, "Location": null, "COMMENT": "Check survey"}}, {"type": "Feature", "id": 25383, "geometry": {"type": "Point", "coordinates": [-97.46970981515949, 35.47848729481165]}, "properties": {"OBJECTID": 25383, "SUBTYPE": 2, "PROJECTNUMBER": "3E114", "INLETSIZE": null, "Location": "NE 10th & Windemere Ave", "COMMENT": " "}}, {"type": "Feature", "id": 25384, "geometry": {"type": "Point", "coordinates": [-97.47146893614743, 35.47854182998128]}, "properties": {"OBJECTID": 25384, "SUBTYPE": 2, "PROJECTNUMBER": " ", "INLETSIZE": null, "Location": null, "COMMENT": null}}, {"type": "Feature", "id": 25385, "geometry": {"type": "Point", "coordinates": [-97.4729839182162, 35.478501563207445]}, "properties": {"OBJECTID": 25385, "SUBTYPE": 2, "PROJECTNUMBER": "3E114", "INLETSIZE": null, "Location": "NE 10th, E of N MLK Ave", "COMMENT": " "}}, {"type": "Feature", "id": 25386, "geometry": {"type": "Point", "coordinates": [-97.47505582657821, 35.478404387611434]}, "properties": {"OBJECTID": 25386, "SUBTYPE": 2, "PROJECTNUMBER": " ", "INLETSIZE": null, "Location": null, "COMMENT": null}}, {"type": "Feature", "id": 25387, "geometry": {"type": "Point", "coordinates": [-97.45613446085174, 35.48220690257925]}, "properties": {"OBJECTID": 25387, "SUBTYPE": 2, "PROJECTNUMBER": "3E113", "INLETSIZE": null, "Location": "NE 13th & Standish Ave", "COMMENT": " "}}, {"type": "Feature", "id": 25388, "geometry": {"type": "Point", "coordinates": [-97.45332855819221, 35.482292516201284]}, "properties": {"OBJECTID": 25388, "SUBTYPE": 1, "PROJECTNUMBER": "22E107", "INLETSIZE": null, "Location": "Garden Oaks Addition", "COMMENT": " "}}, {"type": "Feature", "id": 25389, "geometry": {"type": "Point", "coordinates": [-97.45333199925075, 35.48271946242873]}, "properties": {"OBJECTID": 25389, "SUBTYPE": 1, "PROJECTNUMBER": "22E107", "INLETSIZE": null, "Location": "NE 13th & Washington Blvd", "COMMENT": " "}}, {"type": "Feature", "id": 25390, "geometry": {"type": "Point", "coordinates": [-97.45311090935556, 35.48344884586095]}, "properties": {"OBJECTID": 25390, "SUBTYPE": 1, "PROJECTNUMBER": "22E107", "INLETSIZE": null, "Location": "NE 14th & Washington Blvd", "COMMENT": " "}}, {"type": "Feature", "id": 25391, "geometry": {"type": "Point", "coordinates": [-97.45274275455598, 35.4842039017142]}, "properties": {"OBJECTID": 25391, "SUBTYPE": 1, "PROJECTNUMBER": "22E107", "INLETSIZE": null, "Location": "NE 14th Pl & Washington Blvd", "COMMENT": " "}}, {"type": "Feature", "id": 25392, "geometry": {"type": "Point", "coordinates": [-97.45302987394119, 35.48589191473881]}, "properties": {"OBJECTID": 25392, "SUBTYPE": 1, "PROJECTNUMBER": "3E203", "INLETSIZE": null, "Location": "Washington Blvd, N of NE 16th", "COMMENT": " "}}, {"type": "Feature", "id": 25393, "geometry": {"type": "Point", "coordinates": [-97.45307986596995, 35.485956332875354]}, "properties": {"OBJECTID": 25393, "SUBTYPE": 2, "PROJECTNUMBER": "3E203", "INLETSIZE": null, "Location": "Washington Blvd, N of NE 16th", "COMMENT": " "}}, {"type": "Feature", "id": 25394, "geometry": {"type": "Point", "coordinates": [-97.45412708252115, 35.48735445889778]}, "properties": {"OBJECTID": 25394, "SUBTYPE": 1, "PROJECTNUMBER": "3E203", "INLETSIZE": null, "Location": "Washington Blvd, N of NE 16th", "COMMENT": " "}}, {"type": "Feature", "id": 25395, "geometry": {"type": "Point", "coordinates": [-97.45451209071919, 35.488413342569494]}, "properties": {"OBJECTID": 25395, "SUBTYPE": 2, "PROJECTNUMBER": "3E203", "INLETSIZE": null, "Location": "Washington Blvd, N of NE 16th", "COMMENT": " "}}, {"type": "Feature", "id": 25396, "geometry": {"type": "Point", "coordinates": [-97.46400849932331, 35.485950926835976]}, "properties": {"OBJECTID": 25396, "SUBTYPE": 2, "PROJECTNUMBER": " ", "INLETSIZE": null, "Location": null, "COMMENT": " "}}, {"type": "Feature", "id": 25397, "geometry": {"type": "Point", "coordinates": [-97.46378963610267, 35.48598664605516]}, "properties": {"OBJECTID": 25397, "SUBTYPE": 2, "PROJECTNUMBER": " ", "INLETSIZE": null, "Location": null, "COMMENT": " "}}, {"type": "Feature", "id": 25398, "geometry": {"type": "Point", "coordinates": [-97.46358477047065, 35.486480216497405]}, "properties": {"OBJECTID": 25398, "SUBTYPE": 2, "PROJECTNUMBER": " ", "INLETSIZE": null, "Location": null, "COMMENT": " "}}, {"type": "Feature", "id": 25399, "geometry": {"type": "Point", "coordinates": [-97.46357180373455, 35.48723427834959]}, "properties": {"OBJECTID": 25399, "SUBTYPE": 2, "PROJECTNUMBER": " ", "INLETSIZE": null, "Location": null, "COMMENT": " "}}, {"type": "Feature", "id": 25400, "geometry": {"type": "Point", "coordinates": [-97.46322871892421, 35.488032911220174]}, "properties": {"OBJECTID": 25400, "SUBTYPE": 2, "PROJECTNUMBER": "2E201", "INLETSIZE": null, "Location": "NW of NE 18th & Edwards Ave", "COMMENT": " "}}, {"type": "Feature", "id": 25401, "geometry": {"type": "Point", "coordinates": [-97.46326591648688, 35.48723289563813]}, "properties": {"OBJECTID": 25401, "SUBTYPE": 2, "PROJECTNUMBER": "2E201", "INLETSIZE": null, "Location": "NE 18th, W of Edwards Ave", "COMMENT": " "}}, {"type": "Feature", "id": 25402, "geometry": {"type": "Point", "coordinates": [-97.46323235437964, 35.48763857621452]}, "properties": {"OBJECTID": 25402, "SUBTYPE": 2, "PROJECTNUMBER": " ", "INLETSIZE": null, "Location": null, "COMMENT": " "}}, {"type": "Feature", "id": 25403, "geometry": {"type": "Point", "coordinates": [-97.46272230630231, 35.48865491590545]}, "properties": {"OBJECTID": 25403, "SUBTYPE": 2, "PROJECTNUMBER": "128E114", "INLETSIZE": null, "Location": "NE 19th & Edwards Ave", "COMMENT": null}}, {"type": "Feature", "id": 25404, "geometry": {"type": "Point", "coordinates": [-97.46215657403829, 35.488653188600374]}, "properties": {"OBJECTID": 25404, "SUBTYPE": 2, "PROJECTNUMBER": "128E114", "INLETSIZE": null, "Location": "NE 19th & Edwards Ave", "COMMENT": null}}, {"type": "Feature", "id": 25405, "geometry": {"type": "Point", "coordinates": [-97.46214956269083, 35.48947303975994]}, "properties": {"OBJECTID": 25405, "SUBTYPE": 2, "PROJECTNUMBER": "128E114", "INLETSIZE": null, "Location": "NE 19th & Edwards Ave", "COMMENT": null}}, {"type": "Feature", "id": 25406, "geometry": {"type": "Point", "coordinates": [-97.46221465287681, 35.48956243465702]}, "properties": {"OBJECTID": 25406, "SUBTYPE": 2, "PROJECTNUMBER": "128E114", "INLETSIZE": null, "Location": "NE 19th & Edwards Ave", "COMMENT": null}}, {"type": "Feature", "id": 25407, "geometry": {"type": "Point", "coordinates": [-97.47507968894081, 35.479619965486556]}, "properties": {"OBJECTID": 25407, "SUBTYPE": 2, "PROJECTNUMBER": " ", "INLETSIZE": null, "Location": null, "COMMENT": " "}}, {"type": "Feature", "id": 25408, "geometry": {"type": "Point", "coordinates": [-97.46878620902119, 35.48122904346888]}, "properties": {"OBJECTID": 25408, "SUBTYPE": 2, "PROJECTNUMBER": "1E114", "INLETSIZE": null, "Location": "Carverdale Dr & Windemere Ave", "COMMENT": " "}}, {"type": "Feature", "id": 25411, "geometry": {"type": "Point", "coordinates": [-97.47018408377468, 35.480610327328044]}, "properties": {"OBJECTID": 25411, "SUBTYPE": 2, "PROJECTNUMBER": "1E114", "INLETSIZE": null, "Location": "Carverdale Dr & Windemere Ave", "COMMENT": " "}}, {"type": "Feature", "id": 25412, "geometry": {"type": "Point", "coordinates": [-97.46941763391378, 35.4812346410322]}, "properties": {"OBJECTID": 25412, "SUBTYPE": 1, "PROJECTNUMBER": "1E114", "INLETSIZE": null, "Location": "Carverdale Dr & Windemere Ave", "COMMENT": " "}}, {"type": "Feature", "id": 25413, "geometry": {"type": "Point", "coordinates": [-97.46894431686641, 35.48142383012283]}, "properties": {"OBJECTID": 25413, "SUBTYPE": 2, "PROJECTNUMBER": "1E114", "INLETSIZE": null, "Location": "Carverdale Dr & Windemere Ave", "COMMENT": " "}}, {"type": "Feature", "id": 25416, "geometry": {"type": "Point", "coordinates": [-97.47304076817846, 35.48036994205803]}, "properties": {"OBJECTID": 25416, "SUBTYPE": 2, "PROJECTNUMBER": "1E114", "INLETSIZE": null, "Location": null, "COMMENT": " "}}, {"type": "Feature", "id": 25417, "geometry": {"type": "Point", "coordinates": [-97.47101229505509, 35.481614774017224]}, "properties": {"OBJECTID": 25417, "SUBTYPE": 2, "PROJECTNUMBER": " ", "INLETSIZE": null, "Location": null, "COMMENT": " "}}, {"type": "Feature", "id": 25419, "geometry": {"type": "Point", "coordinates": [-97.47142695988849, 35.4835685537985]}, "properties": {"OBJECTID": 25419, "SUBTYPE": 2, "PROJECTNUMBER": "2E201", "INLETSIZE": null, "Location": "NE 14th, E of N Highland Dr", "COMMENT": " "}}, {"type": "Feature", "id": 25420, "geometry": {"type": "Point", "coordinates": [-97.4718404015338, 35.48357039416363]}, "properties": {"OBJECTID": 25420, "SUBTYPE": 2, "PROJECTNUMBER": "2E201", "INLETSIZE": null, "Location": "NE 14th, E of N Highland Dr", "COMMENT": " "}}, {"type": "Feature", "id": 25421, "geometry": {"type": "Point", "coordinates": [-97.47078243641936, 35.48859972595787]}, "properties": {"OBJECTID": 25421, "SUBTYPE": 2, "PROJECTNUMBER": " ", "INLETSIZE": null, "Location": null, "COMMENT": " "}}, {"type": "Feature", "id": 25422, "geometry": {"type": "Point", "coordinates": [-97.47077651692355, 35.489487875293435]}, "properties": {"OBJECTID": 25422, "SUBTYPE": 2, "PROJECTNUMBER": " ", "INLETSIZE": null, "Location": null, "COMMENT": " "}}, {"type": "Feature", "id": 25423, "geometry": {"type": "Point", "coordinates": [-97.47108587323196, 35.48954766169478]}, "properties": {"OBJECTID": 25423, "SUBTYPE": 2, "PROJECTNUMBER": " ", "INLETSIZE": null, "Location": null, "COMMENT": " "}}, {"type": "Feature", "id": 25424, "geometry": {"type": "Point", "coordinates": [-97.47068176034514, 35.48956578120295]}, "properties": {"OBJECTID": 25424, "SUBTYPE": 2, "PROJECTNUMBER": " ", "INLETSIZE": null, "Location": null, "COMMENT": " "}}, {"type": "Feature", "id": 25425, "geometry": {"type": "Point", "coordinates": [-97.47145259696421, 35.4904393058998]}, "properties": {"OBJECTID": 25425, "SUBTYPE": 2, "PROJECTNUMBER": " ", "INLETSIZE": null, "Location": null, "COMMENT": " "}}, {"type": "Feature", "id": 25426, "geometry": {"type": "Point", "coordinates": [-97.47068382988813, 35.490435853457655]}, "properties": {"OBJECTID": 25426, "SUBTYPE": 2, "PROJECTNUMBER": " ", "INLETSIZE": null, "Location": null, "COMMENT": " "}}, {"type": "Feature", "id": 25427, "geometry": {"type": "Point", "coordinates": [-97.46975229902024, 35.486870494643355]}, "properties": {"OBJECTID": 25427, "SUBTYPE": 2, "PROJECTNUMBER": " ", "INLETSIZE": null, "Location": null, "COMMENT": " "}}, {"type": "Feature", "id": 25428, "geometry": {"type": "Point", "coordinates": [-97.46966120263761, 35.48864927918545]}, "properties": {"OBJECTID": 25428, "SUBTYPE": 2, "PROJECTNUMBER": " ", "INLETSIZE": null, "Location": null, "COMMENT": " "}}, {"type": "Feature", "id": 25429, "geometry": {"type": "Point", "coordinates": [-97.46948762423663, 35.489538123260616]}, "properties": {"OBJECTID": 25429, "SUBTYPE": 2, "PROJECTNUMBER": " ", "INLETSIZE": null, "Location": null, "COMMENT": " "}}, {"type": "Feature", "id": 25430, "geometry": {"type": "Point", "coordinates": [-97.46920197095486, 35.49042092569093]}, "properties": {"OBJECTID": 25430, "SUBTYPE": 2, "PROJECTNUMBER": " ", "INLETSIZE": null, "Location": null, "COMMENT": " "}}, {"type": "Feature", "id": 25431, "geometry": {"type": "Point", "coordinates": [-97.46879302826127, 35.491300261018644]}, "properties": {"OBJECTID": 25431, "SUBTYPE": 2, "PROJECTNUMBER": " ", "INLETSIZE": null, "Location": null, "COMMENT": " "}}, {"type": "Feature", "id": 25432, "geometry": {"type": "Point", "coordinates": [-97.4684737011088, 35.49183853832215]}, "properties": {"OBJECTID": 25432, "SUBTYPE": 2, "PROJECTNUMBER": " ", "INLETSIZE": null, "Location": null, "COMMENT": " "}}, {"type": "Feature", "id": 25433, "geometry": {"type": "Point", "coordinates": [-97.46848267386993, 35.49222546433147]}, "properties": {"OBJECTID": 25433, "SUBTYPE": 2, "PROJECTNUMBER": " ", "INLETSIZE": null, "Location": null, "COMMENT": " "}}, {"type": "Feature", "id": 25434, "geometry": {"type": "Point", "coordinates": [-97.47289290687768, 35.4868634798412]}, "properties": {"OBJECTID": 25434, "SUBTYPE": 2, "PROJECTNUMBER": " ", "INLETSIZE": null, "Location": null, "COMMENT": " "}}, {"type": "Feature", "id": 25435, "geometry": {"type": "Point", "coordinates": [-97.4728915796477, 35.48775750081514]}, "properties": {"OBJECTID": 25435, "SUBTYPE": 2, "PROJECTNUMBER": " ", "INLETSIZE": null, "Location": null, "COMMENT": " "}}, {"type": "Feature", "id": 25436, "geometry": {"type": "Point", "coordinates": [-97.47289382844863, 35.48822023003061]}, "properties": {"OBJECTID": 25436, "SUBTYPE": 2, "PROJECTNUMBER": " ", "INLETSIZE": null, "Location": null, "COMMENT": " "}}, {"type": "Feature", "id": 25437, "geometry": {"type": "Point", "coordinates": [-97.53472902566341, 35.44047628522102]}, "properties": {"OBJECTID": 25437, "SUBTYPE": 2, "PROJECTNUMBER": "11E87", "INLETSIZE": "4", "Location": null, "COMMENT": " "}}, {"type": "Feature", "id": 25439, "geometry": {"type": "Point", "coordinates": [-97.53449649360155, 35.43948476533438]}, "properties": {"OBJECTID": 25439, "SUBTYPE": 2, "PROJECTNUMBER": "18E206", "INLETSIZE": null, "Location": "S Klein Ave & SW 25th", "COMMENT": " "}}, {"type": "Feature", "id": 25440, "geometry": {"type": "Point", "coordinates": [-97.53463503896066, 35.4394561255223]}, "properties": {"OBJECTID": 25440, "SUBTYPE": 2, "PROJECTNUMBER": "37E98", "INLETSIZE": null, "Location": null, "COMMENT": " "}}, {"type": "Feature", "id": 25441, "geometry": {"type": "Point", "coordinates": [-97.5345275707029, 35.439379756305144]}, "properties": {"OBJECTID": 25441, "SUBTYPE": 2, "PROJECTNUMBER": "37E98", "INLETSIZE": null, "Location": null, "COMMENT": " "}}, {"type": "Feature", "id": 25442, "geometry": {"type": "Point", "coordinates": [-97.53251443056057, 35.439492128630384]}, "properties": {"OBJECTID": 25442, "SUBTYPE": 2, "PROJECTNUMBER": " ", "INLETSIZE": null, "Location": "S Klein Ave & SW 25th", "COMMENT": " "}}, {"type": "Feature", "id": 25443, "geometry": {"type": "Point", "coordinates": [-97.53230527332038, 35.43936937563032]}, "properties": {"OBJECTID": 25443, "SUBTYPE": 2, "PROJECTNUMBER": "37E98", "INLETSIZE": null, "Location": null, "COMMENT": " "}}, {"type": "Feature", "id": 25444, "geometry": {"type": "Point", "coordinates": [-97.5334198205928, 35.439382647616895]}, "properties": {"OBJECTID": 25444, "SUBTYPE": 2, "PROJECTNUMBER": "37E98", "INLETSIZE": null, "Location": null, "COMMENT": " "}}, {"type": "Feature", "id": 25445, "geometry": {"type": "Point", "coordinates": [-97.53676028214714, 35.43938248032696]}, "properties": {"OBJECTID": 25445, "SUBTYPE": 2, "PROJECTNUMBER": "37E98", "INLETSIZE": null, "Location": null, "COMMENT": " "}}, {"type": "Feature", "id": 25446, "geometry": {"type": "Point", "coordinates": [-97.53017194008636, 35.43937258191869]}, "properties": {"OBJECTID": 25446, "SUBTYPE": 2, "PROJECTNUMBER": "37E98", "INLETSIZE": null, "Location": "S Western Ave & SW 25th", "COMMENT": " "}}, {"type": "Feature", "id": 25447, "geometry": {"type": "Point", "coordinates": [-97.53123346818326, 35.43936318680103]}, "properties": {"OBJECTID": 25447, "SUBTYPE": 2, "PROJECTNUMBER": "37E98", "INLETSIZE": null, "Location": null, "COMMENT": " "}}, {"type": "Feature", "id": 25448, "geometry": {"type": "Point", "coordinates": [-97.53676283510796, 35.438306510232955]}, "properties": {"OBJECTID": 25448, "SUBTYPE": 2, "PROJECTNUMBER": "37E98", "INLETSIZE": null, "Location": null, "COMMENT": " "}}, {"type": "Feature", "id": 25449, "geometry": {"type": "Point", "coordinates": [-97.53761763389585, 35.435198448586945]}, "properties": {"OBJECTID": 25449, "SUBTYPE": 2, "PROJECTNUMBER": "37E98", "INLETSIZE": null, "Location": null, "COMMENT": " "}}, {"type": "Feature", "id": 25450, "geometry": {"type": "Point", "coordinates": [-97.53691066115071, 35.435195690847856]}, "properties": {"OBJECTID": 25450, "SUBTYPE": 2, "PROJECTNUMBER": " ", "INLETSIZE": null, "Location": null, "COMMENT": " "}}, {"type": "Feature", "id": 25451, "geometry": {"type": "Point", "coordinates": [-97.53684352874618, 35.43519542876061]}, "properties": {"OBJECTID": 25451, "SUBTYPE": 2, "PROJECTNUMBER": "37E98", "INLETSIZE": null, "Location": null, "COMMENT": " "}}, {"type": "Feature", "id": 25452, "geometry": {"type": "Point", "coordinates": [-97.53481267683357, 35.4352032785609]}, "properties": {"OBJECTID": 25452, "SUBTYPE": 2, "PROJECTNUMBER": "37E98", "INLETSIZE": null, "Location": null, "COMMENT": " "}}, {"type": "Feature", "id": 25453, "geometry": {"type": "Point", "coordinates": [-97.53465409426063, 35.435206210429804]}, "properties": {"OBJECTID": 25453, "SUBTYPE": 2, "PROJECTNUMBER": "37E98", "INLETSIZE": null, "Location": null, "COMMENT": " "}}, {"type": "Feature", "id": 25454, "geometry": {"type": "Point", "coordinates": [-97.53465283462761, 35.436246601048545]}, "properties": {"OBJECTID": 25454, "SUBTYPE": 2, "PROJECTNUMBER": "37E98", "INLETSIZE": null, "Location": null, "COMMENT": " "}}, {"type": "Feature", "id": 25455, "geometry": {"type": "Point", "coordinates": [-97.53464696208728, 35.437249298168254]}, "properties": {"OBJECTID": 25455, "SUBTYPE": 2, "PROJECTNUMBER": "63E80", "INLETSIZE": null, "Location": "SW 27th & S Douglas Ave", "COMMENT": " "}}, {"type": "Feature", "id": 25456, "geometry": {"type": "Point", "coordinates": [-97.53465466068246, 35.43830657755249]}, "properties": {"OBJECTID": 25456, "SUBTYPE": 2, "PROJECTNUMBER": "37E98", "INLETSIZE": null, "Location": null, "COMMENT": " "}}, {"type": "Feature", "id": 25457, "geometry": {"type": "Point", "coordinates": [-97.5337203152974, 35.438307428841064]}, "properties": {"OBJECTID": 25457, "SUBTYPE": 2, "PROJECTNUMBER": " ", "INLETSIZE": null, "Location": null, "COMMENT": " "}}, {"type": "Feature", "id": 25458, "geometry": {"type": "Point", "coordinates": [-97.53301676885748, 35.4352154526761]}, "properties": {"OBJECTID": 25458, "SUBTYPE": 2, "PROJECTNUMBER": "37E98", "INLETSIZE": null, "Location": null, "COMMENT": " "}}, {"type": "Feature", "id": 25459, "geometry": {"type": "Point", "coordinates": [-97.53267428442918, 35.43516113515489]}, "properties": {"OBJECTID": 25459, "SUBTYPE": 2, "PROJECTNUMBER": "7E201", "INLETSIZE": null, "Location": "S Klein Ave & SW 29th", "COMMENT": " "}}, {"type": "Feature", "id": 25460, "geometry": {"type": "Point", "coordinates": [-97.53245106397671, 35.435182126650204]}, "properties": {"OBJECTID": 25460, "SUBTYPE": 1, "PROJECTNUMBER": "18E206", "INLETSIZE": null, "Location": "S Klein Ave & SW 29th", "COMMENT": " "}}, {"type": "Feature", "id": 25461, "geometry": {"type": "Point", "coordinates": [-97.53259619868054, 35.435107901964685]}, "properties": {"OBJECTID": 25461, "SUBTYPE": 2, "PROJECTNUMBER": "18E206", "INLETSIZE": null, "Location": "S Klein Ave & SW 29th", "COMMENT": " "}}, {"type": "Feature", "id": 25462, "geometry": {"type": "Point", "coordinates": [-97.5325980163593, 35.43517950791811]}, "properties": {"OBJECTID": 25462, "SUBTYPE": 2, "PROJECTNUMBER": "37E98", "INLETSIZE": null, "Location": null, "COMMENT": " "}}, {"type": "Feature", "id": 25463, "geometry": {"type": "Point", "coordinates": [-97.53138855585482, 35.435181588972746]}, "properties": {"OBJECTID": 25463, "SUBTYPE": 2, "PROJECTNUMBER": "37E98", "INLETSIZE": null, "Location": null, "COMMENT": " "}}, {"type": "Feature", "id": 25464, "geometry": {"type": "Point", "coordinates": [-97.53016527408947, 35.435211061226134]}, "properties": {"OBJECTID": 25464, "SUBTYPE": 2, "PROJECTNUMBER": "37E98", "INLETSIZE": null, "Location": null, "COMMENT": " "}}, {"type": "Feature", "id": 25465, "geometry": {"type": "Point", "coordinates": [-97.53245632084628, 35.43576522972135]}, "properties": {"OBJECTID": 25465, "SUBTYPE": 2, "PROJECTNUMBER": "18E206", "INLETSIZE": null, "Location": "S Klein Ave, N of SW 29th", "COMMENT": " "}}, {"type": "Feature", "id": 25466, "geometry": {"type": "Point", "coordinates": [-97.53245012340659, 35.43681843558939]}, "properties": {"OBJECTID": 25466, "SUBTYPE": 2, "PROJECTNUMBER": "18E206", "INLETSIZE": null, "Location": "S Klein Ave, N of SW 29th", "COMMENT": " "}}, {"type": "Feature", "id": 25467, "geometry": {"type": "Point", "coordinates": [-97.53245516430853, 35.43786329105236]}, "properties": {"OBJECTID": 25467, "SUBTYPE": 2, "PROJECTNUMBER": " ", "INLETSIZE": null, "Location": "S Klein Ave, N of SW 29th", "COMMENT": " "}}, {"type": "Feature", "id": 25468, "geometry": {"type": "Point", "coordinates": [-97.53245378069816, 35.43847872219925]}, "properties": {"OBJECTID": 25468, "SUBTYPE": 2, "PROJECTNUMBER": "18E206", "INLETSIZE": null, "Location": "S Klein Ave, N of SW 29th", "COMMENT": " "}}, {"type": "Feature", "id": 25469, "geometry": {"type": "Point", "coordinates": [-97.53237147083291, 35.43626227882924]}, "properties": {"OBJECTID": 25469, "SUBTYPE": 2, "PROJECTNUMBER": " ", "INLETSIZE": null, "Location": null, "COMMENT": " "}}, {"type": "Feature", "id": 25470, "geometry": {"type": "Point", "coordinates": [-97.53230673820332, 35.437226341991355]}, "properties": {"OBJECTID": 25470, "SUBTYPE": 2, "PROJECTNUMBER": "37E98", "INLETSIZE": null, "Location": null, "COMMENT": " "}}, {"type": "Feature", "id": 25471, "geometry": {"type": "Point", "coordinates": [-97.53231158372634, 35.43829733818433]}, "properties": {"OBJECTID": 25471, "SUBTYPE": 2, "PROJECTNUMBER": "37E98", "INLETSIZE": null, "Location": null, "COMMENT": " "}}, {"type": "Feature", "id": 25472, "geometry": {"type": "Point", "coordinates": [-97.53018615745106, 35.436258208485164]}, "properties": {"OBJECTID": 25472, "SUBTYPE": 2, "PROJECTNUMBER": "37E98", "INLETSIZE": null, "Location": null, "COMMENT": " "}}, {"type": "Feature", "id": 25473, "geometry": {"type": "Point", "coordinates": [-97.54071333276084, 35.435729248588444]}, "properties": {"OBJECTID": 25473, "SUBTYPE": 2, "PROJECTNUMBER": "ST-0351", "INLETSIZE": null, "Location": "SE of SW 28th & S Indiana Ave", "COMMENT": " "}}, {"type": "Feature", "id": 25474, "geometry": {"type": "Point", "coordinates": [-97.53851171030357, 35.44777981294286]}, "properties": {"OBJECTID": 25474, "SUBTYPE": 2, "PROJECTNUMBER": "25E600", "INLETSIZE": "4", "Location": "SW 17th, W of S McKinley Ave", "COMMENT": " "}}, {"type": "Feature", "id": 25476, "geometry": {"type": "Point", "coordinates": [-97.54801502438772, 35.45180815459059]}, "properties": {"OBJECTID": 25476, "SUBTYPE": 2, "PROJECTNUMBER": " ", "INLETSIZE": null, "Location": null, "COMMENT": " "}}, {"type": "Feature", "id": 25479, "geometry": {"type": "Point", "coordinates": [-97.521653483713, 35.445910301170485]}, "properties": {"OBJECTID": 25479, "SUBTYPE": 2, "PROJECTNUMBER": " ", "INLETSIZE": null, "Location": null, "COMMENT": " "}}, {"type": "Feature", "id": 25480, "geometry": {"type": "Point", "coordinates": [-97.52168510755938, 35.444646772026374]}, "properties": {"OBJECTID": 25480, "SUBTYPE": 2, "PROJECTNUMBER": " ", "INLETSIZE": null, "Location": null, "COMMENT": " "}}, {"type": "Feature", "id": 25481, "geometry": {"type": "Point", "coordinates": [-97.52169635386299, 35.442778730466486]}, "properties": {"OBJECTID": 25481, "SUBTYPE": 2, "PROJECTNUMBER": " ", "INLETSIZE": null, "Location": null, "COMMENT": " "}}, {"type": "Feature", "id": 25482, "geometry": {"type": "Point", "coordinates": [-97.52145627341818, 35.44247457192861]}, "properties": {"OBJECTID": 25482, "SUBTYPE": 2, "PROJECTNUMBER": " ", "INLETSIZE": null, "Location": null, "COMMENT": " "}}, {"type": "Feature", "id": 25483, "geometry": {"type": "Point", "coordinates": [-97.52887397274141, 35.4393609107614]}, "properties": {"OBJECTID": 25483, "SUBTYPE": 2, "PROJECTNUMBER": "37E98", "INLETSIZE": null, "Location": null, "COMMENT": " "}}, {"type": "Feature", "id": 25484, "geometry": {"type": "Point", "coordinates": [-97.52837335422018, 35.43935783462783]}, "properties": {"OBJECTID": 25484, "SUBTYPE": 2, "PROJECTNUMBER": "37E98", "INLETSIZE": null, "Location": null, "COMMENT": " "}}, {"type": "Feature", "id": 25485, "geometry": {"type": "Point", "coordinates": [-97.52837316332085, 35.438258960196535]}, "properties": {"OBJECTID": 25485, "SUBTYPE": 2, "PROJECTNUMBER": "37E98", "INLETSIZE": null, "Location": null, "COMMENT": " "}}, {"type": "Feature", "id": 25486, "geometry": {"type": "Point", "coordinates": [-97.52367715484586, 35.438505155726666]}, "properties": {"OBJECTID": 25486, "SUBTYPE": 2, "PROJECTNUMBER": " ", "INLETSIZE": null, "Location": null, "COMMENT": " "}}, {"type": "Feature", "id": 25487, "geometry": {"type": "Point", "coordinates": [-97.52367713417613, 35.439602217063914]}, "properties": {"OBJECTID": 25487, "SUBTYPE": 2, "PROJECTNUMBER": " ", "INLETSIZE": null, "Location": null, "COMMENT": " "}}, {"type": "Feature", "id": 25488, "geometry": {"type": "Point", "coordinates": [-97.52367692284602, 35.44054057574559]}, "properties": {"OBJECTID": 25488, "SUBTYPE": 2, "PROJECTNUMBER": " ", "INLETSIZE": null, "Location": null, "COMMENT": " "}}, {"type": "Feature", "id": 25489, "geometry": {"type": "Point", "coordinates": [-97.52367279528504, 35.44147209856801]}, "properties": {"OBJECTID": 25489, "SUBTYPE": 2, "PROJECTNUMBER": " ", "INLETSIZE": null, "Location": null, "COMMENT": " "}}, {"type": "Feature", "id": 25490, "geometry": {"type": "Point", "coordinates": [-97.52145757265036, 35.44153329540249]}, "properties": {"OBJECTID": 25490, "SUBTYPE": 2, "PROJECTNUMBER": " ", "INLETSIZE": null, "Location": null, "COMMENT": " "}}, {"type": "Feature", "id": 25491, "geometry": {"type": "Point", "coordinates": [-97.52145836552106, 35.4404897537935]}, "properties": {"OBJECTID": 25491, "SUBTYPE": 2, "PROJECTNUMBER": " ", "INLETSIZE": null, "Location": null, "COMMENT": " "}}, {"type": "Feature", "id": 25492, "geometry": {"type": "Point", "coordinates": [-97.52240823858197, 35.440583482305634]}, "properties": {"OBJECTID": 25492, "SUBTYPE": 2, "PROJECTNUMBER": "DC-0286", "INLETSIZE": "10\" DIA", "Location": "NW of SW 24th & S Walker Ave", "COMMENT": "#5"}}, {"type": "Feature", "id": 25493, "geometry": {"type": "Point", "coordinates": [-97.52145953701647, 35.43939285375037]}, "properties": {"OBJECTID": 25493, "SUBTYPE": 2, "PROJECTNUMBER": " ", "INLETSIZE": null, "Location": null, "COMMENT": " "}}, {"type": "Feature", "id": 25495, "geometry": {"type": "Point", "coordinates": [-97.52146034086209, 35.4383467507942]}, "properties": {"OBJECTID": 25495, "SUBTYPE": 2, "PROJECTNUMBER": " ", "INLETSIZE": null, "Location": null, "COMMENT": " "}}, {"type": "Feature", "id": 25496, "geometry": {"type": "Point", "coordinates": [-97.52837168171277, 35.43624650115557]}, "properties": {"OBJECTID": 25496, "SUBTYPE": 2, "PROJECTNUMBER": "37E98", "INLETSIZE": null, "Location": null, "COMMENT": " "}}, {"type": "Feature", "id": 25497, "geometry": {"type": "Point", "coordinates": [-97.52836605602668, 35.43719425747266]}, "properties": {"OBJECTID": 25497, "SUBTYPE": 2, "PROJECTNUMBER": "37E98", "INLETSIZE": null, "Location": null, "COMMENT": " "}}, {"type": "Feature", "id": 25498, "geometry": {"type": "Point", "coordinates": [-97.5284075934154, 35.43522121151439]}, "properties": {"OBJECTID": 25498, "SUBTYPE": 2, "PROJECTNUMBER": "37E98", "INLETSIZE": null, "Location": null, "COMMENT": " "}}, {"type": "Feature", "id": 25499, "geometry": {"type": "Point", "coordinates": [-97.52601973420123, 35.435212427474816]}, "properties": {"OBJECTID": 25499, "SUBTYPE": 2, "PROJECTNUMBER": "37E98", "INLETSIZE": null, "Location": null, "COMMENT": " "}}, {"type": "Feature", "id": 25500, "geometry": {"type": "Point", "coordinates": [-97.52370368938092, 35.43626613021486]}, "properties": {"OBJECTID": 25500, "SUBTYPE": 2, "PROJECTNUMBER": "DC-0308", "INLETSIZE": "8' DIA", "Location": "NE of SW 29th & S Lee Ave", "COMMENT": " "}}, {"type": "Feature", "id": 25501, "geometry": {"type": "Point", "coordinates": [-97.52368010129997, 35.43746933551113]}, "properties": {"OBJECTID": 25501, "SUBTYPE": 2, "PROJECTNUMBER": " ", "INLETSIZE": null, "Location": null, "COMMENT": " "}}, {"type": "Feature", "id": 25503, "geometry": {"type": "Point", "coordinates": [-97.52145980535741, 35.43625948458369]}, "properties": {"OBJECTID": 25503, "SUBTYPE": 2, "PROJECTNUMBER": " ", "INLETSIZE": null, "Location": null, "COMMENT": " "}}, {"type": "Feature", "id": 25504, "geometry": {"type": "Point", "coordinates": [-97.521462354351, 35.43730331974101]}, "properties": {"OBJECTID": 25504, "SUBTYPE": 2, "PROJECTNUMBER": " ", "INLETSIZE": null, "Location": null, "COMMENT": " "}}, {"type": "Feature", "id": 25505, "geometry": {"type": "Point", "coordinates": [-97.51816032190162, 35.44296755012803]}, "properties": {"OBJECTID": 25505, "SUBTYPE": 2, "PROJECTNUMBER": " ", "INLETSIZE": null, "Location": null, "COMMENT": " "}}, {"type": "Feature", "id": 25506, "geometry": {"type": "Point", "coordinates": [-97.51816697341691, 35.44391277621585]}, "properties": {"OBJECTID": 25506, "SUBTYPE": 2, "PROJECTNUMBER": " ", "INLETSIZE": null, "Location": null, "COMMENT": " "}}, {"type": "Feature", "id": 25507, "geometry": {"type": "Point", "coordinates": [-97.51844950112803, 35.443954782235]}, "properties": {"OBJECTID": 25507, "SUBTYPE": 2, "PROJECTNUMBER": "119E114", "INLETSIZE": null, "Location": "SW 21st & S Harvey Ave", "COMMENT": null}}, {"type": "Feature", "id": 25509, "geometry": {"type": "Point", "coordinates": [-97.51616104331057, 35.442957920809455]}, "properties": {"OBJECTID": 25509, "SUBTYPE": 2, "PROJECTNUMBER": " ", "INLETSIZE": null, "Location": null, "COMMENT": " "}}, {"type": "Feature", "id": 25510, "geometry": {"type": "Point", "coordinates": [-97.51615949935339, 35.443929255175824]}, "properties": {"OBJECTID": 25510, "SUBTYPE": 2, "PROJECTNUMBER": " ", "INLETSIZE": null, "Location": null, "COMMENT": " "}}, {"type": "Feature", "id": 25511, "geometry": {"type": "Point", "coordinates": [-97.51615668986405, 35.444629848178444]}, "properties": {"OBJECTID": 25511, "SUBTYPE": 2, "PROJECTNUMBER": " ", "INLETSIZE": null, "Location": null, "COMMENT": " "}}, {"type": "Feature", "id": 25515, "geometry": {"type": "Point", "coordinates": [-97.51989198191227, 35.43944014791636]}, "properties": {"OBJECTID": 25515, "SUBTYPE": 2, "PROJECTNUMBER": " ", "INLETSIZE": null, "Location": null, "COMMENT": " "}}, {"type": "Feature", "id": 25516, "geometry": {"type": "Point", "coordinates": [-97.51989293374857, 35.44048827884049]}, "properties": {"OBJECTID": 25516, "SUBTYPE": 2, "PROJECTNUMBER": " ", "INLETSIZE": null, "Location": null, "COMMENT": " "}}, {"type": "Feature", "id": 25517, "geometry": {"type": "Point", "coordinates": [-97.51989283119275, 35.441532467749546]}, "properties": {"OBJECTID": 25517, "SUBTYPE": 2, "PROJECTNUMBER": " ", "INLETSIZE": null, "Location": null, "COMMENT": " "}}, {"type": "Feature", "id": 25518, "geometry": {"type": "Point", "coordinates": [-97.51815807960114, 35.4393906612108]}, "properties": {"OBJECTID": 25518, "SUBTYPE": 2, "PROJECTNUMBER": " ", "INLETSIZE": null, "Location": null, "COMMENT": " "}}, {"type": "Feature", "id": 25520, "geometry": {"type": "Point", "coordinates": [-97.51822768482873, 35.44048668436183]}, "properties": {"OBJECTID": 25520, "SUBTYPE": 2, "PROJECTNUMBER": " ", "INLETSIZE": null, "Location": null, "COMMENT": " "}}, {"type": "Feature", "id": 25521, "geometry": {"type": "Point", "coordinates": [-97.5179540884792, 35.44048676540579]}, "properties": {"OBJECTID": 25521, "SUBTYPE": 2, "PROJECTNUMBER": " ", "INLETSIZE": null, "Location": null, "COMMENT": " "}}, {"type": "Feature", "id": 25522, "geometry": {"type": "Point", "coordinates": [-97.51616341598383, 35.44048305226357]}, "properties": {"OBJECTID": 25522, "SUBTYPE": 2, "PROJECTNUMBER": " ", "INLETSIZE": null, "Location": null, "COMMENT": " "}}, {"type": "Feature", "id": 25523, "geometry": {"type": "Point", "coordinates": [-97.5161683882453, 35.43942726614157]}, "properties": {"OBJECTID": 25523, "SUBTYPE": 2, "PROJECTNUMBER": " ", "INLETSIZE": null, "Location": null, "COMMENT": " "}}, {"type": "Feature", "id": 25524, "geometry": {"type": "Point", "coordinates": [-97.5161628834883, 35.44152757850599]}, "properties": {"OBJECTID": 25524, "SUBTYPE": 2, "PROJECTNUMBER": " ", "INLETSIZE": null, "Location": null, "COMMENT": " "}}, {"type": "Feature", "id": 25525, "geometry": {"type": "Point", "coordinates": [-97.51616999452739, 35.43833950152753]}, "properties": {"OBJECTID": 25525, "SUBTYPE": 2, "PROJECTNUMBER": " ", "INLETSIZE": null, "Location": null, "COMMENT": " "}}, {"type": "Feature", "id": 25526, "geometry": {"type": "Point", "coordinates": [-97.51427281732296, 35.439384989269946]}, "properties": {"OBJECTID": 25526, "SUBTYPE": 2, "PROJECTNUMBER": " ", "INLETSIZE": null, "Location": null, "COMMENT": " "}}, {"type": "Feature", "id": 25527, "geometry": {"type": "Point", "coordinates": [-97.51816084391146, 35.437300034330285]}, "properties": {"OBJECTID": 25527, "SUBTYPE": 2, "PROJECTNUMBER": " ", "INLETSIZE": null, "Location": null, "COMMENT": " "}}, {"type": "Feature", "id": 25528, "geometry": {"type": "Point", "coordinates": [-97.51822610390953, 35.43734003345663]}, "properties": {"OBJECTID": 25528, "SUBTYPE": 2, "PROJECTNUMBER": " ", "INLETSIZE": null, "Location": null, "COMMENT": " "}}, {"type": "Feature", "id": 25529, "geometry": {"type": "Point", "coordinates": [-97.5181631230372, 35.436251357794006]}, "properties": {"OBJECTID": 25529, "SUBTYPE": 2, "PROJECTNUMBER": " ", "INLETSIZE": null, "Location": null, "COMMENT": " "}}, {"type": "Feature", "id": 25530, "geometry": {"type": "Point", "coordinates": [-97.51825812149657, 35.43625031234084]}, "properties": {"OBJECTID": 25530, "SUBTYPE": 2, "PROJECTNUMBER": " ", "INLETSIZE": null, "Location": null, "COMMENT": " "}}, {"type": "Feature", "id": 25531, "geometry": {"type": "Point", "coordinates": [-97.51804772043522, 35.43625375064939]}, "properties": {"OBJECTID": 25531, "SUBTYPE": 2, "PROJECTNUMBER": " ", "INLETSIZE": null, "Location": null, "COMMENT": " "}}, {"type": "Feature", "id": 25532, "geometry": {"type": "Point", "coordinates": [-97.51617426583792, 35.43625232463683]}, "properties": {"OBJECTID": 25532, "SUBTYPE": 2, "PROJECTNUMBER": " ", "INLETSIZE": null, "Location": null, "COMMENT": " "}}, {"type": "Feature", "id": 25533, "geometry": {"type": "Point", "coordinates": [-97.51605865508223, 35.436312748907454]}, "properties": {"OBJECTID": 25533, "SUBTYPE": 2, "PROJECTNUMBER": "60E121", "INLETSIZE": null, "Location": "SW 28th, E of S Robinson Ave", "COMMENT": " "}}, {"type": "Feature", "id": 25534, "geometry": {"type": "Point", "coordinates": [-97.51489605023436, 35.43630943076609]}, "properties": {"OBJECTID": 25534, "SUBTYPE": 2, "PROJECTNUMBER": "60E121", "INLETSIZE": null, "Location": "SW 28th, E of S Robinson Ave", "COMMENT": " "}}, {"type": "Feature", "id": 25535, "geometry": {"type": "Point", "coordinates": [-97.5147595743446, 35.436335955949154]}, "properties": {"OBJECTID": 25535, "SUBTYPE": 2, "PROJECTNUMBER": "60E121", "INLETSIZE": null, "Location": "SW 28th, E of S Robinson Ave", "COMMENT": " "}}, {"type": "Feature", "id": 25536, "geometry": {"type": "Point", "coordinates": [-97.51434373144401, 35.43633475086602]}, "properties": {"OBJECTID": 25536, "SUBTYPE": 2, "PROJECTNUMBER": "60E121", "INLETSIZE": null, "Location": "SW 28th, E of S Robinson Ave", "COMMENT": " "}}, {"type": "Feature", "id": 25542, "geometry": {"type": "Point", "coordinates": [-97.57109080371477, 35.474300327719675]}, "properties": {"OBJECTID": 25542, "SUBTYPE": 1, "PROJECTNUMBER": " ", "INLETSIZE": null, "Location": null, "COMMENT": " "}}, {"type": "Feature", "id": 25543, "geometry": {"type": "Point", "coordinates": [-97.56763642511511, 35.474312237267085]}, "properties": {"OBJECTID": 25543, "SUBTYPE": 1, "PROJECTNUMBER": "DC-0275", "INLETSIZE": "54\"", "Location": "General Pershing Blvd, W of N May Ave", "COMMENT": " "}}, {"type": "Feature", "id": 25544, "geometry": {"type": "Point", "coordinates": [-97.56689502110038, 35.47431239569915]}, "properties": {"OBJECTID": 25544, "SUBTYPE": 0, "PROJECTNUMBER": " ", "INLETSIZE": null, "Location": null, "COMMENT": " "}}, {"type": "Feature", "id": 25549, "geometry": {"type": "Point", "coordinates": [-97.74948927121824, 35.46813157775248]}, "properties": {"OBJECTID": 25549, "SUBTYPE": 2, "PROJECTNUMBER": "PD-0119", "INLETSIZE": "6' DIA", "Location": "N Greengate Dr, SW of Park Ave", "COMMENT": " "}}, {"type": "Feature", "id": 25550, "geometry": {"type": "Point", "coordinates": [-97.74978446877213, 35.467832245391214]}, "properties": {"OBJECTID": 25550, "SUBTYPE": 2, "PROJECTNUMBER": "PD-0119", "INLETSIZE": "6' DIA", "Location": "N Greengate Dr, SW of Park Ave", "COMMENT": " "}}, {"type": "Feature", "id": 25551, "geometry": {"type": "Point", "coordinates": [-97.74993926103502, 35.467518958249194]}, "properties": {"OBJECTID": 25551, "SUBTYPE": 2, "PROJECTNUMBER": "PD-0119", "INLETSIZE": "6' DIA", "Location": "N Greengate Dr, SW of Park Ave", "COMMENT": " "}}, {"type": "Feature", "id": 25552, "geometry": {"type": "Point", "coordinates": [-97.74941873872801, 35.46934819561224]}, "properties": {"OBJECTID": 25552, "SUBTYPE": 2, "PROJECTNUMBER": "PD-0119", "INLETSIZE": "4", "Location": "Ridgegate Rd & NW 2nd", "COMMENT": " "}}, {"type": "Feature", "id": 25553, "geometry": {"type": "Point", "coordinates": [-97.74957067705714, 35.469133926854504]}, "properties": {"OBJECTID": 25553, "SUBTYPE": 2, "PROJECTNUMBER": "PD-0119", "INLETSIZE": "4", "Location": "Ridgegate Rd & NW 2nd", "COMMENT": " "}}, {"type": "Feature", "id": 25554, "geometry": {"type": "Point", "coordinates": [-97.75022687319253, 35.468557366835554]}, "properties": {"OBJECTID": 25554, "SUBTYPE": 2, "PROJECTNUMBER": "PD-0119", "INLETSIZE": "4", "Location": "Ridgegate Rd & Bradgate Dr", "COMMENT": " "}}, {"type": "Feature", "id": 25559, "geometry": {"type": "Point", "coordinates": [-97.69873746792997, 35.485364457655564]}, "properties": {"OBJECTID": 25559, "SUBTYPE": 0, "PROJECTNUMBER": "DC-0042", "INLETSIZE": "6'x5'", "Location": "NW 15th & Greenway Dr", "COMMENT": " "}}, {"type": "Feature", "id": 25560, "geometry": {"type": "Point", "coordinates": [-97.47289957297988, 35.488646258094725]}, "properties": {"OBJECTID": 25560, "SUBTYPE": 2, "PROJECTNUMBER": " ", "INLETSIZE": null, "Location": null, "COMMENT": " "}}, {"type": "Feature", "id": 25561, "geometry": {"type": "Point", "coordinates": [-97.47680338496032, 35.48593327056806]}, "properties": {"OBJECTID": 25561, "SUBTYPE": 2, "PROJECTNUMBER": " ", "INLETSIZE": null, "Location": null, "COMMENT": " "}}, {"type": "Feature", "id": 25562, "geometry": {"type": "Point", "coordinates": [-97.47663195153336, 35.48681936524356]}, "properties": {"OBJECTID": 25562, "SUBTYPE": 2, "PROJECTNUMBER": " ", "INLETSIZE": null, "Location": null, "COMMENT": " "}}, {"type": "Feature", "id": 25563, "geometry": {"type": "Point", "coordinates": [-97.47595186680225, 35.48774074581316]}, "properties": {"OBJECTID": 25563, "SUBTYPE": 2, "PROJECTNUMBER": " ", "INLETSIZE": null, "Location": null, "COMMENT": " "}}, {"type": "Feature", "id": 25564, "geometry": {"type": "Point", "coordinates": [-97.4752490045078, 35.48863553058944]}, "properties": {"OBJECTID": 25564, "SUBTYPE": 2, "PROJECTNUMBER": " ", "INLETSIZE": null, "Location": null, "COMMENT": " "}}, {"type": "Feature", "id": 25565, "geometry": {"type": "Point", "coordinates": [-97.47486958134584, 35.48952834010898]}, "properties": {"OBJECTID": 25565, "SUBTYPE": 2, "PROJECTNUMBER": " ", "INLETSIZE": null, "Location": null, "COMMENT": " "}}, {"type": "Feature", "id": 25566, "geometry": {"type": "Point", "coordinates": [-97.47474006431989, 35.49042115673068]}, "properties": {"OBJECTID": 25566, "SUBTYPE": 2, "PROJECTNUMBER": " ", "INLETSIZE": null, "Location": null, "COMMENT": " "}}, {"type": "Feature", "id": 25567, "geometry": {"type": "Point", "coordinates": [-97.47460919991296, 35.491313966389995]}, "properties": {"OBJECTID": 25567, "SUBTYPE": 2, "PROJECTNUMBER": " ", "INLETSIZE": null, "Location": null, "COMMENT": " "}}, {"type": "Feature", "id": 25568, "geometry": {"type": "Point", "coordinates": [-97.54995176386677, 35.523337557507006]}, "properties": {"OBJECTID": 25568, "SUBTYPE": 1, "PROJECTNUMBER": "PD-3044", "INLETSIZE": "4.5'x4.5'", "Location": "NW Expressway & N Pennsylvania Ave", "COMMENT": null}}, {"type": "Feature", "id": 25570, "geometry": {"type": "Point", "coordinates": [-97.48649169232748, 35.440120829007434]}, "properties": {"OBJECTID": 25570, "SUBTYPE": 2, "PROJECTNUMBER": " ", "INLETSIZE": null, "Location": null, "COMMENT": " "}}, {"type": "Feature", "id": 25571, "geometry": {"type": "Point", "coordinates": [-97.48612132707729, 35.43949165375576]}, "properties": {"OBJECTID": 25571, "SUBTYPE": 2, "PROJECTNUMBER": " ", "INLETSIZE": null, "Location": null, "COMMENT": " "}}, {"type": "Feature", "id": 25572, "geometry": {"type": "Point", "coordinates": [-97.49284679586863, 35.449761788928846]}, "properties": {"OBJECTID": 25572, "SUBTYPE": 2, "PROJECTNUMBER": "49E109", "INLETSIZE": "4", "Location": "Carter Park 3rd Addition", "COMMENT": " "}}, {"type": "Feature", "id": 25573, "geometry": {"type": "Point", "coordinates": [-97.49189689948788, 35.448845009139404]}, "properties": {"OBJECTID": 25573, "SUBTYPE": 2, "PROJECTNUMBER": "49E109", "INLETSIZE": "4", "Location": "Carter Park 3rd Addition", "COMMENT": " "}}, {"type": "Feature", "id": 25574, "geometry": {"type": "Point", "coordinates": [-97.54354081665709, 35.44241689066488]}, "properties": {"OBJECTID": 25574, "SUBTYPE": 2, "PROJECTNUMBER": "37E98", "INLETSIZE": null, "Location": null, "COMMENT": " "}}, {"type": "Feature", "id": 25575, "geometry": {"type": "Point", "coordinates": [-97.54353871249857, 35.44144908183418]}, "properties": {"OBJECTID": 25575, "SUBTYPE": 2, "PROJECTNUMBER": "37E98", "INLETSIZE": null, "Location": null, "COMMENT": " "}}, {"type": "Feature", "id": 25577, "geometry": {"type": "Point", "coordinates": [-97.5346392760898, 35.440523742047]}, "properties": {"OBJECTID": 25577, "SUBTYPE": 2, "PROJECTNUMBER": "37E98", "INLETSIZE": null, "Location": null, "COMMENT": " "}}, {"type": "Feature", "id": 25578, "geometry": {"type": "Point", "coordinates": [-97.54797887338793, 35.441467170473]}, "properties": {"OBJECTID": 25578, "SUBTYPE": 2, "PROJECTNUMBER": "21E202", "INLETSIZE": null, "Location": "S Agnew Ave & SW 23rd", "COMMENT": " "}}, {"type": "Feature", "id": 25579, "geometry": {"type": "Point", "coordinates": [-97.54798043789681, 35.440449393191585]}, "properties": {"OBJECTID": 25579, "SUBTYPE": 2, "PROJECTNUMBER": " ", "INLETSIZE": null, "Location": "S Pennsylvania Ave & SW 24th", "COMMENT": " "}}, {"type": "Feature", "id": 25580, "geometry": {"type": "Point", "coordinates": [-97.54354012877651, 35.4404417012795]}, "properties": {"OBJECTID": 25580, "SUBTYPE": 2, "PROJECTNUMBER": "37E98", "INLETSIZE": null, "Location": null, "COMMENT": " "}}, {"type": "Feature", "id": 25581, "geometry": {"type": "Point", "coordinates": [-97.54354069604027, 35.43996262557203]}, "properties": {"OBJECTID": 25581, "SUBTYPE": 2, "PROJECTNUMBER": " ", "INLETSIZE": null, "Location": null, "COMMENT": " "}}, {"type": "Feature", "id": 25582, "geometry": {"type": "Point", "coordinates": [-97.54354266422668, 35.43949332180848]}, "properties": {"OBJECTID": 25582, "SUBTYPE": 2, "PROJECTNUMBER": " ", "INLETSIZE": null, "Location": null, "COMMENT": " "}}, {"type": "Feature", "id": 25583, "geometry": {"type": "Point", "coordinates": [-97.5435407454467, 35.43932006647541]}, "properties": {"OBJECTID": 25583, "SUBTYPE": 2, "PROJECTNUMBER": "37E98", "INLETSIZE": null, "Location": null, "COMMENT": " "}}, {"type": "Feature", "id": 25584, "geometry": {"type": "Point", "coordinates": [-97.54354181406754, 35.43832238904898]}, "properties": {"OBJECTID": 25584, "SUBTYPE": 2, "PROJECTNUMBER": "37E98", "INLETSIZE": null, "Location": null, "COMMENT": " "}}, {"type": "Feature", "id": 25585, "geometry": {"type": "Point", "coordinates": [-97.54129905728013, 35.441386348912474]}, "properties": {"OBJECTID": 25585, "SUBTYPE": 2, "PROJECTNUMBER": "21E89", "INLETSIZE": "4", "Location": "SW 23rd Street", "COMMENT": " "}}, {"type": "Feature", "id": 25586, "geometry": {"type": "Point", "coordinates": [-97.54133341181966, 35.440432694445185]}, "properties": {"OBJECTID": 25586, "SUBTYPE": 2, "PROJECTNUMBER": "37E98", "INLETSIZE": null, "Location": null, "COMMENT": " "}}, {"type": "Feature", "id": 25587, "geometry": {"type": "Point", "coordinates": [-97.54133047923922, 35.43939117994725]}, "properties": {"OBJECTID": 25587, "SUBTYPE": 2, "PROJECTNUMBER": "37E98", "INLETSIZE": null, "Location": null, "COMMENT": " "}}, {"type": "Feature", "id": 25588, "geometry": {"type": "Point", "coordinates": [-97.54133071179605, 35.43831802030563]}, "properties": {"OBJECTID": 25588, "SUBTYPE": 2, "PROJECTNUMBER": "52E88", "INLETSIZE": "4", "Location": "SW 26th Street", "COMMENT": " "}}, {"type": "Feature", "id": 25590, "geometry": {"type": "Point", "coordinates": [-97.53914419633047, 35.43939463577297]}, "properties": {"OBJECTID": 25590, "SUBTYPE": 2, "PROJECTNUMBER": "37E98", "INLETSIZE": null, "Location": null, "COMMENT": " "}}, {"type": "Feature", "id": 25591, "geometry": {"type": "Point", "coordinates": [-97.53906441961982, 35.43946075203084]}, "properties": {"OBJECTID": 25591, "SUBTYPE": 2, "PROJECTNUMBER": "37E98", "INLETSIZE": null, "Location": null, "COMMENT": " "}}, {"type": "Feature", "id": 25592, "geometry": {"type": "Point", "coordinates": [-97.5390657884337, 35.438320591857064]}, "properties": {"OBJECTID": 25592, "SUBTYPE": 2, "PROJECTNUMBER": "37E98", "INLETSIZE": null, "Location": null, "COMMENT": " "}}, {"type": "Feature", "id": 25593, "geometry": {"type": "Point", "coordinates": [-97.53897417026212, 35.44046485737423]}, "properties": {"OBJECTID": 25593, "SUBTYPE": 2, "PROJECTNUMBER": "10E87", "INLETSIZE": "4", "Location": "SW 24th Street", "COMMENT": " "}}, {"type": "Feature", "id": 25594, "geometry": {"type": "Point", "coordinates": [-97.53905939043749, 35.44038800524096]}, "properties": {"OBJECTID": 25594, "SUBTYPE": 2, "PROJECTNUMBER": "10E87", "INLETSIZE": "4", "Location": "SW 24th Street", "COMMENT": " "}}, {"type": "Feature", "id": 25595, "geometry": {"type": "Point", "coordinates": [-97.53906064398768, 35.440548572237745]}, "properties": {"OBJECTID": 25595, "SUBTYPE": 2, "PROJECTNUMBER": "10E87", "INLETSIZE": "4", "Location": "SW 24th Street", "COMMENT": " "}}, {"type": "Feature", "id": 25596, "geometry": {"type": "Point", "coordinates": [-97.5456657770348, 35.4373977594807]}, "properties": {"OBJECTID": 25596, "SUBTYPE": 2, "PROJECTNUMBER": " ", "INLETSIZE": null, "Location": null, "COMMENT": "Check survey"}}, {"type": "Feature", "id": 25597, "geometry": {"type": "Point", "coordinates": [-97.54566941350966, 35.43676180101181]}, "properties": {"OBJECTID": 25597, "SUBTYPE": 2, "PROJECTNUMBER": " ", "INLETSIZE": null, "Location": null, "COMMENT": "Check survey"}}, {"type": "Feature", "id": 25598, "geometry": {"type": "Point", "coordinates": [-97.54567176972759, 35.43634973258387]}, "properties": {"OBJECTID": 25598, "SUBTYPE": 2, "PROJECTNUMBER": " ", "INLETSIZE": null, "Location": null, "COMMENT": "Check survey"}}, {"type": "Feature", "id": 25599, "geometry": {"type": "Point", "coordinates": [-97.54563732942069, 35.43531950578012]}, "properties": {"OBJECTID": 25599, "SUBTYPE": 2, "PROJECTNUMBER": " ", "INLETSIZE": null, "Location": null, "COMMENT": " "}}, {"type": "Feature", "id": 25600, "geometry": {"type": "Point", "coordinates": [-97.54573579808883, 35.435179858894045]}, "properties": {"OBJECTID": 25600, "SUBTYPE": 2, "PROJECTNUMBER": " ", "INLETSIZE": null, "Location": null, "COMMENT": " "}}, {"type": "Feature", "id": 25604, "geometry": {"type": "Point", "coordinates": [-97.5435459394523, 35.43625526929885]}, "properties": {"OBJECTID": 25604, "SUBTYPE": 2, "PROJECTNUMBER": " ", "INLETSIZE": null, "Location": null, "COMMENT": " "}}, {"type": "Feature", "id": 25605, "geometry": {"type": "Point", "coordinates": [-97.5435430132541, 35.437271882191006]}, "properties": {"OBJECTID": 25605, "SUBTYPE": 2, "PROJECTNUMBER": " ", "INLETSIZE": null, "Location": null, "COMMENT": " "}}, {"type": "Feature", "id": 25606, "geometry": {"type": "Point", "coordinates": [-97.54191195605317, 35.43521510922912]}, "properties": {"OBJECTID": 25606, "SUBTYPE": 2, "PROJECTNUMBER": " ", "INLETSIZE": null, "Location": null, "COMMENT": " "}}, {"type": "Feature", "id": 25607, "geometry": {"type": "Point", "coordinates": [-97.54132454613949, 35.43521283943842]}, "properties": {"OBJECTID": 25607, "SUBTYPE": 2, "PROJECTNUMBER": "29E87", "INLETSIZE": "4", "Location": "S Indiana Avenue", "COMMENT": " "}}, {"type": "Feature", "id": 25608, "geometry": {"type": "Point", "coordinates": [-97.54070868536827, 35.4352104565882]}, "properties": {"OBJECTID": 25608, "SUBTYPE": 2, "PROJECTNUMBER": " ", "INLETSIZE": null, "Location": null, "COMMENT": " "}}, {"type": "Feature", "id": 25609, "geometry": {"type": "Point", "coordinates": [-97.53986952782815, 35.43520720462548]}, "properties": {"OBJECTID": 25609, "SUBTYPE": 2, "PROJECTNUMBER": " ", "INLETSIZE": null, "Location": null, "COMMENT": " "}}, {"type": "Feature", "id": 25610, "geometry": {"type": "Point", "coordinates": [-97.5390194586556, 35.43520151947155]}, "properties": {"OBJECTID": 25610, "SUBTYPE": 2, "PROJECTNUMBER": "37E98", "INLETSIZE": null, "Location": null, "COMMENT": " "}}, {"type": "Feature", "id": 25611, "geometry": {"type": "Point", "coordinates": [-97.53790172002475, 35.44047081915522]}, "properties": {"OBJECTID": 25611, "SUBTYPE": 2, "PROJECTNUMBER": "37E98", "INLETSIZE": null, "Location": null, "COMMENT": " "}}, {"type": "Feature", "id": 25624, "geometry": {"type": "Point", "coordinates": [-97.65868131339118, 35.4835368477891]}, "properties": {"OBJECTID": 25624, "SUBTYPE": 2, "PROJECTNUMBER": "39E201", "INLETSIZE": null, "Location": "N Markwell Ave, S of NW 15th", "COMMENT": " "}}, {"type": "Feature", "id": 25625, "geometry": {"type": "Point", "coordinates": [-97.6608503886823, 35.48372916877629]}, "properties": {"OBJECTID": 25625, "SUBTYPE": 2, "PROJECTNUMBER": "17E623", "INLETSIZE": null, "Location": "Golden Oaks Rd, W of N Markwell Ave", "COMMENT": " "}}, {"type": "Feature", "id": 25631, "geometry": {"type": "Point", "coordinates": [-97.51224028210443, 35.46933535232447]}, "properties": {"OBJECTID": 25631, "SUBTYPE": 2, "PROJECTNUMBER": " ", "INLETSIZE": null, "Location": null, "COMMENT": "Check survey"}}, {"type": "Feature", "id": 25632, "geometry": {"type": "Point", "coordinates": [-97.51196784147903, 35.46976732059778]}, "properties": {"OBJECTID": 25632, "SUBTYPE": 2, "PROJECTNUMBER": " ", "INLETSIZE": null, "Location": null, "COMMENT": "Check survey"}}, {"type": "Feature", "id": 25634, "geometry": {"type": "Point", "coordinates": [-97.51196540390536, 35.475985155407514]}, "properties": {"OBJECTID": 25634, "SUBTYPE": 2, "PROJECTNUMBER": " ", "INLETSIZE": null, "Location": null, "COMMENT": " "}}, {"type": "Feature", "id": 25635, "geometry": {"type": "Point", "coordinates": [-97.51208866759318, 35.47597848057318]}, "properties": {"OBJECTID": 25635, "SUBTYPE": 2, "PROJECTNUMBER": " ", "INLETSIZE": null, "Location": null, "COMMENT": " "}}, {"type": "Feature", "id": 25636, "geometry": {"type": "Point", "coordinates": [-97.51401657212166, 35.4781824966416]}, "properties": {"OBJECTID": 25636, "SUBTYPE": 2, "PROJECTNUMBER": " ", "INLETSIZE": null, "Location": null, "COMMENT": " "}}, {"type": "Feature", "id": 25637, "geometry": {"type": "Point", "coordinates": [-97.51409769135257, 35.47709329429459]}, "properties": {"OBJECTID": 25637, "SUBTYPE": 2, "PROJECTNUMBER": " ", "INLETSIZE": null, "Location": null, "COMMENT": " "}}, {"type": "Feature", "id": 25638, "geometry": {"type": "Point", "coordinates": [-97.51413266557077, 35.476047086524126]}, "properties": {"OBJECTID": 25638, "SUBTYPE": 2, "PROJECTNUMBER": " ", "INLETSIZE": null, "Location": null, "COMMENT": " "}}, {"type": "Feature", "id": 25639, "geometry": {"type": "Point", "coordinates": [-97.51450264273954, 35.467547782092055]}, "properties": {"OBJECTID": 25639, "SUBTYPE": 2, "PROJECTNUMBER": "12E618", "INLETSIZE": null, "Location": "Broadway", "COMMENT": null}}, {"type": "Feature", "id": 25640, "geometry": {"type": "Point", "coordinates": [-97.51642203759091, 35.46980455597235]}, "properties": {"OBJECTID": 25640, "SUBTYPE": 2, "PROJECTNUMBER": "PC-0394", "INLETSIZE": "4' DIA", "Location": "N Robinson Ave &  Robert S Kerr Ave", "COMMENT": null}}, {"type": "Feature", "id": 25641, "geometry": {"type": "Point", "coordinates": [-97.5168670770948, 35.471402334641795]}, "properties": {"OBJECTID": 25641, "SUBTYPE": 2, "PROJECTNUMBER": " ", "INLETSIZE": null, "Location": null, "COMMENT": "Check survey"}}, {"type": "Feature", "id": 25642, "geometry": {"type": "Point", "coordinates": [-97.51635713085639, 35.4714033959755]}, "properties": {"OBJECTID": 25642, "SUBTYPE": 2, "PROJECTNUMBER": " ", "INLETSIZE": null, "Location": null, "COMMENT": "Check survey"}}, {"type": "Feature", "id": 25643, "geometry": {"type": "Point", "coordinates": [-97.51622626495282, 35.4750663072115]}, "properties": {"OBJECTID": 25643, "SUBTYPE": 2, "PROJECTNUMBER": " ", "INLETSIZE": null, "Location": null, "COMMENT": " "}}, {"type": "Feature", "id": 25644, "geometry": {"type": "Point", "coordinates": [-97.51619260288396, 35.47610845679226]}, "properties": {"OBJECTID": 25644, "SUBTYPE": 2, "PROJECTNUMBER": " ", "INLETSIZE": null, "Location": null, "COMMENT": " "}}, {"type": "Feature", "id": 25645, "geometry": {"type": "Point", "coordinates": [-97.51615469399702, 35.47715303344814]}, "properties": {"OBJECTID": 25645, "SUBTYPE": 2, "PROJECTNUMBER": " ", "INLETSIZE": null, "Location": null, "COMMENT": " "}}, {"type": "Feature", "id": 25646, "geometry": {"type": "Point", "coordinates": [-97.51780420919363, 35.47613333073359]}, "properties": {"OBJECTID": 25646, "SUBTYPE": 2, "PROJECTNUMBER": " ", "INLETSIZE": null, "Location": null, "COMMENT": " "}}, {"type": "Feature", "id": 25648, "geometry": {"type": "Point", "coordinates": [-97.51703450073822, 35.475062891361034]}, "properties": {"OBJECTID": 25648, "SUBTYPE": 2, "PROJECTNUMBER": "DD-0062", "INLETSIZE": null, "Location": "NW 7th & N Harvey Ave", "COMMENT": " "}}, {"type": "Feature", "id": 25649, "geometry": {"type": "Point", "coordinates": [-97.51737309577899, 35.47507453460815]}, "properties": {"OBJECTID": 25649, "SUBTYPE": 2, "PROJECTNUMBER": "DD-0062", "INLETSIZE": null, "Location": "NW 7th & N Harvey Ave", "COMMENT": " "}}, {"type": "Feature", "id": 25651, "geometry": {"type": "Point", "coordinates": [-97.52134693914117, 35.47307216448479]}, "properties": {"OBJECTID": 25651, "SUBTYPE": 2, "PROJECTNUMBER": " ", "INLETSIZE": null, "Location": null, "COMMENT": " "}}, {"type": "Feature", "id": 25654, "geometry": {"type": "Point", "coordinates": [-97.52122616860626, 35.47871541143168]}, "properties": {"OBJECTID": 25654, "SUBTYPE": 2, "PROJECTNUMBER": " ", "INLETSIZE": null, "Location": null, "COMMENT": " "}}, {"type": "Feature", "id": 25655, "geometry": {"type": "Point", "coordinates": [-97.52130949549121, 35.47878391072227]}, "properties": {"OBJECTID": 25655, "SUBTYPE": 2, "PROJECTNUMBER": " ", "INLETSIZE": null, "Location": null, "COMMENT": " "}}, {"type": "Feature", "id": 25657, "geometry": {"type": "Point", "coordinates": [-97.52107251225675, 35.47908538041544]}, "properties": {"OBJECTID": 25657, "SUBTYPE": 2, "PROJECTNUMBER": " ", "INLETSIZE": null, "Location": null, "COMMENT": " "}}, {"type": "Feature", "id": 25658, "geometry": {"type": "Point", "coordinates": [-97.52263627051366, 35.48127925109557]}, "properties": {"OBJECTID": 25658, "SUBTYPE": 2, "PROJECTNUMBER": " ", "INLETSIZE": null, "Location": null, "COMMENT": " "}}, {"type": "Feature", "id": 25659, "geometry": {"type": "Point", "coordinates": [-97.52263388962508, 35.48065209897827]}, "properties": {"OBJECTID": 25659, "SUBTYPE": 2, "PROJECTNUMBER": " ", "INLETSIZE": null, "Location": null, "COMMENT": " "}}, {"type": "Feature", "id": 25661, "geometry": {"type": "Point", "coordinates": [-97.52295601059143, 35.47996941326961]}, "properties": {"OBJECTID": 25661, "SUBTYPE": 2, "PROJECTNUMBER": " ", "INLETSIZE": null, "Location": null, "COMMENT": " "}}, {"type": "Feature", "id": 25662, "geometry": {"type": "Point", "coordinates": [-97.52253947002268, 35.47878058550098]}, "properties": {"OBJECTID": 25662, "SUBTYPE": 2, "PROJECTNUMBER": " ", "INLETSIZE": null, "Location": null, "COMMENT": " "}}, {"type": "Feature", "id": 25663, "geometry": {"type": "Point", "coordinates": [-97.5226183091598, 35.47884301353423]}, "properties": {"OBJECTID": 25663, "SUBTYPE": 1, "PROJECTNUMBER": "PC-0231/232/233", "INLETSIZE": null, "Location": "NW 10th & N Dewey Ave", "COMMENT": " "}}, {"type": "Feature", "id": 25664, "geometry": {"type": "Point", "coordinates": [-97.52264080468024, 35.47886821894771]}, "properties": {"OBJECTID": 25664, "SUBTYPE": 2, "PROJECTNUMBER": " ", "INLETSIZE": null, "Location": null, "COMMENT": " "}}, {"type": "Feature", "id": 25665, "geometry": {"type": "Point", "coordinates": [-97.52290239552252, 35.474269750449665]}, "properties": {"OBJECTID": 25665, "SUBTYPE": 2, "PROJECTNUMBER": " ", "INLETSIZE": null, "Location": null, "COMMENT": " "}}, {"type": "Feature", "id": 25666, "geometry": {"type": "Point", "coordinates": [-97.52291258752774, 35.47323545279353]}, "properties": {"OBJECTID": 25666, "SUBTYPE": 2, "PROJECTNUMBER": " ", "INLETSIZE": null, "Location": null, "COMMENT": " "}}, {"type": "Feature", "id": 25668, "geometry": {"type": "Point", "coordinates": [-97.52291673320428, 35.47209963104902]}, "properties": {"OBJECTID": 25668, "SUBTYPE": 2, "PROJECTNUMBER": " ", "INLETSIZE": null, "Location": null, "COMMENT": " "}}, {"type": "Feature", "id": 25669, "geometry": {"type": "Point", "coordinates": [-97.52277227907015, 35.471958348982234]}, "properties": {"OBJECTID": 25669, "SUBTYPE": 2, "PROJECTNUMBER": " ", "INLETSIZE": null, "Location": null, "COMMENT": " "}}, {"type": "Feature", "id": 25670, "geometry": {"type": "Point", "coordinates": [-97.52422831138544, 35.46875819990501]}, "properties": {"OBJECTID": 25670, "SUBTYPE": 2, "PROJECTNUMBER": " ", "INLETSIZE": null, "Location": null, "COMMENT": " "}}, {"type": "Feature", "id": 25671, "geometry": {"type": "Point", "coordinates": [-97.52427983604647, 35.4687555448046]}, "properties": {"OBJECTID": 25671, "SUBTYPE": 2, "PROJECTNUMBER": " ", "INLETSIZE": null, "Location": null, "COMMENT": " "}}, {"type": "Feature", "id": 25672, "geometry": {"type": "Point", "coordinates": [-97.52444357899259, 35.4701479915419]}, "properties": {"OBJECTID": 25672, "SUBTYPE": 2, "PROJECTNUMBER": " ", "INLETSIZE": null, "Location": null, "COMMENT": " "}}, {"type": "Feature", "id": 25673, "geometry": {"type": "Point", "coordinates": [-97.5243956123188, 35.47104552208335]}, "properties": {"OBJECTID": 25673, "SUBTYPE": 2, "PROJECTNUMBER": " ", "INLETSIZE": null, "Location": null, "COMMENT": " "}}, {"type": "Feature", "id": 25674, "geometry": {"type": "Point", "coordinates": [-97.52430246389711, 35.47326669104918]}, "properties": {"OBJECTID": 25674, "SUBTYPE": 2, "PROJECTNUMBER": "39E98", "INLETSIZE": null, "Location": "N Lee Ave & NW 5th", "COMMENT": " "}}, {"type": "Feature", "id": 25677, "geometry": {"type": "Point", "coordinates": [-97.5226841590988, 35.47725408915629]}, "properties": {"OBJECTID": 25677, "SUBTYPE": 2, "PROJECTNUMBER": " ", "INLETSIZE": null, "Location": null, "COMMENT": " "}}, {"type": "Feature", "id": 25678, "geometry": {"type": "Point", "coordinates": [-97.5242904440744, 35.4772515294856]}, "properties": {"OBJECTID": 25678, "SUBTYPE": 2, "PROJECTNUMBER": "23E120", "INLETSIZE": null, "Location": "NW 9th & N Lee Ave", "COMMENT": " "}}, {"type": "Feature", "id": 25681, "geometry": {"type": "Point", "coordinates": [-97.5242154817731, 35.48002707608963]}, "properties": {"OBJECTID": 25681, "SUBTYPE": 2, "PROJECTNUMBER": " ", "INLETSIZE": null, "Location": null, "COMMENT": " "}}, {"type": "Feature", "id": 25682, "geometry": {"type": "Point", "coordinates": [-97.5241543799006, 35.4799675566496]}, "properties": {"OBJECTID": 25682, "SUBTYPE": 2, "PROJECTNUMBER": " ", "INLETSIZE": null, "Location": null, "COMMENT": " "}}, {"type": "Feature", "id": 25683, "geometry": {"type": "Point", "coordinates": [-97.5255755285446, 35.48002498243145]}, "properties": {"OBJECTID": 25683, "SUBTYPE": 2, "PROJECTNUMBER": " ", "INLETSIZE": null, "Location": null, "COMMENT": " "}}, {"type": "Feature", "id": 25684, "geometry": {"type": "Point", "coordinates": [-97.52577004728997, 35.476317036282865]}, "properties": {"OBJECTID": 25684, "SUBTYPE": 2, "PROJECTNUMBER": " ", "INLETSIZE": null, "Location": null, "COMMENT": " "}}, {"type": "Feature", "id": 25685, "geometry": {"type": "Point", "coordinates": [-97.52571175764173, 35.474247107792074]}, "properties": {"OBJECTID": 25685, "SUBTYPE": 2, "PROJECTNUMBER": " ", "INLETSIZE": null, "Location": null, "COMMENT": " "}}, {"type": "Feature", "id": 25688, "geometry": {"type": "Point", "coordinates": [-97.52734159630337, 35.47324454131745]}, "properties": {"OBJECTID": 25688, "SUBTYPE": 2, "PROJECTNUMBER": " ", "INLETSIZE": null, "Location": null, "COMMENT": " "}}, {"type": "Feature", "id": 25689, "geometry": {"type": "Point", "coordinates": [-97.52733825760822, 35.47437647078397]}, "properties": {"OBJECTID": 25689, "SUBTYPE": 2, "PROJECTNUMBER": " ", "INLETSIZE": null, "Location": null, "COMMENT": " "}}, {"type": "Feature", "id": 25691, "geometry": {"type": "Point", "coordinates": [-97.52571745289214, 35.47320340946349]}, "properties": {"OBJECTID": 25691, "SUBTYPE": 2, "PROJECTNUMBER": " ", "INLETSIZE": null, "Location": null, "COMMENT": " "}}, {"type": "Feature", "id": 25692, "geometry": {"type": "Point", "coordinates": [-97.52579514790608, 35.47320118544703]}, "properties": {"OBJECTID": 25692, "SUBTYPE": 2, "PROJECTNUMBER": " ", "INLETSIZE": null, "Location": null, "COMMENT": " "}}, {"type": "Feature", "id": 25693, "geometry": {"type": "Point", "coordinates": [-97.52574543260188, 35.47212340094038]}, "properties": {"OBJECTID": 25693, "SUBTYPE": 2, "PROJECTNUMBER": " ", "INLETSIZE": null, "Location": null, "COMMENT": " "}}, {"type": "Feature", "id": 25694, "geometry": {"type": "Point", "coordinates": [-97.52579253262978, 35.47221536926168]}, "properties": {"OBJECTID": 25694, "SUBTYPE": 2, "PROJECTNUMBER": " ", "INLETSIZE": null, "Location": null, "COMMENT": " "}}, {"type": "Feature", "id": 25695, "geometry": {"type": "Point", "coordinates": [-97.52563464390747, 35.470228612283144]}, "properties": {"OBJECTID": 25695, "SUBTYPE": 2, "PROJECTNUMBER": " ", "INLETSIZE": null, "Location": null, "COMMENT": " "}}, {"type": "Feature", "id": 25697, "geometry": {"type": "Point", "coordinates": [-97.52567494447463, 35.46949507597547]}, "properties": {"OBJECTID": 25697, "SUBTYPE": 2, "PROJECTNUMBER": " ", "INLETSIZE": null, "Location": null, "COMMENT": " "}}, {"type": "Feature", "id": 25701, "geometry": {"type": "Point", "coordinates": [-97.52882963243027, 35.47063277205061]}, "properties": {"OBJECTID": 25701, "SUBTYPE": 2, "PROJECTNUMBER": " ", "INLETSIZE": null, "Location": null, "COMMENT": " "}}, {"type": "Feature", "id": 25702, "geometry": {"type": "Point", "coordinates": [-97.5287679270378, 35.47109248839027]}, "properties": {"OBJECTID": 25702, "SUBTYPE": 2, "PROJECTNUMBER": " ", "INLETSIZE": null, "Location": null, "COMMENT": " "}}, {"type": "Feature", "id": 25705, "geometry": {"type": "Point", "coordinates": [-97.52872859768175, 35.472218121576276]}, "properties": {"OBJECTID": 25705, "SUBTYPE": 2, "PROJECTNUMBER": " ", "INLETSIZE": null, "Location": null, "COMMENT": " "}}, {"type": "Feature", "id": 25711, "geometry": {"type": "Point", "coordinates": [-97.52859969341893, 35.47742941691429]}, "properties": {"OBJECTID": 25711, "SUBTYPE": 2, "PROJECTNUMBER": " ", "INLETSIZE": null, "Location": null, "COMMENT": " "}}, {"type": "Feature", "id": 25712, "geometry": {"type": "Point", "coordinates": [-97.52881700281638, 35.47745528567518]}, "properties": {"OBJECTID": 25712, "SUBTYPE": 2, "PROJECTNUMBER": " ", "INLETSIZE": null, "Location": null, "COMMENT": " "}}, {"type": "Feature", "id": 25713, "geometry": {"type": "Point", "coordinates": [-97.52884217519902, 35.478671533126224]}, "properties": {"OBJECTID": 25713, "SUBTYPE": 2, "PROJECTNUMBER": "PC-0164", "INLETSIZE": "4' DIA", "Location": "NW 10th & N Classen Blvd", "COMMENT": " "}}, {"type": "Feature", "id": 25714, "geometry": {"type": "Point", "coordinates": [-97.52857961999497, 35.47971896617355]}, "properties": {"OBJECTID": 25714, "SUBTYPE": 2, "PROJECTNUMBER": " ", "INLETSIZE": null, "Location": null, "COMMENT": " "}}, {"type": "Feature", "id": 25715, "geometry": {"type": "Point", "coordinates": [-97.52857477921243, 35.480582110152355]}, "properties": {"OBJECTID": 25715, "SUBTYPE": 2, "PROJECTNUMBER": " ", "INLETSIZE": null, "Location": null, "COMMENT": " "}}, {"type": "Feature", "id": 25716, "geometry": {"type": "Point", "coordinates": [-97.52876909703015, 35.48063899988263]}, "properties": {"OBJECTID": 25716, "SUBTYPE": 2, "PROJECTNUMBER": " ", "INLETSIZE": null, "Location": null, "COMMENT": " "}}, {"type": "Feature", "id": 25717, "geometry": {"type": "Point", "coordinates": [-97.52717188718982, 35.48127419872041]}, "properties": {"OBJECTID": 25717, "SUBTYPE": 2, "PROJECTNUMBER": " ", "INLETSIZE": null, "Location": null, "COMMENT": " "}}, {"type": "Feature", "id": 25720, "geometry": {"type": "Point", "coordinates": [-97.52884999008108, 35.481215912625146]}, "properties": {"OBJECTID": 25720, "SUBTYPE": 2, "PROJECTNUMBER": " ", "INLETSIZE": null, "Location": null, "COMMENT": " "}}, {"type": "Feature", "id": 25721, "geometry": {"type": "Point", "coordinates": [-97.52899116823927, 35.48121823589259]}, "properties": {"OBJECTID": 25721, "SUBTYPE": 2, "PROJECTNUMBER": " ", "INLETSIZE": null, "Location": null, "COMMENT": " "}}, {"type": "Feature", "id": 25723, "geometry": {"type": "Point", "coordinates": [-97.52998846483162, 35.48074238090287]}, "properties": {"OBJECTID": 25723, "SUBTYPE": 2, "PROJECTNUMBER": " ", "INLETSIZE": null, "Location": null, "COMMENT": " "}}, {"type": "Feature", "id": 25724, "geometry": {"type": "Point", "coordinates": [-97.52991107202062, 35.480784844154336]}, "properties": {"OBJECTID": 25724, "SUBTYPE": 2, "PROJECTNUMBER": " ", "INLETSIZE": null, "Location": null, "COMMENT": " "}}, {"type": "Feature", "id": 25725, "geometry": {"type": "Point", "coordinates": [-97.53000066584643, 35.47875740431162]}, "properties": {"OBJECTID": 25725, "SUBTYPE": 2, "PROJECTNUMBER": " ", "INLETSIZE": null, "Location": null, "COMMENT": " "}}, {"type": "Feature", "id": 25726, "geometry": {"type": "Point", "coordinates": [-97.53011257009969, 35.478673919447125]}, "properties": {"OBJECTID": 25726, "SUBTYPE": 2, "PROJECTNUMBER": " ", "INLETSIZE": null, "Location": null, "COMMENT": " "}}, {"type": "Feature", "id": 25729, "geometry": {"type": "Point", "coordinates": [-97.52994797774909, 35.477247174264086]}, "properties": {"OBJECTID": 25729, "SUBTYPE": 2, "PROJECTNUMBER": " ", "INLETSIZE": null, "Location": null, "COMMENT": " "}}, {"type": "Feature", "id": 25730, "geometry": {"type": "Point", "coordinates": [-97.53001604260078, 35.476430454752816]}, "properties": {"OBJECTID": 25730, "SUBTYPE": 2, "PROJECTNUMBER": " ", "INLETSIZE": null, "Location": null, "COMMENT": " "}}, {"type": "Feature", "id": 25731, "geometry": {"type": "Point", "coordinates": [-97.53002407875158, 35.475373584897106]}, "properties": {"OBJECTID": 25731, "SUBTYPE": 2, "PROJECTNUMBER": " ", "INLETSIZE": null, "Location": null, "COMMENT": " "}}, {"type": "Feature", "id": 25732, "geometry": {"type": "Point", "coordinates": [-97.53002453133314, 35.475423902163186]}, "properties": {"OBJECTID": 25732, "SUBTYPE": 2, "PROJECTNUMBER": " ", "INLETSIZE": null, "Location": null, "COMMENT": " "}}, {"type": "Feature", "id": 25735, "geometry": {"type": "Point", "coordinates": [-97.53014792281817, 35.472144041971156]}, "properties": {"OBJECTID": 25735, "SUBTYPE": 2, "PROJECTNUMBER": " ", "INLETSIZE": null, "Location": null, "COMMENT": " "}}, {"type": "Feature", "id": 25737, "geometry": {"type": "Point", "coordinates": [-97.52943684778035, 35.46971953169779]}, "properties": {"OBJECTID": 25737, "SUBTYPE": 2, "PROJECTNUMBER": " ", "INLETSIZE": null, "Location": null, "COMMENT": " "}}, {"type": "Feature", "id": 25738, "geometry": {"type": "Point", "coordinates": [-97.52998740248911, 35.46986234972579]}, "properties": {"OBJECTID": 25738, "SUBTYPE": 2, "PROJECTNUMBER": " ", "INLETSIZE": null, "Location": null, "COMMENT": " "}}, {"type": "Feature", "id": 25742, "geometry": {"type": "Point", "coordinates": [-97.53002536560211, 35.46777575821003]}, "properties": {"OBJECTID": 25742, "SUBTYPE": 2, "PROJECTNUMBER": " ", "INLETSIZE": null, "Location": null, "COMMENT": " "}}, {"type": "Feature", "id": 25743, "geometry": {"type": "Point", "coordinates": [-97.53003676439099, 35.466539008442346]}, "properties": {"OBJECTID": 25743, "SUBTYPE": 2, "PROJECTNUMBER": "40E98", "INLETSIZE": null, "Location": "Western Ave.", "COMMENT": " "}}, {"type": "Feature", "id": 25744, "geometry": {"type": "Point", "coordinates": [-97.53017636213528, 35.46653944131318]}, "properties": {"OBJECTID": 25744, "SUBTYPE": 2, "PROJECTNUMBER": "PC-0029", "INLETSIZE": null, "Location": "W Sheridan Ave & N Western Ave", "COMMENT": " "}}, {"type": "Feature", "id": 25745, "geometry": {"type": "Point", "coordinates": [-97.51214454396387, 35.47176614651778]}, "properties": {"OBJECTID": 25745, "SUBTYPE": 2, "PROJECTNUMBER": " ", "INLETSIZE": null, "Location": null, "COMMENT": "Check survey"}}, {"type": "Feature", "id": 25746, "geometry": {"type": "Point", "coordinates": [-97.51190409838726, 35.47178091545419]}, "properties": {"OBJECTID": 25746, "SUBTYPE": 2, "PROJECTNUMBER": " ", "INLETSIZE": null, "Location": null, "COMMENT": "Check survey"}}, {"type": "Feature", "id": 25747, "geometry": {"type": "Point", "coordinates": [-97.5118737488208, 35.47285682788759]}, "properties": {"OBJECTID": 25747, "SUBTYPE": 2, "PROJECTNUMBER": " ", "INLETSIZE": null, "Location": null, "COMMENT": " "}}, {"type": "Feature", "id": 25748, "geometry": {"type": "Point", "coordinates": [-97.51112028517605, 35.493331416097355]}, "properties": {"OBJECTID": 25748, "SUBTYPE": 2, "PROJECTNUMBER": " ", "INLETSIZE": null, "Location": null, "COMMENT": " "}}, {"type": "Feature", "id": 25749, "geometry": {"type": "Point", "coordinates": [-97.51217320120034, 35.49327536342697]}, "properties": {"OBJECTID": 25749, "SUBTYPE": 2, "PROJECTNUMBER": " ", "INLETSIZE": null, "Location": null, "COMMENT": " "}}, {"type": "Feature", "id": 25750, "geometry": {"type": "Point", "coordinates": [-97.51127233828105, 35.49228266830768]}, "properties": {"OBJECTID": 25750, "SUBTYPE": 2, "PROJECTNUMBER": " ", "INLETSIZE": null, "Location": null, "COMMENT": "Check survey"}}, {"type": "Feature", "id": 25751, "geometry": {"type": "Point", "coordinates": [-97.51127867917369, 35.49125249592465]}, "properties": {"OBJECTID": 25751, "SUBTYPE": 2, "PROJECTNUMBER": " ", "INLETSIZE": null, "Location": null, "COMMENT": "Check survey"}}, {"type": "Feature", "id": 25752, "geometry": {"type": "Point", "coordinates": [-97.51128442810347, 35.49031847364762]}, "properties": {"OBJECTID": 25752, "SUBTYPE": 2, "PROJECTNUMBER": " ", "INLETSIZE": null, "Location": null, "COMMENT": "Check survey"}}, {"type": "Feature", "id": 25753, "geometry": {"type": "Point", "coordinates": [-97.51129009235804, 35.489398186998315]}, "properties": {"OBJECTID": 25753, "SUBTYPE": 2, "PROJECTNUMBER": " ", "INLETSIZE": null, "Location": null, "COMMENT": "Check survey"}}, {"type": "Feature", "id": 25756, "geometry": {"type": "Point", "coordinates": [-97.51003460564056, 35.493295172604945]}, "properties": {"OBJECTID": 25756, "SUBTYPE": 2, "PROJECTNUMBER": " ", "INLETSIZE": null, "Location": null, "COMMENT": " "}}, {"type": "Feature", "id": 25760, "geometry": {"type": "Point", "coordinates": [-97.50636334341317, 35.491170896098296]}, "properties": {"OBJECTID": 25760, "SUBTYPE": 2, "PROJECTNUMBER": " ", "INLETSIZE": null, "Location": null, "COMMENT": " "}}, {"type": "Feature", "id": 25761, "geometry": {"type": "Point", "coordinates": [-97.50497293283526, 35.49123238976553]}, "properties": {"OBJECTID": 25761, "SUBTYPE": 2, "PROJECTNUMBER": " ", "INLETSIZE": null, "Location": null, "COMMENT": " "}}, {"type": "Feature", "id": 25762, "geometry": {"type": "Point", "coordinates": [-97.5045202202103, 35.49116238284118]}, "properties": {"OBJECTID": 25762, "SUBTYPE": 2, "PROJECTNUMBER": " ", "INLETSIZE": null, "Location": null, "COMMENT": " "}}, {"type": "Feature", "id": 25763, "geometry": {"type": "Point", "coordinates": [-97.50407978046901, 35.490699663857605]}, "properties": {"OBJECTID": 25763, "SUBTYPE": 2, "PROJECTNUMBER": " ", "INLETSIZE": null, "Location": null, "COMMENT": " "}}, {"type": "Feature", "id": 25764, "geometry": {"type": "Point", "coordinates": [-97.50401286156406, 35.489948481267646]}, "properties": {"OBJECTID": 25764, "SUBTYPE": 2, "PROJECTNUMBER": " ", "INLETSIZE": null, "Location": null, "COMMENT": " "}}, {"type": "Feature", "id": 25765, "geometry": {"type": "Point", "coordinates": [-97.51129634824667, 35.488381751223685]}, "properties": {"OBJECTID": 25765, "SUBTYPE": 2, "PROJECTNUMBER": " ", "INLETSIZE": null, "Location": null, "COMMENT": "Check survey"}}, {"type": "Feature", "id": 25766, "geometry": {"type": "Point", "coordinates": [-97.51130192768909, 35.487475200236545]}, "properties": {"OBJECTID": 25766, "SUBTYPE": 2, "PROJECTNUMBER": " ", "INLETSIZE": null, "Location": null, "COMMENT": "Check survey"}}, {"type": "Feature", "id": 25767, "geometry": {"type": "Point", "coordinates": [-97.51122879542268, 35.48652811963706]}, "properties": {"OBJECTID": 25767, "SUBTYPE": 2, "PROJECTNUMBER": " ", "INLETSIZE": null, "Location": null, "COMMENT": "Check survey"}}, {"type": "Feature", "id": 25768, "geometry": {"type": "Point", "coordinates": [-97.51118167763693, 35.48598731088754]}, "properties": {"OBJECTID": 25768, "SUBTYPE": 2, "PROJECTNUMBER": " ", "INLETSIZE": null, "Location": null, "COMMENT": "Check survey"}}, {"type": "Feature", "id": 25769, "geometry": {"type": "Point", "coordinates": [-97.50393883818643, 35.48923678865954]}, "properties": {"OBJECTID": 25769, "SUBTYPE": 2, "PROJECTNUMBER": " ", "INLETSIZE": null, "Location": null, "COMMENT": " "}}, {"type": "Feature", "id": 25770, "geometry": {"type": "Point", "coordinates": [-97.5038267511359, 35.48831454439268]}, "properties": {"OBJECTID": 25770, "SUBTYPE": 2, "PROJECTNUMBER": " ", "INLETSIZE": null, "Location": null, "COMMENT": " "}}, {"type": "Feature", "id": 25771, "geometry": {"type": "Point", "coordinates": [-97.50372101851995, 35.48735299979995]}, "properties": {"OBJECTID": 25771, "SUBTYPE": 2, "PROJECTNUMBER": " ", "INLETSIZE": null, "Location": null, "COMMENT": " "}}, {"type": "Feature", "id": 25772, "geometry": {"type": "Point", "coordinates": [-97.50363071557577, 35.486445696432554]}, "properties": {"OBJECTID": 25772, "SUBTYPE": 2, "PROJECTNUMBER": " ", "INLETSIZE": null, "Location": null, "COMMENT": " "}}, {"type": "Feature", "id": 25776, "geometry": {"type": "Point", "coordinates": [-97.50882559562672, 35.48454940675937]}, "properties": {"OBJECTID": 25776, "SUBTYPE": 2, "PROJECTNUMBER": " ", "INLETSIZE": null, "Location": null, "COMMENT": " "}}, {"type": "Feature", "id": 25779, "geometry": {"type": "Point", "coordinates": [-97.51156600483532, 35.4836344473887]}, "properties": {"OBJECTID": 25779, "SUBTYPE": 2, "PROJECTNUMBER": " ", "INLETSIZE": null, "Location": null, "COMMENT": " "}}, {"type": "Feature", "id": 25780, "geometry": {"type": "Point", "coordinates": [-97.51111403032193, 35.48358866684112]}, "properties": {"OBJECTID": 25780, "SUBTYPE": 2, "PROJECTNUMBER": " ", "INLETSIZE": null, "Location": null, "COMMENT": " "}}, {"type": "Feature", "id": 25781, "geometry": {"type": "Point", "coordinates": [-97.51120300160595, 35.48357796428708]}, "properties": {"OBJECTID": 25781, "SUBTYPE": 2, "PROJECTNUMBER": " ", "INLETSIZE": null, "Location": null, "COMMENT": " "}}, {"type": "Feature", "id": 25782, "geometry": {"type": "Point", "coordinates": [-97.51118169580064, 35.48407895262864]}, "properties": {"OBJECTID": 25782, "SUBTYPE": 2, "PROJECTNUMBER": "1E113", "INLETSIZE": null, "Location": "N Oklahoma Ave", "COMMENT": " "}}, {"type": "Feature", "id": 25783, "geometry": {"type": "Point", "coordinates": [-97.51116275070753, 35.484544404899005]}, "properties": {"OBJECTID": 25783, "SUBTYPE": 2, "PROJECTNUMBER": "1E113", "INLETSIZE": null, "Location": "N Oklahoma Ave", "COMMENT": " "}}, {"type": "Feature", "id": 25784, "geometry": {"type": "Point", "coordinates": [-97.51116392010684, 35.48548271864329]}, "properties": {"OBJECTID": 25784, "SUBTYPE": 2, "PROJECTNUMBER": " ", "INLETSIZE": null, "Location": null, "COMMENT": " "}}, {"type": "Feature", "id": 25785, "geometry": {"type": "Point", "coordinates": [-97.51122257669593, 35.483002922740724]}, "properties": {"OBJECTID": 25785, "SUBTYPE": 2, "PROJECTNUMBER": "1E113", "INLETSIZE": null, "Location": "N Oklahoma Ave", "COMMENT": " "}}, {"type": "Feature", "id": 25786, "geometry": {"type": "Point", "coordinates": [-97.51124327569207, 35.4824466447637]}, "properties": {"OBJECTID": 25786, "SUBTYPE": 2, "PROJECTNUMBER": "1E113", "INLETSIZE": null, "Location": "N Oklahoma Ave", "COMMENT": " "}}, {"type": "Feature", "id": 25787, "geometry": {"type": "Point", "coordinates": [-97.51114265044602, 35.48222806148895]}, "properties": {"OBJECTID": 25787, "SUBTYPE": 2, "PROJECTNUMBER": " ", "INLETSIZE": null, "Location": null, "COMMENT": " "}}, {"type": "Feature", "id": 25788, "geometry": {"type": "Point", "coordinates": [-97.50883569923896, 35.48230449467449]}, "properties": {"OBJECTID": 25788, "SUBTYPE": 2, "PROJECTNUMBER": " ", "INLETSIZE": null, "Location": null, "COMMENT": " "}}, {"type": "Feature", "id": 25789, "geometry": {"type": "Point", "coordinates": [-97.50883287896808, 35.48358532883648]}, "properties": {"OBJECTID": 25789, "SUBTYPE": 2, "PROJECTNUMBER": " ", "INLETSIZE": null, "Location": null, "COMMENT": " "}}, {"type": "Feature", "id": 25790, "geometry": {"type": "Point", "coordinates": [-97.50876055306857, 35.48358860682807]}, "properties": {"OBJECTID": 25790, "SUBTYPE": 2, "PROJECTNUMBER": " ", "INLETSIZE": null, "Location": null, "COMMENT": " "}}, {"type": "Feature", "id": 25791, "geometry": {"type": "Point", "coordinates": [-97.50876576881926, 35.48231011876817]}, "properties": {"OBJECTID": 25791, "SUBTYPE": 2, "PROJECTNUMBER": " ", "INLETSIZE": null, "Location": null, "COMMENT": " "}}, {"type": "Feature", "id": 25792, "geometry": {"type": "Point", "coordinates": [-97.50876699900287, 35.48246484697133]}, "properties": {"OBJECTID": 25792, "SUBTYPE": 2, "PROJECTNUMBER": " ", "INLETSIZE": null, "Location": null, "COMMENT": " "}}, {"type": "Feature", "id": 25793, "geometry": {"type": "Point", "coordinates": [-97.50875900006282, 35.48454646690403]}, "properties": {"OBJECTID": 25793, "SUBTYPE": 2, "PROJECTNUMBER": " ", "INLETSIZE": null, "Location": null, "COMMENT": " "}}, {"type": "Feature", "id": 25794, "geometry": {"type": "Point", "coordinates": [-97.50882510043112, 35.48461539040753]}, "properties": {"OBJECTID": 25794, "SUBTYPE": 2, "PROJECTNUMBER": "1E113", "INLETSIZE": null, "Location": "NE 15th", "COMMENT": " "}}, {"type": "Feature", "id": 25795, "geometry": {"type": "Point", "coordinates": [-97.51115075294078, 35.48460591304963]}, "properties": {"OBJECTID": 25795, "SUBTYPE": 2, "PROJECTNUMBER": "1E113", "INLETSIZE": null, "Location": "N Oklahoma Ave", "COMMENT": " "}}, {"type": "Feature", "id": 25796, "geometry": {"type": "Point", "coordinates": [-97.50990951473769, 35.48461092991744]}, "properties": {"OBJECTID": 25796, "SUBTYPE": 2, "PROJECTNUMBER": "1E113", "INLETSIZE": null, "Location": "NE 15th", "COMMENT": " "}}, {"type": "Feature", "id": 25797, "geometry": {"type": "Point", "coordinates": [-97.50882175381994, 35.48548209196324]}, "properties": {"OBJECTID": 25797, "SUBTYPE": 2, "PROJECTNUMBER": " ", "INLETSIZE": null, "Location": null, "COMMENT": " "}}, {"type": "Feature", "id": 25799, "geometry": {"type": "Point", "coordinates": [-97.50735198769702, 35.48246811270297]}, "properties": {"OBJECTID": 25799, "SUBTYPE": 2, "PROJECTNUMBER": " ", "INLETSIZE": null, "Location": null, "COMMENT": " "}}, {"type": "Feature", "id": 25800, "geometry": {"type": "Point", "coordinates": [-97.50569732757758, 35.483594545300505]}, "properties": {"OBJECTID": 25800, "SUBTYPE": 2, "PROJECTNUMBER": "1E113", "INLETSIZE": null, "Location": "N Stiles Ave", "COMMENT": " "}}, {"type": "Feature", "id": 25801, "geometry": {"type": "Point", "coordinates": [-97.50577721850861, 35.48359392438277]}, "properties": {"OBJECTID": 25801, "SUBTYPE": 2, "PROJECTNUMBER": " ", "INLETSIZE": null, "Location": null, "COMMENT": " "}}, {"type": "Feature", "id": 25802, "geometry": {"type": "Point", "coordinates": [-97.5056912347919, 35.48410492109093]}, "properties": {"OBJECTID": 25802, "SUBTYPE": 2, "PROJECTNUMBER": "1E113", "INLETSIZE": null, "Location": "N Stiles Ave", "COMMENT": " "}}, {"type": "Feature", "id": 25803, "geometry": {"type": "Point", "coordinates": [-97.50569091784041, 35.48462424299897]}, "properties": {"OBJECTID": 25803, "SUBTYPE": 2, "PROJECTNUMBER": "1E113", "INLETSIZE": null, "Location": "N Stiles Ave", "COMMENT": " "}}, {"type": "Feature", "id": 25804, "geometry": {"type": "Point", "coordinates": [-97.5057758001709, 35.484622807350526]}, "properties": {"OBJECTID": 25804, "SUBTYPE": 2, "PROJECTNUMBER": " ", "INLETSIZE": null, "Location": null, "COMMENT": " "}}, {"type": "Feature", "id": 25805, "geometry": {"type": "Point", "coordinates": [-97.50577404251462, 35.48455375978947]}, "properties": {"OBJECTID": 25805, "SUBTYPE": 2, "PROJECTNUMBER": " ", "INLETSIZE": null, "Location": null, "COMMENT": " "}}, {"type": "Feature", "id": 25806, "geometry": {"type": "Point", "coordinates": [-97.50729144535362, 35.48461738224005]}, "properties": {"OBJECTID": 25806, "SUBTYPE": 2, "PROJECTNUMBER": "1E113", "INLETSIZE": null, "Location": "NE 15th", "COMMENT": " "}}, {"type": "Feature", "id": 25807, "geometry": {"type": "Point", "coordinates": [-97.50576685039206, 35.48547577762533]}, "properties": {"OBJECTID": 25807, "SUBTYPE": 2, "PROJECTNUMBER": " ", "INLETSIZE": null, "Location": null, "COMMENT": " "}}, {"type": "Feature", "id": 25808, "geometry": {"type": "Point", "coordinates": [-97.50352476647609, 35.485504572664944]}, "properties": {"OBJECTID": 25808, "SUBTYPE": 2, "PROJECTNUMBER": " ", "INLETSIZE": null, "Location": null, "COMMENT": "Check survey"}}, {"type": "Feature", "id": 25809, "geometry": {"type": "Point", "coordinates": [-97.50351874860795, 35.48543547749809]}, "properties": {"OBJECTID": 25809, "SUBTYPE": 2, "PROJECTNUMBER": "1E113", "INLETSIZE": null, "Location": "NE 16th", "COMMENT": null}}, {"type": "Feature", "id": 25810, "geometry": {"type": "Point", "coordinates": [-97.50352476647609, 35.485504572664944]}, "properties": {"OBJECTID": 25810, "SUBTYPE": 2, "PROJECTNUMBER": " ", "INLETSIZE": null, "Location": null, "COMMENT": "Check survey"}}, {"type": "Feature", "id": 25814, "geometry": {"type": "Point", "coordinates": [-97.50346643595915, 35.48459796355857]}, "properties": {"OBJECTID": 25814, "SUBTYPE": 2, "PROJECTNUMBER": " ", "INLETSIZE": null, "Location": null, "COMMENT": " "}}, {"type": "Feature", "id": 25815, "geometry": {"type": "Point", "coordinates": [-97.50337863808174, 35.483602592860834]}, "properties": {"OBJECTID": 25815, "SUBTYPE": 2, "PROJECTNUMBER": " ", "INLETSIZE": null, "Location": null, "COMMENT": " "}}, {"type": "Feature", "id": 25816, "geometry": {"type": "Point", "coordinates": [-97.504223509018, 35.48232275308534]}, "properties": {"OBJECTID": 25816, "SUBTYPE": 2, "PROJECTNUMBER": " ", "INLETSIZE": null, "Location": null, "COMMENT": " "}}, {"type": "Feature", "id": 25817, "geometry": {"type": "Point", "coordinates": [-97.51114323470347, 35.48134950011156]}, "properties": {"OBJECTID": 25817, "SUBTYPE": 0, "PROJECTNUMBER": " ", "INLETSIZE": null, "Location": null, "COMMENT": null}}, {"type": "Feature", "id": 25818, "geometry": {"type": "Point", "coordinates": [-97.51122755396868, 35.48027759517214]}, "properties": {"OBJECTID": 25818, "SUBTYPE": 2, "PROJECTNUMBER": " ", "INLETSIZE": null, "Location": null, "COMMENT": " "}}, {"type": "Feature", "id": 25819, "geometry": {"type": "Point", "coordinates": [-97.51126389557295, 35.47924546840539]}, "properties": {"OBJECTID": 25819, "SUBTYPE": 2, "PROJECTNUMBER": " ", "INLETSIZE": null, "Location": null, "COMMENT": " "}}, {"type": "Feature", "id": 25821, "geometry": {"type": "Point", "coordinates": [-97.50883905360762, 35.47924638998911]}, "properties": {"OBJECTID": 25821, "SUBTYPE": 2, "PROJECTNUMBER": " ", "INLETSIZE": null, "Location": null, "COMMENT": "Check survey"}}, {"type": "Feature", "id": 25822, "geometry": {"type": "Point", "coordinates": [-97.50875746674741, 35.48037601179219]}, "properties": {"OBJECTID": 25822, "SUBTYPE": 2, "PROJECTNUMBER": " ", "INLETSIZE": null, "Location": null, "COMMENT": " "}}, {"type": "Feature", "id": 25823, "geometry": {"type": "Point", "coordinates": [-97.51006820548773, 35.480254198872814]}, "properties": {"OBJECTID": 25823, "SUBTYPE": 2, "PROJECTNUMBER": " ", "INLETSIZE": null, "Location": null, "COMMENT": "Check survey"}}, {"type": "Feature", "id": 25824, "geometry": {"type": "Point", "coordinates": [-97.50884087046367, 35.481309499531825]}, "properties": {"OBJECTID": 25824, "SUBTYPE": 2, "PROJECTNUMBER": " ", "INLETSIZE": null, "Location": null, "COMMENT": " "}}, {"type": "Feature", "id": 25828, "geometry": {"type": "Point", "coordinates": [-97.50205448579689, 35.49115548514729]}, "properties": {"OBJECTID": 25828, "SUBTYPE": 2, "PROJECTNUMBER": " ", "INLETSIZE": null, "Location": null, "COMMENT": " "}}, {"type": "Feature", "id": 25829, "geometry": {"type": "Point", "coordinates": [-97.50276003896374, 35.49115987387097]}, "properties": {"OBJECTID": 25829, "SUBTYPE": 2, "PROJECTNUMBER": " ", "INLETSIZE": null, "Location": null, "COMMENT": " "}}, {"type": "Feature", "id": 25831, "geometry": {"type": "Point", "coordinates": [-97.50263998945422, 35.4902684414155]}, "properties": {"OBJECTID": 25831, "SUBTYPE": 2, "PROJECTNUMBER": " ", "INLETSIZE": null, "Location": null, "COMMENT": " "}}, {"type": "Feature", "id": 25832, "geometry": {"type": "Point", "coordinates": [-97.50266818821667, 35.48924535844842]}, "properties": {"OBJECTID": 25832, "SUBTYPE": 2, "PROJECTNUMBER": " ", "INLETSIZE": null, "Location": null, "COMMENT": " "}}, {"type": "Feature", "id": 25836, "geometry": {"type": "Point", "coordinates": [-97.49843209315017, 35.48836544946024]}, "properties": {"OBJECTID": 25836, "SUBTYPE": 2, "PROJECTNUMBER": " ", "INLETSIZE": null, "Location": null, "COMMENT": " "}}, {"type": "Feature", "id": 25837, "geometry": {"type": "Point", "coordinates": [-97.498630223434, 35.4879768370933]}, "properties": {"OBJECTID": 25837, "SUBTYPE": 2, "PROJECTNUMBER": " ", "INLETSIZE": null, "Location": null, "COMMENT": " "}}, {"type": "Feature", "id": 25838, "geometry": {"type": "Point", "coordinates": [-97.49881727754035, 35.487563458342386]}, "properties": {"OBJECTID": 25838, "SUBTYPE": 2, "PROJECTNUMBER": " ", "INLETSIZE": null, "Location": null, "COMMENT": " "}}, {"type": "Feature", "id": 25841, "geometry": {"type": "Point", "coordinates": [-97.49687406745781, 35.48722074144108]}, "properties": {"OBJECTID": 25841, "SUBTYPE": 2, "PROJECTNUMBER": " ", "INLETSIZE": null, "Location": null, "COMMENT": " "}}, {"type": "Feature", "id": 25842, "geometry": {"type": "Point", "coordinates": [-97.49687352918065, 35.486262686284064]}, "properties": {"OBJECTID": 25842, "SUBTYPE": 2, "PROJECTNUMBER": " ", "INLETSIZE": null, "Location": null, "COMMENT": " "}}, {"type": "Feature", "id": 25845, "geometry": {"type": "Point", "coordinates": [-97.50091692034401, 35.48548697228826]}, "properties": {"OBJECTID": 25845, "SUBTYPE": 2, "PROJECTNUMBER": " ", "INLETSIZE": null, "Location": null, "COMMENT": " "}}, {"type": "Feature", "id": 25846, "geometry": {"type": "Point", "coordinates": [-97.50092449369139, 35.484555338245954]}, "properties": {"OBJECTID": 25846, "SUBTYPE": 2, "PROJECTNUMBER": " ", "INLETSIZE": null, "Location": null, "COMMENT": " "}}, {"type": "Feature", "id": 25847, "geometry": {"type": "Point", "coordinates": [-97.50109925143559, 35.48455702466977]}, "properties": {"OBJECTID": 25847, "SUBTYPE": 2, "PROJECTNUMBER": " ", "INLETSIZE": null, "Location": null, "COMMENT": " "}}, {"type": "Feature", "id": 25848, "geometry": {"type": "Point", "coordinates": [-97.50112171697639, 35.48358199664564]}, "properties": {"OBJECTID": 25848, "SUBTYPE": 2, "PROJECTNUMBER": " ", "INLETSIZE": null, "Location": null, "COMMENT": " "}}, {"type": "Feature", "id": 25849, "geometry": {"type": "Point", "coordinates": [-97.50093843813185, 35.4835818327828]}, "properties": {"OBJECTID": 25849, "SUBTYPE": 2, "PROJECTNUMBER": " ", "INLETSIZE": null, "Location": null, "COMMENT": " "}}, {"type": "Feature", "id": 25850, "geometry": {"type": "Point", "coordinates": [-97.49886424655874, 35.48454225244225]}, "properties": {"OBJECTID": 25850, "SUBTYPE": 2, "PROJECTNUMBER": " ", "INLETSIZE": null, "Location": null, "COMMENT": " "}}, {"type": "Feature", "id": 25851, "geometry": {"type": "Point", "coordinates": [-97.49668825332486, 35.4845431656441]}, "properties": {"OBJECTID": 25851, "SUBTYPE": 1, "PROJECTNUMBER": "DC-0128", "INLETSIZE": "6'x6'", "Location": "NE 15th & McMechan Pkwy", "COMMENT": " "}}, {"type": "Feature", "id": 25852, "geometry": {"type": "Point", "coordinates": [-97.49874866586278, 35.4854826733352]}, "properties": {"OBJECTID": 25852, "SUBTYPE": 2, "PROJECTNUMBER": " ", "INLETSIZE": null, "Location": null, "COMMENT": " "}}, {"type": "Feature", "id": 25853, "geometry": {"type": "Point", "coordinates": [-97.49808674409182, 35.485479876333365]}, "properties": {"OBJECTID": 25853, "SUBTYPE": 2, "PROJECTNUMBER": " ", "INLETSIZE": null, "Location": null, "COMMENT": " "}}, {"type": "Feature", "id": 25854, "geometry": {"type": "Point", "coordinates": [-97.49700028743976, 35.48547170012896]}, "properties": {"OBJECTID": 25854, "SUBTYPE": 2, "PROJECTNUMBER": " ", "INLETSIZE": null, "Location": null, "COMMENT": " "}}, {"type": "Feature", "id": 25855, "geometry": {"type": "Point", "coordinates": [-97.49673087458098, 35.48546268885107]}, "properties": {"OBJECTID": 25855, "SUBTYPE": 2, "PROJECTNUMBER": " ", "INLETSIZE": null, "Location": null, "COMMENT": " "}}, {"type": "Feature", "id": 25860, "geometry": {"type": "Point", "coordinates": [-97.4988748792635, 35.48234438337659]}, "properties": {"OBJECTID": 25860, "SUBTYPE": 2, "PROJECTNUMBER": "9E612", "INLETSIZE": "4'", "Location": "NE 13th & N Phillips Ave", "COMMENT": " "}}, {"type": "Feature", "id": 25862, "geometry": {"type": "Point", "coordinates": [-97.49771607833321, 35.48233829295529]}, "properties": {"OBJECTID": 25862, "SUBTYPE": 2, "PROJECTNUMBER": " ", "INLETSIZE": null, "Location": null, "COMMENT": " "}}, {"type": "Feature", "id": 25863, "geometry": {"type": "Point", "coordinates": [-97.49719126305872, 35.48233189699568]}, "properties": {"OBJECTID": 25863, "SUBTYPE": 1, "PROJECTNUMBER": "DC-0128", "INLETSIZE": "4.5'x3.5'", "Location": "NE 13th & Everett Dr", "COMMENT": " "}}, {"type": "Feature", "id": 25864, "geometry": {"type": "Point", "coordinates": [-97.49453457422706, 35.48545749909741]}, "properties": {"OBJECTID": 25864, "SUBTYPE": 2, "PROJECTNUMBER": " ", "INLETSIZE": null, "Location": null, "COMMENT": " "}}, {"type": "Feature", "id": 25865, "geometry": {"type": "Point", "coordinates": [-97.49662061739004, 35.48546997439362]}, "properties": {"OBJECTID": 25865, "SUBTYPE": 2, "PROJECTNUMBER": " ", "INLETSIZE": null, "Location": null, "COMMENT": " "}}, {"type": "Feature", "id": 25866, "geometry": {"type": "Point", "coordinates": [-97.49449611781958, 35.48407502805876]}, "properties": {"OBJECTID": 25866, "SUBTYPE": 2, "PROJECTNUMBER": " ", "INLETSIZE": null, "Location": null, "COMMENT": " "}}, {"type": "Feature", "id": 25867, "geometry": {"type": "Point", "coordinates": [-97.49450161830451, 35.48321096278861]}, "properties": {"OBJECTID": 25867, "SUBTYPE": 2, "PROJECTNUMBER": " ", "INLETSIZE": null, "Location": null, "COMMENT": " "}}, {"type": "Feature", "id": 25868, "geometry": {"type": "Point", "coordinates": [-97.494516057962, 35.482316713822144]}, "properties": {"OBJECTID": 25868, "SUBTYPE": 2, "PROJECTNUMBER": " ", "INLETSIZE": null, "Location": null, "COMMENT": " "}}, {"type": "Feature", "id": 25869, "geometry": {"type": "Point", "coordinates": [-97.49522134712815, 35.48232269591197]}, "properties": {"OBJECTID": 25869, "SUBTYPE": 2, "PROJECTNUMBER": " ", "INLETSIZE": null, "Location": null, "COMMENT": " "}}, {"type": "Feature", "id": 25871, "geometry": {"type": "Point", "coordinates": [-97.49618669627326, 35.48231129658914]}, "properties": {"OBJECTID": 25871, "SUBTYPE": 2, "PROJECTNUMBER": " ", "INLETSIZE": null, "Location": null, "COMMENT": " "}}, {"type": "Feature", "id": 25874, "geometry": {"type": "Point", "coordinates": [-97.49921075750703, 35.48014644242643]}, "properties": {"OBJECTID": 25874, "SUBTYPE": 2, "PROJECTNUMBER": "9E612", "INLETSIZE": null, "Location": "N Phillips Ave & Stanton L Young Blvd", "COMMENT": " "}}, {"type": "Feature", "id": 25875, "geometry": {"type": "Point", "coordinates": [-97.49783691770409, 35.480130979573374]}, "properties": {"OBJECTID": 25875, "SUBTYPE": 2, "PROJECTNUMBER": "9E612", "INLETSIZE": null, "Location": "N Phillips Ave & Stanton L Young Blvd", "COMMENT": "Check survey"}}, {"type": "Feature", "id": 25876, "geometry": {"type": "Point", "coordinates": [-97.49731662629875, 35.48011687722635]}, "properties": {"OBJECTID": 25876, "SUBTYPE": 2, "PROJECTNUMBER": "9E612", "INLETSIZE": null, "Location": "N Phillips Ave & Stanton L Young Blvd", "COMMENT": "Check survey"}}, {"type": "Feature", "id": 25878, "geometry": {"type": "Point", "coordinates": [-97.4970237768155, 35.48026003620835]}, "properties": {"OBJECTID": 25878, "SUBTYPE": 2, "PROJECTNUMBER": "9E612", "INLETSIZE": null, "Location": "N Phillips Ave & Stanton L Young Blvd", "COMMENT": "Check survey"}}, {"type": "Feature", "id": 25879, "geometry": {"type": "Point", "coordinates": [-97.53893542232763, 35.37220455631862]}, "properties": {"OBJECTID": 25879, "SUBTYPE": 0, "PROJECTNUMBER": " ", "INLETSIZE": null, "Location": null, "COMMENT": " "}}, {"type": "Feature", "id": 25881, "geometry": {"type": "Point", "coordinates": [-97.54412200485724, 35.37721487923377]}, "properties": {"OBJECTID": 25881, "SUBTYPE": 2, "PROJECTNUMBER": "3E206", "INLETSIZE": "6' DIA", "Location": "SW 89th & S Kentucky Ave", "COMMENT": " "}}, {"type": "Feature", "id": 25882, "geometry": {"type": "Point", "coordinates": [-97.54459675602602, 35.377216668906954]}, "properties": {"OBJECTID": 25882, "SUBTYPE": 2, "PROJECTNUMBER": "3E206", "INLETSIZE": "6' DIA", "Location": "SW 89th & S Kentucky Ave", "COMMENT": " "}}, {"type": "Feature", "id": 25883, "geometry": {"type": "Point", "coordinates": [-97.54351862126738, 35.37608423328024]}, "properties": {"OBJECTID": 25883, "SUBTYPE": 2, "PROJECTNUMBER": " ", "INLETSIZE": null, "Location": null, "COMMENT": " "}}, {"type": "Feature", "id": 25884, "geometry": {"type": "Point", "coordinates": [-97.53894427205806, 35.372459968172336]}, "properties": {"OBJECTID": 25884, "SUBTYPE": 2, "PROJECTNUMBER": " ", "INLETSIZE": null, "Location": null, "COMMENT": " "}}, {"type": "Feature", "id": 25885, "geometry": {"type": "Point", "coordinates": [-97.54748964707207, 35.367111706567854]}, "properties": {"OBJECTID": 25885, "SUBTYPE": 2, "PROJECTNUMBER": "16E616", "INLETSIZE": null, "Location": "S Pennsylvania Ave & Kingsgate Rd", "COMMENT": " "}}, {"type": "Feature", "id": 25886, "geometry": {"type": "Point", "coordinates": [-97.54611428354283, 35.3680968068445]}, "properties": {"OBJECTID": 25886, "SUBTYPE": 2, "PROJECTNUMBER": "16E616", "INLETSIZE": null, "Location": "S Pennsylvania Ave & Kingsgate Rd", "COMMENT": " "}}, {"type": "Feature", "id": 25887, "geometry": {"type": "Point", "coordinates": [-97.53524064057027, 35.37020280323773]}, "properties": {"OBJECTID": 25887, "SUBTYPE": 2, "PROJECTNUMBER": "14E617", "INLETSIZE": null, "Location": "SW 98th & S Winston Way", "COMMENT": " "}}, {"type": "Feature", "id": 25888, "geometry": {"type": "Point", "coordinates": [-97.5355525753107, 35.37020402592887]}, "properties": {"OBJECTID": 25888, "SUBTYPE": 2, "PROJECTNUMBER": "14E617", "INLETSIZE": null, "Location": "SW 98th & S Winston Way", "COMMENT": " "}}, {"type": "Feature", "id": 25889, "geometry": {"type": "Point", "coordinates": [-97.53624366278952, 35.37020680306438]}, "properties": {"OBJECTID": 25889, "SUBTYPE": 2, "PROJECTNUMBER": "14E617", "INLETSIZE": null, "Location": "SW 98th & S Winston Way", "COMMENT": " "}}, {"type": "Feature", "id": 25891, "geometry": {"type": "Point", "coordinates": [-97.50931412699244, 35.37739170025129]}, "properties": {"OBJECTID": 25891, "SUBTYPE": 1, "PROJECTNUMBER": "DD-0096", "INLETSIZE": "10'x8'", "Location": "SE 89th, W of S Shields Blvd", "COMMENT": " "}}, {"type": "Feature", "id": 25893, "geometry": {"type": "Point", "coordinates": [-97.52026037218363, 35.368659716185334]}, "properties": {"OBJECTID": 25893, "SUBTYPE": 2, "PROJECTNUMBER": " ", "INLETSIZE": null, "Location": null, "COMMENT": " "}}, {"type": "Feature", "id": 25894, "geometry": {"type": "Point", "coordinates": [-97.51660844436181, 35.36573282426581]}, "properties": {"OBJECTID": 25894, "SUBTYPE": 2, "PROJECTNUMBER": " ", "INLETSIZE": null, "Location": null, "COMMENT": " "}}, {"type": "Feature", "id": 25895, "geometry": {"type": "Point", "coordinates": [-97.51660408858295, 35.36635365752799]}, "properties": {"OBJECTID": 25895, "SUBTYPE": 2, "PROJECTNUMBER": " ", "INLETSIZE": null, "Location": null, "COMMENT": " "}}, {"type": "Feature", "id": 25896, "geometry": {"type": "Point", "coordinates": [-97.51736172086125, 35.3676087418343]}, "properties": {"OBJECTID": 25896, "SUBTYPE": 2, "PROJECTNUMBER": " ", "INLETSIZE": null, "Location": null, "COMMENT": " "}}, {"type": "Feature", "id": 25897, "geometry": {"type": "Point", "coordinates": [-97.51790925828246, 35.36783546643768]}, "properties": {"OBJECTID": 25897, "SUBTYPE": 2, "PROJECTNUMBER": " ", "INLETSIZE": null, "Location": null, "COMMENT": " "}}, {"type": "Feature", "id": 25898, "geometry": {"type": "Point", "coordinates": [-97.51867920986037, 35.367962638191486]}, "properties": {"OBJECTID": 25898, "SUBTYPE": 2, "PROJECTNUMBER": " ", "INLETSIZE": null, "Location": null, "COMMENT": " "}}, {"type": "Feature", "id": 25899, "geometry": {"type": "Point", "coordinates": [-97.52556808259995, 35.36349884333131]}, "properties": {"OBJECTID": 25899, "SUBTYPE": 1, "PROJECTNUMBER": " ", "INLETSIZE": null, "Location": null, "COMMENT": " "}}, {"type": "Feature", "id": 25900, "geometry": {"type": "Point", "coordinates": [-97.52553569165885, 35.36537310697284]}, "properties": {"OBJECTID": 25900, "SUBTYPE": 2, "PROJECTNUMBER": " ", "INLETSIZE": null, "Location": null, "COMMENT": " "}}, {"type": "Feature", "id": 25901, "geometry": {"type": "Point", "coordinates": [-97.52553373092393, 35.36402716314992]}, "properties": {"OBJECTID": 25901, "SUBTYPE": 2, "PROJECTNUMBER": " ", "INLETSIZE": null, "Location": null, "COMMENT": " "}}, {"type": "Feature", "id": 25902, "geometry": {"type": "Point", "coordinates": [-97.51261749424972, 35.37817193041095]}, "properties": {"OBJECTID": 25902, "SUBTYPE": 2, "PROJECTNUMBER": "DD-0157", "INLETSIZE": null, "Location": "NW of S Santa Fe Ave & SW 89th", "COMMENT": " "}}, {"type": "Feature", "id": 25909, "geometry": {"type": "Point", "coordinates": [-97.53458332397315, 35.404205745550065]}, "properties": {"OBJECTID": 25909, "SUBTYPE": 2, "PROJECTNUMBER": "14E600", "INLETSIZE": "4'", "Location": "SW 61st & S Douglas Ave", "COMMENT": " "}}, {"type": "Feature", "id": 25910, "geometry": {"type": "Point", "coordinates": [-97.53004864083192, 35.40132613865102]}, "properties": {"OBJECTID": 25910, "SUBTYPE": 2, "PROJECTNUMBER": "24E603", "INLETSIZE": null, "Location": "Western Avenue", "COMMENT": " "}}, {"type": "Feature", "id": 25911, "geometry": {"type": "Point", "coordinates": [-97.53005925814419, 35.4024777997859]}, "properties": {"OBJECTID": 25911, "SUBTYPE": 2, "PROJECTNUMBER": " ", "INLETSIZE": null, "Location": null, "COMMENT": " "}}, {"type": "Feature", "id": 25912, "geometry": {"type": "Point", "coordinates": [-97.53006677913908, 35.403210305561025]}, "properties": {"OBJECTID": 25912, "SUBTYPE": 2, "PROJECTNUMBER": "24E603", "INLETSIZE": null, "Location": "Western Avenue", "COMMENT": " "}}, {"type": "Feature", "id": 25913, "geometry": {"type": "Point", "coordinates": [-97.53508972717428, 35.3953993628837]}, "properties": {"OBJECTID": 25913, "SUBTYPE": 1, "PROJECTNUMBER": "DC-0101", "INLETSIZE": "10'x5'", "Location": "SW 70th & S Douglas Ave", "COMMENT": " "}}, {"type": "Feature", "id": 25914, "geometry": {"type": "Point", "coordinates": [-97.53463148591722, 35.39445482932162]}, "properties": {"OBJECTID": 25914, "SUBTYPE": 2, "PROJECTNUMBER": " ", "INLETSIZE": null, "Location": null, "COMMENT": " "}}, {"type": "Feature", "id": 25915, "geometry": {"type": "Point", "coordinates": [-97.53443512547543, 35.394996070520776]}, "properties": {"OBJECTID": 25915, "SUBTYPE": 2, "PROJECTNUMBER": " ", "INLETSIZE": null, "Location": null, "COMMENT": " "}}, {"type": "Feature", "id": 25916, "geometry": {"type": "Point", "coordinates": [-97.53443491336222, 35.39530745185224]}, "properties": {"OBJECTID": 25916, "SUBTYPE": 2, "PROJECTNUMBER": " ", "INLETSIZE": null, "Location": null, "COMMENT": " "}}, {"type": "Feature", "id": 25918, "geometry": {"type": "Point", "coordinates": [-97.5433342312877, 35.393458774719214]}, "properties": {"OBJECTID": 25918, "SUBTYPE": 2, "PROJECTNUMBER": " ", "INLETSIZE": null, "Location": null, "COMMENT": "Check survey"}}, {"type": "Feature", "id": 25919, "geometry": {"type": "Point", "coordinates": [-97.54347759523993, 35.39359026534039]}, "properties": {"OBJECTID": 25919, "SUBTYPE": 2, "PROJECTNUMBER": " ", "INLETSIZE": null, "Location": null, "COMMENT": "Check survey"}}, {"type": "Feature", "id": 25920, "geometry": {"type": "Point", "coordinates": [-97.54339443624534, 35.394052288981534]}, "properties": {"OBJECTID": 25920, "SUBTYPE": 2, "PROJECTNUMBER": " ", "INLETSIZE": null, "Location": null, "COMMENT": "Check survey"}}, {"type": "Feature", "id": 25921, "geometry": {"type": "Point", "coordinates": [-97.53918109665462, 35.40453794700031]}, "properties": {"OBJECTID": 25921, "SUBTYPE": 2, "PROJECTNUMBER": "30E606", "INLETSIZE": null, "Location": "Hillcrest Heights", "COMMENT": " "}}, {"type": "Feature", "id": 25924, "geometry": {"type": "Point", "coordinates": [-97.53917598889949, 35.40247308996612]}, "properties": {"OBJECTID": 25924, "SUBTYPE": 2, "PROJECTNUMBER": "16E201", "INLETSIZE": null, "Location": "S Blackwelder Ave & SW 62nd", "COMMENT": " "}}, {"type": "Feature", "id": 25925, "geometry": {"type": "Point", "coordinates": [-97.53916019095962, 35.401162161479775]}, "properties": {"OBJECTID": 25925, "SUBTYPE": 2, "PROJECTNUMBER": "16E201", "INLETSIZE": null, "Location": "S Blackwelder Ave, S of SW 63rd", "COMMENT": " "}}, {"type": "Feature", "id": 25927, "geometry": {"type": "Point", "coordinates": [-97.5412586596316, 35.4011732791012]}, "properties": {"OBJECTID": 25927, "SUBTYPE": 2, "PROJECTNUMBER": "16E201", "INLETSIZE": null, "Location": "SE of S Indiana Ave & SW 63rd", "COMMENT": " "}}, {"type": "Feature", "id": 25928, "geometry": {"type": "Point", "coordinates": [-97.54125914840628, 35.40076049681007]}, "properties": {"OBJECTID": 25928, "SUBTYPE": 2, "PROJECTNUMBER": "16E201", "INLETSIZE": null, "Location": "SE of S Indiana Ave & SW 63rd", "COMMENT": " "}}, {"type": "Feature", "id": 25929, "geometry": {"type": "Point", "coordinates": [-97.54194549010192, 35.399007200137675]}, "properties": {"OBJECTID": 25929, "SUBTYPE": 2, "PROJECTNUMBER": "16E201", "INLETSIZE": null, "Location": "S Indiana Ave & SW 66th", "COMMENT": " "}}, {"type": "Feature", "id": 25931, "geometry": {"type": "Point", "coordinates": [-97.54447155012092, 35.399008585483266]}, "properties": {"OBJECTID": 25931, "SUBTYPE": 1, "PROJECTNUMBER": " ", "INLETSIZE": null, "Location": null, "COMMENT": " "}}, {"type": "Feature", "id": 25932, "geometry": {"type": "Point", "coordinates": [-97.52802248085418, 35.409917691351126]}, "properties": {"OBJECTID": 25932, "SUBTYPE": 2, "PROJECTNUMBER": "ST-0251", "INLETSIZE": null, "Location": "SW 56th, W of S Francis Ave", "COMMENT": " "}}, {"type": "Feature", "id": 25934, "geometry": {"type": "Point", "coordinates": [-97.52800038875345, 35.40870557018843]}, "properties": {"OBJECTID": 25934, "SUBTYPE": 0, "PROJECTNUMBER": "ST-0861", "INLETSIZE": null, "Location": null, "COMMENT": "NW of S Francis Ave & SW 58th"}}, {"type": "Feature", "id": 25935, "geometry": {"type": "Point", "coordinates": [-97.52724550898488, 35.40726811072863]}, "properties": {"OBJECTID": 25935, "SUBTYPE": 2, "PROJECTNUMBER": "ST-0861", "INLETSIZE": null, "Location": "SW 58th & S Francis Ave", "COMMENT": " "}}, {"type": "Feature", "id": 25936, "geometry": {"type": "Point", "coordinates": [-97.5273545978974, 35.407334133470066]}, "properties": {"OBJECTID": 25936, "SUBTYPE": 2, "PROJECTNUMBER": "ST-0861", "INLETSIZE": null, "Location": "SW 59th & S Francis Ave", "COMMENT": " "}}, {"type": "Feature", "id": 25938, "geometry": {"type": "Point", "coordinates": [-97.51318319429912, 35.413102832024684]}, "properties": {"OBJECTID": 25938, "SUBTYPE": 2, "PROJECTNUMBER": "7E209", "INLETSIZE": "4' DIA", "Location": "Philbrooke Dr & S Santa Fe Ave", "COMMENT": " "}}, {"type": "Feature", "id": 25939, "geometry": {"type": "Point", "coordinates": [-97.5263203711435, 35.4081446541747]}, "properties": {"OBJECTID": 25939, "SUBTYPE": 2, "PROJECTNUMBER": "ST-0861", "INLETSIZE": null, "Location": "S Shartel Ave, N of SW 58th", "COMMENT": " "}}, {"type": "Feature", "id": 25940, "geometry": {"type": "Point", "coordinates": [-97.5264100543361, 35.407269924491445]}, "properties": {"OBJECTID": 25940, "SUBTYPE": 2, "PROJECTNUMBER": "ST-0861", "INLETSIZE": null, "Location": "SW 58th & S Francis Ave", "COMMENT": " "}}, {"type": "Feature", "id": 25941, "geometry": {"type": "Point", "coordinates": [-97.52685469850886, 35.40681914293677]}, "properties": {"OBJECTID": 25941, "SUBTYPE": 2, "PROJECTNUMBER": " ", "INLETSIZE": null, "Location": null, "COMMENT": " "}}, {"type": "Feature", "id": 25942, "geometry": {"type": "Point", "coordinates": [-97.52687765291643, 35.40630204914763]}, "properties": {"OBJECTID": 25942, "SUBTYPE": 2, "PROJECTNUMBER": "77E94", "INLETSIZE": null, "Location": "SW 59th & S Francis Ave", "COMMENT": " "}}, {"type": "Feature", "id": 25943, "geometry": {"type": "Point", "coordinates": [-97.52749777267927, 35.40630273347559]}, "properties": {"OBJECTID": 25943, "SUBTYPE": 2, "PROJECTNUMBER": "77E94", "INLETSIZE": null, "Location": "SW 59th & S Francis Ave", "COMMENT": " "}}, {"type": "Feature", "id": 25944, "geometry": {"type": "Point", "coordinates": [-97.52569626810968, 35.40989295118251]}, "properties": {"OBJECTID": 25944, "SUBTYPE": 2, "PROJECTNUMBER": "4E114", "INLETSIZE": null, "Location": "SW 54th & S Shartel Ave", "COMMENT": " "}}, {"type": "Feature", "id": 25945, "geometry": {"type": "Point", "coordinates": [-97.52569210990804, 35.410555262512695]}, "properties": {"OBJECTID": 25945, "SUBTYPE": 2, "PROJECTNUMBER": "4E114", "INLETSIZE": null, "Location": "SW 54th & S Shartel Ave", "COMMENT": " "}}, {"type": "Feature", "id": 25947, "geometry": {"type": "Point", "coordinates": [-97.52583894342678, 35.40990246447534]}, "properties": {"OBJECTID": 25947, "SUBTYPE": 2, "PROJECTNUMBER": " ", "INLETSIZE": null, "Location": null, "COMMENT": " "}}, {"type": "Feature", "id": 25948, "geometry": {"type": "Point", "coordinates": [-97.52583945269302, 35.41058591383061]}, "properties": {"OBJECTID": 25948, "SUBTYPE": 2, "PROJECTNUMBER": " ", "INLETSIZE": null, "Location": null, "COMMENT": " "}}, {"type": "Feature", "id": 25949, "geometry": {"type": "Point", "coordinates": [-97.52800150857716, 35.410643426338424]}, "properties": {"OBJECTID": 25949, "SUBTYPE": 2, "PROJECTNUMBER": " ", "INLETSIZE": null, "Location": null, "COMMENT": " "}}, {"type": "Feature", "id": 25950, "geometry": {"type": "Point", "coordinates": [-97.52802128829062, 35.41069733545527]}, "properties": {"OBJECTID": 25950, "SUBTYPE": 0, "PROJECTNUMBER": " ", "INLETSIZE": null, "Location": null, "COMMENT": " "}}, {"type": "Feature", "id": 25951, "geometry": {"type": "Point", "coordinates": [-97.53002767864903, 35.41066142554456]}, "properties": {"OBJECTID": 25951, "SUBTYPE": 2, "PROJECTNUMBER": " ", "INLETSIZE": null, "Location": null, "COMMENT": " "}}, {"type": "Feature", "id": 25952, "geometry": {"type": "Point", "coordinates": [-97.53006071284484, 35.410992591939014]}, "properties": {"OBJECTID": 25952, "SUBTYPE": 2, "PROJECTNUMBER": " ", "INLETSIZE": null, "Location": null, "COMMENT": " "}}, {"type": "Feature", "id": 25953, "geometry": {"type": "Point", "coordinates": [-97.5280258942184, 35.410595247736964]}, "properties": {"OBJECTID": 25953, "SUBTYPE": 2, "PROJECTNUMBER": " ", "INLETSIZE": null, "Location": null, "COMMENT": " "}}, {"type": "Feature", "id": 25954, "geometry": {"type": "Point", "coordinates": [-97.53009549593381, 35.41063097874171]}, "properties": {"OBJECTID": 25954, "SUBTYPE": 2, "PROJECTNUMBER": "4E114", "INLETSIZE": null, "Location": "SW 54th & S Western Ave", "COMMENT": " "}}, {"type": "Feature", "id": 25955, "geometry": {"type": "Point", "coordinates": [-97.52397050464926, 35.4157600956031]}, "properties": {"OBJECTID": 25955, "SUBTYPE": 2, "PROJECTNUMBER": " ", "INLETSIZE": null, "Location": null, "COMMENT": " "}}, {"type": "Feature", "id": 25956, "geometry": {"type": "Point", "coordinates": [-97.52573473233058, 35.41576592266356]}, "properties": {"OBJECTID": 25956, "SUBTYPE": 2, "PROJECTNUMBER": "16E113", "INLETSIZE": null, "Location": "SW 50th & S Walker Ave", "COMMENT": " "}}, {"type": "Feature", "id": 25957, "geometry": {"type": "Point", "coordinates": [-97.52573589971658, 35.417065155250015]}, "properties": {"OBJECTID": 25957, "SUBTYPE": 2, "PROJECTNUMBER": "16E113", "INLETSIZE": null, "Location": "SW 48th & S Shartel Ave", "COMMENT": " "}}, {"type": "Feature", "id": 25958, "geometry": {"type": "Point", "coordinates": [-97.52585831934475, 35.417067428407854]}, "properties": {"OBJECTID": 25958, "SUBTYPE": 2, "PROJECTNUMBER": "16E113", "INLETSIZE": null, "Location": "SW 48th & S Shartel Ave", "COMMENT": " "}}, {"type": "Feature", "id": 25959, "geometry": {"type": "Point", "coordinates": [-97.52639306895912, 35.417070161703606]}, "properties": {"OBJECTID": 25959, "SUBTYPE": 2, "PROJECTNUMBER": "16E113", "INLETSIZE": null, "Location": "SW 48th & S Shartel Ave", "COMMENT": " "}}, {"type": "Feature", "id": 25960, "geometry": {"type": "Point", "coordinates": [-97.52706279824204, 35.417070449404086]}, "properties": {"OBJECTID": 25960, "SUBTYPE": 2, "PROJECTNUMBER": "16E113", "INLETSIZE": null, "Location": "SW 48th & S Shartel Ave", "COMMENT": " "}}, {"type": "Feature", "id": 25961, "geometry": {"type": "Point", "coordinates": [-97.52790395240494, 35.417076418958736]}, "properties": {"OBJECTID": 25961, "SUBTYPE": 2, "PROJECTNUMBER": "16E113", "INLETSIZE": null, "Location": "SW 48th & S Shartel Ave", "COMMENT": " "}}, {"type": "Feature", "id": 25962, "geometry": {"type": "Point", "coordinates": [-97.52231113189728, 35.419754579926646]}, "properties": {"OBJECTID": 25962, "SUBTYPE": 2, "PROJECTNUMBER": "16E113", "INLETSIZE": null, "Location": "SW 45th & S Dewey Ave", "COMMENT": " "}}, {"type": "Feature", "id": 25963, "geometry": {"type": "Point", "coordinates": [-97.52128070631908, 35.41790370821864]}, "properties": {"OBJECTID": 25963, "SUBTYPE": 1, "PROJECTNUMBER": "16E113", "INLETSIZE": "42\"x30\"", "Location": "S Walker Ave, S of SW 44th", "COMMENT": " "}}, {"type": "Feature", "id": 25964, "geometry": {"type": "Point", "coordinates": [-97.52128746009963, 35.41847511142924]}, "properties": {"OBJECTID": 25964, "SUBTYPE": 2, "PROJECTNUMBER": "16E113", "INLETSIZE": null, "Location": "S Walker Ave, S of SW 44th", "COMMENT": " "}}, {"type": "Feature", "id": 25965, "geometry": {"type": "Point", "coordinates": [-97.5215825592923, 35.41889455453127]}, "properties": {"OBJECTID": 25965, "SUBTYPE": 2, "PROJECTNUMBER": "16E113", "INLETSIZE": null, "Location": "S Walker Ave, S of SW 44th", "COMMENT": " "}}, {"type": "Feature", "id": 25966, "geometry": {"type": "Point", "coordinates": [-97.5213019556249, 35.42066807925621]}, "properties": {"OBJECTID": 25966, "SUBTYPE": 2, "PROJECTNUMBER": "16E113", "INLETSIZE": null, "Location": "S Walker Ave, S of SW 44th", "COMMENT": " "}}, {"type": "Feature", "id": 25967, "geometry": {"type": "Point", "coordinates": [-97.53337182476943, 35.41113688569139]}, "properties": {"OBJECTID": 25967, "SUBTYPE": 2, "PROJECTNUMBER": "4E114", "INLETSIZE": null, "Location": "SW 54th, W of S Klein Ave", "COMMENT": " "}}, {"type": "Feature", "id": 25968, "geometry": {"type": "Point", "coordinates": [-97.53337964627627, 35.4125136457551]}, "properties": {"OBJECTID": 25968, "SUBTYPE": 2, "PROJECTNUMBER": " ", "INLETSIZE": null, "Location": null, "COMMENT": " "}}, {"type": "Feature", "id": 25969, "geometry": {"type": "Point", "coordinates": [-97.53338214613147, 35.41208784260115]}, "properties": {"OBJECTID": 25969, "SUBTYPE": 2, "PROJECTNUMBER": " ", "INLETSIZE": null, "Location": null, "COMMENT": " "}}, {"type": "Feature", "id": 25970, "geometry": {"type": "Point", "coordinates": [-97.53338283963349, 35.411969716816905]}, "properties": {"OBJECTID": 25970, "SUBTYPE": 2, "PROJECTNUMBER": "4E114", "INLETSIZE": null, "Location": "SW 54th, W of S Klein Ave", "COMMENT": " "}}, {"type": "Feature", "id": 25971, "geometry": {"type": "Point", "coordinates": [-97.53336606143957, 35.41196965079965]}, "properties": {"OBJECTID": 25971, "SUBTYPE": 2, "PROJECTNUMBER": "4E114", "INLETSIZE": null, "Location": "SW 54th, W of S Klein Ave", "COMMENT": " "}}, {"type": "Feature", "id": 25972, "geometry": {"type": "Point", "coordinates": [-97.53374877017626, 35.41251509754849]}, "properties": {"OBJECTID": 25972, "SUBTYPE": 2, "PROJECTNUMBER": " ", "INLETSIZE": null, "Location": null, "COMMENT": " "}}, {"type": "Feature", "id": 25973, "geometry": {"type": "Point", "coordinates": [-97.5337457082263, 35.41303704962307]}, "properties": {"OBJECTID": 25973, "SUBTYPE": 2, "PROJECTNUMBER": "47E110", "INLETSIZE": "4", "Location": "S.W. 52nd Street", "COMMENT": " "}}, {"type": "Feature", "id": 25974, "geometry": {"type": "Point", "coordinates": [-97.53424906082495, 35.41303902749699]}, "properties": {"OBJECTID": 25974, "SUBTYPE": 2, "PROJECTNUMBER": "47E110", "INLETSIZE": "4", "Location": "S.W. 52nd Street", "COMMENT": " "}}, {"type": "Feature", "id": 25975, "geometry": {"type": "Point", "coordinates": [-97.5345817490946, 35.411004177020835]}, "properties": {"OBJECTID": 25975, "SUBTYPE": 2, "PROJECTNUMBER": "4E114", "INLETSIZE": null, "Location": "SW 54th & S Douglas Ave", "COMMENT": " "}}, {"type": "Feature", "id": 25976, "geometry": {"type": "Point", "coordinates": [-97.53009826598431, 35.41100004761739]}, "properties": {"OBJECTID": 25976, "SUBTYPE": 2, "PROJECTNUMBER": "4E114", "INLETSIZE": null, "Location": "SW 54th & S Western Ave", "COMMENT": " "}}, {"type": "Feature", "id": 25977, "geometry": {"type": "Point", "coordinates": [-97.532381667509, 35.409986818847216]}, "properties": {"OBJECTID": 25977, "SUBTYPE": 2, "PROJECTNUMBER": "4E114", "INLETSIZE": null, "Location": "S Klein Ave & SW 54th", "COMMENT": " "}}, {"type": "Feature", "id": 25978, "geometry": {"type": "Point", "coordinates": [-97.53238255681919, 35.41094963133744]}, "properties": {"OBJECTID": 25978, "SUBTYPE": 2, "PROJECTNUMBER": "4E114", "INLETSIZE": null, "Location": "S Klein Ave & SW 54th", "COMMENT": " "}}, {"type": "Feature", "id": 25979, "geometry": {"type": "Point", "coordinates": [-97.530293041256, 35.411009049940255]}, "properties": {"OBJECTID": 25979, "SUBTYPE": 2, "PROJECTNUMBER": "4E114", "INLETSIZE": null, "Location": "SW 54th & S Western Ave", "COMMENT": " "}}, {"type": "Feature", "id": 25981, "geometry": {"type": "Point", "coordinates": [-97.53029604210813, 35.41291659279979]}, "properties": {"OBJECTID": 25981, "SUBTYPE": 2, "PROJECTNUMBER": " ", "INLETSIZE": null, "Location": null, "COMMENT": " "}}, {"type": "Feature", "id": 25982, "geometry": {"type": "Point", "coordinates": [-97.53028403168784, 35.41371651854954]}, "properties": {"OBJECTID": 25982, "SUBTYPE": 2, "PROJECTNUMBER": " ", "INLETSIZE": null, "Location": null, "COMMENT": " "}}, {"type": "Feature", "id": 25983, "geometry": {"type": "Point", "coordinates": [-97.53689476490187, 35.40726786083794]}, "properties": {"OBJECTID": 25983, "SUBTYPE": 2, "PROJECTNUMBER": "24E114", "INLETSIZE": null, "Location": "S McKinley Ave & SW 58th", "COMMENT": " "}}, {"type": "Feature", "id": 25984, "geometry": {"type": "Point", "coordinates": [-97.53693775967815, 35.40953746362976]}, "properties": {"OBJECTID": 25984, "SUBTYPE": 2, "PROJECTNUMBER": "4E121", "INLETSIZE": null, "Location": "S McKinley Ave & SW 56th", "COMMENT": " "}}, {"type": "Feature", "id": 25985, "geometry": {"type": "Point", "coordinates": [-97.53693204777817, 35.408126318787716]}, "properties": {"OBJECTID": 25985, "SUBTYPE": 2, "PROJECTNUMBER": "24E114", "INLETSIZE": null, "Location": "S McKinley Ave & SW 58th", "COMMENT": " "}}, {"type": "Feature", "id": 25986, "geometry": {"type": "Point", "coordinates": [-97.53716544327784, 35.40962489024191]}, "properties": {"OBJECTID": 25986, "SUBTYPE": 2, "PROJECTNUMBER": "4E121", "INLETSIZE": null, "Location": "S McKinley Ave & SW 56th", "COMMENT": " "}}, {"type": "Feature", "id": 25987, "geometry": {"type": "Point", "coordinates": [-97.54780552111683, 35.40836644235682]}, "properties": {"OBJECTID": 25987, "SUBTYPE": 2, "PROJECTNUMBER": "6E121", "INLETSIZE": null, "Location": "S Pennsylvania Ave & SW 56th", "COMMENT": " "}}, {"type": "Feature", "id": 25988, "geometry": {"type": "Point", "coordinates": [-97.53101118701846, 35.415858237421965]}, "properties": {"OBJECTID": 25988, "SUBTYPE": 2, "PROJECTNUMBER": "36E114", "INLETSIZE": null, "Location": "SW 50th & S Western Ave", "COMMENT": " "}}, {"type": "Feature", "id": 25989, "geometry": {"type": "Point", "coordinates": [-97.53101621229048, 35.415006631049955]}, "properties": {"OBJECTID": 25989, "SUBTYPE": 2, "PROJECTNUMBER": "36E114", "INLETSIZE": null, "Location": "SW 50th & S Western Ave", "COMMENT": " "}}, {"type": "Feature", "id": 25990, "geometry": {"type": "Point", "coordinates": [-97.53029218834995, 35.41401896097461]}, "properties": {"OBJECTID": 25990, "SUBTYPE": 2, "PROJECTNUMBER": " ", "INLETSIZE": null, "Location": null, "COMMENT": " "}}, {"type": "Feature", "id": 25994, "geometry": {"type": "Point", "coordinates": [-97.53424458071574, 35.41393242036559]}, "properties": {"OBJECTID": 25994, "SUBTYPE": 2, "PROJECTNUMBER": " ", "INLETSIZE": null, "Location": null, "COMMENT": " "}}, {"type": "Feature", "id": 25995, "geometry": {"type": "Point", "coordinates": [-97.53462713410836, 35.41393392213979]}, "properties": {"OBJECTID": 25995, "SUBTYPE": 2, "PROJECTNUMBER": " ", "INLETSIZE": null, "Location": null, "COMMENT": " "}}, {"type": "Feature", "id": 25996, "geometry": {"type": "Point", "coordinates": [-97.53462167126258, 35.41486687664832]}, "properties": {"OBJECTID": 25996, "SUBTYPE": 2, "PROJECTNUMBER": " ", "INLETSIZE": null, "Location": null, "COMMENT": " "}}, {"type": "Feature", "id": 25997, "geometry": {"type": "Point", "coordinates": [-97.53461829323619, 35.41544377106095]}, "properties": {"OBJECTID": 25997, "SUBTYPE": 2, "PROJECTNUMBER": " ", "INLETSIZE": null, "Location": null, "COMMENT": " "}}, {"type": "Feature", "id": 25998, "geometry": {"type": "Point", "coordinates": [-97.53542368292959, 35.415446928712846]}, "properties": {"OBJECTID": 25998, "SUBTYPE": 2, "PROJECTNUMBER": " ", "INLETSIZE": null, "Location": null, "COMMENT": " "}}, {"type": "Feature", "id": 25999, "geometry": {"type": "Point", "coordinates": [-97.53921435866535, 35.41976054201779]}, "properties": {"OBJECTID": 25999, "SUBTYPE": 2, "PROJECTNUMBER": "5E113", "INLETSIZE": null, "Location": "S Blackwelder Ave & SW 44th", "COMMENT": " "}}, {"type": "Feature", "id": 26000, "geometry": {"type": "Point", "coordinates": [-97.53921091049449, 35.41891333243047]}, "properties": {"OBJECTID": 26000, "SUBTYPE": 2, "PROJECTNUMBER": "5E113", "INLETSIZE": null, "Location": "S Blackwelder Ave & SW 44th", "COMMENT": " "}}, {"type": "Feature", "id": 26001, "geometry": {"type": "Point", "coordinates": [-97.53920665803165, 35.41771700322042]}, "properties": {"OBJECTID": 26001, "SUBTYPE": 2, "PROJECTNUMBER": "5E113", "INLETSIZE": null, "Location": "S Blackwelder Ave & SW 44th", "COMMENT": " "}}, {"type": "Feature", "id": 26002, "geometry": {"type": "Point", "coordinates": [-97.54678470255965, 35.419907838507555]}, "properties": {"OBJECTID": 26002, "SUBTYPE": 2, "PROJECTNUMBER": "5E113", "INLETSIZE": null, "Location": "SW 44th & Johnston Dr", "COMMENT": " "}}, {"type": "Feature", "id": 26003, "geometry": {"type": "Point", "coordinates": [-97.54607766707787, 35.41903268689714]}, "properties": {"OBJECTID": 26003, "SUBTYPE": 2, "PROJECTNUMBER": "5E113", "INLETSIZE": null, "Location": "Johnston Dr, N of SW 47th", "COMMENT": " "}}, {"type": "Feature", "id": 26004, "geometry": {"type": "Point", "coordinates": [-97.54476197404021, 35.41765999838363]}, "properties": {"OBJECTID": 26004, "SUBTYPE": 2, "PROJECTNUMBER": "5E113", "INLETSIZE": null, "Location": "Johnston Dr, N of SW 48th", "COMMENT": " "}}, {"type": "Feature", "id": 26005, "geometry": {"type": "Point", "coordinates": [-97.53920780936511, 35.416779910133215]}, "properties": {"OBJECTID": 26005, "SUBTYPE": 2, "PROJECTNUMBER": "5E113", "INLETSIZE": null, "Location": "S Blackwelder Ave & SW 44th", "COMMENT": " "}}, {"type": "Feature", "id": 26006, "geometry": {"type": "Point", "coordinates": [-97.53920840925618, 35.41571099384032]}, "properties": {"OBJECTID": 26006, "SUBTYPE": 2, "PROJECTNUMBER": "5E113", "INLETSIZE": null, "Location": "S Blackwelder Ave & SW 44th", "COMMENT": " "}}, {"type": "Feature", "id": 26008, "geometry": {"type": "Point", "coordinates": [-97.5440779114909, 35.41626611358108]}, "properties": {"OBJECTID": 26008, "SUBTYPE": 2, "PROJECTNUMBER": "5E113", "INLETSIZE": null, "Location": "Johnston Dr, N of SW 48th", "COMMENT": " "}}, {"type": "Feature", "id": 26009, "geometry": {"type": "Point", "coordinates": [-97.54422784575233, 35.416589977631375]}, "properties": {"OBJECTID": 26009, "SUBTYPE": 2, "PROJECTNUMBER": "5E113", "INLETSIZE": null, "Location": "Johnston Dr, N of SW 48th", "COMMENT": " "}}, {"type": "Feature", "id": 26010, "geometry": {"type": "Point", "coordinates": [-97.52352006152536, 35.422084017437655]}, "properties": {"OBJECTID": 26010, "SUBTYPE": 2, "PROJECTNUMBER": "8E627", "INLETSIZE": "6' DIA", "Location": "SW 44th & S Lee Ave", "COMMENT": " "}}, {"type": "Feature", "id": 26011, "geometry": {"type": "Point", "coordinates": [-97.52366928341964, 35.420869534198104]}, "properties": {"OBJECTID": 26011, "SUBTYPE": 2, "PROJECTNUMBER": "8E627", "INLETSIZE": "6' DIA", "Location": "SW 44th & S Lee Ave", "COMMENT": " "}}, {"type": "Feature", "id": 26012, "geometry": {"type": "Point", "coordinates": [-97.5242587548757, 35.422443218082535]}, "properties": {"OBJECTID": 26012, "SUBTYPE": 2, "PROJECTNUMBER": "90E114", "INLETSIZE": null, "Location": "S Lee Ave, N of SW 44th", "COMMENT": null}}, {"type": "Feature", "id": 26013, "geometry": {"type": "Point", "coordinates": [-97.52513894831218, 35.42209443331153]}, "properties": {"OBJECTID": 26013, "SUBTYPE": 2, "PROJECTNUMBER": "90E114", "INLETSIZE": null, "Location": "S Lee Ave, N of SW 44th", "COMMENT": null}}, {"type": "Feature", "id": 26015, "geometry": {"type": "Point", "coordinates": [-97.52741039777399, 35.42064927644176]}, "properties": {"OBJECTID": 26015, "SUBTYPE": 2, "PROJECTNUMBER": "8E627", "INLETSIZE": "5' DIA", "Location": "SW 44th & S Olie Ave", "COMMENT": " "}}, {"type": "Feature", "id": 26016, "geometry": {"type": "Point", "coordinates": [-97.52555014732542, 35.42209283058968]}, "properties": {"OBJECTID": 26016, "SUBTYPE": 2, "PROJECTNUMBER": "90E114", "INLETSIZE": null, "Location": "SW 43rd & S Shartel Ave", "COMMENT": null}}, {"type": "Feature", "id": 26017, "geometry": {"type": "Point", "coordinates": [-97.52575426086004, 35.42216279501878]}, "properties": {"OBJECTID": 26017, "SUBTYPE": 2, "PROJECTNUMBER": "90E114", "INLETSIZE": null, "Location": "SW 43rd & S Shartel Ave", "COMMENT": null}}, {"type": "Feature", "id": 26019, "geometry": {"type": "Point", "coordinates": [-97.52654878976179, 35.42289256972479]}, "properties": {"OBJECTID": 26019, "SUBTYPE": 2, "PROJECTNUMBER": "90E114", "INLETSIZE": null, "Location": "SW 41st & S Olie Ave", "COMMENT": null}}, {"type": "Feature", "id": 26020, "geometry": {"type": "Point", "coordinates": [-97.53010624694328, 35.42215894292791]}, "properties": {"OBJECTID": 26020, "SUBTYPE": 2, "PROJECTNUMBER": "44E110", "INLETSIZE": "4'", "Location": "S Western Ave, N of SW 44th", "COMMENT": null}}, {"type": "Feature", "id": 26021, "geometry": {"type": "Point", "coordinates": [-97.52746011870343, 35.42320110642728]}, "properties": {"OBJECTID": 26021, "SUBTYPE": 2, "PROJECTNUMBER": "120E114", "INLETSIZE": null, "Location": "SW 41st & S Olie Ave", "COMMENT": null}}, {"type": "Feature", "id": 26022, "geometry": {"type": "Point", "coordinates": [-97.5274608785949, 35.422883504026174]}, "properties": {"OBJECTID": 26022, "SUBTYPE": 2, "PROJECTNUMBER": "120E114", "INLETSIZE": null, "Location": "SW 41st & S Olie Ave", "COMMENT": null}}, {"type": "Feature", "id": 26026, "geometry": {"type": "Point", "coordinates": [-97.52745882938062, 35.4234512683862]}, "properties": {"OBJECTID": 26026, "SUBTYPE": 2, "PROJECTNUMBER": "120E114", "INLETSIZE": null, "Location": "SW 41st & S Olie Ave", "COMMENT": null}}, {"type": "Feature", "id": 26027, "geometry": {"type": "Point", "coordinates": [-97.51622902519628, 35.42372411279775]}, "properties": {"OBJECTID": 26027, "SUBTYPE": 2, "PROJECTNUMBER": " ", "INLETSIZE": null, "Location": null, "COMMENT": " "}}, {"type": "Feature", "id": 26028, "geometry": {"type": "Point", "coordinates": [-97.51622947499706, 35.42273569713024]}, "properties": {"OBJECTID": 26028, "SUBTYPE": 2, "PROJECTNUMBER": " ", "INLETSIZE": null, "Location": null, "COMMENT": " "}}, {"type": "Feature", "id": 26029, "geometry": {"type": "Point", "coordinates": [-97.51623157982661, 35.42173966863529]}, "properties": {"OBJECTID": 26029, "SUBTYPE": 2, "PROJECTNUMBER": " ", "INLETSIZE": null, "Location": null, "COMMENT": " "}}, {"type": "Feature", "id": 26030, "geometry": {"type": "Point", "coordinates": [-97.5174407011162, 35.425763463604675]}, "properties": {"OBJECTID": 26030, "SUBTYPE": 2, "PROJECTNUMBER": null, "INLETSIZE": null, "Location": "SW 40th, E of S Walker Ave", "COMMENT": " "}}, {"type": "Feature", "id": 26031, "geometry": {"type": "Point", "coordinates": [-97.51746386112032, 35.42528751530254]}, "properties": {"OBJECTID": 26031, "SUBTYPE": 2, "PROJECTNUMBER": "16E113", "INLETSIZE": null, "Location": "SW 40th, E of S Walker Ave", "COMMENT": " "}}, {"type": "Feature", "id": 26032, "geometry": {"type": "Point", "coordinates": [-97.51939508159823, 35.42518847215017]}, "properties": {"OBJECTID": 26032, "SUBTYPE": 2, "PROJECTNUMBER": "16E113", "INLETSIZE": null, "Location": "SW 40th, E of S Walker Ave", "COMMENT": " "}}, {"type": "Feature", "id": 26033, "geometry": {"type": "Point", "coordinates": [-97.51991337004466, 35.42478069886316]}, "properties": {"OBJECTID": 26033, "SUBTYPE": 2, "PROJECTNUMBER": "16E113", "INLETSIZE": null, "Location": "SW 40th, E of S Walker Ave", "COMMENT": " "}}, {"type": "Feature", "id": 26034, "geometry": {"type": "Point", "coordinates": [-97.52144289758259, 35.42477770637796]}, "properties": {"OBJECTID": 26034, "SUBTYPE": 2, "PROJECTNUMBER": "16E113", "INLETSIZE": null, "Location": "SW 40th, E of S Walker Ave", "COMMENT": " "}}, {"type": "Feature", "id": 26035, "geometry": {"type": "Point", "coordinates": [-97.51538494758232, 35.42616414520016]}, "properties": {"OBJECTID": 26035, "SUBTYPE": 2, "PROJECTNUMBER": "16E113", "INLETSIZE": null, "Location": "NE of S Robinson Ave & SW 41st", "COMMENT": " "}}, {"type": "Feature", "id": 26036, "geometry": {"type": "Point", "coordinates": [-97.51622621888781, 35.425703030260465]}, "properties": {"OBJECTID": 26036, "SUBTYPE": 2, "PROJECTNUMBER": " ", "INLETSIZE": null, "Location": null, "COMMENT": " "}}, {"type": "Feature", "id": 26037, "geometry": {"type": "Point", "coordinates": [-97.51622951679784, 35.424712537770056]}, "properties": {"OBJECTID": 26037, "SUBTYPE": 2, "PROJECTNUMBER": " ", "INLETSIZE": null, "Location": null, "COMMENT": " "}}, {"type": "Feature", "id": 26038, "geometry": {"type": "Point", "coordinates": [-97.51622738876728, 35.42670104439937]}, "properties": {"OBJECTID": 26038, "SUBTYPE": 2, "PROJECTNUMBER": " ", "INLETSIZE": null, "Location": null, "COMMENT": " "}}, {"type": "Feature", "id": 26040, "geometry": {"type": "Point", "coordinates": [-97.51825988491814, 35.42669807732892]}, "properties": {"OBJECTID": 26040, "SUBTYPE": 2, "PROJECTNUMBER": " ", "INLETSIZE": null, "Location": null, "COMMENT": " "}}]}