{"type": "FeatureCollection", "features": [{"type": "Feature", "geometry": {"type": "Point", "coordinates": [-9.096222, 38.768548]}, "properties": {"id_expl": 105, "estacaolocalizacao": "105 - CC Vasco da Gama", "horariofuncionamento": "||> 6h00 - 2h00", "tarifario": "||> Anual: 25? ||> Mensal: 15? ||> Diário*: 2? *(Valor promocional conforme termos e condições) ||> Mais informações em: https://www.gira-bicicletasdelisboa.pt/passes-e-tarifarios/", "formaspagto": "||> Utilizador Regular: Ref. MB, PayPal, Cartões de Crédito: VISA e MasterCard ||> Utilizador Ocasional: Paypal e Cartões de Crédito: VISA e MasterCard + Valor de Caução de 300?.", "contatoservassistencia": "||> gira@emel.pt ||> (+351) 211 163 060 (Opção 2 (no IVR))", "wifi": "True", "aberturadt": "2017-06-21T00:00:00", "criacaodtt": "2017-02-05T23:28:00", "atualizacaodtt": "2026-07-08T07:00:00", "cp7": 1990094}}, {"type": "Feature", "geometry": {"type": "Point", "coordinates": [-9.096439, 38.759156]}, "properties": {"id_expl": 102, "estacaolocalizacao": "102 - Porta do Mar", "horariofuncionamento": "||> 6h00 - 2h00", "tarifario": "||> Anual: 25? ||> Mensal: 15? ||> Diário*: 2? *(Valor promocional conforme termos e condições) ||> Mais informações em: https://www.gira-bicicletasdelisboa.pt/passes-e-tarifarios/", "formaspagto": "||> Utilizador Regular: Ref. MB, PayPal, Cartões de Crédito: VISA e MasterCard ||> Utilizador Ocasional: Paypal e Cartões de Crédito: VISA e MasterCard + Valor de Caução de 300?.", "contatoservassistencia": "||> gira@emel.pt ||> (+351) 211 163 060 (Opção 2 (no IVR))", "wifi": "True", "aberturadt": "2017-06-21T00:00:00", "criacaodtt": "2017-02-05T23:28:00", "atualizacaodtt": "2026-07-08T07:00:00", "cp7": 1990102}}, {"type": "Feature", "geometry": {"type": "Point", "coordinates": [-9.092506, 38.769459]}, "properties": {"id_expl": 106, "estacaolocalizacao": "106 - Jardim Garcia da Orta", "horariofuncionamento": "||> 6h00 - 2h00", "tarifario": "||> Anual: 25? ||> Mensal: 15? ||> Diário*: 2? *(Valor promocional conforme termos e condições) ||> Mais informações em: https://www.gira-bicicletasdelisboa.pt/passes-e-tarifarios/", "formaspagto": "||> Utilizador Regular: Ref. MB, PayPal, Cartões de Crédito: VISA e MasterCard ||> Utilizador Ocasional: Paypal e Cartões de Crédito: VISA e MasterCard + Valor de Caução de 300?.", "contatoservassistencia": "||> gira@emel.pt ||> (+351) 211 163 060 (Opção 2 (no IVR))", "wifi": "True", "aberturadt": "2017-06-21T00:00:00", "criacaodtt": "2017-02-05T23:28:00", "atualizacaodtt": "2026-07-08T07:00:00", "cp7": 1990254}}, {"type": "Feature", "geometry": {"type": "Point", "coordinates": [-9.095416, 38.774505]}, "properties": {"id_expl": 107, "estacaolocalizacao": "107 - Rotunda dos Vice-Reis", "horariofuncionamento": "||> 6h00 - 2h00", "tarifario": "||> Anual: 25? ||> Mensal: 15? ||> Diário*: 2? *(Valor promocional conforme termos e condições) ||> Mais informações em: https://www.gira-bicicletasdelisboa.pt/passes-e-tarifarios/", "formaspagto": "||> Utilizador Regular: Ref. MB, PayPal, Cartões de Crédito: VISA e MasterCard ||> Utilizador Ocasional: Paypal e Cartões de Crédito: VISA e MasterCard + Valor de Caução de 300?.", "contatoservassistencia": "||> gira@emel.pt ||> (+351) 211 163 060 (Opção 2 (no IVR))", "wifi": "True", "aberturadt": "2017-06-21T00:00:00", "criacaodtt": "2017-02-05T23:28:00", "atualizacaodtt": "2026-07-08T07:00:00", "cp7": 1990265}}, {"type": "Feature", "geometry": {"type": "Point", "coordinates": [-9.09235, 38.774289]}, "properties": {"id_expl": 108, "estacaolocalizacao": "108 - Rua do Bojador", "horariofuncionamento": "||> 6h00 - 2h00", "tarifario": "||> Anual: 25? ||> Mensal: 15? ||> Diário*: 2? *(Valor promocional conforme termos e condições) ||> Mais informações em: https://www.gira-bicicletasdelisboa.pt/passes-e-tarifarios/", "formaspagto": "||> Utilizador Regular: Ref. MB, PayPal, Cartões de Crédito: VISA e MasterCard ||> Utilizador Ocasional: Paypal e Cartões de Crédito: VISA e MasterCard + Valor de Caução de 300?.", "contatoservassistencia": "||> gira@emel.pt ||> (+351) 211 163 060 (Opção 2 (no IVR))", "wifi": "True", "aberturadt": "2017-06-21T00:00:00", "criacaodtt": "2017-02-05T23:28:00", "atualizacaodtt": "2026-07-08T07:00:00", "cp7": 1990048}}, {"type": "Feature", "geometry": {"type": "Point", "coordinates": [-9.136681, 38.747751]}, "properties": {"id_expl": 452, "estacaolocalizacao": "452 - Rua Teixeira de Pascoais / Rua Dr. Gama Barros", "horariofuncionamento": "||> 6h00 - 2h00", "tarifario": "||> Anual: 25? ||> Mensal: 15? ||> Diário*: 2? *(Valor promocional conforme termos e condições) ||> Mais informações em: https://www.gira-bicicletasdelisboa.pt/passes-e-tarifarios/", "formaspagto": "||> Utilizador Regular: Ref. MB, PayPal, Cartões de Crédito: VISA e MasterCard ||> Utilizador Ocasional: Paypal e Cartões de Crédito: VISA e MasterCard + Valor de Caução de 300?.", "contatoservassistencia": "||> gira@emel.pt ||> (+351) 211 163 060 (Opção 2 (no IVR))", "wifi": "True", "aberturadt": "2017-11-18T00:00:00", "criacaodtt": "2017-09-10T10:34:00", "atualizacaodtt": "2026-05-08T07:00:00", "cp7": 1000009}}, {"type": "Feature", "geometry": {"type": "Point", "coordinates": [-9.157235, 38.762584]}, "properties": {"id_expl": 551, "estacaolocalizacao": "551 - Rua Francisco Stromp / Alameda das Linhas de", "horariofuncionamento": "||> 6h00 - 2h00", "tarifario": "||> Anual: 25? ||> Mensal: 15? ||> Diário*: 2? *(Valor promocional conforme termos e condições) ||> Mais informações em: https://www.gira-bicicletasdelisboa.pt/passes-e-tarifarios/", "formaspagto": "||> Utilizador Regular: Ref. MB, PayPal, Cartões de Crédito: VISA e MasterCard ||> Utilizador Ocasional: Paypal e Cartões de Crédito: VISA e MasterCard + Valor de Caução de 300?.", "contatoservassistencia": "||> gira@emel.pt ||> (+351) 211 163 060 (Opção 2 (no IVR))", "wifi": "True", "aberturadt": "2021-05-08T00:00:00", "criacaodtt": "2021-07-30T12:31:00", "atualizacaodtt": "2026-07-08T07:00:00", "cp7": 1750142}}, {"type": "Feature", "geometry": {"type": "Point", "coordinates": [-9.177955, 38.764097]}, "properties": {"id_expl": 518, "estacaolocalizacao": "518 - Avenida das Nações Unidas / Azinhaga da Torre do Fato", "horariofuncionamento": "||> 6h00 - 2h00", "tarifario": "||> Anual: 25? ||> Mensal: 15? ||> Diário*: 2? *(Valor promocional conforme termos e condições) ||> Mais informações em: https://www.gira-bicicletasdelisboa.pt/passes-e-tarifarios/", "formaspagto": "||> Utilizador Regular: Ref. MB, PayPal, Cartões de Crédito: VISA e MasterCard ||> Utilizador Ocasional: Paypal e Cartões de Crédito: VISA e MasterCard + Valor de Caução de 300?.", "contatoservassistencia": "||> gira@emel.pt ||> (+351) 211 163 060 (Opção 2 (no IVR))", "wifi": "True", "aberturadt": "2022-07-14T00:00:00", "criacaodtt": "2022-03-22T11:34:00", "atualizacaodtt": "2026-07-08T07:00:00", "cp7": 1600548}}, {"type": "Feature", "geometry": {"type": "Point", "coordinates": [-9.185588, 38.75736]}, "properties": {"id_expl": 514, "estacaolocalizacao": "514 - Avenida do Colegio Militar / Rua Adelaide Cabete", "horariofuncionamento": "||> 6h00 - 2h00", "tarifario": "||> Anual: 25? ||> Mensal: 15? ||> Diário*: 2? *(Valor promocional conforme termos e condições) ||> Mais informações em: https://www.gira-bicicletasdelisboa.pt/passes-e-tarifarios/", "formaspagto": "||> Utilizador Regular: Ref. MB, PayPal, Cartões de Crédito: VISA e MasterCard ||> Utilizador Ocasional: Paypal e Cartões de Crédito: VISA e MasterCard + Valor de Caução de 300?.", "contatoservassistencia": "||> gira@emel.pt ||> (+351) 211 163 060 (Opção 2 (no IVR))", "wifi": "True", "aberturadt": "2023-07-28T00:00:00", "criacaodtt": "2022-07-14T18:38:00", "atualizacaodtt": "2026-07-08T07:00:00", "cp7": null}}, {"type": "Feature", "geometry": {"type": "Point", "coordinates": [-9.1738603, 38.7690441]}, "properties": {"id_expl": 521, "estacaolocalizacao": "521 - Rua César de Oliveira / Rua Fernando Lopes Graça", "horariofuncionamento": "||> 6h00 - 2h00", "tarifario": "||> Anual: 25? ||> Mensal: 15? ||> Diário*: 2? *(Valor promocional conforme termos e condições) ||> Mais informações em: https://www.gira-bicicletasdelisboa.pt/passes-e-tarifarios/", "formaspagto": "||> Utilizador Regular: Ref. MB, PayPal, Cartões de Crédito: VISA e MasterCard ||> Utilizador Ocasional: Paypal e Cartões de Crédito: VISA e MasterCard + Valor de Caução de 300?.", "contatoservassistencia": "||> gira@emel.pt ||> (+351) 211 163 060 (Opção 2 (no IVR))", "wifi": "True", "aberturadt": "2022-08-12T00:00:00", "criacaodtt": "2022-07-14T18:38:00", "atualizacaodtt": "2026-07-08T07:00:00", "cp7": null}}, {"type": "Feature", "geometry": {"type": "Point", "coordinates": [-9.182262, 38.699093]}, "properties": {"id_expl": 237, "estacaolocalizacao": "237 - Avenida da India / Praca das Industrias", "horariofuncionamento": "||> 6h00 - 2h00", "tarifario": "||> Anual: 25? ||> Mensal: 15? ||> Diário*: 2? *(Valor promocional conforme termos e condições) ||> Mais informações em: https://www.gira-bicicletasdelisboa.pt/passes-e-tarifarios/", "formaspagto": "||> Utilizador Regular: Ref. MB, PayPal, Cartões de Crédito: VISA e MasterCard ||> Utilizador Ocasional: Paypal e Cartões de Crédito: VISA e MasterCard + Valor de Caução de 300?.", "contatoservassistencia": "||> gira@emel.pt ||> (+351) 211 163 060 (Opção 2 (no IVR))", "wifi": "True", "aberturadt": "2022-09-30T00:00:00", "criacaodtt": "2022-07-14T18:38:00", "atualizacaodtt": "2026-07-08T07:00:00", "cp7": null}}, {"type": "Feature", "geometry": {"type": "Point", "coordinates": [-9.196554, 38.713721]}, "properties": {"id_expl": 252, "estacaolocalizacao": "252 - Avenida da Universidade Técnica / Rua Sá Nogueira", "horariofuncionamento": "||> 6h00 - 2h00", "tarifario": "||> Anual: 25? ||> Mensal: 15? ||> Diário*: 2? *(Valor promocional conforme termos e condições) ||> Mais informações em: https://www.gira-bicicletasdelisboa.pt/passes-e-tarifarios/", "formaspagto": "||> Utilizador Regular: Ref. MB, PayPal, Cartões de Crédito: VISA e MasterCard ||> Utilizador Ocasional: Paypal e Cartões de Crédito: VISA e MasterCard + Valor de Caução de 300?.", "contatoservassistencia": "||> gira@emel.pt ||> (+351) 211 163 060 (Opção 2 (no IVR))", "wifi": "True", "aberturadt": null, "criacaodtt": "2025-04-26T12:20:00", "atualizacaodtt": "2026-01-08T07:00:00", "cp7": null}}, {"type": "Feature", "geometry": {"type": "Point", "coordinates": [-9.226569, 38.697979]}, "properties": {"id_expl": 230, "estacaolocalizacao": "230 - Praça D. Manuel I", "horariofuncionamento": "||> 6h00 - 2h00", "tarifario": "||> Anual: 25? ||> Mensal: 15? ||> Diário*: 2? *(Valor promocional conforme termos e condições) ||> Mais informações em: https://www.gira-bicicletasdelisboa.pt/passes-e-tarifarios/", "formaspagto": "||> Utilizador Regular: Ref. MB, PayPal, Cartões de Crédito: VISA e MasterCard ||> Utilizador Ocasional: Paypal e Cartões de Crédito: VISA e MasterCard + Valor de Caução de 300?.", "contatoservassistencia": "||> gira@emel.pt ||> (+351) 211 163 060 (Opção 2 (no IVR))", "wifi": "True", "aberturadt": null, "criacaodtt": "2022-07-14T18:38:00", "atualizacaodtt": "2026-07-08T07:00:00", "cp7": null}}, {"type": "Feature", "geometry": {"type": "Point", "coordinates": [-9.162447, 38.739395]}, "properties": {"id_expl": 436, "estacaolocalizacao": "436 - Instituto Português de Oncologia", "horariofuncionamento": "||> 6h00 - 2h00", "tarifario": "||> Anual: 25? ||> Mensal: 15? ||> Diário*: 2? *(Valor promocional conforme termos e condições) ||> Mais informações em: https://www.gira-bicicletasdelisboa.pt/passes-e-tarifarios/", "formaspagto": "||> Utilizador Regular: Ref. MB, PayPal, Cartões de Crédito: VISA e MasterCard ||> Utilizador Ocasional: Paypal e Cartões de Crédito: VISA e MasterCard + Valor de Caução de 300?.", "contatoservassistencia": "||> gira@emel.pt ||> (+351) 211 163 060 (Opção 2 (no IVR))", "wifi": "True", "aberturadt": "2022-09-30T00:00:00", "criacaodtt": "2022-09-16T09:15:00", "atualizacaodtt": "2026-07-08T07:00:00", "cp7": null}}, {"type": "Feature", "geometry": {"type": "Point", "coordinates": [-9.16405, 38.75939]}, "properties": {"id_expl": 483, "estacaolocalizacao": "483 - Rua Professor Francisco Lucas Pires ", "horariofuncionamento": "||> 6h00 - 2h00", "tarifario": "||> Anual: 25? ||> Mensal: 15? ||> Diário*: 2? *(Valor promocional conforme termos e condições) ||> Mais informações em: https://www.gira-bicicletasdelisboa.pt/passes-e-tarifarios/", "formaspagto": "||> Utilizador Regular: Ref. MB, PayPal, Cartões de Crédito: VISA e MasterCard ||> Utilizador Ocasional: Paypal e Cartões de Crédito: VISA e MasterCard + Valor de Caução de 300?.", "contatoservassistencia": "||> gira@emel.pt ||> (+351) 211 163 060 (Opção 2 (no IVR))", "wifi": "True", "aberturadt": "2018-06-06T00:00:00", "criacaodtt": "2018-05-16T09:07:00", "atualizacaodtt": "2026-06-08T07:00:00", "cp7": 1601801}}, {"type": "Feature", "geometry": {"type": "Point", "coordinates": [-9.141466, 38.705954]}, "properties": {"id_expl": 209, "estacaolocalizacao": "209 - Ribeira das Naus", "horariofuncionamento": "||> 6h00 - 2h00", "tarifario": "||> Anual: 25? ||> Mensal: 15? ||> Diário*: 2? *(Valor promocional conforme termos e condições) ||> Mais informações em: https://www.gira-bicicletasdelisboa.pt/passes-e-tarifarios/", "formaspagto": "||> Utilizador Regular: Ref. MB, PayPal, Cartões de Crédito: VISA e MasterCard ||> Utilizador Ocasional: Paypal e Cartões de Crédito: VISA e MasterCard + Valor de Caução de 300?.", "contatoservassistencia": "||> gira@emel.pt ||> (+351) 211 163 060 (Opção 2 (no IVR))", "wifi": "True", "aberturadt": "2023-05-27T00:00:00", "criacaodtt": "2022-10-14T21:47:00", "atualizacaodtt": "2026-07-08T07:00:00", "cp7": null}}, {"type": "Feature", "geometry": {"type": "Point", "coordinates": [-9.166589, 38.739427]}, "properties": {"id_expl": 437, "estacaolocalizacao": "437 - Avenida Columbano Bordalo Pinheiro / Rua de Campolide", "horariofuncionamento": "||> 6h00 - 2h00", "tarifario": "||> Anual: 25? ||> Mensal: 15? ||> Diário*: 2? *(Valor promocional conforme termos e condições) ||> Mais informações em: https://www.gira-bicicletasdelisboa.pt/passes-e-tarifarios/", "formaspagto": "||> Utilizador Regular: Ref. MB, PayPal, Cartões de Crédito: VISA e MasterCard ||> Utilizador Ocasional: Paypal e Cartões de Crédito: VISA e MasterCard + Valor de Caução de 300?.", "contatoservassistencia": "||> gira@emel.pt ||> (+351) 211 163 060 (Opção 2 (no IVR))", "wifi": "True", "aberturadt": "2023-05-26T00:00:00", "criacaodtt": "2023-04-19T04:24:00", "atualizacaodtt": "2026-07-08T07:00:00", "cp7": null}}, {"type": "Feature", "geometry": {"type": "Point", "coordinates": [-9.196294, 38.753789]}, "properties": {"id_expl": 511, "estacaolocalizacao": "511 - Avenida do Uruguai", "horariofuncionamento": "||> 6h00 - 2h00", "tarifario": "||> Anual: 25? ||> Mensal: 15? ||> Diário*: 2? *(Valor promocional conforme termos e condições) ||> Mais informações em: https://www.gira-bicicletasdelisboa.pt/passes-e-tarifarios/", "formaspagto": "||> Utilizador Regular: Ref. MB, PayPal, Cartões de Crédito: VISA e MasterCard ||> Utilizador Ocasional: Paypal e Cartões de Crédito: VISA e MasterCard + Valor de Caução de 300?.", "contatoservassistencia": "||> gira@emel.pt ||> (+351) 211 163 060 (Opção 2 (no IVR))", "wifi": "True", "aberturadt": "2023-07-28T00:00:00", "criacaodtt": "2023-05-06T11:05:00", "atualizacaodtt": "2026-07-08T07:00:00", "cp7": null}}, {"type": "Feature", "geometry": {"type": "Point", "coordinates": [-9.102359, 38.742484]}, "properties": {"id_expl": 288, "estacaolocalizacao": "288 - Praça David Leandro da Silva", "horariofuncionamento": "||> 6h00 - 2h00", "tarifario": "||> Anual: 25? ||> Mensal: 15? ||> Diário*: 2? *(Valor promocional conforme termos e condições) ||> Mais informações em: https://www.gira-bicicletasdelisboa.pt/passes-e-tarifarios/", "formaspagto": "||> Utilizador Regular: Ref. MB, PayPal, Cartões de Crédito: VISA e MasterCard ||> Utilizador Ocasional: Paypal e Cartões de Crédito: VISA e MasterCard + Valor de Caução de 300?.", "contatoservassistencia": "||> gira@emel.pt ||> (+351) 211 163 060 (Opção 2 (no IVR))", "wifi": "True", "aberturadt": "2024-10-17T00:00:00", "criacaodtt": "2024-11-10T07:19:00", "atualizacaodtt": "2026-07-08T07:00:00", "cp7": null}}, {"type": "Feature", "geometry": {"type": "Point", "coordinates": [-9.128901, 38.742368]}, "properties": {"id_expl": 444, "estacaolocalizacao": "444 - Rua João da Silva / Complexo Desportivo do Casal Vistoso", "horariofuncionamento": "||> 6h00 - 2h00", "tarifario": "||> Anual: 25? ||> Mensal: 15? ||> Diário*: 2? *(Valor promocional conforme termos e condições) ||> Mais informações em: https://www.gira-bicicletasdelisboa.pt/passes-e-tarifarios/", "formaspagto": "||> Utilizador Regular: Ref. MB, PayPal, Cartões de Crédito: VISA e MasterCard ||> Utilizador Ocasional: Paypal e Cartões de Crédito: VISA e MasterCard + Valor de Caução de 300?.", "contatoservassistencia": "||> gira@emel.pt ||> (+351) 211 163 060 (Opção 2 (no IVR))", "wifi": "True", "aberturadt": "2024-05-11T00:00:00", "criacaodtt": "2024-10-29T06:21:00", "atualizacaodtt": "2026-07-08T07:00:00", "cp7": null}}, {"type": "Feature", "geometry": {"type": "Point", "coordinates": [-9.144196, 38.738442]}, "properties": {"id_expl": 429, "estacaolocalizacao": "429 - Av. Defensores de Chaves / Av. Elias Garcia", "horariofuncionamento": "||> 6h00 - 2h00", "tarifario": "||> Anual: 25? ||> Mensal: 15? ||> Diário*: 2? *(Valor promocional conforme termos e condições) ||> Mais informações em: https://www.gira-bicicletasdelisboa.pt/passes-e-tarifarios/", "formaspagto": "||> Utilizador Regular: Ref. MB, PayPal, Cartões de Crédito: VISA e MasterCard ||> Utilizador Ocasional: Paypal e Cartões de Crédito: VISA e MasterCard + Valor de Caução de 300?.", "contatoservassistencia": "||> gira@emel.pt ||> (+351) 211 163 060 (Opção 2 (no IVR))", "wifi": "True", "aberturadt": "2024-05-11T00:00:00", "criacaodtt": "2024-10-29T06:21:00", "atualizacaodtt": "2026-07-08T07:00:00", "cp7": null}}, {"type": "Feature", "geometry": {"type": "Point", "coordinates": [-9.158365, 38.742574]}, "properties": {"id_expl": 440, "estacaolocalizacao": "440 - Rua Soeiro Pereira Gomes", "horariofuncionamento": "||> 6h00 - 2h00", "tarifario": "||> Anual: 25? ||> Mensal: 15? ||> Diário*: 2? *(Valor promocional conforme termos e condições) ||> Mais informações em: https://www.gira-bicicletasdelisboa.pt/passes-e-tarifarios/", "formaspagto": "||> Utilizador Regular: Ref. MB, PayPal, Cartões de Crédito: VISA e MasterCard ||> Utilizador Ocasional: Paypal e Cartões de Crédito: VISA e MasterCard + Valor de Caução de 300?.", "contatoservassistencia": "||> gira@emel.pt ||> (+351) 211 163 060 (Opção 2 (no IVR))", "wifi": "True", "aberturadt": null, "criacaodtt": "2024-11-27T12:45:00", "atualizacaodtt": "2026-07-08T07:00:00", "cp7": null}}, {"type": "Feature", "geometry": {"type": "Point", "coordinates": [-9.095019, 38.761218]}, "properties": {"id_expl": 103, "estacaolocalizacao": "103 - Jardim da Água", "horariofuncionamento": "||> 6h00 - 2h00", "tarifario": "||> Anual: 25? ||> Mensal: 15? ||> Diário*: 2? *(Valor promocional conforme termos e condições) ||> Mais informações em: https://www.gira-bicicletasdelisboa.pt/passes-e-tarifarios/", "formaspagto": "||> Utilizador Regular: Ref. MB, PayPal, Cartões de Crédito: VISA e MasterCard ||> Utilizador Ocasional: Paypal e Cartões de Crédito: VISA e MasterCard + Valor de Caução de 300?.", "contatoservassistencia": "||> gira@emel.pt ||> (+351) 211 163 060 (Opção 2 (no IVR))", "wifi": "True", "aberturadt": "2017-06-21T00:00:00", "criacaodtt": "2017-02-05T23:28:00", "atualizacaodtt": "2026-07-08T07:00:00", "cp7": 1990074}}, {"type": "Feature", "geometry": {"type": "Point", "coordinates": [-9.096804, 38.756161]}, "properties": {"id_expl": 101, "estacaolocalizacao": "101 - Alameda dos Oceanos / Rua dos Argonautas", "horariofuncionamento": "||> 6h00 - 2h00", "tarifario": "||> Anual: 25? ||> Mensal: 15? ||> Diário*: 2? *(Valor promocional conforme termos e condições) ||> Mais informações em: https://www.gira-bicicletasdelisboa.pt/passes-e-tarifarios/", "formaspagto": "||> Utilizador Regular: Ref. MB, PayPal, Cartões de Crédito: VISA e MasterCard ||> Utilizador Ocasional: Paypal e Cartões de Crédito: VISA e MasterCard + Valor de Caução de 300?.", "contatoservassistencia": "||> gira@emel.pt ||> (+351) 211 163 060 (Opção 2 (no IVR))", "wifi": "True", "aberturadt": "2017-06-23T00:00:00", "criacaodtt": "2017-02-05T23:28:00", "atualizacaodtt": "2026-06-08T07:00:00", "cp7": 1990196}}, {"type": "Feature", "geometry": {"type": "Point", "coordinates": [-9.14722, 38.74975]}, "properties": {"id_expl": 457, "estacaolocalizacao": "457 - Rua Aboim Ascensão", "horariofuncionamento": "||> 6h00 - 2h00", "tarifario": "||> Anual: 25? ||> Mensal: 15? ||> Diário*: 2? *(Valor promocional conforme termos e condições) ||> Mais informações em: https://www.gira-bicicletasdelisboa.pt/passes-e-tarifarios/", "formaspagto": "||> Utilizador Regular: Ref. MB, PayPal, Cartões de Crédito: VISA e MasterCard ||> Utilizador Ocasional: Paypal e Cartões de Crédito: VISA e MasterCard + Valor de Caução de 300?.", "contatoservassistencia": "||> gira@emel.pt ||> (+351) 211 163 060 (Opção 2 (no IVR))", "wifi": "True", "aberturadt": "2017-11-18T00:00:00", "criacaodtt": "2017-09-10T11:20:00", "atualizacaodtt": "2026-07-08T07:00:00", "cp7": 1700009}}, {"type": "Feature", "geometry": {"type": "Point", "coordinates": [-9.142703, 38.735352]}, "properties": {"id_expl": 417, "estacaolocalizacao": "417 - Av. Duque de Ávila / Jardim Arco Do Cego", "horariofuncionamento": "||> 6h00 - 2h00", "tarifario": "||> Anual: 25? ||> Mensal: 15? ||> Diário*: 2? *(Valor promocional conforme termos e condições) ||> Mais informações em: https://www.gira-bicicletasdelisboa.pt/passes-e-tarifarios/", "formaspagto": "||> Utilizador Regular: Ref. MB, PayPal, Cartões de Crédito: VISA e MasterCard ||> Utilizador Ocasional: Paypal e Cartões de Crédito: VISA e MasterCard + Valor de Caução de 300?.", "contatoservassistencia": "||> gira@emel.pt ||> (+351) 211 163 060 (Opção 2 (no IVR))", "wifi": "True", "aberturadt": "2017-06-12T00:00:00", "criacaodtt": "2017-10-26T15:27:00", "atualizacaodtt": "2026-07-08T07:00:00", "cp7": 1000141}}, {"type": "Feature", "geometry": {"type": "Point", "coordinates": [-9.110767, 38.768137]}, "properties": {"id_expl": 131, "estacaolocalizacao": "131 - Avenida de Berlim / Praça Baden Powell", "horariofuncionamento": "||> 6h00 - 2h00", "tarifario": "||> Anual: 25? ||> Mensal: 15? ||> Diário*: 2? *(Valor promocional conforme termos e condições) ||> Mais informações em: https://www.gira-bicicletasdelisboa.pt/passes-e-tarifarios/", "formaspagto": "||> Utilizador Regular: Ref. MB, PayPal, Cartões de Crédito: VISA e MasterCard ||> Utilizador Ocasional: Paypal e Cartões de Crédito: VISA e MasterCard + Valor de Caução de 300?.", "contatoservassistencia": "||> gira@emel.pt ||> (+351) 211 163 060 (Opção 2 (no IVR))", "wifi": "True", "aberturadt": "2021-07-29T00:00:00", "criacaodtt": "2021-07-27T07:27:00", "atualizacaodtt": "2026-07-08T07:00:00", "cp7": 1800280}}, {"type": "Feature", "geometry": {"type": "Point", "coordinates": [-9.156487, 38.760871]}, "properties": {"id_expl": 550, "estacaolocalizacao": "550 - Rua Fernando Curado Ribeiro / Alameda das Li", "horariofuncionamento": "||> 6h00 - 2h00", "tarifario": "||> Anual: 25? ||> Mensal: 15? ||> Diário*: 2? *(Valor promocional conforme termos e condições) ||> Mais informações em: https://www.gira-bicicletasdelisboa.pt/passes-e-tarifarios/", "formaspagto": "||> Utilizador Regular: Ref. MB, PayPal, Cartões de Crédito: VISA e MasterCard ||> Utilizador Ocasional: Paypal e Cartões de Crédito: VISA e MasterCard + Valor de Caução de 300?.", "contatoservassistencia": "||> gira@emel.pt ||> (+351) 211 163 060 (Opção 2 (no IVR))", "wifi": "True", "aberturadt": "2021-05-08T00:00:00", "criacaodtt": "2021-07-30T11:18:00", "atualizacaodtt": "2026-07-08T07:00:00", "cp7": 1700098}}, {"type": "Feature", "geometry": {"type": "Point", "coordinates": [-9.161462, 38.773489]}, "properties": {"id_expl": 556, "estacaolocalizacao": "556 - Alamedas das Linhas de Torres / Estrada da T", "horariofuncionamento": "||> 6h00 - 2h00", "tarifario": "||> Anual: 25? ||> Mensal: 15? ||> Diário*: 2? *(Valor promocional conforme termos e condições) ||> Mais informações em: https://www.gira-bicicletasdelisboa.pt/passes-e-tarifarios/", "formaspagto": "||> Utilizador Regular: Ref. MB, PayPal, Cartões de Crédito: VISA e MasterCard ||> Utilizador Ocasional: Paypal e Cartões de Crédito: VISA e MasterCard + Valor de Caução de 300?.", "contatoservassistencia": "||> gira@emel.pt ||> (+351) 211 163 060 (Opção 2 (no IVR))", "wifi": "True", "aberturadt": "2021-05-08T00:00:00", "criacaodtt": "2021-07-30T11:25:00", "atualizacaodtt": "2026-07-08T07:00:00", "cp7": 1750148}}, {"type": "Feature", "geometry": {"type": "Point", "coordinates": [-9.137125, 38.70878]}, "properties": {"id_expl": 220, "estacaolocalizacao": "220 - Rua do Comercio", "horariofuncionamento": "||> 6h00 - 2h00", "tarifario": "||> Anual: 25? ||> Mensal: 15? ||> Diário*: 2? *(Valor promocional conforme termos e condições) ||> Mais informações em: https://www.gira-bicicletasdelisboa.pt/passes-e-tarifarios/", "formaspagto": "||> Utilizador Regular: Ref. MB, PayPal, Cartões de Crédito: VISA e MasterCard ||> Utilizador Ocasional: Paypal e Cartões de Crédito: VISA e MasterCard + Valor de Caução de 300?.", "contatoservassistencia": "||> gira@emel.pt ||> (+351) 211 163 060 (Opção 2 (no IVR))", "wifi": "True", "aberturadt": "2022-01-31T00:00:00", "criacaodtt": "2022-01-21T13:09:00", "atualizacaodtt": "2026-07-08T07:00:00", "cp7": 1100150}}, {"type": "Feature", "geometry": {"type": "Point", "coordinates": [-9.114505, 38.762829]}, "properties": {"id_expl": 137, "estacaolocalizacao": "137 - Rua Cidade de Bissau (entrada SPACIO)", "horariofuncionamento": "||> 6h00 - 2h00", "tarifario": "||> Anual: 25? ||> Mensal: 15? ||> Diário*: 2? *(Valor promocional conforme termos e condições) ||> Mais informações em: https://www.gira-bicicletasdelisboa.pt/passes-e-tarifarios/", "formaspagto": "||> Utilizador Regular: Ref. MB, PayPal, Cartões de Crédito: VISA e MasterCard ||> Utilizador Ocasional: Paypal e Cartões de Crédito: VISA e MasterCard + Valor de Caução de 300?.", "contatoservassistencia": "||> gira@emel.pt ||> (+351) 211 163 060 (Opção 2 (no IVR))", "wifi": "True", "aberturadt": "2022-10-02T00:00:00", "criacaodtt": "2022-01-27T09:52:00", "atualizacaodtt": "2026-07-08T07:00:00", "cp7": 1800075}}, {"type": "Feature", "geometry": {"type": "Point", "coordinates": [-9.156435, 38.731134]}, "properties": {"id_expl": 366, "estacaolocalizacao": "366 - Palacio da justiça", "horariofuncionamento": "||> 6h00 - 2h00", "tarifario": "||> Anual: 25? ||> Mensal: 15? ||> Diário*: 2? *(Valor promocional conforme termos e condições) ||> Mais informações em: https://www.gira-bicicletasdelisboa.pt/passes-e-tarifarios/", "formaspagto": "||> Utilizador Regular: Ref. MB, PayPal, Cartões de Crédito: VISA e MasterCard ||> Utilizador Ocasional: Paypal e Cartões de Crédito: VISA e MasterCard + Valor de Caução de 300?.", "contatoservassistencia": "||> gira@emel.pt ||> (+351) 211 163 060 (Opção 2 (no IVR))", "wifi": "True", "aberturadt": "2022-04-05T00:00:00", "criacaodtt": "2022-11-03T09:37:00", "atualizacaodtt": "2026-05-08T07:00:00", "cp7": 1070296}}, {"type": "Feature", "geometry": {"type": "Point", "coordinates": [-9.111596, 38.76134]}, "properties": {"id_expl": 139, "estacaolocalizacao": "139 - Rua Cidade de Bissau (Metro Olivais)", "horariofuncionamento": "||> 6h00 - 2h00", "tarifario": "||> Anual: 25? ||> Mensal: 15? ||> Diário*: 2? *(Valor promocional conforme termos e condições) ||> Mais informações em: https://www.gira-bicicletasdelisboa.pt/passes-e-tarifarios/", "formaspagto": "||> Utilizador Regular: Ref. MB, PayPal, Cartões de Crédito: VISA e MasterCard ||> Utilizador Ocasional: Paypal e Cartões de Crédito: VISA e MasterCard + Valor de Caução de 300?.", "contatoservassistencia": "||> gira@emel.pt ||> (+351) 211 163 060 (Opção 2 (no IVR))", "wifi": "True", "aberturadt": "2022-10-02T00:00:00", "criacaodtt": "2022-01-27T09:52:00", "atualizacaodtt": "2026-07-08T07:00:00", "cp7": 1800088}}, {"type": "Feature", "geometry": {"type": "Point", "coordinates": [-9.108728, 38.770434]}, "properties": {"id_expl": 151, "estacaolocalizacao": "151 - Rua Contra Almirante Ferraz / Escola Sec.António Damásio", "horariofuncionamento": "||> 6h00 - 2h00", "tarifario": "||> Anual: 25? ||> Mensal: 15? ||> Diário*: 2? *(Valor promocional conforme termos e condições) ||> Mais informações em: https://www.gira-bicicletasdelisboa.pt/passes-e-tarifarios/", "formaspagto": "||> Utilizador Regular: Ref. MB, PayPal, Cartões de Crédito: VISA e MasterCard ||> Utilizador Ocasional: Paypal e Cartões de Crédito: VISA e MasterCard + Valor de Caução de 300?.", "contatoservassistencia": "||> gira@emel.pt ||> (+351) 211 163 060 (Opção 2 (no IVR))", "wifi": "True", "aberturadt": "2022-02-25T00:00:00", "criacaodtt": "2022-02-21T11:20:00", "atualizacaodtt": "2026-07-08T07:00:00", "cp7": 1800181}}, {"type": "Feature", "geometry": {"type": "Point", "coordinates": [-9.106858, 38.767761]}, "properties": {"id_expl": 130, "estacaolocalizacao": "130 - Avenida Berlim / Rua Américo Jesus Fernandes", "horariofuncionamento": "||> 6h00 - 2h00", "tarifario": "||> Anual: 25? ||> Mensal: 15? ||> Diário*: 2? *(Valor promocional conforme termos e condições) ||> Mais informações em: https://www.gira-bicicletasdelisboa.pt/passes-e-tarifarios/", "formaspagto": "||> Utilizador Regular: Ref. MB, PayPal, Cartões de Crédito: VISA e MasterCard ||> Utilizador Ocasional: Paypal e Cartões de Crédito: VISA e MasterCard + Valor de Caução de 300?.", "contatoservassistencia": "||> gira@emel.pt ||> (+351) 211 163 060 (Opção 2 (no IVR))", "wifi": "True", "aberturadt": "2022-02-25T00:00:00", "criacaodtt": "2022-02-24T07:48:00", "atualizacaodtt": "2026-07-08T07:00:00", "cp7": 1800023}}, {"type": "Feature", "geometry": {"type": "Point", "coordinates": [-9.1553503, 38.7671144]}, "properties": {"id_expl": 553, "estacaolocalizacao": "553 - Rua Luis Pastor de Macedo / Rua Tobis Portuguesa", "horariofuncionamento": "||> 6h00 - 2h00", "tarifario": "||> Anual: 25? ||> Mensal: 15? ||> Diário*: 2? *(Valor promocional conforme termos e condições) ||> Mais informações em: https://www.gira-bicicletasdelisboa.pt/passes-e-tarifarios/", "formaspagto": "||> Utilizador Regular: Ref. MB, PayPal, Cartões de Crédito: VISA e MasterCard ||> Utilizador Ocasional: Paypal e Cartões de Crédito: VISA e MasterCard + Valor de Caução de 300?.", "contatoservassistencia": "||> gira@emel.pt ||> (+351) 211 163 060 (Opção 2 (no IVR))", "wifi": "True", "aberturadt": "2022-04-14T00:00:00", "criacaodtt": "2022-03-22T08:59:00", "atualizacaodtt": "2026-07-08T07:00:00", "cp7": 1750160}}, {"type": "Feature", "geometry": {"type": "Point", "coordinates": [-9.157531, 38.729724]}, "properties": {"id_expl": 365, "estacaolocalizacao": "365 - Rua Castilho / Rua Marquês da Fronteira", "horariofuncionamento": "||> 6h00 - 2h00", "tarifario": "||> Anual: 25? ||> Mensal: 15? ||> Diário*: 2? *(Valor promocional conforme termos e condições) ||> Mais informações em: https://www.gira-bicicletasdelisboa.pt/passes-e-tarifarios/", "formaspagto": "||> Utilizador Regular: Ref. MB, PayPal, Cartões de Crédito: VISA e MasterCard ||> Utilizador Ocasional: Paypal e Cartões de Crédito: VISA e MasterCard + Valor de Caução de 300?.", "contatoservassistencia": "||> gira@emel.pt ||> (+351) 211 163 060 (Opção 2 (no IVR))", "wifi": "True", "aberturadt": "2022-04-05T00:00:00", "criacaodtt": "2022-03-22T11:34:00", "atualizacaodtt": "2026-07-08T07:00:00", "cp7": 1070292}}, {"type": "Feature", "geometry": {"type": "Point", "coordinates": [-9.105308, 38.731578]}, "properties": {"id_expl": 281, "estacaolocalizacao": "281 - Beato Innovation District", "horariofuncionamento": "||> 6h00 - 2h00", "tarifario": "||> Anual: 25? ||> Mensal: 15? ||> Diário*: 2? *(Valor promocional conforme termos e condições) ||> Mais informações em: https://www.gira-bicicletasdelisboa.pt/passes-e-tarifarios/", "formaspagto": "||> Utilizador Regular: Ref. MB, PayPal, Cartões de Crédito: VISA e MasterCard ||> Utilizador Ocasional: Paypal e Cartões de Crédito: VISA e MasterCard + Valor de Caução de 300?.", "contatoservassistencia": "||> gira@emel.pt ||> (+351) 211 163 060 (Opção 2 (no IVR))", "wifi": "True", "aberturadt": "2023-07-28T00:00:00", "criacaodtt": "2023-11-06T05:03:00", "atualizacaodtt": "2026-06-08T07:00:00", "cp7": null}}, {"type": "Feature", "geometry": {"type": "Point", "coordinates": [-9.180437, 38.763505]}, "properties": {"id_expl": 517, "estacaolocalizacao": "517 - Rua Padre Américo", "horariofuncionamento": "||> 6h00 - 2h00", "tarifario": "||> Anual: 25? ||> Mensal: 15? ||> Diário*: 2? *(Valor promocional conforme termos e condições) ||> Mais informações em: https://www.gira-bicicletasdelisboa.pt/passes-e-tarifarios/", "formaspagto": "||> Utilizador Regular: Ref. MB, PayPal, Cartões de Crédito: VISA e MasterCard ||> Utilizador Ocasional: Paypal e Cartões de Crédito: VISA e MasterCard + Valor de Caução de 300?.", "contatoservassistencia": "||> gira@emel.pt ||> (+351) 211 163 060 (Opção 2 (no IVR))", "wifi": "True", "aberturadt": "2022-07-14T00:00:00", "criacaodtt": "2022-03-22T11:34:00", "atualizacaodtt": "2026-07-08T07:00:00", "cp7": 1600864}}, {"type": "Feature", "geometry": {"type": "Point", "coordinates": [-9.175234, 38.702936]}, "properties": {"id_expl": 238, "estacaolocalizacao": "238 - Rua de Cascais / Alcântara Mar", "horariofuncionamento": "||> 6h00 - 2h00", "tarifario": "||> Anual: 25? ||> Mensal: 15? ||> Diário*: 2? *(Valor promocional conforme termos e condições) ||> Mais informações em: https://www.gira-bicicletasdelisboa.pt/passes-e-tarifarios/", "formaspagto": "||> Utilizador Regular: Ref. MB, PayPal, Cartões de Crédito: VISA e MasterCard ||> Utilizador Ocasional: Paypal e Cartões de Crédito: VISA e MasterCard + Valor de Caução de 300?.", "contatoservassistencia": "||> gira@emel.pt ||> (+351) 211 163 060 (Opção 2 (no IVR))", "wifi": "True", "aberturadt": "2022-09-30T00:00:00", "criacaodtt": "2022-03-22T11:34:00", "atualizacaodtt": "2026-07-08T07:00:00", "cp7": null}}, {"type": "Feature", "geometry": {"type": "Point", "coordinates": [-9.13745, 38.741407]}, "properties": {"id_expl": 434, "estacaolocalizacao": "434 - Praça de Londres / Av. de Roma", "horariofuncionamento": "||> 6h00 - 2h00", "tarifario": "||> Anual: 25? ||> Mensal: 15? ||> Diário*: 2? *(Valor promocional conforme termos e condições) ||> Mais informações em: https://www.gira-bicicletasdelisboa.pt/passes-e-tarifarios/", "formaspagto": "||> Utilizador Regular: Ref. MB, PayPal, Cartões de Crédito: VISA e MasterCard ||> Utilizador Ocasional: Paypal e Cartões de Crédito: VISA e MasterCard + Valor de Caução de 300?.", "contatoservassistencia": "||> gira@emel.pt ||> (+351) 211 163 060 (Opção 2 (no IVR))", "wifi": "True", "aberturadt": "2024-07-11T00:00:00", "criacaodtt": "2024-10-29T06:21:00", "atualizacaodtt": "2026-06-08T07:00:00", "cp7": null}}, {"type": "Feature", "geometry": {"type": "Point", "coordinates": [-9.159369, 38.728263]}, "properties": {"id_expl": 364, "estacaolocalizacao": "364 - R. D.Francisco M. de Melo / Rua Artilharia 1", "horariofuncionamento": "||> 6h00 - 2h00", "tarifario": "||> Anual: 25? ||> Mensal: 15? ||> Diário*: 2? *(Valor promocional conforme termos e condições) ||> Mais informações em: https://www.gira-bicicletasdelisboa.pt/passes-e-tarifarios/", "formaspagto": "||> Utilizador Regular: Ref. MB, PayPal, Cartões de Crédito: VISA e MasterCard ||> Utilizador Ocasional: Paypal e Cartões de Crédito: VISA e MasterCard + Valor de Caução de 300?.", "contatoservassistencia": "||> gira@emel.pt ||> (+351) 211 163 060 (Opção 2 (no IVR))", "wifi": "True", "aberturadt": "2022-07-13T00:00:00", "criacaodtt": "2022-10-06T17:52:00", "atualizacaodtt": "2026-07-08T07:00:00", "cp7": 1070015}}, {"type": "Feature", "geometry": {"type": "Point", "coordinates": [-9.159409, 38.738086]}, "properties": {"id_expl": 438, "estacaolocalizacao": "438 - Avenida Columbano Bordalo Pinheiro / Praça de Espanha", "horariofuncionamento": "||> 6h00 - 2h00", "tarifario": "||> Anual: 25? ||> Mensal: 15? ||> Diário*: 2? *(Valor promocional conforme termos e condições) ||> Mais informações em: https://www.gira-bicicletasdelisboa.pt/passes-e-tarifarios/", "formaspagto": "||> Utilizador Regular: Ref. MB, PayPal, Cartões de Crédito: VISA e MasterCard ||> Utilizador Ocasional: Paypal e Cartões de Crédito: VISA e MasterCard + Valor de Caução de 300?.", "contatoservassistencia": "||> gira@emel.pt ||> (+351) 211 163 060 (Opção 2 (no IVR))", "wifi": "True", "aberturadt": "2024-07-15T00:00:00", "criacaodtt": "2023-11-06T05:03:00", "atualizacaodtt": "2026-07-08T07:00:00", "cp7": null}}, {"type": "Feature", "geometry": {"type": "Point", "coordinates": [-9.176365, 38.741406]}, "properties": {"id_expl": 502, "estacaolocalizacao": "502 - Rua São Domingos de Benfica / Rua Francisco Gentil Martins", "horariofuncionamento": "||> 6h00 - 2h00", "tarifario": "||> Anual: 25? ||> Mensal: 15? ||> Diário*: 2? *(Valor promocional conforme termos e condições) ||> Mais informações em: https://www.gira-bicicletasdelisboa.pt/passes-e-tarifarios/", "formaspagto": "||> Utilizador Regular: Ref. MB, PayPal, Cartões de Crédito: VISA e MasterCard ||> Utilizador Ocasional: Paypal e Cartões de Crédito: VISA e MasterCard + Valor de Caução de 300?.", "contatoservassistencia": "||> gira@emel.pt ||> (+351) 211 163 060 (Opção 2 (no IVR))", "wifi": "True", "aberturadt": "2023-07-28T00:00:00", "criacaodtt": "2023-11-06T05:03:00", "atualizacaodtt": "2026-07-08T07:00:00", "cp7": null}}, {"type": "Feature", "geometry": {"type": "Point", "coordinates": [-9.178764, 38.74266]}, "properties": {"id_expl": 503, "estacaolocalizacao": "503 - Rua Conde de Almoster / Rua Carlos Pereira", "horariofuncionamento": "||> 6h00 - 2h00", "tarifario": "||> Anual: 25? ||> Mensal: 15? ||> Diário*: 2? *(Valor promocional conforme termos e condições) ||> Mais informações em: https://www.gira-bicicletasdelisboa.pt/passes-e-tarifarios/", "formaspagto": "||> Utilizador Regular: Ref. MB, PayPal, Cartões de Crédito: VISA e MasterCard ||> Utilizador Ocasional: Paypal e Cartões de Crédito: VISA e MasterCard + Valor de Caução de 300?.", "contatoservassistencia": "||> gira@emel.pt ||> (+351) 211 163 060 (Opção 2 (no IVR))", "wifi": "True", "aberturadt": "2023-07-28T00:00:00", "criacaodtt": "2023-11-06T05:03:00", "atualizacaodtt": "2026-07-08T07:00:00", "cp7": null}}, {"type": "Feature", "geometry": {"type": "Point", "coordinates": [-9.1843584, 38.7450113]}, "properties": {"id_expl": 505, "estacaolocalizacao": "505 - Rua Sousa Loureiro / Rua Conde de Almoster", "horariofuncionamento": "||> 6h00 - 2h00", "tarifario": "||> Anual: 25? ||> Mensal: 15? ||> Diário*: 2? *(Valor promocional conforme termos e condições) ||> Mais informações em: https://www.gira-bicicletasdelisboa.pt/passes-e-tarifarios/", "formaspagto": "||> Utilizador Regular: Ref. MB, PayPal, Cartões de Crédito: VISA e MasterCard ||> Utilizador Ocasional: Paypal e Cartões de Crédito: VISA e MasterCard + Valor de Caução de 300?", "contatoservassistencia": "||> gira@emel.pt ||> (+351) 211 163 060 (Opção 2 (no IVR))", "wifi": "True", "aberturadt": null, "criacaodtt": "2024-04-12T07:40:00", "atualizacaodtt": "2026-07-08T07:00:00", "cp7": null}}, {"type": "Feature", "geometry": {"type": "Point", "coordinates": [-9.11314, 38.771913]}, "properties": {"id_expl": 153, "estacaolocalizacao": "153 - Praça das Casas Novas / Mercado Sul", "horariofuncionamento": "||> 6h00 - 2h00", "tarifario": "||> Anual: 25? ||> Mensal: 15? ||> Diário*: 2? *(Valor promocional conforme termos e condições) ||> Mais informações em: https://www.gira-bicicletasdelisboa.pt/passes-e-tarifarios/", "formaspagto": "||> Utilizador Regular: Ref. MB, PayPal, Cartões de Crédito: VISA e MasterCard ||> Utilizador Ocasional: Paypal e Cartões de Crédito: VISA e MasterCard + Valor de Caução de 300?.", "contatoservassistencia": "||> gira@emel.pt ||> (+351) 211 163 060 (Opção 2 (no IVR))", "wifi": "True", "aberturadt": null, "criacaodtt": "2024-12-18T07:40:00", "atualizacaodtt": "2026-07-08T07:00:00", "cp7": null}}, {"type": "Feature", "geometry": {"type": "Point", "coordinates": [-9.097068, 38.778466]}, "properties": {"id_expl": 110, "estacaolocalizacao": "110 - Rua de Moscavide", "horariofuncionamento": "||> 6h00 - 2h00", "tarifario": "||> Anual: 25? ||> Mensal: 15? ||> Diário*: 2? *(Valor promocional conforme termos e condições) ||> Mais informações em: https://www.gira-bicicletasdelisboa.pt/passes-e-tarifarios/", "formaspagto": "||> Utilizador Regular: Ref. MB, PayPal, Cartões de Crédito: VISA e MasterCard ||> Utilizador Ocasional: Paypal e Cartões de Crédito: VISA e MasterCard + Valor de Caução de 300?.", "contatoservassistencia": "||> gira@emel.pt ||> (+351) 211 163 060 (Opção 2 (no IVR))", "wifi": "True", "aberturadt": "2017-06-21T00:00:00", "criacaodtt": "2017-02-05T23:28:00", "atualizacaodtt": "2026-07-08T07:00:00", "cp7": 1900238}}, {"type": "Feature", "geometry": {"type": "Point", "coordinates": [-9.156169, 38.758207]}, "properties": {"id_expl": 481, "estacaolocalizacao": "481 - Campo Grande / Museu da Cidade", "horariofuncionamento": "||> 6h00 - 2h00", "tarifario": "||> Anual: 25? ||> Mensal: 15? ||> Diário*: 2? *(Valor promocional conforme termos e condições) ||> Mais informações em: https://www.gira-bicicletasdelisboa.pt/passes-e-tarifarios/", "formaspagto": "||> Utilizador Regular: Ref. MB, PayPal, Cartões de Crédito: VISA e MasterCard ||> Utilizador Ocasional: Paypal e Cartões de Crédito: VISA e MasterCard + Valor de Caução de 300?.", "contatoservassistencia": "||> gira@emel.pt ||> (+351) 211 163 060 (Opção 2 (no IVR))", "wifi": "True", "aberturadt": "2017-11-18T00:00:00", "criacaodtt": "2017-09-10T13:54:00", "atualizacaodtt": "2026-07-08T07:00:00", "cp7": 1700097}}, {"type": "Feature", "geometry": {"type": "Point", "coordinates": [-9.151, 38.735]}, "properties": {"id_expl": 414, "estacaolocalizacao": "414 - Av. Duque de Ávila / Rua Pinheiro Chagas", "horariofuncionamento": "||> 6h00 - 2h00", "tarifario": "||> Anual: 25? ||> Mensal: 15? ||> Diário*: 2? *(Valor promocional conforme termos e condições) ||> Mais informações em: https://www.gira-bicicletasdelisboa.pt/passes-e-tarifarios/", "formaspagto": "||> Utilizador Regular: Ref. MB, PayPal, Cartões de Crédito: VISA e MasterCard ||> Utilizador Ocasional: Paypal e Cartões de Crédito: VISA e MasterCard + Valor de Caução de 300?.", "contatoservassistencia": "||> gira@emel.pt ||> (+351) 211 163 060 (Opção 2 (no IVR))", "wifi": "True", "aberturadt": "2017-11-18T00:00:00", "criacaodtt": "2017-09-10T15:28:00", "atualizacaodtt": "2026-07-08T07:00:00", "cp7": 1000141}}, {"type": "Feature", "geometry": {"type": "Point", "coordinates": [-9.13827, 38.75482]}, "properties": {"id_expl": 468, "estacaolocalizacao": "468 - Largo Frei Heitor Pinto", "horariofuncionamento": "||> 6h00 - 2h00", "tarifario": "||> Anual: 25? ||> Mensal: 15? ||> Diário*: 2? *(Valor promocional conforme termos e condições) ||> Mais informações em: https://www.gira-bicicletasdelisboa.pt/passes-e-tarifarios/", "formaspagto": "||> Utilizador Regular: Ref. MB, PayPal, Cartões de Crédito: VISA e MasterCard ||> Utilizador Ocasional: Paypal e Cartões de Crédito: VISA e MasterCard + Valor de Caução de 300?.", "contatoservassistencia": "||> gira@emel.pt ||> (+351) 211 163 060 (Opção 2 (no IVR))", "wifi": "True", "aberturadt": "2017-11-18T00:00:00", "criacaodtt": "2017-12-10T09:39:00", "atualizacaodtt": "2026-07-08T07:00:00", "cp7": 1700204}}, {"type": "Feature", "geometry": {"type": "Point", "coordinates": [-9.14199, 38.73937]}, "properties": {"id_expl": 431, "estacaolocalizacao": "431 - Rua do Arco Cego / Av. Magalhães Lima", "horariofuncionamento": "||> 6h00 - 2h00", "tarifario": "||> Anual: 25? ||> Mensal: 15? ||> Diário*: 2? *(Valor promocional conforme termos e condições) ||> Mais informações em: https://www.gira-bicicletasdelisboa.pt/passes-e-tarifarios/", "formaspagto": "||> Utilizador Regular: Ref. MB, PayPal, Cartões de Crédito: VISA e MasterCard ||> Utilizador Ocasional: Paypal e Cartões de Crédito: VISA e MasterCard + Valor de Caução de 300?.", "contatoservassistencia": "||> gira@emel.pt ||> (+351) 211 163 060 (Opção 2 (no IVR))", "wifi": "True", "aberturadt": "2017-11-18T00:00:00", "criacaodtt": "2017-12-10T10:57:00", "atualizacaodtt": "2026-06-08T07:00:00", "cp7": 1000044}}, {"type": "Feature", "geometry": {"type": "Point", "coordinates": [-9.14793, 38.739046]}, "properties": {"id_expl": 426, "estacaolocalizacao": "426 - Av. Elias Garcia / Av. 5 de Outubro", "horariofuncionamento": "||> 6h00 - 2h00", "tarifario": "||> Anual: 25? ||> Mensal: 15? ||> Diário*: 2? *(Valor promocional conforme termos e condições) ||> Mais informações em: https://www.gira-bicicletasdelisboa.pt/passes-e-tarifarios/", "formaspagto": "||> Utilizador Regular: Ref. MB, PayPal, Cartões de Crédito: VISA e MasterCard ||> Utilizador Ocasional: Paypal e Cartões de Crédito: VISA e MasterCard + Valor de Caução de 300?.", "contatoservassistencia": "||> gira@emel.pt ||> (+351) 211 163 060 (Opção 2 (no IVR))", "wifi": "True", "aberturadt": "2017-11-18T00:00:00", "criacaodtt": "2017-10-26T15:27:00", "atualizacaodtt": "2026-05-08T07:00:00", "cp7": 1050100}}, {"type": "Feature", "geometry": {"type": "Point", "coordinates": [-9.1546, 38.73448]}, "properties": {"id_expl": 412, "estacaolocalizacao": "412 - Av. Ressano Garcia / Av. António Augusto de Aguiar", "horariofuncionamento": "||> 6h00 - 2h00", "tarifario": "||> Anual: 25? ||> Mensal: 15? ||> Diário*: 2? *(Valor promocional conforme termos e condições) ||> Mais informações em: https://www.gira-bicicletasdelisboa.pt/passes-e-tarifarios/", "formaspagto": "||> Utilizador Regular: Ref. MB, PayPal, Cartões de Crédito: VISA e MasterCard ||> Utilizador Ocasional: Paypal e Cartões de Crédito: VISA e MasterCard + Valor de Caução de 300?.", "contatoservassistencia": "||> gira@emel.pt ||> (+351) 211 163 060 (Opção 2 (no IVR))", "wifi": "True", "aberturadt": "2017-11-18T00:00:00", "criacaodtt": "2017-12-10T10:57:00", "atualizacaodtt": "2026-07-08T07:00:00", "cp7": 1070237}}, {"type": "Feature", "geometry": {"type": "Point", "coordinates": [-9.14523, 38.7433709]}, "properties": {"id_expl": 442, "estacaolocalizacao": "442 - Campo Pequeno", "horariofuncionamento": "||> 6h00 - 2h00", "tarifario": "||> Anual: 25? ||> Mensal: 15? ||> Diário*: 2? *(Valor promocional conforme termos e condições) ||> Mais informações em: https://www.gira-bicicletasdelisboa.pt/passes-e-tarifarios/", "formaspagto": "||> Utilizador Regular: Ref. MB, PayPal, Cartões de Crédito: VISA e MasterCard ||> Utilizador Ocasional: Paypal e Cartões de Crédito: VISA e MasterCard + Valor de Caução de 300?.", "contatoservassistencia": "||> gira@emel.pt ||> (+351) 211 163 060 (Opção 2 (no IVR))", "wifi": "True", "aberturadt": "2017-11-18T00:00:00", "criacaodtt": "2017-12-10T10:57:00", "atualizacaodtt": "2026-07-08T07:00:00", "cp7": 1000078}}, {"type": "Feature", "geometry": {"type": "Point", "coordinates": [-9.14329, 38.74081]}, "properties": {"id_expl": 430, "estacaolocalizacao": "430 - Av. Barbosa Du Bocage / Rua Arco do Cego", "horariofuncionamento": "||> 6h00 - 2h00", "tarifario": "||> Anual: 25? ||> Mensal: 15? ||> Diário*: 2? *(Valor promocional conforme termos e condições) ||> Mais informações em: https://www.gira-bicicletasdelisboa.pt/passes-e-tarifarios/", "formaspagto": "||> Utilizador Regular: Ref. MB, PayPal, Cartões de Crédito: VISA e MasterCard ||> Utilizador Ocasional: Paypal e Cartões de Crédito: VISA e MasterCard + Valor de Caução de 300?.", "contatoservassistencia": "||> gira@emel.pt ||> (+351) 211 163 060 (Opção 2 (no IVR))", "wifi": "True", "aberturadt": "2017-11-18T00:00:00", "criacaodtt": "2017-10-24T12:36:00", "atualizacaodtt": "2026-07-08T07:00:00", "cp7": 1000120}}, {"type": "Feature", "geometry": {"type": "Point", "coordinates": [-9.14697, 38.75643]}, "properties": {"id_expl": 473, "estacaolocalizacao": "473 - Av. do Brasil / Av. de Roma", "horariofuncionamento": "||> 6h00 - 2h00", "tarifario": "||> Anual: 25? ||> Mensal: 15? ||> Diário*: 2? *(Valor promocional conforme termos e condições) ||> Mais informações em: https://www.gira-bicicletasdelisboa.pt/passes-e-tarifarios/", "formaspagto": "||> Utilizador Regular: Ref. MB, PayPal, Cartões de Crédito: VISA e MasterCard ||> Utilizador Ocasional: Paypal e Cartões de Crédito: VISA e MasterCard + Valor de Caução de 300?.", "contatoservassistencia": "||> gira@emel.pt ||> (+351) 211 163 060 (Opção 2 (no IVR))", "wifi": "True", "aberturadt": "2017-12-13T00:00:00", "criacaodtt": "2017-10-26T15:27:00", "atualizacaodtt": "2026-07-08T07:00:00", "cp7": 1749002}}, {"type": "Feature", "geometry": {"type": "Point", "coordinates": [-9.14471, 38.70617]}, "properties": {"id_expl": 218, "estacaolocalizacao": "218 - Cais do Sodré", "horariofuncionamento": "||> 6h00 - 2h00", "tarifario": "||> Anual: 25? ||> Mensal: 15? ||> Diário*: 2? *(Valor promocional conforme termos e condições) ||> Mais informações em: https://www.gira-bicicletasdelisboa.pt/passes-e-tarifarios/", "formaspagto": "||> Utilizador Regular: Ref. MB, PayPal, Cartões de Crédito: VISA e MasterCard ||> Utilizador Ocasional: Paypal e Cartões de Crédito: VISA e MasterCard + Valor de Caução de 300?.", "contatoservassistencia": "||> gira@emel.pt ||> (+351) 211 163 060 (Opção 2 (no IVR))", "wifi": "True", "aberturadt": "2018-05-29T00:00:00", "criacaodtt": "2018-10-05T09:55:00", "atualizacaodtt": "2026-07-08T07:00:00", "cp7": 1200161}}, {"type": "Feature", "geometry": {"type": "Point", "coordinates": [-9.158298, 38.768683]}, "properties": {"id_expl": 554, "estacaolocalizacao": "554 - Alameda das Linhas de Torres / Rua Ladislau", "horariofuncionamento": "||> 6h00 - 2h00", "tarifario": "||> Anual: 25? ||> Mensal: 15? ||> Diário*: 2? *(Valor promocional conforme termos e condições) ||> Mais informações em: https://www.gira-bicicletasdelisboa.pt/passes-e-tarifarios/", "formaspagto": "||> Utilizador Regular: Ref. MB, PayPal, Cartões de Crédito: VISA e MasterCard ||> Utilizador Ocasional: Paypal e Cartões de Crédito: VISA e MasterCard + Valor de Caução de 300?.", "contatoservassistencia": "||> gira@emel.pt ||> (+351) 211 163 060 (Opção 2 (no IVR))", "wifi": "True", "aberturadt": "2021-05-08T00:00:00", "criacaodtt": "2021-07-30T12:32:00", "atualizacaodtt": "2026-07-08T07:00:00", "cp7": 1750142}}, {"type": "Feature", "geometry": {"type": "Point", "coordinates": [-9.106709, 38.729739]}, "properties": {"id_expl": 280, "estacaolocalizacao": "280 - Unicorn Factory Lisboa", "horariofuncionamento": "||> 6h00 - 2h00", "tarifario": "||> Anual: 25? ||> Mensal: 15? ||> Diário*: 2? *(Valor promocional conforme termos e condições) ||> Mais informações em: https://www.gira-bicicletasdelisboa.pt/passes-e-tarifarios/", "formaspagto": "||> Utilizador Regular: Ref. MB, PayPal, Cartões de Crédito: VISA e MasterCard ||> Utilizador Ocasional: Paypal e Cartões de Crédito: VISA e MasterCard + Valor de Caução de 300?.", "contatoservassistencia": "||> gira@emel.pt ||> (+351) 211 163 060 (Opção 2 (no IVR))", "wifi": "True", "aberturadt": "2023-07-28T00:00:00", "criacaodtt": "2023-11-06T05:03:00", "atualizacaodtt": "2026-07-08T07:00:00", "cp7": null}}, {"type": "Feature", "geometry": {"type": "Point", "coordinates": [-9.143854, 38.746268]}, "properties": {"id_expl": 450, "estacaolocalizacao": "450 - Rua Alfredo Cortês", "horariofuncionamento": "||> 6h00 - 2h00", "tarifario": "||> Anual: 25? ||> Mensal: 15? ||> Diário*: 2? *(Valor promocional conforme termos e condições) ||> Mais informações em: https://www.gira-bicicletasdelisboa.pt/passes-e-tarifarios/", "formaspagto": "||> Utilizador Regular: Ref. MB, PayPal, Cartões de Crédito: VISA e MasterCard ||> Utilizador Ocasional: Paypal e Cartões de Crédito: VISA e MasterCard + Valor de Caução de 300?.", "contatoservassistencia": "||> gira@emel.pt ||> (+351) 211 163 060 (Opção 2 (no IVR))", "wifi": "True", "aberturadt": "2024-06-06T00:00:00", "criacaodtt": "2024-06-06T07:12:00", "atualizacaodtt": "2026-07-08T07:00:00", "cp7": null}}, {"type": "Feature", "geometry": {"type": "Point", "coordinates": [-9.1538708, 38.7114685]}, "properties": {"id_expl": 261, "estacaolocalizacao": "261 - Calçada da Estrela / Assembleia da República ", "horariofuncionamento": "||> 6h00 - 2h00", "tarifario": "||> Anual: 25? ||> Mensal: 15? ||> Diário*: 2? *(Valor promocional conforme termos e condições) ||> Mais informações em: https://www.gira-bicicletasdelisboa.pt/passes-e-tarifarios/", "formaspagto": "||> Utilizador Regular: Ref. MB, PayPal, Cartões de Crédito: VISA e MasterCard ||> Utilizador Ocasional: Paypal e Cartões de Crédito: VISA e MasterCard + Valor de Caução de 300?.", "contatoservassistencia": "||> gira@emel.pt ||> (+351) 211 163 060 (Opção 2 (no IVR))", "wifi": "True", "aberturadt": "2024-03-10T00:00:00", "criacaodtt": "2024-12-07T10:30:00", "atualizacaodtt": "2026-07-08T07:00:00", "cp7": null}}, {"type": "Feature", "geometry": {"type": "Point", "coordinates": [-9.097661, 38.744521]}, "properties": {"id_expl": 289, "estacaolocalizacao": "289 - Parque Ribeirinho Oriente", "horariofuncionamento": "||> 6h00 - 2h00", "tarifario": "||> Anual: 25? ||> Mensal: 15? ||> Diário*: 2? *(Valor promocional conforme termos e condições) ||> Mais informações em: https://www.gira-bicicletasdelisboa.pt/passes-e-tarifarios/", "formaspagto": "||> Utilizador Regular: Ref. MB, PayPal, Cartões de Crédito: VISA e MasterCard ||> Utilizador Ocasional: Paypal e Cartões de Crédito: VISA e MasterCard + Valor de Caução de 300?.", "contatoservassistencia": "||> gira@emel.pt ||> (+351) 211 163 060 (Opção 2 (no IVR))", "wifi": "True", "aberturadt": "2024-10-17T00:00:00", "criacaodtt": "2024-02-10T09:04:00", "atualizacaodtt": "2026-07-08T07:00:00", "cp7": null}}, {"type": "Feature", "geometry": {"type": "Point", "coordinates": [-9.130766, 38.754472]}, "properties": {"id_expl": 469, "estacaolocalizacao": "469 - Avenida Almirante Gago Coutinho / Avenida Dom Rodrigo da Cunha", "horariofuncionamento": "||> 6h00 - 2h00", "tarifario": "||> Anual: 25? ||> Mensal: 15? ||> Diário*: 2? *(Valor promocional conforme termos e condições) ||> Mais informações em: https://www.gira-bicicletasdelisboa.pt/passes-e-tarifarios/", "formaspagto": "||> Utilizador Regular: Ref. MB, PayPal, Cartões de Crédito: VISA e MasterCard ||> Utilizador Ocasional: Paypal e Cartões de Crédito: VISA e MasterCard + Valor de Caução de 300?.", "contatoservassistencia": "||> gira@emel.pt ||> (+351) 211 163 060 (Opção 2 (no IVR))", "wifi": "True", "aberturadt": null, "criacaodtt": "2024-11-28T14:14:00", "atualizacaodtt": "2026-07-08T07:00:00", "cp7": null}}, {"type": "Feature", "geometry": {"type": "Point", "coordinates": [-9.198901, 38.69631]}, "properties": {"id_expl": 234, "estacaolocalizacao": "234 - Av. da Índia / Museu Nacional dos Coches", "horariofuncionamento": "||> 6h00 - 2h00", "tarifario": "||> Anual: 25? ||> Mensal: 15? ||> Diário*: 2? *(Valor promocional conforme termos e condições) ||> Mais informações em: https://www.gira-bicicletasdelisboa.pt/passes-e-tarifarios/", "formaspagto": "||> Utilizador Regular: Ref. MB, PayPal, Cartões de Crédito: VISA e MasterCard ||> Utilizador Ocasional: Paypal e Cartões de Crédito: VISA e MasterCard + Valor de Caução de 300?.", "contatoservassistencia": "||> gira@emel.pt ||> (+351) 211 163 060 (Opção 2 (no IVR))", "wifi": "True", "aberturadt": null, "criacaodtt": "2024-12-30T07:15:00", "atualizacaodtt": "2026-07-08T07:00:00", "cp7": null}}, {"type": "Feature", "geometry": {"type": "Point", "coordinates": [-9.13608, 38.75784]}, "properties": {"id_expl": 472, "estacaolocalizacao": "472 - Rua Marquês Soveral / ES Padre António Vieira", "horariofuncionamento": "||> 6h00 - 2h00", "tarifario": "||> Anual: 25? ||> Mensal: 15? ||> Diário*: 2? *(Valor promocional conforme termos e condições) ||> Mais informações em: https://www.gira-bicicletasdelisboa.pt/passes-e-tarifarios/", "formaspagto": "||> Utilizador Regular: Ref. MB, PayPal, Cartões de Crédito: VISA e MasterCard ||> Utilizador Ocasional: Paypal e Cartões de Crédito: VISA e MasterCard + Valor de Caução de 300?.", "contatoservassistencia": "||> gira@emel.pt ||> (+351) 211 163 060 (Opção 2 (no IVR))", "wifi": "True", "aberturadt": "2017-12-13T00:00:00", "criacaodtt": "2017-10-26T15:27:00", "atualizacaodtt": "2026-07-08T07:00:00", "cp7": 1749063}}, {"type": "Feature", "geometry": {"type": "Point", "coordinates": [-9.152295, 38.737911]}, "properties": {"id_expl": 423, "estacaolocalizacao": "423 - Av. Conde Valbom / Rua Marquês Sá da Bandeira", "horariofuncionamento": "||> 6h00 - 2h00", "tarifario": "||> Anual: 25? ||> Mensal: 15? ||> Diário*: 2? *(Valor promocional conforme termos e condições) ||> Mais informações em: https://www.gira-bicicletasdelisboa.pt/passes-e-tarifarios/", "formaspagto": "||> Utilizador Regular: Ref. MB, PayPal, Cartões de Crédito: VISA e MasterCard ||> Utilizador Ocasional: Paypal e Cartões de Crédito: VISA e MasterCard + Valor de Caução de 300?.", "contatoservassistencia": "||> gira@emel.pt ||> (+351) 211 163 060 (Opção 2 (no IVR))", "wifi": "True", "aberturadt": "2017-11-18T00:00:00", "criacaodtt": "2017-10-26T15:27:00", "atualizacaodtt": "2026-07-08T07:00:00", "cp7": 1050070}}, {"type": "Feature", "geometry": {"type": "Point", "coordinates": [-9.14446, 38.73434]}, "properties": {"id_expl": 407, "estacaolocalizacao": "407 - Praça Duque de Saldanha", "horariofuncionamento": "||> 6h00 - 2h00", "tarifario": "||> Anual: 25? ||> Mensal: 15? ||> Diário*: 2? *(Valor promocional conforme termos e condições) ||> Mais informações em: https://www.gira-bicicletasdelisboa.pt/passes-e-tarifarios/", "formaspagto": "||> Utilizador Regular: Ref. MB, PayPal, Cartões de Crédito: VISA e MasterCard ||> Utilizador Ocasional: Paypal e Cartões de Crédito: VISA e MasterCard + Valor de Caução de 300?.", "contatoservassistencia": "||> gira@emel.pt ||> (+351) 211 163 060 (Opção 2 (no IVR))", "wifi": "True", "aberturadt": "2017-12-13T00:00:00", "criacaodtt": "2017-10-26T15:27:00", "atualizacaodtt": "2026-07-08T07:00:00", "cp7": 1000093}}, {"type": "Feature", "geometry": {"type": "Point", "coordinates": [-9.145341, 38.734247]}, "properties": {"id_expl": 406, "estacaolocalizacao": "406 - Praça Duque de Saldanha", "horariofuncionamento": "||> 6h00 - 2h00", "tarifario": "||> Anual: 25? ||> Mensal: 15? ||> Diário*: 2? *(Valor promocional conforme termos e condições) ||> Mais informações em: https://www.gira-bicicletasdelisboa.pt/passes-e-tarifarios/", "formaspagto": "||> Utilizador Regular: Ref. MB, PayPal, Cartões de Crédito: VISA e MasterCard ||> Utilizador Ocasional: Paypal e Cartões de Crédito: VISA e MasterCard + Valor de Caução de 300?.", "contatoservassistencia": "||> gira@emel.pt ||> (+351) 211 163 060 (Opção 2 (no IVR))", "wifi": "True", "aberturadt": "2017-12-13T00:00:00", "criacaodtt": "2017-10-26T15:27:00", "atualizacaodtt": "2026-07-08T07:00:00", "cp7": 1050120}}, {"type": "Feature", "geometry": {"type": "Point", "coordinates": [-9.14773, 38.74456]}, "properties": {"id_expl": 446, "estacaolocalizacao": "446 - Av. República / Interface Entrecampos ", "horariofuncionamento": "||> 6h00 - 2h00", "tarifario": "||> Anual: 25? ||> Mensal: 15? ||> Diário*: 2? *(Valor promocional conforme termos e condições) ||> Mais informações em: https://www.gira-bicicletasdelisboa.pt/passes-e-tarifarios/", "formaspagto": "||> Utilizador Regular: Ref. MB, PayPal, Cartões de Crédito: VISA e MasterCard ||> Utilizador Ocasional: Paypal e Cartões de Crédito: VISA e MasterCard + Valor de Caução de 300?.", "contatoservassistencia": "||> gira@emel.pt ||> (+351) 211 163 060 (Opção 2 (no IVR))", "wifi": "True", "aberturadt": "2017-06-12T00:00:00", "criacaodtt": "2017-10-26T15:27:00", "atualizacaodtt": "2026-07-08T07:00:00", "cp7": 1050995}}, {"type": "Feature", "geometry": {"type": "Point", "coordinates": [-9.14553, 38.735304]}, "properties": {"id_expl": 416, "estacaolocalizacao": "416 - Av. República / Avenida Duque de Ávila", "horariofuncionamento": "||> 6h00 - 2h00", "tarifario": "||> Anual: 25? ||> Mensal: 15? ||> Diário*: 2? *(Valor promocional conforme termos e condições) ||> Mais informações em: https://www.gira-bicicletasdelisboa.pt/passes-e-tarifarios/", "formaspagto": "||> Utilizador Regular: Ref. MB, PayPal, Cartões de Crédito: VISA e MasterCard ||> Utilizador Ocasional: Paypal e Cartões de Crédito: VISA e MasterCard + Valor de Caução de 300?.", "contatoservassistencia": "||> gira@emel.pt ||> (+351) 211 163 060 (Opção 2 (no IVR))", "wifi": "True", "aberturadt": "2017-06-12T00:00:00", "criacaodtt": "2017-10-26T15:27:00", "atualizacaodtt": "2026-07-08T07:00:00", "cp7": 1050185}}, {"type": "Feature", "geometry": {"type": "Point", "coordinates": [-9.144117, 38.733749]}, "properties": {"id_expl": 408, "estacaolocalizacao": "408 - Praça Duque de Saldanha", "horariofuncionamento": "||> 6h00 - 2h00", "tarifario": "||> Anual: 25? ||> Mensal: 15? ||> Diário*: 2? *(Valor promocional conforme termos e condições) ||> Mais informações em: https://www.gira-bicicletasdelisboa.pt/passes-e-tarifarios/", "formaspagto": "||> Utilizador Regular: Ref. MB, PayPal, Cartões de Crédito: VISA e MasterCard ||> Utilizador Ocasional: Paypal e Cartões de Crédito: VISA e MasterCard + Valor de Caução de 300?.", "contatoservassistencia": "||> gira@emel.pt ||> (+351) 211 163 060 (Opção 2 (no IVR))", "wifi": "True", "aberturadt": "2017-12-13T00:00:00", "criacaodtt": "2017-10-26T15:27:00", "atualizacaodtt": "2026-06-08T07:00:00", "cp7": 1000093}}, {"type": "Feature", "geometry": {"type": "Point", "coordinates": [-9.146522, 38.731698]}, "properties": {"id_expl": 403, "estacaolocalizacao": "403 - Av. Fontes Pereira de Melo", "horariofuncionamento": "||> 6h00 - 2h00", "tarifario": "||> Anual: 25? ||> Mensal: 15? ||> Diário*: 2? *(Valor promocional conforme termos e condições) ||> Mais informações em: https://www.gira-bicicletasdelisboa.pt/passes-e-tarifarios/", "formaspagto": "||> Utilizador Regular: Ref. MB, PayPal, Cartões de Crédito: VISA e MasterCard ||> Utilizador Ocasional: Paypal e Cartões de Crédito: VISA e MasterCard + Valor de Caução de 300?.", "contatoservassistencia": "||> gira@emel.pt ||> (+351) 211 163 060 (Opção 2 (no IVR))", "wifi": "True", "aberturadt": "2017-12-13T00:00:00", "criacaodtt": "2017-10-26T15:27:00", "atualizacaodtt": "2026-06-08T07:00:00", "cp7": 1050191}}, {"type": "Feature", "geometry": {"type": "Point", "coordinates": [-9.12769, 38.71035]}, "properties": {"id_expl": 212, "estacaolocalizacao": "212 - Av. Infante Dom Henrique / Terminal de Cruzeiros", "horariofuncionamento": "||> 6h00 - 2h00", "tarifario": "||> Anual: 25? ||> Mensal: 15? ||> Diário*: 2? *(Valor promocional conforme termos e condições) ||> Mais informações em: https://www.gira-bicicletasdelisboa.pt/passes-e-tarifarios/", "formaspagto": "||> Utilizador Regular: Ref. MB, PayPal, Cartões de Crédito: VISA e MasterCard ||> Utilizador Ocasional: Paypal e Cartões de Crédito: VISA e MasterCard + Valor de Caução de 300?.", "contatoservassistencia": "||> gira@emel.pt ||> (+351) 211 163 060 (Opção 2 (no IVR))", "wifi": "True", "aberturadt": "2018-05-29T00:00:00", "criacaodtt": "2018-06-05T21:42:00", "atualizacaodtt": "2026-07-08T07:00:00", "cp7": 1100651}}, {"type": "Feature", "geometry": {"type": "Point", "coordinates": [-9.137337, 38.756487]}, "properties": {"id_expl": 471, "estacaolocalizacao": "471 - Rua Lopes de Mendonça / EB São João de Brito", "horariofuncionamento": "||> 6h00 - 2h00", "tarifario": "||> Anual: 25? ||> Mensal: 15? ||> Diário*: 2? *(Valor promocional conforme termos e condições) ||> Mais informações em: https://www.gira-bicicletasdelisboa.pt/passes-e-tarifarios/", "formaspagto": "||> Utilizador Regular: Ref. MB, PayPal, Cartões de Crédito: VISA e MasterCard ||> Utilizador Ocasional: Paypal e Cartões de Crédito: VISA e MasterCard + Valor de Caução de 300?.", "contatoservassistencia": "||> gira@emel.pt ||> (+351) 211 163 060 (Opção 2 (no IVR))", "wifi": "True", "aberturadt": "2017-11-18T00:00:00", "criacaodtt": "2017-10-30T10:20:00", "atualizacaodtt": "2026-03-08T07:00:00", "cp7": 1700112}}, {"type": "Feature", "geometry": {"type": "Point", "coordinates": [-9.182513, 38.766995]}, "properties": {"id_expl": 520, "estacaolocalizacao": "520 - Lispolis", "horariofuncionamento": "||> 6h00 - 2h00", "tarifario": "||> Anual: 25? ||> Mensal: 15? ||> Diário*: 2? *(Valor promocional conforme termos e condições) ||> Mais informações em: https://www.gira-bicicletasdelisboa.pt/passes-e-tarifarios/", "formaspagto": "||> Utilizador Regular: Ref. MB, PayPal, Cartões de Crédito: VISA e MasterCard ||> Utilizador Ocasional: Paypal e Cartões de Crédito: VISA e MasterCard + Valor de Caução de 300?.", "contatoservassistencia": "||> gira@emel.pt ||> (+351) 211 163 060 (Opção 2 (no IVR))", "wifi": "True", "aberturadt": "2022-09-30T00:00:00", "criacaodtt": "2022-07-14T18:38:00", "atualizacaodtt": "2026-07-08T07:00:00", "cp7": null}}, {"type": "Feature", "geometry": {"type": "Point", "coordinates": [-9.13749, 38.75176]}, "properties": {"id_expl": 460, "estacaolocalizacao": "460 - Av. Rio de Janeiro / Parque de Jogos 1º de Maio", "horariofuncionamento": "||> 6h00 - 2h00", "tarifario": "||> Anual: 25? ||> Mensal: 15? ||> Diário*: 2? *(Valor promocional conforme termos e condições) ||> Mais informações em: https://www.gira-bicicletasdelisboa.pt/passes-e-tarifarios/", "formaspagto": "||> Utilizador Regular: Ref. MB, PayPal, Cartões de Crédito: VISA e MasterCard ||> Utilizador Ocasional: Paypal e Cartões de Crédito: VISA e MasterCard + Valor de Caução de 300?.", "contatoservassistencia": "||> gira@emel.pt ||> (+351) 211 163 060 (Opção 2 (no IVR))", "wifi": "True", "aberturadt": "2017-12-13T00:00:00", "criacaodtt": "2017-10-26T15:27:00", "atualizacaodtt": "2026-07-08T07:00:00", "cp7": 1700330}}, {"type": "Feature", "geometry": {"type": "Point", "coordinates": [-9.14207, 38.74873]}, "properties": {"id_expl": 453, "estacaolocalizacao": "453 - Av. Roma / Av. EUA", "horariofuncionamento": "||> 6h00 - 2h00", "tarifario": "||> Anual: 25? ||> Mensal: 15? ||> Diário*: 2? *(Valor promocional conforme termos e condições) ||> Mais informações em: https://www.gira-bicicletasdelisboa.pt/passes-e-tarifarios/", "formaspagto": "||> Utilizador Regular: Ref. MB, PayPal, Cartões de Crédito: VISA e MasterCard ||> Utilizador Ocasional: Paypal e Cartões de Crédito: VISA e MasterCard + Valor de Caução de 300?.", "contatoservassistencia": "||> gira@emel.pt ||> (+351) 211 163 060 (Opção 2 (no IVR))", "wifi": "True", "aberturadt": "2017-06-12T00:00:00", "criacaodtt": "2017-10-26T15:27:00", "atualizacaodtt": "2026-07-08T07:00:00", "cp7": 1700342}}, {"type": "Feature", "geometry": {"type": "Point", "coordinates": [-9.13416, 38.73736]}, "properties": {"id_expl": 421, "estacaolocalizacao": "421 - Alameda D. Afonso Henriques", "horariofuncionamento": "||> 6h00 - 2h00", "tarifario": "||> Anual: 25? ||> Mensal: 15? ||> Diário*: 2? *(Valor promocional conforme termos e condições) ||> Mais informações em: https://www.gira-bicicletasdelisboa.pt/passes-e-tarifarios/", "formaspagto": "||> Utilizador Regular: Ref. MB, PayPal, Cartões de Crédito: VISA e MasterCard ||> Utilizador Ocasional: Paypal e Cartões de Crédito: VISA e MasterCard + Valor de Caução de 300?.", "contatoservassistencia": "||> gira@emel.pt ||> (+351) 211 163 060 (Opção 2 (no IVR))", "wifi": "True", "aberturadt": "2018-05-04T00:00:00", "criacaodtt": "2018-03-15T19:00:00", "atualizacaodtt": "2026-07-08T07:00:00", "cp7": 1900183}}, {"type": "Feature", "geometry": {"type": "Point", "coordinates": [-9.148443, 38.735188]}, "properties": {"id_expl": 415, "estacaolocalizacao": "415 - Av. Duque de Ávila / Av. Conde Valbom", "horariofuncionamento": "||> 6h00 - 2h00", "tarifario": "||> Anual: 25? ||> Mensal: 15? ||> Diário*: 2? *(Valor promocional conforme termos e condições) ||> Mais informações em: https://www.gira-bicicletasdelisboa.pt/passes-e-tarifarios/", "formaspagto": "||> Utilizador Regular: Ref. MB, PayPal, Cartões de Crédito: VISA e MasterCard ||> Utilizador Ocasional: Paypal e Cartões de Crédito: VISA e MasterCard + Valor de Caução de 300?.", "contatoservassistencia": "||> gira@emel.pt ||> (+351) 211 163 060 (Opção 2 (no IVR))", "wifi": "True", "aberturadt": "2017-06-12T00:00:00", "criacaodtt": "2017-10-26T15:27:00", "atualizacaodtt": "2026-06-08T07:00:00", "cp7": 1000141}}, {"type": "Feature", "geometry": {"type": "Point", "coordinates": [-9.16658, 38.76081]}, "properties": {"id_expl": 484, "estacaolocalizacao": "484 - Rua Professor Vieira de Almeida", "horariofuncionamento": "||> 6h00 - 2h00", "tarifario": "||> Anual: 25? ||> Mensal: 15? ||> Diário*: 2? *(Valor promocional conforme termos e condições) ||> Mais informações em: https://www.gira-bicicletasdelisboa.pt/passes-e-tarifarios/", "formaspagto": "||> Utilizador Regular: Ref. MB, PayPal, Cartões de Crédito: VISA e MasterCard ||> Utilizador Ocasional: Paypal e Cartões de Crédito: VISA e MasterCard + Valor de Caução de 300?.", "contatoservassistencia": "||> gira@emel.pt ||> (+351) 211 163 060 (Opção 2 (no IVR))", "wifi": "True", "aberturadt": "2018-03-04T00:00:00", "criacaodtt": "2018-03-15T21:42:00", "atualizacaodtt": "2026-07-08T07:00:00", "cp7": 1600309}}, {"type": "Feature", "geometry": {"type": "Point", "coordinates": [-9.15425, 38.73432]}, "properties": {"id_expl": 413, "estacaolocalizacao": "413 - Av. Ressano Garcia / Av. António Augusto de Aguiar", "horariofuncionamento": "||> 6h00 - 2h00", "tarifario": "||> Anual: 25? ||> Mensal: 15? ||> Diário*: 2? *(Valor promocional conforme termos e condições) ||> Mais informações em: https://www.gira-bicicletasdelisboa.pt/passes-e-tarifarios/", "formaspagto": "||> Utilizador Regular: Ref. MB, PayPal, Cartões de Crédito: VISA e MasterCard ||> Utilizador Ocasional: Paypal e Cartões de Crédito: VISA e MasterCard + Valor de Caução de 300?.", "contatoservassistencia": "||> gira@emel.pt ||> (+351) 211 163 060 (Opção 2 (no IVR))", "wifi": "True", "aberturadt": "2017-12-13T00:00:00", "criacaodtt": "2017-10-26T15:27:00", "atualizacaodtt": "2026-06-08T07:00:00", "cp7": 1050176}}, {"type": "Feature", "geometry": {"type": "Point", "coordinates": [-9.157637, 38.741986]}, "properties": {"id_expl": 439, "estacaolocalizacao": "439 - Rua General Leman", "horariofuncionamento": "||> 6h00 - 2h00", "tarifario": "||> Anual: 25? ||> Mensal: 15? ||> Diário*: 2? *(Valor promocional conforme termos e condições) ||> Mais informações em: https://www.gira-bicicletasdelisboa.pt/passes-e-tarifarios/", "formaspagto": "||> Utilizador Regular: Ref. MB, PayPal, Cartões de Crédito: VISA e MasterCard ||> Utilizador Ocasional: Paypal e Cartões de Crédito: VISA e MasterCard + Valor de Caução de 300?.", "contatoservassistencia": "||> gira@emel.pt ||> (+351) 211 163 060 (Opção 2 (no IVR))", "wifi": "True", "aberturadt": null, "criacaodtt": "2024-12-18T07:40:00", "atualizacaodtt": "2026-07-08T07:00:00", "cp7": null}}, {"type": "Feature", "geometry": {"type": "Point", "coordinates": [-9.14951, 38.75243]}, "properties": {"id_expl": 463, "estacaolocalizacao": "463 - Campo Grande / Av. da Igreja", "horariofuncionamento": "||> 6h00 - 2h00", "tarifario": "||> Anual: 25? ||> Mensal: 15? ||> Diário*: 2? *(Valor promocional conforme termos e condições) ||> Mais informações em: https://www.gira-bicicletasdelisboa.pt/passes-e-tarifarios/", "formaspagto": "||> Utilizador Regular: Ref. MB, PayPal, Cartões de Crédito: VISA e MasterCard ||> Utilizador Ocasional: Paypal e Cartões de Crédito: VISA e MasterCard + Valor de Caução de 300?.", "contatoservassistencia": "||> gira@emel.pt ||> (+351) 211 163 060 (Opção 2 (no IVR))", "wifi": "True", "aberturadt": "2017-11-18T00:00:00", "criacaodtt": "2017-10-26T15:27:00", "atualizacaodtt": "2026-07-08T07:00:00", "cp7": 1700094}}, {"type": "Feature", "geometry": {"type": "Point", "coordinates": [-9.14617, 38.73812]}, "properties": {"id_expl": 427, "estacaolocalizacao": "427 - Av. República / Av. Visconde Valmor", "horariofuncionamento": "||> 6h00 - 2h00", "tarifario": "||> Anual: 25? ||> Mensal: 15? ||> Diário*: 2? *(Valor promocional conforme termos e condições) ||> Mais informações em: https://www.gira-bicicletasdelisboa.pt/passes-e-tarifarios/", "formaspagto": "||> Utilizador Regular: Ref. MB, PayPal, Cartões de Crédito: VISA e MasterCard ||> Utilizador Ocasional: Paypal e Cartões de Crédito: VISA e MasterCard + Valor de Caução de 300?.", "contatoservassistencia": "||> gira@emel.pt ||> (+351) 211 163 060 (Opção 2 (no IVR))", "wifi": "True", "aberturadt": "2017-06-12T00:00:00", "criacaodtt": "2017-10-26T15:27:00", "atualizacaodtt": "2026-07-08T07:00:00", "cp7": 1050186}}, {"type": "Feature", "geometry": {"type": "Point", "coordinates": [-9.17, 38.756]}, "properties": {"id_expl": 485, "estacaolocalizacao": "485 - Rua Tomás da Fonseca / Rua António Albino Machado", "horariofuncionamento": "||> 6h00 - 2h00", "tarifario": "||> Anual: 25? ||> Mensal: 15? ||> Diário*: 2? *(Valor promocional conforme termos e condições) ||> Mais informações em: https://www.gira-bicicletasdelisboa.pt/passes-e-tarifarios/", "formaspagto": "||> Utilizador Regular: Ref. MB, PayPal, Cartões de Crédito: VISA e MasterCard ||> Utilizador Ocasional: Paypal e Cartões de Crédito: VISA e MasterCard + Valor de Caução de 300?.", "contatoservassistencia": "||> gira@emel.pt ||> (+351) 211 163 060 (Opção 2 (no IVR))", "wifi": "True", "aberturadt": "2018-03-04T00:00:00", "criacaodtt": "2018-03-15T21:43:00", "atualizacaodtt": "2026-07-08T07:00:00", "cp7": 1600211}}, {"type": "Feature", "geometry": {"type": "Point", "coordinates": [-9.14637, 38.72026]}, "properties": {"id_expl": 304, "estacaolocalizacao": "304 - Avenida da Liberdade / São Jorge", "horariofuncionamento": "||> 6h00 - 2h00", "tarifario": "||> Anual: 25? ||> Mensal: 15? ||> Diário*: 2? *(Valor promocional conforme termos e condições) ||> Mais informações em: https://www.gira-bicicletasdelisboa.pt/passes-e-tarifarios/", "formaspagto": "||> Utilizador Regular: Ref. MB, PayPal, Cartões de Crédito: VISA e MasterCard ||> Utilizador Ocasional: Paypal e Cartões de Crédito: VISA e MasterCard + Valor de Caução de 300?.", "contatoservassistencia": "||> gira@emel.pt ||> (+351) 211 163 060 (Opção 2 (no IVR))", "wifi": "True", "aberturadt": "2018-03-27T00:00:00", "criacaodtt": "2018-03-15T22:00:00", "atualizacaodtt": "2026-07-08T07:00:00", "cp7": 1250200}}, {"type": "Feature", "geometry": {"type": "Point", "coordinates": [-9.160992, 38.72392]}, "properties": {"id_expl": 361, "estacaolocalizacao": "361 - Amoreiras Shopping Center", "horariofuncionamento": "||> 6h00 - 2h00", "tarifario": "||> Anual: 25? ||> Mensal: 15? ||> Diário*: 2? *(Valor promocional conforme termos e condições) ||> Mais informações em: https://www.gira-bicicletasdelisboa.pt/passes-e-tarifarios/", "formaspagto": "||> Utilizador Regular: Ref. MB, PayPal, Cartões de Crédito: VISA e MasterCard ||> Utilizador Ocasional: Paypal e Cartões de Crédito: VISA e MasterCard + Valor de Caução de 300?.", "contatoservassistencia": "||> gira@emel.pt ||> (+351) 211 163 060 (Opção 2 (no IVR))", "wifi": "True", "aberturadt": "2022-04-05T00:00:00", "criacaodtt": "2022-03-22T11:34:00", "atualizacaodtt": "2026-07-08T07:00:00", "cp7": 1070101}}, {"type": "Feature", "geometry": {"type": "Point", "coordinates": [-9.14684, 38.74047]}, "properties": {"id_expl": 428, "estacaolocalizacao": "428 - Av. República / Avenida Barbosa Du Bocage", "horariofuncionamento": "||> 6h00 - 2h00", "tarifario": "||> Anual: 25? ||> Mensal: 15? ||> Diário*: 2? *(Valor promocional conforme termos e condições) ||> Mais informações em: https://www.gira-bicicletasdelisboa.pt/passes-e-tarifarios/", "formaspagto": "||> Utilizador Regular: Ref. MB, PayPal, Cartões de Crédito: VISA e MasterCard ||> Utilizador Ocasional: Paypal e Cartões de Crédito: VISA e MasterCard + Valor de Caução de 300?.", "contatoservassistencia": "||> gira@emel.pt ||> (+351) 211 163 060 (Opção 2 (no IVR))", "wifi": "True", "aberturadt": "2017-06-12T00:00:00", "criacaodtt": "2017-10-26T15:27:00", "atualizacaodtt": "2026-04-08T07:00:00", "cp7": 1069033}}, {"type": "Feature", "geometry": {"type": "Point", "coordinates": [-9.159288, 38.7244122]}, "properties": {"id_expl": 362, "estacaolocalizacao": "362 - Avenida Eng. Duarte Pacheco", "horariofuncionamento": "||> 6h00 - 2h00", "tarifario": "||> Anual: 25? ||> Mensal: 15? ||> Diário*: 2? *(Valor promocional conforme termos e condições) ||> Mais informações em: https://www.gira-bicicletasdelisboa.pt/passes-e-tarifarios/", "formaspagto": "||> Utilizador Regular: Ref. MB, PayPal, Cartões de Crédito: VISA e MasterCard ||> Utilizador Ocasional: Paypal e Cartões de Crédito: VISA e MasterCard + Valor de Caução de 300?.", "contatoservassistencia": "||> gira@emel.pt ||> (+351) 211 163 060 (Opção 2 (no IVR))", "wifi": "True", "aberturadt": "2022-04-05T00:00:00", "criacaodtt": "2022-03-22T11:34:00", "atualizacaodtt": "2026-06-08T07:00:00", "cp7": 1070100}}, {"type": "Feature", "geometry": {"type": "Point", "coordinates": [-9.17096, 38.76136]}, "properties": {"id_expl": 487, "estacaolocalizacao": "487 - Rua Professor João Barreira", "horariofuncionamento": "||> 6h00 - 2h00", "tarifario": "||> Anual: 25? ||> Mensal: 15? ||> Diário*: 2? *(Valor promocional conforme termos e condições) ||> Mais informações em: https://www.gira-bicicletasdelisboa.pt/passes-e-tarifarios/", "formaspagto": "||> Utilizador Regular: Ref. MB, PayPal, Cartões de Crédito: VISA e MasterCard ||> Utilizador Ocasional: Paypal e Cartões de Crédito: VISA e MasterCard + Valor de Caução de 300?.", "contatoservassistencia": "||> gira@emel.pt ||> (+351) 211 163 060 (Opção 2 (no IVR))", "wifi": "True", "aberturadt": "2018-03-04T00:00:00", "criacaodtt": "2018-03-22T08:10:00", "atualizacaodtt": "2026-06-08T07:00:00", "cp7": 1600635}}, {"type": "Feature", "geometry": {"type": "Point", "coordinates": [-9.141741, 38.751481]}, "properties": {"id_expl": 459, "estacaolocalizacao": "459 - Rua Maria Amália Vaz de Carvalho / ES Rainha D. Leonor", "horariofuncionamento": "||> 6h00 - 2h00", "tarifario": "||> Anual: 25? ||> Mensal: 15? ||> Diário*: 2? *(Valor promocional conforme termos e condições) ||> Mais informações em: https://www.gira-bicicletasdelisboa.pt/passes-e-tarifarios/", "formaspagto": "||> Utilizador Regular: Ref. MB, PayPal, Cartões de Crédito: VISA e MasterCard ||> Utilizador Ocasional: Paypal e Cartões de Crédito: VISA e MasterCard + Valor de Caução de 300?.", "contatoservassistencia": "||> gira@emel.pt ||> (+351) 211 163 060 (Opção 2 (no IVR))", "wifi": "True", "aberturadt": "2017-06-12T00:00:00", "criacaodtt": "2017-10-26T15:27:00", "atualizacaodtt": "2026-05-08T07:00:00", "cp7": 1700330}}, {"type": "Feature", "geometry": {"type": "Point", "coordinates": [-9.16985, 38.75954]}, "properties": {"id_expl": 486, "estacaolocalizacao": "486 - Rua Hermano Neves / Rua José Escada", "horariofuncionamento": "||> 6h00 - 2h00", "tarifario": "||> Anual: 25? ||> Mensal: 15? ||> Diário*: 2? *(Valor promocional conforme termos e condições) ||> Mais informações em: https://www.gira-bicicletasdelisboa.pt/passes-e-tarifarios/", "formaspagto": "||> Utilizador Regular: Ref. MB, PayPal, Cartões de Crédito: VISA e MasterCard ||> Utilizador Ocasional: Paypal e Cartões de Crédito: VISA e MasterCard + Valor de Caução de 300?.", "contatoservassistencia": "||> gira@emel.pt ||> (+351) 211 163 060 (Opção 2 (no IVR))", "wifi": "True", "aberturadt": "2018-03-04T00:00:00", "criacaodtt": "2018-03-22T08:10:00", "atualizacaodtt": "2026-05-08T07:00:00", "cp7": 1600244}}, {"type": "Feature", "geometry": {"type": "Point", "coordinates": [-9.147, 38.72228]}, "properties": {"id_expl": 305, "estacaolocalizacao": "305 - Avenida da Liberdade / Rua Barata Salgueiro", "horariofuncionamento": "||> 6h00 - 2h00", "tarifario": "||> Anual: 25? ||> Mensal: 15? ||> Diário*: 2? *(Valor promocional conforme termos e condições) ||> Mais informações em: https://www.gira-bicicletasdelisboa.pt/passes-e-tarifarios/", "formaspagto": "||> Utilizador Regular: Ref. MB, PayPal, Cartões de Crédito: VISA e MasterCard ||> Utilizador Ocasional: Paypal e Cartões de Crédito: VISA e MasterCard + Valor de Caução de 300?.", "contatoservassistencia": "||> gira@emel.pt ||> (+351) 211 163 060 (Opção 2 (no IVR))", "wifi": "True", "aberturadt": "2018-03-27T00:00:00", "criacaodtt": "2018-03-15T22:11:00", "atualizacaodtt": "2026-07-08T07:00:00", "cp7": 1250148}}, {"type": "Feature", "geometry": {"type": "Point", "coordinates": [-9.14854, 38.72281]}, "properties": {"id_expl": 306, "estacaolocalizacao": "306 - Avenida da Liberdade / Rua Alexandre Herculano", "horariofuncionamento": "||> 6h00 - 2h00", "tarifario": "||> Anual: 25? ||> Mensal: 15? ||> Diário*: 2? *(Valor promocional conforme termos e condições) ||> Mais informações em: https://www.gira-bicicletasdelisboa.pt/passes-e-tarifarios/", "formaspagto": "||> Utilizador Regular: Ref. MB, PayPal, Cartões de Crédito: VISA e MasterCard ||> Utilizador Ocasional: Paypal e Cartões de Crédito: VISA e MasterCard + Valor de Caução de 300?.", "contatoservassistencia": "||> gira@emel.pt ||> (+351) 211 163 060 (Opção 2 (no IVR))", "wifi": "True", "aberturadt": "2018-03-27T00:00:00", "criacaodtt": "2018-03-15T22:12:00", "atualizacaodtt": "2026-07-08T07:00:00", "cp7": 1250142}}, {"type": "Feature", "geometry": {"type": "Point", "coordinates": [-9.17526, 38.76014]}, "properties": {"id_expl": 488, "estacaolocalizacao": "488 - Rua Fernando Namora / Rua António Quadros", "horariofuncionamento": "||> 6h00 - 2h00", "tarifario": "||> Anual: 25? ||> Mensal: 15? ||> Diário*: 2? *(Valor promocional conforme termos e condições) ||> Mais informações em: https://www.gira-bicicletasdelisboa.pt/passes-e-tarifarios/", "formaspagto": "||> Utilizador Regular: Ref. MB, PayPal, Cartões de Crédito: VISA e MasterCard ||> Utilizador Ocasional: Paypal e Cartões de Crédito: VISA e MasterCard + Valor de Caução de 300?.", "contatoservassistencia": "||> gira@emel.pt ||> (+351) 211 163 060 (Opção 2 (no IVR))", "wifi": "True", "aberturadt": "2018-03-04T00:00:00", "criacaodtt": "2018-03-22T08:13:00", "atualizacaodtt": "2026-07-08T07:00:00", "cp7": 1600451}}, {"type": "Feature", "geometry": {"type": "Point", "coordinates": [-9.1691, 38.763204]}, "properties": {"id_expl": 519, "estacaolocalizacao": "519 - Rua Prof. Pulido Valente / Rua Prof. Mário ", "horariofuncionamento": "||> 6h00 - 2h00", "tarifario": "||> Anual: 25? ||> Mensal: 15? ||> Diário*: 2? *(Valor promocional conforme termos e condições) ||> Mais informações em: https://www.gira-bicicletasdelisboa.pt/passes-e-tarifarios/", "formaspagto": "||> Utilizador Regular: Ref. MB, PayPal, Cartões de Crédito: VISA e MasterCard ||> Utilizador Ocasional: Paypal e Cartões de Crédito: VISA e MasterCard + Valor de Caução de 300?.", "contatoservassistencia": "||> gira@emel.pt ||> (+351) 211 163 060 (Opção 2 (no IVR))", "wifi": "True", "aberturadt": "2022-07-14T00:00:00", "criacaodtt": "2022-06-27T16:51:00", "atualizacaodtt": "2026-06-08T07:00:00", "cp7": 1600645}}, {"type": "Feature", "geometry": {"type": "Point", "coordinates": [-9.149334, 38.724954]}, "properties": {"id_expl": 307, "estacaolocalizacao": "307 - Marquês de Pombal", "horariofuncionamento": "||> 6h00 - 2h00", "tarifario": "||> Anual: 25? ||> Mensal: 15? ||> Diário*: 2? *(Valor promocional conforme termos e condições) ||> Mais informações em: https://www.gira-bicicletasdelisboa.pt/passes-e-tarifarios/", "formaspagto": "||> Utilizador Regular: Ref. MB, PayPal, Cartões de Crédito: VISA e MasterCard ||> Utilizador Ocasional: Paypal e Cartões de Crédito: VISA e MasterCard + Valor de Caução de 300?.", "contatoservassistencia": "||> gira@emel.pt ||> (+351) 211 163 060 (Opção 2 (no IVR))", "wifi": "True", "aberturadt": "2018-03-27T00:00:00", "criacaodtt": "2018-03-22T08:39:00", "atualizacaodtt": "2026-07-08T07:00:00", "cp7": 1250162}}, {"type": "Feature", "geometry": {"type": "Point", "coordinates": [-9.174872, 38.76217]}, "properties": {"id_expl": 516, "estacaolocalizacao": "516 - Rua Professor Carlos Teixeira / Rua Professor Simões Raposo", "horariofuncionamento": "||> 6h00 - 2h00", "tarifario": "||> Anual: 25? ||> Mensal: 15? ||> Diário*: 2? *(Valor promocional conforme termos e condições) ||> Mais informações em: https://www.gira-bicicletasdelisboa.pt/passes-e-tarifarios/", "formaspagto": "||> Utilizador Regular: Ref. MB, PayPal, Cartões de Crédito: VISA e MasterCard ||> Utilizador Ocasional: Paypal e Cartões de Crédito: VISA e MasterCard + Valor de Caução de 300?.", "contatoservassistencia": "||> gira@emel.pt ||> (+351) 211 163 060 (Opção 2 (no IVR))", "wifi": "True", "aberturadt": "2023-05-26T00:00:00", "criacaodtt": "2023-03-24T17:07:00", "atualizacaodtt": "2026-06-08T07:00:00", "cp7": null}}, {"type": "Feature", "geometry": {"type": "Point", "coordinates": [-9.14969, 38.7246]}, "properties": {"id_expl": 308, "estacaolocalizacao": "308 - Marquês de Pombal", "horariofuncionamento": "||> 6h00 - 2h00", "tarifario": "||> Anual: 25? ||> Mensal: 15? ||> Diário*: 2? *(Valor promocional conforme termos e condições) ||> Mais informações em: https://www.gira-bicicletasdelisboa.pt/passes-e-tarifarios/", "formaspagto": "||> Utilizador Regular: Ref. MB, PayPal, Cartões de Crédito: VISA e MasterCard ||> Utilizador Ocasional: Paypal e Cartões de Crédito: VISA e MasterCard + Valor de Caução de 300?.", "contatoservassistencia": "||> gira@emel.pt ||> (+351) 211 163 060 (Opção 2 (no IVR))", "wifi": "True", "aberturadt": "2018-03-27T00:00:00", "criacaodtt": "2018-03-26T11:58:00", "atualizacaodtt": "2026-06-08T07:00:00", "cp7": 1250149}}, {"type": "Feature", "geometry": {"type": "Point", "coordinates": [-9.09974, 38.78836]}, "properties": {"id_expl": 114, "estacaolocalizacao": "114 - Via do Oriente", "horariofuncionamento": "||> 6h00 - 2h00", "tarifario": "||> Anual: 25? ||> Mensal: 15? ||> Diário*: 2? *(Valor promocional conforme termos e condições) ||> Mais informações em: https://www.gira-bicicletasdelisboa.pt/passes-e-tarifarios/", "formaspagto": "||> Utilizador Regular: Ref. MB, PayPal, Cartões de Crédito: VISA e MasterCard ||> Utilizador Ocasional: Paypal e Cartões de Crédito: VISA e MasterCard + Valor de Caução de 300?.", "contatoservassistencia": "||> gira@emel.pt ||> (+351) 211 163 060 (Opção 2 (no IVR))", "wifi": "True", "aberturadt": "2018-06-06T00:00:00", "criacaodtt": "2018-03-05T09:39:00", "atualizacaodtt": "2026-07-08T07:00:00", "cp7": 1990392}}, {"type": "Feature", "geometry": {"type": "Point", "coordinates": [-9.13956, 38.73811]}, "properties": {"id_expl": 419, "estacaolocalizacao": "419 - Av. António José de Almeida / Instituto Superior Técnico", "horariofuncionamento": "||> 6h00 - 2h00", "tarifario": "||> Anual: 25? ||> Mensal: 15? ||> Diário*: 2? *(Valor promocional conforme termos e condições) ||> Mais informações em: https://www.gira-bicicletasdelisboa.pt/passes-e-tarifarios/", "formaspagto": "||> Utilizador Regular: Ref. MB, PayPal, Cartões de Crédito: VISA e MasterCard ||> Utilizador Ocasional: Paypal e Cartões de Crédito: VISA e MasterCard + Valor de Caução de 300?.", "contatoservassistencia": "||> gira@emel.pt ||> (+351) 211 163 060 (Opção 2 (no IVR))", "wifi": "True", "aberturadt": "2018-06-06T00:00:00", "criacaodtt": "2018-03-05T09:46:00", "atualizacaodtt": "2026-07-08T07:00:00", "cp7": 1050134}}, {"type": "Feature", "geometry": {"type": "Point", "coordinates": [-9.17849, 38.76026]}, "properties": {"id_expl": 490, "estacaolocalizacao": "490 - Rua Fernando Namora / Azinhaga da Torre do Fato", "horariofuncionamento": "||> 6h00 - 2h00", "tarifario": "||> Anual: 25? ||> Mensal: 15? ||> Diário*: 2? *(Valor promocional conforme termos e condições) ||> Mais informações em: https://www.gira-bicicletasdelisboa.pt/passes-e-tarifarios/", "formaspagto": "||> Utilizador Regular: Ref. MB, PayPal, Cartões de Crédito: VISA e MasterCard ||> Utilizador Ocasional: Paypal e Cartões de Crédito: VISA e MasterCard + Valor de Caução de 300?.", "contatoservassistencia": "||> gira@emel.pt ||> (+351) 211 163 060 (Opção 2 (no IVR))", "wifi": "True", "aberturadt": "2018-06-06T00:00:00", "criacaodtt": "2018-10-05T09:22:00", "atualizacaodtt": "2026-07-08T07:00:00", "cp7": 1600451}}, {"type": "Feature", "geometry": {"type": "Point", "coordinates": [-9.14655, 38.70663]}, "properties": {"id_expl": 216, "estacaolocalizacao": "216 - Praça D. Luís I", "horariofuncionamento": "||> 6h00 - 2h00", "tarifario": "||> Anual: 25? ||> Mensal: 15? ||> Diário*: 2? *(Valor promocional conforme termos e condições) ||> Mais informações em: https://www.gira-bicicletasdelisboa.pt/passes-e-tarifarios/", "formaspagto": "||> Utilizador Regular: Ref. MB, PayPal, Cartões de Crédito: VISA e MasterCard ||> Utilizador Ocasional: Paypal e Cartões de Crédito: VISA e MasterCard + Valor de Caução de 300?.", "contatoservassistencia": "||> gira@emel.pt ||> (+351) 211 163 060 (Opção 2 (no IVR))", "wifi": "True", "aberturadt": "2018-05-29T00:00:00", "criacaodtt": "2018-10-05T09:55:00", "atualizacaodtt": "2026-07-08T07:00:00", "cp7": 1200479}}, {"type": "Feature", "geometry": {"type": "Point", "coordinates": [-9.15031, 38.75027]}, "properties": {"id_expl": 462, "estacaolocalizacao": "462 - Campo Grande / Biblioteca Nacional", "horariofuncionamento": "||> 6h00 - 2h00", "tarifario": "||> Anual: 25? ||> Mensal: 15? ||> Diário*: 2? *(Valor promocional conforme termos e condições) ||> Mais informações em: https://www.gira-bicicletasdelisboa.pt/passes-e-tarifarios/", "formaspagto": "||> Utilizador Regular: Ref. MB, PayPal, Cartões de Crédito: VISA e MasterCard ||> Utilizador Ocasional: Paypal e Cartões de Crédito: VISA e MasterCard + Valor de Caução de 300?.", "contatoservassistencia": "||> gira@emel.pt ||> (+351) 211 163 060 (Opção 2 (no IVR))", "wifi": "True", "aberturadt": "2018-06-06T00:00:00", "criacaodtt": "2018-10-05T09:55:00", "atualizacaodtt": "2026-07-08T07:00:00", "cp7": 1700180}}, {"type": "Feature", "geometry": {"type": "Point", "coordinates": [-9.14742, 38.72894]}, "properties": {"id_expl": 401, "estacaolocalizacao": "401 - Rua Martens Ferrão / Av. Fontes Pereira de Melo", "horariofuncionamento": "||> 6h00 - 2h00", "tarifario": "||> Anual: 25? ||> Mensal: 15? ||> Diário*: 2? *(Valor promocional conforme termos e condições) ||> Mais informações em: https://www.gira-bicicletasdelisboa.pt/passes-e-tarifarios/", "formaspagto": "||> Utilizador Regular: Ref. MB, PayPal, Cartões de Crédito: VISA e MasterCard ||> Utilizador Ocasional: Paypal e Cartões de Crédito: VISA e MasterCard + Valor de Caução de 300?.", "contatoservassistencia": "||> gira@emel.pt ||> (+351) 211 163 060 (Opção 2 (no IVR))", "wifi": "True", "aberturadt": "2018-06-06T00:00:00", "criacaodtt": "2018-05-16T09:07:00", "atualizacaodtt": "2026-07-08T07:00:00", "cp7": 1050116}}, {"type": "Feature", "geometry": {"type": "Point", "coordinates": [-9.160048, 38.74516]}, "properties": {"id_expl": 441, "estacaolocalizacao": "441 - Rua Soeiro Pereira Gomes", "horariofuncionamento": "||> 6h00 - 2h00", "tarifario": "||> Anual: 25? ||> Mensal: 15? ||> Diário*: 2? *(Valor promocional conforme termos e condições) ||> Mais informações em: https://www.gira-bicicletasdelisboa.pt/passes-e-tarifarios/", "formaspagto": "||> Utilizador Regular: Ref. MB, PayPal, Cartões de Crédito: VISA e MasterCard ||> Utilizador Ocasional: Paypal e Cartões de Crédito: VISA e MasterCard + Valor de Caução de 300?.", "contatoservassistencia": "||> gira@emel.pt ||> (+351) 211 163 060 (Opção 2 (no IVR))", "wifi": "True", "aberturadt": null, "criacaodtt": "2025-01-15T07:35:00", "atualizacaodtt": "2026-07-08T07:00:00", "cp7": null}}, {"type": "Feature", "geometry": {"type": "Point", "coordinates": [-9.123307, 38.729419]}, "properties": {"id_expl": 327, "estacaolocalizacao": "327 - Parada do Alto de São João", "horariofuncionamento": "||> 6h00 - 2h00", "tarifario": "||> Anual: 25? ||> Mensal: 15? ||> Diário*: 2? *(Valor promocional conforme termos e condições) ||> Mais informações em: https://www.gira-bicicletasdelisboa.pt/passes-e-tarifarios/", "formaspagto": "||> Utilizador Regular: Ref. MB, PayPal, Cartões de Crédito: VISA e MasterCard ||> Utilizador Ocasional: Paypal e Cartões de Crédito: VISA e MasterCard + Valor de Caução de 300?.", "contatoservassistencia": "||> gira@emel.pt ||> (+351) 211 163 060 (Opção 2 (no IVR))", "wifi": "True", "aberturadt": null, "criacaodtt": "2025-01-16T07:19:00", "atualizacaodtt": "2026-07-08T07:00:00", "cp7": null}}, {"type": "Feature", "geometry": {"type": "Point", "coordinates": [-9.14949, 38.70662]}, "properties": {"id_expl": 215, "estacaolocalizacao": "215 - Av. 24 de Julho", "horariofuncionamento": "||> 6h00 - 2h00", "tarifario": "||> Anual: 25? ||> Mensal: 15? ||> Diário*: 2? *(Valor promocional conforme termos e condições) ||> Mais informações em: https://www.gira-bicicletasdelisboa.pt/passes-e-tarifarios/", "formaspagto": "||> Utilizador Regular: Ref. MB, PayPal, Cartões de Crédito: VISA e MasterCard ||> Utilizador Ocasional: Paypal e Cartões de Crédito: VISA e MasterCard + Valor de Caução de 300?.", "contatoservassistencia": "||> gira@emel.pt ||> (+351) 211 163 060 (Opção 2 (no IVR))", "wifi": "True", "aberturadt": "2019-09-19T00:00:00", "criacaodtt": "2018-10-08T19:18:00", "atualizacaodtt": "2026-03-08T07:00:00", "cp7": 1350352}}, {"type": "Feature", "geometry": {"type": "Point", "coordinates": [-9.15424, 38.70673]}, "properties": {"id_expl": 214, "estacaolocalizacao": "214 - Largo de Santos", "horariofuncionamento": "||> 6h00 - 2h00", "tarifario": "||> Anual: 25? ||> Mensal: 15? ||> Diário*: 2? *(Valor promocional conforme termos e condições) ||> Mais informações em: https://www.gira-bicicletasdelisboa.pt/passes-e-tarifarios/", "formaspagto": "||> Utilizador Regular: Ref. MB, PayPal, Cartões de Crédito: VISA e MasterCard ||> Utilizador Ocasional: Paypal e Cartões de Crédito: VISA e MasterCard + Valor de Caução de 300?.", "contatoservassistencia": "||> gira@emel.pt ||> (+351) 211 163 060 (Opção 2 (no IVR))", "wifi": "True", "aberturadt": "2018-05-29T00:00:00", "criacaodtt": "2018-05-16T09:07:00", "atualizacaodtt": "2026-06-08T07:00:00", "cp7": 1280870}}, {"type": "Feature", "geometry": {"type": "Point", "coordinates": [-9.14373, 38.70523]}, "properties": {"id_expl": 208, "estacaolocalizacao": "208 - Cais das Pombas", "horariofuncionamento": "||> 6h00 - 2h00", "tarifario": "||> Anual: 25? ||> Mensal: 15? ||> Diário*: 2? *(Valor promocional conforme termos e condições) ||> Mais informações em: https://www.gira-bicicletasdelisboa.pt/passes-e-tarifarios/", "formaspagto": "||> Utilizador Regular: Ref. MB, PayPal, Cartões de Crédito: VISA e MasterCard ||> Utilizador Ocasional: Paypal e Cartões de Crédito: VISA e MasterCard + Valor de Caução de 300?.", "contatoservassistencia": "||> gira@emel.pt ||> (+351) 211 163 060 (Opção 2 (no IVR))", "wifi": "True", "aberturadt": "2018-05-29T00:00:00", "criacaodtt": "2018-05-18T09:06:00", "atualizacaodtt": "2026-07-08T07:00:00", "cp7": 1249289}}, {"type": "Feature", "geometry": {"type": "Point", "coordinates": [-9.13409, 38.74095]}, "properties": {"id_expl": 433, "estacaolocalizacao": "433 - Av. Paris / Av. Almirante Reis", "horariofuncionamento": "||> 6h00 - 2h00", "tarifario": "||> Anual: 25? ||> Mensal: 15? ||> Diário*: 2? *(Valor promocional conforme termos e condições) ||> Mais informações em: https://www.gira-bicicletasdelisboa.pt/passes-e-tarifarios/", "formaspagto": "||> Utilizador Regular: Ref. MB, PayPal, Cartões de Crédito: VISA e MasterCard ||> Utilizador Ocasional: Paypal e Cartões de Crédito: VISA e MasterCard + Valor de Caução de 300?.", "contatoservassistencia": "||> gira@emel.pt ||> (+351) 211 163 060 (Opção 2 (no IVR))", "wifi": "True", "aberturadt": "2019-09-19T00:00:00", "criacaodtt": "2018-10-08T17:15:00", "atualizacaodtt": "2026-07-08T07:00:00", "cp7": 1000226}}, {"type": "Feature", "geometry": {"type": "Point", "coordinates": [-9.09825, 38.78414]}, "properties": {"id_expl": 113, "estacaolocalizacao": "113 - Alameda dos Oceanos/ Passeio do Levante", "horariofuncionamento": "||> 6h00 - 2h00", "tarifario": "||> Anual: 25? ||> Mensal: 15? ||> Diário*: 2? *(Valor promocional conforme termos e condições) ||> Mais informações em: https://www.gira-bicicletasdelisboa.pt/passes-e-tarifarios/", "formaspagto": "||> Utilizador Regular: Ref. MB, PayPal, Cartões de Crédito: VISA e MasterCard ||> Utilizador Ocasional: Paypal e Cartões de Crédito: VISA e MasterCard + Valor de Caução de 300?.", "contatoservassistencia": "||> gira@emel.pt ||> (+351) 211 163 060 (Opção 2 (no IVR))", "wifi": "True", "aberturadt": "2020-07-10T00:00:00", "criacaodtt": "2018-10-08T18:37:00", "atualizacaodtt": "2026-07-08T07:00:00", "cp7": 1990392}}, {"type": "Feature", "geometry": {"type": "Point", "coordinates": [-9.14242, 38.71702]}, "properties": {"id_expl": 301, "estacaolocalizacao": "301 - Avenida da Liberdade / Restauradores", "horariofuncionamento": "||> 6h00 - 2h00", "tarifario": "||> Anual: 25? ||> Mensal: 15? ||> Diário*: 2? *(Valor promocional conforme termos e condições) ||> Mais informações em: https://www.gira-bicicletasdelisboa.pt/passes-e-tarifarios/", "formaspagto": "||> Utilizador Regular: Ref. MB, PayPal, Cartões de Crédito: VISA e MasterCard ||> Utilizador Ocasional: Paypal e Cartões de Crédito: VISA e MasterCard + Valor de Caução de 300?.", "contatoservassistencia": "||> gira@emel.pt ||> (+351) 211 163 060 (Opção 2 (no IVR))", "wifi": "True", "aberturadt": "2019-06-30T00:00:00", "criacaodtt": "2018-10-08T18:39:00", "atualizacaodtt": "2026-07-08T07:00:00", "cp7": 1250145}}, {"type": "Feature", "geometry": {"type": "Point", "coordinates": [-9.09622, 38.78069]}, "properties": {"id_expl": 112, "estacaolocalizacao": "112 - Alameda dos Oceanos / Passeio das Garças", "horariofuncionamento": "||> 6h00 - 2h00", "tarifario": "||> Anual: 25? ||> Mensal: 15? ||> Diário*: 2? *(Valor promocional conforme termos e condições) ||> Mais informações em: https://www.gira-bicicletasdelisboa.pt/passes-e-tarifarios/", "formaspagto": "||> Utilizador Regular: Ref. MB, PayPal, Cartões de Crédito: VISA e MasterCard ||> Utilizador Ocasional: Paypal e Cartões de Crédito: VISA e MasterCard + Valor de Caução de 300?.", "contatoservassistencia": "||> gira@emel.pt ||> (+351) 211 163 060 (Opção 2 (no IVR))", "wifi": "True", "aberturadt": "2019-09-19T00:00:00", "criacaodtt": "2018-10-08T19:14:00", "atualizacaodtt": "2026-07-08T07:00:00", "cp7": 1900238}}, {"type": "Feature", "geometry": {"type": "Point", "coordinates": [-9.14872, 38.74877]}, "properties": {"id_expl": 456, "estacaolocalizacao": "456 - Entrecampos / Av. das Forças Armadas", "horariofuncionamento": "||> 6h00 - 2h00", "tarifario": "||> Anual: 25? ||> Mensal: 15? ||> Diário*: 2? *(Valor promocional conforme termos e condições) ||> Mais informações em: https://www.gira-bicicletasdelisboa.pt/passes-e-tarifarios/", "formaspagto": "||> Utilizador Regular: Ref. MB, PayPal, Cartões de Crédito: VISA e MasterCard ||> Utilizador Ocasional: Paypal e Cartões de Crédito: VISA e MasterCard + Valor de Caução de 300?.", "contatoservassistencia": "||> gira@emel.pt ||> (+351) 211 163 060 (Opção 2 (no IVR))", "wifi": "True", "aberturadt": "2019-09-19T00:00:00", "criacaodtt": "2018-10-08T19:16:00", "atualizacaodtt": "2026-07-08T07:00:00", "cp7": 1700180}}, {"type": "Feature", "geometry": {"type": "Point", "coordinates": [-9.188, 38.697]}, "properties": {"id_expl": 205, "estacaolocalizacao": "205 - Av. Brasília / Cordoaria", "horariofuncionamento": "||> 6h00 - 2h00", "tarifario": "||> Anual: 25? ||> Mensal: 15? ||> Diário*: 2? *(Valor promocional conforme termos e condições) ||> Mais informações em: https://www.gira-bicicletasdelisboa.pt/passes-e-tarifarios/", "formaspagto": "||> Utilizador Regular: Ref. MB, PayPal, Cartões de Crédito: VISA e MasterCard ||> Utilizador Ocasional: Paypal e Cartões de Crédito: VISA e MasterCard + Valor de Caução de 300?.", "contatoservassistencia": "||> gira@emel.pt ||> (+351) 211 163 060 (Opção 2 (no IVR))", "wifi": "True", "aberturadt": "2021-07-13T00:00:00", "criacaodtt": "2018-10-08T19:21:00", "atualizacaodtt": "2026-07-08T07:00:00", "cp7": 1300340}}, {"type": "Feature", "geometry": {"type": "Point", "coordinates": [-9.20633, 38.6935]}, "properties": {"id_expl": 203, "estacaolocalizacao": "203 - Padrão dos Descobrimentos", "horariofuncionamento": "||> 6h00 - 2h00", "tarifario": "||> Anual: 25? ||> Mensal: 15? ||> Diário*: 2? *(Valor promocional conforme termos e condições) ||> Mais informações em: https://www.gira-bicicletasdelisboa.pt/passes-e-tarifarios/", "formaspagto": "||> Utilizador Regular: Ref. MB, PayPal, Cartões de Crédito: VISA e MasterCard ||> Utilizador Ocasional: Paypal e Cartões de Crédito: VISA e MasterCard + Valor de Caução de 300?.", "contatoservassistencia": "||> gira@emel.pt ||> (+351) 211 163 060 (Opção 2 (no IVR))", "wifi": "True", "aberturadt": "2021-07-13T00:00:00", "criacaodtt": "2018-10-08T19:27:00", "atualizacaodtt": "2026-07-08T07:00:00", "cp7": 1449003}}, {"type": "Feature", "geometry": {"type": "Point", "coordinates": [-9.17502, 38.70141]}, "properties": {"id_expl": 206, "estacaolocalizacao": "206 - Av. Brasília / Doca de Alcântara", "horariofuncionamento": "||> 6h00 - 2h00", "tarifario": "||> Anual: 25? ||> Mensal: 15? ||> Diário*: 2? *(Valor promocional conforme termos e condições) ||> Mais informações em: https://www.gira-bicicletasdelisboa.pt/passes-e-tarifarios/", "formaspagto": "||> Utilizador Regular: Ref. MB, PayPal, Cartões de Crédito: VISA e MasterCard ||> Utilizador Ocasional: Paypal e Cartões de Crédito: VISA e MasterCard + Valor de Caução de 300?.", "contatoservassistencia": "||> gira@emel.pt ||> (+351) 211 163 060 (Opção 2 (no IVR))", "wifi": "True", "aberturadt": "2021-07-13T00:00:00", "criacaodtt": "2018-10-08T19:31:00", "atualizacaodtt": "2026-07-08T07:00:00", "cp7": 1399049}}, {"type": "Feature", "geometry": {"type": "Point", "coordinates": [-9.122548, 38.713416]}, "properties": {"id_expl": 213, "estacaolocalizacao": "213 - Av. Infante Dom Henrique / Santa Apolónia", "horariofuncionamento": "||> 6h00 - 2h00", "tarifario": "||> Anual: 25? ||> Mensal: 15? ||> Diário*: 2? *(Valor promocional conforme termos e condições) ||> Mais informações em: https://www.gira-bicicletasdelisboa.pt/passes-e-tarifarios/", "formaspagto": "||> Utilizador Regular: Ref. MB, PayPal, Cartões de Crédito: VISA e MasterCard ||> Utilizador Ocasional: Paypal e Cartões de Crédito: VISA e MasterCard + Valor de Caução de 300?.", "contatoservassistencia": "||> gira@emel.pt ||> (+351) 211 163 060 (Opção 2 (no IVR))", "wifi": "True", "aberturadt": "2022-10-17T00:00:00", "criacaodtt": "2018-10-08T19:34:00", "atualizacaodtt": "2026-07-08T07:00:00", "cp7": null}}, {"type": "Feature", "geometry": {"type": "Point", "coordinates": [-9.15724, 38.75491]}, "properties": {"id_expl": 479, "estacaolocalizacao": "479 - Rua Professor Oliveira Marques", "horariofuncionamento": "||> 6h00 - 2h00", "tarifario": "||> Anual: 25? ||> Mensal: 15? ||> Diário*: 2? *(Valor promocional conforme termos e condições) ||> Mais informações em: https://www.gira-bicicletasdelisboa.pt/passes-e-tarifarios/", "formaspagto": "||> Utilizador Regular: Ref. MB, PayPal, Cartões de Crédito: VISA e MasterCard ||> Utilizador Ocasional: Paypal e Cartões de Crédito: VISA e MasterCard + Valor de Caução de 300?.", "contatoservassistencia": "||> gira@emel.pt ||> (+351) 211 163 060 (Opção 2 (no IVR))", "wifi": "True", "aberturadt": "2021-05-25T00:00:00", "criacaodtt": "2018-10-08T19:38:00", "atualizacaodtt": "2026-07-08T07:00:00", "cp7": 1649028}}, {"type": "Feature", "geometry": {"type": "Point", "coordinates": [-9.155564, 38.749141]}, "properties": {"id_expl": 461, "estacaolocalizacao": "461 - Rua Professora Teresa Ambrósio", "horariofuncionamento": "||> 6h00 - 2h00", "tarifario": "||> Anual: 25? ||> Mensal: 15? ||> Diário*: 2? *(Valor promocional conforme termos e condições) ||> Mais informações em: https://www.gira-bicicletasdelisboa.pt/passes-e-tarifarios/", "formaspagto": "||> Utilizador Regular: Ref. MB, PayPal, Cartões de Crédito: VISA e MasterCard ||> Utilizador Ocasional: Paypal e Cartões de Crédito: VISA e MasterCard + Valor de Caução de 300?.", "contatoservassistencia": "||> gira@emel.pt ||> (+351) 211 163 060 (Opção 2 (no IVR))", "wifi": "True", "aberturadt": "2021-05-25T00:00:00", "criacaodtt": "2018-10-08T19:43:00", "atualizacaodtt": "2026-07-08T07:00:00", "cp7": 1600063}}, {"type": "Feature", "geometry": {"type": "Point", "coordinates": [-9.15885, 38.75231]}, "properties": {"id_expl": 476, "estacaolocalizacao": "476 - Av. Professor Gama Pinto / Reitoria", "horariofuncionamento": "||> 6h00 - 2h00", "tarifario": "||> Anual: 25? ||> Mensal: 15? ||> Diário*: 2? *(Valor promocional conforme termos e condições) ||> Mais informações em: https://www.gira-bicicletasdelisboa.pt/passes-e-tarifarios/", "formaspagto": "||> Utilizador Regular: Ref. MB, PayPal, Cartões de Crédito: VISA e MasterCard ||> Utilizador Ocasional: Paypal e Cartões de Crédito: VISA e MasterCard + Valor de Caução de 300?.", "contatoservassistencia": "||> gira@emel.pt ||> (+351) 211 163 060 (Opção 2 (no IVR))", "wifi": "True", "aberturadt": "2020-08-04T00:00:00", "criacaodtt": "2018-10-08T19:46:00", "atualizacaodtt": "2026-07-08T07:00:00", "cp7": 1649028}}, {"type": "Feature", "geometry": {"type": "Point", "coordinates": [-9.15503, 38.75587]}, "properties": {"id_expl": 480, "estacaolocalizacao": "480 - Faculdade de Ciências", "horariofuncionamento": "||> 6h00 - 2h00", "tarifario": "||> Anual: 25? ||> Mensal: 15? ||> Diário*: 2? *(Valor promocional conforme termos e condições) ||> Mais informações em: https://www.gira-bicicletasdelisboa.pt/passes-e-tarifarios/", "formaspagto": "||> Utilizador Regular: Ref. MB, PayPal, Cartões de Crédito: VISA e MasterCard ||> Utilizador Ocasional: Paypal e Cartões de Crédito: VISA e MasterCard + Valor de Caução de 300?.", "contatoservassistencia": "||> gira@emel.pt ||> (+351) 211 163 060 (Opção 2 (no IVR))", "wifi": "True", "aberturadt": "2019-09-19T00:00:00", "criacaodtt": "2018-10-08T19:45:00", "atualizacaodtt": "2026-06-08T07:00:00", "cp7": 1749016}}, {"type": "Feature", "geometry": {"type": "Point", "coordinates": [-9.15717, 38.75359]}, "properties": {"id_expl": 478, "estacaolocalizacao": "478 - Alameda da Universidade / Faculdade de Letras", "horariofuncionamento": "||> 6h00 - 2h00", "tarifario": "||> Anual: 25? ||> Mensal: 15? ||> Diário*: 2? *(Valor promocional conforme termos e condições) ||> Mais informações em: https://www.gira-bicicletasdelisboa.pt/passes-e-tarifarios/", "formaspagto": "||> Utilizador Regular: Ref. MB, PayPal, Cartões de Crédito: VISA e MasterCard ||> Utilizador Ocasional: Paypal e Cartões de Crédito: VISA e MasterCard + Valor de Caução de 300?.", "contatoservassistencia": "||> gira@emel.pt ||> (+351) 211 163 060 (Opção 2 (no IVR))", "wifi": "True", "aberturadt": "2021-05-25T00:00:00", "criacaodtt": "2018-08-16T14:04:00", "atualizacaodtt": "2026-07-08T07:00:00", "cp7": 1600063}}, {"type": "Feature", "geometry": {"type": "Point", "coordinates": [-9.130805, 38.733025]}, "properties": {"id_expl": 324, "estacaolocalizacao": "324 - Rua Morais Soares / Largo Mendonça e Costa", "horariofuncionamento": "||> 6h00 - 2h00", "tarifario": "||> Anual: 25? ||> Mensal: 15? ||> Diário*: 2? *(Valor promocional conforme termos e condições) ||> Mais informações em: https://www.gira-bicicletasdelisboa.pt/passes-e-tarifarios/", "formaspagto": "||> Utilizador Regular: Ref. MB, PayPal, Cartões de Crédito: VISA e MasterCard ||> Utilizador Ocasional: Paypal e Cartões de Crédito: VISA e MasterCard + Valor de Caução de 300?.", "contatoservassistencia": "||> gira@emel.pt ||> (+351) 211 163 060 (Opção 2 (no IVR))", "wifi": "True", "aberturadt": "2024-07-15T00:00:00", "criacaodtt": "2024-01-07T23:22:00", "atualizacaodtt": "2026-06-08T07:00:00", "cp7": null}}, {"type": "Feature", "geometry": {"type": "Point", "coordinates": [-9.15671, 38.75264]}, "properties": {"id_expl": 477, "estacaolocalizacao": "477 - Alameda da Universidade / Faculdade de Direito", "horariofuncionamento": "||> 6h00 - 2h00", "tarifario": "||> Anual: 25? ||> Mensal: 15? ||> Diário*: 2? *(Valor promocional conforme termos e condições) ||> Mais informações em: https://www.gira-bicicletasdelisboa.pt/passes-e-tarifarios/", "formaspagto": "||> Utilizador Regular: Ref. MB, PayPal, Cartões de Crédito: VISA e MasterCard ||> Utilizador Ocasional: Paypal e Cartões de Crédito: VISA e MasterCard + Valor de Caução de 300?.", "contatoservassistencia": "||> gira@emel.pt ||> (+351) 211 163 060 (Opção 2 (no IVR))", "wifi": "True", "aberturadt": "2021-05-25T00:00:00", "criacaodtt": "2018-08-16T15:14:00", "atualizacaodtt": "2026-07-08T07:00:00", "cp7": 1649004}}, {"type": "Feature", "geometry": {"type": "Point", "coordinates": [-9.116342, 38.765588]}, "properties": {"id_expl": 134, "estacaolocalizacao": "134 - Praça Cidade do Luso", "horariofuncionamento": "||> 6h00 - 2h00", "tarifario": "||> Anual: 25? ||> Mensal: 15? ||> Diário*: 2? *(Valor promocional conforme termos e condições) ||> Mais informações em: https://www.gira-bicicletasdelisboa.pt/passes-e-tarifarios/", "formaspagto": "||> Utilizador Regular: Ref. MB, PayPal, Cartões de Crédito: VISA e MasterCard ||> Utilizador Ocasional: Paypal e Cartões de Crédito: VISA e MasterCard + Valor de Caução de 300?.", "contatoservassistencia": "||> gira@emel.pt ||> (+351) 211 163 060 (Opção 2 (no IVR))", "wifi": "True", "aberturadt": "2021-07-29T00:00:00", "criacaodtt": "2021-07-27T07:23:00", "atualizacaodtt": "2026-07-08T07:00:00", "cp7": 1800100}}, {"type": "Feature", "geometry": {"type": "Point", "coordinates": [-9.111745, 38.769665]}, "properties": {"id_expl": 150, "estacaolocalizacao": "150 - Avenida Dr. Francisco Luis Gomes / Go Fit", "horariofuncionamento": "||> 6h00 - 2h00", "tarifario": "||> Anual: 25? ||> Mensal: 15? ||> Diário*: 2? *(Valor promocional conforme termos e condições) ||> Mais informações em: https://www.gira-bicicletasdelisboa.pt/passes-e-tarifarios/", "formaspagto": "||> Utilizador Regular: Ref. MB, PayPal, Cartões de Crédito: VISA e MasterCard ||> Utilizador Ocasional: Paypal e Cartões de Crédito: VISA e MasterCard + Valor de Caução de 300?.", "contatoservassistencia": "||> gira@emel.pt ||> (+351) 211 163 060 (Opção 2 (no IVR))", "wifi": "True", "aberturadt": "2021-07-29T00:00:00", "criacaodtt": "2021-07-27T07:25:00", "atualizacaodtt": "2026-07-08T07:00:00", "cp7": 1800178}}, {"type": "Feature", "geometry": {"type": "Point", "coordinates": [-9.157335, 38.766075]}, "properties": {"id_expl": 552, "estacaolocalizacao": "552 - Alameda das Linhas de Torres / Hospital Puli", "horariofuncionamento": "||> 6h00 - 2h00", "tarifario": "||> Anual: 25? ||> Mensal: 15? ||> Diário*: 2? *(Valor promocional conforme termos e condições) ||> Mais informações em: https://www.gira-bicicletasdelisboa.pt/passes-e-tarifarios/", "formaspagto": "||> Utilizador Regular: Ref. MB, PayPal, Cartões de Crédito: VISA e MasterCard ||> Utilizador Ocasional: Paypal e Cartões de Crédito: VISA e MasterCard + Valor de Caução de 300?.", "contatoservassistencia": "||> gira@emel.pt ||> (+351) 211 163 060 (Opção 2 (no IVR))", "wifi": "True", "aberturadt": "2021-05-08T00:00:00", "criacaodtt": "2021-07-30T11:22:00", "atualizacaodtt": "2026-05-08T07:00:00", "cp7": 1750181}}, {"type": "Feature", "geometry": {"type": "Point", "coordinates": [-9.110724, 38.76503]}, "properties": {"id_expl": 133, "estacaolocalizacao": "133 - Rua Cidade de Benguela / Avenida Cidade de L", "horariofuncionamento": "||> 6h00 - 2h00", "tarifario": "||> Anual: 25? ||> Mensal: 15? ||> Diário*: 2? *(Valor promocional conforme termos e condições) ||> Mais informações em: https://www.gira-bicicletasdelisboa.pt/passes-e-tarifarios/", "formaspagto": "||> Utilizador Regular: Ref. MB, PayPal, Cartões de Crédito: VISA e MasterCard ||> Utilizador Ocasional: Paypal e Cartões de Crédito: VISA e MasterCard + Valor de Caução de 300?.", "contatoservassistencia": "||> gira@emel.pt ||> (+351) 211 163 060 (Opção 2 (no IVR))", "wifi": "True", "aberturadt": "2021-07-29T00:00:00", "criacaodtt": "2021-07-27T07:27:00", "atualizacaodtt": "2026-07-08T07:00:00", "cp7": 1800073}}, {"type": "Feature", "geometry": {"type": "Point", "coordinates": [-9.1967687, 38.7626054]}, "properties": {"id_expl": 512, "estacaolocalizacao": "512 - Metro da Pontinha", "horariofuncionamento": "||> 6h00 - 2h00", "tarifario": "||> Anual: 25? ||> Mensal: 15? ||> Diário*: 2? *(Valor promocional conforme termos e condições) ||> Mais informações em: https://www.gira-bicicletasdelisboa.pt/passes-e-tarifarios/", "formaspagto": "||> Utilizador Regular: Ref. MB, PayPal, Cartões de Crédito: VISA e MasterCard ||> Utilizador Ocasional: Paypal e Cartões de Crédito: VISA e MasterCard + Valor de Caução de 300?.", "contatoservassistencia": "||> gira@emel.pt ||> (+351) 211 163 060 (Opção 2 (no IVR))", "wifi": "True", "aberturadt": "2024-07-15T00:00:00", "criacaodtt": "2024-12-07T07:20:00", "atualizacaodtt": "2026-07-08T07:00:00", "cp7": null}}, {"type": "Feature", "geometry": {"type": "Point", "coordinates": [-9.118689, 38.764067]}, "properties": {"id_expl": 135, "estacaolocalizacao": "135 - Avenida Cidade de Lourenço Marques / Vale do", "horariofuncionamento": "||> 6h00 - 2h00", "tarifario": "||> Anual: 25? ||> Mensal: 15? ||> Diário*: 2? *(Valor promocional conforme termos e condições) ||> Mais informações em: https://www.gira-bicicletasdelisboa.pt/passes-e-tarifarios/", "formaspagto": "||> Utilizador Regular: Ref. MB, PayPal, Cartões de Crédito: VISA e MasterCard ||> Utilizador Ocasional: Paypal e Cartões de Crédito: VISA e MasterCard + Valor de Caução de 300?.", "contatoservassistencia": "||> gira@emel.pt ||> (+351) 211 163 060 (Opção 2 (no IVR))", "wifi": "True", "aberturadt": "2021-05-08T00:00:00", "criacaodtt": "2021-05-08T13:37:00", "atualizacaodtt": "2026-07-08T07:00:00", "cp7": 1800125}}, {"type": "Feature", "geometry": {"type": "Point", "coordinates": [-9.135675, 38.729657]}, "properties": {"id_expl": 314, "estacaolocalizacao": "314 - Rua Marques da Silva / Rua António Pedro", "horariofuncionamento": "||> 6h00 - 2h00", "tarifario": "||> Anual: 25? ||> Mensal: 15? ||> Diário*: 2? *(Valor promocional conforme termos e condições) ||> Mais informações em: https://www.gira-bicicletasdelisboa.pt/passes-e-tarifarios/", "formaspagto": "||> Utilizador Regular: Ref. MB, PayPal, Cartões de Crédito: VISA e MasterCard ||> Utilizador Ocasional: Paypal e Cartões de Crédito: VISA e MasterCard + Valor de Caução de 300?.", "contatoservassistencia": "||> gira@emel.pt ||> (+351) 211 163 060 (Opção 2 (no IVR))", "wifi": "True", "aberturadt": "2022-01-31T00:00:00", "criacaodtt": "2022-01-27T09:52:00", "atualizacaodtt": "2026-07-08T07:00:00", "cp7": 1150053}}, {"type": "Feature", "geometry": {"type": "Point", "coordinates": [-9.162216, 38.727094]}, "properties": {"id_expl": 363, "estacaolocalizacao": "363 - Rua de Campolide / Rua Marquês da Fronteira", "horariofuncionamento": "||> 6h00 - 2h00", "tarifario": "||> Anual: 25? ||> Mensal: 15? ||> Diário*: 2? *(Valor promocional conforme termos e condições) ||> Mais informações em: https://www.gira-bicicletasdelisboa.pt/passes-e-tarifarios/", "formaspagto": "||> Utilizador Regular: Ref. MB, PayPal, Cartões de Crédito: VISA e MasterCard ||> Utilizador Ocasional: Paypal e Cartões de Crédito: VISA e MasterCard + Valor de Caução de 300?.", "contatoservassistencia": "||> gira@emel.pt ||> (+351) 211 163 060 (Opção 2 (no IVR))", "wifi": "True", "aberturadt": "2022-07-13T00:00:00", "criacaodtt": "2022-06-13T10:31:00", "atualizacaodtt": "2026-07-08T07:00:00", "cp7": 1070028}}, {"type": "Feature", "geometry": {"type": "Point", "coordinates": [-9.165653, 38.717313]}, "properties": {"id_expl": 352, "estacaolocalizacao": "352 - Rua Tomás da Anunciação / Rua Almeida e S.", "horariofuncionamento": "||> 6h00 - 2h00", "tarifario": "||> Anual: 25? ||> Mensal: 15? ||> Diário*: 2? *(Valor promocional conforme termos e condições) ||> Mais informações em: https://www.gira-bicicletasdelisboa.pt/passes-e-tarifarios/", "formaspagto": "||> Utilizador Regular: Ref. MB, PayPal, Cartões de Crédito: VISA e MasterCard ||> Utilizador Ocasional: Paypal e Cartões de Crédito: VISA e MasterCard + Valor de Caução de 300?.", "contatoservassistencia": "||> gira@emel.pt ||> (+351) 211 163 060 (Opção 2 (no IVR))", "wifi": "True", "aberturadt": "2022-07-13T00:00:00", "criacaodtt": "2022-06-27T16:54:00", "atualizacaodtt": "2026-07-08T07:00:00", "cp7": 1350168}}, {"type": "Feature", "geometry": {"type": "Point", "coordinates": [-9.190007, 38.748901]}, "properties": {"id_expl": 509, "estacaolocalizacao": "509 - Centro Comercial Fonte Nova", "horariofuncionamento": "||> 6h00 - 2h00", "tarifario": "||> Anual: 25? ||> Mensal: 15? ||> Diário*: 2? *(Valor promocional conforme termos e condições) ||> Mais informações em: https://www.gira-bicicletasdelisboa.pt/passes-e-tarifarios/", "formaspagto": "||> Utilizador Regular: Ref. MB, PayPal, Cartões de Crédito: VISA e MasterCard ||> Utilizador Ocasional: Paypal e Cartões de Crédito: VISA e MasterCard + Valor de Caução de 300?.", "contatoservassistencia": "||> gira@emel.pt ||> (+351) 211 163 060 (Opção 2 (no IVR))", "wifi": "True", "aberturadt": "2022-09-30T00:00:00", "criacaodtt": "2022-07-14T18:38:00", "atualizacaodtt": "2026-07-08T07:00:00", "cp7": null}}, {"type": "Feature", "geometry": {"type": "Point", "coordinates": [-9.191793, 38.697907]}, "properties": {"id_expl": 235, "estacaolocalizacao": "235 - Rua da Junqueira / Rua Pinto Ferreira", "horariofuncionamento": "||> 6h00 - 2h00", "tarifario": "||> Anual: 25? ||> Mensal: 15? ||> Diário*: 2? *(Valor promocional conforme termos e condições) ||> Mais informações em: https://www.gira-bicicletasdelisboa.pt/passes-e-tarifarios/", "formaspagto": "||> Utilizador Regular: Ref. MB, PayPal, Cartões de Crédito: VISA e MasterCard ||> Utilizador Ocasional: Paypal e Cartões de Crédito: VISA e MasterCard + Valor de Caução de 300?.", "contatoservassistencia": "||> gira@emel.pt ||> (+351) 211 163 060 (Opção 2 (no IVR))", "wifi": "True", "aberturadt": null, "criacaodtt": "2022-07-14T18:38:00", "atualizacaodtt": "2026-07-08T07:00:00", "cp7": null}}, {"type": "Feature", "geometry": {"type": "Point", "coordinates": [-9.1669549, 38.7405788]}, "properties": {"id_expl": 435, "estacaolocalizacao": "435 - Interface de Sete Rios", "horariofuncionamento": "||> 6h00 - 2h00", "tarifario": "||> Anual: 25? ||> Mensal: 15? ||> Diário*: 2? *(Valor promocional conforme termos e condições) ||> Mais informações em: https://www.gira-bicicletasdelisboa.pt/passes-e-tarifarios/", "formaspagto": "||> Utilizador Regular: Ref. MB, PayPal, Cartões de Crédito: VISA e MasterCard ||> Utilizador Ocasional: Paypal e Cartões de Crédito: VISA e MasterCard + Valor de Caução de 300?.", "contatoservassistencia": "||> gira@emel.pt ||> (+351) 211 163 060 (Opção 2 (no IVR))", "wifi": "True", "aberturadt": "2022-09-30T00:00:00", "criacaodtt": "2022-09-20T21:13:00", "atualizacaodtt": "2026-07-08T07:00:00", "cp7": null}}, {"type": "Feature", "geometry": {"type": "Point", "coordinates": [-9.152444, 38.733526]}, "properties": {"id_expl": 404, "estacaolocalizacao": "404 - Largo São Sebastião da Pedreira", "horariofuncionamento": "||> 6h00 - 2h00", "tarifario": "||> Anual: 25? ||> Mensal: 15? ||> Diário*: 2? *(Valor promocional conforme termos e condições) ||> Mais informações em: https://www.gira-bicicletasdelisboa.pt/passes-e-tarifarios/", "formaspagto": "||> Utilizador Regular: Ref. MB, PayPal, Cartões de Crédito: VISA e MasterCard ||> Utilizador Ocasional: Paypal e Cartões de Crédito: VISA e MasterCard + Valor de Caução de 300?.", "contatoservassistencia": "||> gira@emel.pt ||> (+351) 211 163 060 (Opção 2 (no IVR))", "wifi": "True", "aberturadt": null, "criacaodtt": "2024-11-27T12:45:00", "atualizacaodtt": "2026-06-08T07:00:00", "cp7": null}}, {"type": "Feature", "geometry": {"type": "Point", "coordinates": [-9.148427, 38.75165]}, "properties": {"id_expl": 464, "estacaolocalizacao": "464 - Av. da Igreja / Rua Afonso Lopes Vieira", "horariofuncionamento": "||> 6h00 - 2h00", "tarifario": "||> Anual: 25? ||> Mensal: 15? ||> Diário*: 2? *(Valor promocional conforme termos e condições) ||> Mais informações em: https://www.gira-bicicletasdelisboa.pt/passes-e-tarifarios/", "formaspagto": "||> Utilizador Regular: Ref. MB, PayPal, Cartões de Crédito: VISA e MasterCard ||> Utilizador Ocasional: Paypal e Cartões de Crédito: VISA e MasterCard + Valor de Caução de 300?.", "contatoservassistencia": "||> gira@emel.pt ||> (+351) 211 163 060 (Opção 2 (no IVR))", "wifi": "True", "aberturadt": "2017-11-18T00:00:00", "criacaodtt": "2017-09-10T15:22:00", "atualizacaodtt": "2026-07-08T07:00:00", "cp7": 1700013}}, {"type": "Feature", "geometry": {"type": "Point", "coordinates": [-9.15907, 38.75115]}, "properties": {"id_expl": 475, "estacaolocalizacao": "475 - Av. Professor Gama Pinto / Cantina Velha", "horariofuncionamento": "||> 6h00 - 2h00", "tarifario": "||> Anual: 25? ||> Mensal: 15? ||> Diário*: 2? *(Valor promocional conforme termos e condições) ||> Mais informações em: https://www.gira-bicicletasdelisboa.pt/passes-e-tarifarios/", "formaspagto": "||> Utilizador Regular: Ref. MB, PayPal, Cartões de Crédito: VISA e MasterCard ||> Utilizador Ocasional: Paypal e Cartões de Crédito: VISA e MasterCard + Valor de Caução de 300?.", "contatoservassistencia": "||> gira@emel.pt ||> (+351) 211 163 060 (Opção 2 (no IVR))", "wifi": "True", "aberturadt": "2020-08-04T00:00:00", "criacaodtt": "2018-10-08T19:36:00", "atualizacaodtt": "2026-07-08T07:00:00", "cp7": 1649028}}, {"type": "Feature", "geometry": {"type": "Point", "coordinates": [-9.11255, 38.76829]}, "properties": {"id_expl": 132, "estacaolocalizacao": "132 - Avenida de Berlim / Rua Cidade de Cabinda", "horariofuncionamento": "||> 6h00 - 2h00", "tarifario": "||> Anual: 25? ||> Mensal: 15? ||> Diário*: 2? *(Valor promocional conforme termos e condições) ||> Mais informações em: https://www.gira-bicicletasdelisboa.pt/passes-e-tarifarios/", "formaspagto": "||> Utilizador Regular: Ref. MB, PayPal, Cartões de Crédito: VISA e MasterCard ||> Utilizador Ocasional: Paypal e Cartões de Crédito: VISA e MasterCard + Valor de Caução de 300?.", "contatoservassistencia": "||> gira@emel.pt ||> (+351) 211 163 060 (Opção 2 (no IVR))", "wifi": "True", "aberturadt": "2021-07-29T00:00:00", "criacaodtt": "2021-07-27T07:24:00", "atualizacaodtt": "2026-07-08T07:00:00", "cp7": 1800178}}, {"type": "Feature", "geometry": {"type": "Point", "coordinates": [-9.212149, 38.694155]}, "properties": {"id_expl": 232, "estacaolocalizacao": "232 - Avenida da Índia / Centro de Arqueologia de Lisboa", "horariofuncionamento": "||> 6h00 - 2h00", "tarifario": "||> Anual: 25? ||> Mensal: 15? ||> Diário*: 2? *(Valor promocional conforme termos e condições) ||> Mais informações em: https://www.gira-bicicletasdelisboa.pt/passes-e-tarifarios/", "formaspagto": "||> Utilizador Regular: Ref. MB, PayPal, Cartões de Crédito: VISA e MasterCard ||> Utilizador Ocasional: Paypal e Cartões de Crédito: VISA e MasterCard + Valor de Caução de 300?.", "contatoservassistencia": "||> gira@emel.pt ||> (+351) 211 163 060 (Opção 2 (no IVR))", "wifi": "True", "aberturadt": "2024-07-15T00:00:00", "criacaodtt": "2022-03-22T11:34:00", "atualizacaodtt": "2026-07-08T07:00:00", "cp7": null}}, {"type": "Feature", "geometry": {"type": "Point", "coordinates": [-9.219675, 38.695342]}, "properties": {"id_expl": 231, "estacaolocalizacao": "231 - Largo Luís Alves Miguel / Rua Fernão Mendes Pinto", "horariofuncionamento": "||> 6h00 - 2h00", "tarifario": "||> Anual: 25? ||> Mensal: 15? ||> Diário*: 2? *(Valor promocional conforme termos e condições) ||> Mais informações em: https://www.gira-bicicletasdelisboa.pt/passes-e-tarifarios/", "formaspagto": "||> Utilizador Regular: Ref. MB, PayPal, Cartões de Crédito: VISA e MasterCard ||> Utilizador Ocasional: Paypal e Cartões de Crédito: VISA e MasterCard + Valor de Caução de 300?.", "contatoservassistencia": "||> gira@emel.pt ||> (+351) 211 163 060 (Opção 2 (no IVR))", "wifi": "True", "aberturadt": "2024-07-15T00:00:00", "criacaodtt": "2023-05-06T11:05:00", "atualizacaodtt": "2026-07-08T07:00:00", "cp7": null}}, {"type": "Feature", "geometry": {"type": "Point", "coordinates": [-9.214902, 38.694942]}, "properties": {"id_expl": 241, "estacaolocalizacao": "241 - Rua Bartolomeu Dias / Palácio do Governador", "horariofuncionamento": "||> 6h00 - 2h00", "tarifario": "||> Anual: 25? ||> Mensal: 15? ||> Diário*: 2? *(Valor promocional conforme termos e condições) ||> Mais informações em: https://www.gira-bicicletasdelisboa.pt/passes-e-tarifarios/", "formaspagto": "||> Utilizador Regular: Ref. MB, PayPal, Cartões de Crédito: VISA e MasterCard ||> Utilizador Ocasional: Paypal e Cartões de Crédito: VISA e MasterCard + Valor de Caução de 300?.", "contatoservassistencia": "||> gira@emel.pt ||> (+351) 211 163 060 (Opção 2 (no IVR))", "wifi": "True", "aberturadt": "2024-07-15T00:00:00", "criacaodtt": "2023-11-06T05:03:00", "atualizacaodtt": "2026-07-08T07:00:00", "cp7": null}}, {"type": "Feature", "geometry": {"type": "Point", "coordinates": [-9.204056, 38.696867]}, "properties": {"id_expl": 233, "estacaolocalizacao": "233 - Rua de Belém / Jardim Vasco da Gama", "horariofuncionamento": "||> 6h00 - 2h00", "tarifario": "||> Anual: 25? ||> Mensal: 15? ||> Diário*: 2? *(Valor promocional conforme termos e condições) ||> Mais informações em: https://www.gira-bicicletasdelisboa.pt/passes-e-tarifarios/", "formaspagto": "||> Utilizador Regular: Ref. MB, PayPal, Cartões de Crédito: VISA e MasterCard ||> Utilizador Ocasional: Paypal e Cartões de Crédito: VISA e MasterCard + Valor de Caução de 300?.", "contatoservassistencia": "||> gira@emel.pt ||> (+351) 211 163 060 (Opção 2 (no IVR))", "wifi": "True", "aberturadt": null, "criacaodtt": "2025-03-01T07:13:00", "atualizacaodtt": "2026-06-08T07:00:00", "cp7": null}}, {"type": "Feature", "geometry": {"type": "Point", "coordinates": [-9.14727, 38.733827]}, "properties": {"id_expl": 405, "estacaolocalizacao": "405 - Rua Pedro Nunes / Av. 5 de Outubro", "horariofuncionamento": "||> 6h00 - 2h00", "tarifario": "||> Anual: 25? ||> Mensal: 15? ||> Diário*: 2? *(Valor promocional conforme termos e condições) ||> Mais informações em: https://www.gira-bicicletasdelisboa.pt/passes-e-tarifarios/", "formaspagto": "||> Utilizador Regular: Ref. MB, PayPal, Cartões de Crédito: VISA e MasterCard ||> Utilizador Ocasional: Paypal e Cartões de Crédito: VISA e MasterCard + Valor de Caução de 300?.", "contatoservassistencia": "||> gira@emel.pt ||> (+351) 211 163 060 (Opção 2 (no IVR))", "wifi": "True", "aberturadt": null, "criacaodtt": "2024-12-18T07:40:00", "atualizacaodtt": "2026-07-08T07:00:00", "cp7": null}}, {"type": "Feature", "geometry": {"type": "Point", "coordinates": [-9.165081, 38.748018]}, "properties": {"id_expl": 466, "estacaolocalizacao": "466 - Rua Azevedo Neves (Universidade Católica Portuguesa)", "horariofuncionamento": "||> 6h00 - 2h00", "tarifario": "||> Anual: 25? ||> Mensal: 15? ||> Diário*: 2? *(Valor promocional conforme termos e condições) ||> Mais informações em: https://www.gira-bicicletasdelisboa.pt/passes-e-tarifarios/", "formaspagto": "||> Utilizador Regular: Ref. MB, PayPal, Cartões de Crédito: VISA e MasterCard ||> Utilizador Ocasional: Paypal e Cartões de Crédito: VISA e MasterCard + Valor de Caução de 300?.", "contatoservassistencia": "||> gira@emel.pt ||> (+351) 211 163 060 (Opção 2 (no IVR))", "wifi": "True", "aberturadt": null, "criacaodtt": "2025-01-15T07:35:00", "atualizacaodtt": "2026-07-08T07:00:00", "cp7": null}}, {"type": "Feature", "geometry": {"type": "Point", "coordinates": [-9.127572, 38.74068]}, "properties": {"id_expl": 445, "estacaolocalizacao": "445 - Avenida Afonso Costa / SSCML", "horariofuncionamento": "||> 6h00 - 2h00", "tarifario": "||> Anual: 25? ||> Mensal: 15? ||> Diário*: 2? *(Valor promocional conforme termos e condições) ||> Mais informações em: https://www.gira-bicicletasdelisboa.pt/passes-e-tarifarios/", "formaspagto": "||> Utilizador Regular: Ref. MB, PayPal, Cartões de Crédito: VISA e MasterCard ||> Utilizador Ocasional: Paypal e Cartões de Crédito: VISA e MasterCard + Valor de Caução de 300?.", "contatoservassistencia": "||> gira@emel.pt ||> (+351) 211 163 060 (Opção 2 (no IVR))", "wifi": "True", "aberturadt": null, "criacaodtt": "2025-01-15T07:35:00", "atualizacaodtt": "2026-07-08T07:00:00", "cp7": null}}, {"type": "Feature", "geometry": {"type": "Point", "coordinates": [-9.18327, 38.760986]}, "properties": {"id_expl": 515, "estacaolocalizacao": "515 - Largo da Luz", "horariofuncionamento": "||> 6h00 - 2h00", "tarifario": "||> Anual: 25? ||> Mensal: 15? ||> Diário*: 2? *(Valor promocional conforme termos e condições) ||> Mais informações em: https://www.gira-bicicletasdelisboa.pt/passes-e-tarifarios/", "formaspagto": "||> Utilizador Regular: Ref. MB, PayPal, Cartões de Crédito: VISA e MasterCard ||> Utilizador Ocasional: Paypal e Cartões de Crédito: VISA e MasterCard + Valor de Caução de 300?.", "contatoservassistencia": "||> gira@emel.pt ||> (+351) 211 163 060 (Opção 2 (no IVR))", "wifi": "True", "aberturadt": null, "criacaodtt": "2025-01-15T07:35:00", "atualizacaodtt": "2026-07-08T07:00:00", "cp7": null}}, {"type": "Feature", "geometry": {"type": "Point", "coordinates": [-9.121902, 38.770808]}, "properties": {"id_expl": 152, "estacaolocalizacao": "152 - Alameda da Encarnação / Rua da Portela\t", "horariofuncionamento": "||> 6h00 - 2h00", "tarifario": "||> Anual: 25? ||> Mensal: 15? ||> Diário*: 2? *(Valor promocional conforme termos e condições) ||> Mais informações em: https://www.gira-bicicletasdelisboa.pt/passes-e-tarifarios/", "formaspagto": "||> Utilizador Regular: Ref. MB, PayPal, Cartões de Crédito: VISA e MasterCard ||> Utilizador Ocasional: Paypal e Cartões de Crédito: VISA e MasterCard + Valor de Caução de 300?.", "contatoservassistencia": "||> gira@emel.pt ||> (+351) 211 163 060 (Opção 2 (no IVR))", "wifi": "True", "aberturadt": null, "criacaodtt": "2025-01-16T07:19:00", "atualizacaodtt": "2026-07-08T07:00:00", "cp7": null}}, {"type": "Feature", "geometry": {"type": "Point", "coordinates": [-9.149145, 38.742814]}, "properties": {"id_expl": 447, "estacaolocalizacao": "447 - Av. 5 de Outubro / Av. António Serpa", "horariofuncionamento": "||> 6h00 - 2h00", "tarifario": "||> Anual: 25? ||> Mensal: 15? ||> Diário*: 2? *(Valor promocional conforme termos e condições) ||> Mais informações em: https://www.gira-bicicletasdelisboa.pt/passes-e-tarifarios/", "formaspagto": "||> Utilizador Regular: Ref. MB, PayPal, Cartões de Crédito: VISA e MasterCard ||> Utilizador Ocasional: Paypal e Cartões de Crédito: VISA e MasterCard + Valor de Caução de 300?.", "contatoservassistencia": "||> gira@emel.pt ||> (+351) 211 163 060 (Opção 2 (no IVR))", "wifi": "True", "aberturadt": null, "criacaodtt": "2025-02-20T04:39:00", "atualizacaodtt": "2026-07-08T07:00:00", "cp7": null}}, {"type": "Feature", "geometry": {"type": "Point", "coordinates": [-9.155302, 38.74574]}, "properties": {"id_expl": 455, "estacaolocalizacao": "455 - Avenida Álvaro Pais / Rua Sousa Lopes", "horariofuncionamento": "||> 6h00 - 2h00", "tarifario": "||> Anual: 25? ||> Mensal: 15? ||> Diário*: 2? *(Valor promocional conforme termos e condições) ||> Mais informações em: https://www.gira-bicicletasdelisboa.pt/passes-e-tarifarios/", "formaspagto": "||> Utilizador Regular: Ref. MB, PayPal, Cartões de Crédito: VISA e MasterCard ||> Utilizador Ocasional: Paypal e Cartões de Crédito: VISA e MasterCard + Valor de Caução de 300?.", "contatoservassistencia": "||> gira@emel.pt ||> (+351) 211 163 060 (Opção 2 (no IVR))", "wifi": "True", "aberturadt": null, "criacaodtt": "2025-02-20T04:39:00", "atualizacaodtt": "2026-07-08T07:00:00", "cp7": null}}, {"type": "Feature", "geometry": {"type": "Point", "coordinates": [-9.151449, 38.744971]}, "properties": {"id_expl": 454, "estacaolocalizacao": "454 - Av. Álvaro Pais / Rua da Cruz Vermelha\t", "horariofuncionamento": "||> 6h00 - 2h00", "tarifario": "||> Anual: 25? ||> Mensal: 15? ||> Diário*: 2? *(Valor promocional conforme termos e condições) ||> Mais informações em: https://www.gira-bicicletasdelisboa.pt/passes-e-tarifarios/", "formaspagto": "||> Utilizador Regular: Ref. MB, PayPal, Cartões de Crédito: VISA e MasterCard ||> Utilizador Ocasional: Paypal e Cartões de Crédito: VISA e MasterCard + Valor de Caução de 300?.", "contatoservassistencia": "||> gira@emel.pt ||> (+351) 211 163 060 (Opção 2 (no IVR))", "wifi": "True", "aberturadt": null, "criacaodtt": "2025-01-20T07:22:00", "atualizacaodtt": "2026-06-08T07:00:00", "cp7": null}}, {"type": "Feature", "geometry": {"type": "Point", "coordinates": [-9.198276, 38.713538]}, "properties": {"id_expl": 251, "estacaolocalizacao": "251 - Rua Almerindo Lessa / ISCSP", "horariofuncionamento": "||> 6h00 - 2h00", "tarifario": "||> Anual: 25? ||> Mensal: 15? ||> Diário*: 2? *(Valor promocional conforme termos e condições) ||> Mais informações em: https://www.gira-bicicletasdelisboa.pt/passes-e-tarifarios/", "formaspagto": "||> Utilizador Regular: Ref. MB, PayPal, Cartões de Crédito: VISA e MasterCard ||> Utilizador Ocasional: Paypal e Cartões de Crédito: VISA e MasterCard + Valor de Caução de 300?.", "contatoservassistencia": "||> gira@emel.pt ||> (+351) 211 163 060 (Opção 2 (no IVR))", "wifi": "True", "aberturadt": null, "criacaodtt": "2025-03-26T12:19:00", "atualizacaodtt": "2026-07-08T07:00:00", "cp7": null}}, {"type": "Feature", "geometry": {"type": "Point", "coordinates": [-9.168795, 38.741954]}, "properties": {"id_expl": 448, "estacaolocalizacao": "448 - Praça Marechal Humberto Delgado", "horariofuncionamento": "||> 6h00 - 2h00", "tarifario": "||> Anual: 25? ||> Mensal: 15? ||> Diário*: 2? *(Valor promocional conforme termos e condições) ||> Mais informações em: https://www.gira-bicicletasdelisboa.pt/passes-e-tarifarios/", "formaspagto": "||> Utilizador Regular: Ref. MB, PayPal, Cartões de Crédito: VISA e MasterCard ||> Utilizador Ocasional: Paypal e Cartões de Crédito: VISA e MasterCard + Valor de Caução de 300?.", "contatoservassistencia": "||> gira@emel.pt ||> (+351) 211 163 060 (Opção 2 (no IVR))", "wifi": "True", "aberturadt": null, "criacaodtt": "2025-03-26T12:19:00", "atualizacaodtt": "2026-07-08T07:00:00", "cp7": null}}, {"type": "Feature", "geometry": {"type": "Point", "coordinates": [-9.094686, 38.777548]}, "properties": {"id_expl": 109, "estacaolocalizacao": "109 - Alameda dos Oceanos / Rua do Zambeze", "horariofuncionamento": "||> 6h00 - 2h00", "tarifario": "||> Anual: 25? ||> Mensal: 15? ||> Diário*: 2? *(Valor promocional conforme termos e condições) ||> Mais informações em: https://www.gira-bicicletasdelisboa.pt/passes-e-tarifarios/", "formaspagto": "||> Utilizador Regular: Ref. MB, PayPal, Cartões de Crédito: VISA e MasterCard ||> Utilizador Ocasional: Paypal e Cartões de Crédito: VISA e MasterCard + Valor de Caução de 300?.", "contatoservassistencia": "||> gira@emel.pt ||> (+351) 211 163 060 (Opção 2 (no IVR))", "wifi": "True", "aberturadt": null, "criacaodtt": "2025-01-10T16:50:00", "atualizacaodtt": "2026-07-08T07:00:00", "cp7": null}}, {"type": "Feature", "geometry": {"type": "Point", "coordinates": [-9.117793, 38.773972]}, "properties": {"id_expl": 154, "estacaolocalizacao": "154 - Alameda da Encarnação / Jardim de Santo Eugénio", "horariofuncionamento": "||> 6h00 - 2h00", "tarifario": "||> Anual: 25? ||> Mensal: 15? ||> Diário*: 2? *(Valor promocional conforme termos e condições) ||> Mais informações em: https://www.gira-bicicletasdelisboa.pt/passes-e-tarifarios/", "formaspagto": "||> Utilizador Regular: Ref. MB, PayPal, Cartões de Crédito: VISA e MasterCard ||> Utilizador Ocasional: Paypal e Cartões de Crédito: VISA e MasterCard + Valor de Caução de 300?.", "contatoservassistencia": "||> gira@emel.pt ||> (+351) 211 163 060 (Opção 2 (no IVR))", "wifi": "True", "aberturadt": null, "criacaodtt": "2025-06-11T15:08:00", "atualizacaodtt": "2026-07-08T07:00:00", "cp7": null}}, {"type": "Feature", "geometry": {"type": "Point", "coordinates": [-9.166854, 38.720215]}, "properties": {"id_expl": 355, "estacaolocalizacao": "355 - Praça Afonso do Paço", "horariofuncionamento": "||> 6h00 - 2h00", "tarifario": "||> Anual: 25? ||> Mensal: 15? ||> Diário*: 2? *(Valor promocional conforme termos e condições) ||> Mais informações em: https://www.gira-bicicletasdelisboa.pt/passes-e-tarifarios/", "formaspagto": "||> Utilizador Regular: Ref. MB, PayPal, Cartões de Crédito: VISA e MasterCard ||> Utilizador Ocasional: Paypal e Cartões de Crédito: VISA e MasterCard + Valor de Caução de 300?.", "contatoservassistencia": "||> gira@emel.pt ||> (+351) 211 163 060 (Opção 2 (no IVR))", "wifi": "True", "aberturadt": null, "criacaodtt": "2025-06-11T15:08:00", "atualizacaodtt": "2026-07-08T07:00:00", "cp7": null}}, {"type": "Feature", "geometry": {"type": "Point", "coordinates": [-9.162994, 38.75021]}, "properties": {"id_expl": 467, "estacaolocalizacao": "467 - Av. Professor Egas Moniz / Hospital de Santa Maria", "horariofuncionamento": "||> 6h00 - 2h00", "tarifario": "||> Anual: 25? ||> Mensal: 15? ||> Diário*: 2? *(Valor promocional conforme termos e condições) ||> Mais informações em: https://www.gira-bicicletasdelisboa.pt/passes-e-tarifarios/", "formaspagto": "||> Utilizador Regular: Ref. MB, PayPal, Cartões de Crédito: VISA e MasterCard ||> Utilizador Ocasional: Paypal e Cartões de Crédito: VISA e MasterCard + Valor de Caução de 300?.", "contatoservassistencia": "||> gira@emel.pt ||> (+351) 211 163 060 (Opção 2 (no IVR))", "wifi": "True", "aberturadt": null, "criacaodtt": "2026-02-25T06:43:00", "atualizacaodtt": "2026-07-08T07:00:00", "cp7": null}}]}