{"type": "FeatureCollection", "features": [{"type": "Feature", "geometry": {"type": "Polygon", "coordinates": [[[-9.15225458734986, 38.7347920816359], [-9.15200623077768, 38.7348676282009], [-9.14554435253961, 38.7350309630913], [-9.1452043785008, 38.7350395460351], [-9.14570860962962, 38.7371233210426], [-9.14625287624311, 38.7393723967232], [-9.1462782999343, 38.739507263442], [-9.14629261233027, 38.7396602880954], [-9.14630119522943, 38.7398478543497], [-9.14631255804211, 38.7399838157729], [-9.14634138177079, 38.74015822626], [-9.14659313795054, 38.7411904659016], [-9.14660862908372, 38.7412539810128], [-9.14666792123971, 38.7414970813374], [-9.14668088938124, 38.741494964644], [-9.14857353335678, 38.7411905202142], [-9.14902191491139, 38.7410566094093], [-9.15004380998024, 38.7405950505571], [-9.153388024571, 38.7390844679055], [-9.15321474175938, 38.7388025214404], [-9.15270419096659, 38.7379717982235], [-9.15243129019932, 38.7360484069097], [-9.15228650106894, 38.735072686175], [-9.15225458734986, 38.7347920816359]]]}, "properties": {"zona": "001", "zonaNR": "Berna /Valbom"}}, {"type": "Feature", "geometry": {"type": "Polygon", "coordinates": [[[-9.14898848981195, 38.7271157056133], [-9.14838848818268, 38.7280484622673], [-9.14847918421207, 38.7281552329305], [-9.15371951983774, 38.734323573625], [-9.15401816034669, 38.7341628285254], [-9.15402072829232, 38.7341614468138], [-9.15415604335617, 38.7340736463768], [-9.15419680862592, 38.7340471954585], [-9.15422324535385, 38.734010079186], [-9.15434949568033, 38.7338328286826], [-9.15440269627235, 38.7337362870629], [-9.1544497170856, 38.7335960257613], [-9.15453184978559, 38.7333253716633], [-9.15309236531464, 38.7316397505194], [-9.15266991329081, 38.7313106478125], [-9.14898848981195, 38.7271157056133]]]}, "properties": {"zona": "003", "zonaNR": "Parque"}}, {"type": "Feature", "geometry": {"type": "Polygon", "coordinates": [[[-9.14903732323692, 38.7248597324555], [-9.14919527442248, 38.7248515740904], [-9.14953933738095, 38.7246615482872], [-9.14982502672842, 38.7245037611744], [-9.14988789770214, 38.7243899593583], [-9.14877601312622, 38.7231124551362], [-9.14552767379437, 38.7193799326843], [-9.14673706874875, 38.7197724224176], [-9.14696118919676, 38.7198034811863], [-9.14708738055191, 38.7198127278117], [-9.14774250489884, 38.7198332757783], [-9.14822825696628, 38.7198113738542], [-9.1492700992975, 38.7197083825018], [-9.15009965575986, 38.7197622074104], [-9.15065665412086, 38.7198132843487], [-9.15068556902405, 38.7198090115623], [-9.15069495029431, 38.7198076246665], [-9.15071084766102, 38.7197939997051], [-9.15231722178377, 38.7184171935222], [-9.15183854480294, 38.7180766693248], [-9.15153875723214, 38.7178334986156], [-9.15130813895432, 38.7177331562475], [-9.15005233338598, 38.7174216027299], [-9.14930057502957, 38.7172114621163], [-9.14793872459491, 38.7165744258501], [-9.14765373054189, 38.7163299996303], [-9.14761708699877, 38.7162985711365], [-9.14761022245073, 38.7162926837006], [-9.14740576991418, 38.7161537365308], [-9.1472828781272, 38.7160854428524], [-9.14593158922626, 38.7157413312136], [-9.14547982245823, 38.7157050751673], [-9.14544529643907, 38.7157023042429], [-9.1450752804218, 38.7156512350883], [-9.14481881398706, 38.7156258077127], [-9.144824347272, 38.7156088916674], [-9.14487534498564, 38.715452993189], [-9.14495205203592, 38.715431805779], [-9.14491164736803, 38.7153420153685], [-9.14480031623823, 38.7151446720415], [-9.1445720944636, 38.7147926431365], [-9.14405013065678, 38.7139875045669], [-9.14371550628205, 38.7134730142262], [-9.14363914565563, 38.7135034957703], [-9.1435769626086, 38.7133947801552], [-9.14295709183932, 38.7134254417612], [-9.14278867585266, 38.713095168227], [-9.14218357490932, 38.7134244258788], [-9.14224835671915, 38.7135022461778], [-9.14211124144027, 38.7135582128676], [-9.14173465483408, 38.7135210853284], [-9.14168137701947, 38.7135298583243], [-9.14142964154741, 38.7135713103609], [-9.14141556816686, 38.7135736278576], [-9.14138501078339, 38.7135606110586], [-9.14105346519374, 38.7134193778471], [-9.14145751807846, 38.7139034015693], [-9.14095144302193, 38.7141385662107], [-9.1406371425416, 38.7142846140869], [-9.14125384151036, 38.7149753211865], [-9.14109643351821, 38.7150661069045], [-9.1409785654477, 38.7151340876908], [-9.14066312654238, 38.7147716322131], [-9.14032777900954, 38.714874184095], [-9.14012397400281, 38.7149365087437], [-9.14011153801704, 38.7149790087778], [-9.1402235876608, 38.7151060051585], [-9.13992131697879, 38.7152280351494], [-9.13985752190226, 38.7151108280031], [-9.13979866134709, 38.7151309612242], [-9.13972861223678, 38.715000987829], [-9.13946481671838, 38.7150898435109], [-9.1396262026155, 38.7153102356327], [-9.13969399700169, 38.7154142929864], [-9.13981531287135, 38.7155646764156], [-9.14032416647332, 38.7161173783138], [-9.14037201600374, 38.7161660239202], [-9.14086801715046, 38.7166702761831], [-9.1412833565094, 38.7170991367828], [-9.14146334397809, 38.7173102381475], [-9.14158330266818, 38.7174614024411], [-9.14168631313294, 38.7176043237756], [-9.1418450013949, 38.7178419590238], [-9.14186295738937, 38.7178688475572], [-9.14205563226922, 38.7181962554515], [-9.14233145101257, 38.7184980709353], [-9.14241715402123, 38.7185830230466], [-9.14279641717054, 38.7188871348889], [-9.14290836443137, 38.7190161246903], [-9.14239858380401, 38.7194751112049], [-9.14198895634113, 38.7198709399701], [-9.14196183949108, 38.7199194751217], [-9.1419306102005, 38.7199893917239], [-9.14199814494616, 38.7203381434742], [-9.14184515549744, 38.7205789290593], [-9.14196680302937, 38.7206459609114], [-9.14242344916702, 38.7207364814182], [-9.14255904094659, 38.7207773964287], [-9.14263039226317, 38.720692355794], [-9.14307806254521, 38.7204967169424], [-9.14334470141821, 38.7203219195137], [-9.14361861780144, 38.7201025731716], [-9.1438125382733, 38.7199109053971], [-9.14395429387086, 38.7200496252903], [-9.14451624109484, 38.7209467192686], [-9.14527481596984, 38.7205364950372], [-9.14903732323692, 38.7248597324555]]]}, "properties": {"zona": "005", "zonaNR": "Avenida da Liberdade"}}, {"type": "Feature", "geometry": {"type": "Polygon", "coordinates": [[[-9.15231722178377, 38.7184171935222], [-9.15071084764824, 38.7197939988044], [-9.15069495029431, 38.7198076246665], [-9.15068556902405, 38.7198090115623], [-9.15065665412086, 38.7198132843487], [-9.15009965575986, 38.7197622074104], [-9.1492700992975, 38.7197083825018], [-9.14822825696628, 38.7198113738542], [-9.14774250489884, 38.7198332757783], [-9.14708738055191, 38.7198127278117], [-9.14696118804708, 38.7198034811962], [-9.14673706874875, 38.7197724224176], [-9.14552767379437, 38.7193799326843], [-9.14877601312622, 38.7231124551362], [-9.15424727399066, 38.7201880431781], [-9.15411857339346, 38.7199093206079], [-9.15402417664559, 38.7197962827729], [-9.15313079630597, 38.7188386701834], [-9.15231722178377, 38.7184171935222]]]}, "properties": {"zona": "006", "zonaNR": "S. Mamede"}}, {"type": "Feature", "geometry": {"type": "Polygon", "coordinates": [[[-9.1438125382733, 38.7199109053971], [-9.14361861780144, 38.7201025731716], [-9.1433447025679, 38.7203219195038], [-9.14307806255789, 38.720496717843], [-9.14263039226317, 38.720692355794], [-9.14255904094659, 38.7207773964287], [-9.14260518667355, 38.7207913213982], [-9.14271224130474, 38.7208841599318], [-9.14298400606194, 38.7211750055661], [-9.14317541521198, 38.7212744347628], [-9.14344206138103, 38.7214348390382], [-9.1435136684056, 38.7214907860344], [-9.14356255458902, 38.7215424929894], [-9.14374005564496, 38.7218068882717], [-9.1437921019545, 38.7219011183059], [-9.14408423766311, 38.722728558972], [-9.14414190237295, 38.7228719196281], [-9.14423406106075, 38.723040561574], [-9.14429060753022, 38.7231911849573], [-9.14431232660725, 38.7233627664128], [-9.14392836755077, 38.7233852403538], [-9.14381076977104, 38.7233829809313], [-9.14366476930505, 38.7233289176216], [-9.1436130680082, 38.7233932150285], [-9.14361377111435, 38.7234431332833], [-9.14380450558697, 38.7234415295092], [-9.14424500679136, 38.7234217422217], [-9.14479763625867, 38.7233865667886], [-9.14562506179817, 38.7233561036764], [-9.1456405987469, 38.7235965189084], [-9.14571644559135, 38.7238739583611], [-9.14601899994131, 38.7246102474817], [-9.14615340681024, 38.7247818087417], [-9.1463989356479, 38.7250952102649], [-9.14679980971573, 38.7255530017198], [-9.14730500837982, 38.7266884600719], [-9.14753630222579, 38.7272786482984], [-9.14796237691693, 38.7271760420873], [-9.14799459017468, 38.7272535003019], [-9.14793134226879, 38.7273533971031], [-9.1479109275354, 38.7273856810501], [-9.14814608834723, 38.7274775761452], [-9.14804295663673, 38.7276379233679], [-9.14795596069856, 38.7279799415299], [-9.14808648928936, 38.7281601816337], [-9.14824226727206, 38.7282170099005], [-9.14827233747503, 38.7282279788797], [-9.14838848818268, 38.7280484622673], [-9.14898848981195, 38.7271157056133], [-9.14961917315313, 38.7261352228937], [-9.14953709922076, 38.7261136006199], [-9.14953197442587, 38.7261122498595], [-9.14926913259382, 38.7259734734865], [-9.14906273809528, 38.7257850257274], [-9.14892759775241, 38.7255604251333], [-9.14887340297888, 38.7253157820851], [-9.14890404209711, 38.7250686462672], [-9.14903732323692, 38.7248597324555], [-9.14527481596984, 38.7205364950372], [-9.14451624109484, 38.7209467192686], [-9.14395429387086, 38.7200496252903], [-9.1438125382733, 38.7199109053971]]]}, "properties": {"zona": "007", "zonaNR": "Santa Marta"}}, {"type": "Feature", "geometry": {"type": "Polygon", "coordinates": [[[-9.13129046732144, 38.7342853215067], [-9.1312676125521, 38.7347428503925], [-9.13126091434177, 38.7350965607864], [-9.13123533970441, 38.7357540783539], [-9.13119770007621, 38.7367929160162], [-9.13120568373097, 38.7370111983725], [-9.13121332258444, 38.7372294926721], [-9.13300586237843, 38.7371207707693], [-9.13388677765904, 38.7370673290703], [-9.13391722376516, 38.7370654821211], [-9.13445296919681, 38.7370329786691], [-9.13633036779409, 38.7369190713196], [-9.13627649633013, 38.7363904697656], [-9.13633457155313, 38.7363870429062], [-9.1363854686858, 38.7363566261289], [-9.13641764582149, 38.7361850727484], [-9.13676517153051, 38.7345784950745], [-9.13683907235925, 38.7344780255343], [-9.13556845590893, 38.7340059029295], [-9.13535058619499, 38.7339355712747], [-9.13464119859625, 38.7337592212841], [-9.1345419644541, 38.7338856347426], [-9.13438285885452, 38.7339662037951], [-9.13419495514423, 38.7339851955955], [-9.13405908928612, 38.7339502510328], [-9.13404805520972, 38.7339474134542], [-9.13401494951077, 38.7339388989403], [-9.13387799561911, 38.7338363567691], [-9.13381084017609, 38.733697594447], [-9.13381013219739, 38.7335458927771], [-9.13228225396669, 38.7331563494086], [-9.13174634090619, 38.7330197080461], [-9.13147280015797, 38.7336783503794], [-9.13131294809213, 38.7338356416265], [-9.13129046732144, 38.7342853215067]]]}, "properties": {"zona": "008", "zonaNR": "Alameda"}}, {"type": "Feature", "geometry": {"type": "Polygon", "coordinates": [[[-9.13535058619499, 38.7339355712747], [-9.13556845590893, 38.7340059029295], [-9.13683907235925, 38.7344780255343], [-9.13699532982893, 38.7342655899264], [-9.13765903638135, 38.7333831414646], [-9.1377756443215, 38.7332786912624], [-9.13825958757246, 38.7327677487575], [-9.13828756210189, 38.7327382128458], [-9.1383323544587, 38.7327278640818], [-9.13838574532983, 38.732715528988], [-9.13842031367575, 38.7327075434984], [-9.13844646074432, 38.7327095129482], [-9.14041749299478, 38.7328579421189], [-9.14040397321762, 38.7329612751858], [-9.14106891446594, 38.7330049859038], [-9.14085067887312, 38.7319650164866], [-9.14057653912136, 38.7318060387166], [-9.14053899896459, 38.7316091197899], [-9.14072445605255, 38.731402466404], [-9.14033628837793, 38.7295809912916], [-9.13970156265233, 38.7296749345841], [-9.13935470024032, 38.7297786593537], [-9.13949452286409, 38.7306209422819], [-9.13946419272153, 38.7306465848484], [-9.1387774731254, 38.7305526298058], [-9.13821573558172, 38.7304682894246], [-9.13627599629177, 38.7305320398523], [-9.1362203273397, 38.7303652820112], [-9.13621140182865, 38.73014216708], [-9.13624689780836, 38.7296328927605], [-9.13480539377886, 38.7295410343393], [-9.13490929722219, 38.7283365637764], [-9.13461830722996, 38.7283205251844], [-9.13436494075401, 38.7283065597245], [-9.13433249953534, 38.7286676748582], [-9.1340246322385, 38.728650704703], [-9.13405707385344, 38.728289589643], [-9.13394038403861, 38.728283156322], [-9.13368847165099, 38.7282960041876], [-9.13354118986057, 38.7283306568785], [-9.13344815293834, 38.7283525467724], [-9.13291324398501, 38.7285788074267], [-9.13286969517766, 38.7285972280417], [-9.13298018045197, 38.7287535749461], [-9.13300960877907, 38.7287952017319], [-9.13308210559871, 38.7290224996647], [-9.13308473155643, 38.7290307896652], [-9.13308671043861, 38.7290370431165], [-9.13311890712131, 38.7291379900417], [-9.13302591902433, 38.7294122616923], [-9.13302018080433, 38.7294637484142], [-9.13299851654297, 38.7296576200335], [-9.13289486594775, 38.7302242007374], [-9.13299416232551, 38.7301702050395], [-9.13308319779426, 38.7301226025388], [-9.13308983617889, 38.7301190200735], [-9.13309609677504, 38.7301156426157], [-9.13314255052142, 38.7300905672749], [-9.13308773967377, 38.7302009222377], [-9.13296971695725, 38.7304385558583], [-9.13289862427594, 38.7305845734179], [-9.1322029011809, 38.7320558079494], [-9.13176303774513, 38.7329821755589], [-9.13175388296555, 38.7330015477145], [-9.13175274465898, 38.7330042895245], [-9.13174634090619, 38.7330197080461], [-9.13381013103493, 38.7335458918863], [-9.13381084017609, 38.733697594447], [-9.13387799561911, 38.7338363567691], [-9.13401494951077, 38.7339388989403], [-9.13405908813621, 38.7339502510427], [-9.13419495513166, 38.7339851946948], [-9.13438285885452, 38.7339662037951], [-9.13454196329162, 38.7338856338517], [-9.13464119859625, 38.7337592212841], [-9.13535058619499, 38.7339355712747]]]}, "properties": {"zona": "009", "zonaNR": "Chile"}}, {"type": "Feature", "geometry": {"type": "Polygon", "coordinates": [[[-9.15228650106894, 38.735072686175], [-9.15234599487656, 38.7349745962222], [-9.15258914299107, 38.7349011652657], [-9.15264795635981, 38.7349550606364], [-9.15275435685488, 38.7349734228948], [-9.15287066886597, 38.7349312234919], [-9.15293645356425, 38.734872100366], [-9.15295223718649, 38.7347910802804], [-9.15318550404174, 38.7347276050962], [-9.1532046864014, 38.7347223851991], [-9.15321797898062, 38.7347220746305], [-9.15325211637082, 38.7347212767846], [-9.15330348051453, 38.7347271889638], [-9.15310004696472, 38.7345327687532], [-9.15364335097616, 38.7343645721742], [-9.15371951983774, 38.734323573625], [-9.14847918421207, 38.7281552329305], [-9.14838848818268, 38.7280484622673], [-9.14827233747503, 38.7282279788797], [-9.14522845611718, 38.7332029510866], [-9.14522570048396, 38.7332018813915], [-9.1452048569088, 38.7331943619408], [-9.14519809848897, 38.7331921045349], [-9.1451837485465, 38.7331873113857], [-9.14516239043432, 38.7331807359016], [-9.14514080220909, 38.7331746416237], [-9.14511900116971, 38.7331690320053], [-9.14509700349056, 38.733163912311], [-9.145074828783, 38.7331592868749], [-9.14505249434587, 38.7331551591501], [-9.14503001862787, 38.7331515325802], [-9.14500742007773, 38.7331484106084], [-9.14498471598152, 38.7331457957874], [-9.14496192704959, 38.7331436888387], [-9.14493906943082, 38.7331420932256], [-9.14491616382284, 38.7331410087689], [-9.144893227499, 38.7331404371206], [-9.14487028001975, 38.7331403790123], [-9.14484733978289, 38.7331408342846], [-9.14482442518627, 38.7331418027783], [-9.1448015557649, 38.7331432834237], [-9.14477874874132, 38.7331452742702], [-9.14475602481317, 38.7331477751385], [-9.14473340002768, 38.7331507822869], [-9.14471089506981, 38.7331542946354], [-9.14468852714943, 38.7331583093331], [-9.1446663146136, 38.7331628226179], [-9.1446442758094, 38.7331678307282], [-9.14462242793406, 38.733173329912], [-9.14460079047189, 38.7331793154969], [-9.1445793794448, 38.7331857819397], [-9.14455821320001, 38.7331927254786], [-9.14453730774677, 38.7332001396698], [-9.14451668254409, 38.7332080180395], [-9.14449635245141, 38.7332163541539], [-9.14447633464068, 38.7332251424597], [-9.1444566450832, 38.7332343738111], [-9.14444582132302, 38.7332397838908], [-9.14443729980109, 38.733244042665], [-9.1444183147657, 38.7332541398755], [-9.14439970597379, 38.733264658098], [-9.1443814893841, 38.7332755872861], [-9.14436367754373, 38.7332869201252], [-9.1443462864242, 38.7332986474692], [-9.14432932965908, 38.7333107574905], [-9.14431282094554, 38.7333232428642], [-9.14429677507984, 38.7333360926532], [-9.14428120339589, 38.7333492950495], [-9.14426611956553, 38.7333628409271], [-9.14425153607265, 38.7333767184679], [-9.14423746426394, 38.7333909167647], [-9.14422391547344, 38.7334054240092], [-9.14421090218513, 38.7334202283836], [-9.14419843227073, 38.7334353172089], [-9.14418651937684, 38.7334506795578], [-9.14417517021265, 38.7334663018607], [-9.14416439609965, 38.7334821714087], [-9.14415420375974, 38.733498275533], [-9.1441446033646, 38.7335146015347], [-9.14413560161078, 38.7335311349434], [-9.14412720753279, 38.733547863971], [-9.14411942551473, 38.7335647732662], [-9.14411226341586, 38.7335818492496], [-9.14410572795823, 38.7335990792519], [-9.14409982122621, 38.7336164479419], [-9.144094552229, 38.7336339417301], [-9.14408992191381, 38.7336515461958], [-9.14408593582746, 38.7336692468784], [-9.14408259607976, 38.733687030248], [-9.14407990589237, 38.7337048800627], [-9.14407786853771, 38.7337227836832], [-9.14407648378775, 38.7337407248974], [-9.14407575490223, 38.7337586901652], [-9.1440756805159, 38.7337766641853], [-9.14407626157601, 38.7337946325367], [-9.14407749672999, 38.7338125808187], [-9.1440793869124, 38.7338304937097], [-9.14408192847086, 38.7338483568287], [-9.14408512121539, 38.7338661566656], [-9.1440889614682, 38.7338838770379], [-9.14409344560227, 38.7339015053661], [-9.14409857108971, 38.7339190254576], [-9.14410433199095, 38.733936423852], [-9.14411072695336, 38.7339536861484], [-9.14411774658762, 38.733970798916], [-9.14412538837846, 38.7339877468632], [-9.14413364524905, 38.73400451744], [-9.14414250894721, 38.7340210963051], [-9.1441519746959, 38.7340374708887], [-9.14416203308027, 38.7340536259587], [-9.14417267703612, 38.7340695498658], [-9.14418389602404, 38.7340852291893], [-9.14419568296704, 38.7341006513792], [-9.14420802618848, 38.7341158039253], [-9.1442209186113, 38.7341306742777], [-9.14423434625898, 38.7341452499461], [-9.14424830090449, 38.7341595183905], [-9.14426276975923, 38.7341734698126], [-9.1442777411464, 38.7341870917023], [-9.14429320341455, 38.7342003733507], [-9.14430914376228, 38.734213304059], [-9.14432554822557, 38.7342258722376], [-9.14434240517825, 38.7342380689789], [-9.14435969951903, 38.7342498836041], [-9.14437741730915, 38.7342613063247], [-9.14439554462257, 38.7342723282534], [-9.14441406523333, 38.7342829405223], [-9.14443296635255, 38.7342931333335], [-9.14445223179232, 38.734302900521], [-9.14447184530122, 38.7343122314161], [-9.14449179070402, 38.7343211207538], [-9.14451205177464, 38.7343295596664], [-9.14453261233777, 38.734337542889], [-9.14455345503008, 38.7343450624646], [-9.14457456482614, 38.7343521131184], [-9.14459592207541, 38.7343586878139], [-9.14461751062793, 38.7343647830877], [-9.14463931199574, 38.7343703927941], [-9.14466131000339, 38.7343755116683], [-9.14467561278018, 38.7343784956097], [-9.14468348507654, 38.7343801380779], [-9.14470581986436, 38.7343842649667], [-9.14472829595507, 38.7343878915933], [-9.14475089603596, 38.7343910136033], [-9.14477359938269, 38.7343936293746], [-9.14479638985785, 38.7343957363443], [-9.14481924672437, 38.7343973319896], [-9.14484215273301, 38.7343984164597], [-9.14486508944655, 38.7343989872117], [-9.14488803732861, 38.7343990453157], [-9.14491097796736, 38.73439859003], [-9.14493389297639, 38.7343976224148], [-9.14495676279391, 38.7343961417384], [-9.14497957020886, 38.7343941508524], [-9.14499689419802, 38.7343922443604], [-9.14500229452227, 38.7343916499359], [-9.14502491967298, 38.7343886418303], [-9.14504608009576, 38.7343853392322], [-9.1452043785008, 38.7350395460351], [-9.14554435253961, 38.7350309630913], [-9.1480501537889, 38.7349676667034], [-9.14897350448032, 38.7349443300545], [-9.15200623077768, 38.7348676282009], [-9.15225458734986, 38.7347920816359], [-9.15228650106894, 38.735072686175]]]}, "properties": {"zona": "010", "zonaNR": "Avenidas Novas"}}, {"type": "Feature", "geometry": {"type": "Polygon", "coordinates": [[[-9.14480050639832, 38.7107018487261], [-9.14438923553511, 38.7107159108482], [-9.14304742795501, 38.7108696113402], [-9.14304182593113, 38.7114955856659], [-9.14308737850608, 38.7119576599681], [-9.1431597854399, 38.7122351926935], [-9.14322319171912, 38.7124485039077], [-9.14347118637258, 38.7130973629663], [-9.14371550628205, 38.7134730142262], [-9.14405013065678, 38.7139875045669], [-9.1445720944636, 38.7147926431365], [-9.14480031623823, 38.7151446720415], [-9.14585523049717, 38.7146703085719], [-9.14591433856516, 38.7146914064578], [-9.14569416091321, 38.7140640308843], [-9.1455373031161, 38.7136355744389], [-9.14546123736599, 38.7133818386891], [-9.14531962026408, 38.7123221383931], [-9.14549832495505, 38.7113084178764], [-9.14559026630426, 38.7108711579249], [-9.14500882013163, 38.7108060220256], [-9.14502054072583, 38.7107635916063], [-9.14480050639832, 38.7107018487261]]]}, "properties": {"zona": "011", "zonaNR": "Bairro Alto"}}, {"type": "Feature", "geometry": {"type": "Polygon", "coordinates": [[[-9.14534565586816, 38.7371763041274], [-9.14216343404, 38.7376407853526], [-9.14229377456577, 38.7382528525322], [-9.14239087415714, 38.7386961913132], [-9.14246377050761, 38.7390418155363], [-9.14245234554322, 38.7390452777206], [-9.14199694441327, 38.7391787555391], [-9.14193247391291, 38.7391976519449], [-9.14228323984187, 38.7399231790186], [-9.14263589551826, 38.7404564764437], [-9.14339850854761, 38.7416096956155], [-9.1435221824817, 38.741796711335], [-9.14353031851485, 38.7418090132808], [-9.14354556226007, 38.7418320613971], [-9.1439178231812, 38.7423949507362], [-9.14453175252953, 38.7435091348184], [-9.14510227520112, 38.744519136294], [-9.14513348914264, 38.7445741669753], [-9.14522536797445, 38.7446748168317], [-9.14532373607068, 38.7447825149007], [-9.14541411551429, 38.744881451685], [-9.14544156909429, 38.7449115099845], [-9.14549986789511, 38.7449753417462], [-9.14554061292214, 38.7450199334476], [-9.14637918746778, 38.7448627900782], [-9.14748216572536, 38.7446560886221], [-9.14741016259262, 38.7443637181929], [-9.14735193410839, 38.7441338858091], [-9.14725230537367, 38.7438001378374], [-9.14715709186273, 38.7435026422415], [-9.14666792123971, 38.7414970813374], [-9.14660862908372, 38.7412539810128], [-9.14659313795054, 38.7411904659016], [-9.14634138177079, 38.74015822626], [-9.14631255804211, 38.7399838157729], [-9.14630119522943, 38.7398478543497], [-9.14629261233027, 38.7396602880954], [-9.1462782999343, 38.739507263442], [-9.14625287624311, 38.7393723967232], [-9.14570860962962, 38.7371233210426], [-9.14534565586816, 38.7371763041274]]]}, "properties": {"zona": "016", "zonaNR": "Campo Pequeno"}}, {"type": "Feature", "geometry": {"type": "Polygon", "coordinates": [[[-9.14165475563013, 38.7352519910868], [-9.14183336015223, 38.7360907549857], [-9.14198498774067, 38.7368028090332], [-9.14211655033048, 38.7374206264848], [-9.14216343404, 38.7376407853526], [-9.14534565586816, 38.7371763041274], [-9.14570860962962, 38.7371233210426], [-9.1452043785008, 38.7350395460351], [-9.14504608009576, 38.7343853392322], [-9.14502491967298, 38.7343886418303], [-9.14500229452227, 38.7343916499359], [-9.14499689419802, 38.7343922443604], [-9.14497957020886, 38.7343941508524], [-9.14495676279391, 38.7343961417384], [-9.14493389297639, 38.7343976224148], [-9.14491097796736, 38.73439859003], [-9.14488803732861, 38.7343990453157], [-9.14486508944655, 38.7343989872117], [-9.14484215273301, 38.7343984164597], [-9.14481924672437, 38.7343973319896], [-9.14479638985785, 38.7343957363443], [-9.14477359938269, 38.7343936293746], [-9.14475089603596, 38.7343910136033], [-9.14472829595507, 38.7343878915933], [-9.14470581986436, 38.7343842649667], [-9.14468348507654, 38.7343801380779], [-9.14467561278018, 38.7343784956097], [-9.14466131000339, 38.7343755116683], [-9.14463931199574, 38.7343703927941], [-9.14461751062793, 38.7343647830877], [-9.14459592207541, 38.7343586878139], [-9.14457456482614, 38.7343521131184], [-9.14455345503008, 38.7343450624646], [-9.14453261233777, 38.734337542889], [-9.14451205177464, 38.7343295596664], [-9.14449179070402, 38.7343211207538], [-9.14447184530122, 38.7343122314161], [-9.14445223179232, 38.734302900521], [-9.14443296635255, 38.7342931333335], [-9.14441406523333, 38.7342829405223], [-9.14439554462257, 38.7342723282534], [-9.14437741730915, 38.7342613063247], [-9.14435969951903, 38.7342498836041], [-9.14434240517825, 38.7342380689789], [-9.14432554822557, 38.7342258722376], [-9.14430914376228, 38.734213304059], [-9.14429320341455, 38.7342003733507], [-9.1442777411464, 38.7341870917023], [-9.14426276975923, 38.7341734698126], [-9.14424830090449, 38.7341595183905], [-9.14423434625898, 38.7341452499461], [-9.1442209186113, 38.7341306742777], [-9.14420802618848, 38.7341158039253], [-9.14419568296704, 38.7341006513792], [-9.14418389602404, 38.7340852291893], [-9.14417267703612, 38.7340695498658], [-9.14416203308027, 38.7340536259587], [-9.1441519746959, 38.7340374708887], [-9.14414250894721, 38.7340210963051], [-9.14413364524905, 38.73400451744], [-9.14412538837846, 38.7339877468632], [-9.14411774658762, 38.733970798916], [-9.14411072695336, 38.7339536861484], [-9.14410433199095, 38.733936423852], [-9.14409857108971, 38.7339190254576], [-9.14409344560227, 38.7339015053661], [-9.1440889614682, 38.7338838770379], [-9.14408512121539, 38.7338661566656], [-9.14408192847086, 38.7338483568287], [-9.1440793869124, 38.7338304937097], [-9.14407749672999, 38.7338125808187], [-9.14407626157601, 38.7337946325367], [-9.1440756805159, 38.7337766641853], [-9.14407575490223, 38.7337586901652], [-9.14407648378775, 38.7337407248974], [-9.14407786853771, 38.7337227836832], [-9.14407990589237, 38.7337048800627], [-9.14408259607976, 38.733687030248], [-9.14408593582746, 38.7336692468784], [-9.14408992191381, 38.7336515461958], [-9.144094552229, 38.7336339417301], [-9.14409982122621, 38.7336164479419], [-9.14410572795823, 38.7335990792519], [-9.14411226341586, 38.7335818492496], [-9.14411942551473, 38.7335647732662], [-9.14412720753279, 38.733547863971], [-9.14413560161078, 38.7335311349434], [-9.1441446033646, 38.7335146015347], [-9.14415420375974, 38.733498275533], [-9.14416439609965, 38.7334821714087], [-9.14417517021265, 38.7334663018607], [-9.14418651937684, 38.7334506795578], [-9.14419843227073, 38.7334353172089], [-9.14421090218513, 38.7334202283836], [-9.14422391547344, 38.7334054240092], [-9.14423746426394, 38.7333909167647], [-9.14425153607265, 38.7333767184679], [-9.14426611956553, 38.7333628409271], [-9.14428120339589, 38.7333492950495], [-9.14429677507984, 38.7333360926532], [-9.14431282094554, 38.7333232428642], [-9.14432932965908, 38.7333107574905], [-9.1443462864242, 38.7332986474692], [-9.14436367754373, 38.7332869201252], [-9.1443814893841, 38.7332755872861], [-9.14439970597379, 38.733264658098], [-9.1444183147657, 38.7332541398755], [-9.14443729980109, 38.733244042665], [-9.14444582132302, 38.7332397838908], [-9.14163029009446, 38.7316639549555], [-9.14123680605815, 38.7315203343904], [-9.14097204417157, 38.7313764846319], [-9.14072445605255, 38.731402466404], [-9.14053899896459, 38.7316091197899], [-9.14057653912136, 38.7318060387166], [-9.14085067887312, 38.7319650164866], [-9.14106891446594, 38.7330049859038], [-9.14040397321762, 38.7329612751858], [-9.14041749299478, 38.7328579421189], [-9.13844646074432, 38.7327095129482], [-9.13842031367575, 38.7327075434984], [-9.13838574532983, 38.732715528988], [-9.1383323544587, 38.7327278640818], [-9.13828756210189, 38.7327382128458], [-9.13825958757246, 38.7327677487575], [-9.1377756443215, 38.7332786912624], [-9.13765903638135, 38.7333831414646], [-9.13699532982893, 38.7342655899264], [-9.13683907235925, 38.7344780255343], [-9.13676517153051, 38.7345784950745], [-9.13641764582149, 38.7361850727484], [-9.1363854686858, 38.7363566261289], [-9.13633457155313, 38.7363870429062], [-9.13627649633013, 38.7363904697656], [-9.13633036779409, 38.7369190713196], [-9.13653208106548, 38.7369068314154], [-9.13655561161185, 38.7369054034568], [-9.13652203031421, 38.7366014063147], [-9.13651591737755, 38.7364289538165], [-9.13651518966268, 38.7364084266521], [-9.13654714334616, 38.7363002382291], [-9.1366034788675, 38.7361427476655], [-9.13670652001597, 38.7360436774041], [-9.13672788057395, 38.7360323422838], [-9.13700105337351, 38.7358873841942], [-9.13716268712594, 38.7358004213258], [-9.13747829155433, 38.7356378205844], [-9.13812201872127, 38.7354101541075], [-9.13839369059196, 38.7353544915649], [-9.13915351819152, 38.73530354595], [-9.14164979911447, 38.7352287053046], [-9.14165475563013, 38.7352519910868]]]}, "properties": {"zona": "017", "zonaNR": "Estefnia"}}, {"type": "Feature", "geometry": {"type": "Polygon", "coordinates": [[[-9.14046575388534, 38.7143731458638], [-9.14066312654238, 38.7147716322131], [-9.1409785654477, 38.7151340876908], [-9.14125384151036, 38.7149753211865], [-9.1406371425416, 38.7142846140869], [-9.14095144302193, 38.7141385662107], [-9.14145751807846, 38.7139034015693], [-9.14105346519374, 38.7134193778471], [-9.14138501078339, 38.7135606110586], [-9.14141556816686, 38.7135736278576], [-9.14142964154741, 38.7135713103609], [-9.14168137701947, 38.7135298583243], [-9.14173465483408, 38.7135210853284], [-9.14211124144027, 38.7135582128676], [-9.14224835671915, 38.7135022461778], [-9.14218357490932, 38.7134244258788], [-9.14278867585266, 38.713095168227], [-9.14295709183932, 38.7134254417612], [-9.14357696145903, 38.7133947801651], [-9.14363914800552, 38.7135034993532], [-9.14371550628205, 38.7134730142262], [-9.14347118637258, 38.7130973629663], [-9.14322319171912, 38.7124485039077], [-9.1431597854399, 38.7122351926935], [-9.14308737850608, 38.7119576599681], [-9.14304182593113, 38.7114955856659], [-9.14304742795501, 38.7108696113402], [-9.14438923553511, 38.7107159108482], [-9.14480050639832, 38.7107018487261], [-9.14502054072583, 38.7107635916063], [-9.14500882013163, 38.7108060220256], [-9.14559026630426, 38.7108711579249], [-9.14596605245632, 38.7109198732047], [-9.14598923760513, 38.7108050532549], [-9.14533858701982, 38.7106884078597], [-9.14538094099139, 38.7101118225932], [-9.14525062801221, 38.7100565847855], [-9.14489867172906, 38.7101201190813], [-9.14449471439107, 38.7101861145238], [-9.14440005693876, 38.7101967528124], [-9.14438044569707, 38.7094641321892], [-9.14365091157602, 38.7094867297947], [-9.14355159599318, 38.7094283225157], [-9.1435712893097, 38.7092247081387], [-9.14361983627618, 38.7086397158612], [-9.14362323860929, 38.7085598873173], [-9.14379985310298, 38.7078860060306], [-9.14390651852773, 38.7076598027652], [-9.14349455483585, 38.7075285937047], [-9.14339525690537, 38.7074996626475], [-9.14347525862213, 38.7068747790284], [-9.14383387269732, 38.7068599890837], [-9.14406195111741, 38.7065257564354], [-9.14432692826965, 38.7062173730582], [-9.14434432215169, 38.7060882115075], [-9.14408817255623, 38.7058821027571], [-9.14409549211016, 38.7055559931658], [-9.14309989691382, 38.7055359677005], [-9.14307653593855, 38.7062222651425], [-9.14300775182361, 38.7062635434535], [-9.14258409436336, 38.7063678256238], [-9.14237602912408, 38.7063721422409], [-9.1417618939382, 38.706384881475], [-9.14173130032439, 38.7063855165202], [-9.14194379039112, 38.7069188839806], [-9.14198844164026, 38.7070309614137], [-9.14198247360512, 38.7070324073327], [-9.14102960796445, 38.7072632466362], [-9.13985765025631, 38.7075471504827], [-9.1398577230656, 38.707547341724], [-9.13984785266179, 38.707549575097], [-9.13984783475, 38.7075495275094], [-9.13865234880153, 38.7078391167085], [-9.13885335205545, 38.7083301658417], [-9.1389086919242, 38.7084653595472], [-9.13901260726571, 38.7087192197237], [-9.13868572691756, 38.7088008191235], [-9.1388640220476, 38.7092576694969], [-9.13909688879467, 38.7098543434936], [-9.13910212499958, 38.7098677598394], [-9.13942170250527, 38.7104822774866], [-9.13958889738449, 38.7109656927199], [-9.13961087859541, 38.7110554995566], [-9.13959783494462, 38.7129219128802], [-9.13983710046634, 38.712858319974], [-9.14046575388534, 38.7143731458638]]]}, "properties": {"zona": "012", "zonaNR": "Chiado"}}, {"type": "Feature", "geometry": {"type": "Polygon", "coordinates": [[[-9.13842079984417, 38.7151127561165], [-9.13844412414642, 38.7151150102037], [-9.13859860977479, 38.71512993552], [-9.13901384686757, 38.7151863777797], [-9.13900580624964, 38.7152508200273], [-9.13902677234329, 38.7152434675578], [-9.13946481673101, 38.7150898444116], [-9.13972861223678, 38.715000987829], [-9.13979866134709, 38.7151309612242], [-9.13985752190226, 38.7151108280031], [-9.13992131697879, 38.7152280351494], [-9.1402235876608, 38.7151060051585], [-9.14011153801704, 38.7149790087778], [-9.14012397400281, 38.7149365087437], [-9.14032777900954, 38.714874184095], [-9.14066312654238, 38.7147716322131], [-9.14046575388534, 38.7143731458638], [-9.13983710046634, 38.712858319974], [-9.13959783494462, 38.7129219128802], [-9.13960786692785, 38.7114864459796], [-9.13961087859541, 38.7110554995566], [-9.13958889738449, 38.7109656927199], [-9.13942170250527, 38.7104822774866], [-9.13914484475727, 38.709949908187], [-9.13910382402805, 38.7098710285985], [-9.13910212499958, 38.7098677598394], [-9.13909688879467, 38.7098543434936], [-9.13898045492484, 38.7095560065673], [-9.1388640220476, 38.7092576694969], [-9.13868572691756, 38.7088008191235], [-9.13901260726571, 38.7087192197237], [-9.1389086919242, 38.7084653595472], [-9.13885335205545, 38.7083301658417], [-9.13865234880153, 38.7078391167085], [-9.13785859321089, 38.7080299043379], [-9.13791030491644, 38.708162216557], [-9.13590924824876, 38.7086467072927], [-9.1358597683247, 38.7085103133802], [-9.13563865386599, 38.7085634545802], [-9.13504159179519, 38.7070456454599], [-9.13455670479557, 38.7070902306737], [-9.13433539194343, 38.707127092923], [-9.13319421846006, 38.7074050734584], [-9.13298404953868, 38.7075088719457], [-9.13137920313302, 38.708224599895], [-9.12951534763563, 38.7090877262803], [-9.1290006779677, 38.7093759502657], [-9.12885063893541, 38.7094754170099], [-9.12851510810997, 38.7096978525128], [-9.12754340862656, 38.7104049245279], [-9.1272997296934, 38.710565191829], [-9.12675869684346, 38.7108591474769], [-9.12513348397668, 38.7115947894104], [-9.12420459459512, 38.7120650734288], [-9.12392955489854, 38.7122531619377], [-9.12486191375872, 38.712864508557], [-9.12519364573845, 38.7127306697286], [-9.12518615373829, 38.7127527585168], [-9.12496958390703, 38.7133912490974], [-9.12490297862885, 38.7135215584986], [-9.12498110195204, 38.7135811820142], [-9.12507557848367, 38.713441125561], [-9.12545922644868, 38.7132702364885], [-9.12588848756131, 38.7129942077956], [-9.12624099381836, 38.7127090938036], [-9.12661682381682, 38.7123133626246], [-9.12669620255881, 38.7122498156336], [-9.12691143797876, 38.7121186887199], [-9.12713884354256, 38.7119889064107], [-9.12735243075035, 38.7118734466281], [-9.127676394304, 38.7113967919332], [-9.12763610294397, 38.711357590887], [-9.12808025815038, 38.7110764289742], [-9.12867985580944, 38.710609947388], [-9.12951029061324, 38.7099809478928], [-9.12931153058524, 38.7098476590916], [-9.12958541779135, 38.7096623692348], [-9.12968902769958, 38.7095732879741], [-9.12984835481008, 38.7094777819237], [-9.13018880446722, 38.7092764539189], [-9.13048096504234, 38.7091935583931], [-9.1309007617674, 38.7091491365633], [-9.13090579080697, 38.709191679401], [-9.13140480636806, 38.7089775554125], [-9.13158647355376, 38.7089319059548], [-9.13200928456059, 38.7089326623654], [-9.13312588182445, 38.7090863189241], [-9.13303669692776, 38.7095123536681], [-9.13334634491265, 38.7095687257064], [-9.13330386674882, 38.7096817977387], [-9.13336352764966, 38.7097479926431], [-9.13337626820805, 38.7098191892746], [-9.13336225836236, 38.7098676121891], [-9.13330745615741, 38.7099393866449], [-9.13320992084831, 38.7099941692941], [-9.13277875091158, 38.7100346593306], [-9.13250622100909, 38.7100783921932], [-9.13208175530965, 38.7101786267009], [-9.13190151745028, 38.7102381314827], [-9.13179093517245, 38.7100407194449], [-9.13156431952484, 38.710084664151], [-9.13134221170671, 38.7101125079451], [-9.13083946542111, 38.7101575726059], [-9.13045535705987, 38.7101794438992], [-9.13046520113032, 38.710206543067], [-9.13044981860487, 38.7102350915079], [-9.13050430391711, 38.7102951697204], [-9.13040552164967, 38.7103404924724], [-9.13043116024299, 38.7103686909983], [-9.13080471784338, 38.7102246500904], [-9.1308161220345, 38.7102505000309], [-9.13103174666319, 38.710210357334], [-9.13133354543823, 38.7101940115498], [-9.1317461002033, 38.7101311814009], [-9.13181683208444, 38.7102660902746], [-9.13168122937635, 38.7103108584499], [-9.13130843135765, 38.7104508925552], [-9.13136989289906, 38.710549097985], [-9.13147540668477, 38.7105481970464], [-9.13157370021862, 38.7105473576729], [-9.13180832552312, 38.710573945738], [-9.13199130414608, 38.7106057388615], [-9.13214393016521, 38.7106425580373], [-9.13217325557352, 38.7105657060858], [-9.13257980559247, 38.7106739293462], [-9.13306727716689, 38.710828052469], [-9.13311026970263, 38.7109110870837], [-9.13296732096375, 38.7114269092029], [-9.13322154938784, 38.7115020009366], [-9.13332832197181, 38.7115254962486], [-9.13373930440979, 38.7115899360615], [-9.13389882431418, 38.7116071891265], [-9.13400860542631, 38.7116182758084], [-9.13406961464342, 38.7116372970373], [-9.13433287037674, 38.711800020738], [-9.13441083548839, 38.7118482118782], [-9.1343512536937, 38.7119073851541], [-9.13440249101154, 38.7119429013749], [-9.1344491079647, 38.711993595813], [-9.13449612098373, 38.7120726725187], [-9.13457381579622, 38.7122725975449], [-9.13463637162509, 38.712263244769], [-9.13474341636171, 38.7123269693069], [-9.13536053900931, 38.7126943399941], [-9.13549657801495, 38.712747911098], [-9.13577259655557, 38.7126528431725], [-9.13577741408228, 38.7126460306241], [-9.13580023561295, 38.7126137595977], [-9.13585085601389, 38.7125193695246], [-9.13591962226523, 38.7120909191758], [-9.13649884983401, 38.7135308786751], [-9.1365429485485, 38.7136552928303], [-9.13632323214773, 38.7140656601095], [-9.13637225704906, 38.714143409006], [-9.13632100962261, 38.7143132196239], [-9.13630228805864, 38.7145114908035], [-9.13625003958504, 38.7146450018686], [-9.13617875129173, 38.7147813164756], [-9.13710194390301, 38.715077620199], [-9.1373446997609, 38.7151845613698], [-9.13778644538995, 38.7148464257364], [-9.13814417538958, 38.7149922433963], [-9.13826935346846, 38.7150304659657], [-9.13842598076858, 38.7150279031998], [-9.13842079984417, 38.7151127561165]]]}, "properties": {"zona": "013", "zonaNR": "Baixa"}}, {"type": "Feature", "geometry": {"type": "Polygon", "coordinates": [[[-9.14615340681024, 38.7247818087417], [-9.14611978401733, 38.7256240880753], [-9.14611062170423, 38.7256747538529], [-9.14609833022956, 38.7257087911968], [-9.14601681699616, 38.725842414884], [-9.14598570594792, 38.7258747470436], [-9.14590461202647, 38.7259380795294], [-9.14409277190211, 38.7273294321718], [-9.1436400838822, 38.7276770494332], [-9.14357449750676, 38.7277139306709], [-9.14351470425496, 38.7277346296136], [-9.14343397590946, 38.7277440451474], [-9.14323185912237, 38.7277332248885], [-9.14239501307884, 38.7276849653105], [-9.14079586824653, 38.7276095558099], [-9.1404867840899, 38.7275950479763], [-9.14024845184185, 38.7291566677837], [-9.14033628837793, 38.7295809912916], [-9.14072445605255, 38.731402466404], [-9.14097204417157, 38.7313764846319], [-9.14123680605815, 38.7315203343904], [-9.14163029009446, 38.7316639549555], [-9.14444582132302, 38.7332397838908], [-9.1444566450832, 38.7332343738111], [-9.14447633349078, 38.7332251424696], [-9.14449635245141, 38.7332163541539], [-9.14451668254409, 38.7332080180395], [-9.14453730774677, 38.7332001396698], [-9.14455821320001, 38.7331927254786], [-9.1445793794448, 38.7331857819397], [-9.14460079047189, 38.7331793154969], [-9.14462242793406, 38.733173329912], [-9.1446442758094, 38.7331678307282], [-9.1446663146136, 38.7331628226179], [-9.14468852714943, 38.7331583093331], [-9.14471089506981, 38.7331542946354], [-9.14473340002768, 38.7331507822869], [-9.14475602480046, 38.7331477742378], [-9.14477874874132, 38.7331452742702], [-9.1448015557649, 38.7331432834237], [-9.14482442518627, 38.7331418027783], [-9.14484733978289, 38.7331408342846], [-9.14487028001975, 38.7331403790123], [-9.144893227499, 38.7331404371206], [-9.14491616382284, 38.7331410087689], [-9.14493906943082, 38.7331420932256], [-9.14496192704959, 38.7331436888387], [-9.14498471596881, 38.7331457948868], [-9.14500742007773, 38.7331484106084], [-9.14503001862787, 38.7331515325802], [-9.14505249434587, 38.7331551591501], [-9.145074828783, 38.7331592868749], [-9.14509700349056, 38.733163912311], [-9.14511900116971, 38.7331690320053], [-9.14514080220909, 38.7331746416237], [-9.14516239043432, 38.7331807359016], [-9.1451837485465, 38.7331873113857], [-9.14519809848897, 38.7331921045349], [-9.1452048569088, 38.7331943619408], [-9.14522570048396, 38.7332018813915], [-9.14522845611718, 38.7332029510866], [-9.14827233747503, 38.7282279788797], [-9.14824226727206, 38.7282170099005], [-9.14808648928936, 38.7281601816337], [-9.14795596069856, 38.7279799415299], [-9.14804295663673, 38.7276379233679], [-9.14814608834723, 38.7274775761452], [-9.1479109275354, 38.7273856810501], [-9.14793134226879, 38.7273533971031], [-9.14799459017468, 38.7272535003019], [-9.14796237691693, 38.7271760420873], [-9.14753630222579, 38.7272786482984], [-9.14730500837982, 38.7266884600719], [-9.14679980971573, 38.7255530017198], [-9.1463989356479, 38.7250952102649], [-9.14615340681024, 38.7247818087417]]]}, "properties": {"zona": "014", "zonaNR": "Praa Jos Fontana"}}, {"type": "Feature", "geometry": {"type": "Polygon", "coordinates": [[[-9.14760443619367, 38.7449424973074], [-9.14762182572608, 38.7450133200325], [-9.14767154347838, 38.745215797248], [-9.1476731742092, 38.7452224407861], [-9.14767828715094, 38.7452432585577], [-9.14834665848879, 38.7479645133059], [-9.14838440137589, 38.7481181716704], [-9.14841938450024, 38.7482605942002], [-9.14842149137102, 38.7482691711726], [-9.14844515933213, 38.7482655056696], [-9.14847798735687, 38.7482602445706], [-9.14948736322279, 38.748130946975], [-9.15028801990317, 38.7480148980809], [-9.15039600404543, 38.7479992476124], [-9.15131747057874, 38.7478656945617], [-9.15153444574178, 38.7478342459339], [-9.15357139824759, 38.7475075113856], [-9.15550306918468, 38.74721931508], [-9.15665805962985, 38.7469807095219], [-9.1566751342821, 38.7469771820634], [-9.15672241756664, 38.7469674133607], [-9.15684069415254, 38.7469359436462], [-9.15675631403175, 38.7468123277695], [-9.15628633239127, 38.7464079962566], [-9.15553099860616, 38.7458299587886], [-9.15526120269087, 38.7450292836755], [-9.15501188447529, 38.7443437524768], [-9.15494482319379, 38.7441389249937], [-9.1548869871664, 38.7439622752996], [-9.15434371130373, 38.7432177198001], [-9.15415333189538, 38.7433029189354], [-9.15397043988409, 38.7430522627396], [-9.15277067573344, 38.7435986723907], [-9.15270655574388, 38.7436325030648], [-9.15266826415422, 38.7436609595377], [-9.15264156045767, 38.7437058073736], [-9.15263344417072, 38.7437563256547], [-9.15243014796426, 38.7436928423067], [-9.15222021588963, 38.7437204974014], [-9.1520591528708, 38.7438295136778], [-9.15199380571469, 38.7439881834604], [-9.15204318069821, 38.744150355317], [-9.15205669488312, 38.7442499974957], [-9.15204809475578, 38.7443240448167], [-9.152016078372, 38.7444314234763], [-9.15186839418242, 38.744748305683], [-9.15183168739441, 38.7447738178193], [-9.15178654797011, 38.7447793132597], [-9.15175280916148, 38.7447687546508], [-9.15099076444253, 38.7444007419959], [-9.15090180225192, 38.7443642107105], [-9.15078285771691, 38.7443302869422], [-9.15066363614602, 38.7443099808094], [-9.15056687076629, 38.7443026764665], [-9.15044795215531, 38.7443037115461], [-9.15034964275999, 38.744313478603], [-9.14977079409131, 38.7443940301498], [-9.14971249772549, 38.7444021425028], [-9.14970719085889, 38.7443773387368], [-9.14966101109672, 38.7441615090228], [-9.14964343261596, 38.7440793527798], [-9.14978992096873, 38.7440086976535], [-9.14969776245075, 38.7436714116144], [-9.14986539307032, 38.7435903026773], [-9.14984611606967, 38.743566405917], [-9.15002642829597, 38.7434985072311], [-9.15016763354912, 38.743438323267], [-9.15049966486402, 38.7432881862123], [-9.15076370281023, 38.7431626487944], [-9.15106414758124, 38.7430109124062], [-9.15125613108514, 38.7429053096655], [-9.15085513208474, 38.7424246313803], [-9.15053272815861, 38.7420817640259], [-9.15003355018446, 38.7415590284788], [-9.15041719978703, 38.7411103613763], [-9.15004380998024, 38.7405950505571], [-9.14902191491139, 38.7410566094093], [-9.14857353335678, 38.7411905202142], [-9.14668088938124, 38.741494964644], [-9.14666792123971, 38.7414970813374], [-9.14715709186273, 38.7435026422415], [-9.14725230537367, 38.7438001378374], [-9.14735193410839, 38.7441338858091], [-9.14741016259262, 38.7443637181929], [-9.14748216572536, 38.7446560886221], [-9.14755155048201, 38.744643085373], [-9.14760443619367, 38.7449424973074]]]}, "properties": {"zona": "015", "zonaNR": "Entrecampos"}}, {"type": "Feature", "geometry": {"type": "Polygon", "coordinates": [[[-9.14877601312622, 38.7231124551362], [-9.14988789770214, 38.7243899593583], [-9.14982502672842, 38.7245037611744], [-9.14953933738095, 38.7246615482872], [-9.14919527442248, 38.7248515740904], [-9.14903732323692, 38.7248597324555], [-9.14890404209711, 38.7250686462672], [-9.14887340297888, 38.7253157820851], [-9.14892759775241, 38.7255604251333], [-9.14906273809528, 38.7257850257274], [-9.14926913259382, 38.7259734734865], [-9.14953197442587, 38.7261122498595], [-9.14953709922076, 38.7261136006199], [-9.14961917315313, 38.7261352228937], [-9.14983241073348, 38.7261914017042], [-9.15014889013005, 38.7262052494096], [-9.15045871085045, 38.7261528004747], [-9.15073964799215, 38.7260378164371], [-9.15097154840811, 38.7258685467254], [-9.15113778051768, 38.7256571322342], [-9.15122641681518, 38.7254187400669], [-9.15122735682508, 38.7253689481129], [-9.15343831357575, 38.7252341731484], [-9.15349753852874, 38.7252292477749], [-9.15402085634395, 38.725185726164], [-9.15663060790644, 38.7250276271855], [-9.15645266223225, 38.7249137879785], [-9.15640308480836, 38.724882070189], [-9.15750348612681, 38.724813791739], [-9.15887346626068, 38.7246360343909], [-9.15989115208668, 38.7244288878326], [-9.1599446673123, 38.7244183830355], [-9.16066389228007, 38.7242772014073], [-9.15969882868418, 38.7236033741027], [-9.15966628269863, 38.7235806502123], [-9.15961701022777, 38.7235420707157], [-9.15947207715106, 38.7234285911693], [-9.1586639435572, 38.7229942979935], [-9.15786140090257, 38.7225723809964], [-9.15766702990539, 38.7224646390444], [-9.15738211558772, 38.7223050841548], [-9.15715286962608, 38.7221787303669], [-9.1569298469139, 38.7219485509997], [-9.15674061070446, 38.7217652855951], [-9.15664596676556, 38.7216758464158], [-9.15614261474265, 38.721123115605], [-9.15582151734652, 38.7207711239779], [-9.15567444367851, 38.7206098986153], [-9.15561059263595, 38.7204460544583], [-9.15554742812719, 38.7203222982855], [-9.15553419319737, 38.7201891299845], [-9.15433599030922, 38.7203801700023], [-9.15424727399066, 38.7201880431781], [-9.14877601312622, 38.7231124551362]]]}, "properties": {"zona": "018", "zonaNR": "Marqus Pombal"}}, {"type": "Feature", "geometry": {"type": "Polygon", "coordinates": [[[-9.15453184978559, 38.7333253716633], [-9.15464789829941, 38.7329429489581], [-9.15514577705357, 38.7329980785924], [-9.1551305351803, 38.7326699144], [-9.15512250518152, 38.7323751549093], [-9.15514315455121, 38.7322386594472], [-9.15519245456349, 38.7321242970915], [-9.1552626008969, 38.7320043756487], [-9.15534558350599, 38.7319172962426], [-9.15546779449664, 38.7318158890123], [-9.15561054430772, 38.7317171403789], [-9.15550326937607, 38.7316336768751], [-9.15730757506954, 38.7303490354258], [-9.15911831796389, 38.7290669408599], [-9.15990841656696, 38.7285074853026], [-9.16003651039528, 38.7284167851115], [-9.15974264626198, 38.7281082375892], [-9.1595993253541, 38.7279579768093], [-9.15794115244811, 38.726225802329], [-9.15705273218673, 38.725297679556], [-9.15663060790644, 38.7250276271855], [-9.15402085634395, 38.725185726164], [-9.15349753852874, 38.7252292477749], [-9.15343831357575, 38.7252341731484], [-9.15122735682508, 38.7253689481129], [-9.1512264168024, 38.7254187391662], [-9.15113778051768, 38.7256571322342], [-9.15097154840811, 38.7258685467254], [-9.15073964799215, 38.7260378164371], [-9.15045871083767, 38.7261527995741], [-9.15014889013005, 38.7262052494096], [-9.14983241073348, 38.7261914017042], [-9.14961917315313, 38.7261352228937], [-9.14898848981195, 38.7271157056133], [-9.15266991214095, 38.7313106478225], [-9.15309236531464, 38.7316397505194], [-9.15453184978559, 38.7333253716633]]]}, "properties": {"zona": "021", "zonaNR": "Castilho"}}, {"type": "Feature", "geometry": {"type": "Polygon", "coordinates": [[[-9.15619269536245, 38.7374463799967], [-9.15622581338878, 38.7374914941702], [-9.15633025096624, 38.7374540189891], [-9.15647413966089, 38.737402387513], [-9.15650658195329, 38.7374493811539], [-9.15724362112952, 38.7372058549423], [-9.15748436446131, 38.7371207472071], [-9.15757247423464, 38.7369834638715], [-9.15776436129896, 38.7366844862238], [-9.15773846821839, 38.7366712915039], [-9.15765958184546, 38.7366310918445], [-9.15793213159155, 38.7362640606436], [-9.15768030926218, 38.7361465538651], [-9.15786265672365, 38.7357804980471], [-9.15829321484342, 38.734627952184], [-9.15829960928127, 38.7346292472812], [-9.15850064102406, 38.7346699731454], [-9.15852742220856, 38.7345750486381], [-9.15762718487439, 38.7343802430352], [-9.1551033118371, 38.73383405141], [-9.15517263151032, 38.7335762739277], [-9.15514577705357, 38.7329980785924], [-9.15464789829941, 38.7329429489581], [-9.15453184978559, 38.7333253716633], [-9.1544497170856, 38.7335960257613], [-9.15440269627235, 38.7337362870629], [-9.15434949568033, 38.7338328286826], [-9.15422324535385, 38.734010079186], [-9.15419680862592, 38.7340471954585], [-9.15415604335617, 38.7340736463768], [-9.15402072829232, 38.7341614468138], [-9.15401816034669, 38.7341628285254], [-9.15371951983774, 38.734323573625], [-9.15364335096334, 38.7343645712735], [-9.15310004696472, 38.7345327687532], [-9.15330348051453, 38.7347271889638], [-9.15451320105954, 38.7358832791562], [-9.15457598156225, 38.7358569582231], [-9.15521792099673, 38.7362422586841], [-9.15584409887771, 38.7369715075968], [-9.15619269536245, 38.7374463799967]]]}, "properties": {"zona": "023", "zonaNR": "Bairro Azul"}}, {"type": "Feature", "geometry": {"type": "Polygon", "coordinates": [[[-9.13162958368814, 38.7613322851469], [-9.13127551382144, 38.7615437723124], [-9.13102986172025, 38.7617207740815], [-9.1308359611633, 38.7618843019305], [-9.13069521915738, 38.7620037472352], [-9.12958912364365, 38.7630319752493], [-9.13001964884213, 38.7630345929216], [-9.13035602274206, 38.7630366360324], [-9.13166458138071, 38.7630445793241], [-9.13424255925282, 38.7630601825188], [-9.13675512007628, 38.7630753393984], [-9.13746033055091, 38.7630778926423], [-9.13920941182404, 38.7630842240439], [-9.13935038547343, 38.7630793694062], [-9.14029760957497, 38.7630467448724], [-9.13905501869592, 38.7588700675662], [-9.13245317501897, 38.7609900646638], [-9.13218913165314, 38.7610799583312], [-9.13182485141941, 38.7612333150771], [-9.13162958368814, 38.7613322851469]]]}, "properties": {"zona": "03G", "zonaNR": "Alvalade(G)"}}, {"type": "Feature", "geometry": {"type": "Polygon", "coordinates": [[[-9.14028953345679, 38.7201711184142], [-9.1398501560425, 38.7203190784758], [-9.13934473829649, 38.7206579796456], [-9.1394647350103, 38.7212781381975], [-9.1393666257105, 38.7220488941132], [-9.13934565612132, 38.7222136314029], [-9.13921024349227, 38.7224007185184], [-9.13944718065448, 38.7232062010575], [-9.13954616671664, 38.7235192418581], [-9.13979715015785, 38.7241066291475], [-9.14020290401713, 38.7248725806586], [-9.14027690219538, 38.7249897589313], [-9.14034063357316, 38.7251155704786], [-9.14038608767188, 38.7253690792238], [-9.14038756110451, 38.7253772970206], [-9.14038992174185, 38.7253765506463], [-9.14044836863802, 38.725358068226], [-9.14059740683329, 38.7256515574826], [-9.14062930065369, 38.7261094679593], [-9.14064438950099, 38.7263399916397], [-9.14065485606256, 38.7264915318079], [-9.14050009867168, 38.727507632584], [-9.1404867840899, 38.7275950479763], [-9.14079586824653, 38.7276095558099], [-9.14239501307884, 38.7276849653105], [-9.14323185912237, 38.7277332248885], [-9.14343397705927, 38.7277440451375], [-9.14351470425496, 38.7277346296136], [-9.14357449751944, 38.7277139315716], [-9.1436400838822, 38.7276770494332], [-9.14409277190211, 38.7273294321718], [-9.14590461202647, 38.7259380795294], [-9.14598570594792, 38.7258747470436], [-9.14601681699616, 38.725842414884], [-9.14609833022956, 38.7257087911968], [-9.14611062170423, 38.7256747538529], [-9.14611978401733, 38.7256240880753], [-9.14615340681024, 38.7247818087417], [-9.14601899994131, 38.7246102474817], [-9.14571644559135, 38.7238739583611], [-9.1456405987469, 38.7235965189084], [-9.14562506179817, 38.7233561036764], [-9.14479763625867, 38.7233865667886], [-9.14424500679136, 38.7234217422217], [-9.14380450558697, 38.7234415295092], [-9.14361377111435, 38.7234431332833], [-9.1436130680082, 38.7233932150285], [-9.14366476930505, 38.7233289176216], [-9.14381076977104, 38.7233829809313], [-9.14392836755077, 38.7233852403538], [-9.14431232660725, 38.7233627664128], [-9.14429060753022, 38.7231911849573], [-9.14423406106075, 38.723040561574], [-9.14414190237295, 38.7228719196281], [-9.14408423766311, 38.722728558972], [-9.1437921019545, 38.7219011183059], [-9.14374005564496, 38.7218068882717], [-9.14356255458902, 38.7215424929894], [-9.1435136684056, 38.7214907860344], [-9.14344206138103, 38.7214348390382], [-9.14317541521198, 38.7212744347628], [-9.14298400606194, 38.7211750055661], [-9.14271224130474, 38.7208841599318], [-9.14260518667355, 38.7207913213982], [-9.14255904094659, 38.7207773964287], [-9.14242344916702, 38.7207364814182], [-9.14196680302937, 38.7206459609114], [-9.14184515549744, 38.7205789290593], [-9.14137753554862, 38.7202748205356], [-9.14048429980737, 38.7202632024397], [-9.14037884581878, 38.7202133444564], [-9.14028953345679, 38.7201711184142]]]}, "properties": {"zona": "025", "zonaNR": "Campo Santana"}}, {"type": "Feature", "geometry": {"type": "Polygon", "coordinates": [[[-9.15004380998024, 38.7405950505571], [-9.15041719978703, 38.7411103613763], [-9.15003355018446, 38.7415590284788], [-9.15053272815861, 38.7420817640259], [-9.15085513093469, 38.7424246313904], [-9.15125613108514, 38.7429053096655], [-9.15140509242417, 38.7430838670636], [-9.15200991022208, 38.7426953661321], [-9.15240728229166, 38.7424716284437], [-9.15283666374727, 38.7422558172076], [-9.15328430289376, 38.7420490627737], [-9.15408282423803, 38.7416743854047], [-9.15529930076545, 38.7411120794717], [-9.15553477170624, 38.741007018131], [-9.15596500247984, 38.7408466132408], [-9.15635940957096, 38.7407252838087], [-9.15675885370381, 38.7406298632244], [-9.15721056405812, 38.7405586612496], [-9.15762908888455, 38.7405239725225], [-9.15815404055547, 38.740520995267], [-9.15847767587701, 38.7405304533695], [-9.15873226723897, 38.7405368321975], [-9.15864960680377, 38.7404288355496], [-9.15775149885078, 38.7392526230727], [-9.15753040772731, 38.7389630635689], [-9.15754678741407, 38.7389561100911], [-9.15775270741207, 38.7388687019189], [-9.15735754361235, 38.7384445557164], [-9.15672458704164, 38.7377651654433], [-9.1564483232932, 38.7374686311107], [-9.15646281641004, 38.7374638417702], [-9.15650658195329, 38.7374493811539], [-9.15647413966089, 38.737402387513], [-9.15622581340163, 38.7374914950709], [-9.15619269536245, 38.7374463799967], [-9.15584409887771, 38.7369715075968], [-9.15521792099673, 38.7362422586841], [-9.15457598156225, 38.7358569582231], [-9.15451320105954, 38.7358832791562], [-9.15330348051453, 38.7347271889638], [-9.15325211637082, 38.7347212767846], [-9.15321797898062, 38.7347220746305], [-9.1532046864014, 38.7347223851991], [-9.15318550404174, 38.7347276050962], [-9.15295223718649, 38.7347910802804], [-9.15293645356425, 38.734872100366], [-9.15287066887878, 38.7349312243926], [-9.15275435685488, 38.7349734228948], [-9.15264795635981, 38.7349550606364], [-9.15258914299107, 38.7349011652657], [-9.15234599487656, 38.7349745962222], [-9.15228650106894, 38.735072686175], [-9.15243129019932, 38.7360484069097], [-9.15270419096659, 38.7379717982235], [-9.15321474175938, 38.7388025214404], [-9.153388024571, 38.7390844679055], [-9.15004380998024, 38.7405950505571]]]}, "properties": {"zona": "030", "zonaNR": "Gulbenkian"}}, {"type": "Feature", "geometry": {"type": "Polygon", "coordinates": [[[-9.15370219887092, 38.7116732035577], [-9.15371057520108, 38.7116773046917], [-9.15388419775475, 38.7117623240906], [-9.15379704690518, 38.7116070521931], [-9.15375373644692, 38.7115298886203], [-9.15374819397529, 38.7115201184104], [-9.1537401948778, 38.7114992899481], [-9.15372682175262, 38.7114643660192], [-9.15366033064522, 38.7112918148922], [-9.15347502745082, 38.7105415440513], [-9.15338666622519, 38.7101810088542], [-9.15328192077671, 38.7097596331313], [-9.15315448888076, 38.7092464846719], [-9.15314010039653, 38.7091885994033], [-9.15313839637033, 38.7091819484325], [-9.15313680857521, 38.7091753865266], [-9.15312535044549, 38.7091295462603], [-9.1531117822625, 38.7090808418764], [-9.15291252305016, 38.7083669933577], [-9.15290550024988, 38.7083420126797], [-9.15290016096304, 38.7083222418932], [-9.15288887694183, 38.7082805437064], [-9.15288402177366, 38.7082624801953], [-9.15287916788757, 38.7082445067518], [-9.15287479939225, 38.7082283306523], [-9.15274130187832, 38.7079610390966], [-9.15246686033205, 38.7069305107641], [-9.15246942410532, 38.706567747803], [-9.15245050764037, 38.7064985519504], [-9.15241557983754, 38.7063709254612], [-9.15120103472869, 38.7063503995722], [-9.14986786228904, 38.7063325420607], [-9.14856413356566, 38.7063090404175], [-9.14663945532532, 38.7062763130716], [-9.14502403444664, 38.7062460871851], [-9.14432692826965, 38.7062173730582], [-9.14406195111741, 38.7065257564354], [-9.14383387269732, 38.7068599890837], [-9.14347525862213, 38.7068747790284], [-9.14339525690537, 38.7074996626475], [-9.14349455483585, 38.7075285937047], [-9.14390651852773, 38.7076598027652], [-9.14536006163616, 38.7081418970121], [-9.14626828716269, 38.7084528953993], [-9.14648289812955, 38.70850140674], [-9.14647948911419, 38.708510666675], [-9.14688875403405, 38.7085871664926], [-9.14729802093328, 38.7086636639541], [-9.1473409934218, 38.7085642359015], [-9.14758774491301, 38.7086110449505], [-9.14810891299234, 38.7087273653181], [-9.14807511822291, 38.7089616972305], [-9.14820287670639, 38.7090187151194], [-9.14915832039407, 38.7091132167695], [-9.14917384938575, 38.7089310954015], [-9.14977650389611, 38.7090083886716], [-9.15018903229404, 38.7090612955885], [-9.15037915963753, 38.7090856788163], [-9.1507412385494, 38.7090732894392], [-9.15090874817012, 38.7090265865285], [-9.15111762383004, 38.7094296654557], [-9.15137536185358, 38.709933512142], [-9.15120953275175, 38.7100089326493], [-9.15088262781885, 38.71017464234], [-9.15063179270459, 38.7098061572981], [-9.15054347251946, 38.709847455998], [-9.15080747031866, 38.7102175940035], [-9.15046615519761, 38.7104186226829], [-9.15011505363119, 38.7100528384651], [-9.15042571398286, 38.7099701133065], [-9.1503636651252, 38.7098989458867], [-9.14983213879003, 38.7100334747341], [-9.14983729712146, 38.710116569087], [-9.15001579424821, 38.7100713680983], [-9.15039392533923, 38.7104611639696], [-9.14980807264675, 38.7108062158223], [-9.14962189622708, 38.7109081744053], [-9.14974801809259, 38.7110495537502], [-9.15078536197714, 38.710959262586], [-9.15150227842291, 38.7108008868671], [-9.15175883199271, 38.710770246437], [-9.15190252039705, 38.7107902206365], [-9.15207251248175, 38.7108666493443], [-9.15206233712306, 38.710952765139], [-9.15228046953481, 38.7110501073536], [-9.1522867673474, 38.7111112259079], [-9.15228734601531, 38.7111168390819], [-9.15233847700163, 38.7111329525521], [-9.15260449009684, 38.7112167801774], [-9.1526120526451, 38.7112204984456], [-9.15352190075648, 38.7116678547287], [-9.15358561339624, 38.7116161203519], [-9.15370219887092, 38.7116732035577]]]}, "properties": {"zona": "032", "zonaNR": "So Paulo"}}, {"type": "Feature", "geometry": {"type": "Polygon", "coordinates": [[[-9.14491164736803, 38.7153420153685], [-9.14494192502978, 38.7154092998502], [-9.14495205203592, 38.715431805779], [-9.14487534498564, 38.715452993189], [-9.144824347272, 38.7156088916674], [-9.14481881398706, 38.7156258077127], [-9.14507527696025, 38.7156512342174], [-9.14544529758869, 38.7157023042329], [-9.14547982245823, 38.7157050751673], [-9.14593158922626, 38.7157413312136], [-9.1472828781272, 38.7160854428524], [-9.14740576991418, 38.7161537365308], [-9.14761022360037, 38.7162926836906], [-9.14761708699877, 38.7162985711365], [-9.14765373054189, 38.7163299996303], [-9.14793872459491, 38.7165744258501], [-9.14930057502957, 38.7172114621163], [-9.15005233338598, 38.7174216027299], [-9.15130813895432, 38.7177331562475], [-9.15153875723214, 38.7178334986156], [-9.15183854480294, 38.7180766693248], [-9.15231722178377, 38.7184171935222], [-9.15313079630597, 38.7188386701834], [-9.15402417664559, 38.7197962827729], [-9.15411857339346, 38.7199093206079], [-9.15416090240742, 38.7200009897511], [-9.15424727399066, 38.7201880431781], [-9.15433599030922, 38.7203801700023], [-9.15553419319737, 38.7201891299845], [-9.15552353569378, 38.7200819070268], [-9.15564165971754, 38.71981017751], [-9.15567227607844, 38.7197397483194], [-9.15563309582563, 38.7187896704932], [-9.15560241832151, 38.7184370103605], [-9.15518272853583, 38.717264792351], [-9.15509674073232, 38.7170075585118], [-9.15486511022105, 38.7161712200798], [-9.15474699253213, 38.7159021060851], [-9.15452100301218, 38.7155665555052], [-9.15448405063568, 38.7155149028803], [-9.15425868761038, 38.7152073688953], [-9.1543197479569, 38.7151761511259], [-9.15425867000747, 38.7152073438271], [-9.15425411892423, 38.7152010951774], [-9.15412205550973, 38.7150182176138], [-9.15409320253336, 38.7149782043673], [-9.15401086820115, 38.714864162972], [-9.15361074087814, 38.7143212382633], [-9.15355986124186, 38.7142522316069], [-9.15343755676045, 38.7140115275307], [-9.15343479234509, 38.7140030842483], [-9.15341820586704, 38.7139524245522], [-9.15341591921703, 38.7139452382031], [-9.15328440859489, 38.7135421121115], [-9.1531990537155, 38.7133043281639], [-9.15311213841259, 38.7130618736566], [-9.15304261897157, 38.712854217902], [-9.15302028602467, 38.7127874841572], [-9.15295747368289, 38.7126067934796], [-9.15283423866905, 38.7122516966782], [-9.15303119208837, 38.7120663079616], [-9.15352190075648, 38.7116678547287], [-9.1526120526451, 38.7112204984456], [-9.15260449009684, 38.7112167801774], [-9.15233847700163, 38.7111329525521], [-9.15228734601531, 38.7111168390819], [-9.1522867673474, 38.7111112259079], [-9.15228046953481, 38.7110501073536], [-9.15206233712306, 38.710952765139], [-9.15207251248175, 38.7108666493443], [-9.15190252039705, 38.7107902206365], [-9.15175883199271, 38.710770246437], [-9.15150227842291, 38.7108008868671], [-9.15078536197714, 38.710959262586], [-9.14974801809259, 38.7110495537502], [-9.14962189622708, 38.7109081744053], [-9.14953150703209, 38.7109576757985], [-9.14900573226506, 38.7110578389632], [-9.14892266655886, 38.711060594676], [-9.14773170362329, 38.7109700756597], [-9.14721833539534, 38.710949047194], [-9.14711291084908, 38.710944728889], [-9.14703087167286, 38.7109413679061], [-9.14598923760513, 38.7108050532549], [-9.14596605245632, 38.7109198732047], [-9.14559026630426, 38.7108711579249], [-9.14549832495505, 38.7113084178764], [-9.14531962026408, 38.7123221383931], [-9.14546123736599, 38.7133818386891], [-9.1455373031161, 38.7136355744389], [-9.14569416091321, 38.7140640308843], [-9.14591433856516, 38.7146914064578], [-9.14585523049717, 38.7146703085719], [-9.14480031623823, 38.7151446720415], [-9.14491164736803, 38.7153420153685]]]}, "properties": {"zona": "033", "zonaNR": "Prncipe Real"}}, {"type": "Feature", "geometry": {"type": "Polygon", "coordinates": [[[-9.1387774731254, 38.7305526298058], [-9.13946419272153, 38.7306465848484], [-9.13949452286409, 38.7306209422819], [-9.13935470024032, 38.7297786593537], [-9.13970156265233, 38.7296749345841], [-9.14033628837793, 38.7295809912916], [-9.14024845184185, 38.7291566677837], [-9.1404867840899, 38.7275950479763], [-9.14050009867168, 38.727507632584], [-9.14065485606256, 38.7264915318079], [-9.14064438950099, 38.7263399916397], [-9.14062930065369, 38.7261094679593], [-9.14059740683329, 38.7256515574826], [-9.14044836863802, 38.725358068226], [-9.14038992174185, 38.7253765506463], [-9.14038756110451, 38.7253772970206], [-9.14038608767188, 38.7253690792238], [-9.14034063357316, 38.7251155704786], [-9.14027690219538, 38.7249897589313], [-9.14020290401713, 38.7248725806586], [-9.13979715015785, 38.7241066291475], [-9.13954616671664, 38.7235192418581], [-9.13944718065448, 38.7232062010575], [-9.13921024349227, 38.7224007185184], [-9.13934565612132, 38.7222136314029], [-9.1393666257105, 38.7220488941132], [-9.13910231957062, 38.7220282464321], [-9.13867995153882, 38.7222373714685], [-9.13836023146666, 38.7221933008396], [-9.13822758671617, 38.7222772453516], [-9.13826394238277, 38.722312325627], [-9.13794003924168, 38.7225289399587], [-9.13765878937782, 38.7227334586375], [-9.13759951259784, 38.7226833698247], [-9.13691840154878, 38.7232281433873], [-9.13697240932436, 38.7232668738136], [-9.13685879839005, 38.7233587090756], [-9.13663268670122, 38.7232752294405], [-9.13627344733736, 38.7232720061823], [-9.13582105074359, 38.7233819154087], [-9.13573165483832, 38.7231611009505], [-9.13569401673857, 38.7230904767926], [-9.13549178228276, 38.722784636968], [-9.13548163179547, 38.7227692871985], [-9.13521276672678, 38.7226546807122], [-9.13503242529782, 38.7225778083341], [-9.13329143704458, 38.7224562358923], [-9.13260402772226, 38.7224055291963], [-9.13258132677483, 38.7224038550407], [-9.13254576194448, 38.7225201932037], [-9.13257884810719, 38.7225392538689], [-9.1325026616114, 38.7227600821026], [-9.13249173870891, 38.7227766535934], [-9.13238211278968, 38.7228783933671], [-9.13241332699239, 38.7228995112639], [-9.13176840030198, 38.723304608199], [-9.13173250902174, 38.7233271525437], [-9.13179500510316, 38.7235908351056], [-9.1308879545544, 38.7250443447505], [-9.13049739138842, 38.725685525353], [-9.13040180998201, 38.7259654948898], [-9.13033106539268, 38.7261701267871], [-9.13029057659572, 38.7263174617871], [-9.13027227753109, 38.7263841185221], [-9.13025346155776, 38.726452555115], [-9.13036284039971, 38.7268262596575], [-9.13036529776131, 38.7268335350739], [-9.13048684775922, 38.7271933535942], [-9.13054048776314, 38.7273790887134], [-9.13058844287581, 38.7275694663236], [-9.13061910532526, 38.7278053271924], [-9.13062011998382, 38.7278131292619], [-9.13064066845643, 38.727811971164], [-9.13099367796776, 38.7277922001435], [-9.13100240068508, 38.7278073516946], [-9.13100567024594, 38.7278129906385], [-9.13103433963079, 38.7278628305868], [-9.13114528752672, 38.7281013127113], [-9.13119170202349, 38.7281808162786], [-9.13125680919043, 38.7282208174378], [-9.13131345527817, 38.7282367064711], [-9.13139583547048, 38.7282480735628], [-9.13145976554414, 38.7282475276134], [-9.13165100569799, 38.7282146369361], [-9.1317925081283, 38.7282022584177], [-9.13192841692057, 38.7282010972826], [-9.13207032191282, 38.7282176302591], [-9.13218674112321, 38.7282620350423], [-9.13230807380285, 38.7283291921319], [-9.13232696734677, 38.7283396554262], [-9.13251009436641, 38.7284755501311], [-9.13264185300249, 38.7285808966861], [-9.13271364910151, 38.7285919029473], [-9.13272390515088, 38.7285934366662], [-9.13273179297683, 38.7285896570741], [-9.13277743778447, 38.7285676586759], [-9.13282254239943, 38.7285459306117], [-9.13283257943372, 38.7285447043807], [-9.13286969517766, 38.7285972280417], [-9.13291324398501, 38.7285788074267], [-9.1334481529509, 38.728352547673], [-9.13354119102295, 38.7283306577694], [-9.13368847166356, 38.7282960050883], [-9.13394038403861, 38.728283156322], [-9.13405707500326, 38.7282895896331], [-9.1340246322385, 38.728650704703], [-9.13433250069774, 38.728667675749], [-9.13436494076658, 38.7283065606251], [-9.13461830722996, 38.7283205251844], [-9.13490929723477, 38.7283365646771], [-9.13480539377886, 38.7295410343393], [-9.13624689780836, 38.7296328927605], [-9.13621140182865, 38.73014216708], [-9.1362203273397, 38.7303652820112], [-9.13627599629177, 38.7305320398523], [-9.13821573558172, 38.7304682894246], [-9.1387774731254, 38.7305526298058]]]}, "properties": {"zona": "037", "zonaNR": "Anjos"}}, {"type": "Feature", "geometry": {"type": "Polygon", "coordinates": [[[-9.13582105074359, 38.7233819154087], [-9.13627344733736, 38.7232720061823], [-9.13663268670122, 38.7232752294405], [-9.13685879839005, 38.7233587090756], [-9.13697240932436, 38.7232668738136], [-9.13691840039905, 38.7232281433972], [-9.13759951259784, 38.7226833698247], [-9.13765878937782, 38.7227334586375], [-9.13794003924168, 38.7225289399587], [-9.13826394238277, 38.722312325627], [-9.13822758671617, 38.7222772453516], [-9.13836023146666, 38.7221933008396], [-9.13867995153882, 38.7222373714685], [-9.13910231957062, 38.7220282464321], [-9.1393666257105, 38.7220488941132], [-9.1394647350103, 38.7212781381975], [-9.1393447371468, 38.7206579796555], [-9.139749950444, 38.7203862699562], [-9.1398501560425, 38.7203190784758], [-9.14028953345679, 38.7201711184142], [-9.14037884581878, 38.7202133444564], [-9.14048429980737, 38.7202632024397], [-9.14137753554862, 38.7202748205356], [-9.14184515549744, 38.7205789290593], [-9.14199814494616, 38.7203381434742], [-9.1419306102005, 38.7199893917239], [-9.14196183949108, 38.7199194751217], [-9.14198895634113, 38.7198709399701], [-9.14239858380401, 38.7194751112049], [-9.14290836443137, 38.7190161246903], [-9.14279641717054, 38.7188871348889], [-9.14241715402123, 38.7185830230466], [-9.14233145101257, 38.7184980709353], [-9.14205563226922, 38.7181962554515], [-9.14186295738937, 38.7178688475572], [-9.1418450013949, 38.7178419590238], [-9.14168631313294, 38.7176043237756], [-9.14158330266818, 38.7174614024411], [-9.14146334397809, 38.7173102381475], [-9.1412833565094, 38.7170991367828], [-9.14086801715046, 38.7166702761831], [-9.14037201600374, 38.7161660239202], [-9.14032416647332, 38.7161173783138], [-9.13981531287135, 38.7155646764156], [-9.13969399700169, 38.7154142929864], [-9.1396262026155, 38.7153102356327], [-9.13946481671838, 38.7150898435109], [-9.13902677119368, 38.7152434675677], [-9.13900580624964, 38.7152508200273], [-9.13901384686757, 38.7151863777797], [-9.13859860977479, 38.71512993552], [-9.13844412414642, 38.7151150102037], [-9.13842079984417, 38.7151127561165], [-9.13842598075596, 38.7150279022992], [-9.13826935346846, 38.7150304659657], [-9.13814417538958, 38.7149922433963], [-9.13778644538995, 38.7148464257364], [-9.1373446986113, 38.7151845613796], [-9.13710194390301, 38.715077620199], [-9.13617875129173, 38.7147813164756], [-9.13581781458218, 38.7155155298549], [-9.13581620383827, 38.7157818141649], [-9.13536096369647, 38.7167354175173], [-9.13503422186944, 38.7166177114918], [-9.13497401848872, 38.7167488048547], [-9.13497977646387, 38.7168491871551], [-9.13498052227799, 38.7170248183567], [-9.13495404064496, 38.7172071559424], [-9.13487168108535, 38.7175461006203], [-9.13487359104351, 38.7176807719766], [-9.13492747960663, 38.7179367539284], [-9.13496982313399, 38.7180342671625], [-9.13500221214993, 38.7186966312708], [-9.13495051279622, 38.7192993153424], [-9.13496592624057, 38.7194268060568], [-9.13496231559417, 38.7200478702027], [-9.13496222883287, 38.7200483267451], [-9.13491776654543, 38.7202806679427], [-9.13483253347065, 38.720528266509], [-9.13479404222928, 38.7206144603455], [-9.13471281383684, 38.7207572466214], [-9.13468761746817, 38.7209348384894], [-9.1346979466857, 38.7210467098582], [-9.13464916216036, 38.7210455451147], [-9.13453248472278, 38.7210369323073], [-9.1344292438814, 38.7210240003212], [-9.13436175255151, 38.7210122033367], [-9.13434114521243, 38.7210081749455], [-9.13433113200299, 38.7210050160615], [-9.13432649851552, 38.7210026533413], [-9.13432198105059, 38.7209976458138], [-9.13432085191309, 38.720993691115], [-9.1343190194531, 38.7209832540622], [-9.13431836511314, 38.7209693226712], [-9.13431898779339, 38.7209589843972], [-9.1343198203818, 38.7209527293999], [-9.13432067811948, 38.7209482766645], [-9.13432171171098, 38.7209453843897], [-9.13432929809888, 38.7209316049189], [-9.13433316591168, 38.720924500607], [-9.13429411911916, 38.7209104557217], [-9.13424795153109, 38.7209898700263], [-9.13411328527275, 38.7209560599621], [-9.13376001055143, 38.7208735409136], [-9.13373911673732, 38.7209038763359], [-9.13350649504889, 38.7212480243329], [-9.13343300907275, 38.7212166499344], [-9.13346226443562, 38.7211144583065], [-9.13315949824008, 38.7209871873655], [-9.13283952909476, 38.7214646276776], [-9.13317173826592, 38.721602013841], [-9.13268406046027, 38.7223149823125], [-9.13260402887199, 38.7224055291865], [-9.13329143819431, 38.7224562358825], [-9.13503242529782, 38.7225778083341], [-9.13521276672678, 38.7226546807122], [-9.13548163179547, 38.7227692871985], [-9.13549178228276, 38.722784636968], [-9.13569401673857, 38.7230904767926], [-9.13573165368858, 38.7231611009603], [-9.13582105074359, 38.7233819154087]]]}, "properties": {"zona": "038", "zonaNR": "Socorro"}}, {"type": "Feature", "geometry": {"type": "Polygon", "coordinates": [[[-9.16450838432828, 38.7573472696366], [-9.16484120383169, 38.7573360016801], [-9.16487365984044, 38.7573349035623], [-9.16549467972788, 38.7572645633827], [-9.16592265534061, 38.7572674749973], [-9.16601311031363, 38.757268089848], [-9.16635520195618, 38.7572650660583], [-9.16687210647161, 38.7572604951764], [-9.1669771552581, 38.7572595659718], [-9.16753132998037, 38.7572759623402], [-9.16760992696564, 38.7572782878977], [-9.16778774996412, 38.7572825967922], [-9.16966986586672, 38.7573281941173], [-9.1697252573814, 38.7573295359277], [-9.16980906870652, 38.7570792763147], [-9.16980795743781, 38.7570596383451], [-9.16975952962083, 38.7562036939003], [-9.16975033510572, 38.7560411971362], [-9.1697434652509, 38.755959232971], [-9.16972113754827, 38.7556928539331], [-9.16967571040116, 38.7552563781137], [-9.16962550438127, 38.7547280649648], [-9.16962101150809, 38.7546560423309], [-9.16962905393278, 38.7545758014993], [-9.16948206692963, 38.754434781549], [-9.16933742002875, 38.7542964430037], [-9.16906417478106, 38.7540302162979], [-9.16872233529776, 38.7536848595879], [-9.16854134506288, 38.7534991006382], [-9.16847944687847, 38.7534347927315], [-9.16819122072485, 38.7531517979643], [-9.16800112262922, 38.7529724242762], [-9.16787973270133, 38.7528509927817], [-9.16776419821586, 38.7527367155736], [-9.16773082676876, 38.7526930600584], [-9.16770674616814, 38.7526615585071], [-9.16769140961539, 38.7526519874424], [-9.16724706906979, 38.7523746741829], [-9.16701100667484, 38.752198407861], [-9.16628326664606, 38.7514990302423], [-9.16613146706371, 38.7513531446268], [-9.1658830005143, 38.7511139308745], [-9.165687085891, 38.7509909873352], [-9.16553888184195, 38.751005505606], [-9.1654346820645, 38.751280853645], [-9.16532466592647, 38.7515413792414], [-9.16529253227166, 38.7516312917027], [-9.1652701893637, 38.7517189918485], [-9.16525062639889, 38.7517807870815], [-9.16524205281206, 38.7518412430895], [-9.16523011253959, 38.7518875856531], [-9.16523628746054, 38.7519529197667], [-9.16525816011895, 38.7520171514196], [-9.16527722569976, 38.752066985442], [-9.16531168603204, 38.752137807736], [-9.16542993933089, 38.7524386990313], [-9.16552054796343, 38.7527282953681], [-9.16560005324468, 38.7530208631957], [-9.16569075688424, 38.7533623795676], [-9.16587745943541, 38.7540511401479], [-9.16596033877575, 38.7543956177854], [-9.16605101946974, 38.7547361701496], [-9.16613703042374, 38.75505908136], [-9.1661981525871, 38.7554031565446], [-9.16623605270343, 38.7556748862411], [-9.16620147631303, 38.7559641381038], [-9.16616127561308, 38.756300569417], [-9.16612541121312, 38.7564470480289], [-9.16607990891776, 38.7565609134615], [-9.16601856568598, 38.7566653075407], [-9.16594907715879, 38.7567505328877], [-9.16584827413901, 38.7568437365754], [-9.16574208248438, 38.7569254568903], [-9.16562248403554, 38.7569861280992], [-9.16546637980831, 38.7570586606492], [-9.1652380743589, 38.7571183720565], [-9.16502541617877, 38.7571814137744], [-9.16453331268579, 38.7573384679069], [-9.16450838432828, 38.7573472696366]]]}, "properties": {"zona": "03A", "zonaNR": "Alvalade(A)"}}, {"type": "Feature", "geometry": {"type": "Polygon", "coordinates": [[[-9.16568708474082, 38.7509909873454], [-9.16566196818499, 38.7509752257616], [-9.16549264482782, 38.7507669753373], [-9.16546198352246, 38.7506348312277], [-9.16545974628173, 38.7506225409034], [-9.16542825662246, 38.7504495680523], [-9.16541918926019, 38.7504013671287], [-9.16541455404266, 38.750376725743], [-9.16536434101558, 38.7502552664029], [-9.16532624900802, 38.7501631249367], [-9.16529656306508, 38.7500913191393], [-9.16529195309313, 38.7500859191272], [-9.16521580696385, 38.7500872437152], [-9.1645148157094, 38.7501145423387], [-9.164117710415, 38.7501278193468], [-9.16278309276271, 38.7501170368552], [-9.16159734142429, 38.7501041086677], [-9.16091163066918, 38.7501076903632], [-9.16034540132961, 38.7500983718257], [-9.15873798236679, 38.7500695817878], [-9.15834426945434, 38.7501207323487], [-9.15866065091593, 38.7507999552511], [-9.15905684966745, 38.7515579436003], [-9.15928967034204, 38.7519977008979], [-9.15979508058496, 38.7530066159537], [-9.16028388133487, 38.7538951400611], [-9.16048740926096, 38.7543375392322], [-9.16042877393629, 38.7543647718144], [-9.16039922883532, 38.7543910920148], [-9.16037902364563, 38.7544204639365], [-9.16036806254433, 38.7544502950762], [-9.16036505150962, 38.7544785889676], [-9.16036887283992, 38.7545068219074], [-9.16038068633158, 38.7545364528759], [-9.16040172845965, 38.7545654622598], [-9.16043201957369, 38.7545912565249], [-9.160470039944, 38.7546112619781], [-9.16078143037285, 38.7552227727333], [-9.16078777970301, 38.7552564070319], [-9.1607881749464, 38.7552839674687], [-9.16078270394035, 38.755311579486], [-9.16076341326335, 38.7553301250441], [-9.16071085738152, 38.7553474326488], [-9.16039140516001, 38.755437535615], [-9.16020173461595, 38.7556018584622], [-9.1601518122201, 38.7556552450924], [-9.16026693511964, 38.7558134663361], [-9.16046048468417, 38.7558249976662], [-9.16057916517597, 38.7558533748196], [-9.16068925128311, 38.7559362346077], [-9.16085594709138, 38.756085542577], [-9.16103507980921, 38.7562692777746], [-9.16128305531873, 38.7565421077845], [-9.16143576283076, 38.7567209403535], [-9.16164488078155, 38.7570323495992], [-9.1618119495224, 38.7573242303043], [-9.1618728348202, 38.7575104731465], [-9.16186367284526, 38.7578909256886], [-9.16192515348712, 38.7578772547246], [-9.16253827058913, 38.7577409221052], [-9.16309886362987, 38.757616265694], [-9.16351830253155, 38.7575229948792], [-9.16392351022743, 38.7574328873144], [-9.16427262689949, 38.7573552509234], [-9.16450838432828, 38.7573472696366], [-9.16453331268579, 38.7573384679069], [-9.16502541617877, 38.7571814137744], [-9.1652380743589, 38.7571183720565], [-9.16546637980831, 38.7570586606492], [-9.16562248403554, 38.7569861280992], [-9.16574208248438, 38.7569254568903], [-9.16584827413901, 38.7568437365754], [-9.16594907715879, 38.7567505328877], [-9.16601856568598, 38.7566653075407], [-9.16607990891776, 38.7565609134615], [-9.16612541121312, 38.7564470480289], [-9.16616127561308, 38.756300569417], [-9.16620147631303, 38.7559641381038], [-9.16623605270343, 38.7556748862411], [-9.1661981525871, 38.7554031565446], [-9.16613703042374, 38.75505908136], [-9.16605101946974, 38.7547361701496], [-9.16596033877575, 38.7543956177854], [-9.16587745943541, 38.7540511401479], [-9.16569075688424, 38.7533623795676], [-9.16560005324468, 38.7530208631957], [-9.16552054796343, 38.7527282953681], [-9.16542993933089, 38.7524386990313], [-9.16531168603204, 38.752137807736], [-9.16527722569976, 38.752066985442], [-9.16525816011895, 38.7520171514196], [-9.16523628746054, 38.7519529197667], [-9.16523011253959, 38.7518875856531], [-9.16524205281206, 38.7518412430895], [-9.16525062639889, 38.7517807870815], [-9.1652701893637, 38.7517189918485], [-9.16529253227166, 38.7516312917027], [-9.16532466592647, 38.7515413792414], [-9.1654346820645, 38.751280853645], [-9.16553888184195, 38.751005505606], [-9.16568708474082, 38.7509909873454]]]}, "properties": {"zona": "03B", "zonaNR": "Alvalade(B)"}}, {"type": "Feature", "geometry": {"type": "Polygon", "coordinates": [[[-9.15515536504901, 38.7597569138675], [-9.15517720796986, 38.759750802017], [-9.15970449891114, 38.7584740208398], [-9.15981862828385, 38.7584419773861], [-9.15987048744077, 38.7584274182777], [-9.16004606975779, 38.7583781207201], [-9.16146764433526, 38.7579789843627], [-9.16186367284526, 38.7578909256886], [-9.1618728348202, 38.7575104731465], [-9.1618119495224, 38.7573242303043], [-9.16164488078155, 38.7570323495992], [-9.16143576283076, 38.7567209403535], [-9.16128305531873, 38.7565421077845], [-9.16103507980921, 38.7562692777746], [-9.16085594709138, 38.756085542577], [-9.16068925128311, 38.7559362346077], [-9.16057916517597, 38.7558533748196], [-9.16046048468417, 38.7558249976662], [-9.16026693511964, 38.7558134663361], [-9.1601518122201, 38.7556552450924], [-9.16020173461595, 38.7556018584622], [-9.16039140516001, 38.755437535615], [-9.16071085738152, 38.7553474326488], [-9.16076341326335, 38.7553301250441], [-9.16078270394035, 38.755311579486], [-9.1607881749464, 38.7552839674687], [-9.16078777970301, 38.7552564070319], [-9.16078143037285, 38.7552227727333], [-9.160470039944, 38.7546112619781], [-9.15894789844458, 38.7551240286834], [-9.15890691345859, 38.7551363147516], [-9.15886782289127, 38.7551443234825], [-9.15881284139341, 38.7551489135714], [-9.15876561445872, 38.7551462563553], [-9.15869467720335, 38.755135583042], [-9.15856098911344, 38.7551009860258], [-9.15829523546588, 38.7550334878843], [-9.15814699323646, 38.7550091959839], [-9.15805913861516, 38.7550068857793], [-9.15797537935044, 38.7550158353996], [-9.15752464579285, 38.755163355271], [-9.15668503754279, 38.7554300301491], [-9.1558924409985, 38.7556693092142], [-9.15538986592593, 38.7558236331446], [-9.15238468187371, 38.7568170095742], [-9.15251133093362, 38.7569673300074], [-9.15293637009448, 38.7574023792276], [-9.15365518131868, 38.7580814176154], [-9.15472911296724, 38.7590449330325], [-9.15500142070978, 38.7593945813147], [-9.15514712056556, 38.7597405223879], [-9.15515536504901, 38.7597569138675]]]}, "properties": {"zona": "03C", "zonaNR": "Alvalade(C)"}}, {"type": "Feature", "geometry": {"type": "Polygon", "coordinates": [[[-9.14871331555474, 38.7557483790834], [-9.14872006221792, 38.7557615799706], [-9.14903157437499, 38.7563710819587], [-9.14905326656156, 38.7564135256124], [-9.14915997364676, 38.7566048212854], [-9.1498214916649, 38.7579138533225], [-9.15002738112512, 38.7583212628747], [-9.15002573761685, 38.758595280532], [-9.14978941875978, 38.7592193099463], [-9.14971179190755, 38.7594242914473], [-9.14952550248296, 38.7598970582427], [-9.14944614704984, 38.76004419289], [-9.14930630164211, 38.7601934982768], [-9.14911195226824, 38.7603085819259], [-9.1488894055679, 38.7603950375819], [-9.14870463749834, 38.7604568128103], [-9.14791199373748, 38.7607151412219], [-9.14785048089238, 38.7607351880475], [-9.14786502016819, 38.7607653722037], [-9.14814398076921, 38.7613444942123], [-9.14835593476576, 38.7617845062239], [-9.14837913170502, 38.761779356722], [-9.14844549788416, 38.7617605952058], [-9.14855273135137, 38.7617302692609], [-9.14967758852371, 38.7614121458896], [-9.15058676981238, 38.7610951040896], [-9.15076804519548, 38.7610318844272], [-9.15123879756336, 38.7608677075083], [-9.15143327627821, 38.7607999048222], [-9.1516598889529, 38.7607352005988], [-9.15173623307848, 38.7607134020034], [-9.15185114589909, 38.7606812567921], [-9.15189675462194, 38.7606684987069], [-9.15277143018826, 38.7604238176504], [-9.15423020518262, 38.7600157339737], [-9.15514195357424, 38.7597606667014], [-9.15515536504901, 38.7597569138675], [-9.15514712056556, 38.7597405223879], [-9.15500142070978, 38.7593945813147], [-9.15472911296724, 38.7590449330325], [-9.15365518131868, 38.7580814176154], [-9.15293637009448, 38.7574023792276], [-9.15251133093362, 38.7569673300074], [-9.15238468187371, 38.7568170095742], [-9.15224073831378, 38.7566461623572], [-9.15195644694476, 38.7561567105023], [-9.15150750380633, 38.7553193018828], [-9.15130504878069, 38.7549504263949], [-9.14969796269292, 38.7554530134285], [-9.14880566021582, 38.7557345747284], [-9.14871331555474, 38.7557483790834]]]}, "properties": {"zona": "03D", "zonaNR": "Alvalade(D)"}}, {"type": "Feature", "geometry": {"type": "Polygon", "coordinates": [[[-9.14321775077771, 38.7575443436981], [-9.14402843496732, 38.7590623196826], [-9.14435297355811, 38.7596699782454], [-9.144725449265, 38.7603673891454], [-9.14546896506184, 38.760742247484], [-9.14620738943464, 38.7610623308115], [-9.14646222889302, 38.7610960365372], [-9.14668746870991, 38.7611006140221], [-9.14695380907652, 38.7610623897203], [-9.14763597195998, 38.7608063636431], [-9.14785048089238, 38.7607351880475], [-9.14791199373748, 38.7607151412219], [-9.14870463749834, 38.7604568128103], [-9.1488894055679, 38.7603950375819], [-9.14911195226824, 38.7603085819259], [-9.14930630164211, 38.7601934982768], [-9.14944614704984, 38.76004419289], [-9.14952550248296, 38.7598970582427], [-9.14971179190755, 38.7594242914473], [-9.14978941875978, 38.7592193099463], [-9.15002573761685, 38.758595280532], [-9.15002738112512, 38.7583212628747], [-9.1498214916649, 38.7579138533225], [-9.14915997364676, 38.7566048212854], [-9.14905326656156, 38.7564135256124], [-9.14903157437499, 38.7563710819587], [-9.14872006221792, 38.7557615799706], [-9.14871331555474, 38.7557483790834], [-9.14819630065612, 38.755911891018], [-9.14589642934847, 38.7566392173364], [-9.14504315865376, 38.7569515968342], [-9.14321775077771, 38.7575443436981]]]}, "properties": {"zona": "03E", "zonaNR": "Alvalade(E)"}}, {"type": "Feature", "geometry": {"type": "Polygon", "coordinates": [[[-9.14985797622768, 38.7525295783289], [-9.15023631468558, 38.7532105848187], [-9.15079477406764, 38.75409859699], [-9.15130504878069, 38.7549504263949], [-9.15150750380633, 38.7553193018828], [-9.15195644694476, 38.7561567105023], [-9.15224073831378, 38.7566461623572], [-9.15238468187371, 38.7568170095742], [-9.15538986592593, 38.7558236331446], [-9.1558924409985, 38.7556693092142], [-9.15668503754279, 38.7554300301491], [-9.15752464579285, 38.755163355271], [-9.15797537935044, 38.7550158353996], [-9.15805913861516, 38.7550068857793], [-9.15814699323646, 38.7550091959839], [-9.15829523546588, 38.7550334878843], [-9.15856098911344, 38.7551009860258], [-9.15869467720335, 38.755135583042], [-9.15876561445872, 38.7551462563553], [-9.15881284139341, 38.7551489135714], [-9.15886782289127, 38.7551443234825], [-9.15890691345859, 38.7551363147516], [-9.15894789844458, 38.7551240286834], [-9.160470039944, 38.7546112619781], [-9.16043201957369, 38.7545912565249], [-9.16040172845965, 38.7545654622598], [-9.16038068633158, 38.7545364528759], [-9.16036887283992, 38.7545068219074], [-9.16036505150962, 38.7544785889676], [-9.16036806254433, 38.7544502950762], [-9.16037902364563, 38.7544204639365], [-9.16039922883532, 38.7543910920148], [-9.16042877393629, 38.7543647718144], [-9.16048740926096, 38.7543375392322], [-9.16028388133487, 38.7538951400611], [-9.15979508058496, 38.7530066159537], [-9.15928967034204, 38.7519977008979], [-9.15905684966745, 38.7515579436003], [-9.15866065091593, 38.7507999552511], [-9.15834426945434, 38.7501207323487], [-9.15822660382237, 38.7503397627366], [-9.15757250723127, 38.7505728173328], [-9.15731055697057, 38.7505877419958], [-9.15419929598557, 38.751585536132], [-9.15143529097659, 38.7523064704129], [-9.14922057032668, 38.7513822196426], [-9.14985797622768, 38.7525295783289]]]}, "properties": {"zona": "03H", "zonaNR": "Alvalade(H)"}}, {"type": "Feature", "geometry": {"type": "Polygon", "coordinates": [[[-9.14871331555474, 38.7557483790834], [-9.14880566021582, 38.7557345747284], [-9.14969796269292, 38.7554530134285], [-9.15130504878069, 38.7549504263949], [-9.15079477406764, 38.75409859699], [-9.15023631468558, 38.7532105848187], [-9.14985797622768, 38.7525295783289], [-9.14922057032668, 38.7513822196426], [-9.14820047695339, 38.7517148265605], [-9.14753177311981, 38.7519378307832], [-9.14689266155354, 38.7521501344483], [-9.14624964283628, 38.7523629098801], [-9.1455673870424, 38.7525826424307], [-9.14499916161077, 38.7527656488908], [-9.14422806108483, 38.7530469555335], [-9.14425788577704, 38.7531085542714], [-9.14425023114986, 38.753158849041], [-9.14421523694934, 38.7531987772095], [-9.14415822447063, 38.7532281594058], [-9.14406304781724, 38.7532548621682], [-9.14412338008686, 38.7533659644038], [-9.14420048101554, 38.7535079436014], [-9.14438152457256, 38.7538413324403], [-9.14443426714397, 38.7539384551651], [-9.14453465965147, 38.7541313700122], [-9.14457848912357, 38.754217377572], [-9.14470799706704, 38.754467239079], [-9.14544931081686, 38.7558224423214], [-9.14589642934847, 38.7566392173364], [-9.14819630065612, 38.755911891018], [-9.14871331555474, 38.7557483790834]]]}, "properties": {"zona": "03I", "zonaNR": "Alvalade(I)"}}, {"type": "Feature", "geometry": {"type": "Polygon", "coordinates": [[[-9.13879323911623, 38.7546545907569], [-9.13878290854256, 38.7546693353836], [-9.13877055945278, 38.7547050946262], [-9.13876856282084, 38.7547448011997], [-9.13877737834601, 38.7547852245449], [-9.13879571741906, 38.7548230716758], [-9.13882101524481, 38.7548558406638], [-9.13885025981232, 38.7548821981418], [-9.13888109452856, 38.7549021833025], [-9.13891655374035, 38.754918065227], [-9.13895698911409, 38.7549285896975], [-9.13900029692388, 38.7549315678962], [-9.13904327102173, 38.7549254420368], [-9.13907946720841, 38.7549110512661], [-9.13939979027476, 38.7554350679588], [-9.13978324670742, 38.7561485978717], [-9.14009752055944, 38.7567333782357], [-9.14041953720693, 38.757332548498], [-9.14092188058416, 38.7582761480232], [-9.14207363165393, 38.7579010030878], [-9.14230558230121, 38.757828981768], [-9.14321775077771, 38.7575443436981], [-9.14504315865376, 38.7569515968342], [-9.14589642934847, 38.7566392173364], [-9.14544931081686, 38.7558224423214], [-9.14470799706704, 38.754467239079], [-9.14457848912357, 38.754217377572], [-9.14453465965147, 38.7541313700122], [-9.14443426714397, 38.7539384551651], [-9.14438152457256, 38.7538413324403], [-9.14420048101554, 38.7535079436014], [-9.14412338008686, 38.7533659644038], [-9.14406304781724, 38.7532548621682], [-9.14398824595334, 38.7532705342031], [-9.14392774638287, 38.7532590410004], [-9.1438872063324, 38.7532336562356], [-9.14380226569206, 38.7531367981657], [-9.14293250855647, 38.7534521612197], [-9.14218809628155, 38.7536960746721], [-9.14143800146848, 38.7539420871063], [-9.14069935848534, 38.7541822391132], [-9.1391322658965, 38.7547107383273], [-9.13912284936032, 38.7546930730564], [-9.13909466031182, 38.754659139985], [-9.139058204593, 38.7546297099081], [-9.13901609984833, 38.754607524792], [-9.13897194533044, 38.7545942038897], [-9.13892934226546, 38.7545898684401], [-9.13891018973825, 38.7545916006217], [-9.13889102583406, 38.7545933419059], [-9.13885857751704, 38.7546027190384], [-9.13882975196092, 38.7546176858737], [-9.13880358118812, 38.7546398460303], [-9.13879323911623, 38.7546545907569]]]}, "properties": {"zona": "03J", "zonaNR": "Alvalade(J)"}}, {"type": "Feature", "geometry": {"type": "Polygon", "coordinates": [[[-9.12857044031599, 38.7624878238289], [-9.1285612558988, 38.7624964414738], [-9.12855476368621, 38.762508124069], [-9.12855100674113, 38.7625216651008], [-9.12855126475938, 38.7625353493896], [-9.12855673249163, 38.7625501251914], [-9.1285688820443, 38.7625628893827], [-9.12857816798426, 38.7625683672148], [-9.12858380101428, 38.7625716890612], [-9.128594445581, 38.7625758329712], [-9.12862566538561, 38.762604284884], [-9.12864078292716, 38.7626307679223], [-9.12864412543907, 38.7626470985573], [-9.12863883166177, 38.7626709234021], [-9.12862084745027, 38.7627199800632], [-9.12861397922456, 38.7627460846861], [-9.12861125727145, 38.7627807879889], [-9.12861602300667, 38.7627946374571], [-9.12860130745923, 38.7630246964796], [-9.12869370270595, 38.7630329442786], [-9.12875450355027, 38.7630383714839], [-9.12884128480511, 38.7630377150187], [-9.12899791810753, 38.7630365317419], [-9.12914339220846, 38.7630353244568], [-9.12915982659193, 38.7630351879967], [-9.12956470416528, 38.7630318267453], [-9.12958912364365, 38.7630319752493], [-9.13069521915738, 38.7620037472352], [-9.1308359611633, 38.7618843019305], [-9.13102986172025, 38.7617207740815], [-9.13127551382144, 38.7615437723124], [-9.13162958368814, 38.7613322851469], [-9.13182485141941, 38.7612333150771], [-9.13218913165314, 38.7610799583312], [-9.13245317501897, 38.7609900646638], [-9.13905501869592, 38.7588700675662], [-9.13996428798587, 38.758578887848], [-9.14092188058416, 38.7582761480232], [-9.14041953720693, 38.757332548498], [-9.14009752055944, 38.7567333782357], [-9.13978324670742, 38.7561485978717], [-9.13939979027476, 38.7554350679588], [-9.13907946720841, 38.7549110512661], [-9.13904327102173, 38.7549254420368], [-9.13900029692388, 38.7549315678962], [-9.13895698911409, 38.7549285896975], [-9.13891655374035, 38.754918065227], [-9.13888109452856, 38.7549021833025], [-9.13885025981232, 38.7548821981418], [-9.13882101524481, 38.7548558406638], [-9.13879571741906, 38.7548230716758], [-9.13877737834601, 38.7547852245449], [-9.13876856282084, 38.7547448011997], [-9.13877055945278, 38.7547050946262], [-9.13878290854256, 38.7546693353836], [-9.13879323911623, 38.7546545907569], [-9.13867772678698, 38.7546774466309], [-9.13816397112862, 38.754831666723], [-9.13779348614573, 38.7541357381292], [-9.13774018604569, 38.7540698536127], [-9.13768585668158, 38.7540241725722], [-9.13762375312492, 38.7539843143249], [-9.1375413450356, 38.7539436766091], [-9.13744263651945, 38.7539079791772], [-9.13734533578449, 38.7538799721615], [-9.13723512054271, 38.7538645698769], [-9.13712387498939, 38.7538684080578], [-9.1370089016273, 38.753888627365], [-9.13691116322875, 38.7539221652474], [-9.13682976754949, 38.7539545997661], [-9.13675709894783, 38.754002343763], [-9.13668984955197, 38.7540615811151], [-9.13661451998229, 38.7541526223919], [-9.13657747842194, 38.7542192830935], [-9.1365473195304, 38.754309936502], [-9.13651476943262, 38.7544328323406], [-9.1365072777227, 38.7545386224628], [-9.13647135037631, 38.7549075439086], [-9.13642582644096, 38.7550544758833], [-9.13629746122801, 38.7556254094125], [-9.13619222376536, 38.7561343505669], [-9.13673897607753, 38.7562002511977], [-9.13662695749372, 38.7568404967531], [-9.13600439161755, 38.7567654844122], [-9.13570968729865, 38.7567840593872], [-9.13529836486708, 38.7569111087445], [-9.13532412961474, 38.756607265471], [-9.12959820568678, 38.7563094368824], [-9.12959771760174, 38.7563122271662], [-9.12958133823836, 38.7565308878021], [-9.12955383334004, 38.7567565135537], [-9.12952831440844, 38.7569825889656], [-9.1295094482889, 38.7572048630922], [-9.12948843896275, 38.7574308703084], [-9.12946462291492, 38.7576541792739], [-9.12944137537253, 38.7578776770488], [-9.12942001833382, 38.7581056761222], [-9.1294166059541, 38.7581358625225], [-9.12940474290391, 38.7582413741654], [-9.12939496594714, 38.7583281308381], [-9.12937507485192, 38.7585527754869], [-9.12936857450383, 38.7586490624295], [-9.12935968161617, 38.7587807921482], [-9.1292713263806, 38.7587707214555], [-9.12921943002424, 38.7587724023498], [-9.1291951150064, 38.7589937517627], [-9.12918216880095, 38.7591280526116], [-9.12917465705588, 38.7592058127483], [-9.12915682297761, 38.7594208374565], [-9.12911512273211, 38.7598484926243], [-9.12903941765935, 38.7598430412655], [-9.12903793785128, 38.7598580825338], [-9.1290082475437, 38.7601558676484], [-9.12898596737938, 38.7603829781532], [-9.12897670783107, 38.7604719183559], [-9.12896358230449, 38.7605979974346], [-9.12917388717538, 38.7606089954894], [-9.12914949914937, 38.7608478971985], [-9.12912560507312, 38.761067720615], [-9.12910320916394, 38.7612922873833], [-9.12909029398837, 38.7614233937344], [-9.1290774799376, 38.7615183283014], [-9.12907020345449, 38.7616066615829], [-9.12908681421002, 38.76167708462], [-9.12909819261669, 38.7617254164176], [-9.12921685694583, 38.7620202418426], [-9.12927428976609, 38.7621629623028], [-9.12921073092776, 38.7621990065673], [-9.1291718237835, 38.7622210596323], [-9.1291186691184, 38.7622512474656], [-9.12907204486734, 38.7622777251499], [-9.12906060466728, 38.7622757688573], [-9.12904457479664, 38.7622730454748], [-9.12902136069275, 38.7622739287894], [-9.1290019729422, 38.7622785204431], [-9.12897971347041, 38.7622881566236], [-9.12896269546598, 38.762298852497], [-9.12895504892342, 38.762302970272], [-9.12894037414091, 38.7622925345407], [-9.12880089449104, 38.7623876970402], [-9.12873323382839, 38.7624352609657], [-9.12866767638801, 38.7624815134126], [-9.1286496923784, 38.7624749422662], [-9.12862085092687, 38.7624702678682], [-9.12860166210059, 38.7624730354787], [-9.12858163808253, 38.7624792863188], [-9.12857044031599, 38.7624878238289]]]}, "properties": {"zona": "03K", "zonaNR": "Alvalade(K)"}}, {"type": "Feature", "geometry": {"type": "Polygon", "coordinates": [[[-9.15834426945434, 38.7501207323487], [-9.15873798236679, 38.7500695817878], [-9.16034540132961, 38.7500983718257], [-9.16091163066918, 38.7501076903632], [-9.16159734142429, 38.7501041086677], [-9.16278309276271, 38.7501170368552], [-9.164117710415, 38.7501278193468], [-9.1645148157094, 38.7501145423387], [-9.16521580696385, 38.7500872437152], [-9.16529195309313, 38.7500859191272], [-9.16515381839471, 38.7499241334104], [-9.16481362831064, 38.7493996225582], [-9.1620724139204, 38.7451728515417], [-9.16204967206699, 38.7451377824861], [-9.1620274311607, 38.7451473103797], [-9.16192813277803, 38.7451898366353], [-9.16184361477461, 38.7452260353369], [-9.16181361830773, 38.7452388832738], [-9.16178851452264, 38.7452485786417], [-9.15984805278826, 38.745997951258], [-9.15896558091173, 38.746289212101], [-9.15827619149973, 38.7465167360674], [-9.15783533660398, 38.7466713028364], [-9.1572744619636, 38.7468205339931], [-9.15672241756664, 38.7469674133607], [-9.1566751342821, 38.7469771820634], [-9.15665805962985, 38.7469807095219], [-9.15666413720216, 38.7469870464551], [-9.15677914326487, 38.7471184120465], [-9.15697854564985, 38.7474158362288], [-9.15704996509671, 38.7475324853144], [-9.15714708762867, 38.7477131529967], [-9.1572632639275, 38.7479360985235], [-9.15746832357179, 38.7483295776446], [-9.15797492144756, 38.7492965956376], [-9.15834426945434, 38.7501207323487]]]}, "properties": {"zona": "03L", "zonaNR": "Alvalade(L)"}}, {"type": "Feature", "geometry": {"type": "Polygon", "coordinates": [[[-9.14922057032668, 38.7513822196426], [-9.15143529097659, 38.7523064704129], [-9.15419929598557, 38.751585536132], [-9.15731055697057, 38.7505877419958], [-9.15757250723127, 38.7505728173328], [-9.15822660382237, 38.7503397627366], [-9.15834426945434, 38.7501207323487], [-9.15797492144756, 38.7492965956376], [-9.15746832357179, 38.7483295776446], [-9.1572632639275, 38.7479360985235], [-9.15714708762867, 38.7477131529967], [-9.15704996509671, 38.7475324853144], [-9.15697854564985, 38.7474158362288], [-9.15677914326487, 38.7471184120465], [-9.15666413720216, 38.7469870464551], [-9.15665805962985, 38.7469807095219], [-9.15550306918468, 38.74721931508], [-9.15357139824759, 38.7475075113856], [-9.15153444574178, 38.7478342459339], [-9.15131747057874, 38.7478656945617], [-9.15039600404543, 38.7479992476124], [-9.15028801990317, 38.7480148980809], [-9.14948736322279, 38.748130946975], [-9.14847798735687, 38.7482602445706], [-9.14844515933213, 38.7482655056696], [-9.14842149137102, 38.7482691711726], [-9.14841938450024, 38.7482605942002], [-9.14839211518927, 38.748263946881], [-9.14808291277621, 38.748312874895], [-9.14755713715976, 38.7483960705225], [-9.14757837337015, 38.7484402650985], [-9.1481175331935, 38.7494033407149], [-9.14922057032668, 38.7513822196426]]]}, "properties": {"zona": "03M", "zonaNR": "Alvalade(M)"}}, {"type": "Feature", "geometry": {"type": "Polygon", "coordinates": [[[-9.14755713715976, 38.7483960705225], [-9.14687241578067, 38.7485044132478], [-9.14655653178366, 38.7485585629758], [-9.14532994177305, 38.7487688197874], [-9.14474927060059, 38.7488683508982], [-9.14447590794526, 38.7489082846399], [-9.14436449171923, 38.7489245610653], [-9.14392055521996, 38.748989913788], [-9.14378652557303, 38.7490096442574], [-9.14345090181905, 38.7490605585385], [-9.14308795468659, 38.7491152273209], [-9.14246952379741, 38.7492021840883], [-9.14187494588479, 38.7492353387117], [-9.14209730533234, 38.749640852779], [-9.14225771777981, 38.7499333917304], [-9.1424917692635, 38.7503641772945], [-9.14267069278488, 38.7507023092492], [-9.14268578013589, 38.750727854857], [-9.14276145607215, 38.7508573616463], [-9.14278772898046, 38.750901182089], [-9.14294259831403, 38.7511647599761], [-9.14316654939253, 38.7515714146747], [-9.14331036959004, 38.7518343677894], [-9.14373528118815, 38.7526475641024], [-9.14378661949163, 38.7527458144587], [-9.14382659712503, 38.7528194356424], [-9.14389957037626, 38.7529505557829], [-9.14406304781724, 38.7532548621682], [-9.14415822447063, 38.7532281594058], [-9.14421523694934, 38.7531987772095], [-9.14425023114986, 38.753158849041], [-9.14425788577704, 38.7531085542714], [-9.14422806108483, 38.7530469555335], [-9.14499916161077, 38.7527656488908], [-9.1455673870424, 38.7525826424307], [-9.14624964283628, 38.7523629098801], [-9.14689266155354, 38.7521501344483], [-9.14753177311981, 38.7519378307832], [-9.14820047695339, 38.7517148265605], [-9.14922057032668, 38.7513822196426], [-9.1481175331935, 38.7494033407149], [-9.14757837337015, 38.7484402650985], [-9.14755713715976, 38.7483960705225]]]}, "properties": {"zona": "03N", "zonaNR": "Alvalade(N)"}}, {"type": "Feature", "geometry": {"type": "Polygon", "coordinates": [[[-9.14406304781724, 38.7532548621682], [-9.14389957037626, 38.7529505557829], [-9.14382659712503, 38.7528194356424], [-9.14378661949163, 38.7527458144587], [-9.14373528118815, 38.7526475641024], [-9.14331036959004, 38.7518343677894], [-9.14316654939253, 38.7515714146747], [-9.14294259831403, 38.7511647599761], [-9.14278772898046, 38.750901182089], [-9.14276145607215, 38.7508573616463], [-9.14268578013589, 38.750727854857], [-9.14267069278488, 38.7507023092492], [-9.1424917692635, 38.7503641772945], [-9.14225771777981, 38.7499333917304], [-9.14209730533234, 38.749640852779], [-9.14187494588479, 38.7492353387117], [-9.14164535490142, 38.7492438984063], [-9.14125581467619, 38.7492319591329], [-9.14086066111567, 38.7492134732222], [-9.1402607312168, 38.749185645798], [-9.1401607481211, 38.7491810079997], [-9.13968982182228, 38.7491591624641], [-9.13962444834063, 38.7491561295043], [-9.1393851735688, 38.749146950647], [-9.1385517761304, 38.7491149763401], [-9.1384585810443, 38.7491114001686], [-9.13749915804609, 38.7490587141091], [-9.13744312115984, 38.7499270575113], [-9.13735563567342, 38.7510081937351], [-9.13736598755846, 38.751415397643], [-9.13744316682848, 38.7517102761193], [-9.13798528458377, 38.7528077537255], [-9.13891018973825, 38.7545916006217], [-9.13892934226546, 38.7545898684401], [-9.13897194533044, 38.7545942038897], [-9.13901609984833, 38.754607524792], [-9.139058204593, 38.7546297099081], [-9.13909466031182, 38.754659139985], [-9.13912284936032, 38.7546930730564], [-9.1391322658965, 38.7547107383273], [-9.14069935848534, 38.7541822391132], [-9.14143800146848, 38.7539420871063], [-9.14218809628155, 38.7536960746721], [-9.14293250855647, 38.7534521612197], [-9.14380226569206, 38.7531367981657], [-9.1438872063324, 38.7532336562356], [-9.14392774638287, 38.7532590410004], [-9.14398824595334, 38.7532705342031], [-9.14406304781724, 38.7532548621682]]]}, "properties": {"zona": "03O", "zonaNR": "Alvalade(O)"}}, {"type": "Feature", "geometry": {"type": "Polygon", "coordinates": [[[-9.12959820568678, 38.7563094368824], [-9.13532412961474, 38.756607265471], [-9.13529836486708, 38.7569111087445], [-9.13570968729865, 38.7567840593872], [-9.13600439161755, 38.7567654844122], [-9.13662695749372, 38.7568404967531], [-9.13673897607753, 38.7562002511977], [-9.13619222376536, 38.7561343505669], [-9.13629746122801, 38.7556254094125], [-9.13642582644096, 38.7550544758833], [-9.13647135037631, 38.7549075439086], [-9.1365072777227, 38.7545386224628], [-9.13651476943262, 38.7544328323406], [-9.1365473195304, 38.754309936502], [-9.13657747842194, 38.7542192830935], [-9.13661451998229, 38.7541526223919], [-9.13668984955197, 38.7540615811151], [-9.13675709894783, 38.754002343763], [-9.13682976754949, 38.7539545997661], [-9.13691116322875, 38.7539221652474], [-9.1370089016273, 38.753888627365], [-9.13712387498939, 38.7538684080578], [-9.13723512054271, 38.7538645698769], [-9.13734533578449, 38.7538799721615], [-9.13744263651945, 38.7539079791772], [-9.1375413450356, 38.7539436766091], [-9.13762375312492, 38.7539843143249], [-9.13768585668158, 38.7540241725722], [-9.13774018604569, 38.7540698536127], [-9.13779348614573, 38.7541357381292], [-9.13816397112862, 38.754831666723], [-9.13867772678698, 38.7546774466309], [-9.13879323911623, 38.7546545907569], [-9.13880358118812, 38.7546398460303], [-9.13882975196092, 38.7546176858737], [-9.13885857751704, 38.7546027190384], [-9.13889102583406, 38.7545933419059], [-9.13891018973825, 38.7545916006217], [-9.13798528458377, 38.7528077537255], [-9.13744316682848, 38.7517102761193], [-9.13736598755846, 38.751415397643], [-9.13735563567342, 38.7510081937351], [-9.13744312115984, 38.7499270575113], [-9.13749915804609, 38.7490587141091], [-9.13711297840403, 38.74903750541], [-9.13662609068859, 38.7490119193582], [-9.13630369042794, 38.7489949759691], [-9.13575050006552, 38.7489659026871], [-9.13550394161756, 38.7489531076622], [-9.13469794239744, 38.7489112766281], [-9.1343012547036, 38.7488906864406], [-9.13365658371964, 38.7488572667428], [-9.13292209245365, 38.7488191855118], [-9.13238952818188, 38.7487894505605], [-9.13152606146585, 38.7487412357592], [-9.13143913356995, 38.7487354034382], [-9.13099003793342, 38.7487128832559], [-9.13095418262667, 38.7487110851287], [-9.13090905221439, 38.7486917441275], [-9.13055309897533, 38.7486793824378], [-9.13047695516487, 38.748638416864], [-9.13027170964166, 38.7486389880128], [-9.1302714487812, 38.7486452903235], [-9.13021804089625, 38.7486456117291], [-9.13019325659595, 38.7486457591999], [-9.13012801068904, 38.7486462148777], [-9.13011065621478, 38.7486899536635], [-9.13009645202394, 38.7487256467938], [-9.12975899171931, 38.7488265255802], [-9.12976125249229, 38.7488484809356], [-9.12970450565011, 38.748904101801], [-9.12968241992362, 38.7489371831492], [-9.12966708638131, 38.748976055716], [-9.1296572991, 38.7490237501153], [-9.12965383629791, 38.7490663281838], [-9.12965590659696, 38.7491235643798], [-9.12968047169587, 38.7491879726933], [-9.12968532361841, 38.7491956654582], [-9.12970107947259, 38.7492204215889], [-9.12976381435207, 38.7492825560308], [-9.12982970516354, 38.7493381130229], [-9.12985181447204, 38.7493467593755], [-9.1298969272165, 38.7493644894301], [-9.12994930996497, 38.749376271741], [-9.13008848784255, 38.749385696816], [-9.13020056154993, 38.7493857136533], [-9.13026895263399, 38.7493857247294], [-9.1304179129554, 38.749384255644], [-9.13036679938436, 38.7493983026095], [-9.13033015061916, 38.7494187036821], [-9.13030282747726, 38.7494470547716], [-9.13028619574953, 38.7494742057771], [-9.13027453690717, 38.7495046751808], [-9.13027008019181, 38.7495382944356], [-9.1302721626183, 38.7495723046919], [-9.13013727612537, 38.7496683971184], [-9.12982494893794, 38.7496395631767], [-9.12982291448027, 38.7496600256236], [-9.12980203863273, 38.7496440480756], [-9.12976434198082, 38.7496245991082], [-9.12975368398396, 38.7496203473074], [-9.1297443436655, 38.7496166337484], [-9.12968000426256, 38.7495986261844], [-9.12964220638539, 38.7495784285878], [-9.12958037068493, 38.7495564091482], [-9.12955113607875, 38.7495484026932], [-9.1295236532889, 38.749540885736], [-9.12951641269133, 38.7495389387123], [-9.12949390922466, 38.7495353697742], [-9.12941184579713, 38.7495071586365], [-9.12937014493167, 38.7494937365895], [-9.12935045478738, 38.7494856748535], [-9.12933260550462, 38.7494747437397], [-9.12930281935393, 38.7494488163171], [-9.1292217131323, 38.7493875786403], [-9.12917209665837, 38.7493869493597], [-9.12908680812505, 38.7493951643654], [-9.12900983493453, 38.7494012168375], [-9.12899839592727, 38.7493806530143], [-9.12897127208623, 38.7493319012702], [-9.12891731333571, 38.7493530511078], [-9.12887919348442, 38.7493618162191], [-9.12884172767083, 38.7493721205913], [-9.12887027670663, 38.7494385948643], [-9.12877138251906, 38.7494670274512], [-9.12876170328913, 38.7495035844587], [-9.12873762390142, 38.7496105631324], [-9.12878837682395, 38.7496387523179], [-9.12883252880739, 38.7496497621091], [-9.12880798610715, 38.749705664872], [-9.12876400525552, 38.7497016770285], [-9.12874722578, 38.7497850650337], [-9.12873918117799, 38.7498326427199], [-9.12881186345199, 38.7498427645267], [-9.12885734209712, 38.749848574489], [-9.12886629154648, 38.7498647258737], [-9.12888069540987, 38.7498763818163], [-9.12890232883212, 38.7498832272302], [-9.12894042734346, 38.7498944326779], [-9.12895371771044, 38.7498968146165], [-9.12896602211791, 38.7498990202933], [-9.1289790483515, 38.7499025926138], [-9.12899111385334, 38.749905900181], [-9.12901283324271, 38.7499134672708], [-9.12902214102706, 38.7499210482317], [-9.12903169181988, 38.7499471940845], [-9.12903107568333, 38.7500777770057], [-9.12903408451675, 38.750102999447], [-9.1290534047911, 38.7501118345569], [-9.12906858082148, 38.7501231758278], [-9.12907113059092, 38.7501485562137], [-9.12907577365228, 38.7501639831134], [-9.12909154124872, 38.7501825472321], [-9.12907658754266, 38.7502362956316], [-9.12907471662425, 38.7502480136604], [-9.12905912714995, 38.7503377168676], [-9.12906309827504, 38.7504921224626], [-9.12906750783938, 38.7506560582159], [-9.12907089951841, 38.7507687615381], [-9.12909865670384, 38.7508110591348], [-9.12912118574757, 38.7508504620179], [-9.12919143548599, 38.7509203767347], [-9.12922429833638, 38.7509807464555], [-9.12927605120077, 38.7510245158631], [-9.12935423745722, 38.7511564223478], [-9.12940087277553, 38.7512309790736], [-9.12955989426245, 38.7513439374605], [-9.12960788598184, 38.7513700816147], [-9.12963754206644, 38.7513862572684], [-9.12970199689972, 38.7514214679305], [-9.12981682268697, 38.7514248477016], [-9.12988419287733, 38.7514268296066], [-9.12991603997426, 38.7514277542483], [-9.12996864857841, 38.7514292827918], [-9.13004167940949, 38.7514361337065], [-9.13011567695601, 38.751405307349], [-9.13010558013553, 38.7515087295997], [-9.13009844141169, 38.7515083328946], [-9.13008720552223, 38.7516230696957], [-9.13007232711991, 38.7517753128731], [-9.13006468958216, 38.751870049498], [-9.13005833003076, 38.7519492376004], [-9.13005613048827, 38.7519761897973], [-9.13005414434281, 38.7520005378095], [-9.13005235431799, 38.7520206261437], [-9.13004117893925, 38.752114003931], [-9.13003180224554, 38.7522275295181], [-9.13002787685747, 38.7522735624228], [-9.13002687756114, 38.7522893004321], [-9.13002349432667, 38.7523305617644], [-9.13002153782161, 38.7523648983128], [-9.1300199349419, 38.752451616923], [-9.13001523503362, 38.7525002732085], [-9.13000985193455, 38.7525628317109], [-9.13000679818679, 38.7525849431721], [-9.1299980162746, 38.7526740830635], [-9.12998530706306, 38.7528030035293], [-9.12998220649636, 38.7529093305546], [-9.12996358208139, 38.7531346808096], [-9.12995353965151, 38.7532658611036], [-9.12994550935163, 38.7533707546812], [-9.12991782341209, 38.7536021498871], [-9.12989212241934, 38.7538410406847], [-9.12987397962641, 38.7540522534925], [-9.12993040564985, 38.7541052022407], [-9.12991772013802, 38.7542129405447], [-9.12988757512252, 38.7542162062512], [-9.12985896009224, 38.7542193057689], [-9.12984813054664, 38.754303758297], [-9.12983712976551, 38.7543895481451], [-9.1298100389905, 38.7546008399345], [-9.12979609439797, 38.7547565295482], [-9.12978130119376, 38.7549216792138], [-9.12979855724008, 38.7549228553134], [-9.12977864550598, 38.7551558821126], [-9.12977032836994, 38.7551553990544], [-9.12976287142546, 38.75515497712], [-9.12974397652629, 38.7553778334978], [-9.12974052728232, 38.7554267754435], [-9.12973768097482, 38.7554437983959], [-9.12968253574696, 38.7555874913536], [-9.12967070696857, 38.7556184008024], [-9.12966406864571, 38.7556357344274], [-9.1296428278949, 38.7558617500045], [-9.12962107830361, 38.7560846045562], [-9.12959913171425, 38.7563041386875], [-9.12959820568678, 38.7563094368824]]]}, "properties": {"zona": "03P", "zonaNR": "Alvalade(P)"}}, {"type": "Feature", "geometry": {"type": "Polygon", "coordinates": [[[-9.14841938450024, 38.7482605942002], [-9.14838440137589, 38.7481181716704], [-9.14834665848879, 38.7479645133059], [-9.14767828715094, 38.7452432585577], [-9.1476731742092, 38.7452224407861], [-9.14767154347838, 38.745215797248], [-9.14762182572608, 38.7450133200325], [-9.14760443619367, 38.7449424973074], [-9.14755155048201, 38.744643085373], [-9.14637918746778, 38.7448627900782], [-9.14554061292214, 38.7450199334476], [-9.14552991917776, 38.7450203341407], [-9.14539772438292, 38.745023152735], [-9.14455266169803, 38.7450808221051], [-9.14439791051057, 38.7450801964853], [-9.14332826925247, 38.7450758621675], [-9.14288788418955, 38.7450740744943], [-9.14254528552603, 38.7450726828981], [-9.14196156077256, 38.7451146546474], [-9.14147765230641, 38.7451386475238], [-9.14052368597853, 38.7451901110322], [-9.14027033691072, 38.7451820361738], [-9.14025671325227, 38.7451816022822], [-9.13981095896641, 38.7452196720492], [-9.13975479080576, 38.745226870237], [-9.13975716597844, 38.7452312897471], [-9.13982143850698, 38.7453880563644], [-9.13995599324347, 38.7455667894082], [-9.14030449117301, 38.7461846857324], [-9.14059016159439, 38.7467407251734], [-9.14187494588479, 38.7492353387117], [-9.14246952379741, 38.7492021840883], [-9.14308795468659, 38.7491152273209], [-9.14345090181905, 38.7490605585385], [-9.14378652557303, 38.7490096442574], [-9.14392055521996, 38.748989913788], [-9.14436449171923, 38.7489245610653], [-9.14447590794526, 38.7489082846399], [-9.14474927060059, 38.7488683508982], [-9.14532994177305, 38.7487688197874], [-9.14655653178366, 38.7485585629758], [-9.14687241578067, 38.7485044132478], [-9.14755713715976, 38.7483960705225], [-9.14808291277621, 38.748312874895], [-9.14839211518927, 38.748263946881], [-9.14841938450024, 38.7482605942002]]]}, "properties": {"zona": "03Q", "zonaNR": "Alvalade(Q)"}}, {"type": "Feature", "geometry": {"type": "Polygon", "coordinates": [[[-9.13975479080576, 38.745226870237], [-9.13969040179246, 38.7452351228493], [-9.13963792551382, 38.7452395120701], [-9.13945028564688, 38.7452552060718], [-9.13794828987807, 38.745351900866], [-9.13727719034062, 38.745397302693], [-9.13666809414741, 38.7454349620655], [-9.13602230757901, 38.7454810401433], [-9.13488450502653, 38.745547546633], [-9.13471656385818, 38.7455685463866], [-9.13470959410149, 38.7455694177175], [-9.13225415806645, 38.7458764181585], [-9.13128406567445, 38.7459468876554], [-9.13126201483027, 38.7459484892923], [-9.1308870056343, 38.7459459846203], [-9.13049840735935, 38.7459433875205], [-9.1304979064563, 38.7459557487589], [-9.1304752703895, 38.7465171424481], [-9.13050065115919, 38.74651949131], [-9.13060329723223, 38.7465289933204], [-9.1305967578193, 38.7466029585017], [-9.13059396950341, 38.7466345277725], [-9.13058337643409, 38.7467688260632], [-9.13051434321745, 38.7474354912497], [-9.13050070656777, 38.7475706352016], [-9.13047340113297, 38.7478411035235], [-9.13046930496256, 38.7478724317254], [-9.13046435615805, 38.7479102708657], [-9.13044161045989, 38.7481143737052], [-9.13043921099263, 38.7481359517502], [-9.13030338658861, 38.7482148555063], [-9.13028892262631, 38.7482232634179], [-9.13028076037645, 38.7484203922367], [-9.13027170964166, 38.7486389880128], [-9.13047695516487, 38.748638416864], [-9.13055309897533, 38.7486793824378], [-9.13090905221439, 38.7486917441275], [-9.13095418262667, 38.7487110851287], [-9.13099003793342, 38.7487128832559], [-9.13143913356995, 38.7487354034382], [-9.13152606146585, 38.7487412357592], [-9.13238952818188, 38.7487894505605], [-9.13292209245365, 38.7488191855118], [-9.13365658371964, 38.7488572667428], [-9.1343012547036, 38.7488906864406], [-9.13469794239744, 38.7489112766281], [-9.13550394161756, 38.7489531076622], [-9.13575050006552, 38.7489659026871], [-9.13630369042794, 38.7489949759691], [-9.13662609068859, 38.7490119193582], [-9.13711297840403, 38.74903750541], [-9.13749915804609, 38.7490587141091], [-9.1384585810443, 38.7491114001686], [-9.1385517761304, 38.7491149763401], [-9.1393851735688, 38.749146950647], [-9.13962444834063, 38.7491561295043], [-9.13968982182228, 38.7491591624641], [-9.1401607481211, 38.7491810079997], [-9.1402607312168, 38.749185645798], [-9.14086066111567, 38.7492134732222], [-9.14125581467619, 38.7492319591329], [-9.14164535490142, 38.7492438984063], [-9.14187494588479, 38.7492353387117], [-9.14059016159439, 38.7467407251734], [-9.14030449117301, 38.7461846857324], [-9.13995599324347, 38.7455667894082], [-9.13982143850698, 38.7453880563644], [-9.13975716597844, 38.7452312897471], [-9.13975479080576, 38.745226870237]]]}, "properties": {"zona": "03R", "zonaNR": "Alvalade(R)"}}, {"type": "Feature", "geometry": {"type": "Polygon", "coordinates": [[[-9.1282370168362, 38.7139594905186], [-9.12824775452483, 38.7139754367817], [-9.12826747610356, 38.7140047247368], [-9.12832367898142, 38.7139701964877], [-9.12840197535583, 38.7139121496819], [-9.12862025211722, 38.7137505812991], [-9.12872984698119, 38.7134458117244], [-9.12880599566266, 38.7131833036805], [-9.12884767539476, 38.7130964729024], [-9.12901956059028, 38.7128812514802], [-9.12904984425634, 38.7128348730807], [-9.12910113902939, 38.7128278603532], [-9.12923166836856, 38.7128388188993], [-9.12929044798101, 38.7128492176381], [-9.1293598312114, 38.7128615077307], [-9.12950805969182, 38.7129299656904], [-9.13025527922825, 38.7132790468074], [-9.1303776730494, 38.7132588160555], [-9.13046277828314, 38.7132027816115], [-9.13050809435163, 38.7131543829468], [-9.13060308507209, 38.7130482522295], [-9.1305407053558, 38.7130026946193], [-9.13047262505571, 38.7129529726116], [-9.13061001765406, 38.7125645654321], [-9.13017051442994, 38.7122885506768], [-9.1301498706506, 38.7121151040037], [-9.13044765248578, 38.7118718902892], [-9.13049136531234, 38.7118263220701], [-9.13059206968322, 38.7115658418143], [-9.13060925598525, 38.7113732297284], [-9.13058274774551, 38.7110617717787], [-9.13071533496661, 38.710886087278], [-9.13086302626697, 38.7107353156908], [-9.13112205372622, 38.7105651922649], [-9.13130843135765, 38.7104508925552], [-9.13168122937635, 38.7103108584499], [-9.13181683208444, 38.7102660902746], [-9.1317461002033, 38.7101311814009], [-9.13133354543823, 38.7101940115498], [-9.13103174666319, 38.710210357334], [-9.1308161220345, 38.7102505000309], [-9.13080471784338, 38.7102246500904], [-9.13043116024299, 38.7103686909983], [-9.13040552164967, 38.7103404924724], [-9.13050430391711, 38.7102951697204], [-9.13044981860487, 38.7102350915079], [-9.13046520113032, 38.710206543067], [-9.13045535705987, 38.7101794438992], [-9.13083946542111, 38.7101575726059], [-9.13134221170671, 38.7101125079451], [-9.13156431952484, 38.710084664151], [-9.13179093517245, 38.7100407194449], [-9.13190151745028, 38.7102381314827], [-9.13208175530965, 38.7101786267009], [-9.13250622100909, 38.7100783921932], [-9.13277875091158, 38.7100346593306], [-9.13320992084831, 38.7099941692941], [-9.13330745615741, 38.7099393866449], [-9.13336225836236, 38.7098676121891], [-9.13337626820805, 38.7098191892746], [-9.13336352764966, 38.7097479926431], [-9.13330386674882, 38.7096817977387], [-9.13334634491265, 38.7095687257064], [-9.13303669692776, 38.7095123536681], [-9.13312588182445, 38.7090863189241], [-9.13200928456059, 38.7089326623654], [-9.13158647355376, 38.7089319059548], [-9.13140480636806, 38.7089775554125], [-9.13090579080697, 38.709191679401], [-9.1309007617674, 38.7091491365633], [-9.13048096504234, 38.7091935583931], [-9.13018880446722, 38.7092764539189], [-9.12984835481008, 38.7094777819237], [-9.12968902769958, 38.7095732879741], [-9.12958541779135, 38.7096623692348], [-9.12931153058524, 38.7098476590916], [-9.12951029061324, 38.7099809478928], [-9.12867985580944, 38.710609947388], [-9.12808025815038, 38.7110764289742], [-9.12763610294397, 38.711357590887], [-9.127676394304, 38.7113967919332], [-9.12735243075035, 38.7118734466281], [-9.12713884354256, 38.7119889064107], [-9.12691143797876, 38.7121186887199], [-9.12669620255881, 38.7122498156336], [-9.12661682381682, 38.7123133626246], [-9.12624099381836, 38.7127090938036], [-9.12588848756131, 38.7129942077956], [-9.12545922644868, 38.7132702364885], [-9.12507557848367, 38.713441125561], [-9.12498110195204, 38.7135811820142], [-9.12499817032758, 38.7135989539206], [-9.12502979171131, 38.7135689622832], [-9.12512879748005, 38.7134951582886], [-9.12523478771866, 38.7134276004704], [-9.12547336992714, 38.7133039690256], [-9.12573210812683, 38.7131414320063], [-9.12587113608649, 38.7130519741579], [-9.12599754927639, 38.7131310709811], [-9.12606195388787, 38.7130494529291], [-9.12617204881647, 38.7131124739334], [-9.12618913051126, 38.7131006185749], [-9.1262393256895, 38.7130722677216], [-9.12628504714957, 38.7130529627489], [-9.12631489883127, 38.7130500067915], [-9.12635295961183, 38.7130586913554], [-9.12638182376129, 38.7130674540385], [-9.12642920585851, 38.7130850672851], [-9.12645348417209, 38.7130947697015], [-9.12650442724791, 38.713120459771], [-9.12657509178394, 38.7131505762689], [-9.12665952742346, 38.7131871514631], [-9.1267520900327, 38.7132294225812], [-9.12678992704742, 38.7132468465647], [-9.12703467943012, 38.7135025721572], [-9.12711919421483, 38.7136029222542], [-9.12723889204191, 38.7137448598524], [-9.12751198811018, 38.7136230026044], [-9.12752992807451, 38.7136150131472], [-9.12754697831652, 38.7136091931503], [-9.12789909360344, 38.7134898156296], [-9.12791671608095, 38.713483810552], [-9.1282370168362, 38.7139594905186]]]}, "properties": {"zona": "042", "zonaNR": "Alfama"}}, {"type": "Feature", "geometry": {"type": "Polygon", "coordinates": [[[-9.14533858701982, 38.7106884078597], [-9.14598923760513, 38.7108050532549], [-9.14703087167286, 38.7109413679061], [-9.14711291084908, 38.710944728889], [-9.14721833539534, 38.710949047194], [-9.14773170362329, 38.7109700756597], [-9.14892266655886, 38.711060594676], [-9.14900573226506, 38.7110578389632], [-9.14953150703209, 38.7109576757985], [-9.14962189622708, 38.7109081744053], [-9.14980807264675, 38.7108062158223], [-9.15039392533923, 38.7104611639696], [-9.15001579424821, 38.7100713680983], [-9.14983729712146, 38.710116569087], [-9.14983213879003, 38.7100334747341], [-9.1503636651252, 38.7098989458867], [-9.15042571398286, 38.7099701133065], [-9.15011505363119, 38.7100528384651], [-9.15046615519761, 38.7104186226829], [-9.15080747031866, 38.7102175940035], [-9.15054347251946, 38.709847455998], [-9.15063179270459, 38.7098061572981], [-9.15088262781885, 38.71017464234], [-9.15120953275175, 38.7100089326493], [-9.15137536185358, 38.709933512142], [-9.15111762383004, 38.7094296654557], [-9.15090874817012, 38.7090265865285], [-9.1507412385494, 38.7090732894392], [-9.15037915963753, 38.7090856788163], [-9.15018903229404, 38.7090612955885], [-9.14977650389611, 38.7090083886716], [-9.14917384938575, 38.7089310954015], [-9.14915832039407, 38.7091132167695], [-9.14820287670639, 38.7090187151194], [-9.14807511822291, 38.7089616972305], [-9.14810891299234, 38.7087273653181], [-9.14758774491301, 38.7086110449505], [-9.1473409934218, 38.7085642359015], [-9.14729802093328, 38.7086636639541], [-9.14688875403405, 38.7085871664926], [-9.14647948911419, 38.708510666675], [-9.14648289812955, 38.70850140674], [-9.14626828716269, 38.7084528953993], [-9.14536006163616, 38.7081418970121], [-9.14390651852773, 38.7076598027652], [-9.14379985310298, 38.7078860060306], [-9.14362323860929, 38.7085598873173], [-9.14361983627618, 38.7086397158612], [-9.1435712893097, 38.7092247081387], [-9.14355159599318, 38.7094283225157], [-9.14365091157602, 38.7094867297947], [-9.14438044569707, 38.7094641321892], [-9.14440005693876, 38.7101967528124], [-9.14449471439107, 38.7101861145238], [-9.14489867172906, 38.7101201190813], [-9.14525062801221, 38.7100565847855], [-9.14538094099139, 38.7101118225932], [-9.14533858701982, 38.7106884078597]]]}, "properties": {"zona": "043", "zonaNR": "St. Catarina / Bica"}}, {"type": "Feature", "geometry": {"type": "Polygon", "coordinates": [[[-9.13383230355658, 38.7161592882109], [-9.13401489352917, 38.7161991416501], [-9.13419310465432, 38.716266881988], [-9.13427376074472, 38.7162975405844], [-9.13475795819369, 38.7164816292714], [-9.13503422186944, 38.7166177114918], [-9.13536096369647, 38.7167354175173], [-9.13581620383827, 38.7157818141649], [-9.13581781458218, 38.7155155298549], [-9.13617875129173, 38.7147813164756], [-9.13625003958504, 38.7146450018686], [-9.13630228805864, 38.7145114908035], [-9.13632100962261, 38.7143132196239], [-9.13637225704906, 38.714143409006], [-9.13632323214773, 38.7140656601095], [-9.1365429485485, 38.7136552928303], [-9.13649884983401, 38.7135308786751], [-9.13591962226523, 38.7120909191758], [-9.13585085601389, 38.7125193695246], [-9.13580023561295, 38.7126137595977], [-9.13577741408228, 38.7126460306241], [-9.13577259655557, 38.7126528431725], [-9.13549657801495, 38.712747911098], [-9.13536053900931, 38.7126943399941], [-9.13474341636171, 38.7123269693069], [-9.13463637162509, 38.712263244769], [-9.13457381579622, 38.7122725975449], [-9.13449612098373, 38.7120726725187], [-9.1344491079647, 38.711993595813], [-9.13440249101154, 38.7119429013749], [-9.1343512536937, 38.7119073851541], [-9.13441083548839, 38.7118482118782], [-9.13433287037674, 38.711800020738], [-9.13406961464342, 38.7116372970373], [-9.13400860542631, 38.7116182758084], [-9.13389882431418, 38.7116071891265], [-9.13373930440979, 38.7115899360615], [-9.13332832197181, 38.7115254962486], [-9.13322154938784, 38.7115020009366], [-9.13296732096375, 38.7114269092029], [-9.13311026970263, 38.7109110870837], [-9.13306727716689, 38.710828052469], [-9.13257980559247, 38.7106739293462], [-9.13217325557352, 38.7105657060858], [-9.13214393016521, 38.7106425580373], [-9.13199130414608, 38.7106057388615], [-9.13180832552312, 38.710573945738], [-9.13157370021862, 38.7105473576729], [-9.13147540668477, 38.7105481970464], [-9.13136989289906, 38.710549097985], [-9.13130843135765, 38.7104508925552], [-9.13112205372622, 38.7105651922649], [-9.13086302626697, 38.7107353156908], [-9.13071533496661, 38.710886087278], [-9.13058274774551, 38.7110617717787], [-9.13060925598525, 38.7113732297284], [-9.13059206968322, 38.7115658418143], [-9.13049136531234, 38.7118263220701], [-9.13044765248578, 38.7118718902892], [-9.1301498706506, 38.7121151040037], [-9.13017051442994, 38.7122885506768], [-9.13061001765406, 38.7125645654321], [-9.13047262505571, 38.7129529726116], [-9.1305407053558, 38.7130026946193], [-9.13060308507209, 38.7130482522295], [-9.1306228928924, 38.7130261219822], [-9.13062192352913, 38.7130620114049], [-9.13062078547388, 38.7131041276234], [-9.13061886942673, 38.7131750568295], [-9.13060151140369, 38.7132497002228], [-9.13061233607023, 38.7133419387992], [-9.13062930116723, 38.713487181487], [-9.13070140967855, 38.7140263192971], [-9.13074726346412, 38.7141158268201], [-9.13075580598727, 38.7141348506619], [-9.13076654975443, 38.7141588010534], [-9.13084864896239, 38.7141383938846], [-9.13100950329143, 38.7143158322572], [-9.13105541821351, 38.714347848951], [-9.1311810898169, 38.7144623330517], [-9.13132780058665, 38.714423379786], [-9.1313716555988, 38.7144558247015], [-9.13133377320538, 38.7145299903567], [-9.13165899132853, 38.7146690388366], [-9.13181189359106, 38.7147374061654], [-9.13215737760453, 38.7148270510952], [-9.13247106516888, 38.7148385098547], [-9.13348768615249, 38.7148215859142], [-9.13350076345393, 38.7148211001896], [-9.13350967106768, 38.714935207102], [-9.1335066359785, 38.7149352240645], [-9.13351354131979, 38.7151223633708], [-9.13348311039373, 38.7151235605781], [-9.1334867642281, 38.7151656204868], [-9.13358104975113, 38.7151582280211], [-9.13358122658775, 38.7151600262845], [-9.13362586697695, 38.7151569941507], [-9.13362532691767, 38.7151528938765], [-9.13375046588625, 38.7151420376318], [-9.13384175670199, 38.715138057554], [-9.1339537810625, 38.7151283177266], [-9.13396188463684, 38.715129565309], [-9.13397216172642, 38.7151316725533], [-9.13399008635005, 38.71513678782], [-9.13401010839074, 38.7151430768719], [-9.13402845030059, 38.7151495055139], [-9.13406738955218, 38.7151631595942], [-9.13407754507568, 38.7151680909431], [-9.13408472782058, 38.7151722316281], [-9.13408853773403, 38.7151755859757], [-9.13409173618411, 38.7151810155717], [-9.134104502596, 38.7152123924496], [-9.1341320107341, 38.7153249321127], [-9.13414975236604, 38.7153972883191], [-9.13417413709347, 38.7154867728938], [-9.1339171894365, 38.715592903949], [-9.13383417972739, 38.7154615831529], [-9.13384506299007, 38.7154571094596], [-9.13381052202068, 38.715406477202], [-9.13380357829223, 38.7154085940376], [-9.13378326412428, 38.7153755873455], [-9.13377713312329, 38.715378023309], [-9.1337617967086, 38.7153518109969], [-9.13375256135783, 38.7153037815993], [-9.13370796526022, 38.7153077700407], [-9.13366636876925, 38.715311669739], [-9.13350677476644, 38.715326144634], [-9.13345547454128, 38.7153273357438], [-9.133457142735, 38.7153953760854], [-9.13346846389147, 38.7154149740698], [-9.13347675267985, 38.7154122683392], [-9.1334948608565, 38.715442095259], [-9.13362002975676, 38.7153931039908], [-9.13372214410277, 38.7153500803601], [-9.1338898293056, 38.7156058077532], [-9.13346165610783, 38.7157823353589], [-9.13343455080809, 38.7157406995058], [-9.13341650355405, 38.7157479107004], [-9.13334453243516, 38.715822665002], [-9.13329680668229, 38.7158333594138], [-9.13327128265363, 38.715834393883], [-9.133136538427, 38.7157822945629], [-9.1330356397485, 38.7157575039942], [-9.13301966738092, 38.7157522277591], [-9.1330132634515, 38.7157641261035], [-9.1331462858896, 38.7158051353669], [-9.13324114818078, 38.7158418696944], [-9.13328617253718, 38.7158630557199], [-9.1332518324861, 38.7159381149779], [-9.13322959346924, 38.7159910545248], [-9.13322243428809, 38.7159886070697], [-9.13320923173457, 38.7160178236], [-9.13321534613948, 38.7160199665186], [-9.13318292789963, 38.7160893010155], [-9.13323871145825, 38.7160738274941], [-9.13326634610398, 38.7160661622839], [-9.13383230355658, 38.7161592882109]]]}, "properties": {"zona": "044", "zonaNR": "Castelo"}}, {"type": "Feature", "geometry": {"type": "Polygon", "coordinates": [[[-9.15967549095169, 38.7411805395471], [-9.15969125599492, 38.741444799093], [-9.15916938306865, 38.7414638947003], [-9.15915327765828, 38.7414644846633], [-9.15939584178508, 38.7417998265662], [-9.15989312412983, 38.7424873016052], [-9.16179792299612, 38.7452449440533], [-9.16181361830773, 38.7452388832738], [-9.16184361477461, 38.7452260353369], [-9.16192813277803, 38.7451898366353], [-9.1620274311607, 38.7451473103797], [-9.16204967206699, 38.7451377824861], [-9.16530201749864, 38.743744855339], [-9.16650896154865, 38.7432279041895], [-9.16637533456263, 38.7431514830564], [-9.16598819720089, 38.7429300818219], [-9.16310642378655, 38.7412819277812], [-9.16288969365473, 38.7411579681745], [-9.16287137519365, 38.7411474904029], [-9.16231808914765, 38.7408912361495], [-9.16228117206246, 38.7408741382418], [-9.16226142714851, 38.7408649934813], [-9.16217492262818, 38.7408249279621], [-9.1617948836076, 38.7408070146049], [-9.16021258151848, 38.7408209288705], [-9.15898348887595, 38.740887989795], [-9.15897388179486, 38.7408729715706], [-9.15896252166028, 38.7408552051261], [-9.15889423918062, 38.7407484543691], [-9.15881671178103, 38.7406471578686], [-9.15873226723897, 38.7405368321975], [-9.15847767587701, 38.7405304533695], [-9.15885720891931, 38.7410551673939], [-9.15966569342645, 38.7410163154516], [-9.15967549095169, 38.7411805395471]]]}, "properties": {"zona": "046", "zonaNR": "Laranjeiras"}}, {"type": "Feature", "geometry": {"type": "Polygon", "coordinates": [[[-9.12483919497392, 38.7441038560481], [-9.1252647643004, 38.7443443564552], [-9.12528623459767, 38.744357595911], [-9.12543298107674, 38.7444480501272], [-9.12554639467574, 38.7445063589077], [-9.12577813402342, 38.7446620284934], [-9.12588273910665, 38.7447143044253], [-9.12594168333508, 38.7447437819019], [-9.12597056460594, 38.7447603317218], [-9.1261948992592, 38.7448890893532], [-9.12645126936771, 38.7451038199697], [-9.12664113513466, 38.7452090393825], [-9.12672093531333, 38.7452565530569], [-9.12675897105704, 38.7452791997408], [-9.12694686120954, 38.7453911913314], [-9.12699250169366, 38.745422080317], [-9.12704079701832, 38.7454547987232], [-9.12708441170068, 38.7454907249729], [-9.12715691700404, 38.7455504654786], [-9.12718373196527, 38.7455755629995], [-9.12725562329628, 38.7456428572416], [-9.12731241964202, 38.7456829094832], [-9.12733879379762, 38.7457015115538], [-9.12735396211145, 38.7457178578879], [-9.1273871363607, 38.7457536161044], [-9.12742464427637, 38.7458041013103], [-9.12769944773498, 38.7460950633717], [-9.12771332294457, 38.7461160236709], [-9.12780330442611, 38.7462518124408], [-9.1279539036503, 38.746486176047], [-9.12811683511983, 38.746689087158], [-9.12818086309673, 38.7467689821657], [-9.12818893020323, 38.7467783717277], [-9.12841426375073, 38.7470433556764], [-9.12854228124486, 38.747216837567], [-9.1288505893794, 38.7475921762016], [-9.12894160347943, 38.747719949073], [-9.12894831346106, 38.7477294204038], [-9.12897658629786, 38.7477691022892], [-9.12908799534567, 38.7479040048325], [-9.12925187683964, 38.7481023842493], [-9.12932285644704, 38.7482187957062], [-9.12940185154467, 38.748299463229], [-9.1294721885233, 38.7483700256384], [-9.1295488840537, 38.7484337779146], [-9.12964063820141, 38.7484889343802], [-9.12975187757196, 38.7485473476086], [-9.12984549062109, 38.7485872648054], [-9.12990864192775, 38.7486121283785], [-9.12994190733199, 38.7486228207394], [-9.12998051060964, 38.7486352060792], [-9.13007377062233, 38.7486497239852], [-9.13009034061639, 38.7486485755728], [-9.13012801068904, 38.7486462148777], [-9.13019325659595, 38.7486457591999], [-9.13021804089625, 38.7486456117291], [-9.1302714487812, 38.7486452903235], [-9.13028076037645, 38.7484203922367], [-9.13028892262631, 38.7482232634179], [-9.13030338658861, 38.7482148555063], [-9.13043921099263, 38.7481359517502], [-9.13044161045989, 38.7481143737052], [-9.13046435615805, 38.7479102708657], [-9.13046930496256, 38.7478724317254], [-9.13047340113297, 38.7478411035235], [-9.13050070656777, 38.7475706352016], [-9.13051434321745, 38.7474354912497], [-9.13058337643409, 38.7467688260632], [-9.13059396950341, 38.7466345277725], [-9.1305967578193, 38.7466029585017], [-9.13060329723223, 38.7465289933204], [-9.13050065115919, 38.74651949131], [-9.1304752703895, 38.7465171424481], [-9.1304979064563, 38.7459557487589], [-9.13049840735935, 38.7459433875205], [-9.130469225905, 38.7459368698275], [-9.12988678503596, 38.7458793156263], [-9.12931309602607, 38.7457220183968], [-9.12872025182883, 38.7455146618396], [-9.12512540297156, 38.7438515333269], [-9.12483919497392, 38.7441038560481]]]}, "properties": {"zona": "04A", "zonaNR": "Areeiro(A)"}}, {"type": "Feature", "geometry": {"type": "Polygon", "coordinates": [[[-9.13975479080576, 38.745226870237], [-9.13981095896641, 38.7452196720492], [-9.14025671325227, 38.7451816022822], [-9.14027033691072, 38.7451820361738], [-9.14052368597853, 38.7451901110322], [-9.14147765230641, 38.7451386475238], [-9.14196156077256, 38.7451146546474], [-9.14254528552603, 38.7450726828981], [-9.14288788418955, 38.7450740744943], [-9.14332826925247, 38.7450758621675], [-9.14439791051057, 38.7450801964853], [-9.14455266169803, 38.7450808221051], [-9.14539772438292, 38.745023152735], [-9.14552991917776, 38.7450203341407], [-9.14554061292214, 38.7450199334476], [-9.14549986789511, 38.7449753417462], [-9.14544156909429, 38.7449115099845], [-9.14541411551429, 38.744881451685], [-9.14532373607068, 38.7447825149007], [-9.14522536797445, 38.7446748168317], [-9.14513348914264, 38.7445741669753], [-9.14510227520112, 38.744519136294], [-9.14453175252953, 38.7435091348184], [-9.1439178231812, 38.7423949507362], [-9.14354556226007, 38.7418320613971], [-9.14353031851485, 38.7418090132808], [-9.14350779757545, 38.7418128939651], [-9.14233902494177, 38.7420126260079], [-9.14173721089207, 38.7421107725136], [-9.14068716407215, 38.7422694227593], [-9.14006574051882, 38.7423728821934], [-9.13986665781866, 38.7424059983993], [-9.13929713356326, 38.7425024589349], [-9.13901178945789, 38.7425308934747], [-9.13865467486202, 38.7425366315422], [-9.13832452145543, 38.7425234823119], [-9.13835542833868, 38.7425818215702], [-9.13877554108255, 38.7433733124165], [-9.13912972781953, 38.7440407437017], [-9.13945030595281, 38.7446602342725], [-9.13975479080576, 38.745226870237]]]}, "properties": {"zona": "04B", "zonaNR": "Areeiro(B)"}}, {"type": "Feature", "geometry": {"type": "Polygon", "coordinates": [[[-9.13123220812948, 38.7459482898281], [-9.13126201483027, 38.7459484892923], [-9.13128406567445, 38.7459468876554], [-9.13225415806645, 38.7458764181585], [-9.13470959410149, 38.7455694177175], [-9.13471656385818, 38.7455685463866], [-9.13488450502653, 38.745547546633], [-9.13602230757901, 38.7454810401433], [-9.13666809414741, 38.7454349620655], [-9.13727719034062, 38.745397302693], [-9.13794828987807, 38.745351900866], [-9.13945028564688, 38.7452552060718], [-9.13963792551382, 38.7452395120701], [-9.13969040179246, 38.7452351228493], [-9.13975479080576, 38.745226870237], [-9.13945030595281, 38.7446602342725], [-9.13912972781953, 38.7440407437017], [-9.13877554108255, 38.7433733124165], [-9.13835542833868, 38.7425818215702], [-9.13832452145543, 38.7425234823119], [-9.13764764582386, 38.7424753785252], [-9.1370051753457, 38.7424323629256], [-9.13554737007574, 38.7423304807282], [-9.1354820287314, 38.7423264921107], [-9.13363917660057, 38.7422204099632], [-9.13333525362775, 38.7421979854234], [-9.13333250558359, 38.7422269043219], [-9.13332151470068, 38.7423425916127], [-9.13317881872177, 38.742541506955], [-9.13314427285488, 38.7425896630241], [-9.13310929008654, 38.7426367625966], [-9.13261140232666, 38.7433071019852], [-9.13235060494089, 38.7436575743017], [-9.13208933082169, 38.7440086833541], [-9.13206693350505, 38.7440387826295], [-9.13191016306694, 38.7442494629302], [-9.1317273306216, 38.7445085693773], [-9.13155295206695, 38.7447556940453], [-9.13143853820703, 38.7450054581531], [-9.1313515912133, 38.7451711434293], [-9.13134148256865, 38.7452215827252], [-9.13128058303177, 38.7454653137749], [-9.13123220812948, 38.7459482898281]]]}, "properties": {"zona": "04C", "zonaNR": "Areeiro(C)"}}, {"type": "Feature", "geometry": {"type": "Polygon", "coordinates": [[[-9.1282713026353, 38.7410779175035], [-9.12512540297156, 38.7438515333269], [-9.12872025182883, 38.7455146618396], [-9.12931309602607, 38.7457220183968], [-9.12988678503596, 38.7458793156263], [-9.130469225905, 38.7459368698275], [-9.13049840735935, 38.7459433875205], [-9.1308870056343, 38.7459459846203], [-9.13123220812948, 38.7459482898281], [-9.13128058303177, 38.7454653137749], [-9.13134148256865, 38.7452215827252], [-9.1313515912133, 38.7451711434293], [-9.13143853820703, 38.7450054581531], [-9.13155295206695, 38.7447556940453], [-9.1317273306216, 38.7445085693773], [-9.13191016306694, 38.7442494629302], [-9.13206693350505, 38.7440387826295], [-9.13208933082169, 38.7440086833541], [-9.13235060494089, 38.7436575743017], [-9.13261140232666, 38.7433071019852], [-9.13310929008654, 38.7426367625966], [-9.13314427285488, 38.7425896630241], [-9.13317881872177, 38.742541506955], [-9.13332151470068, 38.7423425916127], [-9.13333250558359, 38.7422269043219], [-9.13333525362775, 38.7421979854234], [-9.13308615775862, 38.742179606701], [-9.13288018752886, 38.7421644067884], [-9.13112069209482, 38.7420381689799], [-9.13063116893944, 38.7419826236691], [-9.13002321084675, 38.7418567983054], [-9.12963803397475, 38.741766436167], [-9.12914171501183, 38.7415974606907], [-9.12884572179338, 38.7414803744114], [-9.12849969092479, 38.7412666529489], [-9.1282713026353, 38.7410779175035]]]}, "properties": {"zona": "04D", "zonaNR": "Areeiro(D)"}}, {"type": "Feature", "geometry": {"type": "Polygon", "coordinates": [[[-9.12483919382384, 38.7441038560578], [-9.12512540297156, 38.7438515333269], [-9.1282713026353, 38.7410779175035], [-9.1280707985734, 38.7408587400147], [-9.12796086644161, 38.7407054909235], [-9.127834280486, 38.7405290260735], [-9.12758850982219, 38.7400419582213], [-9.12739073089696, 38.7395062796394], [-9.12726232410558, 38.7391849589162], [-9.12705705209885, 38.7387464129943], [-9.12692521358382, 38.7384975901621], [-9.12687143632875, 38.7383907178053], [-9.12659947288413, 38.7378456750196], [-9.12658633714084, 38.7378498032662], [-9.12650375040724, 38.7378757442673], [-9.12629192191267, 38.7379122299252], [-9.12589093644624, 38.7379812945027], [-9.12564416609814, 38.7380490528815], [-9.12496000405453, 38.738236913449], [-9.12480311476984, 38.7382930988393], [-9.12376461945048, 38.7386650150906], [-9.12325648095895, 38.7389423477986], [-9.12324290144449, 38.7389282772436], [-9.12322723663237, 38.7389116994464], [-9.12313181778128, 38.7388314368793], [-9.1230530088738, 38.7387879658009], [-9.12299521078403, 38.7387668363993], [-9.12293748732846, 38.7387511110541], [-9.12263779908017, 38.7387869774682], [-9.12259538604086, 38.7387972451465], [-9.12255430941274, 38.7388210132907], [-9.12252266885022, 38.7388618164895], [-9.1225021802211, 38.7388773032749], [-9.12244837900253, 38.7388957743663], [-9.12234859035625, 38.7389155354106], [-9.12232342713524, 38.7389256570075], [-9.12230638843266, 38.7389411145634], [-9.12227706009483, 38.7389827989149], [-9.12222590662086, 38.7390264695124], [-9.12227123306642, 38.7390948159494], [-9.12239935863027, 38.7395182559631], [-9.12259914787506, 38.740178298578], [-9.12239815581781, 38.7403170165669], [-9.12237971865655, 38.7403297547838], [-9.12240919353789, 38.7403581737448], [-9.12268628996198, 38.7406255361636], [-9.12264185331333, 38.7406641813368], [-9.1224449347717, 38.7406457606425], [-9.12182073125537, 38.7405873564987], [-9.12153421417911, 38.7405780694023], [-9.12148866025216, 38.7406108828912], [-9.12121677156488, 38.7406662459473], [-9.12103698319583, 38.7407028719349], [-9.12074280500309, 38.7407627541527], [-9.12037275079954, 38.7410165473563], [-9.1203670196513, 38.7410204817525], [-9.12013174903872, 38.7411816465042], [-9.12032188768002, 38.7413251556445], [-9.12035092865908, 38.7413470670047], [-9.12039034641673, 38.7413768248364], [-9.12049937309638, 38.7414684281533], [-9.12081972414359, 38.7417376554174], [-9.12094573541009, 38.741876505132], [-9.12096630859484, 38.741899207624], [-9.12098815366286, 38.7419233126962], [-9.12104407998387, 38.7419849167852], [-9.1211604892419, 38.7421025663479], [-9.12158358295859, 38.742483779693], [-9.12211429186402, 38.7428081926285], [-9.12233297542586, 38.7429605566313], [-9.12269174050084, 38.7432101902315], [-9.12291851368303, 38.7433335694144], [-9.12327862656434, 38.7435086182406], [-9.12346357370495, 38.7435985531838], [-9.12348811655916, 38.7436083619726], [-9.12355066557611, 38.7436334007821], [-9.12367046876214, 38.7436798569737], [-9.12374612639302, 38.7436958758212], [-9.12375514164774, 38.7436977856479], [-9.12391139712032, 38.7437269078027], [-9.12411345456331, 38.743774377774], [-9.12430854978232, 38.743860261874], [-9.12441202531519, 38.7439057928285], [-9.12467142352441, 38.7440324049432], [-9.12483919382384, 38.7441038560578]]]}, "properties": {"zona": "04E", "zonaNR": "Areeiro(E)"}}, {"type": "Feature", "geometry": {"type": "Polygon", "coordinates": [[[-9.14353031851485, 38.7418090132808], [-9.1435221824817, 38.741796711335], [-9.14339850854761, 38.7416096956155], [-9.14228323984187, 38.7399231790186], [-9.14193247391291, 38.7391976519449], [-9.14245234554322, 38.7390452777206], [-9.14246377050761, 38.7390418155363], [-9.14239087415714, 38.7386961913132], [-9.14229377456577, 38.7382528525322], [-9.14211655033048, 38.7374206264848], [-9.14198498774067, 38.7368028090332], [-9.14183336015223, 38.7360907549857], [-9.14165475563013, 38.7352519910868], [-9.14164979911447, 38.7352287053046], [-9.13915351819152, 38.73530354595], [-9.13839369059196, 38.7353544915649], [-9.13812201872127, 38.7354101541075], [-9.13747829155433, 38.7356378205844], [-9.13716268712594, 38.7358004213258], [-9.13700105337351, 38.7358873841942], [-9.13672788057395, 38.7360323422838], [-9.13670652001597, 38.7360436774041], [-9.1366034788675, 38.7361427476655], [-9.13654714334616, 38.7363002382291], [-9.13651518966268, 38.7364084266521], [-9.13651591737755, 38.7364289538165], [-9.13652203031421, 38.7366014063147], [-9.13655561161185, 38.7369054034568], [-9.13654003735075, 38.7373577945925], [-9.13658317077665, 38.7374624928538], [-9.13675088630253, 38.7382099291255], [-9.13702005971737, 38.7394099985985], [-9.13706196099027, 38.7396935148906], [-9.13705619918962, 38.7397559716776], [-9.13700598949079, 38.7398887021265], [-9.13692761980823, 38.7399028328918], [-9.13685600712427, 38.7399313361614], [-9.13679737181962, 38.73997070943], [-9.13676245493764, 38.7400317041448], [-9.13674938946648, 38.7400925211412], [-9.13677616708286, 38.7401592294698], [-9.13711680758504, 38.7406493992953], [-9.13730280817819, 38.7409422888842], [-9.13733304590641, 38.7409899157434], [-9.13753609284266, 38.7413237892282], [-9.13756005372162, 38.7413616784281], [-9.13758756286101, 38.7413828176621], [-9.1376216879055, 38.7413950993662], [-9.13766429432841, 38.7413912111448], [-9.13770683726889, 38.7413820538617], [-9.13813628322185, 38.7421872580334], [-9.13818875157734, 38.742288785638], [-9.1382956113541, 38.7424689172762], [-9.13832452145543, 38.7425234823119], [-9.13865467486202, 38.7425366315422], [-9.13901178945789, 38.7425308934747], [-9.13929713356326, 38.7425024589349], [-9.13986665781866, 38.7424059983993], [-9.14006574051882, 38.7423728821934], [-9.14068716407215, 38.7422694227593], [-9.14173721089207, 38.7421107725136], [-9.14233902494177, 38.7420126260079], [-9.14350779757545, 38.7418128939651], [-9.14353031851485, 38.7418090132808]]]}, "properties": {"zona": "04F", "zonaNR": "Areeiro(F)"}}, {"type": "Feature", "geometry": {"type": "Polygon", "coordinates": [[[-9.13655561161185, 38.7369054034568], [-9.13653208106548, 38.7369068314154], [-9.13445296919681, 38.7370329786691], [-9.13391722376516, 38.7370654821211], [-9.13388677765904, 38.7370673290703], [-9.13382721657669, 38.737526378575], [-9.13380275231017, 38.7378011997423], [-9.13373440082525, 38.7385557028132], [-9.13365375694125, 38.7391755543656], [-9.13477816396907, 38.7392466051886], [-9.13493894539094, 38.7393929308981], [-9.13488367580071, 38.7399085997536], [-9.13469961413709, 38.7400322289464], [-9.13356050118044, 38.7399608916427], [-9.13345186874935, 38.7409704901319], [-9.13344624660889, 38.7410296684913], [-9.13337050360092, 38.7418269467612], [-9.13335111255524, 38.7420310567486], [-9.13333525362775, 38.7421979854234], [-9.13363917660057, 38.7422204099632], [-9.1354820287314, 38.7423264921107], [-9.13554737007574, 38.7423304807282], [-9.1370051753457, 38.7424323629256], [-9.13764764582386, 38.7424753785252], [-9.13832452145543, 38.7425234823119], [-9.1382956113541, 38.7424689172762], [-9.13818875157734, 38.742288785638], [-9.13813628322185, 38.7421872580334], [-9.13770683726889, 38.7413820538617], [-9.13766429432841, 38.7413912111448], [-9.1376216879055, 38.7413950993662], [-9.13758756286101, 38.7413828176621], [-9.13756005372162, 38.7413616784281], [-9.13753609284266, 38.7413237892282], [-9.13733304590641, 38.7409899157434], [-9.13730280817819, 38.7409422888842], [-9.13711680758504, 38.7406493992953], [-9.13677616708286, 38.7401592294698], [-9.13674938946648, 38.7400925211412], [-9.13676245493764, 38.7400317041448], [-9.13679737181962, 38.73997070943], [-9.13685600712427, 38.7399313361614], [-9.13692761980823, 38.7399028328918], [-9.13700598949079, 38.7398887021265], [-9.13705619918962, 38.7397559716776], [-9.13706196099027, 38.7396935148906], [-9.13702005971737, 38.7394099985985], [-9.13675088630253, 38.7382099291255], [-9.13658317077665, 38.7374624928538], [-9.13654003735075, 38.7373577945925], [-9.13655561161185, 38.7369054034568]]]}, "properties": {"zona": "04G", "zonaNR": "Areeiro(G)"}}, {"type": "Feature", "geometry": {"type": "Polygon", "coordinates": [[[-9.13333525362775, 38.7421979854234], [-9.13335111255524, 38.7420310567486], [-9.13337050360092, 38.7418269467612], [-9.13344624660889, 38.7410296684913], [-9.13345186874935, 38.7409704901319], [-9.13356050118044, 38.7399608916427], [-9.13469961413709, 38.7400322289464], [-9.13488367580071, 38.7399085997536], [-9.13493894539094, 38.7393929308981], [-9.13477816396907, 38.7392466051886], [-9.13365375694125, 38.7391755543656], [-9.13373440082525, 38.7385557028132], [-9.13380275231017, 38.7378011997423], [-9.13382721657669, 38.737526378575], [-9.13388677765904, 38.7370673290703], [-9.13300586237843, 38.7371207707693], [-9.13121332258444, 38.7372294926721], [-9.1297971121967, 38.7373159777831], [-9.12919028360031, 38.7373530327094], [-9.12917200425083, 38.7373548008776], [-9.1291630682322, 38.7373556498963], [-9.12914987669773, 38.7373569035966], [-9.12907416317164, 38.7373642010239], [-9.12891627333398, 38.7373734739954], [-9.12889477816697, 38.737374737151], [-9.12861136545552, 38.7373641005297], [-9.12860182741385, 38.7373637529838], [-9.12825895790089, 38.7374475125744], [-9.12777951882405, 38.7375656507245], [-9.12749624523623, 38.7376152665034], [-9.12712658359885, 38.7376800198086], [-9.1270788388561, 38.7376950203378], [-9.12659947288413, 38.7378456750196], [-9.12687143632875, 38.7383907178053], [-9.12692521358382, 38.7384975901621], [-9.12705705209885, 38.7387464129943], [-9.12726232410558, 38.7391849589162], [-9.12739073089696, 38.7395062796394], [-9.12758850982219, 38.7400419582213], [-9.127834280486, 38.7405290260735], [-9.12796086644161, 38.7407054909235], [-9.1280707985734, 38.7408587400147], [-9.1282713026353, 38.7410779175035], [-9.12849969092479, 38.7412666529489], [-9.12884572179338, 38.7414803744114], [-9.12914171501183, 38.7415974606907], [-9.12963803397475, 38.741766436167], [-9.13002321084675, 38.7418567983054], [-9.13063116893944, 38.7419826236691], [-9.13112069209482, 38.7420381689799], [-9.13288018752886, 38.7421644067884], [-9.13308615775862, 38.742179606701], [-9.13333525362775, 38.7421979854234]]]}, "properties": {"zona": "04H", "zonaNR": "Areeiro(H)"}}, {"type": "Feature", "geometry": {"type": "Polygon", "coordinates": [[[-9.13346226443562, 38.7211144583065], [-9.13343300907275, 38.7212166499344], [-9.13350649504889, 38.7212480243329], [-9.13373911673732, 38.7209038763359], [-9.13376001055143, 38.7208735409136], [-9.13411328528531, 38.7209560608628], [-9.13424795153109, 38.7209898700263], [-9.13429411911916, 38.7209104557217], [-9.13433316591168, 38.720924500607], [-9.13432929809888, 38.7209316049189], [-9.13432171172355, 38.7209453852904], [-9.13432067928176, 38.7209482775553], [-9.13431982039437, 38.7209527303006], [-9.13431898779339, 38.7209589843972], [-9.13431836511314, 38.7209693226712], [-9.1343190194531, 38.7209832540622], [-9.13432085191309, 38.720993691115], [-9.13432198105059, 38.7209976458138], [-9.13432649851552, 38.7210026533413], [-9.13433113201556, 38.7210050169622], [-9.13434114521243, 38.7210081749455], [-9.13436175255151, 38.7210122033367], [-9.1344292438814, 38.7210240003212], [-9.13453248473535, 38.721036933208], [-9.13464916216036, 38.7210455451147], [-9.1346979478354, 38.7210467098483], [-9.13468761748075, 38.7209348393901], [-9.13471281383684, 38.7207572466214], [-9.13479404222928, 38.7206144603455], [-9.13483253347065, 38.720528266509], [-9.13491776654543, 38.7202806679427], [-9.13496222883287, 38.7200483267451], [-9.13496231559417, 38.7200478702027], [-9.13496592625314, 38.7194268069575], [-9.13495051279622, 38.7192993153424], [-9.13500221214993, 38.7186966312708], [-9.13496982313399, 38.7180342671625], [-9.1349274796192, 38.717936754829], [-9.13487359104351, 38.7176807719766], [-9.13487168108535, 38.7175461006203], [-9.13495404064496, 38.7172071559424], [-9.13498052227799, 38.7170248183567], [-9.13497977646387, 38.7168491871551], [-9.13497401848872, 38.7167488048547], [-9.13503422186944, 38.7166177114918], [-9.13475795819369, 38.7164816292714], [-9.13427376074472, 38.7162975405844], [-9.13419310465432, 38.716266881988], [-9.13401489352917, 38.7161991416501], [-9.13383230355658, 38.7161592882109], [-9.13326634610398, 38.7160661622839], [-9.13323871145825, 38.7160738274941], [-9.13318292789963, 38.7160893010155], [-9.13325266174287, 38.7161376128286], [-9.13324272109094, 38.7161479398372], [-9.13321142125411, 38.7161800459746], [-9.1332069391559, 38.7161854683312], [-9.13320511619414, 38.716188643893], [-9.13320428717902, 38.7161935089395], [-9.13320485347713, 38.7161966055117], [-9.13320738271005, 38.7162012076259], [-9.13321093119242, 38.7162038697295], [-9.13321461117671, 38.7162052425799], [-9.13322508742758, 38.7162066158439], [-9.13324191993494, 38.7162083445913], [-9.13327677583042, 38.7162116171381], [-9.13332238370219, 38.7162251558618], [-9.13337750327515, 38.7162404859291], [-9.13342927864872, 38.7162518063468], [-9.13342034253226, 38.7162859443376], [-9.13338465373869, 38.716346237727], [-9.13337851200108, 38.7163537668222], [-9.13333676665385, 38.7164049392809], [-9.13326404175205, 38.716471694666], [-9.13321986146965, 38.7165123378729], [-9.13313246200368, 38.7166088906935], [-9.13309466721948, 38.7166199829007], [-9.13306555171235, 38.7166373216978], [-9.13292412363884, 38.7167862480227], [-9.13294849750779, 38.7167984470451], [-9.13280117939863, 38.7169443789253], [-9.13285500233066, 38.7169776901597], [-9.13283669454836, 38.7169932970437], [-9.13276766561618, 38.7169447852951], [-9.13269080444902, 38.7170204124287], [-9.13265809685677, 38.7170408111891], [-9.13266193643469, 38.7170480261096], [-9.13293306167987, 38.717296127077], [-9.13295082318463, 38.717308315987], [-9.13341352530863, 38.7176238677717], [-9.13343794168731, 38.7176432960551], [-9.13347538108109, 38.7176731521294], [-9.13352630715043, 38.7177137022507], [-9.13366106512965, 38.7178210940814], [-9.1336993170025, 38.717851483602], [-9.13392515123018, 38.7180504264446], [-9.13406814902456, 38.7181714392438], [-9.13408180922562, 38.7181945626347], [-9.13408710833563, 38.7182035251506], [-9.13409040528112, 38.718209081812], [-9.13409735286667, 38.718220822658], [-9.13413668382083, 38.7182873244156], [-9.13413941976507, 38.7182938767463], [-9.13424434345603, 38.7185455594241], [-9.13428177864224, 38.7188305185799], [-9.13429486741607, 38.7188785986775], [-9.13431282257846, 38.7189458238931], [-9.13431427069978, 38.7189521233165], [-9.13430532454827, 38.7189527367998], [-9.13389951122895, 38.7189807002357], [-9.13388849255605, 38.7189814386224], [-9.13387877660849, 38.7189709645514], [-9.13386790201238, 38.7189591969567], [-9.13376261649629, 38.71884576017], [-9.13365945218739, 38.7187345949355], [-9.13364857957925, 38.7187228822506], [-9.13341993523414, 38.7189273585923], [-9.13346830485828, 38.7189589911743], [-9.13351504010936, 38.7191075276436], [-9.1335239889601, 38.7191359700319], [-9.13350212150182, 38.7191404818381], [-9.13350773801156, 38.7192133625162], [-9.13351445129427, 38.7192988493507], [-9.13350298394752, 38.7194114037124], [-9.1334574053212, 38.719519203735], [-9.13338235252146, 38.7196249733239], [-9.13321502986526, 38.7198556437557], [-9.13314326419755, 38.7199331507565], [-9.13346398672878, 38.7199472273029], [-9.13375493659258, 38.7199598760294], [-9.13375402102844, 38.7199931634923], [-9.13406537496825, 38.7200062376272], [-9.13406685869184, 38.7199730533927], [-9.13408399796305, 38.7199718977651], [-9.13410380538844, 38.7199691339023], [-9.13411782435375, 38.7199660232518], [-9.13413170340695, 38.719961949954], [-9.13415850224145, 38.7199534512521], [-9.13417759653233, 38.7199465498567], [-9.13419963294668, 38.719937074034], [-9.13421772900866, 38.7199286768633], [-9.13434881208591, 38.7199413399753], [-9.13434734087145, 38.7200014495699], [-9.13423372892432, 38.7201680000188], [-9.1341341043465, 38.7202607190836], [-9.13405123827868, 38.7203670361083], [-9.13400935502525, 38.7204209798867], [-9.13392957945025, 38.7205289530377], [-9.13376089918704, 38.7207613176117], [-9.13367326942322, 38.7208792646802], [-9.13363393719677, 38.7208627979952], [-9.13346226443562, 38.7211144583065]]]}, "properties": {"zona": "050", "zonaNR": "Mouraria"}}, {"type": "Feature", "geometry": {"type": "Polygon", "coordinates": [[[-9.20396057516582, 38.6979049886388], [-9.20390718550002, 38.6979384148696], [-9.20386059959417, 38.6979894242934], [-9.20386460515126, 38.6980609371453], [-9.20388087515189, 38.698110376491], [-9.20393524392274, 38.698178131241], [-9.20399044130335, 38.6982112611225], [-9.20412507997077, 38.6982559581919], [-9.20414786553261, 38.6982169354607], [-9.2041823786387, 38.6981853556977], [-9.20477084812747, 38.6980823247091], [-9.20464318267898, 38.6979188118984], [-9.20511331008067, 38.6978121921506], [-9.20507377978602, 38.6977251691932], [-9.2051377972569, 38.6977077195417], [-9.20510245665742, 38.6976241532344], [-9.20526601308309, 38.6975825505864], [-9.20530001157396, 38.6976647509462], [-9.20534992753899, 38.6976520875545], [-9.20536473729346, 38.6976862717394], [-9.20590985283297, 38.697533560538], [-9.2059445619055, 38.6976131887459], [-9.21047271088276, 38.6964486414034], [-9.21024672252029, 38.6960310773188], [-9.21017063668961, 38.6958464511378], [-9.20955769885698, 38.6943833076562], [-9.20944003827161, 38.6944030839078], [-9.20888616605112, 38.6944686588932], [-9.20855312551054, 38.6945362845821], [-9.20791206044263, 38.6946749765921], [-9.20699222156623, 38.694845804839], [-9.20638132380988, 38.6949115692058], [-9.20133522367184, 38.6958227551073], [-9.20081439524727, 38.69591678823], [-9.20056080707873, 38.6959625719353], [-9.19981038153131, 38.696131534072], [-9.19908589575288, 38.6962666105035], [-9.19903251175577, 38.6962765635427], [-9.19810458944184, 38.6963754813103], [-9.19789953572796, 38.6963984181996], [-9.19759576513004, 38.6964227308783], [-9.19708849964222, 38.6964580916653], [-9.19659783787622, 38.6964892186712], [-9.1961196808452, 38.6965202929939], [-9.1952942037713, 38.6965760137452], [-9.1947684745665, 38.6966101972303], [-9.19480990555832, 38.6974071850762], [-9.1949836648713, 38.6974315291967], [-9.19497619218201, 38.6976078992699], [-9.19499049955644, 38.6977203768327], [-9.19499371766805, 38.697732787488], [-9.19500323133094, 38.6977504015708], [-9.19513426948178, 38.6979275494386], [-9.19521228166632, 38.6980113347458], [-9.1952487226399, 38.6980793672212], [-9.19560557488918, 38.6980652661256], [-9.19602598216251, 38.6980525544398], [-9.19708054663654, 38.6980172665102], [-9.19708657023158, 38.6981311748543], [-9.19717431021507, 38.6982609338971], [-9.19753294800472, 38.6982461305717], [-9.1977055676563, 38.6982407793318], [-9.197875584259, 38.6982370144076], [-9.19805046796674, 38.698231406936], [-9.19823191456349, 38.6982247539583], [-9.19946348038306, 38.6981903119052], [-9.19933968197937, 38.6975596023251], [-9.19993838396553, 38.6974668019426], [-9.20057441566823, 38.6974203419305], [-9.20113499797748, 38.6973522137004], [-9.20121910502411, 38.6973517562044], [-9.20123380770391, 38.697351676846], [-9.20175554227545, 38.697359892744], [-9.20185529549953, 38.6973937099825], [-9.2021458123457, 38.6974043219353], [-9.20214703430981, 38.6973713590568], [-9.20253094784001, 38.6973853561237], [-9.20285740875084, 38.6974084215332], [-9.20285378050604, 38.6974272883906], [-9.2030810472701, 38.6974486078158], [-9.20308463579978, 38.6974328652459], [-9.20354738319303, 38.6974976031433], [-9.20397110568135, 38.6975415037894], [-9.20396057516582, 38.6979049886388]]]}, "properties": {"zona": "051", "zonaNR": "Belm"}}, {"type": "Feature", "geometry": {"type": "Polygon", "coordinates": [[[-9.14408817255623, 38.7058821027571], [-9.14434432215169, 38.7060882115075], [-9.14432692826965, 38.7062173730582], [-9.14502403444664, 38.7062460871851], [-9.14663945532532, 38.7062763130716], [-9.14856413356566, 38.7063090404175], [-9.14986786228904, 38.7063325420607], [-9.15120103472869, 38.7063503995722], [-9.15241557983754, 38.7063709254612], [-9.15260482622615, 38.7063741226244], [-9.15371812241569, 38.7063898536105], [-9.15427906724884, 38.7064011087052], [-9.15474028444523, 38.7063823534973], [-9.15508339204784, 38.7063512422661], [-9.15536224323959, 38.7063003457236], [-9.15546613806488, 38.7062747899234], [-9.15568248602679, 38.7062240635006], [-9.15592582147395, 38.706148305477], [-9.15610947676523, 38.7060824409434], [-9.15636777240509, 38.7059771007095], [-9.15685928874765, 38.7057460271356], [-9.15754138460417, 38.70542061228], [-9.15832737275264, 38.7050456201069], [-9.15938257658527, 38.70454306019], [-9.15980357925907, 38.7043699383152], [-9.15996191498751, 38.7043096885058], [-9.16042128322932, 38.704156511438], [-9.16098186758788, 38.703991439683], [-9.16207928002413, 38.7037631791702], [-9.16275718948945, 38.7036277526396], [-9.16349799168964, 38.7034964565682], [-9.16390292590794, 38.703467297767], [-9.1642097291612, 38.7034608074807], [-9.16453938774432, 38.7034623101533], [-9.16586896215437, 38.7034660602277], [-9.16811959250275, 38.7034596043938], [-9.16990544693498, 38.7034578607217], [-9.17067161357441, 38.7034087146936], [-9.17117594448412, 38.7033473084029], [-9.17169400128684, 38.7032416357774], [-9.17214849751735, 38.7031179928859], [-9.1725910510515, 38.7029751640205], [-9.1731009124619, 38.7027794161292], [-9.17340419756273, 38.7026488439984], [-9.174150008556, 38.7022810096232], [-9.1747086372348, 38.7020366463611], [-9.17538104591133, 38.7017398483437], [-9.17539413453427, 38.7017001816491], [-9.17539854116078, 38.7016869908551], [-9.17546945180398, 38.7014721512054], [-9.17543553364914, 38.7013212111708], [-9.17493736142021, 38.6991051166142], [-9.17592986306614, 38.6989412433761], [-9.17595985231877, 38.6987979306306], [-9.17595971814296, 38.6987971607519], [-9.17593206486836, 38.6987037523559], [-9.17593238103766, 38.698703677473], [-9.17594011163091, 38.6987018799131], [-9.17594255178196, 38.6987013122722], [-9.1759448086415, 38.6987007877022], [-9.17594522793675, 38.6987006902806], [-9.17594515369405, 38.6987004062934], [-9.17594459196865, 38.6986985322575], [-9.17593828496205, 38.6986774920301], [-9.17593268816746, 38.6986588145431], [-9.17572236853915, 38.6986948912555], [-9.17561441834533, 38.698713409247], [-9.17544106379188, 38.6981154553008], [-9.17544138370782, 38.698115401104], [-9.17544148234042, 38.6981153858122], [-9.17547771259971, 38.6981093716535], [-9.17554887734577, 38.6980975602345], [-9.17554878559088, 38.6980972574865], [-9.17554015971206, 38.6980690523135], [-9.17551602941157, 38.6979901448261], [-9.17551169660647, 38.6979756230979], [-9.17549606798899, 38.6979232527259], [-9.17549483671546, 38.6979191218742], [-9.17549171459478, 38.6979086582165], [-9.1754900398833, 38.6979030405119], [-9.1754899069863, 38.697902595806], [-9.17469761885039, 38.6980469958567], [-9.1731620502737, 38.6983268477376], [-9.17202870267798, 38.6985333808025], [-9.17202862128398, 38.6985333959383], [-9.17107882015598, 38.6987064720582], [-9.16642698869347, 38.6995540246774], [-9.1641388161989, 38.699970849282], [-9.16409187945562, 38.6999793972783], [-9.16405425118381, 38.69998625077], [-9.16397743756781, 38.7000003146455], [-9.16397613514344, 38.7000005522263], [-9.16382748933936, 38.7000277693534], [-9.16358321571234, 38.7000724937057], [-9.16327870160606, 38.7001282488107], [-9.16327838518394, 38.7001283074474], [-9.16327841911052, 38.7001284287551], [-9.163278467566, 38.7001286012798], [-9.16327859117137, 38.70012904428], [-9.16327869987312, 38.7001294099436], [-9.1632788787526, 38.7001300200037], [-9.16330779179793, 38.7002305356875], [-9.16331135358029, 38.7002429162845], [-9.16331145765909, 38.7002432801873], [-9.16333124472375, 38.7003120612846], [-9.16344107199948, 38.7002934651091], [-9.16347181558831, 38.7002882587729], [-9.16347554816736, 38.7002876268561], [-9.16347575228853, 38.7002875926289], [-9.16348135142568, 38.7003070498851], [-9.16348522054787, 38.7003204988069], [-9.16349436107898, 38.7003522746787], [-9.16349441550167, 38.7003524624641], [-9.16349443365981, 38.7003525262601], [-9.16348141730085, 38.7003568989949], [-9.16344372035153, 38.7003695584843], [-9.16258037591097, 38.7008663105589], [-9.16258009202897, 38.7008664742996], [-9.162608282122, 38.7009733759036], [-9.16263317306188, 38.7010677630546], [-9.16263324597626, 38.7010680380542], [-9.16190157502079, 38.7012004742134], [-9.16130030750104, 38.7013092763608], [-9.16051069888617, 38.7014521553114], [-9.16046866268705, 38.7014597652142], [-9.16046808024438, 38.7014598712203], [-9.1604679667133, 38.7014598902336], [-9.16046788415111, 38.7014599044709], [-9.16046779124448, 38.701459918799], [-9.1604676788628, 38.7014599378022], [-9.16045781618407, 38.7014617233488], [-9.16022678116437, 38.7015035283403], [-9.1599744989371, 38.7015491766815], [-9.15982673014983, 38.7015759171288], [-9.15968919888894, 38.7016008037607], [-9.15966309281003, 38.7016055279037], [-9.15965292965933, 38.7016073655639], [-9.15964020737832, 38.7016096661769], [-9.15963824675936, 38.701610021186], [-9.15963803578765, 38.7016100590698], [-9.15963628611463, 38.7016103743937], [-9.15962533757835, 38.7016123549659], [-9.15962522750783, 38.7016123748488], [-9.15959734652473, 38.7016174190263], [-9.15921498642181, 38.7016861724674], [-9.15918441614386, 38.7016916653199], [-9.15918364792146, 38.7016918026759], [-9.15916027018253, 38.7016960037269], [-9.15711652327328, 38.7020634537231], [-9.15711362925789, 38.7020639736019], [-9.15709848655014, 38.7020725267991], [-9.15709171288825, 38.7020763541234], [-9.1570782405082, 38.7020871680845], [-9.1570749514155, 38.7020898091785], [-9.15707413425032, 38.7020904649034], [-9.15707405015862, 38.702090533199], [-9.15706057131632, 38.7021166119956], [-9.15705535982366, 38.7021397809039], [-9.15705636422851, 38.7021464505622], [-9.15705637434853, 38.7021465153304], [-9.15705743449071, 38.7021535466181], [-9.15705981858971, 38.7021693418038], [-9.1570715496858, 38.7021892546151], [-9.1570888650263, 38.7022056054412], [-9.15710297874956, 38.7022134015803], [-9.15710798304139, 38.702216166416], [-9.15712219350901, 38.702221960151], [-9.1571451273026, 38.7022252183293], [-9.15715350538319, 38.7022255575148], [-9.15716856842675, 38.7022261660385], [-9.15763601568773, 38.7021729059759], [-9.15764911980961, 38.7021714129452], [-9.15768527379406, 38.7021672948125], [-9.15770377426851, 38.7021651869915], [-9.15770406232948, 38.7021651538404], [-9.15770987873261, 38.7021644912359], [-9.15883658856083, 38.7020361046872], [-9.15905315909755, 38.7020114263498], [-9.15905329784219, 38.70201108013], [-9.15905757470358, 38.702000502465], [-9.15905902144576, 38.7019969262474], [-9.15905911443061, 38.7019969173244], [-9.15905923842328, 38.7019969063277], [-9.15927709745383, 38.7019767364321], [-9.15927961539453, 38.7019904414651], [-9.16120496063173, 38.7018652361631], [-9.16123711044807, 38.7018735623166], [-9.16128111225629, 38.7018849595247], [-9.16140381362185, 38.701995333362], [-9.16146678727979, 38.7020519832512], [-9.16151000338582, 38.7020908577544], [-9.16151014811768, 38.7020909303462], [-9.16151621997248, 38.7020939801609], [-9.16153193335824, 38.7021018706888], [-9.1615618336761, 38.7021027336806], [-9.16156208055394, 38.7021160361676], [-9.16178354350759, 38.7021160400124], [-9.16179568379895, 38.7021160422001], [-9.16179647238517, 38.7021160424685], [-9.1618562588093, 38.7021160533311], [-9.16196772214285, 38.7021187550089], [-9.1620076870406, 38.7021112213448], [-9.16200795988598, 38.7021111694004], [-9.16213073441469, 38.7020880277299], [-9.16244419163669, 38.702031211395], [-9.16257397022284, 38.7020076842169], [-9.16303427831364, 38.701924243968], [-9.16352307590305, 38.7018356370419], [-9.16404289664161, 38.7017414038598], [-9.1641392317643, 38.7017239420733], [-9.16413941751198, 38.7017239089077], [-9.16418258038147, 38.7017160850735], [-9.16528927001912, 38.7015154624644], [-9.16652573133326, 38.7012912898001], [-9.16689911270099, 38.7012235935487], [-9.16690058942721, 38.7012233255689], [-9.16721167350351, 38.701166922816], [-9.16906442524592, 38.700830985282], [-9.16907683281309, 38.7008287332746], [-9.17209192988845, 38.700281971253], [-9.1723226367153, 38.7003618468624], [-9.17236023819135, 38.7003748659576], [-9.17236058363607, 38.7003749862953], [-9.17251311867391, 38.7009041464537], [-9.17252820874116, 38.700956499474], [-9.17262235350923, 38.7012830920503], [-9.17265152449416, 38.701384289444], [-9.17265161042931, 38.7013845877418], [-9.16786571488625, 38.7022565059105], [-9.16770429736764, 38.7022859119133], [-9.16379086368254, 38.702998714235], [-9.16344327681158, 38.7029259402555], [-9.16325850643359, 38.7028872588941], [-9.16322150855907, 38.7028795128837], [-9.16322094474311, 38.7028793953437], [-9.16321060797961, 38.7028772308351], [-9.16298386943826, 38.7028297658518], [-9.16283653766414, 38.7027989143018], [-9.16279456460168, 38.7027901238178], [-9.16276755419436, 38.7027844687176], [-9.16248749070793, 38.7027258350506], [-9.16239456983741, 38.7027063808106], [-9.16233978009693, 38.70269490964], [-9.16214325827887, 38.7026537654034], [-9.1621431602571, 38.7026537437464], [-9.16214305763772, 38.7026537221298], [-9.16214245601157, 38.7025870437995], [-9.16214210678837, 38.7025484822841], [-9.16214210392352, 38.7025481219936], [-9.16214208937831, 38.7025465457404], [-9.16214197375393, 38.7025337465429], [-9.16214171211078, 38.7025049848434], [-9.16214145715162, 38.7024772508855], [-9.16214108064297, 38.7024364646601], [-9.16214072881127, 38.7024364596494], [-9.1620431242071, 38.7024350657358], [-9.16195026824125, 38.7024337434561], [-9.16185473449237, 38.7024323861115], [-9.16166293278531, 38.7024303370243], [-9.16152765237599, 38.7024288921638], [-9.16143415958278, 38.7024278912523], [-9.16142425139434, 38.702427791028], [-9.16123665026711, 38.7025895119324], [-9.15927379920421, 38.7025627244187], [-9.15924410312044, 38.7027016345427], [-9.15919652156838, 38.7029227004715], [-9.15914580509146, 38.7031625212944], [-9.15911718208391, 38.7032945038963], [-9.15910105093454, 38.7033770757754], [-9.15906083531758, 38.7033842701508], [-9.15896206500731, 38.7034019464028], [-9.1588483398576, 38.7034179197602], [-9.15880234289415, 38.7034281598893], [-9.1586676704763, 38.7034521852206], [-9.15853461631857, 38.7034784481781], [-9.1576789400811, 38.7036337779115], [-9.15746578234041, 38.7036720284453], [-9.15731700151398, 38.7036974999861], [-9.15707927041146, 38.7037417211121], [-9.15696647152344, 38.7037591933528], [-9.15696471073074, 38.7037606680502], [-9.15696451204216, 38.7037609229119], [-9.15696316551517, 38.7037621048283], [-9.15696117026994, 38.7037651957933], [-9.15695937069392, 38.7037674977549], [-9.15695844960154, 38.7037694118908], [-9.15695820328611, 38.7037697932801], [-9.15695697735325, 38.7037716929704], [-9.15695667565456, 38.7037724630848], [-9.15695614325116, 38.703773822534], [-9.15695583368635, 38.7037746053284], [-9.15695529667238, 38.7037759639172], [-9.15695481760473, 38.7037803378414], [-9.15695510728946, 38.7037885595118], [-9.15695661066661, 38.7037940231468], [-9.15696230334149, 38.7038046656683], [-9.15717798235131, 38.7041429869665], [-9.15719004520131, 38.7041384224065], [-9.15728212570125, 38.7042649334338], [-9.15692910204369, 38.7043279339658], [-9.15604262479345, 38.7044861274509], [-9.15577743735123, 38.7036046376905], [-9.15493298287113, 38.7037590294863], [-9.15514104871384, 38.7044607923709], [-9.154970467599, 38.7046802887536], [-9.1545539175664, 38.7047543630325], [-9.15396050334826, 38.7048564705818], [-9.15369008503592, 38.704903213189], [-9.1532626089715, 38.7049806012704], [-9.15275852586392, 38.7050710957897], [-9.15230902904851, 38.7051530502636], [-9.15204496794165, 38.7052003534013], [-9.15193928380319, 38.7052192874408], [-9.1516797261082, 38.7052654434432], [-9.1515567430026, 38.7052873112762], [-9.15123187143207, 38.7053446915229], [-9.15050115359472, 38.705475802455], [-9.14993828432963, 38.7055800649798], [-9.14949930830619, 38.7056634305037], [-9.1493131145471, 38.705698701517], [-9.14927753918886, 38.7056842467671], [-9.14918709332509, 38.7056475122096], [-9.14908975689068, 38.7056076099274], [-9.14902112508249, 38.7055782910536], [-9.1488952250765, 38.70552897672], [-9.14887090344977, 38.7055625532644], [-9.14888187582683, 38.7055677996235], [-9.14886977430389, 38.7055875599855], [-9.14888960917147, 38.7055951002287], [-9.14885145861327, 38.7056706511973], [-9.14884126679262, 38.7056908354519], [-9.14884065063478, 38.7056920559698], [-9.1488292935347, 38.7057145446576], [-9.1488291045655, 38.7057149201269], [-9.14882494077257, 38.7057132168737], [-9.14874252648429, 38.7056795109159], [-9.14874098515148, 38.70567888024], [-9.14859165102826, 38.7056178066501], [-9.14839201776918, 38.705536161431], [-9.14839224953744, 38.7055358045074], [-9.14840462014173, 38.7055167723979], [-9.1484355245474, 38.7054692161812], [-9.14844721549784, 38.7054512249764], [-9.14847708815961, 38.7054052585938], [-9.14845670882793, 38.7053977428253], [-9.14843835067683, 38.7053909724706], [-9.14843819121208, 38.7053909144032], [-9.14839062266846, 38.7054647472316], [-9.14836822028547, 38.7054995176685], [-9.14831484943338, 38.7055823619034], [-9.14831469306029, 38.705582603772], [-9.14831461548032, 38.7055827269529], [-9.14826846195203, 38.705563485065], [-9.14819271382475, 38.7055319205667], [-9.14796459567143, 38.7054368677372], [-9.14796409610404, 38.705436659487], [-9.14796434397916, 38.7054363033251], [-9.14801395994808, 38.705364880524], [-9.14808401556447, 38.7052640271259], [-9.14809460826367, 38.7052487685764], [-9.14802101949271, 38.7052191570468], [-9.14801044521588, 38.7052149025231], [-9.14799817811546, 38.7052337787578], [-9.14793559377507, 38.7053300912347], [-9.14793555213672, 38.7053301546514], [-9.14793214309063, 38.7053354043165], [-9.14788631715306, 38.7054059249276], [-9.14788608199798, 38.7054062863835], [-9.14788586351701, 38.7054062009032], [-9.14726903918475, 38.7051523973359], [-9.14711126260109, 38.705086932553], [-9.14707051186045, 38.705070719529], [-9.14711397066307, 38.7050036463643], [-9.14715693324441, 38.704937339555], [-9.14718171592786, 38.7048990869654], [-9.14716212962855, 38.7048922712112], [-9.1471454776724, 38.7048864749212], [-9.14714533810589, 38.7048866860156], [-9.14712051019406, 38.7049245048092], [-9.14707820067594, 38.7049889485135], [-9.14703428864549, 38.7050558400327], [-9.14703405458575, 38.7050561978744], [-9.14685252208582, 38.7049820092131], [-9.14667889009483, 38.7049109288658], [-9.14663925666973, 38.7048948591386], [-9.14663942326488, 38.7048946081757], [-9.14663949529057, 38.7048944985558], [-9.14668031343818, 38.7048326919368], [-9.14668377326884, 38.7048274517759], [-9.14671422755052, 38.7047813366666], [-9.14674955978178, 38.704727835121], [-9.14674980965428, 38.7047274573254], [-9.14671178032964, 38.7047110052923], [-9.14671166891317, 38.7047111747059], [-9.14667486317684, 38.7047674643472], [-9.14664579595647, 38.7048119180766], [-9.14660309584742, 38.704877220748], [-9.14660285838862, 38.7048775822215], [-9.14660255544202, 38.704877457836], [-9.14637461499372, 38.7047786539474], [-9.14632792759567, 38.7047743744289], [-9.14634093171091, 38.7046872256175], [-9.14634617119319, 38.7046520989504], [-9.14634623855381, 38.7046516587811], [-9.14630245800684, 38.7046459578373], [-9.14630226681877, 38.7046459324703], [-9.14630047843962, 38.7046619234764], [-9.14629945356384, 38.7046710852837], [-9.14629167699865, 38.704740672032], [-9.14629162595859, 38.704741128274], [-9.14628825038614, 38.7047713195733], [-9.14628820608286, 38.7047716829755], [-9.14626872707418, 38.7047714022726], [-9.14617181209091, 38.7047893543265], [-9.14616447968153, 38.7047637471466], [-9.14616445792399, 38.7047636716688], [-9.14616162000016, 38.7047537605448], [-9.14616147436445, 38.704753786128], [-9.14610787851871, 38.7047633106304], [-9.14592398017601, 38.7047959909104], [-9.14591030449722, 38.7047494439505], [-9.14590129907216, 38.7047187509729], [-9.14587543031097, 38.7046305967455], [-9.14587540728999, 38.7046305131714], [-9.14587539274708, 38.7046304601508], [-9.14587536987856, 38.7046303873849], [-9.14587534592414, 38.7046303191324], [-9.14584513911463, 38.7045273610568], [-9.14584056700853, 38.7045117791589], [-9.14583427161649, 38.7044903246239], [-9.14583417381116, 38.7044899921788], [-9.14582755348297, 38.7044674243789], [-9.14582752327325, 38.704467320149], [-9.14582784432744, 38.7044672615192], [-9.14608080232877, 38.7044216882273], [-9.14608090095139, 38.7044216711586], [-9.14608081396015, 38.7044213719493], [-9.1460691430842, 38.7043815851802], [-9.14606899088466, 38.7043810640405], [-9.14606158920645, 38.7043558375856], [-9.1456730903749, 38.7044258322971], [-9.1456729390179, 38.7044258597308], [-9.1456727704702, 38.7044258909165], [-9.14569149213087, 38.7044896857725], [-9.14569163699939, 38.7044901763493], [-9.14569209107572, 38.7044917244779], [-9.14574350740519, 38.7044824604543], [-9.14574355326889, 38.704482614993], [-9.14576227887568, 38.7045464395286], [-9.14576238025611, 38.7045467809507], [-9.145791183769, 38.7046449626027], [-9.14579122133275, 38.7046450991974], [-9.1457912500119, 38.704645176417], [-9.1457912668028, 38.704645225815], [-9.1458094007616, 38.7047070340927], [-9.1458094635563, 38.7047072479368], [-9.1458095323777, 38.7047074815461], [-9.14581584107467, 38.7047289819066], [-9.14582730759147, 38.7047680597459], [-9.14583979942161, 38.7048106327757], [-9.14583988877476, 38.7048109364688], [-9.14536211165951, 38.7048958386039], [-9.1453556617396, 38.7048738530149], [-9.14533502985854, 38.7048035493231], [-9.14533450100469, 38.7048017523217], [-9.14531285343124, 38.7047279776664], [-9.14531281719559, 38.7047278536711], [-9.14531277973429, 38.7047277242816], [-9.14526609467448, 38.7045686003243], [-9.14526605843898, 38.704568476329], [-9.14526637949411, 38.7045684177007], [-9.14541302760695, 38.7045419998774], [-9.14541294061834, 38.7045417006675], [-9.14539385098422, 38.7044766586556], [-9.14539370609236, 38.7044761662771], [-9.14513590620334, 38.7045226096214], [-9.14500159151922, 38.704546802603], [-9.14500127047664, 38.7045468621312], [-9.14502059176749, 38.7046127039063], [-9.14518203198073, 38.7045836163233], [-9.1451950993451, 38.7046281472649], [-9.14522853643093, 38.7047420915077], [-9.14522857389209, 38.7047422208972], [-9.14522860897817, 38.7047423449025], [-9.14525051490749, 38.7048170010121], [-9.14525282143791, 38.7048248620568], [-9.14525912254991, 38.7048463246803], [-9.14527266225202, 38.7048924693407], [-9.14527794793197, 38.7049104817198], [-9.14527803492052, 38.7049107809298], [-9.14500924597801, 38.7049585505081], [-9.14486250130435, 38.704984631768], [-9.14485900037849, 38.7049852529804], [-9.1448037896157, 38.7049950647004], [-9.14479885181641, 38.7049782365306], [-9.14477448290478, 38.7048951891697], [-9.14476936038311, 38.7048777329445], [-9.14475484532206, 38.7048282655418], [-9.14475482361674, 38.7048281936664], [-9.14475479808234, 38.7048280948004], [-9.14475477283986, 38.7048280166501], [-9.14475475717366, 38.7048279654406], [-9.14475473791954, 38.7048279043535], [-9.14472195342061, 38.7047161675682], [-9.14470811339023, 38.7046689958361], [-9.1447084344463, 38.7046689372095], [-9.14475150446573, 38.7046611789888], [-9.14475141749239, 38.7046608806791], [-9.14473218340669, 38.7045953371666], [-9.14460697881239, 38.7046178952101], [-9.14445146995583, 38.7046459110018], [-9.14445095051619, 38.704646004673], [-9.14433733854415, 38.7046664723105], [-9.14433701748776, 38.7046665309362], [-9.14433709000641, 38.7046667825302], [-9.14434623485541, 38.7046979545471], [-9.14435632889668, 38.7047323648009], [-9.14462409575689, 38.7046841263461], [-9.14462412467593, 38.7046842206789], [-9.14463599024236, 38.7047246607839], [-9.14467038323618, 38.7048418893062], [-9.14467043147285, 38.7048420492295], [-9.14467047856008, 38.7048422091627], [-9.14469002200813, 38.7049088210453], [-9.14469450329322, 38.7049240921007], [-9.14472149521528, 38.7050160949575], [-9.14473009683206, 38.7050454124111], [-9.14435864392138, 38.7051127357772], [-9.14396263569097, 38.7051863046533], [-9.14383241063348, 38.70494136164], [-9.14380909483496, 38.7049387527234], [-9.14353939835569, 38.7050266677766], [-9.14343967357918, 38.7050676327149], [-9.14337689376856, 38.7050920731393], [-9.14324007840874, 38.7051465909882], [-9.14319806442954, 38.7051598253416], [-9.14317048629388, 38.7051614922378], [-9.14317040589591, 38.7051614974363], [-9.14314260275857, 38.7051631869879], [-9.14311271118604, 38.7051595096506], [-9.14311266231639, 38.7051609387257], [-9.14309989691382, 38.7055359677005], [-9.14409549211016, 38.7055559931658], [-9.14408817255623, 38.7058821027571]]]}, "properties": {"zona": "052", "zonaNR": "Avenida Braslia"}}, {"type": "Feature", "geometry": {"type": "Polygon", "coordinates": [[[-9.15444776064898, 38.7433603190325], [-9.15476240176938, 38.7437915326414], [-9.15483092835494, 38.743885447476], [-9.1548869871664, 38.7439622752996], [-9.15494482319379, 38.7441389249937], [-9.15495721925747, 38.7441767873511], [-9.15500094226191, 38.7443103308894], [-9.15501188448813, 38.7443437533775], [-9.15526120269087, 38.7450292836755], [-9.15553099860616, 38.7458299587886], [-9.15628633239127, 38.7464079962566], [-9.15675631403175, 38.7468123277695], [-9.15684069415254, 38.7469359436462], [-9.1572744619636, 38.7468205339931], [-9.15783533660398, 38.7466713028364], [-9.15827619149973, 38.7465167360674], [-9.15896558091173, 38.746289212101], [-9.15984805278826, 38.745997951258], [-9.16178851452264, 38.7452485786417], [-9.16179792299612, 38.7452449440533], [-9.15989312412983, 38.7424873016052], [-9.15939584178508, 38.7417998265662], [-9.15915327765828, 38.7414644846633], [-9.15916938306865, 38.7414638947003], [-9.15969125599492, 38.741444799093], [-9.15966569342645, 38.7410163154516], [-9.15885720891931, 38.7410551673939], [-9.15847767587701, 38.7405304533695], [-9.15815404055547, 38.740520995267], [-9.15762908888455, 38.7405239725225], [-9.15721056405812, 38.7405586612496], [-9.15675885370381, 38.7406298632244], [-9.15635940957096, 38.7407252838087], [-9.15596500246699, 38.7408466123401], [-9.15553477170624, 38.741007018131], [-9.15529930076545, 38.7411120794717], [-9.15408282423803, 38.7416743854047], [-9.15328430288094, 38.742049061873], [-9.15283666374727, 38.7422558172076], [-9.15240728229166, 38.7424716284437], [-9.15200991022208, 38.7426953661321], [-9.15140509242417, 38.7430838670636], [-9.15125613108514, 38.7429053096655], [-9.15106414758124, 38.7430109124062], [-9.15076370281023, 38.7431626487944], [-9.15049966486402, 38.7432881862123], [-9.15016763354912, 38.743438323267], [-9.15002642829597, 38.7434985072311], [-9.14984611606967, 38.743566405917], [-9.14986539305754, 38.7435903017766], [-9.14969776243798, 38.7436714107137], [-9.14978992096873, 38.7440086976535], [-9.14964343261596, 38.7440793527798], [-9.14966101109672, 38.7441615090228], [-9.14970719085889, 38.7443773387368], [-9.14971249771272, 38.7444021416021], [-9.14977079409131, 38.7443940301498], [-9.15034964275999, 38.744313478603], [-9.15044795215531, 38.7443037115461], [-9.15056687076629, 38.7443026764665], [-9.15066363614602, 38.7443099808094], [-9.15078285771691, 38.7443302869422], [-9.15090180225192, 38.7443642107105], [-9.15099076444253, 38.7444007419959], [-9.15175280916148, 38.7447687546508], [-9.15178654797011, 38.7447793132597], [-9.15183168739441, 38.7447738178193], [-9.15186839418242, 38.744748305683], [-9.152016078372, 38.7444314234763], [-9.15204809475578, 38.7443240448167], [-9.15205669488312, 38.7442499974957], [-9.15204318069821, 38.744150355317], [-9.15199380570189, 38.7439881825597], [-9.1520591528708, 38.7438295136778], [-9.15222021588963, 38.7437204974014], [-9.15243014796426, 38.7436928423067], [-9.15263344417072, 38.7437563256547], [-9.15264156045767, 38.7437058073736], [-9.15266826300416, 38.7436609595477], [-9.15270655573107, 38.7436325021641], [-9.15277067573344, 38.7435986723907], [-9.15397043988409, 38.7430522627396], [-9.15415333189538, 38.7433029189354], [-9.15434371130373, 38.7432177198001], [-9.15444776064898, 38.7433603190325]]]}, "properties": {"zona": "055", "zonaNR": "Bairro de Santos"}}, {"type": "Feature", "geometry": {"type": "Polygon", "coordinates": [[[-9.13213589388382, 38.7227118161193], [-9.13238211278968, 38.7228783933671], [-9.13249173870891, 38.7227766535934], [-9.1325026616114, 38.7227600821026], [-9.13257884810719, 38.7225392538689], [-9.13254576194448, 38.7225201932037], [-9.13258132677483, 38.7224038550407], [-9.13260402887199, 38.7224055291865], [-9.13268406046027, 38.7223149823125], [-9.13317173826592, 38.721602013841], [-9.13283952909476, 38.7214646276776], [-9.13315949824008, 38.7209871873655], [-9.13346226443562, 38.7211144583065], [-9.13363393719677, 38.7208627979952], [-9.13367326942322, 38.7208792646802], [-9.13376089918704, 38.7207613176117], [-9.13392957945025, 38.7205289530377], [-9.13400935502525, 38.7204209798867], [-9.13405123827868, 38.7203670361083], [-9.1341341043465, 38.7202607190836], [-9.13423372892432, 38.7201680000188], [-9.13434734087145, 38.7200014495699], [-9.13434881208591, 38.7199413399753], [-9.13421772900866, 38.7199286768633], [-9.13419963294668, 38.719937074034], [-9.13417759653233, 38.7199465498567], [-9.13415850224145, 38.7199534512521], [-9.13413170340695, 38.719961949954], [-9.13411782435375, 38.7199660232518], [-9.13410380538844, 38.7199691339023], [-9.13408399796305, 38.7199718977651], [-9.13406685869184, 38.7199730533927], [-9.13406537496825, 38.7200062376272], [-9.13375402102844, 38.7199931634923], [-9.13375493659258, 38.7199598760294], [-9.13346398672878, 38.7199472273029], [-9.13314326419755, 38.7199331507565], [-9.13321502986526, 38.7198556437557], [-9.13338235252146, 38.7196249733239], [-9.1334574053212, 38.719519203735], [-9.13350298394752, 38.7194114037124], [-9.13351445129427, 38.7192988493507], [-9.13350773801156, 38.7192133625162], [-9.13350212150182, 38.7191404818381], [-9.1335239889601, 38.7191359700319], [-9.13351504010936, 38.7191075276436], [-9.13346830485828, 38.7189589911743], [-9.13341993523414, 38.7189273585923], [-9.13340589405787, 38.7189399159184], [-9.13340754255887, 38.7189506148918], [-9.13340928582003, 38.7189616778738], [-9.13341132485349, 38.7189749047215], [-9.133422172285, 38.719044607707], [-9.13342800214783, 38.7191988628987], [-9.13341237852301, 38.7194056374588], [-9.13334713206219, 38.7195256402532], [-9.13311344862336, 38.7198362494556], [-9.13308097939464, 38.7198796091902], [-9.1330424116588, 38.7199368445757], [-9.13297644518283, 38.7199887537123], [-9.13287495118762, 38.7200490737311], [-9.13275969837929, 38.7201122136749], [-9.13240826552541, 38.7203070860597], [-9.13210595421615, 38.7204790179434], [-9.13201476844977, 38.7205365467668], [-9.13195907273088, 38.7205829628429], [-9.13190840202893, 38.7206599627668], [-9.13187481374469, 38.7207251064835], [-9.13182502044705, 38.7208651540599], [-9.13160514495224, 38.7215903652012], [-9.13147609273883, 38.7219842110203], [-9.13147020959462, 38.7220572251055], [-9.13147813565429, 38.7221310220505], [-9.13148681038747, 38.7221759873787], [-9.13150579505488, 38.7222181622943], [-9.13153527768293, 38.7222710570089], [-9.13156332233694, 38.722303245869], [-9.13160877587117, 38.7223469962809], [-9.13169127146281, 38.7224084460425], [-9.13213589388382, 38.7227118161193]]]}, "properties": {"zona": "05G", "zonaNR": "Arroios(G)"}}, {"type": "Feature", "geometry": {"type": "Polygon", "coordinates": [[[-9.12013175018876, 38.7411816464945], [-9.1203670196513, 38.7410204817525], [-9.12037275079954, 38.7410165473563], [-9.12074280500309, 38.7407627541527], [-9.12103698319583, 38.7407028719349], [-9.12121677155247, 38.7406662450466], [-9.12148866025216, 38.7406108828912], [-9.12153421417911, 38.7405780694023], [-9.12182073125537, 38.7405873564987], [-9.1224449347717, 38.7406457606425], [-9.12264185331333, 38.7406641813368], [-9.12268628996198, 38.7406255361636], [-9.12240919353789, 38.7403581737448], [-9.12237971865655, 38.7403297547838], [-9.12239815580539, 38.7403170156662], [-9.12259914787506, 38.740178298578], [-9.12239935863027, 38.7395182559631], [-9.12227123306642, 38.7390948159494], [-9.12222590662086, 38.7390264695124], [-9.12227706009483, 38.7389827989149], [-9.12230638843266, 38.7389411145634], [-9.12232342713524, 38.7389256570075], [-9.12234859035625, 38.7389155354106], [-9.12244837900253, 38.7388957743663], [-9.1225021802211, 38.7388773032749], [-9.12252266885022, 38.7388618164895], [-9.12255430941274, 38.7388210132907], [-9.12259538604086, 38.7387972451465], [-9.12263779908017, 38.7387869774682], [-9.12293748732846, 38.7387511110541], [-9.12299521078403, 38.7387668363993], [-9.1230530088738, 38.7387879658009], [-9.12313181778128, 38.7388314368793], [-9.12322723663237, 38.7389116994464], [-9.12324290144449, 38.7389282772436], [-9.12325648094651, 38.7389423468979], [-9.12376461945048, 38.7386650150906], [-9.12480311476984, 38.7382930988393], [-9.12496000405453, 38.738236913449], [-9.12564416609814, 38.7380490528815], [-9.12589093644624, 38.7379812945027], [-9.12629192191267, 38.7379122299252], [-9.12650375039476, 38.7378757433667], [-9.1264314999829, 38.7377495239581], [-9.12604667647744, 38.7370770235991], [-9.12575381740351, 38.7364175229902], [-9.12532407874303, 38.735922405985], [-9.12455226483853, 38.7352989445073], [-9.12446305863079, 38.7352269175081], [-9.12331487356026, 38.7342890215305], [-9.12294531065708, 38.7339521043723], [-9.1223947493252, 38.733507902841], [-9.12207965095525, 38.7333337445451], [-9.12171278551214, 38.7331917308986], [-9.12161698593479, 38.7331665983661], [-9.12100941106045, 38.733007250804], [-9.12035787111451, 38.732795124928], [-9.11952466637266, 38.732869897885], [-9.11890453681267, 38.7328926943981], [-9.11888763946835, 38.7328932872849], [-9.11861835102971, 38.7328717770433], [-9.11720352550511, 38.7327588470152], [-9.11815238144327, 38.7344715806008], [-9.118318991772, 38.7349731183809], [-9.11836205631417, 38.7369894866654], [-9.11840365160311, 38.7376253418938], [-9.11842035764435, 38.7377848402866], [-9.11849616541078, 38.7380562865635], [-9.11866483424294, 38.7384539814959], [-9.1186086330491, 38.7385657484016], [-9.11855325904702, 38.7387711909994], [-9.11847265086769, 38.7389891879581], [-9.118464780454, 38.739000649251], [-9.1184547980229, 38.739014092061], [-9.11844845665524, 38.7390196493204], [-9.11844156389535, 38.7390244185354], [-9.11843306186815, 38.7390284176307], [-9.11842401286845, 38.7390320339978], [-9.11840535561617, 38.7390369023755], [-9.11839040428818, 38.7390386047765], [-9.11837650612187, 38.7390391092607], [-9.11836417415231, 38.7390372494895], [-9.11835504523506, 38.7390349663737], [-9.11834323223223, 38.7390315348578], [-9.1183324582946, 38.7390267163797], [-9.11832379323786, 38.7390189345545], [-9.11830803138062, 38.7390009886162], [-9.11816261954355, 38.7387356317381], [-9.11814545368196, 38.7387318489639], [-9.11812616962664, 38.7387304350893], [-9.11811065620533, 38.7387305658145], [-9.1180935551799, 38.7387315026076], [-9.11807060379539, 38.7387352270855], [-9.11805888609051, 38.7387396495956], [-9.11804349749405, 38.7387480304645], [-9.1177786877787, 38.7389622029893], [-9.11781161848536, 38.7390288783427], [-9.11789275194498, 38.7391078243705], [-9.11810572627375, 38.7393149223072], [-9.1183622999662, 38.7395644397158], [-9.11934394252242, 38.7404756841773], [-9.12013175018876, 38.7411816464945]]]}, "properties": {"zona": "07A", "zonaNR": "Beato(A)"}}, {"type": "Feature", "geometry": {"type": "Polygon", "coordinates": [[[-9.19455533299649, 38.7557710570458], [-9.19458817310865, 38.7557777218167], [-9.19461325162373, 38.7557974409039], [-9.19462388084708, 38.7558057990794], [-9.19467197774664, 38.7558436183279], [-9.19473538507638, 38.7559304179775], [-9.19494536515797, 38.755636360736], [-9.19502862616223, 38.7554816583912], [-9.19533757375362, 38.7549567988931], [-9.19588339619813, 38.7541818705666], [-9.19617040201768, 38.7536785946347], [-9.19708172888499, 38.7524184338971], [-9.19722508376178, 38.7522134742634], [-9.19729203017278, 38.7520839595697], [-9.19733206017911, 38.751975548375], [-9.19735992826115, 38.75186059655], [-9.1973764058299, 38.7517261330574], [-9.19750898519226, 38.7505299342195], [-9.19735704161237, 38.7505224820811], [-9.19518956425074, 38.7499944406722], [-9.19418470070175, 38.7497868288814], [-9.19148928401135, 38.7492989756096], [-9.1908342540839, 38.7491672388803], [-9.18931315208278, 38.7488843545657], [-9.1892675288542, 38.7489957087713], [-9.18926475190589, 38.7490024897185], [-9.18913048169069, 38.7493301953427], [-9.1888602115789, 38.749981658283], [-9.18882119914842, 38.7500640537488], [-9.18852843028319, 38.7506823902117], [-9.18829676731421, 38.7510948413818], [-9.18818497593618, 38.7512938781234], [-9.18793145364105, 38.7516774666981], [-9.18784145156345, 38.7518150173649], [-9.18747060462639, 38.7523183720386], [-9.18738001301698, 38.7524415313928], [-9.1873894316274, 38.7524464313525], [-9.18746016921912, 38.7524832332871], [-9.18806309380649, 38.7528056767918], [-9.18819439153286, 38.7528762675766], [-9.18831139710396, 38.7529420608787], [-9.18860945174705, 38.7531142155136], [-9.18936963747533, 38.7535180766235], [-9.18952460356612, 38.7536021276322], [-9.18999044330021, 38.7538547879414], [-9.19073036560613, 38.7542606518859], [-9.19132601932979, 38.7545561207137], [-9.19145486447762, 38.7546342226726], [-9.19163807643085, 38.7547325500419], [-9.19215572963129, 38.755120600497], [-9.19253209264415, 38.755366705485], [-9.19261054325242, 38.7554596754053], [-9.1929409845985, 38.7556341329748], [-9.19302801182546, 38.7556846882036], [-9.19314982616631, 38.7557538442261], [-9.19324708593272, 38.7557961994678], [-9.19332104781796, 38.7558189488262], [-9.19350329239564, 38.7558515251096], [-9.19376772800465, 38.7558410186193], [-9.19419572779012, 38.755766872918], [-9.19431489915444, 38.7557628111532], [-9.1944118928916, 38.755759505535], [-9.19449471016627, 38.7557587534758], [-9.19455533299649, 38.7557710570458]]]}, "properties": {"zona": "09C", "zonaNR": "Benfica(C)"}}, {"type": "Feature", "geometry": {"type": "Polygon", "coordinates": [[[-9.19332470018839, 38.7441686444757], [-9.1922550767046, 38.7442799244749], [-9.19049091728044, 38.7444791048985], [-9.18984203911322, 38.7445575273418], [-9.18985748136479, 38.7448003914773], [-9.18987684279949, 38.7451049128659], [-9.18983131290174, 38.745535357397], [-9.18976579658277, 38.7460145346611], [-9.18973820044867, 38.7462500681271], [-9.18960861054324, 38.747305896345], [-9.18944901355776, 38.7482061018394], [-9.18940219218455, 38.7484701979024], [-9.18934067205761, 38.7488171841845], [-9.18931315208278, 38.7488843545657], [-9.1908342540839, 38.7491672388803], [-9.19148928401135, 38.7492989756096], [-9.19418470070175, 38.7497868288814], [-9.19518956425074, 38.7499944406722], [-9.19735704161237, 38.7505224820811], [-9.19750898519226, 38.7505299342195], [-9.19806633346774, 38.7506714429656], [-9.19848719507373, 38.7507294937928], [-9.19888781351006, 38.7507375317403], [-9.19948415843535, 38.7507127472739], [-9.20060956483599, 38.7506041485393], [-9.20084106447515, 38.7505938440721], [-9.20081469196318, 38.7502308915349], [-9.20078314549257, 38.7493347146973], [-9.2009740350388, 38.7486467855623], [-9.20072113037299, 38.7483774494859], [-9.20057538665327, 38.7482560079211], [-9.20049244876245, 38.7481682781259], [-9.20042758364802, 38.7480524743712], [-9.2003799313586, 38.7479097088942], [-9.20037084954565, 38.7478013694291], [-9.20063609938458, 38.7450523285017], [-9.19823592637991, 38.7449241683689], [-9.19807093652634, 38.7448846853132], [-9.197132034565, 38.7448366021346], [-9.19685682579552, 38.7445337234742], [-9.19589006734523, 38.744160854134], [-9.19493628009093, 38.7441221053844], [-9.19428545337707, 38.7441212482929], [-9.19332470018839, 38.7441686444757]]]}, "properties": {"zona": "09F", "zonaNR": "Benfica(F)"}}, {"type": "Feature", "geometry": {"type": "Polygon", "coordinates": [[[-9.16546672172622, 38.7224994387208], [-9.16567509064021, 38.7226695261288], [-9.16577130593663, 38.7228685417693], [-9.16584663875373, 38.7232037397552], [-9.16639878811161, 38.7231826835856], [-9.16843428527952, 38.7227855016301], [-9.16904071852693, 38.7226671619096], [-9.16962001981037, 38.7225644180076], [-9.17018920230545, 38.722463460788], [-9.17086851937323, 38.7223429643186], [-9.17087852034648, 38.7223415775089], [-9.17107489777254, 38.7223276464847], [-9.17126393625087, 38.7223142397034], [-9.17137282807789, 38.7223138491717], [-9.17165213293042, 38.7223128473783], [-9.17170603442347, 38.7223126549793], [-9.17177291928996, 38.7223204263513], [-9.17198148686714, 38.7223446625854], [-9.17200332379417, 38.7223471988138], [-9.17217055455256, 38.7223666279314], [-9.17229121771114, 38.7223914124688], [-9.17268042549093, 38.7224713603894], [-9.17324814224939, 38.7226063413908], [-9.17333872459734, 38.7226278767076], [-9.17411344051897, 38.7228120679473], [-9.17494366901417, 38.7230093089385], [-9.17496609907672, 38.7229593136291], [-9.17504213450953, 38.7227902936029], [-9.17506749466509, 38.7227224303015], [-9.17528301006168, 38.72214588471], [-9.17540754971203, 38.7217511536737], [-9.17544685424234, 38.7216066550346], [-9.17547689113838, 38.7212209410702], [-9.17546752354555, 38.7209797942001], [-9.17539162402509, 38.7206545666434], [-9.1753211750803, 38.7204575533086], [-9.17522035383862, 38.7201754341872], [-9.17517188674246, 38.7200601062262], [-9.17505301971611, 38.7197771569211], [-9.17501798838173, 38.719638838186], [-9.17496751835253, 38.7194397638954], [-9.17491241023238, 38.7190732747963], [-9.17490836814554, 38.7187948778656], [-9.1749134662218, 38.7186562014666], [-9.17492113615332, 38.7184467904401], [-9.17493198476923, 38.71835336332], [-9.17494219303736, 38.7182657249507], [-9.17500736757333, 38.7180110323745], [-9.17510705828717, 38.7176957695288], [-9.17539585491332, 38.7167822300882], [-9.1758470007737, 38.7152929906007], [-9.17592387041893, 38.7148700739153], [-9.17592741346221, 38.7148372068418], [-9.1759352089602, 38.714764433025], [-9.17598649156013, 38.7142896213746], [-9.17598212909273, 38.7142350816266], [-9.17597201572318, 38.7141087824646], [-9.17586040182554, 38.7136436208895], [-9.17569899789396, 38.7132882451853], [-9.17553888956337, 38.7129356771402], [-9.17529805810899, 38.7124232947045], [-9.17526142070483, 38.7123463427745], [-9.17516797933417, 38.7121515030996], [-9.17499929385791, 38.7121490700208], [-9.17439340213399, 38.7121404029587], [-9.17405357064691, 38.7121355174945], [-9.17401122795862, 38.7121349270353], [-9.17399737937938, 38.7121347350534], [-9.17347769367146, 38.7121272873668], [-9.17341629276403, 38.7121263996717], [-9.17307110265594, 38.7123128925191], [-9.17301645455499, 38.7123424488027], [-9.17307725108178, 38.7125630503564], [-9.1731133116039, 38.7126872228639], [-9.17314937219015, 38.7128113908526], [-9.17324781123725, 38.7131668619539], [-9.17325536264695, 38.7131659165047], [-9.17326693172451, 38.7131645344608], [-9.17328081243733, 38.713175179875], [-9.17331285528399, 38.7131759171832], [-9.17334100409126, 38.7131745947997], [-9.17335250252553, 38.7132877169081], [-9.17335710173709, 38.713333350388], [-9.17332578879425, 38.713631969615], [-9.17332068311718, 38.7136596691988], [-9.1733028713497, 38.7137566622619], [-9.17324833146604, 38.7139674812259], [-9.17304935630057, 38.7144222614602], [-9.17250496846484, 38.715296618442], [-9.17235967399001, 38.7155299707367], [-9.17227451595475, 38.7156667356629], [-9.17222957005121, 38.7157389296493], [-9.17216206993516, 38.7157946505094], [-9.17215049005285, 38.7158042107835], [-9.17213506185024, 38.71579462751], [-9.17210381380679, 38.7157804926282], [-9.17205411990589, 38.7157629185127], [-9.17197906948961, 38.7157410657607], [-9.17193460016719, 38.7157278626266], [-9.17166960625622, 38.7156492326073], [-9.17132547325779, 38.7155450954979], [-9.17080470975053, 38.7153911803974], [-9.17070885006558, 38.715361404441], [-9.17062209261627, 38.7153340662301], [-9.17055869882095, 38.7153140944498], [-9.17043976922613, 38.7152791182638], [-9.17039336730192, 38.7152654866981], [-9.17038319148841, 38.7152625052974], [-9.17020423560696, 38.7152109464708], [-9.17014495761653, 38.7151910190253], [-9.17013375867141, 38.7151872503825], [-9.17006784113041, 38.7151608114514], [-9.17002528490813, 38.715144609914], [-9.16996841613645, 38.7151229594241], [-9.16994878189019, 38.7151168280436], [-9.16992226307646, 38.715111658501], [-9.16991567834108, 38.7151110115798], [-9.16990499309314, 38.7151100100805], [-9.16987857838106, 38.7151120458998], [-9.16984871487546, 38.7151141122958], [-9.16977416018892, 38.7151264836246], [-9.16953216743608, 38.7151682637447], [-9.16952857320047, 38.7151590994739], [-9.16948203730544, 38.7150407963931], [-9.16943067972539, 38.7149079351748], [-9.16934589827176, 38.7146897954187], [-9.16916914038642, 38.7142328613485], [-9.16902796415912, 38.7138512778176], [-9.16896943786538, 38.7136995633502], [-9.16884417007176, 38.7133844968568], [-9.16882853676605, 38.7133368936279], [-9.16880333000132, 38.7132632523744], [-9.16867649238456, 38.7129986436648], [-9.16856070345601, 38.7127825794646], [-9.1685194293304, 38.7127108820141], [-9.1684912162194, 38.7126678940767], [-9.16846893283687, 38.7126374646434], [-9.16844216817835, 38.7126151819754], [-9.16840036834353, 38.712586726928], [-9.1683528597323, 38.7125610247768], [-9.16831361890108, 38.712550562786], [-9.16826739362818, 38.7125448034783], [-9.1682411058894, 38.7125448993053], [-9.16821703014772, 38.712549616399], [-9.16802445007168, 38.7125891543164], [-9.16780570335729, 38.7126444620768], [-9.16770020290201, 38.7126667894064], [-9.16759356654972, 38.7126866495265], [-9.16753373013022, 38.7126889643145], [-9.1675142859043, 38.7126900533502], [-9.1673482172104, 38.7126545902399], [-9.16733063130569, 38.7126462919149], [-9.1672986571973, 38.7126312361427], [-9.16723940596881, 38.7126033070707], [-9.16718992306421, 38.7126001415934], [-9.16714051802251, 38.712602380131], [-9.16701587017245, 38.7126314870663], [-9.16700954180349, 38.7126329761821], [-9.16681967954268, 38.7126772802734], [-9.16657108112203, 38.7127452372888], [-9.16643832862618, 38.7127815395779], [-9.16617251199889, 38.7128451421874], [-9.16608996389041, 38.7128611849419], [-9.1660199183471, 38.7128672085202], [-9.1659279533288, 38.712868020969], [-9.16578975956058, 38.7128521267196], [-9.16568132222076, 38.7128287740163], [-9.16564098654862, 38.7128201115624], [-9.16535255967566, 38.7127505954399], [-9.16521225850358, 38.7127385150304], [-9.16520061037244, 38.7127375243012], [-9.16505395868395, 38.7127730487325], [-9.16491443729556, 38.7128247242294], [-9.16488357879454, 38.7131573871503], [-9.16486090665945, 38.7134197163826], [-9.16480297023452, 38.7136283095452], [-9.16476639370404, 38.7137232149823], [-9.16470287452168, 38.7138633975087], [-9.16457863692652, 38.714098698374], [-9.16451169419209, 38.71424071257], [-9.16441672338268, 38.7144325172705], [-9.16430741565524, 38.7146667853484], [-9.16424928039423, 38.7147816980837], [-9.16418309777941, 38.7148966817598], [-9.16404596532002, 38.7151149807994], [-9.16397024207076, 38.7152245626863], [-9.16390066838277, 38.7153252445738], [-9.16378934613814, 38.7154899035626], [-9.16378245666107, 38.7155001386902], [-9.16383011379729, 38.7155141437531], [-9.16397874353904, 38.7155578600629], [-9.16413564624025, 38.7217087749553], [-9.16546672172622, 38.7224994387208]]]}, "properties": {"zona": "10A", "zonaNR": "Campo de Ourique(A)"}}, {"type": "Feature", "geometry": {"type": "Polygon", "coordinates": [[[-9.15582151734652, 38.7207711239779], [-9.15614261474265, 38.721123115605], [-9.15664596676556, 38.7216758464158], [-9.15674061070446, 38.7217652855951], [-9.1569298469139, 38.7219485509997], [-9.15715286962608, 38.7221787303669], [-9.15738211558772, 38.7223050841548], [-9.15766702990539, 38.7224646390444], [-9.15786140090257, 38.7225723809964], [-9.1586639435572, 38.7229942979935], [-9.15947207715106, 38.7234285911693], [-9.15961701022777, 38.7235420707157], [-9.15966628269863, 38.7235806502123], [-9.16066389228007, 38.7242772014073], [-9.16300319395638, 38.7238179335508], [-9.16466068052554, 38.7235090331617], [-9.16612640798709, 38.7232358536318], [-9.16615049768995, 38.723231129629], [-9.16639878811161, 38.7231826835856], [-9.16584663875373, 38.7232037397552], [-9.16577130593663, 38.7228685417693], [-9.16567509064021, 38.7226695261288], [-9.16546672172622, 38.7224994387208], [-9.16413564620142, 38.7217087722533], [-9.16332146144911, 38.7212251249082], [-9.16304637115259, 38.7210730449497], [-9.16282764649932, 38.721021231655], [-9.16262311178991, 38.7210357322965], [-9.16242498095409, 38.7211886856256], [-9.16182099878576, 38.7210248602618], [-9.16092022894887, 38.7208282765012], [-9.16008697097153, 38.7206270490988], [-9.15900341372702, 38.720376875656], [-9.15875230493178, 38.7203291924422], [-9.15843114695924, 38.7203054300177], [-9.15816161016686, 38.7203131776272], [-9.15789114094679, 38.7203408203606], [-9.15752334907686, 38.7203904702819], [-9.15734753822137, 38.7204276359182], [-9.15713047279421, 38.7204931086659], [-9.1569052569087, 38.7205887161495], [-9.15655371667964, 38.7207612654905], [-9.15642062044704, 38.7208161399912], [-9.15632770619053, 38.7208331962335], [-9.15620119951762, 38.7208476008096], [-9.15604351781462, 38.7208325277434], [-9.15582151734652, 38.7207711239779]]]}, "properties": {"zona": "10B", "zonaNR": "Campo de Ourique(B)"}}, {"type": "Feature", "geometry": {"type": "Polygon", "coordinates": [[[-9.16397874353904, 38.7155578600629], [-9.16367190359793, 38.7156479415599], [-9.1633136407545, 38.715760094284], [-9.16297139378348, 38.7158667001101], [-9.16260386719657, 38.7159744283319], [-9.16235325148199, 38.7160568049728], [-9.16222285409063, 38.7161038930098], [-9.16204901646044, 38.716168478183], [-9.16190504275872, 38.716230998733], [-9.16173594501747, 38.7163054503915], [-9.16161944547051, 38.7163596217769], [-9.16161313899046, 38.7163539248297], [-9.16160278422915, 38.7163446207121], [-9.161579842044, 38.7163239386852], [-9.16145254584445, 38.7161863372022], [-9.16136370366689, 38.7160844288651], [-9.16123515546645, 38.7159396318487], [-9.16116949793695, 38.7158652745277], [-9.16101894200522, 38.7156947173006], [-9.16094405986863, 38.7156269013981], [-9.16093623610236, 38.715619778294], [-9.16089778303506, 38.7155840848498], [-9.16083986407108, 38.715553967235], [-9.16078226760703, 38.7155463664409], [-9.16072823605334, 38.7155468413706], [-9.16058308814009, 38.7155594669978], [-9.1599077802594, 38.7156357514121], [-9.15890719848724, 38.715759744671], [-9.15871793783348, 38.7157832005564], [-9.15823720673571, 38.7155726735143], [-9.15790091962614, 38.7154131421454], [-9.1572942347794, 38.7151254096862], [-9.15744792103963, 38.7146964638503], [-9.15751900498983, 38.7144980956006], [-9.15752869535716, 38.7144709798537], [-9.15754435632954, 38.7144271138872], [-9.15696265405252, 38.7144247086378], [-9.15669338447662, 38.7144556213853], [-9.15660085016652, 38.7144662500769], [-9.15640295575916, 38.7145064279492], [-9.15622642976712, 38.7145422253259], [-9.15591796920233, 38.7146311206587], [-9.15523253757952, 38.7148286270885], [-9.15500775563834, 38.7149023803295], [-9.15483450290376, 38.7149592074191], [-9.15458286313653, 38.7150417565459], [-9.15447864467738, 38.7150950839027], [-9.15436019411922, 38.7151554940729], [-9.1543197479569, 38.7151761511259], [-9.15425868761038, 38.7152073688953], [-9.15448405063568, 38.7155149028803], [-9.15452100301218, 38.7155665555052], [-9.15474699253213, 38.7159021060851], [-9.15486511022105, 38.7161712200798], [-9.15509674073232, 38.7170075585118], [-9.15518272853583, 38.717264792351], [-9.15560241832151, 38.7184370103605], [-9.15563309582563, 38.7187896704932], [-9.15567227607844, 38.7197397483194], [-9.15564165971754, 38.71981017751], [-9.15552353569378, 38.7200819070268], [-9.15554742812719, 38.7203222982855], [-9.15561059263595, 38.7204460544583], [-9.15567444367851, 38.7206098986153], [-9.15582151734652, 38.7207711239779], [-9.15604351781462, 38.7208325277434], [-9.15620119951762, 38.7208476008096], [-9.15632770619053, 38.7208331962335], [-9.15642062044704, 38.7208161399912], [-9.15655371667964, 38.7207612654905], [-9.1569052569087, 38.7205887161495], [-9.15713047279421, 38.7204931086659], [-9.15734753822137, 38.7204276359182], [-9.15752334907686, 38.7203904702819], [-9.15789114094679, 38.7203408203606], [-9.15816161016686, 38.7203131776272], [-9.15843114695924, 38.7203054300177], [-9.15875230493178, 38.7203291924422], [-9.15900341372702, 38.720376875656], [-9.16008697097153, 38.7206270490988], [-9.16092022894887, 38.7208282765012], [-9.16182099878576, 38.7210248602618], [-9.16242498095409, 38.7211886856256], [-9.16262311178991, 38.7210357322965], [-9.16282764649932, 38.721021231655], [-9.16304637115259, 38.7210730449497], [-9.16332146144911, 38.7212251249082], [-9.16413564624025, 38.7217087749553], [-9.16397874353904, 38.7155578600629]]]}, "properties": {"zona": "10C", "zonaNR": "Campo de Ourique(C)"}}, {"type": "Feature", "geometry": {"type": "Polygon", "coordinates": [[[-9.16819921143524, 38.7368342626621], [-9.16819396065873, 38.7369047333306], [-9.16818553900147, 38.7369682681169], [-9.16815564221392, 38.7370563871819], [-9.16812246561459, 38.7371323386677], [-9.16807398205673, 38.7372171993046], [-9.16749085982742, 38.7383531505137], [-9.1669654252705, 38.7396090691615], [-9.16706438415588, 38.7396863467337], [-9.16725388826152, 38.7399533469774], [-9.16737365306849, 38.7401220895017], [-9.16746779913504, 38.7402547336118], [-9.16834745085819, 38.7414076936412], [-9.1684657814261, 38.7415627855072], [-9.16848118253507, 38.7415803314601], [-9.16857020971566, 38.7416817546951], [-9.16887419072525, 38.7415082811405], [-9.16981648698824, 38.7409705293166], [-9.16991541911506, 38.7409077779506], [-9.16994755306827, 38.7408873955497], [-9.17020244553959, 38.7406977714507], [-9.17041626227846, 38.7405310308943], [-9.17053772283672, 38.7404200574332], [-9.17067602898602, 38.7402810100432], [-9.17077749263579, 38.7402188561173], [-9.17104792509292, 38.7398318207238], [-9.17108258394072, 38.7397630534464], [-9.17123356861298, 38.7394671565419], [-9.17131991596197, 38.7392348883741], [-9.17144262506257, 38.7392103780629], [-9.17156658841436, 38.7391930627459], [-9.1717078666683, 38.7391800973689], [-9.17182865395314, 38.7391817264407], [-9.17194959783136, 38.7391941633937], [-9.17214212780688, 38.7392257811515], [-9.17234076032482, 38.7392816654802], [-9.1725754866102, 38.7393678551323], [-9.17277526939542, 38.7394511429204], [-9.17326612604213, 38.7391970375559], [-9.17389301973632, 38.7388725009891], [-9.17429942740149, 38.7365564720649], [-9.17451426747017, 38.7344097007495], [-9.17209006542946, 38.73636397419], [-9.17191621635704, 38.7365048984162], [-9.17181562728751, 38.7365492731072], [-9.17167418654472, 38.7365848857365], [-9.17150358291221, 38.7366112900247], [-9.17145040236734, 38.7366153115157], [-9.17134566395591, 38.7366233490207], [-9.17108423751526, 38.7366322734343], [-9.17092346300809, 38.7366377535719], [-9.17070039899921, 38.7366471652494], [-9.16998281253444, 38.7367082101811], [-9.16971153702901, 38.7367300001086], [-9.16965845753778, 38.7367342631005], [-9.16908376945146, 38.736757022083], [-9.16843259692022, 38.7368179724287], [-9.16819921143524, 38.7368342626621]]]}, "properties": {"zona": "11A", "zonaNR": "Campolide(A)"}}, {"type": "Feature", "geometry": {"type": "Polygon", "coordinates": [[[-9.16387470864816, 38.7338319347572], [-9.16355338630769, 38.7343490849521], [-9.16337712685618, 38.7345556219554], [-9.1633310932883, 38.7346095621828], [-9.16314622315936, 38.7347787831639], [-9.16295797713673, 38.7349420262629], [-9.16274788503418, 38.7351088925732], [-9.16250943055112, 38.7352846017567], [-9.16229561600526, 38.7354214228469], [-9.16207827754289, 38.7355419433467], [-9.16180647355391, 38.7356835797326], [-9.16144359249679, 38.7358371504331], [-9.16109964801254, 38.7359656738178], [-9.16067670307636, 38.7361086366478], [-9.16047744768768, 38.7361719566548], [-9.15921216072889, 38.7365972842266], [-9.15748436446131, 38.7371207472071], [-9.15724362112952, 38.7372058549423], [-9.15646281641004, 38.7374638417702], [-9.1564483232932, 38.7374686311107], [-9.15735754361235, 38.7384445557164], [-9.15775270741207, 38.7388687019189], [-9.15872946179579, 38.7384576024971], [-9.15892797789494, 38.7383739720564], [-9.15894305022984, 38.7383676234733], [-9.15935678003082, 38.738193328444], [-9.1594520367213, 38.7381531999055], [-9.15948870554508, 38.7381377528735], [-9.15983357564494, 38.7379924642907], [-9.15992103318615, 38.7379777357245], [-9.15997196154165, 38.7379691596715], [-9.15998732677954, 38.737966571857], [-9.16013887834385, 38.7379410498529], [-9.16025569512957, 38.7379213772014], [-9.16057798760145, 38.7379819977738], [-9.16073493976617, 38.7380115185774], [-9.16296323028903, 38.7384306131548], [-9.16373567720422, 38.7385758826413], [-9.16381178403104, 38.7385897142078], [-9.16465418683104, 38.7387427947777], [-9.16594578441225, 38.7389774917543], [-9.16595816028729, 38.7389835149367], [-9.16645356145687, 38.7392245928435], [-9.16669470856858, 38.7393976631866], [-9.1669654252705, 38.7396090691615], [-9.16749085982742, 38.7383531505137], [-9.16807398205673, 38.7372171993046], [-9.16812246561459, 38.7371323386677], [-9.16815564221392, 38.7370563871819], [-9.16818553900147, 38.7369682681169], [-9.16819396065873, 38.7369047333306], [-9.16819921488507, 38.7368342626315], [-9.16769540575282, 38.7368746397199], [-9.16723927332376, 38.7369067317231], [-9.16658416448738, 38.7369455797517], [-9.16653904934345, 38.736945474175], [-9.16649451126738, 38.7369398425752], [-9.16645164601162, 38.7369288238958], [-9.16641150981086, 38.7369126880448], [-9.16637509059334, 38.7368918334466], [-9.16634328478645, 38.7368667737348], [-9.16631687528564, 38.7368381253356], [-9.16629651401051, 38.7368065941097], [-9.16628270092062, 38.7367729557203], [-9.16627577573308, 38.7367380394913], [-9.1662021882986, 38.7359767068343], [-9.16619405014687, 38.7359279968005], [-9.16617918557151, 38.7358802704159], [-9.16615777413799, 38.7358340962874], [-9.16613006758306, 38.7357900234665], [-9.16609639778561, 38.7357485759745], [-9.16605716403919, 38.7357102475108], [-9.16542083092913, 38.7351537236487], [-9.1653812550614, 38.7351181849984], [-9.16534287991672, 38.7350818484461], [-9.16530573226682, 38.735044736276], [-9.16526983779815, 38.7350068752862], [-9.16523522104705, 38.7349682922846], [-9.16467254602605, 38.7343233522154], [-9.16464302779237, 38.7342908232488], [-9.16461199607109, 38.7342591705812], [-9.16457949401836, 38.7342284361671], [-9.16454556593999, 38.7341986619515], [-9.16451025729144, 38.7341698898689], [-9.16447361577588, 38.7341421582309], [-9.16443569369585, 38.7341155053086], [-9.16439654101491, 38.7340899666912], [-9.16435621113318, 38.7340655770372], [-9.16431475860033, 38.7340423709945], [-9.16395476238324, 38.7338485932553], [-9.16387470864816, 38.7338319347572]]]}, "properties": {"zona": "11B", "zonaNR": "Campolide(B)"}}, {"type": "Feature", "geometry": {"type": "Polygon", "coordinates": [[[-9.16387470864816, 38.7338319347572], [-9.16395476238324, 38.7338485932553], [-9.16431475860033, 38.7340423709945], [-9.16435621113318, 38.7340655770372], [-9.16439654101491, 38.7340899666912], [-9.16443569369585, 38.7341155053086], [-9.16447361577588, 38.7341421582309], [-9.16451025729144, 38.7341698898689], [-9.16454556593999, 38.7341986619515], [-9.16457949401836, 38.7342284361671], [-9.16461199607109, 38.7342591705812], [-9.16464302779237, 38.7342908232488], [-9.16467254602605, 38.7343233522154], [-9.16523522104705, 38.7349682922846], [-9.16526983779815, 38.7350068752862], [-9.16530573226682, 38.735044736276], [-9.16534287991672, 38.7350818484461], [-9.1653812550614, 38.7351181849984], [-9.16542083092913, 38.7351537236487], [-9.16605716403919, 38.7357102475108], [-9.16609639778561, 38.7357485759745], [-9.16613006758306, 38.7357900234665], [-9.16615777413799, 38.7358340962874], [-9.16617918557151, 38.7358802704159], [-9.16619405014687, 38.7359279968005], [-9.1662021882986, 38.7359767068343], [-9.16627577573308, 38.7367380394913], [-9.16628270092062, 38.7367729557203], [-9.16629651401051, 38.7368065941097], [-9.16631687528564, 38.7368381253356], [-9.16634328478645, 38.7368667737348], [-9.16637509059334, 38.7368918334466], [-9.16641150981086, 38.7369126880448], [-9.16645164601162, 38.7369288238958], [-9.16649451126738, 38.7369398425752], [-9.16653904934345, 38.736945474175], [-9.16658416448738, 38.7369455797517], [-9.16723927332376, 38.7369067317231], [-9.16769540575282, 38.7368746397199], [-9.16819921488507, 38.7368342626315], [-9.16843259692022, 38.7368179724287], [-9.16908376945146, 38.736757022083], [-9.16965845753778, 38.7367342631005], [-9.16971153702901, 38.7367300001086], [-9.16963967202005, 38.736357610242], [-9.16953961244423, 38.7360586652795], [-9.16939118371673, 38.7357250121455], [-9.16917045572249, 38.7353568636462], [-9.16890073965668, 38.7349440474305], [-9.16865122404155, 38.7345011266534], [-9.16848090639968, 38.7341229016783], [-9.16838338485292, 38.7337845066729], [-9.16833702873058, 38.7334713947622], [-9.16833263871353, 38.7331672703244], [-9.16834967050651, 38.732898051619], [-9.16840231882974, 38.7325987429434], [-9.168560636969, 38.7321808711504], [-9.16878934363367, 38.7316711251564], [-9.16911884293848, 38.7311253449542], [-9.16946234296786, 38.7306092439373], [-9.1698614514641, 38.7300663368072], [-9.1702097286011, 38.7296183968035], [-9.16975273493548, 38.7292492235728], [-9.16946583958603, 38.7290209205158], [-9.16886170699167, 38.7294716254908], [-9.16859183607378, 38.7296705693225], [-9.16842851544998, 38.7297646075481], [-9.1681522364526, 38.7298766624721], [-9.16792904610367, 38.7299221192936], [-9.16772856526424, 38.7299371173404], [-9.16756884380471, 38.7299252884074], [-9.16728538074882, 38.7298956645681], [-9.16700723161826, 38.729877343832], [-9.16673979899497, 38.7298891661252], [-9.16659608774258, 38.7299150011394], [-9.16637060829053, 38.7299812473266], [-9.16619406226241, 38.7300508268291], [-9.1659978231155, 38.7301727625376], [-9.16587089374523, 38.7302786902982], [-9.16576661208405, 38.7303825541354], [-9.16558734568775, 38.7306203612098], [-9.16524629166386, 38.7312375784993], [-9.16489060339331, 38.7319116103072], [-9.16472941618456, 38.7322123023812], [-9.16425690763244, 38.733083024299], [-9.16387470864816, 38.7338319347572]]]}, "properties": {"zona": "11E", "zonaNR": "Campolide(E)"}}, {"type": "Feature", "geometry": {"type": "Polygon", "coordinates": [[[-9.16028309871414, 38.7281449036791], [-9.16003651039528, 38.7284167851115], [-9.15990841656696, 38.7285074853026], [-9.15911831796389, 38.7290669408599], [-9.15730757506954, 38.7303490354258], [-9.15550326937607, 38.7316336768751], [-9.15721228706501, 38.7329633363355], [-9.15722699598823, 38.7329747735532], [-9.15723208041693, 38.7329787293954], [-9.1584835014928, 38.7339112222711], [-9.15915173869887, 38.7336367285847], [-9.15927146300383, 38.7338343070046], [-9.15909686580462, 38.7343153695978], [-9.15880167199133, 38.7343145353376], [-9.15855682923367, 38.7344708176019], [-9.15850064102406, 38.7346699731454], [-9.15829960928127, 38.7346292472812], [-9.15829321484342, 38.734627952184], [-9.15786265672365, 38.7357804980471], [-9.15768030926218, 38.7361465538651], [-9.15793213159155, 38.7362640606436], [-9.15765958184546, 38.7366310918445], [-9.15773846821839, 38.7366712915039], [-9.15776436129896, 38.7366844862238], [-9.15748436446131, 38.7371207472071], [-9.15921216072889, 38.7365972842266], [-9.16047744768768, 38.7361719566548], [-9.16067670307636, 38.7361086366478], [-9.16109964801254, 38.7359656738178], [-9.16144359249679, 38.7358371504331], [-9.16180647355391, 38.7356835797326], [-9.16207827754289, 38.7355419433467], [-9.16229561600526, 38.7354214228469], [-9.16250943055112, 38.7352846017567], [-9.16274788503418, 38.7351088925732], [-9.16295797713673, 38.7349420262629], [-9.16314622315936, 38.7347787831639], [-9.1633310932883, 38.7346095621828], [-9.16337712685618, 38.7345556219554], [-9.16355338630769, 38.7343490849521], [-9.1638747121108, 38.7338319356274], [-9.16371516589964, 38.7337376331111], [-9.16345553891112, 38.7336029917463], [-9.16322160083588, 38.7334384515815], [-9.16317099359884, 38.7333940285501], [-9.16311570993108, 38.733345170703], [-9.16306676161773, 38.7332993367918], [-9.16304119147975, 38.7332725745769], [-9.16301560871217, 38.7332458124675], [-9.16292988298091, 38.733124734793], [-9.16288021473095, 38.7330280218192], [-9.16283115124859, 38.7329004516202], [-9.16280283409483, 38.7327984881194], [-9.16279937977663, 38.7327765664242], [-9.16276710486703, 38.7326488474074], [-9.16272094918032, 38.7325042987708], [-9.16267482430563, 38.7324068248511], [-9.16258544642224, 38.7322587375065], [-9.16246183750372, 38.7321302823589], [-9.16230074178728, 38.7319683966079], [-9.16183574713837, 38.7315688163464], [-9.16165975154794, 38.7313982952656], [-9.16155926574877, 38.7312067419662], [-9.16154551892432, 38.7311495009185], [-9.16151290016703, 38.7309069605625], [-9.16148769137443, 38.7304545432356], [-9.16147743302839, 38.730281266573], [-9.16147460828579, 38.730183708467], [-9.16146930010019, 38.7301134569887], [-9.1614742789867, 38.7300620053802], [-9.16150725647633, 38.7299221638319], [-9.16156802035396, 38.7297768361475], [-9.16163912432687, 38.7296051856872], [-9.16173752364105, 38.7293955169739], [-9.16177785258724, 38.7292703024584], [-9.16179229540623, 38.7291820416355], [-9.16179421410432, 38.7291169700384], [-9.16178594525891, 38.7290383492969], [-9.16175752174425, 38.7289560145106], [-9.16173338755591, 38.7289025400678], [-9.16169020615028, 38.7288248210293], [-9.16162221441438, 38.7287546436463], [-9.16151331120433, 38.7286567576648], [-9.16140017130193, 38.728588193379], [-9.16119932187873, 38.7284874577555], [-9.16074441975002, 38.7282693751697], [-9.16056411855295, 38.7281892037978], [-9.16028309871414, 38.7281449036791]]]}, "properties": {"zona": "11F", "zonaNR": "Campolide(F)"}}, {"type": "Feature", "geometry": {"type": "Polygon", "coordinates": [[[-9.1702097286011, 38.7296183968035], [-9.17047759727631, 38.7292614594772], [-9.17092393379416, 38.7284939593595], [-9.17103750158463, 38.7282321900863], [-9.17110945416086, 38.7280739661156], [-9.17145628660451, 38.7270946170819], [-9.17213562394794, 38.7248836212845], [-9.17280660601874, 38.7236545865619], [-9.17305818697901, 38.7231937562832], [-9.1733616586176, 38.7226338223014], [-9.17336178298589, 38.7226333590918], [-9.17333872459734, 38.7226278767076], [-9.17324814224939, 38.7226063413908], [-9.17268042549093, 38.7224713603894], [-9.17229121771114, 38.7223914124688], [-9.17217055455256, 38.7223666279314], [-9.17200332379417, 38.7223471988138], [-9.17198148686714, 38.7223446625854], [-9.17177291928996, 38.7223204263513], [-9.17170603442347, 38.7223126549793], [-9.17165213294346, 38.7223128482789], [-9.17137282807789, 38.7223138491717], [-9.17126393625087, 38.7223142397034], [-9.17107489777254, 38.7223276464847], [-9.17087852034648, 38.7223415775089], [-9.17086851937323, 38.7223429643186], [-9.17018920230545, 38.722463460788], [-9.16962001981037, 38.7225644180076], [-9.16904071852693, 38.7226671619096], [-9.16843428527952, 38.7227855016301], [-9.16639879156079, 38.7231826835551], [-9.16639061032843, 38.7231929113261], [-9.1661217137728, 38.7234253285816], [-9.16583610871085, 38.7237212405851], [-9.16543680666279, 38.7241191520484], [-9.16594947642967, 38.724467285024], [-9.16605052065267, 38.7245001546142], [-9.16615097094586, 38.7244917724785], [-9.16621371712696, 38.7245249794453], [-9.1665939025098, 38.7246529283945], [-9.16668199210196, 38.7247834589366], [-9.16673588414708, 38.724867395976], [-9.16669822983584, 38.7264356064172], [-9.1666952798611, 38.7268042131499], [-9.16814677888964, 38.7279521847021], [-9.16854198365539, 38.7282714848314], [-9.16894569028064, 38.7286059225141], [-9.16946583958603, 38.7290209205158], [-9.16975273493548, 38.7292492235728], [-9.1702097286011, 38.7296183968035]]]}, "properties": {"zona": "11G", "zonaNR": "Campolide(G)"}}, {"type": "Feature", "geometry": {"type": "Polygon", "coordinates": [[[-9.16543680666279, 38.7241191520484], [-9.16522293856233, 38.7242335936007], [-9.16502693091506, 38.7243794415451], [-9.16467777140461, 38.724629655441], [-9.16438825893846, 38.724840877677], [-9.16414332934085, 38.7250122885235], [-9.16399401314492, 38.7250963064606], [-9.16382586470479, 38.7251910573665], [-9.16372053245476, 38.7252391061131], [-9.16358907521312, 38.7252912314087], [-9.16341857093129, 38.7253581312847], [-9.16299157757463, 38.7254971926511], [-9.16282996969718, 38.7255590859985], [-9.16275088706259, 38.7256022095633], [-9.16255157226549, 38.7260310490168], [-9.16242290500402, 38.7263235348074], [-9.16237032784603, 38.726474105553], [-9.16234825581502, 38.7265699371947], [-9.16232289669335, 38.7266482594746], [-9.16228820618139, 38.7267278889681], [-9.1622366415489, 38.7268311684961], [-9.16232940768654, 38.7268849394187], [-9.16235183301916, 38.7269274491273], [-9.16235114711863, 38.7269750977155], [-9.1623524365154, 38.7272933735332], [-9.16234665638513, 38.727566148045], [-9.16222696542037, 38.7275820106905], [-9.1620304611522, 38.7276164479253], [-9.16168732756613, 38.7276944669421], [-9.16159276092875, 38.7276900834146], [-9.16146053759215, 38.7276932013245], [-9.16133853893576, 38.7277116776242], [-9.16101930017341, 38.7277751800364], [-9.16075539670996, 38.7278571657001], [-9.16062548127906, 38.7279202727118], [-9.1604763128307, 38.7280202116547], [-9.16028309871414, 38.7281449036791], [-9.16056411855295, 38.7281892037978], [-9.16074441975002, 38.7282693751697], [-9.16119932187873, 38.7284874577555], [-9.16140017130193, 38.728588193379], [-9.16151331120433, 38.7286567576648], [-9.16162221441438, 38.7287546436463], [-9.16169020615028, 38.7288248210293], [-9.16173338755591, 38.7289025400678], [-9.16175752174425, 38.7289560145106], [-9.16178594525891, 38.7290383492969], [-9.16179421410432, 38.7291169700384], [-9.16179229540623, 38.7291820416355], [-9.16177785258724, 38.7292703024584], [-9.16173752364105, 38.7293955169739], [-9.16163912432687, 38.7296051856872], [-9.16156802035396, 38.7297768361475], [-9.16150725647633, 38.7299221638319], [-9.1614742789867, 38.7300620053802], [-9.16146930010019, 38.7301134569887], [-9.16147460828579, 38.730183708467], [-9.16147743302839, 38.730281266573], [-9.16148769137443, 38.7304545432356], [-9.16151290016703, 38.7309069605625], [-9.16154551892432, 38.7311495009185], [-9.16155926574877, 38.7312067419662], [-9.16165975154794, 38.7313982952656], [-9.16183574713837, 38.7315688163464], [-9.16230074178728, 38.7319683966079], [-9.16246183750372, 38.7321302823589], [-9.16258544642224, 38.7322587375065], [-9.16267482430563, 38.7324068248511], [-9.16272094918032, 38.7325042987708], [-9.16276710486703, 38.7326488474074], [-9.16279937977663, 38.7327765664242], [-9.16280283409483, 38.7327984881194], [-9.16283115124859, 38.7329004516202], [-9.16288021473095, 38.7330280218192], [-9.16292988298091, 38.733124734793], [-9.16301560871217, 38.7332458124675], [-9.16304119147975, 38.7332725745769], [-9.16306676161773, 38.7332993367918], [-9.16311570993108, 38.733345170703], [-9.16317099359884, 38.7333940285501], [-9.16322160083588, 38.7334384515815], [-9.16345553891112, 38.7336029917463], [-9.16371516589964, 38.7337376331111], [-9.1638747121108, 38.7338319356274], [-9.16425690763244, 38.733083024299], [-9.16472941618456, 38.7322123023812], [-9.16489060339331, 38.7319116103072], [-9.16524629166386, 38.7312375784993], [-9.16558734568775, 38.7306203612098], [-9.16576661208405, 38.7303825541354], [-9.16587089374523, 38.7302786902982], [-9.1659978231155, 38.7301727625376], [-9.16619406226241, 38.7300508268291], [-9.16637060829053, 38.7299812473266], [-9.16659608774258, 38.7299150011394], [-9.16673979899497, 38.7298891661252], [-9.16700723161826, 38.729877343832], [-9.16728538074882, 38.7298956645681], [-9.16756884380471, 38.7299252884074], [-9.16772856526424, 38.7299371173404], [-9.16792904610367, 38.7299221192936], [-9.1681522364526, 38.7298766624721], [-9.16842851544998, 38.7297646075481], [-9.16859183607378, 38.7296705693225], [-9.16886170699167, 38.7294716254908], [-9.16946583958603, 38.7290209205158], [-9.16894569028064, 38.7286059225141], [-9.16854198365539, 38.7282714848314], [-9.16814677888964, 38.7279521847021], [-9.1666952798611, 38.7268042131499], [-9.16669822983584, 38.7264356064172], [-9.16673588414708, 38.724867395976], [-9.16668199210196, 38.7247834589366], [-9.1665939025098, 38.7246529283945], [-9.16621371712696, 38.7245249794453], [-9.16615097094586, 38.7244917724785], [-9.16605052065267, 38.7245001546142], [-9.16594947642967, 38.724467285024], [-9.16543680666279, 38.7241191520484]]]}, "properties": {"zona": "11H", "zonaNR": "Campolide(H)"}}, {"type": "Feature", "geometry": {"type": "Polygon", "coordinates": [[[-9.16639879156079, 38.7231826835551], [-9.16615049770292, 38.7232311305296], [-9.16612640798709, 38.7232358536318], [-9.16466068052554, 38.7235090331617], [-9.16300319395638, 38.7238179335508], [-9.16066389228007, 38.7242772014073], [-9.15989115208668, 38.7244288878326], [-9.15887346626068, 38.7246360343909], [-9.15750348612681, 38.724813791739], [-9.15640308480836, 38.724882070189], [-9.15645266223225, 38.7249137879785], [-9.15705273218673, 38.725297679556], [-9.15794115244811, 38.726225802329], [-9.1595993253541, 38.7279579768093], [-9.15974264626198, 38.7281082375892], [-9.16003651039528, 38.7284167851115], [-9.16028309871414, 38.7281449036791], [-9.1604763128307, 38.7280202116547], [-9.16062548127906, 38.7279202727118], [-9.16075539670996, 38.7278571657001], [-9.16101930017341, 38.7277751800364], [-9.16133853893576, 38.7277116776242], [-9.16146053759215, 38.7276932013245], [-9.16159276092875, 38.7276900834146], [-9.16168732756613, 38.7276944669421], [-9.1620304611522, 38.7276164479253], [-9.16222696542037, 38.7275820106905], [-9.16234665638513, 38.727566148045], [-9.1623524365154, 38.7272933735332], [-9.16235114711863, 38.7269750977155], [-9.16235183301916, 38.7269274491273], [-9.16232940768654, 38.7268849394187], [-9.1622366415489, 38.7268311684961], [-9.16228820618139, 38.7267278889681], [-9.16232289669335, 38.7266482594746], [-9.16234825581502, 38.7265699371947], [-9.16237032784603, 38.726474105553], [-9.16242290500402, 38.7263235348074], [-9.16255157226549, 38.7260310490168], [-9.16275088706259, 38.7256022095633], [-9.16282996969718, 38.7255590859985], [-9.16299157757463, 38.7254971926511], [-9.16341857093129, 38.7253581312847], [-9.16358907521312, 38.7252912314087], [-9.16372053245476, 38.7252391061131], [-9.16382586470479, 38.7251910573665], [-9.16399401314492, 38.7250963064606], [-9.16414332934085, 38.7250122885235], [-9.16438825893846, 38.724840877677], [-9.16467777140461, 38.724629655441], [-9.16502693091506, 38.7243794415451], [-9.16522293856233, 38.7242335936007], [-9.16543680666279, 38.7241191520484], [-9.16583610871085, 38.7237212405851], [-9.1661217137728, 38.7234253285816], [-9.16639061032843, 38.7231929113261], [-9.16639879156079, 38.7231826835551]]]}, "properties": {"zona": "11I", "zonaNR": "Campolide(11I)"}}, {"type": "Feature", "geometry": {"type": "Polygon", "coordinates": [[[-9.17770304262235, 38.7700063315764], [-9.17815570720856, 38.769723043291], [-9.1784773003391, 38.7695255989366], [-9.17866149603399, 38.769428592048], [-9.17869653329523, 38.7694101396029], [-9.17896388546813, 38.769269158058], [-9.17937249051626, 38.7690536871191], [-9.17957897165326, 38.7693256749246], [-9.17968106235019, 38.7694616789805], [-9.1799791650073, 38.7698616567631], [-9.17999844142711, 38.7699209354346], [-9.18002354923845, 38.7699855665305], [-9.18009517639372, 38.7700840104256], [-9.18025530175141, 38.7703329920286], [-9.18039258978502, 38.7705938881712], [-9.18053105566814, 38.7708565751351], [-9.18064346088372, 38.7710681511873], [-9.18074013304261, 38.7712267222721], [-9.18086249865772, 38.7714111854693], [-9.18113091401855, 38.7718258387181], [-9.18124622047821, 38.7719995554594], [-9.18144749221886, 38.7723076175795], [-9.18154278002916, 38.7724499863725], [-9.1816288853046, 38.7725681074701], [-9.18171891758398, 38.7726916159437], [-9.18180661752411, 38.7727872121635], [-9.18194794070303, 38.7729300682601], [-9.18206802735285, 38.7730370837053], [-9.18223923879035, 38.7731778695986], [-9.18236949627894, 38.7732721825312], [-9.18260729207167, 38.7734316754721], [-9.1826478378286, 38.7734588697153], [-9.18275647598082, 38.7735317342945], [-9.18365881267434, 38.7729628290261], [-9.18452303547634, 38.7724141443881], [-9.1848788203076, 38.7721708568128], [-9.18527419352942, 38.7718647698374], [-9.18602485210923, 38.771278914378], [-9.18618513808706, 38.7711877499722], [-9.18609125281037, 38.7708270616975], [-9.18633376591467, 38.770556739148], [-9.18680800228798, 38.7702678013203], [-9.1877530746775, 38.7695844127855], [-9.18767897831913, 38.7695218135304], [-9.188013012354, 38.7691904049569], [-9.18780254093705, 38.7690205758787], [-9.18782673085579, 38.7687930102761], [-9.18763364662319, 38.7687938609572], [-9.18754566377535, 38.7687902950711], [-9.18746130783433, 38.7687884619212], [-9.18733750110481, 38.768777481395], [-9.18716957859841, 38.7687640431826], [-9.1870641677719, 38.768752121774], [-9.18695320704376, 38.7687360166617], [-9.18683956302933, 38.7687143499148], [-9.1867204461796, 38.7686819239653], [-9.18656492865949, 38.7686286667553], [-9.18633946637469, 38.7685355848923], [-9.18616499437153, 38.7684382598663], [-9.18596224894663, 38.7682865931488], [-9.18581589115684, 38.7681449203222], [-9.18568199250247, 38.7679513322493], [-9.18560859684677, 38.76780964153], [-9.18557806015439, 38.7677415114586], [-9.18553678188511, 38.7675304057314], [-9.18550580428122, 38.7673038219324], [-9.18541229657827, 38.7667031918559], [-9.18540134862501, 38.7666526567908], [-9.18519960885617, 38.7666771817461], [-9.18491503106289, 38.7666870396152], [-9.18455974232612, 38.7666353522782], [-9.18432177142179, 38.766586219865], [-9.18385615562247, 38.7664364902503], [-9.18359093340434, 38.7662944563672], [-9.18335423194326, 38.7661676949899], [-9.18285398227884, 38.7658204409139], [-9.18243978578724, 38.7654924876811], [-9.1819681639382, 38.7651190617835], [-9.1816330711134, 38.7648632191075], [-9.18153054052564, 38.7646498599056], [-9.18137555629053, 38.7642964532146], [-9.18094305035153, 38.7642410821948], [-9.18003059486428, 38.7642266221468], [-9.17982419459143, 38.7642247687163], [-9.17716115443387, 38.764224883629], [-9.1771615195332, 38.7642285411335], [-9.17716183745157, 38.764231724349], [-9.17716615404345, 38.7642749709236], [-9.17716590429283, 38.764424403394], [-9.1771648543319, 38.7650541563861], [-9.17717121304475, 38.7654904368922], [-9.17717417629467, 38.7656945359213], [-9.1771631620441, 38.7657034574483], [-9.17697064059246, 38.7658593860474], [-9.17698295907, 38.7661520291376], [-9.17699086923118, 38.7663547030709], [-9.17699764875606, 38.766528423456], [-9.17698440949584, 38.7667375124704], [-9.17698081316088, 38.7667943035612], [-9.17696248118722, 38.7669575082489], [-9.17693497584954, 38.7670873336395], [-9.17691426474764, 38.7673596861925], [-9.17689904257137, 38.7674994428369], [-9.17679513664657, 38.7684227680626], [-9.1767800190478, 38.7685697299629], [-9.1767728582858, 38.7686310468473], [-9.17676057516888, 38.7687356468407], [-9.17673753109054, 38.7688124187983], [-9.17670275930352, 38.7688739822457], [-9.1766663777159, 38.7689040328128], [-9.17674297297139, 38.7693438294486], [-9.1767628284576, 38.769522006241], [-9.17677669101381, 38.7696047540454], [-9.17678255281043, 38.7696911764125], [-9.17677506410085, 38.7699668814425], [-9.17677997232435, 38.7700668239939], [-9.17678925935907, 38.7701514142076], [-9.17681295590792, 38.7702773115267], [-9.17684773734906, 38.7703742849345], [-9.17690054595363, 38.7704449747505], [-9.17692077001155, 38.7704616710928], [-9.17694480246815, 38.7704815113598], [-9.17770304262235, 38.7700063315764]]]}, "properties": {"zona": "12B", "zonaNR": "Carnide(B)"}}, {"type": "Feature", "geometry": {"type": "Polygon", "coordinates": [[[-9.18153054052564, 38.7646498599056], [-9.1816330711134, 38.7648632191075], [-9.1819681639382, 38.7651190617835], [-9.18243978578724, 38.7654924876811], [-9.18285398227884, 38.7658204409139], [-9.18335423194326, 38.7661676949899], [-9.18359093340434, 38.7662944563672], [-9.18385615562247, 38.7664364902503], [-9.18432177142179, 38.766586219865], [-9.18455974232612, 38.7666353522782], [-9.18491503106289, 38.7666870396152], [-9.18519960885617, 38.7666771817461], [-9.18540134862501, 38.7666526567908], [-9.1856531466842, 38.7666035848379], [-9.18603541069686, 38.7665170887494], [-9.18663568871011, 38.7662931303165], [-9.18774725883857, 38.765756847369], [-9.18945958818084, 38.764827986994], [-9.18967353266541, 38.7646960968151], [-9.18982732588105, 38.7645555973389], [-9.19007299076699, 38.7643044349114], [-9.19045090450608, 38.7637201630676], [-9.19056946143673, 38.7633206373982], [-9.19064955800325, 38.7630429394972], [-9.19089983516804, 38.7620784007832], [-9.191114784259, 38.7613981733222], [-9.19122076472238, 38.7611541189248], [-9.19142141760592, 38.7608679506065], [-9.19208506908469, 38.7600149396053], [-9.19144166861544, 38.7598328904268], [-9.19065965254154, 38.7596540206309], [-9.19046494145641, 38.7596085202914], [-9.18980491028599, 38.7594542817346], [-9.18929421742025, 38.7593075301961], [-9.18876965852228, 38.7591807278057], [-9.18817291788914, 38.7590340900667], [-9.18810416931894, 38.7590171274596], [-9.18805439032522, 38.7590070286715], [-9.18801127345339, 38.7590064540203], [-9.1879551558239, 38.7590088791864], [-9.18790300452447, 38.7590151058484], [-9.18784834197101, 38.7590280659554], [-9.18777825118737, 38.7590574693662], [-9.18707321923616, 38.7593831764292], [-9.18695970776754, 38.759435994828], [-9.18688603073917, 38.7594874901251], [-9.1867958418339, 38.7595717343418], [-9.18660130545233, 38.7598720359976], [-9.18593936470135, 38.760052590797], [-9.18582480836733, 38.7600872776188], [-9.18580307498174, 38.7600938581007], [-9.18556777281763, 38.7601732830501], [-9.18533858899239, 38.7602298798442], [-9.18514216811796, 38.7602675351477], [-9.18500668589795, 38.7602917704308], [-9.18467522847023, 38.7602891404594], [-9.18442426444651, 38.7602892363877], [-9.18429271574513, 38.7603070660507], [-9.18361853305631, 38.7603039219457], [-9.18319840683088, 38.7603051483039], [-9.18321100091451, 38.761697542485], [-9.18325400051328, 38.7620707578347], [-9.18315281124529, 38.7621726722833], [-9.1828424259889, 38.7628173691997], [-9.18272468893736, 38.7630636484119], [-9.18256385250991, 38.7635731717082], [-9.18241711928985, 38.7640401954928], [-9.18229638517978, 38.7641669119599], [-9.18215092728049, 38.7642616023513], [-9.18197296389991, 38.7643301104065], [-9.18180806284953, 38.7643518217231], [-9.18137555629053, 38.7642964532146], [-9.18153054052564, 38.7646498599056]]]}, "properties": {"zona": "12C", "zonaNR": "Carnide(C)"}}, {"type": "Feature", "geometry": {"type": "Polygon", "coordinates": [[[-9.19679241907617, 38.7608506559499], [-9.19759671027813, 38.7609444409313], [-9.19786814961122, 38.7610772201454], [-9.19827226561849, 38.7611449063895], [-9.19843752968849, 38.7611619921174], [-9.19832956219468, 38.7610729659737], [-9.19820180690278, 38.7609676214089], [-9.1981936481836, 38.7608963000783], [-9.19818785471155, 38.7608456318538], [-9.19815887679899, 38.7605922682966], [-9.1981496632147, 38.7605502805081], [-9.19813349274594, 38.7605531040794], [-9.19793589670719, 38.7605876091189], [-9.19790924868099, 38.7605912712628], [-9.1978635658182, 38.760597547027], [-9.19785740872475, 38.7605273478162], [-9.19785412482875, 38.760489926073], [-9.1978642328036, 38.7604198624244], [-9.19789541869811, 38.7601805126262], [-9.1979791093829, 38.7596758267472], [-9.19803930942361, 38.7592816947812], [-9.19806208847619, 38.7591325497972], [-9.19807903545129, 38.7590728548141], [-9.19808604966579, 38.7590667358657], [-9.19791543337451, 38.7590506117623], [-9.19766727764755, 38.7589961233475], [-9.19738283452934, 38.7588996282563], [-9.19608744066286, 38.7585123722682], [-9.19535538130315, 38.7582973735042], [-9.19531096518523, 38.758284328559], [-9.19454479367113, 38.7580525829613], [-9.19430618262295, 38.7579430531689], [-9.1938810982571, 38.7577487407171], [-9.19382138639673, 38.7577281386724], [-9.19372846244271, 38.757696079228], [-9.19377447944871, 38.7576318828628], [-9.19379325099747, 38.7576056971055], [-9.19405082556883, 38.7572463669794], [-9.19442050104986, 38.7565737317637], [-9.19469736815029, 38.7560080879822], [-9.19473538507638, 38.7559304179775], [-9.19467197774664, 38.7558436183279], [-9.19462388084708, 38.7558057990794], [-9.19461325162373, 38.7557974409039], [-9.19458817310865, 38.7557777218167], [-9.19455533299649, 38.7557710570458], [-9.19449471016627, 38.7557587534758], [-9.1944118928916, 38.755759505535], [-9.19431489915444, 38.7557628111532], [-9.19419572779012, 38.755766872918], [-9.19376772800465, 38.7558410186193], [-9.19350329239564, 38.7558515251096], [-9.19332104781796, 38.7558189488262], [-9.19324708593272, 38.7557961994678], [-9.19314982616631, 38.7557538442261], [-9.19302801182546, 38.7556846882036], [-9.1929409845985, 38.7556341329748], [-9.19261054325242, 38.7554596754053], [-9.19253209264415, 38.755366705485], [-9.19215572963129, 38.755120600497], [-9.19177756886609, 38.7548371182972], [-9.19163807643085, 38.7547325500419], [-9.19145486447762, 38.7546342226726], [-9.19132601932979, 38.7545561207137], [-9.19073036560613, 38.7542606518859], [-9.18999044330021, 38.7538547879414], [-9.18952460356612, 38.7536021276322], [-9.18936963747533, 38.7535180766235], [-9.18860945174705, 38.7531142155136], [-9.18831139710396, 38.7529420608787], [-9.18819439153286, 38.7528762675766], [-9.18806309380649, 38.7528056767918], [-9.18755006492803, 38.7525313094567], [-9.18746016921912, 38.7524832332871], [-9.1873894316274, 38.7524464313525], [-9.18738001186679, 38.7524415314032], [-9.18699549930167, 38.7528946668158], [-9.1868510772112, 38.7530373464156], [-9.18645599706073, 38.7534276576259], [-9.18643263906949, 38.7534507479487], [-9.1862831142285, 38.7535892121414], [-9.18596301007038, 38.7538856423406], [-9.18566246237119, 38.7541321364553], [-9.18554300888666, 38.7542301090558], [-9.18538635135294, 38.7543555335801], [-9.18522549425197, 38.7544843168746], [-9.18446609997943, 38.755026713666], [-9.18442069076041, 38.7550542284043], [-9.18440147416367, 38.75506587269], [-9.1847952587525, 38.7555601694355], [-9.18508956154535, 38.7559295879648], [-9.18494971354602, 38.7561107170453], [-9.18483102846173, 38.7562825720577], [-9.1847646041731, 38.7563787533115], [-9.18444100074628, 38.7574817211826], [-9.18434446117317, 38.7577464828515], [-9.18444699134838, 38.7577644030991], [-9.18458048319583, 38.7577628914347], [-9.18491195893484, 38.7577362165083], [-9.18518149926452, 38.7577043953496], [-9.18538727463249, 38.7577173012057], [-9.18536384490492, 38.7579765141897], [-9.18533674027268, 38.7582763673824], [-9.18532000426028, 38.7584615228423], [-9.18515284311166, 38.7591409902719], [-9.18489087057761, 38.7601866775498], [-9.18487581295486, 38.7602907323513], [-9.18500668589795, 38.7602917704308], [-9.18514216811796, 38.7602675351477], [-9.18533858899239, 38.7602298798442], [-9.18556777281763, 38.7601732830501], [-9.18580307498174, 38.7600938581007], [-9.18582480836733, 38.7600872776188], [-9.18593936470135, 38.760052590797], [-9.18660130545233, 38.7598720359976], [-9.1867958418339, 38.7595717343418], [-9.18688603073917, 38.7594874901251], [-9.18695970776754, 38.759435994828], [-9.18707321923616, 38.7593831764292], [-9.18777825118737, 38.7590574693662], [-9.18784834197101, 38.7590280659554], [-9.18790300452447, 38.7590151058484], [-9.1879551558239, 38.7590088791864], [-9.18801127345339, 38.7590064540203], [-9.18805439032522, 38.7590070286715], [-9.18810416931894, 38.7590171274596], [-9.18817291788914, 38.7590340900667], [-9.18876965852228, 38.7591807278057], [-9.18929421742025, 38.7593075301961], [-9.18980491028599, 38.7594542817346], [-9.19046494145641, 38.7596085202914], [-9.19065965254154, 38.7596540206309], [-9.19144166861544, 38.7598328904268], [-9.19208506908469, 38.7600149396053], [-9.19254021843464, 38.7601342681502], [-9.19306328743392, 38.760266450089], [-9.19351263961735, 38.7603594471979], [-9.19404999574202, 38.7604397723597], [-9.19473466669955, 38.7605479998484], [-9.19679241907617, 38.7608506559499]]]}, "properties": {"zona": "12D", "zonaNR": "Carnide(D)"}}, {"type": "Feature", "geometry": {"type": "Polygon", "coordinates": [[[-9.18489087057761, 38.7601866775498], [-9.18515284311166, 38.7591409902719], [-9.18532000426028, 38.7584615228423], [-9.18533674027268, 38.7582763673824], [-9.18536384490492, 38.7579765141897], [-9.18538727463249, 38.7577173012057], [-9.18518149926452, 38.7577043953496], [-9.18491195893484, 38.7577362165083], [-9.18458048319583, 38.7577628914347], [-9.18444699134838, 38.7577644030991], [-9.18434446117317, 38.7577464828515], [-9.18444100074628, 38.7574817211826], [-9.1847646041731, 38.7563787533115], [-9.18483102846173, 38.7562825720577], [-9.18494971354602, 38.7561107170453], [-9.18509005148344, 38.7559289521083], [-9.1847952587525, 38.7555601694355], [-9.18440147416367, 38.75506587269], [-9.18362345136554, 38.7555372951792], [-9.18291369820994, 38.7559168566057], [-9.18265147867079, 38.7560442488882], [-9.18252247030152, 38.7561069215717], [-9.18169314596192, 38.7564380431953], [-9.18127524183924, 38.7566048951266], [-9.18106896405601, 38.7566758347144], [-9.18071825304476, 38.756796440536], [-9.18026407576516, 38.7569385191614], [-9.17963402602971, 38.7570982769053], [-9.17907608556233, 38.7572330738929], [-9.17906053707329, 38.7572358721449], [-9.17853439496822, 38.7573305729027], [-9.17851916197145, 38.757333314214], [-9.17850731613792, 38.7573354469258], [-9.17848282119725, 38.7573398510444], [-9.17839761212964, 38.757355173364], [-9.17826957243185, 38.7573781983834], [-9.17748340966789, 38.7575069304404], [-9.17689345820763, 38.757577047821], [-9.17653100961887, 38.7576046052755], [-9.17586788986687, 38.757634844588], [-9.17522534927156, 38.7576487726816], [-9.17494618090933, 38.7576603963712], [-9.17469515287388, 38.7577303355393], [-9.17450457309403, 38.7577572556753], [-9.17430964070828, 38.7578013291013], [-9.17416176646866, 38.7578537206134], [-9.17439064592462, 38.7580398546436], [-9.17470594247766, 38.7582509803983], [-9.17489887365156, 38.7583698752703], [-9.1750815857514, 38.7584742682882], [-9.17516428986882, 38.7585446024699], [-9.17536800416566, 38.7587087096455], [-9.17550559952263, 38.758835393275], [-9.17561855423502, 38.758928967675], [-9.17579047595775, 38.7590427338452], [-9.17623876341173, 38.7592136650671], [-9.17641750671762, 38.7592822403447], [-9.17659307422158, 38.7593302158426], [-9.17685103519108, 38.7594269981753], [-9.17707809473031, 38.7595347752442], [-9.17762970362415, 38.7597659599782], [-9.17811426554577, 38.7599690409534], [-9.17823447029054, 38.760019418626], [-9.17862835008198, 38.7600876878527], [-9.17862499051257, 38.7602516597938], [-9.17862044807019, 38.7603345721509], [-9.17860667676937, 38.7604157655061], [-9.1785715750201, 38.7605331808512], [-9.17848481981306, 38.7607375330509], [-9.17842996503583, 38.7608416133382], [-9.17835824936281, 38.7609728677813], [-9.17824533170692, 38.7611189031109], [-9.17814707249541, 38.7612290904518], [-9.17813439896954, 38.7612433018744], [-9.17809587876793, 38.7612841813788], [-9.17797135164232, 38.7614231140092], [-9.17786262670434, 38.7615411873186], [-9.17779129793228, 38.7616201927415], [-9.17774828103188, 38.761668318561], [-9.17760113963241, 38.7618344763103], [-9.17753660731315, 38.7619062146005], [-9.17748348641992, 38.7619715454254], [-9.17740677266813, 38.762075820556], [-9.17721861558171, 38.7623486362747], [-9.17702449531315, 38.7626070924807], [-9.17696371463692, 38.7626995148653], [-9.17695477423654, 38.7627176103048], [-9.17695042214224, 38.7627347639833], [-9.17694507489988, 38.7628392526003], [-9.17694977940682, 38.7629275364956], [-9.17699024795767, 38.7630992238799], [-9.1770324491274, 38.7633897986259], [-9.1771416479728, 38.7636986912102], [-9.17714935193668, 38.76399047483], [-9.17715669134309, 38.7641796368314], [-9.17715819161256, 38.7641951870899], [-9.17716115443387, 38.764224883629], [-9.17982419459143, 38.7642247687163], [-9.18003059486428, 38.7642266221468], [-9.18094305035153, 38.7642410821948], [-9.18137555629053, 38.7642964532146], [-9.18180806284953, 38.7643518217231], [-9.18197296389991, 38.7643301104065], [-9.18215092728049, 38.7642616023513], [-9.18229638517978, 38.7641669119599], [-9.18241711928985, 38.7640401954928], [-9.18256385250991, 38.7635731717082], [-9.18272468893736, 38.7630636484119], [-9.1828424259889, 38.7628173691997], [-9.18315281124529, 38.7621726722833], [-9.18325400051328, 38.7620707578347], [-9.18321100091451, 38.761697542485], [-9.18319840683088, 38.7603051483039], [-9.18361853305631, 38.7603039219457], [-9.18429271574513, 38.7603070660507], [-9.18442426444651, 38.7602892363877], [-9.18467522847023, 38.7602891404594], [-9.18487581295486, 38.7602907323513], [-9.18489087057761, 38.7601866775498]]]}, "properties": {"zona": "12E", "zonaNR": "Carnide(E)"}}, {"type": "Feature", "geometry": {"type": "Polygon", "coordinates": [[[-9.16991567834108, 38.7151110115798], [-9.16992226307646, 38.715111658501], [-9.16994878189019, 38.7151168280436], [-9.16996841613645, 38.7151229594241], [-9.17002528490813, 38.715144609914], [-9.17006784113041, 38.7151608114514], [-9.17013375867141, 38.7151872503825], [-9.17014495761653, 38.7151910190253], [-9.17020423560696, 38.7152109464708], [-9.17038319148841, 38.7152625052974], [-9.17039336730192, 38.7152654866981], [-9.17043976922613, 38.7152791182638], [-9.17055869882095, 38.7153140944498], [-9.17062209261627, 38.7153340662301], [-9.17070885006558, 38.715361404441], [-9.17080470975053, 38.7153911803974], [-9.17132547325779, 38.7155450954979], [-9.17166960625622, 38.7156492326073], [-9.17193460016719, 38.7157278626266], [-9.17197906948961, 38.7157410657607], [-9.17205411990589, 38.7157629185127], [-9.17210381380679, 38.7157804926282], [-9.17213506185024, 38.71579462751], [-9.17215049005285, 38.7158042107835], [-9.17216206993516, 38.7157946505094], [-9.17222957005121, 38.7157389296493], [-9.17227451595475, 38.7156667356629], [-9.17235967399001, 38.7155299707367], [-9.17250496846484, 38.715296618442], [-9.17304935630057, 38.7144222614602], [-9.17324833146604, 38.7139674812259], [-9.1733028713497, 38.7137566622619], [-9.17332068311718, 38.7136596691988], [-9.17332578879425, 38.713631969615], [-9.17335710173709, 38.713333350388], [-9.17335250252553, 38.7132877169081], [-9.17334100409126, 38.7131745947997], [-9.17331285528399, 38.7131759171832], [-9.17328081243733, 38.713175179875], [-9.17326693172451, 38.7131645344608], [-9.17325536264695, 38.7131659165047], [-9.17324781123725, 38.7131668619539], [-9.17314937219015, 38.7128113908526], [-9.1731133116039, 38.7126872228639], [-9.17307725108178, 38.7125630503564], [-9.17301645455499, 38.7123424488027], [-9.17307110265594, 38.7123128925191], [-9.17341629276403, 38.7121263996717], [-9.17347769367146, 38.7121272873668], [-9.17399737937938, 38.7121347350534], [-9.17401122795862, 38.7121349270353], [-9.17405357064691, 38.7121355174945], [-9.17439340213399, 38.7121404029587], [-9.17499929385791, 38.7121490700208], [-9.17516797933417, 38.7121515030996], [-9.17456389747206, 38.7108809333306], [-9.17448574694717, 38.7107164250651], [-9.1744061781607, 38.7105492270107], [-9.17402130577971, 38.7097669874325], [-9.1738092673956, 38.7093359565539], [-9.17374018059926, 38.7091540719327], [-9.17370340906091, 38.7085922176886], [-9.17371015371257, 38.7085023491342], [-9.17374060309432, 38.7080968137581], [-9.17382015305974, 38.7074304235681], [-9.17387591222067, 38.7069627786789], [-9.17388113985311, 38.7069189538554], [-9.17391826739491, 38.7066014559457], [-9.17393044549648, 38.706497847007], [-9.17393401937286, 38.7064668280882], [-9.17394424983478, 38.7063795407454], [-9.17400563915966, 38.7061655074951], [-9.17402292419274, 38.7061049107403], [-9.17405422213831, 38.705995906991], [-9.17410938940573, 38.705820572876], [-9.17412949565299, 38.7057484208977], [-9.17413277289061, 38.7057365913954], [-9.17415648417647, 38.7056514359662], [-9.17451629006348, 38.7043585734391], [-9.17453358082921, 38.7043063538741], [-9.1745393056628, 38.7042889176708], [-9.17531331436574, 38.7019451058332], [-9.17538104591133, 38.7017398483437], [-9.1747086372348, 38.7020366463611], [-9.174150008556, 38.7022810096232], [-9.17340419756273, 38.7026488439984], [-9.1731009124619, 38.7027794161292], [-9.1725910510515, 38.7029751640205], [-9.17214849751735, 38.7031179928859], [-9.17169400128684, 38.7032416357774], [-9.17117594448412, 38.7033473084029], [-9.17067161357441, 38.7034087146936], [-9.16990544693498, 38.7034578607217], [-9.16993144610866, 38.7041222490968], [-9.16968575612845, 38.7041862089977], [-9.16836338267823, 38.7041480618517], [-9.16835917414117, 38.704656831173], [-9.16906485833913, 38.7046313516617], [-9.16926546047795, 38.7046399439901], [-9.1691982074458, 38.7048941650624], [-9.16949611358672, 38.7053706938097], [-9.17045220940083, 38.7060624554737], [-9.17063494487389, 38.706109684714], [-9.17079271409147, 38.7061777083483], [-9.17108571745199, 38.7063258202122], [-9.17133224266931, 38.7065105215052], [-9.17151739405942, 38.7067115320549], [-9.17163631279085, 38.7068727383859], [-9.17170230020422, 38.7069911868722], [-9.17181756624054, 38.7069892774406], [-9.17190333710255, 38.7069521289987], [-9.17200361206908, 38.706765212719], [-9.17158091385265, 38.7061033106753], [-9.17157861718627, 38.706027513539], [-9.17162320749598, 38.7058276343506], [-9.17157053270987, 38.7058117186702], [-9.1716267739799, 38.7056972613269], [-9.1718220845571, 38.7057531416885], [-9.17170607961588, 38.7060323265745], [-9.17172318288586, 38.7061081768423], [-9.1721335258341, 38.7067400153669], [-9.17215744832853, 38.7068266045062], [-9.1721409467576, 38.7069046756164], [-9.17212531880589, 38.706927542277], [-9.17186491545251, 38.7070962937647], [-9.17151349800537, 38.7070644674735], [-9.17126701546721, 38.7072312924228], [-9.1710807333022, 38.7070772676303], [-9.17135560821623, 38.7069060239049], [-9.17106872226447, 38.7066175706071], [-9.17080178869648, 38.7064525330359], [-9.17040599666078, 38.7062468730778], [-9.16997444967737, 38.7067357212534], [-9.16985943848463, 38.7067654411419], [-9.16940661226883, 38.7071412954775], [-9.16943016576368, 38.7071587448625], [-9.16902437676843, 38.7075081849482], [-9.16807598343848, 38.7082932983417], [-9.16739772019682, 38.7096627987588], [-9.16729177813059, 38.7097808122021], [-9.16733480451771, 38.709793525461], [-9.16666958707666, 38.7111927590551], [-9.16678574987678, 38.7112258935705], [-9.16681216638923, 38.7113043807482], [-9.16662384445318, 38.7113525848179], [-9.1665102508429, 38.7114325816765], [-9.16580437727555, 38.7122684647489], [-9.16551276627792, 38.7125672956516], [-9.16543394628865, 38.7126597944942], [-9.16539727157904, 38.7127613722366], [-9.16564098654862, 38.7128201115624], [-9.16568132222076, 38.7128287740163], [-9.16578975956058, 38.7128521267196], [-9.1659279533288, 38.712868020969], [-9.1660199183471, 38.7128672085202], [-9.16608996389041, 38.7128611849419], [-9.16617251199889, 38.7128451421874], [-9.16643832862618, 38.7127815395779], [-9.16657108112203, 38.7127452372888], [-9.16681967954268, 38.7126772802734], [-9.16700954180349, 38.7126329761821], [-9.16701587017245, 38.7126314870663], [-9.16714051802251, 38.712602380131], [-9.16718992306421, 38.7126001415934], [-9.16723940596881, 38.7126033070707], [-9.1672986571973, 38.7126312361427], [-9.16733063130569, 38.7126462919149], [-9.1673482172104, 38.7126545902399], [-9.1675142859043, 38.7126900533502], [-9.16753373013022, 38.7126889643145], [-9.16759356654972, 38.7126866495265], [-9.16770020290201, 38.7126667894064], [-9.16780570335729, 38.7126444620768], [-9.16802445007168, 38.7125891543164], [-9.16821703014772, 38.712549616399], [-9.1682411058894, 38.7125448993053], [-9.16826739362818, 38.7125448034783], [-9.16831361890108, 38.712550562786], [-9.1683528597323, 38.7125610247768], [-9.16840036834353, 38.712586726928], [-9.16844216817835, 38.7126151819754], [-9.16846893283687, 38.7126374646434], [-9.1684912162194, 38.7126678940767], [-9.1685194293304, 38.7127108820141], [-9.16856070345601, 38.7127825794646], [-9.16867649238456, 38.7129986436648], [-9.16880333000132, 38.7132632523744], [-9.16882853676605, 38.7133368936279], [-9.16884417007176, 38.7133844968568], [-9.16896943786538, 38.7136995633502], [-9.16902796415912, 38.7138512778176], [-9.16916914038642, 38.7142328613485], [-9.16934589827176, 38.7146897954187], [-9.16943067972539, 38.7149079351748], [-9.16948203730544, 38.7150407963931], [-9.16952857320047, 38.7151590994739], [-9.16953216743608, 38.7151682637447], [-9.16977416018892, 38.7151264836246], [-9.16984871487546, 38.7151141122958], [-9.16987857838106, 38.7151120458998], [-9.16990499309314, 38.7151100100805], [-9.16991567834108, 38.7151110115798]]]}, "properties": {"zona": "13A", "zonaNR": "Estrela(A)"}}, {"type": "Feature", "geometry": {"type": "Polygon", "coordinates": [[[-9.16083986407108, 38.715553967235], [-9.16089778303506, 38.7155840848498], [-9.16093623610236, 38.715619778294], [-9.16094405986863, 38.7156269013981], [-9.16101894200522, 38.7156947173006], [-9.16116949793695, 38.7158652745277], [-9.16123515546645, 38.7159396318487], [-9.16136370366689, 38.7160844288651], [-9.16145254584445, 38.7161863372022], [-9.161579842044, 38.7163239386852], [-9.16160278422915, 38.7163446207121], [-9.16161313899046, 38.7163539248297], [-9.16161944547051, 38.7163596217769], [-9.16173594501747, 38.7163054503915], [-9.16190504275872, 38.716230998733], [-9.16204901646044, 38.716168478183], [-9.16222285409063, 38.7161038930098], [-9.16235325148199, 38.7160568049728], [-9.16260386719657, 38.7159744283319], [-9.16297139378348, 38.7158667001101], [-9.1633136407545, 38.715760094284], [-9.16367190359793, 38.7156479415599], [-9.16397874353904, 38.7155578600629], [-9.16383011379729, 38.7155141437531], [-9.16378245666107, 38.7155001386902], [-9.16378934613814, 38.7154899035626], [-9.16390066838277, 38.7153252445738], [-9.16404596532002, 38.7151149807994], [-9.16418309777941, 38.7148966817598], [-9.16424928039423, 38.7147816980837], [-9.16430741565524, 38.7146667853484], [-9.16441672338268, 38.7144325172705], [-9.16451169419209, 38.71424071257], [-9.16457863692652, 38.714098698374], [-9.16470287452168, 38.7138633975087], [-9.16476639370404, 38.7137232149823], [-9.16480297023452, 38.7136283095452], [-9.16486090665945, 38.7134197163826], [-9.16488357879454, 38.7131573871503], [-9.16491443729556, 38.7128247242294], [-9.16505395868395, 38.7127730487325], [-9.16520061037244, 38.7127375243012], [-9.16521225850358, 38.7127385150304], [-9.16535255967566, 38.7127505954399], [-9.16539727157904, 38.7127613722366], [-9.16543394628865, 38.7126597944942], [-9.16551276627792, 38.7125672956516], [-9.16580437727555, 38.7122684647489], [-9.1665102508429, 38.7114325816765], [-9.16662384445318, 38.7113525848179], [-9.16681216638923, 38.7113043807482], [-9.16678574987678, 38.7112258935705], [-9.16666958707666, 38.7111927590551], [-9.16733480451771, 38.709793525461], [-9.16729177813059, 38.7097808122021], [-9.16739772019682, 38.7096627987588], [-9.16807598343848, 38.7082932983417], [-9.16902437676843, 38.7075081849482], [-9.16943016576368, 38.7071587448625], [-9.16940661226883, 38.7071412954775], [-9.16985943848463, 38.7067654411419], [-9.16997444967737, 38.7067357212534], [-9.17040599666078, 38.7062468730778], [-9.17080178869648, 38.7064525330359], [-9.17106872226447, 38.7066175706071], [-9.17135560821623, 38.7069060239049], [-9.1710807333022, 38.7070772676303], [-9.17126701546721, 38.7072312924228], [-9.17151349800537, 38.7070644674735], [-9.17186491545251, 38.7070962937647], [-9.17212531880589, 38.706927542277], [-9.1721409467576, 38.7069046756164], [-9.17215744832853, 38.7068266045062], [-9.1721335258341, 38.7067400153669], [-9.17172318288586, 38.7061081768423], [-9.17170607961588, 38.7060323265745], [-9.1718220845571, 38.7057531416885], [-9.1716267739799, 38.7056972613269], [-9.17157053270987, 38.7058117186702], [-9.17162320749598, 38.7058276343506], [-9.17157861718627, 38.706027513539], [-9.17158091385265, 38.7061033106753], [-9.17200361206908, 38.706765212719], [-9.17190333710255, 38.7069521289987], [-9.17181756624054, 38.7069892774406], [-9.17170230020422, 38.7069911868722], [-9.17163631279085, 38.7068727383859], [-9.17151739405942, 38.7067115320549], [-9.17133224266931, 38.7065105215052], [-9.17108571745199, 38.7063258202122], [-9.17079271409147, 38.7061777083483], [-9.17063494487389, 38.706109684714], [-9.17045220940083, 38.7060624554737], [-9.16949611358672, 38.7053706938097], [-9.1691982074458, 38.7048941650624], [-9.16926546047795, 38.7046399439901], [-9.16906485833913, 38.7046313516617], [-9.16835917414117, 38.704656831173], [-9.16836338267823, 38.7041480618517], [-9.16968575612845, 38.7041862089977], [-9.16993144610866, 38.7041222490968], [-9.16990544693498, 38.7034578607217], [-9.16811959250275, 38.7034596043938], [-9.1681209090714, 38.7042938491574], [-9.16808693884094, 38.7046634956986], [-9.16786139545542, 38.7056755361831], [-9.16742285751899, 38.7076169868219], [-9.16732769043832, 38.708018901878], [-9.16726412926221, 38.7082375196698], [-9.16715645785503, 38.7085094092092], [-9.16704101677152, 38.7087418993236], [-9.16692868279854, 38.708930591656], [-9.16672613677958, 38.7092102403991], [-9.1666208193197, 38.7093313437316], [-9.16645675776716, 38.7094979749467], [-9.16632781502752, 38.7096194696771], [-9.16477089621336, 38.7109603146163], [-9.16431523245955, 38.7106334966946], [-9.16370897271532, 38.7111734536324], [-9.1636313375871, 38.7112425978242], [-9.16352890549969, 38.7111547541126], [-9.16336418998648, 38.7110290432579], [-9.16292594661103, 38.7107939963031], [-9.16243914780727, 38.7105640277404], [-9.16214131514352, 38.7104287667321], [-9.1620238995411, 38.7103849120201], [-9.16190929049936, 38.7103421053319], [-9.16163861165767, 38.7102682360118], [-9.16149128406619, 38.7102590089617], [-9.16125245621078, 38.710398061624], [-9.16083482984641, 38.7104459404652], [-9.16070850960173, 38.7104470507766], [-9.16030905952628, 38.7103727075861], [-9.16015329373247, 38.7103149815845], [-9.16004412381669, 38.7102329608113], [-9.15872934340247, 38.7109225340066], [-9.1560791029849, 38.7125431769832], [-9.15600198299178, 38.7125204204301], [-9.15562560626627, 38.7124093531795], [-9.15519796039594, 38.7122766915334], [-9.15484291673781, 38.7121502938983], [-9.15464224687795, 38.7120617370598], [-9.15388419428048, 38.7117623223194], [-9.15370219887092, 38.7116732035577], [-9.15358561339624, 38.7116161203519], [-9.15303119208837, 38.7120663079616], [-9.15283423866905, 38.7122516966782], [-9.15295747368289, 38.7126067934796], [-9.15302028602467, 38.7127874841572], [-9.15304261897157, 38.712854217902], [-9.15311213841259, 38.7130618736566], [-9.1531990537155, 38.7133043281639], [-9.15328440859489, 38.7135421121115], [-9.15341591921703, 38.7139452382031], [-9.15341820586704, 38.7139524245522], [-9.15343479234509, 38.7140030842483], [-9.15343755676045, 38.7140115275307], [-9.15355986124186, 38.7142522316069], [-9.15361074087814, 38.7143212382633], [-9.15401086820115, 38.714864162972], [-9.15409320253336, 38.7149782043673], [-9.15412205550973, 38.7150182176138], [-9.15425411892423, 38.7152010951774], [-9.15425867000747, 38.7152073438271], [-9.1543197479569, 38.7151761511259], [-9.15436019411922, 38.7151554940729], [-9.15447864467738, 38.7150950839027], [-9.15458286313653, 38.7150417565459], [-9.15483450290376, 38.7149592074191], [-9.15500775563834, 38.7149023803295], [-9.15523253757952, 38.7148286270885], [-9.15591796920233, 38.7146311206587], [-9.15622642976712, 38.7145422253259], [-9.15640295575916, 38.7145064279492], [-9.15660085016652, 38.7144662500769], [-9.15669338447662, 38.7144556213853], [-9.15696265405252, 38.7144247086378], [-9.15754435632954, 38.7144271138872], [-9.15752869535716, 38.7144709798537], [-9.15751900498983, 38.7144980956006], [-9.15744792103963, 38.7146964638503], [-9.1572942347794, 38.7151254096862], [-9.15790091962614, 38.7154131421454], [-9.15823720673571, 38.7155726735143], [-9.15871793783348, 38.7157832005564], [-9.15890719848724, 38.715759744671], [-9.1599077802594, 38.7156357514121], [-9.16058308814009, 38.7155594669978], [-9.16072823605334, 38.7155468413706], [-9.16078226760703, 38.7155463664409], [-9.16083986407108, 38.715553967235]]]}, "properties": {"zona": "13B", "zonaNR": "Estrela(B)"}}, {"type": "Feature", "geometry": {"type": "Polygon", "coordinates": [[[-9.16292594661103, 38.7107939963031], [-9.16336418998648, 38.7110290432579], [-9.16352890549969, 38.7111547541126], [-9.1636313375871, 38.7112425978242], [-9.16370897271532, 38.7111734536324], [-9.16431523245955, 38.7106334966946], [-9.16477089621336, 38.7109603146163], [-9.16632781502752, 38.7096194696771], [-9.16645675776716, 38.7094979749467], [-9.1666208193197, 38.7093313437316], [-9.16672613677958, 38.7092102403991], [-9.16692868279854, 38.708930591656], [-9.16704101677152, 38.7087418993236], [-9.16715645785503, 38.7085094092092], [-9.16726412926221, 38.7082375196698], [-9.16732769043832, 38.708018901878], [-9.16742285751899, 38.7076169868219], [-9.16786139545542, 38.7056755361831], [-9.16808693884094, 38.7046634956986], [-9.1681209090714, 38.7042938491574], [-9.16811959250275, 38.7034596043938], [-9.16586896215437, 38.7034660602277], [-9.16453938774432, 38.7034623101533], [-9.1642097291612, 38.7034608074807], [-9.16390292590794, 38.703467297767], [-9.16349799168964, 38.7034964565682], [-9.16275718948945, 38.7036277526396], [-9.16207928002413, 38.7037631791702], [-9.16098186758788, 38.703991439683], [-9.16042128322932, 38.704156511438], [-9.15996191498751, 38.7043096885058], [-9.15980357925907, 38.7043699383152], [-9.15938257658527, 38.70454306019], [-9.15832737275264, 38.7050456201069], [-9.15872609375127, 38.7055579763481], [-9.1592595791256, 38.7053120254647], [-9.15938555229486, 38.7054785728539], [-9.15951427358225, 38.7054594667921], [-9.15977850705981, 38.7053896976278], [-9.16021594095956, 38.7052617901205], [-9.16038489064323, 38.7054852445568], [-9.16049289473477, 38.705438173388], [-9.160670849712, 38.7057230946676], [-9.16082199941612, 38.7061521315634], [-9.16084250318042, 38.7061948135702], [-9.16088695656917, 38.7062620603439], [-9.16093412027057, 38.7062866345294], [-9.16112593753135, 38.7065887229342], [-9.16119473634576, 38.706732521638], [-9.16129868056573, 38.7070098972523], [-9.16193344584203, 38.7090585966007], [-9.16204724900906, 38.7092370060328], [-9.16226182223022, 38.7094431599309], [-9.16272247185262, 38.7098075328883], [-9.16202389726788, 38.7103849138417], [-9.16214131514352, 38.7104287667321], [-9.16243914780727, 38.7105640277404], [-9.16292594661103, 38.7107939963031]]]}, "properties": {"zona": "13C", "zonaNR": "Estrela(C)"}}, {"type": "Feature", "geometry": {"type": "Polygon", "coordinates": [[[-9.15347502745082, 38.7105415440513], [-9.15366033064522, 38.7112918148922], [-9.15372682175262, 38.7114643660192], [-9.1537401948778, 38.7114992899481], [-9.15374819397529, 38.7115201184104], [-9.15375373644692, 38.7115298886203], [-9.15388419428048, 38.7117623223194], [-9.15464224687795, 38.7120617370598], [-9.15484291673781, 38.7121502938983], [-9.15519796039594, 38.7122766915334], [-9.15562560626627, 38.7124093531795], [-9.15600198299178, 38.7125204204301], [-9.1560791029849, 38.7125431769832], [-9.15872934340247, 38.7109225340066], [-9.16004412381669, 38.7102329608113], [-9.16015329373247, 38.7103149815845], [-9.16030905952628, 38.7103727075861], [-9.16070850960173, 38.7104470507766], [-9.16083482984641, 38.7104459404652], [-9.16125245621078, 38.710398061624], [-9.16149128406619, 38.7102590089617], [-9.16163861165767, 38.7102682360118], [-9.16190929049936, 38.7103421053319], [-9.16202389726788, 38.7103849138417], [-9.16272247185262, 38.7098075328883], [-9.16226182223022, 38.7094431599309], [-9.16204724900906, 38.7092370060328], [-9.16193344584203, 38.7090585966007], [-9.16129868056573, 38.7070098972523], [-9.16119473634576, 38.706732521638], [-9.16112593753135, 38.7065887229342], [-9.16093412027057, 38.7062866345294], [-9.16088695656917, 38.7062620603439], [-9.16084250318042, 38.7061948135702], [-9.16082199941612, 38.7061521315634], [-9.160670849712, 38.7057230946676], [-9.16049289473477, 38.705438173388], [-9.16038489064323, 38.7054852445568], [-9.16021594095956, 38.7052617901205], [-9.15977850705981, 38.7053896976278], [-9.15951427358225, 38.7054594667921], [-9.15938555229486, 38.7054785728539], [-9.1592595791256, 38.7053120254647], [-9.15872609375127, 38.7055579763481], [-9.15832737275264, 38.7050456201069], [-9.15754138460417, 38.70542061228], [-9.15685928874765, 38.7057460271356], [-9.15636777240509, 38.7059771007095], [-9.15610947676523, 38.7060824409434], [-9.15592582147395, 38.706148305477], [-9.15568248602679, 38.7062240635006], [-9.15546613806488, 38.7062747899234], [-9.15536224323959, 38.7063003457236], [-9.15508339204784, 38.7063512422661], [-9.15474028444523, 38.7063823534973], [-9.15427906724884, 38.7064011087052], [-9.15371812241569, 38.7063898536105], [-9.15260482622615, 38.7063741226244], [-9.15241557983754, 38.7063709254612], [-9.15245050764037, 38.7064985519504], [-9.15246942410532, 38.706567747803], [-9.15246686033205, 38.7069305107641], [-9.15274130187832, 38.7079610390966], [-9.15287479939225, 38.7082283306523], [-9.15287916788757, 38.7082445067518], [-9.15288402177366, 38.7082624801953], [-9.15288887694183, 38.7082805437064], [-9.15290016096304, 38.7083222418932], [-9.15290550024988, 38.7083420126797], [-9.15291252305016, 38.7083669933577], [-9.1531117822625, 38.7090808418764], [-9.15312535044549, 38.7091295462603], [-9.15313680857521, 38.7091753865266], [-9.15313839637033, 38.7091819484325], [-9.15314010039653, 38.7091885994033], [-9.15315448888076, 38.7092464846719], [-9.15328192077671, 38.7097596331313], [-9.15338666622519, 38.7101810088542], [-9.15347502745082, 38.7105415440513]], [[-9.1573637315168, 38.7091663091574], [-9.15687027998806, 38.7093305173232], [-9.15682386242104, 38.7093498403154], [-9.15668057059416, 38.709426173788], [-9.15654012120237, 38.7094894198698], [-9.15651285791709, 38.7094896368939], [-9.1561149348766, 38.7094928058252], [-9.15575292409914, 38.7094956881205], [-9.1553920581822, 38.7094985592847], [-9.15535406061983, 38.7094988617868], [-9.15530593572081, 38.709488183928], [-9.15526239751672, 38.709478524377], [-9.15518786670314, 38.7094619870871], [-9.15512914419462, 38.7094489579575], [-9.15506479592285, 38.7094346808363], [-9.15498520453634, 38.7094170211284], [-9.15494564067204, 38.7094082428249], [-9.1547994471472, 38.7093621218283], [-9.15474726168054, 38.7094387476284], [-9.15466565727599, 38.7094512961257], [-9.15447511325183, 38.7093954535701], [-9.15437784470293, 38.7093669474373], [-9.154050916074, 38.7092711347705], [-9.15384253891738, 38.7091142685006], [-9.15352308556482, 38.7088514269743], [-9.15339965620099, 38.7087369023075], [-9.15313697730137, 38.7083867416997], [-9.15629572587513, 38.7075283394479], [-9.15637874883627, 38.7075078135315], [-9.1573637315168, 38.7091663091574]]]}, "properties": {"zona": "13D", "zonaNR": "Estrela(D)"}}, {"type": "Feature", "geometry": {"type": "Polygon", "coordinates": [[[-9.15651285791709, 38.7094896368939], [-9.15654012120237, 38.7094894198698], [-9.15668057059416, 38.709426173788], [-9.15682386242104, 38.7093498403154], [-9.15687027998806, 38.7093305173232], [-9.1573637315168, 38.7091663091574], [-9.15637874883627, 38.7075078135315], [-9.15629572587513, 38.7075283394479], [-9.15313697730137, 38.7083867416997], [-9.15339965620099, 38.7087369023075], [-9.15352308556482, 38.7088514269743], [-9.15384253891738, 38.7091142685006], [-9.154050916074, 38.7092711347705], [-9.15437784470293, 38.7093669474373], [-9.15447511325183, 38.7093954535701], [-9.15466565727599, 38.7094512961257], [-9.15474726168054, 38.7094387476284], [-9.1547994471472, 38.7093621218283], [-9.15494564067204, 38.7094082428249], [-9.15498520453634, 38.7094170211284], [-9.15506479592285, 38.7094346808363], [-9.15512914419462, 38.7094489579575], [-9.15518786670314, 38.7094619870871], [-9.15526239751672, 38.709478524377], [-9.15530593572081, 38.709488183928], [-9.15535406061983, 38.7094988617868], [-9.1553920581822, 38.7094985592847], [-9.15575292409914, 38.7094956881205], [-9.1561149348766, 38.7094928058252], [-9.15651285791709, 38.7094896368939]]]}, "properties": {"zona": "13G", "zonaNR": "Estrela(G)"}}, {"type": "Feature", "geometry": {"type": "Polygon", "coordinates": [[[-9.1635773218016, 38.7829155840827], [-9.16356540319632, 38.7829670334831], [-9.16353069117662, 38.7830339970907], [-9.16346140652817, 38.7830976624301], [-9.16335752324343, 38.7831562281155], [-9.16314353617056, 38.7832409860669], [-9.1630371177884, 38.7832833598267], [-9.16274405584238, 38.7833913334103], [-9.1626663007717, 38.7834262480483], [-9.16260124214323, 38.7834637531082], [-9.16256037399118, 38.783502846574], [-9.16252640998188, 38.783541879203], [-9.1624962736104, 38.7836070006391], [-9.16249472337048, 38.7836592593671], [-9.16250634888349, 38.7837474331077], [-9.16254080715589, 38.7838227948188], [-9.16255368506327, 38.7838379945774], [-9.16257541217652, 38.7838632203893], [-9.16258294481272, 38.7838719663283], [-9.16264691999637, 38.7839191438674], [-9.16275913417672, 38.7839595908788], [-9.16283991668942, 38.7839750930143], [-9.16297577758587, 38.7839793003517], [-9.1630503790205, 38.7839651311766], [-9.16311194686956, 38.7839249543074], [-9.16327120495224, 38.7837956400645], [-9.16342832957672, 38.7836780545174], [-9.16357865321471, 38.7835677349507], [-9.16397070616576, 38.7833012500469], [-9.1642818097125, 38.7830877232715], [-9.16434901279206, 38.7830393890293], [-9.16442778753917, 38.782995456505], [-9.16451472081147, 38.782958658133], [-9.16459252635848, 38.7829273449316], [-9.16464872834411, 38.7829142379318], [-9.16474283807748, 38.782896292357], [-9.16483365146392, 38.7828891851357], [-9.16504417516135, 38.7828837230646], [-9.16524807488895, 38.7828783587569], [-9.16530186396669, 38.7828769432235], [-9.16534334061475, 38.782880179949], [-9.16541424447648, 38.7829013226663], [-9.16545208430707, 38.7829126056947], [-9.16553404811098, 38.7829370456569], [-9.16585128586028, 38.7830822427014], [-9.16582948430756, 38.7828908500257], [-9.16492867479522, 38.782150851065], [-9.16471388366106, 38.7819191921707], [-9.16452471494146, 38.7816135952066], [-9.16441525356906, 38.7813550266652], [-9.1643250919919, 38.78096151248], [-9.16430695655544, 38.7807537803034], [-9.16438141201481, 38.7796350232686], [-9.16443592232103, 38.7788158272033], [-9.1645189692872, 38.7777704802734], [-9.16454915211182, 38.7772750157327], [-9.16452965225952, 38.7770644760701], [-9.16444552503595, 38.7767467268982], [-9.16425719407723, 38.7763359460242], [-9.16392643609913, 38.7758250927151], [-9.16361523495209, 38.7753582392112], [-9.16355596468829, 38.7752009076753], [-9.1634712180446, 38.7748525195549], [-9.16343441288121, 38.7745738072456], [-9.16344298533443, 38.7741130429517], [-9.16354919495631, 38.7731397025463], [-9.16363753357892, 38.772456490072], [-9.1619448223085, 38.7739734423715], [-9.16131501922267, 38.7745489044315], [-9.16027112741396, 38.7754715901815], [-9.15946902977533, 38.7762355419615], [-9.15854027755973, 38.7772072940795], [-9.15963441026762, 38.7764836040247], [-9.1596314878906, 38.7765205616076], [-9.15963098288984, 38.7765656049602], [-9.15963201071439, 38.7765755738529], [-9.15963766547451, 38.776630402297], [-9.15965262169973, 38.7767104401842], [-9.15967622606358, 38.7768318378982], [-9.15970348889602, 38.7769676159173], [-9.15971707515756, 38.7770323525959], [-9.15972578788738, 38.777078215744], [-9.15973448521818, 38.7770917825234], [-9.15974765546235, 38.7771123306715], [-9.15975887504422, 38.7771237980954], [-9.16000707253741, 38.7773540847362], [-9.16003142220366, 38.7773859330571], [-9.16003694396757, 38.7773968794312], [-9.16005303097331, 38.7774293462296], [-9.16005674165753, 38.7774448790669], [-9.1600652732812, 38.7774805829991], [-9.16006719687492, 38.7774921050625], [-9.16008163914165, 38.7775786239918], [-9.16009081722656, 38.7776569110302], [-9.16009386768199, 38.7777091293533], [-9.16009506906497, 38.7777928911603], [-9.16009248275853, 38.777853266023], [-9.16008535875252, 38.7779108937565], [-9.16008423383362, 38.7779199960967], [-9.16008308621739, 38.7779309659494], [-9.1600731014557, 38.7780263857453], [-9.16006392148898, 38.7781084372252], [-9.16005884852575, 38.7781449939451], [-9.16005140592481, 38.7781986250192], [-9.16004579278622, 38.7782602632453], [-9.1600424584339, 38.7782968884571], [-9.16003230863492, 38.7783915593464], [-9.16002086610174, 38.7784763330356], [-9.16001239745487, 38.7785277518027], [-9.15997494580444, 38.7786461008454], [-9.1605558771933, 38.7788659818244], [-9.16076783704942, 38.7789341174478], [-9.16109454477687, 38.7789792958481], [-9.16149593686796, 38.7790401021633], [-9.16176273214264, 38.7790789014693], [-9.16220146838063, 38.7791424617807], [-9.16272659416838, 38.7793156676201], [-9.16290203615738, 38.7793649075148], [-9.16295210121194, 38.7793770249478], [-9.16298372649575, 38.7793846802816], [-9.16302975517889, 38.7793317142332], [-9.16305884236889, 38.7792738080934], [-9.16307987511569, 38.7792159729384], [-9.16309188420198, 38.7791708282034], [-9.16310707306481, 38.7791067391072], [-9.16312455019557, 38.7790417290611], [-9.1631541010917, 38.7789360775877], [-9.16317594739907, 38.7788548150199], [-9.16319227378942, 38.7787898151051], [-9.16321408113907, 38.7787058505387], [-9.16323268278549, 38.7786390290047], [-9.16324255890532, 38.7786056131649], [-9.16351537207657, 38.7786113148954], [-9.16351621457661, 38.7786698580219], [-9.16350789100225, 38.7787311843048], [-9.16349394392215, 38.7788015679498], [-9.16346781952758, 38.7789053877408], [-9.16343287888298, 38.7790363085898], [-9.16339576646396, 38.7791762563511], [-9.16336750902342, 38.779291805031], [-9.16334689120115, 38.7793784614637], [-9.16333166362272, 38.7794398485957], [-9.16331736634149, 38.7794859143034], [-9.16330674125045, 38.7795472608553], [-9.16330242382097, 38.779567116026], [-9.16329818414467, 38.7795923751769], [-9.16329490071193, 38.7796041142327], [-9.16328044786798, 38.7796393719747], [-9.16325803127337, 38.7796810053635], [-9.16323225345374, 38.7797289738218], [-9.16320977201294, 38.7797661038846], [-9.16320414840962, 38.7797751612337], [-9.16316824801914, 38.779839432906], [-9.16311101665916, 38.7799408244692], [-9.16309869650077, 38.7799643532803], [-9.16308192925269, 38.7799987306185], [-9.16306518790186, 38.7800349092811], [-9.16305529856025, 38.7800674244383], [-9.16303986329778, 38.7801144009164], [-9.16303007758347, 38.7801541213784], [-9.16302795768245, 38.7801667509486], [-9.16302055097939, 38.7802118551071], [-9.16301417830874, 38.7802488431534], [-9.16300143294895, 38.7803228192444], [-9.16299313468383, 38.780385946809], [-9.16298705996696, 38.7804436501103], [-9.16298200633333, 38.7804923366364], [-9.16298031395223, 38.7805346880957], [-9.16298007020085, 38.7805977446704], [-9.16298214070883, 38.7806616816258], [-9.16299714047431, 38.7807444209576], [-9.16302078838738, 38.7807883506332], [-9.16300241923877, 38.7808713840588], [-9.16303004237315, 38.7811116481802], [-9.16303262873578, 38.7811314424882], [-9.16303917238946, 38.7811863322371], [-9.16310948954178, 38.7815144962036], [-9.16314081927367, 38.7816124047781], [-9.16317067446049, 38.7816878069067], [-9.1632015248725, 38.7817523909254], [-9.16335104547783, 38.7820663448244], [-9.16342947866724, 38.7822386025222], [-9.16346653663947, 38.7823346589321], [-9.16350185076873, 38.7824694641251], [-9.16354823418666, 38.7826537144371], [-9.16355470061685, 38.7827032001586], [-9.1635612189128, 38.7827562885306], [-9.16357159116582, 38.7828372670072], [-9.1635773218016, 38.7829155840827]]]}, "properties": {"zona": "14C", "zonaNR": "Lumiar(C)"}}, {"type": "Feature", "geometry": {"type": "Polygon", "coordinates": [[[-9.15374902767349, 38.7715829645519], [-9.15379054220287, 38.7716604031906], [-9.15395360289929, 38.7718048529195], [-9.15459354744984, 38.772668258971], [-9.15487214753082, 38.7731697426925], [-9.15544112267628, 38.7746444446504], [-9.15547130438629, 38.7750143953054], [-9.1554802572852, 38.7752739502525], [-9.15547366178976, 38.7753624743379], [-9.15545231389918, 38.7754049598705], [-9.15568447550203, 38.7754759123729], [-9.15580898595212, 38.7768799968897], [-9.15579079129548, 38.7770969491847], [-9.15618408640509, 38.7770975664111], [-9.15728617521236, 38.7770992894096], [-9.15737063463347, 38.7771069894453], [-9.15746187962815, 38.7771305106618], [-9.15753713229402, 38.7771622790089], [-9.15759273377487, 38.777195895037], [-9.1580096488174, 38.7774476188896], [-9.15809549448167, 38.7775014801351], [-9.15848352881076, 38.7772448284385], [-9.15854027755973, 38.7772072940795], [-9.15946902977533, 38.7762355419615], [-9.16027112741396, 38.7754715901815], [-9.16131501922267, 38.7745489044315], [-9.1619448223085, 38.7739734423715], [-9.16160786073625, 38.7734661669309], [-9.16089910893953, 38.772247008275], [-9.15999865555581, 38.7706406947776], [-9.1597087650594, 38.7701873627399], [-9.15632429403829, 38.7710386187265], [-9.15595218046934, 38.7711013691079], [-9.15593475793863, 38.7710605568533], [-9.15586110529346, 38.7710646694627], [-9.15374902767349, 38.7715829645519]]]}, "properties": {"zona": "14D", "zonaNR": "Lumiar(D)"}}, {"type": "Feature", "geometry": {"type": "Polygon", "coordinates": [[[-9.16363753357892, 38.772456490072], [-9.16371110666267, 38.7718874642884], [-9.16395532121933, 38.7709147580601], [-9.16468747862292, 38.7690057720088], [-9.16514452644113, 38.7676790748422], [-9.16527228733351, 38.7670353152199], [-9.16364362242851, 38.7669230557121], [-9.15872177287371, 38.7666138932222], [-9.15830463909819, 38.7666001672421], [-9.1577993057772, 38.7666470627576], [-9.15801784355262, 38.7671421922455], [-9.15838710600423, 38.7679624082851], [-9.15858548669745, 38.7685213543822], [-9.15870406685183, 38.768694778589], [-9.15914474680857, 38.7693240466901], [-9.1597087650594, 38.7701873627399], [-9.15999865555581, 38.7706406947776], [-9.16089910893953, 38.772247008275], [-9.16160786073625, 38.7734661669309], [-9.1619448223085, 38.7739734423715], [-9.16363753357892, 38.772456490072]]]}, "properties": {"zona": "14G", "zonaNR": "Lumiar(G)"}}, {"type": "Feature", "geometry": {"type": "Polygon", "coordinates": [[[-9.1597087650594, 38.7701873627399], [-9.15914474680857, 38.7693240466901], [-9.15870406685183, 38.768694778589], [-9.15858548669745, 38.7685213543822], [-9.15838710600423, 38.7679624082851], [-9.15801784355262, 38.7671421922455], [-9.1577993057772, 38.7666470627576], [-9.15743711925394, 38.7666845485522], [-9.15725258579427, 38.7666819771958], [-9.15681358598544, 38.7666284527871], [-9.15614912477451, 38.7665946991136], [-9.15570807020468, 38.7666212048235], [-9.15476929357776, 38.7667549949886], [-9.1542481717566, 38.766760792584], [-9.15362387158159, 38.7666394411789], [-9.15292559357183, 38.7666248907509], [-9.15153800645191, 38.7668544690698], [-9.15071930898899, 38.7670531984457], [-9.14898700672792, 38.7673641632359], [-9.14921731048569, 38.7691704602115], [-9.14951639283343, 38.7692282639035], [-9.14985745727968, 38.7693096731397], [-9.15025643982152, 38.7694155415089], [-9.15065504853224, 38.7695421504193], [-9.1511388180748, 38.7697198947547], [-9.15168727445446, 38.7699588685803], [-9.15216741436498, 38.7702000839723], [-9.15254183045776, 38.7704147900263], [-9.15292459404972, 38.770660423249], [-9.15332695113459, 38.7709440240526], [-9.15370154521037, 38.7712759134832], [-9.15374902767349, 38.7715829645519], [-9.15586110529346, 38.7710646694627], [-9.15593475793863, 38.7710605568533], [-9.15595218046934, 38.7711013691079], [-9.15632429403829, 38.7710386187265], [-9.1597087650594, 38.7701873627399]]]}, "properties": {"zona": "14H", "zonaNR": "Lumiar(H)"}}, {"type": "Feature", "geometry": {"type": "Polygon", "coordinates": [[[-9.1729611361407, 38.7636198302488], [-9.17077649310965, 38.7632301821611], [-9.16695284861659, 38.7633547055464], [-9.16697731439672, 38.7639578818731], [-9.16695462938603, 38.7640689334077], [-9.16691379711689, 38.7641502575937], [-9.16675227779429, 38.7644257782109], [-9.16667411603432, 38.7645976995967], [-9.1666633014764, 38.7646671922052], [-9.16667206258999, 38.7647736328201], [-9.16671159874092, 38.7648759459204], [-9.16727013001774, 38.7655968052722], [-9.16731032938478, 38.7656533166519], [-9.16733477969478, 38.7657099664891], [-9.16734631271297, 38.7657811980536], [-9.16734212672399, 38.7658554512183], [-9.1672802704993, 38.7659812979272], [-9.16647765866893, 38.7669021563028], [-9.1662826291335, 38.7670023457381], [-9.16611081234617, 38.7670471109954], [-9.16567356565218, 38.7670615231938], [-9.16527228733351, 38.7670353152199], [-9.16514452644113, 38.7676790748422], [-9.16468747862292, 38.7690057720088], [-9.16395532121933, 38.7709147580601], [-9.16371110666267, 38.7718874642884], [-9.16363753357892, 38.772456490072], [-9.16441708081316, 38.7718164675197], [-9.16538680110176, 38.7710679745547], [-9.16738540003975, 38.7700704182515], [-9.16898596502516, 38.7692939956572], [-9.16937137545154, 38.7691147899885], [-9.17025376955648, 38.7686763774082], [-9.17049983714406, 38.7685259512927], [-9.1708703837093, 38.7682640361124], [-9.17150979709899, 38.7677264059312], [-9.17171789351656, 38.7675176189827], [-9.17198980783347, 38.7672037821196], [-9.17236963361306, 38.766602804851], [-9.17252696708163, 38.766288166021], [-9.17283173307499, 38.7654264828792], [-9.1729696808564, 38.7648910889628], [-9.17301107481471, 38.7645484398348], [-9.17300323492853, 38.7640091544548], [-9.1729611361407, 38.7636198302488]]]}, "properties": {"zona": "14J", "zonaNR": "Lumiar(J)"}}, {"type": "Feature", "geometry": {"type": "Polygon", "coordinates": [[[-9.1729611361407, 38.7636198302488], [-9.17475346971713, 38.763934521788], [-9.1771615195332, 38.7642285411335], [-9.17715819161256, 38.7641951870899], [-9.17715669134309, 38.7641796368314], [-9.17714935193668, 38.76399047483], [-9.1771416479728, 38.7636986912102], [-9.1770324491274, 38.7633897986259], [-9.17699024795767, 38.7630992238799], [-9.17694977940682, 38.7629275364956], [-9.17694507489988, 38.7628392526003], [-9.17695042214224, 38.7627347639833], [-9.17695477423654, 38.7627176103048], [-9.17696371463692, 38.7626995148653], [-9.17702449531315, 38.7626070924807], [-9.17721861558171, 38.7623486362747], [-9.17740677266813, 38.762075820556], [-9.17748348641992, 38.7619715454254], [-9.17753660731315, 38.7619062146005], [-9.17760113963241, 38.7618344763103], [-9.17774828103188, 38.761668318561], [-9.17779129793228, 38.7616201927415], [-9.17786262670434, 38.7615411873186], [-9.17797135164232, 38.7614231140092], [-9.17809587876793, 38.7612841813788], [-9.17813439896954, 38.7612433018744], [-9.17814707249541, 38.7612290904518], [-9.17824533170692, 38.7611189031109], [-9.17835824936281, 38.7609728677813], [-9.17842996503583, 38.7608416133382], [-9.17848481981306, 38.7607375330509], [-9.1785715750201, 38.7605331808512], [-9.17860667676937, 38.7604157655061], [-9.17862044807019, 38.7603345721509], [-9.17862499051257, 38.7602516597938], [-9.17862835008198, 38.7600876878527], [-9.17823447029054, 38.760019418626], [-9.17811426554577, 38.7599690409534], [-9.17762970362415, 38.7597659599782], [-9.17707809473031, 38.7595347752442], [-9.17685103519108, 38.7594269981753], [-9.17659307422158, 38.7593302158426], [-9.17641750671762, 38.7592822403447], [-9.17623876341173, 38.7592136650671], [-9.17579047595775, 38.7590427338452], [-9.17561855423502, 38.758928967675], [-9.17550559952263, 38.758835393275], [-9.17536800416566, 38.7587087096455], [-9.17516428986882, 38.7585446024699], [-9.1750815857514, 38.7584742682882], [-9.17489887365156, 38.7583698752703], [-9.17470594247766, 38.7582509803983], [-9.17439064592462, 38.7580398546436], [-9.17416176646866, 38.7578537206134], [-9.17430964070828, 38.7578013291013], [-9.17450457309403, 38.7577572556753], [-9.17469515287388, 38.7577303355393], [-9.17494618090933, 38.7576603963712], [-9.17522534927156, 38.7576487726816], [-9.17485208423737, 38.7576521003116], [-9.17221403651393, 38.7575259908211], [-9.17219549806249, 38.7575245279301], [-9.1725380157519, 38.7600902830344], [-9.1729611361407, 38.7636198302488]]]}, "properties": {"zona": "14K", "zonaNR": "Lumiar(K)"}}, {"type": "Feature", "geometry": {"type": "Polygon", "coordinates": [[[-9.163273837248, 38.761736551595], [-9.16362959605675, 38.7621516601009], [-9.16418494231969, 38.762803653191], [-9.16445373669036, 38.7632287052142], [-9.16477865140616, 38.763805972206], [-9.16501722411157, 38.7644343812266], [-9.16511584367428, 38.7648094364384], [-9.16523060491988, 38.765295298918], [-9.16528625425008, 38.7656991439946], [-9.16531901859215, 38.766242731802], [-9.16531380087774, 38.7666041201753], [-9.16527228733351, 38.7670353152199], [-9.16567356565218, 38.7670615231938], [-9.16611081234617, 38.7670471109954], [-9.1662826291335, 38.7670023457381], [-9.16647765866893, 38.7669021563028], [-9.1672802704993, 38.7659812979272], [-9.16734212672399, 38.7658554512183], [-9.16734631271297, 38.7657811980536], [-9.16733477969478, 38.7657099664891], [-9.16731032938478, 38.7656533166519], [-9.16727013001774, 38.7655968052722], [-9.16671159874092, 38.7648759459204], [-9.16667206258999, 38.7647736328201], [-9.1666633014764, 38.7646671922052], [-9.16667411603432, 38.7645976995967], [-9.16675227779429, 38.7644257782109], [-9.16691379711689, 38.7641502575937], [-9.16695462938603, 38.7640689334077], [-9.16697731439672, 38.7639578818731], [-9.16695284861659, 38.7633547055464], [-9.17077649310965, 38.7632301821611], [-9.1729611361407, 38.7636198302488], [-9.1725380157519, 38.7600902830344], [-9.17165761573164, 38.7600751119069], [-9.17140292223978, 38.7601441055625], [-9.17066064746407, 38.7604812406083], [-9.1699932678504, 38.7605149624388], [-9.167136529649, 38.7605898413654], [-9.16696333088374, 38.7606033539899], [-9.16687021606242, 38.7606417861247], [-9.1668175096423, 38.7606933986159], [-9.16679033372785, 38.7607308412021], [-9.16678718147813, 38.7607866643117], [-9.16685055401708, 38.7616106311302], [-9.16498606219285, 38.7616739394687], [-9.16479362177523, 38.7616702697482], [-9.16352166521095, 38.7616900124264], [-9.163273837248, 38.761736551595]]]}, "properties": {"zona": "14L", "zonaNR": "Lumiar(L)"}}, {"type": "Feature", "geometry": {"type": "Polygon", "coordinates": [[[-9.15872177287371, 38.7666138932222], [-9.16364362242851, 38.7669230557121], [-9.16527228733351, 38.7670353152199], [-9.16531380087774, 38.7666041201753], [-9.16531901859215, 38.766242731802], [-9.16528625425008, 38.7656991439946], [-9.16523060491988, 38.765295298918], [-9.16511584367428, 38.7648094364384], [-9.16501722411157, 38.7644343812266], [-9.16477865140616, 38.763805972206], [-9.16445373669036, 38.7632287052142], [-9.16418494231969, 38.762803653191], [-9.16362959605675, 38.7621516601009], [-9.163273837248, 38.761736551595], [-9.16265533654084, 38.7610887675018], [-9.16223433365868, 38.7605463006757], [-9.16158429387733, 38.7598198520873], [-9.16137900217729, 38.7595841117683], [-9.16072428802595, 38.7591089478272], [-9.15970323165164, 38.7584743787718], [-9.15834361310272, 38.7588578396534], [-9.15517720796986, 38.759750802017], [-9.15515271805294, 38.7597576549377], [-9.15518636765574, 38.7598080422195], [-9.1552444304737, 38.7598669202311], [-9.15532549693901, 38.7599995015999], [-9.15575480605376, 38.7608437447295], [-9.15585042239173, 38.7610317711646], [-9.1562676692892, 38.7619936038876], [-9.15663101782176, 38.7626874166941], [-9.1567294958096, 38.7630058926266], [-9.15685722826961, 38.7634190013136], [-9.1569579268, 38.7638637217439], [-9.15702857024149, 38.7641712895312], [-9.15725287369279, 38.7651406535053], [-9.1573614252934, 38.7656128144427], [-9.1574365374023, 38.7659027414705], [-9.1577993057772, 38.7666470627576], [-9.15830463909819, 38.7666001672421], [-9.15872177287371, 38.7666138932222]]]}, "properties": {"zona": "14M", "zonaNR": "Lumiar(M)"}}, {"type": "Feature", "geometry": {"type": "Polygon", "coordinates": [[[-9.14707129325413, 38.7668979159899], [-9.14710433081077, 38.7669772358245], [-9.14738135347789, 38.7676423291515], [-9.14898700672792, 38.7673641632359], [-9.15071930898899, 38.7670531984457], [-9.15153800645191, 38.7668544690698], [-9.15292559357183, 38.7666248907509], [-9.15362387158159, 38.7666394411789], [-9.1542481717566, 38.766760792584], [-9.15476929357776, 38.7667549949886], [-9.15570807020468, 38.7666212048235], [-9.15614912477451, 38.7665946991136], [-9.15681358598544, 38.7666284527871], [-9.15725258579427, 38.7666819771958], [-9.15743711925394, 38.7666845485522], [-9.1577993057772, 38.7666470627576], [-9.1574365374023, 38.7659027414705], [-9.1573614252934, 38.7656128144427], [-9.15725287369279, 38.7651406535053], [-9.15702857024149, 38.7641712895312], [-9.1569579268, 38.7638637217439], [-9.15685722826961, 38.7634190013136], [-9.1567294958096, 38.7630058926266], [-9.15663101782176, 38.7626874166941], [-9.1562676692892, 38.7619936038876], [-9.15585042239173, 38.7610317711646], [-9.15575480605376, 38.7608437447295], [-9.15532549693901, 38.7599995015999], [-9.1552444304737, 38.7598669202311], [-9.15518636765574, 38.7598080422195], [-9.15515271805294, 38.7597576549377], [-9.15514195357424, 38.7597606667014], [-9.15423020518262, 38.7600157339737], [-9.15279722119563, 38.760416602571], [-9.15277143018826, 38.7604238176504], [-9.15189675462194, 38.7606684987069], [-9.15185114589909, 38.7606812567921], [-9.15173623307848, 38.7607134020034], [-9.15165989010323, 38.7607352005887], [-9.15143327627821, 38.7607999048222], [-9.15123879756336, 38.7608677075083], [-9.15076804519548, 38.7610318844272], [-9.15058676981238, 38.7610951040896], [-9.14967758852371, 38.7614121458896], [-9.14855273133861, 38.7617302683603], [-9.14844549788416, 38.7617605952058], [-9.14837913169226, 38.7617793558213], [-9.14689145771983, 38.7621096241004], [-9.14690073670696, 38.7621387451381], [-9.14696138073269, 38.7623290639899], [-9.14719364657182, 38.7630579643181], [-9.14675364665569, 38.7639310945445], [-9.14666911542843, 38.7641473566438], [-9.14656844035697, 38.7644049207588], [-9.14652692675458, 38.7645825508303], [-9.14647796091839, 38.7647920655862], [-9.14648298709905, 38.7651473683448], [-9.14648372941318, 38.7651998423003], [-9.14648865439358, 38.7652221713881], [-9.14655696784368, 38.7655319070086], [-9.14667036053561, 38.7658619479587], [-9.1468143144794, 38.7662809343066], [-9.1469537746301, 38.7666157670664], [-9.14697083038498, 38.7666567136147], [-9.14707129325413, 38.7668979159899]]]}, "properties": {"zona": "14N", "zonaNR": "Lumiar(N)"}}, {"type": "Feature", "geometry": {"type": "Polygon", "coordinates": [[[-9.1725380157519, 38.7600902830344], [-9.17219549806249, 38.7575245279301], [-9.17064515539175, 38.7574021562327], [-9.1697252573814, 38.7573295359277], [-9.16966986586672, 38.7573281941173], [-9.16778774996412, 38.7572825967922], [-9.16760992696564, 38.7572782878977], [-9.16753132998037, 38.7572759623402], [-9.1669771552581, 38.7572595659718], [-9.16687210647161, 38.7572604951764], [-9.16635520195618, 38.7572650660583], [-9.16601311031363, 38.757268089848], [-9.16592265534061, 38.7572674749973], [-9.16549467972788, 38.7572645633827], [-9.16487365984044, 38.7573349035623], [-9.16484120383169, 38.7573360016801], [-9.16427262689949, 38.7573552509234], [-9.16392351022743, 38.7574328873144], [-9.16351830253155, 38.7575229948792], [-9.16309886362987, 38.757616265694], [-9.16253827173941, 38.7577409220951], [-9.16192515348712, 38.7578772547246], [-9.16146764433526, 38.7579789843627], [-9.16004606975779, 38.7583781207201], [-9.15987048742786, 38.7584274173771], [-9.15981862828385, 38.7584419773861], [-9.15970450006144, 38.7584740208297], [-9.15970323165164, 38.7584743787718], [-9.16072428802595, 38.7591089478272], [-9.16137900217729, 38.7595841117683], [-9.16158429387733, 38.7598198520873], [-9.16223433365868, 38.7605463006757], [-9.16265533654084, 38.7610887675018], [-9.163273837248, 38.761736551595], [-9.16352166521095, 38.7616900124264], [-9.16479362177523, 38.7616702697482], [-9.16498606219285, 38.7616739394687], [-9.16685055401708, 38.7616106311302], [-9.16678718147813, 38.7607866643117], [-9.16679033372785, 38.7607308412021], [-9.1668175096423, 38.7606933986159], [-9.16687021606242, 38.7606417861247], [-9.16696333088374, 38.7606033539899], [-9.167136529649, 38.7605898413654], [-9.1699932678504, 38.7605149624388], [-9.17066064746407, 38.7604812406083], [-9.17140292223978, 38.7601441055625], [-9.17165761573164, 38.7600751119069], [-9.1725380157519, 38.7600902830344]]]}, "properties": {"zona": "14O", "zonaNR": "Lumiar(O)"}}, {"type": "Feature", "geometry": {"type": "Polygon", "coordinates": [[[-9.11489368126271, 38.7806445505764], [-9.11491757811399, 38.7806475223488], [-9.11518320983452, 38.7807418538965], [-9.11543073084547, 38.7808199933222], [-9.115779145561, 38.7809299803443], [-9.1160161637639, 38.7809960823391], [-9.11602995143358, 38.7809999279976], [-9.11616391651968, 38.7810372878211], [-9.11621367347415, 38.7810511646091], [-9.11633943084584, 38.7810862368403], [-9.11650314790736, 38.7811471256307], [-9.11684721998843, 38.7812750904339], [-9.11710117549422, 38.7813534054297], [-9.11725284057313, 38.7814001731286], [-9.11738405899489, 38.7814406371457], [-9.11796756244837, 38.7815783143011], [-9.11804142444732, 38.7815995041548], [-9.11835680891886, 38.7816899816067], [-9.11892956307449, 38.7818583368541], [-9.11960117545652, 38.7820557480332], [-9.11989697580423, 38.7822652931767], [-9.1199371719358, 38.7822937678754], [-9.12031700356285, 38.7825628383122], [-9.12036649170493, 38.7825978956253], [-9.12042313465491, 38.7825619416451], [-9.12048149859637, 38.7825251101487], [-9.12053166517793, 38.7825567026649], [-9.12074194663753, 38.7826891246545], [-9.12088982833319, 38.7826830095732], [-9.1211939658699, 38.7826704179892], [-9.12163204797621, 38.7826522733636], [-9.12164924023433, 38.7826810249374], [-9.12166776366492, 38.7827120009823], [-9.12171976075947, 38.7827987655671], [-9.12182411939517, 38.7829729068106], [-9.12189389737209, 38.7830893366697], [-9.1219201724037, 38.7831331786712], [-9.12199447888533, 38.7832571628166], [-9.12210017538368, 38.783110774379], [-9.1222533999433, 38.7828830962295], [-9.1223757352451, 38.7826633333075], [-9.12249657271371, 38.78235855834], [-9.12265099962885, 38.7819129231142], [-9.12268651675388, 38.7817366189862], [-9.12271594691206, 38.781542071554], [-9.12273532181854, 38.7813427450546], [-9.12274348623443, 38.7809959477279], [-9.12273133757002, 38.7799588475244], [-9.12271482704653, 38.7795309663808], [-9.1229508257986, 38.777375235317], [-9.12319511567766, 38.7752241934505], [-9.12349599997328, 38.7723942754125], [-9.1236810438531, 38.7708516604324], [-9.12376637704997, 38.7704350850668], [-9.12387573791714, 38.7699992967222], [-9.12399483431855, 38.7696382130898], [-9.11884232104871, 38.7690789594331], [-9.11001799778958, 38.7681770250121], [-9.10993978466188, 38.7686583606578], [-9.10990538276678, 38.7687875447698], [-9.10978280222488, 38.7691354335607], [-9.10969852070358, 38.7692963600569], [-9.1095973958457, 38.7694553329087], [-9.10944900960788, 38.7696590271195], [-9.10902031196777, 38.7702822217812], [-9.10928870330716, 38.7702344438579], [-9.11004662596523, 38.7702026552331], [-9.11041781495246, 38.7701660921226], [-9.11076369647883, 38.7700912536304], [-9.11099618691984, 38.7702113176112], [-9.11085346500358, 38.7704745709275], [-9.11079890654051, 38.770638277026], [-9.11077703591243, 38.7707985722156], [-9.11077968406896, 38.7709925677173], [-9.11080589981058, 38.7711452588571], [-9.11091446739508, 38.7713475651482], [-9.11107384504529, 38.771548605711], [-9.11124112657008, 38.7717103193101], [-9.11142606353063, 38.7718537611295], [-9.11160679171384, 38.7719615489109], [-9.11176625346148, 38.7720417704214], [-9.11192629827377, 38.7721099028393], [-9.11209242723717, 38.7721685438745], [-9.11228413579992, 38.7722250832099], [-9.11244469610506, 38.77225848095], [-9.1133295001004, 38.7724195107669], [-9.1140115187583, 38.7725179815801], [-9.11432327070468, 38.7725964041617], [-9.11470920701614, 38.7727173772746], [-9.11502753399351, 38.7728310191466], [-9.11533513262945, 38.772961912006], [-9.1156135582314, 38.7731108496621], [-9.11581724495529, 38.7732192998883], [-9.11605108392457, 38.7733701076098], [-9.11630476011359, 38.7735434287344], [-9.11647281535473, 38.7736722965241], [-9.11668900519542, 38.7738698245521], [-9.11682370170733, 38.7739959801907], [-9.11695792982981, 38.774134660472], [-9.1171137600348, 38.7743065506599], [-9.11727229905441, 38.7744988205127], [-9.11739030783981, 38.7746866663877], [-9.1174714528871, 38.7748045076833], [-9.11755379400839, 38.7749454672988], [-9.11763860254205, 38.7751091895195], [-9.1177369231345, 38.7753282282867], [-9.11781550707661, 38.7755522776704], [-9.11787490738727, 38.7757376361661], [-9.11791817808247, 38.7758973745249], [-9.1179491021555, 38.7760563107292], [-9.11797142692726, 38.7762144069024], [-9.11799273405518, 38.7764073547476], [-9.1180027447149, 38.7765716187431], [-9.11800037618647, 38.7767966510494], [-9.11798420704968, 38.7770324937274], [-9.11795819075416, 38.7773101597609], [-9.11790524352407, 38.7775646693679], [-9.11784013532515, 38.777882729706], [-9.1177642384309, 38.7780677545347], [-9.11763695748666, 38.7783145553907], [-9.11751821454983, 38.7785341661794], [-9.11740590754194, 38.7787180607312], [-9.11722363946173, 38.7789476374437], [-9.11699617732224, 38.7791904755534], [-9.11671571296873, 38.7794671332762], [-9.11634305903679, 38.7792374554553], [-9.11489368126271, 38.7806445505764]]]}, "properties": {"zona": "17B", "zonaNR": "Olivais(B)"}}, {"type": "Feature", "geometry": {"type": "Polygon", "coordinates": [[[-9.11009765482058, 38.7772670992891], [-9.11017696449124, 38.7773880470637], [-9.1102672203254, 38.7775256875057], [-9.11027053912128, 38.7775307491677], [-9.1102737450859, 38.7775356379224], [-9.11033229289513, 38.7776249237847], [-9.11057215353041, 38.7779998855906], [-9.1106294904164, 38.7780917891835], [-9.11080427851219, 38.7783719480202], [-9.1109074835807, 38.7785323864523], [-9.11096948444427, 38.7786287700586], [-9.1110069267738, 38.7786869759694], [-9.11101021643709, 38.7786920873956], [-9.1110134213236, 38.7786970581086], [-9.11122590417285, 38.778901600947], [-9.11129783687654, 38.7789423834111], [-9.11139499674164, 38.7789974698232], [-9.11160427569672, 38.7791456075602], [-9.11166181457043, 38.7791920888567], [-9.11186561460108, 38.7793567238556], [-9.11200662670411, 38.7794335791369], [-9.11205389285542, 38.7794593418569], [-9.11225935432461, 38.7795713242138], [-9.11261319684515, 38.7797538295517], [-9.11273271265034, 38.7798332908296], [-9.11285416586257, 38.7799140400697], [-9.1130263472785, 38.7800248020805], [-9.11312688758321, 38.7800894772171], [-9.11362106400185, 38.7802846744857], [-9.11364717933608, 38.7802956232321], [-9.11410128764327, 38.7804860220069], [-9.11431571815424, 38.7805726783307], [-9.11456086394707, 38.7806031639474], [-9.11471159380654, 38.7806219087331], [-9.11478375925029, 38.7806308823122], [-9.11489368126271, 38.7806445505764], [-9.11634305903679, 38.7792374554553], [-9.11671571296873, 38.7794671332762], [-9.11699617732224, 38.7791904755534], [-9.11722363946173, 38.7789476374437], [-9.11740590754194, 38.7787180607312], [-9.11751821454983, 38.7785341661794], [-9.11763695748666, 38.7783145553907], [-9.1177642384309, 38.7780677545347], [-9.11784013532515, 38.777882729706], [-9.11790524352407, 38.7775646693679], [-9.11795819075416, 38.7773101597609], [-9.11798420704968, 38.7770324937274], [-9.11800037618647, 38.7767966510494], [-9.1180027447149, 38.7765716187431], [-9.11799273405518, 38.7764073547476], [-9.11797142692726, 38.7762144069024], [-9.1179491021555, 38.7760563107292], [-9.11791817808247, 38.7758973745249], [-9.11787490738727, 38.7757376361661], [-9.11781550707661, 38.7755522776704], [-9.1177369231345, 38.7753282282867], [-9.11763860254205, 38.7751091895195], [-9.11755379400839, 38.7749454672988], [-9.1174714528871, 38.7748045076833], [-9.11739030783981, 38.7746866663877], [-9.11727229905441, 38.7744988205127], [-9.1171137600348, 38.7743065506599], [-9.11695792982981, 38.774134660472], [-9.11682370170733, 38.7739959801907], [-9.11668900519542, 38.7738698245521], [-9.11647281535473, 38.7736722965241], [-9.11630476011359, 38.7735434287344], [-9.11605108392457, 38.7733701076098], [-9.11581724495529, 38.7732192998883], [-9.1156135582314, 38.7731108496621], [-9.11533513262945, 38.772961912006], [-9.11502753399351, 38.7728310191466], [-9.11470920701614, 38.7727173772746], [-9.11432327070468, 38.7725964041617], [-9.1140115187583, 38.7725179815801], [-9.1133295001004, 38.7724195107669], [-9.11244469610506, 38.77225848095], [-9.11228413579992, 38.7722250832099], [-9.11209242723717, 38.7721685438745], [-9.11192629827377, 38.7721099028393], [-9.11176625346148, 38.7720417704214], [-9.11160679171384, 38.7719615489109], [-9.11142606353063, 38.7718537611295], [-9.11124112657008, 38.7717103193101], [-9.11107384504529, 38.771548605711], [-9.11091446739508, 38.7713475651482], [-9.11080589981058, 38.7711452588571], [-9.11077968406896, 38.7709925677173], [-9.11077703591243, 38.7707985722156], [-9.11079890654051, 38.770638277026], [-9.11085346500358, 38.7704745709275], [-9.11099618691984, 38.7702113176112], [-9.11076369647883, 38.7700912536304], [-9.10945615819774, 38.7708747361194], [-9.11135625080491, 38.7745668362137], [-9.11155575731018, 38.774793796024], [-9.11056887383878, 38.7757984857052], [-9.11037157547215, 38.7760653546727], [-9.11023128966896, 38.7762761341681], [-9.11016799133307, 38.7764567737435], [-9.11014072156297, 38.7766654470365], [-9.11009765482058, 38.7772670992891]]]}, "properties": {"zona": "17C", "zonaNR": "Olivais(C)"}}, {"type": "Feature", "geometry": {"type": "Polygon", "coordinates": [[[-9.11076369647883, 38.7700912536304], [-9.11041781495246, 38.7701660921226], [-9.11004662596523, 38.7702026552331], [-9.10928870330716, 38.7702344438579], [-9.10902031196777, 38.7702822217812], [-9.10944900960788, 38.7696590271195], [-9.1095973958457, 38.7694553329087], [-9.10969852070358, 38.7692963600569], [-9.10978280222488, 38.7691354335607], [-9.10990538276678, 38.7687875447698], [-9.10993978466188, 38.7686583606578], [-9.11001799778958, 38.7681770250121], [-9.10431872539542, 38.7675837065458], [-9.10460918053393, 38.7703968735484], [-9.1046228591354, 38.7705296162524], [-9.10485557775161, 38.7730618567891], [-9.10500047807394, 38.7745134231241], [-9.10503879907608, 38.774651557295], [-9.1050746432697, 38.7747296199912], [-9.10515023389007, 38.7748940487234], [-9.10521373521369, 38.7748897696517], [-9.10626120734075, 38.7748163727657], [-9.10637585010259, 38.7748242510968], [-9.10650216045701, 38.7748329311109], [-9.10657243616208, 38.774855254411], [-9.10662673666926, 38.7748725024317], [-9.10667262604274, 38.7748870803219], [-9.10698313469393, 38.7751114089983], [-9.10731296935766, 38.775332106813], [-9.10751686153936, 38.7754685336508], [-9.10780060306106, 38.7756732760104], [-9.1078836318877, 38.7757331871483], [-9.10818433480266, 38.7759853303218], [-9.1084784433027, 38.776231941095], [-9.10858022802449, 38.7762975160287], [-9.10865374216037, 38.7763448770736], [-9.10953944935444, 38.776899669166], [-9.11007795495982, 38.77723705719], [-9.11009765482058, 38.7772670992891], [-9.11014072156297, 38.7766654470365], [-9.11016799133307, 38.7764567737435], [-9.11023128966896, 38.7762761341681], [-9.11037157547215, 38.7760653546727], [-9.11056887383878, 38.7757984857052], [-9.11155575731018, 38.774793796024], [-9.11135625080491, 38.7745668362137], [-9.10945615819774, 38.7708747361194], [-9.11076369647883, 38.7700912536304]]]}, "properties": {"zona": "17D", "zonaNR": "Olivais(D)"}}, {"type": "Feature", "geometry": {"type": "Polygon", "coordinates": [[[-9.11884232104871, 38.7690789594331], [-9.12399483431855, 38.7696382130898], [-9.12413258058118, 38.7692614606124], [-9.12431103985279, 38.7688744846833], [-9.1245317716085, 38.7684584977966], [-9.12492055289965, 38.7678213387135], [-9.12553193855178, 38.7669807787937], [-9.12593696606183, 38.7665102796746], [-9.12632522418515, 38.7661043122502], [-9.12664239861288, 38.7657764015877], [-9.12690435861011, 38.7655320170906], [-9.12510164679919, 38.7653165260625], [-9.12506220632862, 38.7654541571341], [-9.12498984079685, 38.7655843533361], [-9.12476304621717, 38.7658985160323], [-9.12462514335558, 38.7660621160001], [-9.1235591495515, 38.7656152232991], [-9.1231227337196, 38.7654368324422], [-9.12275100806295, 38.7653149414065], [-9.12235668932441, 38.7652301400675], [-9.12197091763456, 38.7651894178191], [-9.1212950674239, 38.7651768260085], [-9.12065178666145, 38.7651975767833], [-9.12008229222087, 38.7653143251344], [-9.11954832919032, 38.7654940372691], [-9.11973862581572, 38.7658656268396], [-9.11981801861878, 38.7661449854605], [-9.11984499061063, 38.7664552303572], [-9.1198129059147, 38.766727878875], [-9.11973064840847, 38.7669918143192], [-9.11925944634253, 38.7678629833128], [-9.11904144220666, 38.7682619810837], [-9.11896837093367, 38.7684280855852], [-9.11888950927383, 38.7686941644256], [-9.11884232104871, 38.7690789594331]]]}, "properties": {"zona": "17E", "zonaNR": "Olivais(E)"}}, {"type": "Feature", "geometry": {"type": "Polygon", "coordinates": [[[-9.11954832919032, 38.7654940372691], [-9.12008229222087, 38.7653143251344], [-9.12065178666145, 38.7651975767833], [-9.1212950674239, 38.7651768260085], [-9.12197091763456, 38.7651894178191], [-9.12235668932441, 38.7652301400675], [-9.12275100806295, 38.7653149414065], [-9.1231227337196, 38.7654368324422], [-9.1235591495515, 38.7656152232991], [-9.12462514335558, 38.7660621160001], [-9.12476304621717, 38.7658985160323], [-9.12498984079685, 38.7655843533361], [-9.12506220632862, 38.7654541571341], [-9.12510164679919, 38.7653165260625], [-9.12690435861011, 38.7655320170906], [-9.12763852930299, 38.7648470920016], [-9.12909291881096, 38.7635241469847], [-9.12958912364365, 38.7630319752493], [-9.12956470416528, 38.7630318267453], [-9.12915982659193, 38.7630351879967], [-9.12914339220846, 38.7630353244568], [-9.12899791925791, 38.7630365317321], [-9.12884128480511, 38.7630377150187], [-9.12875450355027, 38.7630383714839], [-9.12869370270595, 38.7630329442786], [-9.12860130745923, 38.7630246964796], [-9.12797862173204, 38.7629669710382], [-9.12789166719676, 38.7629533203114], [-9.12733096846889, 38.762865469473], [-9.12712160632725, 38.7628345654383], [-9.12689518216592, 38.7628011668189], [-9.12644638309859, 38.7627173576989], [-9.12569844841044, 38.7625292973255], [-9.12534867001849, 38.7624366232808], [-9.12498747254955, 38.7623409536106], [-9.12478284555544, 38.7622876513634], [-9.12462571510655, 38.7622467342253], [-9.12445510034224, 38.7621888127812], [-9.12426449763647, 38.7621241164663], [-9.12403896344544, 38.7620475032078], [-9.12370651693746, 38.7619503165754], [-9.12284152353827, 38.7616973484866], [-9.12223092178897, 38.7615188238256], [-9.12151851666514, 38.7613104771988], [-9.12111863760583, 38.7611888422863], [-9.12084290843901, 38.7611049841788], [-9.12061281955287, 38.7615911380858], [-9.12051582769789, 38.7618597260975], [-9.12040052263175, 38.7620541811623], [-9.12023833905506, 38.7622612025438], [-9.12005704930391, 38.7624239674438], [-9.11987345074892, 38.7625552367679], [-9.11923760917623, 38.7629172576903], [-9.11910044064192, 38.7630202854278], [-9.11898664235596, 38.7631351124902], [-9.11889004573069, 38.7632605172685], [-9.11882012121387, 38.7634308154183], [-9.11879174347616, 38.763614273967], [-9.11880476399215, 38.763743884069], [-9.11914308149026, 38.7647314866061], [-9.11926026835014, 38.764975483658], [-9.11954832919032, 38.7654940372691]]]}, "properties": {"zona": "17F", "zonaNR": "Olivais(F)"}}, {"type": "Feature", "geometry": {"type": "Polygon", "coordinates": [[[-9.11954832919032, 38.7654940372691], [-9.11934938134502, 38.7655686319618], [-9.11819360624325, 38.7657750979343], [-9.11748722769204, 38.7658741096807], [-9.11725652983914, 38.7658981749222], [-9.11694526576134, 38.7657524223591], [-9.11434817835607, 38.7649120318005], [-9.11423654085718, 38.7648657563273], [-9.11412942702771, 38.7647908005828], [-9.11408316441203, 38.7647158321185], [-9.11406967201062, 38.7646337462324], [-9.11408865565729, 38.764542981646], [-9.11431347418128, 38.7640828480879], [-9.11357489517017, 38.7638592199391], [-9.11338176492274, 38.7642456716141], [-9.11219167349401, 38.7638847088201], [-9.11189381960837, 38.7640619934566], [-9.11095793356299, 38.7631422236982], [-9.11044093031838, 38.7628502563066], [-9.11030638834324, 38.7629980639841], [-9.10940748345374, 38.7629640540241], [-9.10939772125901, 38.7631686989702], [-9.10941487147204, 38.7633443426702], [-9.10989049618083, 38.7661149506212], [-9.11016978697814, 38.7673104625051], [-9.11017236950828, 38.7674997917353], [-9.11013089581876, 38.767753733098], [-9.11001799778958, 38.7681770250121], [-9.11884232104871, 38.7690789594331], [-9.11888950927383, 38.7686941644256], [-9.11896837093367, 38.7684280855852], [-9.11904144220666, 38.7682619810837], [-9.11925944634253, 38.7678629833128], [-9.11973064840847, 38.7669918143192], [-9.1198129059147, 38.766727878875], [-9.11984499061063, 38.7664552303572], [-9.11981801861878, 38.7661449854605], [-9.11973862581572, 38.7658656268396], [-9.11954832919032, 38.7654940372691]]]}, "properties": {"zona": "17G", "zonaNR": "Olivais(G)"}}, {"type": "Feature", "geometry": {"type": "Polygon", "coordinates": [[[-9.10940748345374, 38.7629640540241], [-9.10874883315644, 38.7629391303083], [-9.10383391495289, 38.7629414155721], [-9.10386558597376, 38.763193815128], [-9.10425540302208, 38.7669703302096], [-9.10426004471498, 38.7670153271885], [-9.10431872539542, 38.7675837065458], [-9.11001799778958, 38.7681770250121], [-9.11013089581876, 38.767753733098], [-9.11017236950828, 38.7674997917353], [-9.11016978697814, 38.7673104625051], [-9.10989049618083, 38.7661149506212], [-9.10941487147204, 38.7633443426702], [-9.10939772125901, 38.7631686989702], [-9.10940748345374, 38.7629640540241]]]}, "properties": {"zona": "17I", "zonaNR": "Olivais(I)"}}, {"type": "Feature", "geometry": {"type": "Polygon", "coordinates": [[[-9.09573338300536, 38.7967693808652], [-9.09574790028069, 38.7967695585181], [-9.09576329214466, 38.7967697199557], [-9.095964579891, 38.7967706105887], [-9.09599874826942, 38.7967702029044], [-9.09602225845404, 38.7967697569374], [-9.09603501734074, 38.7967692824693], [-9.09604747092406, 38.7967683601263], [-9.09606079921671, 38.7967674305731], [-9.09607440046037, 38.7967662555585], [-9.09608860321943, 38.7967653007795], [-9.09610597903989, 38.796764058621], [-9.09611872035466, 38.796763133899], [-9.09613811236213, 38.7967611725106], [-9.09615142296044, 38.7967597836956], [-9.09616501813983, 38.7967581583309], [-9.09617890105196, 38.796756530593], [-9.09619278396343, 38.7967549028534], [-9.09620668141425, 38.7967535001871], [-9.09621969276695, 38.7967521138309], [-9.09623418010225, 38.796750922486], [-9.09625241596424, 38.7967494390139], [-9.09626515121242, 38.7967480639364], [-9.09627903399883, 38.7967464271798], [-9.09629291387485, 38.7967445742586], [-9.09630677908853, 38.7967424872541], [-9.09632180359167, 38.7967401564885], [-9.09645159078063, 38.796710608357], [-9.0965746073697, 38.7966826021967], [-9.09658583970526, 38.7966798883086], [-9.09659880364111, 38.7966766917354], [-9.09679027142784, 38.7966348478945], [-9.09680727983135, 38.7966311135042], [-9.0968187998824, 38.7966283972207], [-9.09683031374596, 38.7966252215897], [-9.09684154302967, 38.7966222825075], [-9.09685278370044, 38.7966193343225], [-9.09686918148162, 38.7966147041807], [-9.09693345327013, 38.7965905285736], [-9.0969449227514, 38.7965857679264], [-9.09695781295487, 38.7965805181454], [-9.09697013932188, 38.796575282022], [-9.0969827358441, 38.7965695932792], [-9.09699591074123, 38.7965641159508], [-9.09702030252634, 38.7965547808291], [-9.09703549662394, 38.7965488094255], [-9.09704639378131, 38.7965442876924], [-9.09705985324654, 38.7965385738066], [-9.09707504127052, 38.7965321520584], [-9.09708992701661, 38.7965255076074], [-9.09710471190236, 38.7965182973966], [-9.097125412376, 38.7965091449394], [-9.09713543190308, 38.7965044142521], [-9.09714632057156, 38.7965001177746], [-9.09715722062666, 38.7964958121944], [-9.09716754545863, 38.7964915293748], [-9.09718271879839, 38.7964848735313], [-9.09719731375848, 38.7964780062712], [-9.09720732480089, 38.7964735008425], [-9.09722249206533, 38.7964663946544], [-9.09723909471064, 38.7964590334099], [-9.09725429724455, 38.7964528367135], [-9.09727004591061, 38.7964461671035], [-9.09728037072852, 38.7964418842741], [-9.09729097164656, 38.7964375901577], [-9.09730672878093, 38.796430695278], [-9.0973178959358, 38.7964257118944], [-9.09733192463071, 38.7964195338825], [-9.09734795191121, 38.7964121863785], [-9.0973968906167, 38.7963896683765], [-9.09740975091367, 38.7963830586163], [-9.09750589662752, 38.7963385052386], [-9.09752047382598, 38.7963311786875], [-9.09753532117405, 38.7963233995152], [-9.097550200642, 38.7963162956602], [-9.0975605139148, 38.7963120129014], [-9.0975705332636, 38.7963072731706], [-9.09758084653385, 38.79630299041], [-9.0975920312286, 38.796298457245], [-9.09760608061022, 38.7962929636216], [-9.09762100760676, 38.796287678939], [-9.09763162606056, 38.7962838350364], [-9.09764483006457, 38.796278816792], [-9.09765973935411, 38.7962730728533], [-9.09767496254772, 38.7962675605238], [-9.09769017107297, 38.796261814111], [-9.09770107421502, 38.7962577426572], [-9.09771512661545, 38.7962524741906], [-9.09773061982997, 38.7962465002274], [-9.09774582834615, 38.7962407538074], [-9.09776075228566, 38.7962352439374], [-9.09777594625216, 38.7962292724388], [-9.09779142175453, 38.7962228392165], [-9.09781205659451, 38.7962140393845], [-9.09782322975112, 38.7962095062927], [-9.09783844128758, 38.7962039850305], [-9.09784907438343, 38.7962003751899], [-9.09786516668981, 38.7961952970414], [-9.09788098277214, 38.7961902211715], [-9.09789650276939, 38.7961853819469], [-9.09791260961416, 38.7961805288666], [-9.09792441108619, 38.7961773507533], [-9.09793967863096, 38.7961734233944], [-9.09795091083246, 38.7961707093765], [-9.09811877871409, 38.7961449930225], [-9.09813439291423, 38.796142873341], [-9.09815115487818, 38.7961405099752], [-9.09816850672701, 38.7961383579217], [-9.0981800619319, 38.7961365510008], [-9.09819190170856, 38.7961345075257], [-9.09820431682447, 38.7961324502895], [-9.09832740497098, 38.7961341088549], [-9.09837096162479, 38.7961360514229], [-9.098457016487, 38.7961398894066], [-9.09851298548911, 38.7961423851377], [-9.09858610127621, 38.7961468965239], [-9.09864079644977, 38.7961600832562], [-9.09867894363773, 38.7961800580664], [-9.0994234282484, 38.7963811627019], [-9.09952760414098, 38.7959929292101], [-9.09971892576763, 38.7953351903411], [-9.09999752216159, 38.794410666686], [-9.10038310207112, 38.7931569000767], [-9.10076182390226, 38.7917485348504], [-9.10096416342111, 38.7905308308308], [-9.10101231948502, 38.7900729448179], [-9.10104910751393, 38.7893659008258], [-9.10101399434369, 38.7882116250496], [-9.10098251645591, 38.7877251033155], [-9.10090701565337, 38.7870636525185], [-9.10081591961223, 38.7864350741129], [-9.10070287326061, 38.7856550228276], [-9.1005120395692, 38.7843381681687], [-9.10036816698865, 38.7833429758441], [-9.10016470058017, 38.7819224708556], [-9.10010784906152, 38.7815214406721], [-9.09991083700214, 38.7802671169456], [-9.09980715395606, 38.7796231999022], [-9.09974339547876, 38.7791812931945], [-9.09971756740649, 38.7790022846464], [-9.09961443813193, 38.7782862362127], [-9.09954997225479, 38.7778387070566], [-9.09946913443454, 38.7773019925942], [-9.09936400094893, 38.7766600270798], [-9.0992817328654, 38.7761234449005], [-9.09920410926565, 38.7755864368773], [-9.09915236464663, 38.7752284254281], [-9.09881149441784, 38.7752358691877], [-9.09727239150132, 38.7752005074738], [-9.0970750845154, 38.7775994612869], [-9.09708199768831, 38.7776895139761], [-9.09710844705686, 38.7777910048737], [-9.09715874273306, 38.777885162146], [-9.09740409408862, 38.7782897209903], [-9.09572705164547, 38.7789059869088], [-9.09522437066529, 38.7791156499448], [-9.09356068648031, 38.7797257495427], [-9.09229638201394, 38.7802429715516], [-9.09199519619348, 38.7790827276365], [-9.09188860695681, 38.7783853601313], [-9.09191120430889, 38.7777932284608], [-9.09203139583424, 38.7759280958151], [-9.09223241061826, 38.7748613050951], [-9.09175729799052, 38.7748392393896], [-9.09166838694645, 38.7748714501704], [-9.09160952332502, 38.7748839854575], [-9.09153535686839, 38.7748897642415], [-9.09143329713264, 38.7748791153496], [-9.09142237001852, 38.7750725038977], [-9.09142236527805, 38.7750725796023], [-9.09142234666574, 38.7750729085406], [-9.09136305018833, 38.7758489703532], [-9.09132440948213, 38.7763546666884], [-9.09131971996269, 38.7764160457203], [-9.09131236980515, 38.7765122428906], [-9.09127324683122, 38.7770000040309], [-9.0909714663575, 38.7807893837725], [-9.0909225159015, 38.7814187279174], [-9.0909174076736, 38.7814165953002], [-9.09086126134438, 38.7814863346089], [-9.09087261468283, 38.7814922245478], [-9.09088073884014, 38.7816526141965], [-9.09088294850789, 38.7816962353528], [-9.09081052405425, 38.7826256140026], [-9.09073776217006, 38.7835593126824], [-9.09053414986874, 38.7835583229232], [-9.09029030479757, 38.7835502579507], [-9.08996353170322, 38.7835276276289], [-9.08973794550236, 38.7835040113289], [-9.08973159158324, 38.7835327703486], [-9.08988939098385, 38.7835509947488], [-9.09008177829647, 38.7835688897433], [-9.0902418273011, 38.7835801925557], [-9.09045987367976, 38.783590394864], [-9.09058183393888, 38.783593499573], [-9.09076617651168, 38.7835946615848], [-9.09087043712328, 38.7838005481122], [-9.090987879753, 38.7839997741978], [-9.09108942751695, 38.7841520547366], [-9.09120663665269, 38.7843103555049], [-9.09136898456754, 38.7845055558158], [-9.09137336345858, 38.7845793965738], [-9.09138608298542, 38.7846370962935], [-9.09141227377116, 38.7847051372985], [-9.09143057637259, 38.7847395510718], [-9.09144900263984, 38.7847740025613], [-9.09146635398145, 38.784819025423], [-9.09147724078964, 38.784867134231], [-9.09148054593154, 38.7849239446108], [-9.09147566477666, 38.7849706000661], [-9.09143785937846, 38.7851640826271], [-9.09160242684417, 38.7851995234622], [-9.09165024321715, 38.7852162676924], [-9.09168949420628, 38.7852431096628], [-9.09171637655626, 38.7852766404993], [-9.0917300704754, 38.7853130521283], [-9.09174178013434, 38.785379616564], [-9.09173776166281, 38.7855455959138], [-9.09170891105557, 38.7861139047052], [-9.09165894273362, 38.786399750463], [-9.09162930820587, 38.7864648029388], [-9.09159344200073, 38.786526539404], [-9.09153516175188, 38.7866053628554], [-9.09090547214625, 38.7873426725061], [-9.09113849240123, 38.7874047627325], [-9.09118779925093, 38.7874253628721], [-9.09125806375796, 38.7874661325747], [-9.09130910794906, 38.787507578697], [-9.09134759474055, 38.7875494664685], [-9.09137841587914, 38.7875949193273], [-9.09140331989808, 38.787649289791], [-9.09141656158879, 38.7877005554203], [-9.09142068405513, 38.7877466235673], [-9.09141728287117, 38.7877951765168], [-9.09140393377594, 38.7878491923136], [-9.0913851686603, 38.7878929088605], [-9.09131903304077, 38.7880331893191], [-9.0910993812632, 38.7879697567003], [-9.09108520276842, 38.787998283564], [-9.09164560970729, 38.7881672087813], [-9.0914993675095, 38.7883390260947], [-9.09134475179525, 38.788500970877], [-9.09117907980163, 38.7886634510923], [-9.09104545116298, 38.7888110388055], [-9.09101181746559, 38.7888493112572], [-9.09095621511675, 38.788920469325], [-9.09092407530162, 38.7889673472728], [-9.09087542238654, 38.7890497053908], [-9.09084533498735, 38.7891273200413], [-9.09082428201365, 38.7892030131349], [-9.09080970876972, 38.7892896282253], [-9.09077666921945, 38.7894902632213], [-9.0907503385592, 38.7896159883639], [-9.09070761426097, 38.7897864022508], [-9.0906612991918, 38.7899423069484], [-9.09061100186066, 38.790089712065], [-9.0905493737323, 38.7902489471695], [-9.0905041927468, 38.790354593372], [-9.09044223788636, 38.7904877147679], [-9.09040100101711, 38.7905701326192], [-9.09037963855744, 38.7906200838525], [-9.09036104004215, 38.7906729129512], [-9.09034571036254, 38.7907285049842], [-9.09033455134966, 38.7907842385006], [-9.09032517961818, 38.7908737807731], [-9.09032600206978, 38.7909607470738], [-9.0903368501878, 38.7910489716031], [-9.09045333004392, 38.7917009685743], [-9.09045660540116, 38.7917399211981], [-9.09046616312814, 38.791806602408], [-9.09047768547883, 38.791860884495], [-9.09049127096047, 38.7919106475769], [-9.09051232002455, 38.7919724992248], [-9.09054101677042, 38.7920404963801], [-9.09057731261816, 38.792111005688], [-9.09061511904038, 38.792172942492], [-9.09063173046768, 38.7922009287208], [-9.09064443897733, 38.7922303827743], [-9.09065565399765, 38.7922764756637], [-9.09065750035195, 38.792297736057], [-9.09061338241444, 38.7940598600815], [-9.09087046930737, 38.7942105388106], [-9.09087553324511, 38.7943167082416], [-9.09088384562273, 38.7944112850313], [-9.09088992667034, 38.7944537826139], [-9.09090035691413, 38.7944863503804], [-9.0909219637195, 38.7945282126525], [-9.09094562348537, 38.7945599765646], [-9.09097139842195, 38.7945868922505], [-9.09100898569481, 38.7946233881683], [-9.09104870954326, 38.794658869394], [-9.09109097859496, 38.7946935947019], [-9.0911272814918, 38.7947306965262], [-9.09115108768337, 38.7947616070567], [-9.09117165073285, 38.7947954735099], [-9.09118696614326, 38.7948287299228], [-9.09120195255717, 38.7948787642503], [-9.09130153300809, 38.7953017005147], [-9.09133533499478, 38.7954071288913], [-9.09137127925721, 38.7955032805735], [-9.09138626230362, 38.7955408373002], [-9.09141715425981, 38.7955861543747], [-9.09172000940357, 38.7959405588918], [-9.09178900297368, 38.7960212989821], [-9.091843546056, 38.7962089711232], [-9.09184376440183, 38.7962097178793], [-9.09233656894187, 38.7961873720681], [-9.09255206249826, 38.796217021943], [-9.0925781488612, 38.7963065613882], [-9.09262635351765, 38.7962815562469], [-9.0926401941625, 38.796285360976], [-9.09271340581339, 38.796279697346], [-9.09275174465159, 38.7962789762188], [-9.09280389637531, 38.7962801611739], [-9.09284611462991, 38.7962842732609], [-9.0928936980362, 38.7962944845765], [-9.09290261106926, 38.796297347902], [-9.09291491420018, 38.7963015165321], [-9.0929337906347, 38.7963074597455], [-9.0929403438182, 38.796309450682], [-9.09295293785817, 38.7963129953807], [-9.092965802806, 38.7963161415096], [-9.09298015029249, 38.7963186854474], [-9.0929939829143, 38.7963206030677], [-9.09301399766338, 38.7963238796176], [-9.09302659778152, 38.7963270189077], [-9.09303792623202, 38.7963288895373], [-9.09305061682632, 38.7963293347513], [-9.09306283342625, 38.7963279102372], [-9.09307475900102, 38.7963271006428], [-9.09308486024948, 38.7963275851425], [-9.09308268493685, 38.7963533382796], [-9.09314928078259, 38.7963564572828], [-9.09315173389078, 38.7963265312538], [-9.09322381611264, 38.7963336316188], [-9.09325121654037, 38.7963374599683], [-9.09331306484105, 38.7963487699432], [-9.09341736625003, 38.7963731075501], [-9.09354428233661, 38.7963998327012], [-9.09369899508627, 38.7964314240012], [-9.0937688978524, 38.7964476488251], [-9.09379750855385, 38.7964550251733], [-9.09382354085847, 38.7964606842109], [-9.09383193034616, 38.7964631284037], [-9.0938426533982, 38.7964670577095], [-9.09387972330722, 38.7964752112139], [-9.09389262033168, 38.7964773120727], [-9.09390578509417, 38.7964796359232], [-9.09392923090695, 38.79648297418], [-9.09395899129692, 38.7964876747278], [-9.0939703170137, 38.7964893381099], [-9.09398744509233, 38.7964919356234], [-9.09399957404247, 38.7964934122413], [-9.09401169414469, 38.7964950871021], [-9.09403327763738, 38.7964986027937], [-9.09404643355974, 38.7965011248725], [-9.09408669595796, 38.7965087205955], [-9.09415142256466, 38.7965209162391], [-9.09422261936568, 38.7965353457031], [-9.09435865918387, 38.796562917314], [-9.09437099456514, 38.7965660496286], [-9.09443933223366, 38.7965814221777], [-9.09449662951138, 38.796594093113], [-9.09451373145468, 38.7965973123018], [-9.09453718023637, 38.7966008665987], [-9.09454903553296, 38.7966025345747], [-9.09462506671686, 38.7966126642278], [-9.09471208272127, 38.7966273514479], [-9.09472398759437, 38.7966275687437], [-9.09473746124524, 38.7966280343529], [-9.09475218516037, 38.7966294580082], [-9.09475965709483, 38.7966325717584], [-9.09476707960833, 38.7966350058266], [-9.09477933119534, 38.7966370398371], [-9.09479130668036, 38.7966390851265], [-9.09480472361541, 38.7966413257297], [-9.0948199072881, 38.7966439841636], [-9.09483332119855, 38.7966459995936], [-9.09484703435212, 38.796648012559], [-9.09486540877345, 38.796650842895], [-9.09487766036576, 38.796652876895], [-9.09489022573703, 38.7966551335057], [-9.09490219274527, 38.7966574040483], [-9.09491417429019, 38.7966598996647], [-9.09492615898364, 38.7966626294567], [-9.0949378703598, 38.7966655776842], [-9.09494983737121, 38.7966678482219], [-9.09496357124267, 38.7966705455951], [-9.09497555279182, 38.7966730412053], [-9.09498724963545, 38.7966757643527], [-9.09499894962791, 38.7966787216757], [-9.09501184404175, 38.7966823357409], [-9.09502327398739, 38.7966857546819], [-9.09503019671089, 38.7966877424583], [-9.09505959213657, 38.7966961929707], [-9.09507277114155, 38.7966995704836], [-9.09508767339911, 38.7967026996046], [-9.0950993496607, 38.7967047473259], [-9.09511072062585, 38.79670634717], [-9.09512558448911, 38.7967083326128], [-9.09514610148499, 38.7967117938246], [-9.09515448438844, 38.7967132291035], [-9.09516585838348, 38.7967150541121], [-9.09518014993186, 38.7967172784629], [-9.09519443845358, 38.796719277642], [-9.09520398398501, 38.7967203745598], [-9.09521309143543, 38.7967214210373], [-9.09522602853696, 38.7967226440595], [-9.0952375862524, 38.7967236649541], [-9.09525385505084, 38.7967251839182], [-9.09526753600745, 38.796726512507], [-9.09528094994497, 38.7967285278853], [-9.09530781004552, 38.7967332429639], [-9.09533526003244, 38.7967381693654], [-9.09534983920256, 38.7967403823189], [-9.09536384314898, 38.7967426180234], [-9.09537755621363, 38.7967446219193], [-9.09539154247496, 38.7967463983687], [-9.09540495339124, 38.7967481885628], [-9.09541807657472, 38.7967499811251], [-9.09543148749228, 38.7967517713161], [-9.09545217194672, 38.7967543303157], [-9.09546588198751, 38.7967561090313], [-9.09547986825307, 38.7967578854701], [-9.09549386905707, 38.7967598869823], [-9.095507855324, 38.7967616634178], [-9.09552214083439, 38.7967634373868], [-9.09553873935921, 38.7967651652783], [-9.09555270188314, 38.7967660321171], [-9.09555994119671, 38.7967664814258], [-9.09556666440738, 38.7967668989542], [-9.09558731906758, 38.7967680979988], [-9.09560069473738, 38.7967689786738], [-9.0956140672575, 38.7967696251706], [-9.09562773914181, 38.7967702782076], [-9.09564138170751, 38.7967704630794], [-9.09565474514131, 38.7967704340622], [-9.0956686695037, 38.7967701752276], [-9.09568201827781, 38.7967699121254], [-9.09570231784463, 38.7967695287038], [-9.09571595435191, 38.7967692632272], [-9.09573338300536, 38.7967693808652]]]}, "properties": {"zona": "18A", "zonaNR": "Parque das Naes(A)"}}, {"type": "Feature", "geometry": {"type": "Polygon", "coordinates": [[[-9.09203139583424, 38.7759280958151], [-9.09191120430889, 38.7777932284608], [-9.09188860695681, 38.7783853601313], [-9.09199519619348, 38.7790827276365], [-9.09229638201394, 38.7802429715516], [-9.09356068648031, 38.7797257495427], [-9.09522437066529, 38.7791156499448], [-9.09572705164547, 38.7789059869088], [-9.09740409408862, 38.7782897209903], [-9.09715874273306, 38.777885162146], [-9.09710844705686, 38.7777910048737], [-9.09708199768831, 38.7776895139761], [-9.0970750845154, 38.7775994612869], [-9.09727239150132, 38.7752005074738], [-9.09881149441784, 38.7752358691877], [-9.09915236464663, 38.7752284254281], [-9.09889216880152, 38.7737925420659], [-9.09881982638009, 38.7732866416677], [-9.0987655145192, 38.7724195549419], [-9.09873611038775, 38.7710322340705], [-9.09873207336955, 38.7708420464216], [-9.09898795172315, 38.7685948114138], [-9.09906944266092, 38.7670327012828], [-9.09925607483131, 38.765655221725], [-9.09946829944414, 38.7643723843046], [-9.09970726035806, 38.7629278388996], [-9.09984369226978, 38.7617913901919], [-9.09598953691299, 38.7615978523404], [-9.0959882053827, 38.7616376284359], [-9.09600446159793, 38.7616917073103], [-9.09604992934326, 38.7617610489048], [-9.09606270261605, 38.761800627716], [-9.09580329454161, 38.7649546002411], [-9.09584921885179, 38.7649569197875], [-9.09571139346745, 38.7666325498963], [-9.09548584156534, 38.7693746068583], [-9.09271672430922, 38.7692354570174], [-9.09226645697963, 38.7747199171658], [-9.09194237541326, 38.7747033413486], [-9.09170903095098, 38.7746763855916], [-9.09168859176035, 38.7746693109573], [-9.09166249440978, 38.7746599046642], [-9.09164394436427, 38.7746546971621], [-9.091607863209, 38.7746481921962], [-9.09157957914588, 38.774643055514], [-9.09155785967176, 38.774640053887], [-9.09152997839676, 38.7746374991355], [-9.09145255052615, 38.7746368730256], [-9.09141997838563, 38.7746355637647], [-9.09138613174698, 38.7746342045933], [-9.0913851646334, 38.7746341656831], [-9.09138509785158, 38.7746341626275], [-9.09133169596545, 38.7746320179717], [-9.09112580145021, 38.7746349518321], [-9.09112467741821, 38.7746349673523], [-9.09106989886296, 38.7746380376841], [-9.09105082746228, 38.774640218077], [-9.09100641944852, 38.774645295887], [-9.0909316264395, 38.7746575560503], [-9.09091596780385, 38.7746614406545], [-9.09088119721255, 38.7746700668795], [-9.09084332802045, 38.7746839610438], [-9.09082997969075, 38.7746928134355], [-9.09082294681088, 38.7746974776748], [-9.09080911050365, 38.7747103686689], [-9.09080897866238, 38.774710491355], [-9.09080458817281, 38.774720345867], [-9.09080503300942, 38.7747320974355], [-9.09080576284057, 38.7747337533985], [-9.0908092458564, 38.7747416562462], [-9.0908168750821, 38.7747513816278], [-9.0908181428921, 38.7747529962497], [-9.09083247826139, 38.7747665796715], [-9.09085399797573, 38.774778993547], [-9.09085659792644, 38.7747804936609], [-9.09085686580691, 38.7747806482016], [-9.09088311821356, 38.7747921882589], [-9.09093015134644, 38.7748088095518], [-9.0909863219367, 38.7748220500568], [-9.09101542047518, 38.7748278557932], [-9.09106641592011, 38.7748364185786], [-9.09115674467457, 38.7748515859066], [-9.09128584938473, 38.7748666153935], [-9.0913303631302, 38.7748706345145], [-9.09136298605246, 38.7748735810063], [-9.09136341692507, 38.7748736189092], [-9.09139395106988, 38.7748763753401], [-9.09139944659679, 38.774876871646], [-9.09140142706527, 38.7748770508755], [-9.09140747677021, 38.7748775984852], [-9.09141608394513, 38.7748781044043], [-9.0914332971447, 38.7748791162502], [-9.09153535686839, 38.7748897642415], [-9.09160952332502, 38.7748839854575], [-9.09166838694645, 38.7748714501704], [-9.09175729799052, 38.7748392393896], [-9.09223241061826, 38.7748613050951], [-9.09203139583424, 38.7759280958151]]]}, "properties": {"zona": "18C", "zonaNR": "Parque das Naes(C)"}}, {"type": "Feature", "geometry": {"type": "Polygon", "coordinates": [[[-9.09476279696916, 38.7618870147301], [-9.09496898861218, 38.7618975587206], [-9.09502289509108, 38.7612294932822], [-9.09504815361095, 38.7612307419605], [-9.09509892674967, 38.7606015314268], [-9.09625979154354, 38.7606619047909], [-9.09623511347206, 38.7609591211173], [-9.09622125208357, 38.7609840870866], [-9.09620849800549, 38.7610109770127], [-9.09619812380917, 38.7610363772459], [-9.09618904401819, 38.7610658942061], [-9.09618379327908, 38.7610929465941], [-9.09616209587506, 38.7613746835665], [-9.09613251281256, 38.7614036659564], [-9.09609590282996, 38.7614329287316], [-9.09603927494308, 38.7614791083136], [-9.0960062213647, 38.7615256854613], [-9.0959901041135, 38.7615809030129], [-9.09598953691299, 38.7615978523404], [-9.09984369226978, 38.7617913901919], [-9.09985264984322, 38.7617167699067], [-9.1001559022734, 38.7589077973022], [-9.10028558914312, 38.7575000237859], [-9.1003710014068, 38.7565729210484], [-9.10051555987354, 38.755003655253], [-9.10051604334166, 38.7550012065206], [-9.10040018117574, 38.7549662997953], [-9.09935610901062, 38.7546521845518], [-9.09890597880102, 38.7545167336162], [-9.09715028958813, 38.7539883246734], [-9.09603132364612, 38.7536546196524], [-9.09591986555305, 38.7536213080001], [-9.09466029087299, 38.7532456904102], [-9.09466016620049, 38.7532456581068], [-9.09466012682222, 38.7532458097627], [-9.09465426382113, 38.7532673597506], [-9.0946542407417, 38.7532674401104], [-9.0946493039469, 38.7532855730045], [-9.09464667718833, 38.7532952258146], [-9.09464343538171, 38.7533071374501], [-9.09464333011906, 38.7533075229515], [-9.09450119541113, 38.7532827062908], [-9.09449256357828, 38.7532811991144], [-9.0944778447755, 38.7532885805135], [-9.09447778763825, 38.7532886089078], [-9.09445874953876, 38.7532981579913], [-9.09445858499216, 38.7532982404154], [-9.09445850270678, 38.7532982807268], [-9.09445841700693, 38.7532983237686], [-9.09408088597538, 38.7534876378931], [-9.09407984728002, 38.7534881589802], [-9.09383890197277, 38.7536089813005], [-9.09383034553489, 38.7536132718131], [-9.09377274496182, 38.7536421551383], [-9.09377236559288, 38.7536423456198], [-9.09380780809562, 38.7536863423337], [-9.09384963681189, 38.7537382684043], [-9.09389118947067, 38.7537898490252], [-9.09389130645124, 38.7537899939909], [-9.09389137315021, 38.7537900781164], [-9.09383882673223, 38.7538378913739], [-9.09381370423501, 38.753860752632], [-9.09377983418937, 38.7538775991749], [-9.0937432306807, 38.7538958067418], [-9.09364957969957, 38.7539423885759], [-9.09364919345137, 38.7539425809152], [-9.09370688502808, 38.7540136687955], [-9.09375298036395, 38.7540704682121], [-9.09376270088335, 38.7540656510865], [-9.09378857805132, 38.754052825595], [-9.09378874757248, 38.7540528566299], [-9.09385400948658, 38.7540645258446], [-9.09385439579787, 38.7540645956328], [-9.0939745333606, 38.7540860772439], [-9.09397461065978, 38.754086351348], [-9.09397626195636, 38.7540922235059], [-9.09410680304482, 38.7545564068995], [-9.09410685492147, 38.7545565866301], [-9.09410690321448, 38.7545567564815], [-9.09411611047876, 38.7545894963944], [-9.09411942154644, 38.7546012685596], [-9.09412257078688, 38.7546124682548], [-9.09408063688272, 38.7547897840617], [-9.09405979886117, 38.7548778963731], [-9.09406010672978, 38.7548779496905], [-9.09413334516912, 38.7548907403979], [-9.0941971294567, 38.7549018801931], [-9.0941974776934, 38.7549019412853], [-9.09399516513849, 38.7556383564656], [-9.09390716326953, 38.7559586767577], [-9.09353002331823, 38.7573313996773], [-9.09352991688175, 38.7573317842864], [-9.0934935633928, 38.7573256919401], [-9.09349312178938, 38.7573256181012], [-9.09338878181821, 38.7573081327334], [-9.0933886492198, 38.7573081104024], [-9.09331545548607, 38.757571580671], [-9.09331543570993, 38.757571650194], [-9.09345443338188, 38.7575939853319], [-9.09345458095895, 38.7575940093413], [-9.09321455773625, 38.7584703319187], [-9.09321445244681, 38.7584707165181], [-9.09289425690154, 38.7584169545577], [-9.09249489663537, 38.7583498992224], [-9.09249440314168, 38.758349816798], [-9.09249942209005, 38.7583341460781], [-9.09250075165849, 38.7583299960568], [-9.09250204145546, 38.7583259688689], [-9.09250850478932, 38.7583057877715], [-9.09250868530191, 38.7583056079343], [-9.0925122263489, 38.7583020838209], [-9.09252734648542, 38.7582870372978], [-9.09252768026459, 38.7582867048705], [-9.09252773704477, 38.7582866494565], [-9.09252778813367, 38.7582865985932], [-9.09253832377902, 38.7582761080398], [-9.09254217133224, 38.758272276944], [-9.09254218413505, 38.7582722020738], [-9.09254220146677, 38.7582721217616], [-9.09262150153638, 38.7578917060779], [-9.09257460209079, 38.757843881076], [-9.09221308500481, 38.7577828105743], [-9.09172973369805, 38.7577011572851], [-9.09166268653592, 38.7577286857021], [-9.09164169575855, 38.757748211224], [-9.09162544672513, 38.7577633254435], [-9.09162525696097, 38.757763501752], [-9.09153307911964, 38.7581002865732], [-9.0915331468922, 38.7581004508611], [-9.09154792237854, 38.7581366889876], [-9.09154808891626, 38.75813709838], [-9.0915495174777, 38.7581406033303], [-9.09155026802372, 38.758142443785], [-9.09154032445713, 38.7581764804221], [-9.09153669423721, 38.7581889085977], [-9.09153658201313, 38.7581892914509], [-9.09141177016651, 38.7581679258719], [-9.09125676387026, 38.7580632751862], [-9.0912549889963, 38.7580595947158], [-9.0912539182265, 38.7580573794553], [-9.09125246143373, 38.7580509877163], [-9.09158618764799, 38.7568414720997], [-9.09158429766775, 38.7567797306573], [-9.09158295979598, 38.7567360436312], [-9.09143481436599, 38.7567104717746], [-9.0913430845834, 38.7566946377067], [-9.0913314668737, 38.7567021491211], [-9.09133090800029, 38.7567025104141], [-9.09132233331149, 38.7567080556868], [-9.09132225803057, 38.7567081040456], [-9.09131976524737, 38.7567127626264], [-9.09131965077205, 38.756712977051], [-9.09128616262049, 38.7567755625223], [-9.09069475593388, 38.758914838066], [-9.09069303906111, 38.7590181946986], [-9.09069288162087, 38.7590276767512], [-9.0906930660828, 38.7590277058666], [-9.09079478491896, 38.7590436441367], [-9.09093984482993, 38.7590663748619], [-9.09094008000288, 38.7590664107676], [-9.09094030639101, 38.7590660476974], [-9.09096093704419, 38.7590327936875], [-9.09099697504093, 38.7589747048659], [-9.09116932348116, 38.7583525431943], [-9.09116947823219, 38.7583525013904], [-9.09130900276719, 38.7583148920093], [-9.09137408804204, 38.7582973488692], [-9.09317300422528, 38.7586039777296], [-9.09316117069394, 38.758648710631], [-9.09337326133197, 38.7586831068554], [-9.09318700615708, 38.7593462229798], [-9.09314874704507, 38.759488712632], [-9.09296406908406, 38.7601937730282], [-9.09292643560996, 38.7603697180027], [-9.09313156454923, 38.760380030775], [-9.09310324476455, 38.7607134681527], [-9.09420704933886, 38.7607689528999], [-9.0941785735758, 38.7611217883705], [-9.09426468381069, 38.7611260480677], [-9.09425176550267, 38.7612861165213], [-9.09483872626086, 38.7613151520962], [-9.09490464193809, 38.7613547026852], [-9.09491745895123, 38.7613933075195], [-9.09488586479446, 38.7617848502573], [-9.09481924471261, 38.7618470427507], [-9.09476625183889, 38.7618444089269], [-9.09476279696916, 38.7618870147301]]]}, "properties": {"zona": "18E", "zonaNR": "Parque das Naes(E)"}}, {"type": "Feature", "geometry": {"type": "Polygon", "coordinates": [[[-9.12459872449202, 38.7353364744719], [-9.12532407874303, 38.735922405985], [-9.12574781832462, 38.7364106117549], [-9.12575381740351, 38.7364175229902], [-9.12604667647744, 38.7370770235991], [-9.1264314999829, 38.7377495239581], [-9.12650375040724, 38.7378757442673], [-9.12658633714084, 38.7378498032662], [-9.1270788388561, 38.7376950203378], [-9.12712658359885, 38.7376800198086], [-9.12749624523623, 38.7376152665034], [-9.12777951882405, 38.7375656507245], [-9.12825895790089, 38.7374475125744], [-9.12860182741385, 38.7373637529838], [-9.12861136545552, 38.7373641005297], [-9.12889477816697, 38.737374737151], [-9.12891627333398, 38.7373734739954], [-9.12907416317164, 38.7373642010239], [-9.12914987669773, 38.7373569035966], [-9.1291630682322, 38.7373556498963], [-9.12917200425083, 38.7373548008776], [-9.12919028360031, 38.7373530327094], [-9.1297971121967, 38.7373159777831], [-9.13121332258444, 38.7372294926721], [-9.13120568373097, 38.7370111983725], [-9.13119770007621, 38.7367929160162], [-9.13123533970441, 38.7357540783539], [-9.13126091434177, 38.7350965607864], [-9.1312676125521, 38.7347428503925], [-9.13129046732144, 38.7342853215067], [-9.13131294809213, 38.7338356416265], [-9.13147280015797, 38.7336783503794], [-9.13175274465898, 38.7330042895245], [-9.13172435391458, 38.7329955458132], [-9.13113112502591, 38.7328453993104], [-9.13096960129024, 38.7328058464721], [-9.12995642071884, 38.7325577431293], [-9.12950899015361, 38.7324451832865], [-9.1291713977697, 38.7323579843404], [-9.12901453350915, 38.7323189079372], [-9.12892386254168, 38.7322963211611], [-9.12878009370849, 38.7322535891904], [-9.12871239663826, 38.7322316470034], [-9.12861934938048, 38.7321976699611], [-9.12855327191687, 38.7321678761422], [-9.12842765090764, 38.7321072463974], [-9.12801019513446, 38.7318917304488], [-9.12783194093038, 38.731809029221], [-9.12778106523589, 38.7317809071776], [-9.12772073330562, 38.7317510648953], [-9.12760609054386, 38.7316935818812], [-9.12760583689719, 38.7316934525242], [-9.1276058044758, 38.7316934365858], [-9.12733519134722, 38.7315557264352], [-9.1271726158689, 38.7314590151175], [-9.12670238442622, 38.7312391663341], [-9.12657589648941, 38.7311747487282], [-9.12654425177957, 38.7312054678634], [-9.12660811305305, 38.7312381164431], [-9.12665385490262, 38.7312798989351], [-9.12631413802845, 38.731644041004], [-9.12539570085661, 38.7325599547334], [-9.12521495714562, 38.7327935937101], [-9.12475725095297, 38.733583029296], [-9.12480436771581, 38.7335997895819], [-9.12475356042687, 38.7336631216389], [-9.12465046425817, 38.7336862212763], [-9.1244772074642, 38.7337103419256], [-9.12441541307996, 38.7337237301047], [-9.12408367666449, 38.7339433036574], [-9.12406609790662, 38.7341853995189], [-9.12416603181123, 38.7344161671241], [-9.12440044881053, 38.7345763823582], [-9.12462892071632, 38.7346734402366], [-9.12473756557255, 38.7348336883137], [-9.12469334040878, 38.7348554373328], [-9.12495216429723, 38.7353001893575], [-9.12493788220092, 38.7353300049683], [-9.12479423777822, 38.735381122737], [-9.12472677013144, 38.7353506161394], [-9.12464148261417, 38.7352842913446], [-9.12459872449202, 38.7353364744719]]]}, "properties": {"zona": "19A", "zonaNR": "Penha de Frana(A)"}}, {"type": "Feature", "geometry": {"type": "Polygon", "coordinates": [[[-9.12472677013144, 38.7353506161394], [-9.12479423777822, 38.735381122737], [-9.12493788220092, 38.7353300049683], [-9.12495216429723, 38.7353001893575], [-9.12469334040878, 38.7348554373328], [-9.12473756557255, 38.7348336883137], [-9.12462892071632, 38.7346734402366], [-9.12440044881053, 38.7345763823582], [-9.12416603181123, 38.7344161671241], [-9.12406609790662, 38.7341853995189], [-9.12408367666449, 38.7339433036574], [-9.12441541307996, 38.7337237301047], [-9.1244772074642, 38.7337103419256], [-9.12465046425817, 38.7336862212763], [-9.12475356042687, 38.7336631216389], [-9.12480436771581, 38.7335997895819], [-9.12475725095297, 38.733583029296], [-9.12521495714562, 38.7327935937101], [-9.12539570085661, 38.7325599547334], [-9.12631413802845, 38.731644041004], [-9.12665385490262, 38.7312798989351], [-9.12660811305305, 38.7312381164431], [-9.12654425177957, 38.7312054678634], [-9.12657589648941, 38.7311747487282], [-9.12665599030665, 38.7310970002826], [-9.12672071939821, 38.7310867036059], [-9.12708944419136, 38.7306484887848], [-9.12742486812061, 38.7304729373363], [-9.1275304502785, 38.730490442322], [-9.12771548034121, 38.7305490317749], [-9.12781951940821, 38.7303482888986], [-9.12793002495454, 38.7300549800501], [-9.12787072631143, 38.7300446481951], [-9.12790602781429, 38.7298960061521], [-9.12792667800054, 38.7297481643685], [-9.12794278575682, 38.7295953528572], [-9.12798559254608, 38.729139676606], [-9.12804495143331, 38.729142963738], [-9.12809045836216, 38.7286928222963], [-9.12811267831086, 38.7284028588667], [-9.12814784976641, 38.7280162144555], [-9.12509048753739, 38.7278173603421], [-9.12470971087321, 38.727661631505], [-9.12435542075973, 38.7278773319626], [-9.12440225797066, 38.7279521965254], [-9.12441486742332, 38.7279775909017], [-9.12442746539931, 38.7280029862746], [-9.12443190661771, 38.7280289543552], [-9.12443648600691, 38.7280649200076], [-9.12443471335393, 38.7280839335533], [-9.12443292931392, 38.7281029553027], [-9.12442520783658, 38.7281350257675], [-9.1244172651638, 38.7281510911097], [-9.12435118668352, 38.7281837374817], [-9.12430775600827, 38.7282070226727], [-9.12427507802981, 38.7282072997404], [-9.12423824795797, 38.7282026126298], [-9.12418087153387, 38.7281881000524], [-9.12414527382945, 38.7281743945875], [-9.12411237255374, 38.7281576756383], [-9.12407526729496, 38.7281329834127], [-9.12404725420084, 38.7281096652735], [-9.12401669564256, 38.7280819728596], [-9.12380718427684, 38.7281719987433], [-9.12376615191303, 38.7281885156082], [-9.12372629205032, 38.728195924567], [-9.12368374858686, 38.7281962850679], [-9.1236371882369, 38.7281855638683], [-9.1231460469118, 38.7285130738149], [-9.12332244228374, 38.7286063895068], [-9.12342784799372, 38.7286929279783], [-9.12352326836928, 38.7287834333453], [-9.12361019683135, 38.728928428066], [-9.12363263160241, 38.7290199480648], [-9.12364207483502, 38.7291275139723], [-9.12363175606652, 38.7292430112133], [-9.1235879551697, 38.7293856184977], [-9.12346270428764, 38.7295875931146], [-9.12299240693033, 38.7293395054031], [-9.12234937225205, 38.7290096349416], [-9.12185138618425, 38.7287611733533], [-9.12159204620361, 38.7286354618734], [-9.12051965555873, 38.7280938919933], [-9.12015125453027, 38.727908546537], [-9.11989085493411, 38.7277646352559], [-9.11968870395548, 38.7276443279035], [-9.11946841387421, 38.7274759801803], [-9.11933492274153, 38.727347706409], [-9.11905340670936, 38.7274305898549], [-9.11809894517046, 38.727471497409], [-9.11764187839896, 38.7280786135653], [-9.1162637755029, 38.7282277340184], [-9.11622542367883, 38.728315866285], [-9.11619575387267, 38.7284097806504], [-9.11618912928743, 38.7284483189303], [-9.11618847981254, 38.7285167212361], [-9.11619801553467, 38.7285555019469], [-9.11625119846035, 38.7287105055005], [-9.11630705303721, 38.7288674412652], [-9.11635440321069, 38.7290205571233], [-9.11640174752726, 38.7291740693534], [-9.11645597988917, 38.7293282982967], [-9.11651683699103, 38.7294642035004], [-9.11659796591422, 38.7295939658992], [-9.11662654942788, 38.7296489527321], [-9.11666622054086, 38.7297023878957], [-9.11670323921397, 38.7298030736733], [-9.11671553915839, 38.7299285057867], [-9.11673098347196, 38.7300702247073], [-9.1167812471238, 38.7302050568695], [-9.11683324479166, 38.7303111023501], [-9.11687287801941, 38.7304036589691], [-9.11689045960377, 38.7304513167219], [-9.11689767443739, 38.730494394733], [-9.11690240170993, 38.7305305044652], [-9.11689138955765, 38.7306339814548], [-9.11686543996216, 38.7307476819775], [-9.11685792802636, 38.7307986496103], [-9.11685333686954, 38.730849601671], [-9.11683014193413, 38.7310359527538], [-9.11683215466262, 38.7310855223792], [-9.11685197224352, 38.7311079599776], [-9.11691465745494, 38.7312344435142], [-9.11697681078105, 38.7314059708733], [-9.11703200335292, 38.7315730528426], [-9.11712431306933, 38.7318470160712], [-9.11715664515188, 38.731940425815], [-9.11720461792819, 38.7320841479834], [-9.11723680192115, 38.7321667494966], [-9.11725243023351, 38.7322161612408], [-9.11727560060531, 38.7323123504369], [-9.11728231411012, 38.7323825553412], [-9.11729133977686, 38.7324536415655], [-9.1172932065376, 38.732505871523], [-9.11727705812212, 38.7325861775627], [-9.11724352526223, 38.7326567212932], [-9.11720352550511, 38.7327588470152], [-9.11861835102971, 38.7328717770433], [-9.11888763946835, 38.7328932872849], [-9.11952466637266, 38.732869897885], [-9.12035787111451, 38.732795124928], [-9.12100941106045, 38.733007250804], [-9.12161698593479, 38.7331665983661], [-9.12171278551214, 38.7331917308986], [-9.12207965095525, 38.7333337445451], [-9.1223947493252, 38.733507902841], [-9.12294531065708, 38.7339521043723], [-9.12331487356026, 38.7342890215305], [-9.12446305863079, 38.7352269175081], [-9.12455226483853, 38.7352989445073], [-9.12459872449202, 38.7353364744719], [-9.12464148261417, 38.7352842913446], [-9.12472677013144, 38.7353506161394]]]}, "properties": {"zona": "19B", "zonaNR": "Penha de Frana(B)"}}, {"type": "Feature", "geometry": {"type": "Polygon", "coordinates": [[[-9.12708944419136, 38.7306484887848], [-9.12672071939821, 38.7310867036059], [-9.12665599030665, 38.7310970002826], [-9.12657589648941, 38.7311747487282], [-9.12670238442622, 38.7312391663341], [-9.1271726158689, 38.7314590151175], [-9.12733519134722, 38.7315557264352], [-9.12760583689719, 38.7316934525242], [-9.12760609054386, 38.7316935818812], [-9.12772073330562, 38.7317510648953], [-9.12778106523589, 38.7317809071776], [-9.12783194093038, 38.731809029221], [-9.12801019513446, 38.7318917304488], [-9.12842765090764, 38.7321072463974], [-9.12855327191687, 38.7321678761422], [-9.12861934938048, 38.7321976699611], [-9.12871239663826, 38.7322316470034], [-9.12878009370849, 38.7322535891904], [-9.12892386254168, 38.7322963211611], [-9.12901453350915, 38.7323189079372], [-9.1291713977697, 38.7323579843404], [-9.12950899015361, 38.7324451832865], [-9.12995642071884, 38.7325577431293], [-9.13096960129024, 38.7328058464721], [-9.13113112502591, 38.7328453993104], [-9.13172435391458, 38.7329955458132], [-9.13175274465898, 38.7330042895245], [-9.13175388296555, 38.7330015477145], [-9.13176303774513, 38.7329821755589], [-9.1322029011809, 38.7320558079494], [-9.13289862427594, 38.7305845734179], [-9.13296971695725, 38.7304385558583], [-9.13308773967377, 38.7302009222377], [-9.13314255052142, 38.7300905672749], [-9.13309609677504, 38.7301156426157], [-9.13308983617889, 38.7301190200735], [-9.13308319779426, 38.7301226025388], [-9.13299416232551, 38.7301702050395], [-9.13289486594775, 38.7302242007374], [-9.13299851654297, 38.7296576200335], [-9.13302018080433, 38.7294637484142], [-9.13302591902433, 38.7294122616923], [-9.13311890712131, 38.7291379900417], [-9.13308671043861, 38.7290370431165], [-9.13308473155643, 38.7290307896652], [-9.13308210559871, 38.7290224996647], [-9.13300960877907, 38.7287952017319], [-9.13298018045197, 38.7287535749461], [-9.13283257943372, 38.7285447043807], [-9.13282254239943, 38.7285459306117], [-9.13277743778447, 38.7285676586759], [-9.13273179297683, 38.7285896570741], [-9.13272390515088, 38.7285934366662], [-9.13271364910151, 38.7285919029473], [-9.13264185300249, 38.7285808966861], [-9.13251009436641, 38.7284755501311], [-9.13232696734677, 38.7283396554262], [-9.13230807380285, 38.7283291921319], [-9.13218674112321, 38.7282620350423], [-9.13207032191282, 38.7282176302591], [-9.13192841692057, 38.7282010972826], [-9.1317925081283, 38.7282022584177], [-9.13165100569799, 38.7282146369361], [-9.13145976554414, 38.7282475276134], [-9.13139583547048, 38.7282480735628], [-9.13131345527817, 38.7282367064711], [-9.13125680919043, 38.7282208174378], [-9.13119170202349, 38.7281808162786], [-9.13114528752672, 38.7281013127113], [-9.13103433963079, 38.7278628305868], [-9.13100567024594, 38.7278129906385], [-9.13100240068508, 38.7278073516946], [-9.13099367796776, 38.7277922001435], [-9.13064066845643, 38.727811971164], [-9.13062011998382, 38.7278131292619], [-9.13061910532526, 38.7278053271924], [-9.13058844287581, 38.7275694663236], [-9.13054048776314, 38.7273790887134], [-9.13048684775922, 38.7271933535942], [-9.13036529776131, 38.7268335350739], [-9.13036284039971, 38.7268262596575], [-9.13025346155776, 38.726452555115], [-9.13027227753109, 38.7263841185221], [-9.13029057659572, 38.7263174617871], [-9.13033106539268, 38.7261701267871], [-9.13040180998201, 38.7259654948898], [-9.13049739138842, 38.725685525353], [-9.1308879545544, 38.7250443447505], [-9.13179500510316, 38.7235908351056], [-9.13173251017149, 38.7233271525339], [-9.13164167950271, 38.723199221088], [-9.13110599759009, 38.7224172270986], [-9.13070823810986, 38.7218368211027], [-9.1306918064206, 38.7218128201908], [-9.13067760303782, 38.7217919530214], [-9.13063992944628, 38.7217370561598], [-9.1306214821586, 38.7217169458253], [-9.13060677783789, 38.721701397572], [-9.13055093177458, 38.7216626897646], [-9.13053482801078, 38.721653999433], [-9.13049254159079, 38.7216312099413], [-9.13014980521733, 38.7214682082296], [-9.13009694809882, 38.721454246391], [-9.13004997706307, 38.7214418557536], [-9.12969141348724, 38.721405818658], [-9.12938480772503, 38.7217578477309], [-9.12935580685139, 38.7218306083328], [-9.12917934478281, 38.7222725073643], [-9.12912911193554, 38.7224641727], [-9.12880660518701, 38.7224415177001], [-9.1287800164403, 38.722439582261], [-9.1287382547511, 38.7228771805553], [-9.12873173889883, 38.7229462364257], [-9.12870292354517, 38.7232478855594], [-9.12867348525422, 38.7232470381957], [-9.12846871479162, 38.7232411422358], [-9.12832385348082, 38.7232511131619], [-9.12817592516301, 38.7232886741332], [-9.1281461330263, 38.7232962240939], [-9.12810947110083, 38.7233141915811], [-9.12794672047119, 38.7233940353044], [-9.12789766367678, 38.7234137296199], [-9.12785798356625, 38.723429650898], [-9.12778051533264, 38.7234652606268], [-9.12760449437574, 38.7236413308828], [-9.12748484224074, 38.7238606997315], [-9.12778182347688, 38.7240310255365], [-9.12841927352841, 38.7240229068133], [-9.12853493697384, 38.724014741842], [-9.12851524936457, 38.7241827884475], [-9.1284543695969, 38.724915703297], [-9.12844719328064, 38.7249222680859], [-9.12844955836323, 38.7249841591049], [-9.1284469284724, 38.7250100962642], [-9.12845504111594, 38.7250105145186], [-9.12844012515164, 38.7251711799385], [-9.12842525643256, 38.7251910427934], [-9.12832391005875, 38.7252221900921], [-9.12831083400139, 38.7253553630952], [-9.12840816875485, 38.7254105949845], [-9.12839511037853, 38.725548514093], [-9.12837904851125, 38.7257228289771], [-9.1283576121505, 38.7259536933263], [-9.12830261611671, 38.7261291782775], [-9.12832278694421, 38.7262552501674], [-9.12827308793569, 38.7267609430991], [-9.12823306792165, 38.727231612028], [-9.12817495569232, 38.7272660213413], [-9.12817171093849, 38.7273952038873], [-9.12821114467963, 38.727416910498], [-9.12816819584628, 38.7277925531875], [-9.12814784976641, 38.7280162144555], [-9.12811267831086, 38.7284028588667], [-9.12809045836216, 38.7286928222963], [-9.12804495143331, 38.729142963738], [-9.12798559254608, 38.729139676606], [-9.12794278575682, 38.7295953528572], [-9.12792667800054, 38.7297481643685], [-9.12790602781429, 38.7298960061521], [-9.12787072631143, 38.7300446481951], [-9.12793002495454, 38.7300549800501], [-9.12781951940821, 38.7303482888986], [-9.12771548034121, 38.7305490317749], [-9.1275304502785, 38.730490442322], [-9.12742486812061, 38.7304729373363], [-9.12708944419136, 38.7306484887848]]]}, "properties": {"zona": "19C", "zonaNR": "Penha de Frana(C)"}}, {"type": "Feature", "geometry": {"type": "Polygon", "coordinates": [[[-9.12396313932607, 38.7277640875119], [-9.12411400686683, 38.727929541792], [-9.12435118668352, 38.7281837374817], [-9.1244172651638, 38.7281510911097], [-9.12442520783658, 38.7281350257675], [-9.12443292931392, 38.7281029553027], [-9.12443471335393, 38.7280839335533], [-9.12443648600691, 38.7280649200076], [-9.12443190661771, 38.7280289543552], [-9.12442746539931, 38.7280029862746], [-9.12441486742332, 38.7279775909017], [-9.12440225797066, 38.7279521965254], [-9.12435542075973, 38.7278773319626], [-9.12470971087321, 38.727661631505], [-9.12509048753739, 38.7278173603421], [-9.12814784976641, 38.7280162144555], [-9.12816819584628, 38.7277925531875], [-9.12821114467963, 38.727416910498], [-9.12817171093849, 38.7273952038873], [-9.12817495569232, 38.7272660213413], [-9.12823306792165, 38.727231612028], [-9.12827308793569, 38.7267609430991], [-9.12832278694421, 38.7262552501674], [-9.12830261611671, 38.7261291782775], [-9.1283576121505, 38.7259536933263], [-9.12837904851125, 38.7257228289771], [-9.12839511037853, 38.725548514093], [-9.12840816875485, 38.7254105949845], [-9.12831083400139, 38.7253553630952], [-9.12832391005875, 38.7252221900921], [-9.12842525643256, 38.7251910427934], [-9.12844012515164, 38.7251711799385], [-9.12845504111594, 38.7250105145186], [-9.1284469284724, 38.7250100962642], [-9.12844955836323, 38.7249841591049], [-9.12844719328064, 38.7249222680859], [-9.1284543695969, 38.724915703297], [-9.12851524936457, 38.7241827884475], [-9.12853493697384, 38.724014741842], [-9.12841927352841, 38.7240229068133], [-9.12778182347688, 38.7240310255365], [-9.12748484224074, 38.7238606997315], [-9.12718380726754, 38.7236536464629], [-9.12649420885392, 38.7231793880468], [-9.12569260853387, 38.7230947666739], [-9.12537109509998, 38.7230609239948], [-9.12531328595159, 38.7230547488089], [-9.12396274416884, 38.7229122584828], [-9.12336920982414, 38.7228894531527], [-9.1229607879654, 38.7228737251768], [-9.1223751923096, 38.722851207894], [-9.12169225500751, 38.7228074415281], [-9.12166906857924, 38.7228113335294], [-9.12182554073507, 38.7230579703955], [-9.1219322870981, 38.7233607297028], [-9.12196285295551, 38.7234546477096], [-9.12203951899129, 38.7236902192885], [-9.12203004440082, 38.7241218635963], [-9.12214615351258, 38.7245846027294], [-9.1224419288336, 38.7253420717268], [-9.12252319921536, 38.7255501992522], [-9.12285303469994, 38.7261739225181], [-9.12319949161394, 38.726704011205], [-9.12340864826584, 38.7270240226887], [-9.12354722406707, 38.7272825467725], [-9.12362332849519, 38.7273809012584], [-9.12373217802255, 38.7275104103092], [-9.12379234367411, 38.7275787179445], [-9.1238281579478, 38.7276157070499], [-9.12396313932607, 38.7277640875119]]]}, "properties": {"zona": "19D", "zonaNR": "Penha de Frana(D)"}}, {"type": "Feature", "geometry": {"type": "Polygon", "coordinates": [[[-9.12159204620361, 38.7286354618734], [-9.12185138618425, 38.7287611733533], [-9.12234937225205, 38.7290096349416], [-9.12299240693033, 38.7293395054031], [-9.12346270428764, 38.7295875931146], [-9.1235879551697, 38.7293856184977], [-9.12363175606652, 38.7292430112133], [-9.12364207483502, 38.7291275139723], [-9.12363263160241, 38.7290199480648], [-9.12361019683135, 38.728928428066], [-9.12352326836928, 38.7287834333453], [-9.12342784799372, 38.7286929279783], [-9.12332244228374, 38.7286063895068], [-9.1231460469118, 38.7285130738149], [-9.1236371882369, 38.7281855638683], [-9.12368374858686, 38.7281962850679], [-9.12372629205032, 38.728195924567], [-9.12376615191303, 38.7281885156082], [-9.12380718427684, 38.7281719987433], [-9.12401669564256, 38.7280819728596], [-9.12404725420084, 38.7281096652735], [-9.12407526729496, 38.7281329834127], [-9.12411237255374, 38.7281576756383], [-9.12414527382945, 38.7281743945875], [-9.12418087153387, 38.7281881000524], [-9.12423824795797, 38.7282026126298], [-9.12427507802981, 38.7282072997404], [-9.12430775600827, 38.7282070226727], [-9.12435118668352, 38.7281837374817], [-9.12411400686683, 38.727929541792], [-9.12396313932607, 38.7277640875119], [-9.1238281579478, 38.7276157070499], [-9.12379234367411, 38.7275787179445], [-9.12373217802255, 38.7275104103092], [-9.12362332849519, 38.7273809012584], [-9.12354722406707, 38.7272825467725], [-9.12340864826584, 38.7270240226887], [-9.12319949161394, 38.726704011205], [-9.12285303469994, 38.7261739225181], [-9.12252319921536, 38.7255501992522], [-9.1224419288336, 38.7253420717268], [-9.12214615351258, 38.7245846027294], [-9.12203004440082, 38.7241218635963], [-9.12203951899129, 38.7236902192885], [-9.12196285295551, 38.7234546477096], [-9.1219322870981, 38.7233607297028], [-9.12182554073507, 38.7230579703955], [-9.12166906857924, 38.7228113335294], [-9.12155435931437, 38.7228305867559], [-9.12139195184048, 38.7226269402836], [-9.12130431202688, 38.7225169741842], [-9.12112903872557, 38.7223642405676], [-9.11979607288164, 38.7214999314267], [-9.11932863244715, 38.7211968867095], [-9.11923454029776, 38.7211357962068], [-9.1190794377247, 38.7210445933559], [-9.1173976409156, 38.7200550497332], [-9.11721706923286, 38.7199488012292], [-9.11626872957216, 38.7193473060375], [-9.1155164259576, 38.7188701763517], [-9.11537988884831, 38.7190035874419], [-9.11452364698953, 38.7198403416261], [-9.11355475185009, 38.7207862389554], [-9.11346946410606, 38.7208695016256], [-9.11284016230747, 38.7214853465424], [-9.11469710691148, 38.7226498524939], [-9.11507316320733, 38.7228414468133], [-9.11517099542098, 38.7229134304035], [-9.11531088057655, 38.7229018069829], [-9.11541617882151, 38.7229205144283], [-9.11570038473739, 38.7225267206067], [-9.11583857219277, 38.7223348872536], [-9.11605500885661, 38.7220314798863], [-9.11625358890144, 38.7217375643631], [-9.11642067295656, 38.7214998623285], [-9.11662925898207, 38.7216634854176], [-9.11666606744368, 38.7217097384428], [-9.11670182968887, 38.7218239377735], [-9.11676157266584, 38.7219662570315], [-9.11708633178247, 38.7227260239747], [-9.11757208377025, 38.7235755328613], [-9.11765285352711, 38.7238336610023], [-9.1176783375602, 38.7239427679061], [-9.11773741624657, 38.7239710595459], [-9.1178311968331, 38.7239865658214], [-9.11794931177555, 38.7240072888739], [-9.11803660641714, 38.7240554131344], [-9.11808309236678, 38.7241137357916], [-9.1186639916604, 38.7248472164872], [-9.11873510322101, 38.7249535333619], [-9.11873804952032, 38.7251679790596], [-9.11879882882983, 38.7253031992222], [-9.11881461165361, 38.7254141072418], [-9.11884868396239, 38.7259054495477], [-9.11893350291135, 38.7265665507092], [-9.11899241238004, 38.7267898394516], [-9.11905347109685, 38.7269218223496], [-9.1190564880339, 38.7269279772132], [-9.11913513665905, 38.7270695942718], [-9.11921724391864, 38.7272119126376], [-9.11933492274153, 38.727347706409], [-9.11946841387421, 38.7274759801803], [-9.11968870395548, 38.7276443279035], [-9.11989085493411, 38.7277646352559], [-9.12015125453027, 38.727908546537], [-9.12051965555873, 38.7280938919933], [-9.12159204620361, 38.7286354618734]]]}, "properties": {"zona": "19E", "zonaNR": "Penha de Frana(E)"}}, {"type": "Feature", "geometry": {"type": "Polygon", "coordinates": [[[-9.11311820191737, 38.7258101671607], [-9.11314466073513, 38.7258277809708], [-9.11320614468851, 38.7258671704623], [-9.11329315352559, 38.7259147232457], [-9.11356854648227, 38.7260651876538], [-9.11383573148227, 38.7262123873438], [-9.1141979277183, 38.726411935621], [-9.11426641871399, 38.7264591026012], [-9.11433789642138, 38.7265270526872], [-9.11437737446867, 38.7265842817112], [-9.11440584447259, 38.726647998722], [-9.11444535275621, 38.7267620672227], [-9.11446574961854, 38.7268240504084], [-9.11452224261281, 38.7270028330681], [-9.11457627607387, 38.7271699260933], [-9.11463987802216, 38.7273639624025], [-9.11469988297579, 38.7275472194113], [-9.11476623954805, 38.7277576268546], [-9.11481047337718, 38.7278975982272], [-9.11497586168507, 38.7284202878615], [-9.11502562477981, 38.7285776879839], [-9.11508330746491, 38.7287591626789], [-9.11512153257839, 38.7288633330093], [-9.11517013101694, 38.7289692177579], [-9.11522192014536, 38.7290561591278], [-9.11529345403664, 38.7291573471926], [-9.11538122161528, 38.7292683074764], [-9.11558957016087, 38.7295349914668], [-9.11560593944788, 38.7295546712287], [-9.11599096588343, 38.7300423640784], [-9.11607056320685, 38.7301443846327], [-9.11639461766916, 38.730546113114], [-9.116572570847, 38.7307761186226], [-9.11674679146179, 38.7309854371353], [-9.1167959013109, 38.7310444758876], [-9.11683215466262, 38.7310855223792], [-9.11683014193413, 38.7310359527538], [-9.11685333686954, 38.730849601671], [-9.11685792802636, 38.7307986496103], [-9.11686543996216, 38.7307476819775], [-9.11689138955765, 38.7306339814548], [-9.11690240170993, 38.7305305044652], [-9.11689767443739, 38.730494394733], [-9.11689045960377, 38.7304513167219], [-9.11687287801941, 38.7304036589691], [-9.11683324479166, 38.7303111023501], [-9.1167812471238, 38.7302050568695], [-9.11673098347196, 38.7300702247073], [-9.11671553915839, 38.7299285057867], [-9.11670323921397, 38.7298030736733], [-9.11666622054086, 38.7297023878957], [-9.11662654942788, 38.7296489527321], [-9.11659796591422, 38.7295939658992], [-9.11651683699103, 38.7294642035004], [-9.11645597988917, 38.7293282982967], [-9.11640174752726, 38.7291740693534], [-9.11635440321069, 38.7290205571233], [-9.11630705303721, 38.7288674412652], [-9.11625119846035, 38.7287105055005], [-9.11619801553467, 38.7285555019469], [-9.11618847981254, 38.7285167212361], [-9.11618912928743, 38.7284483189303], [-9.11619575387267, 38.7284097806504], [-9.11622542367883, 38.728315866285], [-9.1162637755029, 38.7282277340184], [-9.11764187839896, 38.7280786135653], [-9.11809894517046, 38.727471497409], [-9.11905340670936, 38.7274305898549], [-9.11933492274153, 38.727347706409], [-9.11921724391864, 38.7272119126376], [-9.11913513665905, 38.7270695942718], [-9.1190564880339, 38.7269279772132], [-9.11905347109685, 38.7269218223496], [-9.11899241238004, 38.7267898394516], [-9.11893350291135, 38.7265665507092], [-9.11884868396239, 38.7259054495477], [-9.11881461165361, 38.7254141072418], [-9.11879882882983, 38.7253031992222], [-9.11873804952032, 38.7251679790596], [-9.11873510322101, 38.7249535333619], [-9.1186639916604, 38.7248472164872], [-9.11808309236678, 38.7241137357916], [-9.11803660641714, 38.7240554131344], [-9.11794931177555, 38.7240072888739], [-9.1178311968331, 38.7239865658214], [-9.11773741624657, 38.7239710595459], [-9.1176783375602, 38.7239427679061], [-9.11765285352711, 38.7238336610023], [-9.11757208377025, 38.7235755328613], [-9.11708633178247, 38.7227260239747], [-9.11676157266584, 38.7219662570315], [-9.11670182968887, 38.7218239377735], [-9.11666606744368, 38.7217097384428], [-9.11662925898207, 38.7216634854176], [-9.11642067295656, 38.7214998623285], [-9.11625358890144, 38.7217375643631], [-9.11605500885661, 38.7220314798863], [-9.11583857219277, 38.7223348872536], [-9.11570038473739, 38.7225267206067], [-9.11541617882151, 38.7229205144283], [-9.11531088057655, 38.7229018069829], [-9.11517099542098, 38.7229134304035], [-9.11507316320733, 38.7228414468133], [-9.11469710691148, 38.7226498524939], [-9.11284016230747, 38.7214853465424], [-9.11227666954147, 38.7220367781328], [-9.11140651729191, 38.7228871206305], [-9.11010121560561, 38.7241583800818], [-9.11012534091156, 38.7241748835975], [-9.11139868910671, 38.7249473809246], [-9.11144101089144, 38.7249730595601], [-9.11238809883348, 38.7255476701005], [-9.11270767544643, 38.7257256008122], [-9.11272644713833, 38.7257360728215], [-9.11275682100596, 38.7257273923179], [-9.11283263022027, 38.7257057272067], [-9.11285382132621, 38.7256996944852], [-9.11286939938446, 38.7256952401429], [-9.11292254774945, 38.7256800217671], [-9.11311820191737, 38.7258101671607]]]}, "properties": {"zona": "19F", "zonaNR": "Penha de Frana(F)"}}, {"type": "Feature", "geometry": {"type": "Polygon", "coordinates": [[[-9.15291468397577, 38.7879491400452], [-9.15368600790655, 38.7882749221062], [-9.15362394862947, 38.7883813594653], [-9.15396955952058, 38.78850864778], [-9.15402895817781, 38.7884197707131], [-9.1543074193988, 38.7885507794056], [-9.15437374761131, 38.7886015448887], [-9.15447270558542, 38.7887758549117], [-9.15454288925732, 38.7888265865948], [-9.15466341969018, 38.7888889565986], [-9.15507980221131, 38.7888611567466], [-9.15642403036073, 38.7887385398569], [-9.15726046956387, 38.788612514447], [-9.15741494316197, 38.7886202222218], [-9.15767065198166, 38.7886904658528], [-9.15768019491221, 38.7885973220414], [-9.15769490063929, 38.7885239410364], [-9.15772290343292, 38.7884620103035], [-9.15780163352144, 38.7884054168091], [-9.15790500861111, 38.788340896471], [-9.15811192890556, 38.7882456340547], [-9.15839205033183, 38.7881344518207], [-9.15869548580457, 38.7880351337967], [-9.15886794798123, 38.7879520717422], [-9.1590358384626, 38.7878536823233], [-9.15918566556483, 38.7877243474657], [-9.15926836943583, 38.787631101518], [-9.15933504266243, 38.7875187097721], [-9.15938561877547, 38.7873833373307], [-9.15982489129174, 38.7851453869341], [-9.15987876342809, 38.785056240179], [-9.15994089343679, 38.7849940081125], [-9.16001372170224, 38.7849451675287], [-9.16018451099282, 38.7848865022677], [-9.1606275759964, 38.7847605589728], [-9.16080465191096, 38.7847030445683], [-9.16086205932312, 38.7846774800436], [-9.16103652889468, 38.7845546188228], [-9.16037315471432, 38.7841432], [-9.1596110865298, 38.7837226826817], [-9.15935707236667, 38.7835446754989], [-9.15879523481212, 38.7830955770312], [-9.15891136486341, 38.7829981735465], [-9.15905801398888, 38.7829056184133], [-9.15922581427508, 38.7828137331027], [-9.15919992807119, 38.7827492206396], [-9.15908717332946, 38.7826146517921], [-9.15900496538457, 38.7825566149405], [-9.15871922692306, 38.7824276484139], [-9.1578258142765, 38.7821538078514], [-9.15730829894788, 38.7819383822311], [-9.15681795176131, 38.7816848115626], [-9.15611768321412, 38.781439792069], [-9.1561033722259, 38.781348254204], [-9.15603479146488, 38.7812238518285], [-9.15592421267712, 38.7811196125158], [-9.15577799623038, 38.7810433361677], [-9.15577038557056, 38.7810573269979], [-9.15543168220898, 38.7816923998529], [-9.15510862514816, 38.7824852240676], [-9.15471422478787, 38.7836079386141], [-9.15417376969901, 38.7853366388002], [-9.1540358111362, 38.7857432606821], [-9.15370306664232, 38.7867186023845], [-9.15353440494651, 38.7871265997286], [-9.15321274760998, 38.7876184996092], [-9.15291468397577, 38.7879491400452]]]}, "properties": {"zona": "20E", "zonaNR": "Santa Clara(E)"}}, {"type": "Feature", "geometry": {"type": "Polygon", "coordinates": [[[-9.15577799623038, 38.7810433361677], [-9.15592421267712, 38.7811196125158], [-9.15603479146488, 38.7812238518285], [-9.1561033722259, 38.781348254204], [-9.15611768321412, 38.781439792069], [-9.15681795176131, 38.7816848115626], [-9.15730829894788, 38.7819383822311], [-9.1578258142765, 38.7821538078514], [-9.15871922692306, 38.7824276484139], [-9.15900496538457, 38.7825566149405], [-9.15908717332946, 38.7826146517921], [-9.15919992807119, 38.7827492206396], [-9.15922581427508, 38.7828137331027], [-9.15905801398888, 38.7829056184133], [-9.15891136486341, 38.7829981735465], [-9.15879523481212, 38.7830955770312], [-9.15935707236667, 38.7835446754989], [-9.1596110865298, 38.7837226826817], [-9.16037315471432, 38.7841432], [-9.16103652889468, 38.7845546188228], [-9.16139981982589, 38.7841792717931], [-9.16149285647805, 38.7840743583355], [-9.16153764249612, 38.7839930104377], [-9.16155767369913, 38.7839253650328], [-9.16174481561243, 38.7838813083022], [-9.16190259741458, 38.7838115052361], [-9.16215638620715, 38.7836442824039], [-9.16243576877838, 38.783603856658], [-9.1624962736104, 38.7836070006391], [-9.16252640998188, 38.783541879203], [-9.16256037399118, 38.783502846574], [-9.16260124214323, 38.7834637531082], [-9.1626663007717, 38.7834262480483], [-9.16274405584238, 38.7833913334103], [-9.1630371177884, 38.7832833598267], [-9.16314353617056, 38.7832409860669], [-9.16335752324343, 38.7831562281155], [-9.16346140652817, 38.7830976624301], [-9.16353069117662, 38.7830339970907], [-9.16356540319632, 38.7829670334831], [-9.1635773218016, 38.7829155840827], [-9.16357159116582, 38.7828372670072], [-9.1635612189128, 38.7827562885306], [-9.16355470061685, 38.7827032001586], [-9.16354823418666, 38.7826537144371], [-9.16350185076873, 38.7824694641251], [-9.16346653663947, 38.7823346589321], [-9.16342947866724, 38.7822386025222], [-9.16335104547783, 38.7820663448244], [-9.1632015248725, 38.7817523909254], [-9.16317067446049, 38.7816878069067], [-9.16314081927367, 38.7816124047781], [-9.16310948954178, 38.7815144962036], [-9.16303917238946, 38.7811863322371], [-9.16303262873578, 38.7811314424882], [-9.16303004237315, 38.7811116481802], [-9.16300241923877, 38.7808713840588], [-9.16302078838738, 38.7807883506332], [-9.16299714047431, 38.7807444209576], [-9.16298214070883, 38.7806616816258], [-9.16298007020085, 38.7805977446704], [-9.16298031395223, 38.7805346880957], [-9.16298200633333, 38.7804923366364], [-9.16298705996696, 38.7804436501103], [-9.16299313468383, 38.780385946809], [-9.16300143294895, 38.7803228192444], [-9.16301417830874, 38.7802488431534], [-9.16302055097939, 38.7802118551071], [-9.16302795768245, 38.7801667509486], [-9.16303007758347, 38.7801541213784], [-9.16303986329778, 38.7801144009164], [-9.16305529856025, 38.7800674244383], [-9.16306518790186, 38.7800349092811], [-9.16308192925269, 38.7799987306185], [-9.16309869650077, 38.7799643532803], [-9.16311101665916, 38.7799408244692], [-9.16316824801914, 38.779839432906], [-9.16320414840962, 38.7797751612337], [-9.16320977201294, 38.7797661038846], [-9.16323225345374, 38.7797289738218], [-9.16325803127337, 38.7796810053635], [-9.16328044786798, 38.7796393719747], [-9.16329490071193, 38.7796041142327], [-9.16329818414467, 38.7795923751769], [-9.16330242382097, 38.779567116026], [-9.16330674125045, 38.7795472608553], [-9.16331736634149, 38.7794859143034], [-9.16333166362272, 38.7794398485957], [-9.16334689120115, 38.7793784614637], [-9.16336750902342, 38.779291805031], [-9.16339576646396, 38.7791762563511], [-9.16343287888298, 38.7790363085898], [-9.16346781952758, 38.7789053877408], [-9.16349394392215, 38.7788015679498], [-9.16350789100225, 38.7787311843048], [-9.16351621457661, 38.7786698580219], [-9.16351537207657, 38.7786113148954], [-9.16324255890532, 38.7786056131649], [-9.16323268278549, 38.7786390290047], [-9.16321408113907, 38.7787058505387], [-9.16319227378942, 38.7787898151051], [-9.16317594739907, 38.7788548150199], [-9.1631541010917, 38.7789360775877], [-9.16312455019557, 38.7790417290611], [-9.16310707306481, 38.7791067391072], [-9.16309188420198, 38.7791708282034], [-9.16307987511569, 38.7792159729384], [-9.16305884236889, 38.7792738080934], [-9.16302975517889, 38.7793317142332], [-9.16298372649575, 38.7793846802816], [-9.16295210121194, 38.7793770249478], [-9.16290203615738, 38.7793649075148], [-9.16272659416838, 38.7793156676201], [-9.16220146838063, 38.7791424617807], [-9.16176273214264, 38.7790789014693], [-9.16149593686796, 38.7790401021633], [-9.16109454477687, 38.7789792958481], [-9.16076783704942, 38.7789341174478], [-9.1605558771933, 38.7788659818244], [-9.15997494580444, 38.7786461008454], [-9.16001239745487, 38.7785277518027], [-9.16002086610174, 38.7784763330356], [-9.16003230863492, 38.7783915593464], [-9.1600424584339, 38.7782968884571], [-9.16004579278622, 38.7782602632453], [-9.16005140592481, 38.7781986250192], [-9.16005884852575, 38.7781449939451], [-9.16006392148898, 38.7781084372252], [-9.1600731014557, 38.7780263857453], [-9.16008308621739, 38.7779309659494], [-9.16008423383362, 38.7779199960967], [-9.16008535875252, 38.7779108937565], [-9.16009248275853, 38.777853266023], [-9.16009506906497, 38.7777928911603], [-9.16009386768199, 38.7777091293533], [-9.16009081722656, 38.7776569110302], [-9.16008163914165, 38.7775786239918], [-9.16006719687492, 38.7774921050625], [-9.1600652732812, 38.7774805829991], [-9.16005674165753, 38.7774448790669], [-9.16005303097331, 38.7774293462296], [-9.16003694396757, 38.7773968794312], [-9.16003142220366, 38.7773859330571], [-9.16000707253741, 38.7773540847362], [-9.15975887504422, 38.7771237980954], [-9.15974765546235, 38.7771123306715], [-9.15973448521818, 38.7770917825234], [-9.15972578788738, 38.777078215744], [-9.15971707515756, 38.7770323525959], [-9.15970348889602, 38.7769676159173], [-9.15967622606358, 38.7768318378982], [-9.15965262169973, 38.7767104401842], [-9.15963766547451, 38.776630402297], [-9.15963201071439, 38.7765755738529], [-9.15963098288984, 38.7765656049602], [-9.1596314878906, 38.7765205616076], [-9.15963441026762, 38.7764836040247], [-9.15854027642204, 38.7772072949902], [-9.15790803023545, 38.7778687943157], [-9.15736573938619, 38.7785299071235], [-9.15709914100535, 38.7789125268896], [-9.15657012731051, 38.779666842026], [-9.15620438816083, 38.7802595661061], [-9.15577799623038, 38.7810433361677]]]}, "properties": {"zona": "20H", "zonaNR": "Santa Clara(H)"}}, {"type": "Feature", "geometry": {"type": "Polygon", "coordinates": [[[-9.13265809685677, 38.7170408111891], [-9.13269080444902, 38.7170204124287], [-9.13276766561618, 38.7169447852951], [-9.13283669454836, 38.7169932970437], [-9.13285500233066, 38.7169776901597], [-9.13280117939863, 38.7169443789253], [-9.13294849750779, 38.7167984470451], [-9.13292412363884, 38.7167862480227], [-9.13306555171235, 38.7166373216978], [-9.13309466721948, 38.7166199829007], [-9.13313246200368, 38.7166088906935], [-9.13321986146965, 38.7165123378729], [-9.13326404175205, 38.716471694666], [-9.13333676665385, 38.7164049392809], [-9.13337851200108, 38.7163537668222], [-9.13338465373869, 38.716346237727], [-9.13342034253226, 38.7162859443376], [-9.13342927864872, 38.7162518063468], [-9.13337750327515, 38.7162404859291], [-9.13332238370219, 38.7162251558618], [-9.13327677583042, 38.7162116171381], [-9.13324191993494, 38.7162083445913], [-9.13322508742758, 38.7162066158439], [-9.13321461117671, 38.7162052425799], [-9.13321093119242, 38.7162038697295], [-9.13320738271005, 38.7162012076259], [-9.13320485347713, 38.7161966055117], [-9.13320428717902, 38.7161935089395], [-9.13320511619414, 38.716188643893], [-9.1332069391559, 38.7161854683312], [-9.13321142125411, 38.7161800459746], [-9.13324272109094, 38.7161479398372], [-9.13325266174287, 38.7161376128286], [-9.13318292789963, 38.7160893010155], [-9.13321534613948, 38.7160199665186], [-9.13320923173457, 38.7160178236], [-9.13322243428809, 38.7159886070697], [-9.13322959346924, 38.7159910545248], [-9.1332518324861, 38.7159381149779], [-9.13328617253718, 38.7158630557199], [-9.13324114818078, 38.7158418696944], [-9.1331462858896, 38.7158051353669], [-9.1330132634515, 38.7157641261035], [-9.13301966738092, 38.7157522277591], [-9.1330356397485, 38.7157575039942], [-9.133136538427, 38.7157822945629], [-9.13327128265363, 38.715834393883], [-9.13329680668229, 38.7158333594138], [-9.13334453243516, 38.715822665002], [-9.13341650355405, 38.7157479107004], [-9.13343455080809, 38.7157406995058], [-9.13346165610783, 38.7157823353589], [-9.1338898293056, 38.7156058077532], [-9.13372214410277, 38.7153500803601], [-9.13362002975676, 38.7153931039908], [-9.1334948608565, 38.715442095259], [-9.13347675267985, 38.7154122683392], [-9.13346846389147, 38.7154149740698], [-9.133457142735, 38.7153953760854], [-9.13345547454128, 38.7153273357438], [-9.13350677476644, 38.715326144634], [-9.13366636876925, 38.715311669739], [-9.13370796526022, 38.7153077700407], [-9.13375256135783, 38.7153037815993], [-9.1337617967086, 38.7153518109969], [-9.13377713312329, 38.715378023309], [-9.13378326412428, 38.7153755873455], [-9.13380357829223, 38.7154085940376], [-9.13381052202068, 38.715406477202], [-9.13384506299007, 38.7154571094596], [-9.13383417972739, 38.7154615831529], [-9.1339171894365, 38.715592903949], [-9.13417413709347, 38.7154867728938], [-9.13414975236604, 38.7153972883191], [-9.1341320107341, 38.7153249321127], [-9.134104502596, 38.7152123924496], [-9.13409173618411, 38.7151810155717], [-9.13408853773403, 38.7151755859757], [-9.13408472782058, 38.7151722316281], [-9.13407754507568, 38.7151680909431], [-9.13406738955218, 38.7151631595942], [-9.13402845030059, 38.7151495055139], [-9.13401010839074, 38.7151430768719], [-9.13399008635005, 38.71513678782], [-9.13397216172642, 38.7151316725533], [-9.13396188463684, 38.715129565309], [-9.1339537810625, 38.7151283177266], [-9.13384175670199, 38.715138057554], [-9.13375046588625, 38.7151420376318], [-9.13362532691767, 38.7151528938765], [-9.13362586697695, 38.7151569941507], [-9.13358122658775, 38.7151600262845], [-9.13358104975113, 38.7151582280211], [-9.1334867642281, 38.7151656204868], [-9.13348311039373, 38.7151235605781], [-9.13351354131979, 38.7151223633708], [-9.1335066359785, 38.7149352240645], [-9.13350967106768, 38.714935207102], [-9.13350076345393, 38.7148211001896], [-9.13348768615249, 38.7148215859142], [-9.13247106516888, 38.7148385098547], [-9.13215737760453, 38.7148270510952], [-9.13181189359106, 38.7147374061654], [-9.13165899132853, 38.7146690388366], [-9.13133377320538, 38.7145299903567], [-9.1313716555988, 38.7144558247015], [-9.13132780058665, 38.714423379786], [-9.1311810898169, 38.7144623330517], [-9.13105541821351, 38.714347848951], [-9.13100950329143, 38.7143158322572], [-9.13084864896239, 38.7141383938846], [-9.13076654975443, 38.7141588010534], [-9.1308373188413, 38.7143165649304], [-9.13098718005964, 38.714510396923], [-9.13108001069252, 38.7144806892272], [-9.13109748838524, 38.7144808102747], [-9.13110496204425, 38.7144808365577], [-9.13113186771765, 38.7144809672002], [-9.13118360978259, 38.7144812461315], [-9.13123167369646, 38.7144981309651], [-9.13123622131466, 38.7145109734286], [-9.13125560554029, 38.7145737731137], [-9.13128073193096, 38.7146113016693], [-9.13142985757834, 38.7148347753236], [-9.13143779894493, 38.7148436253265], [-9.13161520340664, 38.7150336181316], [-9.13170591296923, 38.7151323805987], [-9.13178506363321, 38.7152184505226], [-9.13185508543866, 38.7152846909341], [-9.13191310839318, 38.7153396838667], [-9.13192989099492, 38.7153559348531], [-9.1320111274052, 38.7154348705647], [-9.13202761493502, 38.7154464399542], [-9.1322852679748, 38.7156276389274], [-9.13230184796524, 38.7156623577673], [-9.13233406196228, 38.7157299118669], [-9.13235704058503, 38.7157782680047], [-9.1323847544337, 38.7158364022656], [-9.13250986497795, 38.7164815589011], [-9.13253212288104, 38.7166927837999], [-9.13258176823987, 38.7168973789551], [-9.13265809685677, 38.7170408111891]]]}, "properties": {"zona": "21C", "zonaNR": "Santa Maria Maior(C)"}}, {"type": "Feature", "geometry": {"type": "Polygon", "coordinates": [[[-9.18440147416367, 38.75506587269], [-9.18442069076041, 38.7550542284043], [-9.18446609997943, 38.755026713666], [-9.18522549425197, 38.7544843168746], [-9.18538635135294, 38.7543555335801], [-9.18554300888666, 38.7542301090558], [-9.18566246237119, 38.7541321364553], [-9.18596301007038, 38.7538856423406], [-9.1862831142285, 38.7535892121414], [-9.18643263906949, 38.7534507479487], [-9.18645599706073, 38.7534276576259], [-9.1868510772112, 38.7530373464156], [-9.18699549930167, 38.7528946668158], [-9.18738001186679, 38.7524415314032], [-9.18737960570199, 38.7523497987096], [-9.18728950123834, 38.752300410951], [-9.18700636235632, 38.7521437226156], [-9.18669049467261, 38.7519642145911], [-9.18634711590379, 38.7517786661664], [-9.1855829443953, 38.7513753668608], [-9.18547616210896, 38.7513239020331], [-9.18499992564275, 38.7510944166418], [-9.18454898278634, 38.7508755741729], [-9.18377183729317, 38.7505047716487], [-9.18371514551932, 38.7504785721979], [-9.18344017390126, 38.7503688233416], [-9.18323914843629, 38.7502984942238], [-9.18304299858221, 38.750249146085], [-9.18289935739521, 38.7502130169782], [-9.18269526399685, 38.7501727023681], [-9.18277603324473, 38.7503120763792], [-9.18278515685054, 38.7504464999329], [-9.18276541707113, 38.7505643651189], [-9.18262435277632, 38.7507057402131], [-9.18237652642634, 38.7508873035183], [-9.18197036486065, 38.7512290318633], [-9.18180562864192, 38.751418757015], [-9.18173960707868, 38.7514947996616], [-9.18171407335485, 38.7515272766926], [-9.18167493303051, 38.7515732433731], [-9.18160602174541, 38.7516813796606], [-9.18147532248012, 38.7518416542427], [-9.18154924216618, 38.7520267105387], [-9.18159811374552, 38.7521654625605], [-9.18162412907301, 38.7522508033393], [-9.18167501334231, 38.7523934376465], [-9.18174623114004, 38.7525710460606], [-9.18187492126462, 38.7529239918036], [-9.18200115398873, 38.7532135607034], [-9.18212223209186, 38.7534015316536], [-9.18226221359092, 38.7535880897082], [-9.18238305538374, 38.7537174027757], [-9.18256840401602, 38.7538784303917], [-9.18277296577472, 38.754035609072], [-9.18280005113887, 38.754056417954], [-9.18291239034871, 38.7541548920402], [-9.18310128111106, 38.75432048005], [-9.18325727101194, 38.754449809707], [-9.18336497093589, 38.7545589641437], [-9.18338033833538, 38.7545525737367], [-9.18341280514989, 38.7545433732666], [-9.18344199689693, 38.7545383368001], [-9.18344599334149, 38.754537868511], [-9.18347891368429, 38.7545359872893], [-9.18351071999452, 38.7545374489569], [-9.18354070586219, 38.7545418554132], [-9.18356840493136, 38.7545487046127], [-9.18359348546058, 38.7545574960025], [-9.18361642879097, 38.7545680270864], [-9.18363886928373, 38.7545811389165], [-9.1836603267512, 38.7545970339809], [-9.18368005496297, 38.7546157370033], [-9.18368864390349, 38.7546264241222], [-9.18382752849134, 38.7546553436677], [-9.18394970665086, 38.7546981762748], [-9.18408205303623, 38.7547958297731], [-9.18422584693456, 38.7549296185476], [-9.18440147416367, 38.75506587269]]]}, "properties": {"zona": "23A", "zonaNR": "So Domingos de Benfica(A)"}}, {"type": "Feature", "geometry": {"type": "Polygon", "coordinates": [[[-9.17970533146376, 38.7546961818869], [-9.17933220324194, 38.7548720147606], [-9.17913985275761, 38.754962346187], [-9.17884572018578, 38.7550940519739], [-9.17828524135658, 38.7553728954423], [-9.17764743050618, 38.7556622828195], [-9.17750373008546, 38.7557291347993], [-9.17692329817988, 38.756035255434], [-9.17797449588774, 38.7568903034381], [-9.17819257977847, 38.7570676916773], [-9.17853439496822, 38.7573305729027], [-9.17906053707329, 38.7572358721449], [-9.17907608556233, 38.7572330738929], [-9.17963402602971, 38.7570982769053], [-9.18026407576516, 38.7569385191614], [-9.18071825304476, 38.756796440536], [-9.18106896405601, 38.7566758347144], [-9.18127524183924, 38.7566048951266], [-9.18169314596192, 38.7564380431953], [-9.18252247030152, 38.7561069215717], [-9.18265147867079, 38.7560442488882], [-9.18291369820994, 38.7559168566057], [-9.18362345136554, 38.7555372951792], [-9.18440147416367, 38.75506587269], [-9.18422584693456, 38.7549296185476], [-9.18408205303623, 38.7547958297731], [-9.18394970665086, 38.7546981762748], [-9.18382752849134, 38.7546553436677], [-9.18368864390349, 38.7546264241222], [-9.18368005496297, 38.7546157370033], [-9.1836603267512, 38.7545970339809], [-9.18363886928373, 38.7545811389165], [-9.18361642879097, 38.7545680270864], [-9.18359348546058, 38.7545574960025], [-9.18356840493136, 38.7545487046127], [-9.18354070586219, 38.7545418554132], [-9.18351071999452, 38.7545374489569], [-9.18347891368429, 38.7545359872893], [-9.18344599334149, 38.754537868511], [-9.18344199689693, 38.7545383368001], [-9.18341280514989, 38.7545433732666], [-9.18338033833538, 38.7545525737367], [-9.18336497093589, 38.7545589641437], [-9.18325727101194, 38.754449809707], [-9.18310128111106, 38.75432048005], [-9.18291239034871, 38.7541548920402], [-9.18280005113887, 38.754056417954], [-9.18277296577472, 38.754035609072], [-9.18256840401602, 38.7538784303917], [-9.18238305538374, 38.7537174027757], [-9.18226221359092, 38.7535880897082], [-9.18212223209186, 38.7534015316536], [-9.18200115398873, 38.7532135607034], [-9.18187492126462, 38.7529239918036], [-9.18174623114004, 38.7525710460606], [-9.18167501334231, 38.7523934376465], [-9.18162412907301, 38.7522508033393], [-9.18159811374552, 38.7521654625605], [-9.18154924216618, 38.7520267105387], [-9.18147532248012, 38.7518416542427], [-9.18160602174541, 38.7516813796606], [-9.18167493303051, 38.7515732433731], [-9.18171407335485, 38.7515272766926], [-9.18173960707868, 38.7514947996616], [-9.18180562864192, 38.751418757015], [-9.18197036486065, 38.7512290318633], [-9.18237652642634, 38.7508873035183], [-9.18262435277632, 38.7507057402131], [-9.18276541707113, 38.7505643651189], [-9.18278515685054, 38.7504464999329], [-9.18277603324473, 38.7503120763792], [-9.18269526399685, 38.7501727023681], [-9.18255357662909, 38.7501512830559], [-9.18250831730516, 38.7501469242874], [-9.18206783691832, 38.7501045051383], [-9.18172743523868, 38.7500746270495], [-9.18083059961642, 38.749982347925], [-9.18005636850291, 38.7499028817262], [-9.1800307251503, 38.750114508513], [-9.17998284491843, 38.7505340374362], [-9.17996890439074, 38.7508641841088], [-9.179965467576, 38.7509478442906], [-9.17995754360621, 38.7511330365425], [-9.17996691976219, 38.7514371759801], [-9.17998948919217, 38.7517395839328], [-9.18012767741695, 38.752548173189], [-9.18019502408736, 38.7528098699797], [-9.18026543568595, 38.7530310131407], [-9.18030811986648, 38.7531369237167], [-9.18036680509446, 38.7532686973373], [-9.18042460170034, 38.7533806608154], [-9.1804426248151, 38.7534331949727], [-9.18049932793714, 38.7535718583334], [-9.18051246886679, 38.7536153302392], [-9.18052572040975, 38.7536664478772], [-9.18053479316915, 38.7537527793391], [-9.18053235639948, 38.7538002191595], [-9.18053289282854, 38.7538369211546], [-9.18052611483093, 38.7538713917089], [-9.18050620840449, 38.7539702154652], [-9.180485326241, 38.7540377008029], [-9.18046730320432, 38.7540868017101], [-9.18044506138944, 38.7541328876738], [-9.18037183985882, 38.7542399890035], [-9.18031901430675, 38.7543068687561], [-9.18021964595031, 38.7544109263193], [-9.1801694405565, 38.7544525237476], [-9.1800526381109, 38.7545294347001], [-9.17970533146376, 38.7546961818869]]]}, "properties": {"zona": "23B", "zonaNR": "So Domingos de Benfica(B)"}}, {"type": "Feature", "geometry": {"type": "Polygon", "coordinates": [[[-9.17692329817988, 38.756035255434], [-9.17750373008546, 38.7557291347993], [-9.17764743050618, 38.7556622828195], [-9.17828524135658, 38.7553728954423], [-9.17884572018578, 38.7550940519739], [-9.17913985275761, 38.754962346187], [-9.17933220324194, 38.7548720147606], [-9.17970533146376, 38.7546961818869], [-9.1800526381109, 38.7545294347001], [-9.1801694405565, 38.7544525237476], [-9.18021964595031, 38.7544109263193], [-9.18031901430675, 38.7543068687561], [-9.18037183985882, 38.7542399890035], [-9.18044506138944, 38.7541328876738], [-9.18046730320432, 38.7540868017101], [-9.180485326241, 38.7540377008029], [-9.18050620840449, 38.7539702154652], [-9.18052611483093, 38.7538713917089], [-9.18053289282854, 38.7538369211546], [-9.18053235639948, 38.7538002191595], [-9.18053479316915, 38.7537527793391], [-9.18052572040975, 38.7536664478772], [-9.18051246886679, 38.7536153302392], [-9.18049932793714, 38.7535718583334], [-9.1804426248151, 38.7534331949727], [-9.18042460170034, 38.7533806608154], [-9.18036680509446, 38.7532686973373], [-9.18030811986648, 38.7531369237167], [-9.18026543568595, 38.7530310131407], [-9.18019502408736, 38.7528098699797], [-9.18012767741695, 38.752548173189], [-9.17998948919217, 38.7517395839328], [-9.17996691976219, 38.7514371759801], [-9.17995754360621, 38.7511330365425], [-9.179965467576, 38.7509478442906], [-9.17996890439074, 38.7508641841088], [-9.17998284491843, 38.7505340374362], [-9.1800307251503, 38.750114508513], [-9.18005636850291, 38.7499028817262], [-9.17922955184847, 38.7498315277845], [-9.17818229070958, 38.7498122956462], [-9.17569862155116, 38.7498894763769], [-9.17390290069267, 38.7499395021059], [-9.17266501539078, 38.7499468334274], [-9.1727689222471, 38.7500943327907], [-9.17296048660099, 38.7504250737696], [-9.17307218625879, 38.7506179479354], [-9.17320873017026, 38.7508264546554], [-9.17333834925667, 38.7510690723681], [-9.1736668123172, 38.7517336067751], [-9.1738424316414, 38.7520962136408], [-9.17394039206673, 38.752296451516], [-9.17401820369765, 38.7524755472563], [-9.17412423067418, 38.7526884861946], [-9.17429092596356, 38.7529907744278], [-9.17442842801292, 38.7531910289196], [-9.17449084356196, 38.7533135474119], [-9.17459416711076, 38.7534637615744], [-9.17469114581977, 38.7536135088294], [-9.17474410596007, 38.7536655712918], [-9.17504126587024, 38.7540711870545], [-9.17522130657615, 38.7542709262118], [-9.17546527861579, 38.7545357897679], [-9.17581249003143, 38.7548410596175], [-9.17603143071292, 38.7550693474723], [-9.17613831293206, 38.755180784972], [-9.1763977693761, 38.7554697032848], [-9.1768212392714, 38.7559061194127], [-9.17692329817988, 38.756035255434]]]}, "properties": {"zona": "23C", "zonaNR": "So Domingos de Benfica(C)"}}, {"type": "Feature", "geometry": {"type": "Polygon", "coordinates": [[[-9.17219549921276, 38.7575245279198], [-9.17221403651393, 38.7575259908211], [-9.17485208423737, 38.7576521003116], [-9.17522534927156, 38.7576487726816], [-9.17586788986687, 38.757634844588], [-9.17653100961887, 38.7576046052755], [-9.17689345820763, 38.757577047821], [-9.17748340966789, 38.7575069304404], [-9.17826957243185, 38.7573781983834], [-9.17839761212964, 38.757355173364], [-9.17848282119725, 38.7573398510444], [-9.17850731613792, 38.7573354469258], [-9.17851916197145, 38.757333314214], [-9.17853439496822, 38.7573305729027], [-9.17819257977847, 38.7570676916773], [-9.17797449588774, 38.7568903034381], [-9.17692329817988, 38.756035255434], [-9.1768212392714, 38.7559061194127], [-9.1763977693761, 38.7554697032848], [-9.17613831293206, 38.755180784972], [-9.17603143071292, 38.7550693474723], [-9.17581249003143, 38.7548410596175], [-9.17546527861579, 38.7545357897679], [-9.17522130657615, 38.7542709262118], [-9.17504126587024, 38.7540711870545], [-9.17482319628053, 38.7541730463775], [-9.17470774542094, 38.7542269691609], [-9.17431970853862, 38.7543868751477], [-9.17408672199685, 38.7544867311379], [-9.17391834766268, 38.7545356306366], [-9.17368236651964, 38.7545964897682], [-9.17338570724532, 38.7546316037283], [-9.1730752273945, 38.7546291692597], [-9.17276295646532, 38.754624597032], [-9.17186573815041, 38.7546075860023], [-9.17139888671115, 38.7545956453949], [-9.17164851796882, 38.7551535474423], [-9.17176252018689, 38.7554391204923], [-9.17188743866582, 38.7558197908937], [-9.17198238796837, 38.7562027461702], [-9.17207515257797, 38.7566237877467], [-9.17219549921276, 38.7575245279198]]]}, "properties": {"zona": "23D", "zonaNR": "So Domingos de Benfica(D)"}}, {"type": "Feature", "geometry": {"type": "Polygon", "coordinates": [[[-9.17266501539078, 38.7499468334274], [-9.17072702337443, 38.7499820057088], [-9.16997944477308, 38.7499947553586], [-9.16920332812698, 38.7500068794467], [-9.16858653906777, 38.7500179932285], [-9.16810261582815, 38.750028316435], [-9.16868435157996, 38.7508007418517], [-9.16925553816525, 38.7515623771909], [-9.16945811469633, 38.7518346105935], [-9.16956517604665, 38.7519784906908], [-9.16965819404348, 38.7521026140833], [-9.16987477415928, 38.7523916031738], [-9.16993636528297, 38.7524751366482], [-9.17082517733705, 38.7536733243924], [-9.17100933045717, 38.7539387464791], [-9.17124641306953, 38.7543374650075], [-9.17139888671115, 38.7545956453949], [-9.17186573815041, 38.7546075860023], [-9.17276295646532, 38.754624597032], [-9.1730752273945, 38.7546291692597], [-9.17338570724532, 38.7546316037283], [-9.17368236651964, 38.7545964897682], [-9.17391834766268, 38.7545356306366], [-9.17408672199685, 38.7544867311379], [-9.17431970853862, 38.7543868751477], [-9.17470774542094, 38.7542269691609], [-9.17482319628053, 38.7541730463775], [-9.17504126587024, 38.7540711870545], [-9.17474410596007, 38.7536655712918], [-9.17469114581977, 38.7536135088294], [-9.17459416711076, 38.7534637615744], [-9.17449084356196, 38.7533135474119], [-9.17442842801292, 38.7531910289196], [-9.17429092596356, 38.7529907744278], [-9.17412423067418, 38.7526884861946], [-9.17401820369765, 38.7524755472563], [-9.17394039206673, 38.752296451516], [-9.1738424316414, 38.7520962136408], [-9.1736668123172, 38.7517336067751], [-9.17333834925667, 38.7510690723681], [-9.17320873017026, 38.7508264546554], [-9.17307218625879, 38.7506179479354], [-9.17296048660099, 38.7504250737696], [-9.1727689222471, 38.7500943327907], [-9.17266501539078, 38.7499468334274]]]}, "properties": {"zona": "23E", "zonaNR": "So Domingos de Benfica(E)"}}, {"type": "Feature", "geometry": {"type": "Polygon", "coordinates": [[[-9.16529195309313, 38.7500859191272], [-9.16529656306508, 38.7500913191393], [-9.16532624900802, 38.7501631249367], [-9.16536434101558, 38.7502552664029], [-9.16541455404266, 38.750376725743], [-9.16541918926019, 38.7504013671287], [-9.16542825662246, 38.7504495680523], [-9.16545974628173, 38.7506225409034], [-9.16546198352246, 38.7506348312277], [-9.16549264482782, 38.7507669753373], [-9.16566196818499, 38.7509752257616], [-9.1658830005143, 38.7511139308745], [-9.16613146706371, 38.7513531446268], [-9.16628326664606, 38.7514990302423], [-9.16701100667484, 38.752198407861], [-9.16724706906979, 38.7523746741829], [-9.16769140961539, 38.7526519874424], [-9.16770674616814, 38.7526615585071], [-9.16773082676876, 38.7526930600584], [-9.16776419821586, 38.7527367155736], [-9.16787973270133, 38.7528509927817], [-9.16800112262922, 38.7529724242762], [-9.16819122072485, 38.7531517979643], [-9.16847944687847, 38.7534347927315], [-9.16854134506288, 38.7534991006382], [-9.16872233529776, 38.7536848595879], [-9.16906417478106, 38.7540302162979], [-9.16933742002875, 38.7542964430037], [-9.16948206692963, 38.754434781549], [-9.16962905393278, 38.7545758014993], [-9.16962101150809, 38.7546560423309], [-9.16962550438127, 38.7547280649648], [-9.16967571040116, 38.7552563781137], [-9.16972113754827, 38.7556928539331], [-9.1697434652509, 38.755959232971], [-9.16974769623411, 38.756009716635], [-9.16975033510572, 38.7560411971362], [-9.16975952962083, 38.7562036939003], [-9.16980795743781, 38.7570596383451], [-9.16980906870652, 38.7570792763147], [-9.1697252573814, 38.7573295359277], [-9.17064515539175, 38.7574021562327], [-9.17219549921276, 38.7575245279198], [-9.17207515257797, 38.7566237877467], [-9.17198238796837, 38.7562027461702], [-9.17188743866582, 38.7558197908937], [-9.17176252018689, 38.7554391204923], [-9.17164851796882, 38.7551535474423], [-9.17139888671115, 38.7545956453949], [-9.17124641306953, 38.7543374650075], [-9.17100933045717, 38.7539387464791], [-9.17082517733705, 38.7536733243924], [-9.16993636528297, 38.7524751366482], [-9.16987477415928, 38.7523916031738], [-9.16965819404348, 38.7521026140833], [-9.16956517604665, 38.7519784906908], [-9.16945811469633, 38.7518346105935], [-9.16925553816525, 38.7515623771909], [-9.16868435157996, 38.7508007418517], [-9.16810261582815, 38.750028316435], [-9.16760031964449, 38.7500390299532], [-9.16651129350091, 38.7500647056058], [-9.16529195309313, 38.7500859191272]]]}, "properties": {"zona": "23F", "zonaNR": "So Domingos de Benfica(F)"}}, {"type": "Feature", "geometry": {"type": "Polygon", "coordinates": [[[-9.18404377244367, 38.7443785778279], [-9.18439890251133, 38.7447852254843], [-9.18403519613927, 38.7451844193544], [-9.18330439907174, 38.7458696058618], [-9.1829187942942, 38.7462304656745], [-9.18209533280751, 38.7458165866759], [-9.18168592154653, 38.7463134146814], [-9.18135567378197, 38.746715587913], [-9.18113261343317, 38.7470364764941], [-9.18102442546961, 38.7471990655947], [-9.1808499197601, 38.7474785858953], [-9.18081928965567, 38.7475376247315], [-9.18071033257747, 38.7477476420622], [-9.18048579548788, 38.7482245858616], [-9.18027680065264, 38.7488947624632], [-9.18021580630537, 38.7491377199262], [-9.18020075516384, 38.7491901090773], [-9.18017092940716, 38.7493123249189], [-9.18008932537752, 38.7497311840952], [-9.18005636850291, 38.7499028817262], [-9.18083059961642, 38.749982347925], [-9.18172743523868, 38.7500746270495], [-9.18206783691832, 38.7501045051383], [-9.18250831730516, 38.7501469242874], [-9.18255357662909, 38.7501512830559], [-9.18269526399685, 38.7501727023681], [-9.18289935739521, 38.7502130169782], [-9.18304299858221, 38.750249146085], [-9.18323914843629, 38.7502984942238], [-9.18344017390126, 38.7503688233416], [-9.18371514551932, 38.7504785721979], [-9.18377183729317, 38.7505047716487], [-9.18454898278634, 38.7508755741729], [-9.18499992564275, 38.7510944166418], [-9.18547616210896, 38.7513239020331], [-9.1855829443953, 38.7513753668608], [-9.18634711590379, 38.7517786661664], [-9.18669049467261, 38.7519642145911], [-9.18700636235632, 38.7521437226156], [-9.18728950123834, 38.752300410951], [-9.18737960570199, 38.7523497987096], [-9.18738001186679, 38.7524415314032], [-9.18747060462639, 38.7523183720386], [-9.18784145156345, 38.7518150173649], [-9.18793145364105, 38.7516774666981], [-9.18818497593618, 38.7512938781234], [-9.18829676731421, 38.7510948413818], [-9.18852843028319, 38.7506823902117], [-9.18882119914842, 38.7500640537488], [-9.1888602115789, 38.749981658283], [-9.18913048169069, 38.7493301953427], [-9.18926475190589, 38.7490024897185], [-9.1892675288542, 38.7489957087713], [-9.18934067205761, 38.7488171841845], [-9.18940219103443, 38.7484701979128], [-9.18944901355776, 38.7482061018394], [-9.18960860939313, 38.7473058963554], [-9.18973820044867, 38.7462500681271], [-9.18976579658277, 38.7460145346611], [-9.18983131290174, 38.745535357397], [-9.18987684279949, 38.7451049128659], [-9.18985748136479, 38.7448003914773], [-9.18984025717655, 38.7445294976283], [-9.18881715124703, 38.7446647584361], [-9.18745878447623, 38.7448006307627], [-9.18604939065056, 38.7447705474486], [-9.18492330229277, 38.744595268365], [-9.18404377244367, 38.7443785778279]]]}, "properties": {"zona": "23G", "zonaNR": "So Domingos de Benfica(G)"}}, {"type": "Feature", "geometry": {"type": "Polygon", "coordinates": [[[-9.17266501539078, 38.7499468334274], [-9.17390290069267, 38.7499395021059], [-9.17569862155116, 38.7498894763769], [-9.17818229070958, 38.7498122956462], [-9.17922955184847, 38.7498315277845], [-9.18005636850291, 38.7499028817262], [-9.18008932537752, 38.7497311840952], [-9.18017092940716, 38.7493123249189], [-9.18020075516384, 38.7491901090773], [-9.18021580630537, 38.7491377199262], [-9.18027680065264, 38.7488947624632], [-9.18048579548788, 38.7482245858616], [-9.18071033257747, 38.7477476420622], [-9.18081928965567, 38.7475376247315], [-9.18012085627698, 38.7472968808257], [-9.17958055538573, 38.7471546110126], [-9.17936525323531, 38.7471013916871], [-9.17929633965737, 38.7470926854396], [-9.1790068914139, 38.747063126936], [-9.17872694953198, 38.7470527584973], [-9.17862217798223, 38.74705477665], [-9.17846464789954, 38.7470476642364], [-9.17790585163869, 38.7470037381573], [-9.17751808676805, 38.7469667936772], [-9.17714263770135, 38.746942934353], [-9.17694682462246, 38.7469206143444], [-9.1765593874468, 38.7468713500651], [-9.17598910807225, 38.7467835231361], [-9.17558887382357, 38.7467068410171], [-9.16988137226937, 38.7463213961469], [-9.17000598073069, 38.7464193714379], [-9.17011505342201, 38.7464962169606], [-9.17021581009859, 38.7465473071392], [-9.17039609954163, 38.746657918642], [-9.17051920099059, 38.7468107914015], [-9.1707215450975, 38.7471053391069], [-9.17106449594699, 38.7475439349375], [-9.17114677378917, 38.7476100593978], [-9.17124473360244, 38.7476806475116], [-9.17151185250362, 38.7480099588191], [-9.17135455901212, 38.7481484073804], [-9.17136504912155, 38.7482166745331], [-9.17141340696311, 38.7483008653136], [-9.17150825569955, 38.7484307901044], [-9.17191352144882, 38.7489432432382], [-9.17256005737326, 38.7497863900757], [-9.17266501539078, 38.7499468334274]]]}, "properties": {"zona": "23H", "zonaNR": "So Domingos de Benfica(H)"}}, {"type": "Feature", "geometry": {"type": "Polygon", "coordinates": [[[-9.16810261582815, 38.750028316435], [-9.16800473664303, 38.7498979986644], [-9.16768679474784, 38.7494719294979], [-9.16736611816898, 38.7490458827151], [-9.16704540320968, 38.7486168276315], [-9.16697929370086, 38.7485289907438], [-9.1669049879885, 38.7484302637919], [-9.16672473434427, 38.748190778922], [-9.16646849031124, 38.7478480423674], [-9.16610698367013, 38.7473645217858], [-9.16595772264463, 38.7471624243641], [-9.16580847282036, 38.7469603266419], [-9.16572289528416, 38.746834269661], [-9.16555823948672, 38.7465917806012], [-9.1653464589872, 38.7462399201009], [-9.16531412602403, 38.7461688537517], [-9.16523020467138, 38.7459844191567], [-9.16512365396629, 38.7457108978249], [-9.16504585221978, 38.7454584981427], [-9.16498916556503, 38.7452017692919], [-9.16497891534455, 38.7448188073361], [-9.16498424548976, 38.7446808855725], [-9.1650233769322, 38.7444139867779], [-9.16504306709186, 38.7443531533303], [-9.16506473905986, 38.7442861689519], [-9.16510371300185, 38.7441657676217], [-9.16515578715514, 38.7440341430567], [-9.16519520779421, 38.7439344827776], [-9.16521048759844, 38.7439060722855], [-9.16528025663015, 38.7437764001489], [-9.16530201749864, 38.743744855339], [-9.16204967206699, 38.7451377824861], [-9.16481362831064, 38.7493996225582], [-9.16515381839471, 38.7499241334104], [-9.16529195309313, 38.7500859191272], [-9.16651129350091, 38.7500647056058], [-9.16760031964449, 38.7500390299532], [-9.16810261582815, 38.750028316435]]]}, "properties": {"zona": "23J", "zonaNR": "So Domingos de Benfica(J)"}}, {"type": "Feature", "geometry": {"type": "Polygon", "coordinates": [[[-9.16650896154865, 38.7432279041895], [-9.16530201749864, 38.743744855339], [-9.16528025663015, 38.7437764001489], [-9.16521048759844, 38.7439060722855], [-9.16519520779421, 38.7439344827776], [-9.16515578715514, 38.7440341430567], [-9.16510371300185, 38.7441657676217], [-9.16506473905986, 38.7442861689519], [-9.16504306709186, 38.7443531533303], [-9.1650233769322, 38.7444139867779], [-9.16498424548976, 38.7446808855725], [-9.16497891534455, 38.7448188073361], [-9.16498916556503, 38.7452017692919], [-9.16504585221978, 38.7454584981427], [-9.16512365396629, 38.7457108978249], [-9.16523020467138, 38.7459844191567], [-9.16531412602403, 38.7461688537517], [-9.1653464589872, 38.7462399201009], [-9.16555823948672, 38.7465917806012], [-9.16572289528416, 38.746834269661], [-9.16580847282036, 38.7469603266419], [-9.16595772264463, 38.7471624243641], [-9.16610698367013, 38.7473645217858], [-9.16646849031124, 38.7478480423674], [-9.16672473434427, 38.748190778922], [-9.1669049879885, 38.7484302637919], [-9.16697929370086, 38.7485289907438], [-9.16704540320968, 38.7486168276315], [-9.16736611816898, 38.7490458827151], [-9.16768679474784, 38.7494719294979], [-9.16800473664303, 38.7498979986644], [-9.16810261582815, 38.750028316435], [-9.16858653906777, 38.7500179932285], [-9.16920332812698, 38.7500068794467], [-9.16997944477308, 38.7499947553586], [-9.17072702337443, 38.7499820057088], [-9.17266501539078, 38.7499468334274], [-9.17256005737326, 38.7497863900757], [-9.17191352144882, 38.7489432432382], [-9.17150825569955, 38.7484307901044], [-9.17141340696311, 38.7483008653136], [-9.17136504912155, 38.7482166745331], [-9.17135455901212, 38.7481484073804], [-9.17151185250362, 38.7480099588191], [-9.17124473360244, 38.7476806475116], [-9.17114677378917, 38.7476100593978], [-9.17106449594699, 38.7475439349375], [-9.1707215450975, 38.7471053391069], [-9.17051920099059, 38.7468107914015], [-9.17039609954163, 38.746657918642], [-9.17021581009859, 38.7465473071392], [-9.17011505342201, 38.7464962169606], [-9.17000598073069, 38.7464193714379], [-9.16988137226937, 38.7463213961469], [-9.1696730946433, 38.745814025769], [-9.16953709129929, 38.7454826404372], [-9.16924168190525, 38.7450708950519], [-9.1690405635286, 38.7448525381599], [-9.16859299755074, 38.74448784339], [-9.16730946959994, 38.7433394122515], [-9.1671060915225, 38.7434458635736], [-9.16700456869831, 38.7433790740844], [-9.16650896154865, 38.7432279041895]]]}, "properties": {"zona": "23I", "zonaNR": "So Domingos de Benfica(I)"}}, {"type": "Feature", "geometry": {"type": "Polygon", "coordinates": [[[-9.17561158707649, 38.7466012820969], [-9.17558887382357, 38.7467068410171], [-9.17598910807225, 38.7467835231361], [-9.1765593874468, 38.7468713500651], [-9.17694682462246, 38.7469206143444], [-9.17714263770135, 38.746942934353], [-9.17751808676805, 38.7469667936772], [-9.17790585163869, 38.7470037381573], [-9.17846464789954, 38.7470476642364], [-9.17862217798223, 38.74705477665], [-9.17872694953198, 38.7470527584973], [-9.1790068914139, 38.747063126936], [-9.17929633965737, 38.7470926854396], [-9.17936525323531, 38.7471013916871], [-9.17958055538573, 38.7471546110126], [-9.18012085627698, 38.7472968808257], [-9.18081928965567, 38.7475376247315], [-9.1808499197601, 38.7474785858953], [-9.18102442546961, 38.7471990655947], [-9.18113261343317, 38.7470364764941], [-9.18135567378197, 38.746715587913], [-9.18168592154653, 38.7463134146814], [-9.18209533280751, 38.7458165866759], [-9.1829187942942, 38.7462304656745], [-9.18330439907174, 38.7458696058618], [-9.18403519613927, 38.7451844193544], [-9.18439890251133, 38.7447852254843], [-9.18404377244367, 38.7443785778279], [-9.1838993327481, 38.7443429912017], [-9.18282686415398, 38.7439655283686], [-9.17961248179317, 38.7425965871377], [-9.17890559535587, 38.7422785709267], [-9.17852078708628, 38.7427726097965], [-9.17829970355911, 38.7430564533543], [-9.17801560917694, 38.7434128052571], [-9.17785972038588, 38.7435990581212], [-9.17760714922109, 38.743903251217], [-9.17754975605925, 38.7439697913938], [-9.17748594785562, 38.7440570807256], [-9.17728966737541, 38.7439966073878], [-9.1767233997276, 38.7450742339304], [-9.17672251481689, 38.7459197589703], [-9.17601955640717, 38.7459058728469], [-9.17601716884312, 38.7459987926867], [-9.17600091285054, 38.7460713164543], [-9.17594159605798, 38.7465332207392], [-9.17593864364479, 38.7465492900042], [-9.17592681045697, 38.7465779512616], [-9.1759100664509, 38.7465988366437], [-9.17588468748578, 38.7466119712658], [-9.17584798738392, 38.7466154333976], [-9.17561158707649, 38.7466012820969]]]}, "properties": {"zona": "23K", "zonaNR": "So Domingos de Benfica(K)"}}, {"type": "Feature", "geometry": {"type": "Polygon", "coordinates": [[[-9.17890559535587, 38.7422785709267], [-9.17815148286653, 38.7419393007026], [-9.17477910161038, 38.7400961089752], [-9.17360872435227, 38.7394593573201], [-9.17277526939542, 38.7394511429204], [-9.1725754866102, 38.7393678551323], [-9.17234076032482, 38.7392816654802], [-9.17214212780688, 38.7392257811515], [-9.17194959783136, 38.7391941633937], [-9.17182865395314, 38.7391817264407], [-9.1717078666683, 38.7391800973689], [-9.17156658841436, 38.7391930627459], [-9.17144262506257, 38.7392103780629], [-9.17131991596197, 38.7392348883741], [-9.17123356861298, 38.7394671565419], [-9.17108258394072, 38.7397630534464], [-9.17104792509292, 38.7398318207238], [-9.17077749263579, 38.7402188561173], [-9.17067602898602, 38.7402810100432], [-9.17053772283672, 38.7404200574332], [-9.17041626227846, 38.7405310308943], [-9.17020244553959, 38.7406977714507], [-9.16994755306827, 38.7408873955497], [-9.16991541911506, 38.7409077779506], [-9.16982197694982, 38.7409670468406], [-9.17007035867455, 38.7411622151029], [-9.17016717659034, 38.7413210568741], [-9.1702387041037, 38.7413415645272], [-9.1704862412386, 38.7414756482791], [-9.1706908574276, 38.7415694484592], [-9.17071355246144, 38.7415798528192], [-9.17093998565625, 38.7416710294792], [-9.17104688803466, 38.7417070844279], [-9.17085229533479, 38.7419602594077], [-9.17080033696293, 38.74202785963], [-9.17028360262889, 38.7417826326392], [-9.16730946959994, 38.7433394122515], [-9.16859299755074, 38.74448784339], [-9.1690405635286, 38.7448525381599], [-9.16924168190525, 38.7450708950519], [-9.16953709129929, 38.7454826404372], [-9.1696730946433, 38.745814025769], [-9.16988137226937, 38.7463213961469], [-9.17558887382357, 38.7467068410171], [-9.17561158707649, 38.7466012820969], [-9.17584798738392, 38.7466154333976], [-9.17588468748578, 38.7466119712658], [-9.1759100664509, 38.7465988366437], [-9.17592681045697, 38.7465779512616], [-9.17593864364479, 38.7465492900042], [-9.17594159605798, 38.7465332207392], [-9.17600091285054, 38.7460713164543], [-9.17601716884312, 38.7459987926867], [-9.17601955640717, 38.7459058728469], [-9.17672251481689, 38.7459197589703], [-9.1767233997276, 38.7450742339304], [-9.17728966737541, 38.7439966073878], [-9.17748594785562, 38.7440570807256], [-9.17754975605925, 38.7439697913938], [-9.17760714922109, 38.743903251217], [-9.17785972038588, 38.7435990581212], [-9.17801560917694, 38.7434128052571], [-9.17829970355911, 38.7430564533543], [-9.17852078708628, 38.7427726097965], [-9.17890559535587, 38.7422785709267]]]}, "properties": {"zona": "23L", "zonaNR": "So Domingos de Benfica(L)"}}, {"type": "Feature", "geometry": {"type": "Polygon", "coordinates": [[[-9.17085229533479, 38.7419602594077], [-9.17104688803466, 38.7417070844279], [-9.17093998565625, 38.7416710294792], [-9.17071355246144, 38.7415798528192], [-9.1706908574276, 38.7415694484592], [-9.1704862412386, 38.7414756482791], [-9.1702387041037, 38.7413415645272], [-9.17016717659034, 38.7413210568741], [-9.17007035867455, 38.7411622151029], [-9.16982197694982, 38.7409670468406], [-9.16981648698824, 38.7409705293166], [-9.16887419072525, 38.7415082811405], [-9.16857020971566, 38.7416817546951], [-9.16848118253507, 38.7415803314601], [-9.1684657814261, 38.7415627855072], [-9.16834745085819, 38.7414076936412], [-9.16746779913504, 38.7402547336118], [-9.16737365306849, 38.7401220895017], [-9.16727522925871, 38.7399834154813], [-9.16703305214036, 38.7400826748965], [-9.16629237830275, 38.7403376158881], [-9.16581841504533, 38.7404243799552], [-9.16502141791163, 38.7406008199169], [-9.16382325326367, 38.7406590597907], [-9.16281500705547, 38.7406544242946], [-9.16217492262818, 38.7408249279621], [-9.16226142714851, 38.7408649934813], [-9.16228117206246, 38.7408741382418], [-9.16231808914765, 38.7408912361495], [-9.16287137519365, 38.7411474904029], [-9.16288969365473, 38.7411579681745], [-9.16310642378655, 38.7412819277812], [-9.16598819720089, 38.7429300818219], [-9.16637533456263, 38.7431514830564], [-9.16650896154865, 38.7432279041895], [-9.16700456869831, 38.7433790740844], [-9.1671060915225, 38.7434458635736], [-9.16730946959994, 38.7433394122515], [-9.17028360262889, 38.7417826326392], [-9.17080033696293, 38.74202785963], [-9.17085229533479, 38.7419602594077]]]}, "properties": {"zona": "23O", "zonaNR": "So Domingos de Benfica(O)"}}, {"type": "Feature", "geometry": {"type": "Polygon", "coordinates": [[[-9.16727522925871, 38.7399834154813], [-9.16725388826152, 38.7399533469774], [-9.16706438415588, 38.7396863467337], [-9.16669470856858, 38.7393976631866], [-9.16645356145687, 38.7392245928435], [-9.16595816028729, 38.7389835149367], [-9.16594578441225, 38.7389774917543], [-9.16465418683104, 38.7387427947777], [-9.16381178403104, 38.7385897142078], [-9.16373567720422, 38.7385758826413], [-9.16296323028903, 38.7384306131548], [-9.16073493976617, 38.7380115185774], [-9.16057798760145, 38.7379819977738], [-9.16025569512957, 38.7379213772014], [-9.16013887834385, 38.7379410498529], [-9.15998732677954, 38.737966571857], [-9.15997196154165, 38.7379691596715], [-9.15992103318615, 38.7379777357245], [-9.15983357564494, 38.7379924642907], [-9.15948870554508, 38.7381377528735], [-9.1594520367213, 38.7381531999055], [-9.15935678003082, 38.738193328444], [-9.15894305022984, 38.7383676234733], [-9.15892797789494, 38.7383739720564], [-9.15872946179579, 38.7384576024971], [-9.15775270741207, 38.7388687019189], [-9.15753040772731, 38.7389630635689], [-9.15864960680377, 38.7404288355496], [-9.15881671178103, 38.7406471578686], [-9.15889423918062, 38.7407484543691], [-9.15896252166028, 38.7408552051261], [-9.15897388179486, 38.7408729715706], [-9.15898348887595, 38.740887989795], [-9.16021258151848, 38.7408209288705], [-9.1617948836076, 38.7408070146049], [-9.16217492262818, 38.7408249279621], [-9.16281500705547, 38.7406544242946], [-9.16382325326367, 38.7406590597907], [-9.16502141791163, 38.7406008199169], [-9.16581841504533, 38.7404243799552], [-9.16629237830275, 38.7403376158881], [-9.16703305214036, 38.7400826748965], [-9.16727522925871, 38.7399834154813]]]}, "properties": {"zona": "23P", "zonaNR": "So Domingos de Benfica(P)"}}, {"type": "Feature", "geometry": {"type": "Polygon", "coordinates": [[[-9.12718380726754, 38.7236536464629], [-9.12748484224074, 38.7238606997315], [-9.12760449437574, 38.7236413308828], [-9.12778051533264, 38.7234652606268], [-9.12785798356625, 38.723429650898], [-9.12789766367678, 38.7234137296199], [-9.12794672047119, 38.7233940353044], [-9.12810947110083, 38.7233141915811], [-9.1281461330263, 38.7232962240939], [-9.12817592516301, 38.7232886741332], [-9.12832385348082, 38.7232511131619], [-9.12846871479162, 38.7232411422358], [-9.12860372071424, 38.7232450290047], [-9.12863498883767, 38.7229155958124], [-9.12868245867613, 38.7224542672201], [-9.12868588826005, 38.7224042667825], [-9.12871038206529, 38.7223236808503], [-9.12874206700963, 38.7222164108703], [-9.12870167888813, 38.7222135660347], [-9.1287630842795, 38.7214322442076], [-9.12903651691522, 38.7213097058688], [-9.12894561210343, 38.7212943651347], [-9.12837508257316, 38.7212400949107], [-9.12828846196706, 38.7212320243882], [-9.12827866641626, 38.7212311115001], [-9.12827853171279, 38.7212310991348], [-9.12793463191093, 38.7211990565252], [-9.12742190414092, 38.721163446836], [-9.12674120467699, 38.7211161678809], [-9.12674031220821, 38.7211135802942], [-9.12553320877143, 38.7210481213067], [-9.12507731433793, 38.7210132727527], [-9.1243307456678, 38.7205211282768], [-9.12372322542026, 38.7201230880795], [-9.12337282034887, 38.7198937674969], [-9.12270980906557, 38.7194507102096], [-9.12237729115633, 38.7196977481238], [-9.12207184049471, 38.7199265403469], [-9.12201980394775, 38.719966164848], [-9.12180737821214, 38.7201318889111], [-9.12142817163632, 38.7199265391297], [-9.12075999550707, 38.7204991676686], [-9.12068724146062, 38.7205783220724], [-9.12064482329855, 38.7206777689862], [-9.12063278619322, 38.7207898396426], [-9.12065744225467, 38.7208945201469], [-9.12072749323429, 38.7209881887573], [-9.12094231446304, 38.7211426642908], [-9.12127486595671, 38.7213027264332], [-9.12164575910196, 38.7215543916271], [-9.12193495009508, 38.7218539840638], [-9.12194208318583, 38.7219301944188], [-9.12185515205891, 38.7222455328495], [-9.12181694117193, 38.7223542695398], [-9.12178989371162, 38.7224451959965], [-9.12166906857924, 38.7228113335294], [-9.12169225500751, 38.7228074415281], [-9.1223751923096, 38.722851207894], [-9.1229607879654, 38.7228737251768], [-9.12336920982414, 38.7228894531527], [-9.12396274416884, 38.7229122584828], [-9.12531328595159, 38.7230547488089], [-9.12537109509998, 38.7230609239948], [-9.12569260853387, 38.7230947666739], [-9.12649420885392, 38.7231793880468], [-9.12718380726754, 38.7236536464629]]]}, "properties": {"zona": "24A", "zonaNR": "So Vicente(A)"}}, {"type": "Feature", "geometry": {"type": "Polygon", "coordinates": [[[-9.1173979191282, 38.7200552140368], [-9.1190794377247, 38.7210445933559], [-9.11923454029776, 38.7211357962068], [-9.11932863244715, 38.7211968867095], [-9.11979607288164, 38.7214999314267], [-9.12112903872557, 38.7223642405676], [-9.12130431202688, 38.7225169741842], [-9.12139195184048, 38.7226269402836], [-9.12155435931437, 38.7228305867559], [-9.12166906857924, 38.7228113335294], [-9.12178989371162, 38.7224451959965], [-9.12181694117193, 38.7223542695398], [-9.12185515205891, 38.7222455328495], [-9.12194208318583, 38.7219301944188], [-9.12193495009508, 38.7218539840638], [-9.12164575910196, 38.7215543916271], [-9.12127486595671, 38.7213027264332], [-9.12094231446304, 38.7211426642908], [-9.12072749323429, 38.7209881887573], [-9.12065744225467, 38.7208945201469], [-9.12063278619322, 38.7207898396426], [-9.12064482329855, 38.7206777689862], [-9.12068724146062, 38.7205783220724], [-9.12075999550707, 38.7204991676686], [-9.12142817163632, 38.7199265391297], [-9.12180737821214, 38.7201318889111], [-9.12201980394775, 38.719966164848], [-9.12207184049471, 38.7199265403469], [-9.12237729115633, 38.7196977481238], [-9.12270980906557, 38.7194507102096], [-9.12275578449022, 38.719420278818], [-9.12289407580868, 38.7193377938641], [-9.12296959921781, 38.7192937895546], [-9.12297999770334, 38.7192874230116], [-9.12299427427978, 38.7192804561346], [-9.12300585357109, 38.7192755028383], [-9.12302018916531, 38.7192728142068], [-9.12303569376416, 38.7192706831722], [-9.12307893359318, 38.7192694252539], [-9.12327028259972, 38.7192741112215], [-9.12340568214188, 38.7192695864295], [-9.12353879277446, 38.7192650898796], [-9.12362698304944, 38.7192641364433], [-9.1236762353501, 38.7192637191446], [-9.12370798735658, 38.7192607117104], [-9.12372970143583, 38.719256951589], [-9.12375533507394, 38.7192472670904], [-9.12376314877092, 38.7192435707003], [-9.12311528026824, 38.7183943791129], [-9.12296650814882, 38.7181594581824], [-9.12279085587575, 38.7180325701646], [-9.1223691204307, 38.7178210769316], [-9.12182312903395, 38.7175420982831], [-9.12181297159057, 38.7175369082595], [-9.12180757443759, 38.7175341506455], [-9.12176258155574, 38.7175111601494], [-9.12094401454033, 38.7170533368645], [-9.12064755699457, 38.7168875252253], [-9.12040817513126, 38.7167143244923], [-9.12027877560588, 38.7168243631742], [-9.11957734484684, 38.7173701341585], [-9.11943681390896, 38.7175282580993], [-9.11920581951712, 38.7177817881811], [-9.11871292213897, 38.7182243488808], [-9.11848496959748, 38.7184817036633], [-9.1183895269624, 38.7186527915014], [-9.11830145754509, 38.7188849248817], [-9.11815069003966, 38.7194180384787], [-9.11810292844531, 38.7195580506334], [-9.11801390831887, 38.7196732359945], [-9.11790989956389, 38.7197610815779], [-9.1173979191282, 38.7200552140368]]]}, "properties": {"zona": "24B", "zonaNR": "So Vicente(B)"}}, {"type": "Feature", "geometry": {"type": "Polygon", "coordinates": [[[-9.13004997706307, 38.7214418557536], [-9.13009694809882, 38.721454246391], [-9.13014980521733, 38.7214682082296], [-9.13049254159079, 38.7216312099413], [-9.13053482801078, 38.721653999433], [-9.13055093177458, 38.7216626897646], [-9.13060677783789, 38.721701397572], [-9.1306214821586, 38.7217169458253], [-9.13063992944628, 38.7217370561598], [-9.13067760303782, 38.7217919530214], [-9.1306918064206, 38.7218128201908], [-9.13070823810986, 38.7218368211027], [-9.13110599759009, 38.7224172270986], [-9.13164167950271, 38.723199221088], [-9.13173251017149, 38.7233271525339], [-9.13241332699239, 38.7228995112639], [-9.13213589388382, 38.7227118161193], [-9.13169127146281, 38.7224084460425], [-9.13160877587117, 38.7223469962809], [-9.13156332233694, 38.722303245869], [-9.13153527768293, 38.7222710570089], [-9.13150579505488, 38.7222181622943], [-9.13148681038747, 38.7221759873787], [-9.13147813565429, 38.7221310220505], [-9.13147020959462, 38.7220572251055], [-9.13147609273883, 38.7219842110203], [-9.13160514495224, 38.7215903652012], [-9.13182502044705, 38.7208651540599], [-9.13187481374469, 38.7207251064835], [-9.13190840202893, 38.7206599627668], [-9.13195907273088, 38.7205829628429], [-9.13201476844977, 38.7205365467668], [-9.13210595421615, 38.7204790179434], [-9.13240826552541, 38.7203070860597], [-9.13275969837929, 38.7201122136749], [-9.13287495118762, 38.7200490737311], [-9.13297644518283, 38.7199887537123], [-9.1330424116588, 38.7199368445757], [-9.13308097939464, 38.7198796091902], [-9.13311344862336, 38.7198362494556], [-9.13334713206219, 38.7195256402532], [-9.13341237852301, 38.7194056374588], [-9.13342800214783, 38.7191988628987], [-9.133422172285, 38.719044607707], [-9.13341132485349, 38.7189749047215], [-9.13340928582003, 38.7189616778738], [-9.13340754255887, 38.7189506148918], [-9.13340589405787, 38.7189399159184], [-9.13337622547046, 38.71893372462], [-9.1333260732341, 38.718892242715], [-9.13265748225512, 38.7184816379911], [-9.13258468709985, 38.7184436606477], [-9.13245277632957, 38.7184061885886], [-9.13205077827941, 38.7183144089731], [-9.13181352456294, 38.718259829474], [-9.13139557634404, 38.7182016391424], [-9.13118649247318, 38.7182303939089], [-9.12988608749592, 38.7180173396206], [-9.1299304534889, 38.7184251403136], [-9.12994202183267, 38.7185485596428], [-9.12993978580845, 38.7187062545821], [-9.12991244056425, 38.7189577465511], [-9.12989298415628, 38.7190759896298], [-9.12988236755244, 38.7191137871637], [-9.12981561292112, 38.7193392679231], [-9.12978630878003, 38.7194464692924], [-9.12977420746255, 38.7195379763863], [-9.12976457329717, 38.719810414671], [-9.12976144856552, 38.719837104653], [-9.12972591382774, 38.7199187677104], [-9.12966825328506, 38.7201674382061], [-9.12965441715617, 38.7202400254898], [-9.12960910150807, 38.7203716845754], [-9.1295786131787, 38.7204449182272], [-9.12953213656924, 38.7205269447187], [-9.12946109412349, 38.7206499952835], [-9.12941179861753, 38.7207194076865], [-9.12930704373747, 38.7208442047274], [-9.12921009026318, 38.7209587382775], [-9.12918209845504, 38.7209915321709], [-9.12915621500464, 38.7210320809986], [-9.12913440593215, 38.7210803698134], [-9.12908605288325, 38.721217801593], [-9.12907193389685, 38.721248530668], [-9.12903651691522, 38.7213097058688], [-9.1287630842795, 38.7214322442076], [-9.12870167888813, 38.7222135660347], [-9.12874206700963, 38.7222164108703], [-9.12871038206529, 38.7223236808503], [-9.12868588826005, 38.7224042667825], [-9.12868245867613, 38.7224542672201], [-9.12863498883767, 38.7229155958124], [-9.12860372071424, 38.7232450290047], [-9.12870292354517, 38.7232478855594], [-9.12873173889883, 38.7229462364257], [-9.1287382547511, 38.7228771805553], [-9.1287800164403, 38.722439582261], [-9.12880660518701, 38.7224415177001], [-9.12912911193554, 38.7224641727], [-9.12917934478281, 38.7222725073643], [-9.12935580685139, 38.7218306083328], [-9.12938480772503, 38.7217578477309], [-9.12969141348724, 38.721405818658], [-9.13004997706307, 38.7214418557536]]]}, "properties": {"zona": "24C", "zonaNR": "So Vicente(C)"}}, {"type": "Feature", "geometry": {"type": "Polygon", "coordinates": [[[-9.12894561210343, 38.7212943651347], [-9.12903651691522, 38.7213097058688], [-9.12907193389685, 38.721248530668], [-9.12908605288325, 38.721217801593], [-9.12913440593215, 38.7210803698134], [-9.12915621500464, 38.7210320809986], [-9.12918209845504, 38.7209915321709], [-9.12921009026318, 38.7209587382775], [-9.12930704373747, 38.7208442047274], [-9.12941179861753, 38.7207194076865], [-9.12946109412349, 38.7206499952835], [-9.12953213656924, 38.7205269447187], [-9.1295786131787, 38.7204449182272], [-9.12960910150807, 38.7203716845754], [-9.12965441715617, 38.7202400254898], [-9.12966825328506, 38.7201674382061], [-9.12972591382774, 38.7199187677104], [-9.12976144856552, 38.719837104653], [-9.12976457329717, 38.719810414671], [-9.12977420746255, 38.7195379763863], [-9.12978630878003, 38.7194464692924], [-9.12981561292112, 38.7193392679231], [-9.12988236755244, 38.7191137871637], [-9.12989298415628, 38.7190759896298], [-9.12991244056425, 38.7189577465511], [-9.12993978580845, 38.7187062545821], [-9.12994202183267, 38.7185485596428], [-9.1299304534889, 38.7184251403136], [-9.12988608749592, 38.7180173396206], [-9.12997614964559, 38.7176472086297], [-9.12945847859072, 38.7171174292869], [-9.12931942134379, 38.7169433810773], [-9.12928936214161, 38.716902507178], [-9.12927429725837, 38.7168907090934], [-9.1292400544277, 38.716869822406], [-9.12920270909563, 38.7168516383861], [-9.12911888263919, 38.7168146266088], [-9.12900748276261, 38.716771760319], [-9.12896387814513, 38.7167565571052], [-9.12893363326499, 38.7167495093259], [-9.12888717049802, 38.7167428518935], [-9.12884354195082, 38.7167383502135], [-9.12879781547422, 38.7167375235882], [-9.12874216846042, 38.7167377533809], [-9.12864183871688, 38.7167223863407], [-9.12864191079367, 38.716722940613], [-9.12832694732857, 38.7167530178675], [-9.12791047141713, 38.7167922381368], [-9.12752905450227, 38.7168722338159], [-9.12753306939845, 38.716895871506], [-9.12765989386161, 38.7176425494827], [-9.12766211303323, 38.7176562433169], [-9.12772503067241, 38.7180444643016], [-9.12775330922173, 38.718236279143], [-9.1277704133977, 38.7182599865171], [-9.12778028440793, 38.7182694418911], [-9.12779233224297, 38.718280076793], [-9.12779848588985, 38.7182943379744], [-9.12782547092109, 38.7184502169103], [-9.12784422947883, 38.7185600814686], [-9.12788144980109, 38.7187716591535], [-9.12793167084274, 38.7190169607229], [-9.12809410676497, 38.7199930711489], [-9.12819734562956, 38.7206204817447], [-9.12826290601921, 38.7210165183899], [-9.12827853171279, 38.7212310991348], [-9.12827866641626, 38.7212311115001], [-9.12828846196706, 38.7212320243882], [-9.12837508257316, 38.7212400949107], [-9.12894561210343, 38.7212943651347]]]}, "properties": {"zona": "24D", "zonaNR": "So Vicente(D)"}}, {"type": "Feature", "geometry": {"type": "Polygon", "coordinates": [[[-9.12299427427978, 38.7192804561346], [-9.12297999770334, 38.7192874230116], [-9.12296959921781, 38.7192937895546], [-9.12289407580868, 38.7193377938641], [-9.12275578449022, 38.719420278818], [-9.12270980906557, 38.7194507102096], [-9.12337282034887, 38.7198937674969], [-9.12372322542026, 38.7201230880795], [-9.1243307456678, 38.7205211282768], [-9.12507731433793, 38.7210132727527], [-9.12553320877143, 38.7210481213067], [-9.12674031220821, 38.7211135802942], [-9.12674120467699, 38.7211161678809], [-9.12742190414092, 38.721163446836], [-9.12793463191093, 38.7211990565252], [-9.12827853171279, 38.7212310991348], [-9.12826290601921, 38.7210165183899], [-9.12819734562956, 38.7206204817447], [-9.12809410676497, 38.7199930711489], [-9.12793167084274, 38.7190169607229], [-9.12788144980109, 38.7187716591535], [-9.12784422947883, 38.7185600814686], [-9.12782547092109, 38.7184502169103], [-9.12779848588985, 38.7182943379744], [-9.12779233224297, 38.718280076793], [-9.12778028440793, 38.7182694418911], [-9.1277704133977, 38.7182599865171], [-9.12775330922173, 38.718236279143], [-9.12772503067241, 38.7180444643016], [-9.12756674984563, 38.7180559914773], [-9.12712708858645, 38.7180572127433], [-9.12676463257309, 38.7180375084417], [-9.12676343042254, 38.7180372979657], [-9.12676245187965, 38.7180371270255], [-9.12639188758692, 38.7179723105019], [-9.12555712197493, 38.7177454962948], [-9.12534359357443, 38.7176874773956], [-9.12518146850184, 38.7176741577706], [-9.12492348020926, 38.7176529621976], [-9.12427393187244, 38.7177026247923], [-9.12367886301204, 38.7177567765408], [-9.12312541416098, 38.717794150539], [-9.12279136415449, 38.7180328252892], [-9.12279085587575, 38.7180325701646], [-9.12296650814882, 38.7181594581824], [-9.12311528026824, 38.7183943791129], [-9.12376314877092, 38.7192435707003], [-9.12375533507394, 38.7192472670904], [-9.12372970143583, 38.719256951589], [-9.12370798735658, 38.7192607117104], [-9.1236762353501, 38.7192637191446], [-9.12362698304944, 38.7192641364433], [-9.12353879277446, 38.7192650898796], [-9.12340568214188, 38.7192695864295], [-9.12327028259972, 38.7192741112215], [-9.12307893359318, 38.7192694252539], [-9.12303569376416, 38.7192706831722], [-9.12302018916531, 38.7192728142068], [-9.12300585357109, 38.7192755028383], [-9.12299427427978, 38.7192804561346]]]}, "properties": {"zona": "24E", "zonaNR": "So Vicente(E)"}}, {"type": "Feature", "geometry": {"type": "Polygon", "coordinates": [[[-9.13365945218739, 38.7187345949355], [-9.13376261649629, 38.71884576017], [-9.13386790201238, 38.7189591969567], [-9.13387877660849, 38.7189709645514], [-9.13388849255605, 38.7189814386224], [-9.13389951122895, 38.7189807002357], [-9.13430532454827, 38.7189527367998], [-9.13431427069978, 38.7189521233165], [-9.13431282257846, 38.7189458238931], [-9.13429486741607, 38.7188785986775], [-9.13428177864224, 38.7188305185799], [-9.13424434345603, 38.7185455594241], [-9.13413941976507, 38.7182938767463], [-9.13413668382083, 38.7182873244156], [-9.13409735286667, 38.718220822658], [-9.13409040528112, 38.718209081812], [-9.13408710833563, 38.7182035251506], [-9.13408180922562, 38.7181945626347], [-9.13406814902456, 38.7181714392438], [-9.13392515123018, 38.7180504264446], [-9.1336993170025, 38.717851483602], [-9.13366106512965, 38.7178210940814], [-9.13352630715043, 38.7177137022507], [-9.13347538108109, 38.7176731521294], [-9.13343794168731, 38.7176432960551], [-9.13341352530863, 38.7176238677717], [-9.13295082318463, 38.717308315987], [-9.13293306167987, 38.717296127077], [-9.13266193643469, 38.7170480261096], [-9.13265809685677, 38.7170408111891], [-9.13258176823987, 38.7168973789551], [-9.13253212288104, 38.7166927837999], [-9.13250986497795, 38.7164815589011], [-9.1323847544337, 38.7158364022656], [-9.13235704058503, 38.7157782680047], [-9.13233406196228, 38.7157299118669], [-9.13230184796524, 38.7156623577673], [-9.1322852679748, 38.7156276389274], [-9.13202761493502, 38.7154464399542], [-9.1320111274052, 38.7154348705647], [-9.13192989099492, 38.7153559348531], [-9.13191310839318, 38.7153396838667], [-9.13185508543866, 38.7152846909341], [-9.13178506363321, 38.7152184505226], [-9.13170591296923, 38.7151323805987], [-9.13161520340664, 38.7150336181316], [-9.13143779894493, 38.7148436253265], [-9.13142985757834, 38.7148347753236], [-9.13128073193096, 38.7146113016693], [-9.13125560554029, 38.7145737731137], [-9.13123622131466, 38.7145109734286], [-9.13123167369646, 38.7144981309651], [-9.13118360978259, 38.7144812461315], [-9.13113186771765, 38.7144809672002], [-9.13110496204425, 38.7144808365577], [-9.13109748838524, 38.7144808102747], [-9.13108001069252, 38.7144806892272], [-9.13098718005964, 38.714510396923], [-9.1308373188413, 38.7143165649304], [-9.13076654975443, 38.7141588010534], [-9.13075580598727, 38.7141348506619], [-9.13074726346412, 38.7141158268201], [-9.13070140967855, 38.7140263192971], [-9.13062930116723, 38.713487181487], [-9.13061233607023, 38.7133419387992], [-9.13060151140369, 38.7132497002228], [-9.13061886942673, 38.7131750568295], [-9.13062078547388, 38.7131041276234], [-9.13062192352913, 38.7130620114049], [-9.1306228928924, 38.7130261219822], [-9.13060308507209, 38.7130482522295], [-9.13050809435163, 38.7131543829468], [-9.13046277828314, 38.7132027816115], [-9.1303776730494, 38.7132588160555], [-9.13025527922825, 38.7132790468074], [-9.12950805969182, 38.7129299656904], [-9.1293598312114, 38.7128615077307], [-9.12929044798101, 38.7128492176381], [-9.12923166836856, 38.7128388188993], [-9.12910113902939, 38.7128278603532], [-9.12904984425634, 38.7128348730807], [-9.12901956059028, 38.7128812514802], [-9.12884767539476, 38.7130964729024], [-9.12880599566266, 38.7131833036805], [-9.12872984698119, 38.7134458117244], [-9.12862025211722, 38.7137505812991], [-9.12840197535583, 38.7139121496819], [-9.12832367898142, 38.7139701964877], [-9.12826747610356, 38.7140047247368], [-9.12824775452483, 38.7139754367817], [-9.1282370168362, 38.7139594905186], [-9.12819787723105, 38.7139774466989], [-9.12825842316177, 38.7140223050361], [-9.12831737147771, 38.7141541670911], [-9.12838488615102, 38.7142786949241], [-9.12850095271568, 38.7143731742866], [-9.12856461957992, 38.7144680987936], [-9.12859983072839, 38.7145554917455], [-9.12863294702633, 38.71465605495], [-9.12870129243596, 38.7148221568532], [-9.12878403693552, 38.7150349501101], [-9.12883769247575, 38.7151547953767], [-9.12893762191214, 38.7154364372069], [-9.1289382300591, 38.7154362662817], [-9.12901033339225, 38.715558968366], [-9.12910775444491, 38.715760273783], [-9.12916718424803, 38.71585081025], [-9.12974827900519, 38.7170061339608], [-9.13003123259817, 38.7175591543316], [-9.12997614964559, 38.7176472086297], [-9.12988608749592, 38.7180173396206], [-9.13118649247318, 38.7182303939089], [-9.13139557634404, 38.7182016391424], [-9.13181352456294, 38.718259829474], [-9.13205077827941, 38.7183144089731], [-9.13245277632957, 38.7184061885886], [-9.13258468709985, 38.7184436606477], [-9.13265748225512, 38.7184816379911], [-9.1333260732341, 38.718892242715], [-9.13337622547046, 38.71893372462], [-9.13340589405787, 38.7189399159184], [-9.13341993523414, 38.7189273585923], [-9.13364857957925, 38.7187228822506], [-9.13365945218739, 38.7187345949355]]]}, "properties": {"zona": "24F", "zonaNR": "So Vicente(F)"}}, {"type": "Feature", "geometry": {"type": "Polygon", "coordinates": [[[-9.12874216846042, 38.7167377533809], [-9.12879781547422, 38.7167375235882], [-9.12884354195082, 38.7167383502135], [-9.12888717049802, 38.7167428518935], [-9.12893363326499, 38.7167495093259], [-9.12896387814513, 38.7167565571052], [-9.12900748276261, 38.716771760319], [-9.12911888263919, 38.7168146266088], [-9.12920270909563, 38.7168516383861], [-9.1292400544277, 38.716869822406], [-9.12927429725837, 38.7168907090934], [-9.12928936214161, 38.716902507178], [-9.12931942134379, 38.7169433810773], [-9.12945847859072, 38.7171174292869], [-9.12997614964559, 38.7176472086297], [-9.13003123259817, 38.7175591543316], [-9.12974827900519, 38.7170061339608], [-9.12916718424803, 38.71585081025], [-9.12910775444491, 38.715760273783], [-9.12901033339225, 38.715558968366], [-9.1289382300591, 38.7154362662817], [-9.12893762191214, 38.7154364372069], [-9.12883769247575, 38.7151547953767], [-9.12878403693552, 38.7150349501101], [-9.12870129243596, 38.7148221568532], [-9.12863294702633, 38.71465605495], [-9.12859983072839, 38.7145554917455], [-9.12856461957992, 38.7144680987936], [-9.12850095271568, 38.7143731742866], [-9.12838488615102, 38.7142786949241], [-9.12831737147771, 38.7141541670911], [-9.12825842316177, 38.7140223050361], [-9.12819787723105, 38.7139774466989], [-9.12798796765968, 38.7137486228438], [-9.12784878307938, 38.7136709060722], [-9.12766993440379, 38.713669012725], [-9.12748052824197, 38.7136928741967], [-9.12723879265092, 38.7138064089549], [-9.12685365870883, 38.7142705072988], [-9.12677752205828, 38.7144273594459], [-9.12642570097713, 38.7142623572132], [-9.12582683678511, 38.7139587448397], [-9.1256678035858, 38.7141786041447], [-9.12553322721725, 38.7141584753168], [-9.12541158499338, 38.7141408938868], [-9.12507175757556, 38.7138240675284], [-9.12515512448994, 38.7137623649938], [-9.12499817032758, 38.7135989539206], [-9.12498666750665, 38.7136098636886], [-9.1249387896601, 38.7136562101439], [-9.12492653590312, 38.7136680243639], [-9.12470599419494, 38.7134332575577], [-9.12438869961171, 38.7136600647293], [-9.1236712428583, 38.7132081839525], [-9.12365291783947, 38.713196628939], [-9.12364996531461, 38.7134741873449], [-9.12365061534656, 38.7134879639239], [-9.1236621618242, 38.7137247738507], [-9.12409343432238, 38.7142313463301], [-9.12432766902703, 38.7145167432587], [-9.12441927343145, 38.7146560051618], [-9.12531857363672, 38.7158368126151], [-9.12554185238008, 38.7160700172455], [-9.12580059541494, 38.7162959482062], [-9.12593849022146, 38.7164880713661], [-9.12621061510231, 38.7166912599223], [-9.12651562517219, 38.7169848977053], [-9.12656464959005, 38.717021287382], [-9.12661256037845, 38.7170469139626], [-9.12663310462242, 38.7170558823894], [-9.12664689958236, 38.7170606924757], [-9.1266693182221, 38.7170663570865], [-9.1267133556979, 38.717076305877], [-9.12674887540479, 38.7170823365476], [-9.12677316031321, 38.7170849406093], [-9.12683460170487, 38.7170846534942], [-9.12686938345205, 38.717083889442], [-9.12690860163933, 38.7170805114109], [-9.12695940659545, 38.7170735127842], [-9.12699854503867, 38.7170652080839], [-9.12704053766732, 38.7170545280457], [-9.12708614459653, 38.717040069981], [-9.12726232376077, 38.7169808755389], [-9.12752905450227, 38.7168722338159], [-9.12791047141713, 38.7167922381368], [-9.12832694732857, 38.7167530178675], [-9.12864191079367, 38.716722940613], [-9.12864183871688, 38.7167223863407], [-9.12874216846042, 38.7167377533809]]]}, "properties": {"zona": "24G", "zonaNR": "So Vicente(G)"}}, {"type": "Feature", "geometry": {"type": "Polygon", "coordinates": [[[-9.12040817285676, 38.7167143263131], [-9.12064755699457, 38.7168875252253], [-9.12094401454033, 38.7170533368645], [-9.12176258155574, 38.7175111601494], [-9.12180757443759, 38.7175341506455], [-9.12181297159057, 38.7175369082595], [-9.12182312903395, 38.7175420982831], [-9.1223691204307, 38.7178210769316], [-9.12279085587575, 38.7180325701646], [-9.12279136415449, 38.7180328252892], [-9.12312541416098, 38.717794150539], [-9.12367886301204, 38.7177567765408], [-9.12427393187244, 38.7177026247923], [-9.12492348020926, 38.7176529621976], [-9.12518146850184, 38.7176741577706], [-9.12534359357443, 38.7176874773956], [-9.12555712197493, 38.7177454962948], [-9.12639188758692, 38.7179723105019], [-9.12676245187965, 38.7180371270255], [-9.12676343042254, 38.7180372979657], [-9.12676463257309, 38.7180375084417], [-9.12712708858645, 38.7180572127433], [-9.12756674984563, 38.7180559914773], [-9.12772503067241, 38.7180444643016], [-9.12766211303323, 38.7176562433169], [-9.12765989386161, 38.7176425494827], [-9.12753306939845, 38.716895871506], [-9.12752905450227, 38.7168722338159], [-9.12726232376077, 38.7169808755389], [-9.12708614459653, 38.717040069981], [-9.12704053766732, 38.7170545280457], [-9.12699854503867, 38.7170652080839], [-9.12695940659545, 38.7170735127842], [-9.12690860163933, 38.7170805114109], [-9.12686938345205, 38.717083889442], [-9.12683460170487, 38.7170846534942], [-9.12677316031321, 38.7170849406093], [-9.12674887540479, 38.7170823365476], [-9.1267133556979, 38.717076305877], [-9.1266693182221, 38.7170663570865], [-9.12664689958236, 38.7170606924757], [-9.12663310462242, 38.7170558823894], [-9.12661256037845, 38.7170469139626], [-9.12656464959005, 38.717021287382], [-9.12651562517219, 38.7169848977053], [-9.12621061510231, 38.7166912599223], [-9.12593849022146, 38.7164880713661], [-9.12580059541494, 38.7162959482062], [-9.12554185238008, 38.7160700172455], [-9.12531857363672, 38.7158368126151], [-9.12441927343145, 38.7146560051618], [-9.12432766902703, 38.7145167432587], [-9.12409343432238, 38.7142313463301], [-9.12366216524811, 38.7137247720202], [-9.12348654514961, 38.7138347032085], [-9.12293712681792, 38.7143073397672], [-9.12271336146541, 38.7144652291912], [-9.12252124548992, 38.714638068296], [-9.12170240806792, 38.7154086702178], [-9.1215968392571, 38.7155453388764], [-9.12139970673864, 38.7157851922651], [-9.12055177905597, 38.7165922068141], [-9.12040817285676, 38.7167143263131]]]}, "properties": {"zona": "24H", "zonaNR": "So Vicente(H)"}}, {"type": "Feature", "geometry": {"type": "Polygon", "coordinates": [[[-9.12366216524811, 38.7137247720202], [-9.1236401057701, 38.7137094671299], [-9.12357486976686, 38.7136644398348], [-9.12354926842667, 38.713646748113], [-9.12307549783592, 38.7133193429177], [-9.1230263970552, 38.7132854385617], [-9.12301699473045, 38.713278942403], [-9.12283197257498, 38.7131932222577], [-9.12258661647427, 38.713050992436], [-9.1224929567773, 38.7129956658327], [-9.12229983033494, 38.7128807377367], [-9.12224697136826, 38.7128493870568], [-9.12220017665901, 38.7128159132327], [-9.12219994644761, 38.712816143981], [-9.12219960969026, 38.712816485527], [-9.12219022610192, 38.7128259385324], [-9.12218042297637, 38.712835816656], [-9.12217997052774, 38.7128354385485], [-9.12217340934917, 38.7128299487896], [-9.12217303366737, 38.7128303023751], [-9.12211531976548, 38.712884567769], [-9.12211483172699, 38.7128850276972], [-9.12211466714807, 38.7128851822237], [-9.12211434367607, 38.7128854867247], [-9.12212014192155, 38.7128888417625], [-9.12212092769066, 38.7128892963201], [-9.12212106908114, 38.7128893779967], [-9.12212142142015, 38.7128895830987], [-9.12212183515848, 38.7128898219114], [-9.12212192323392, 38.7128898725114], [-9.12212182902284, 38.712889960685], [-9.12207793623125, 38.7129316629271], [-9.12207535003756, 38.7129297084696], [-9.12207160437618, 38.7129268792438], [-9.12203125285901, 38.7129640908009], [-9.12201295654191, 38.7129809624202], [-9.12201259099377, 38.712981300606], [-9.12201251265316, 38.7129813724311], [-9.12201238777546, 38.7129814878877], [-9.12201206990158, 38.7129817815316], [-9.12201599522533, 38.7129847164336], [-9.12201820474831, 38.7129863687105], [-9.12201864156994, 38.7129866974073], [-9.12201869151073, 38.7129867339173], [-9.12201901210847, 38.7129869717165], [-9.12201908646347, 38.7129870278374], [-9.12201524407787, 38.7129907796998], [-9.12201517603383, 38.7129908478346], [-9.12197633928039, 38.7130287743988], [-9.12197629503001, 38.7130288171102], [-9.12196939214571, 38.7130232266393], [-9.12196926076629, 38.7130231205564], [-9.12194137831234, 38.713049771149], [-9.12191188671481, 38.7130779585801], [-9.12191145208359, 38.7130783730163], [-9.12191130456138, 38.7130785138864], [-9.12191099022227, 38.7130788138056], [-9.12191113533463, 38.7130789152684], [-9.12191711855278, 38.7130830947763], [-9.12191758291488, 38.7130834196374], [-9.12191796368809, 38.7130836857532], [-9.12191804842657, 38.7130837444887], [-9.12187135751605, 38.7131274043143], [-9.12187127011498, 38.7131274861245], [-9.12186980232953, 38.7131262635544], [-9.12186557217216, 38.7131227331009], [-9.12186540765422, 38.7131228921305], [-9.12185300137395, 38.7131350153913], [-9.12181823511267, 38.7131689836373], [-9.12181040515173, 38.7131766336038], [-9.12180997294257, 38.7131770570269], [-9.12180984927583, 38.713177176977], [-9.12180954187059, 38.7131774795397], [-9.12181596613997, 38.7131822111104], [-9.12181642260408, 38.7131825468482], [-9.12181670251995, 38.7131827525636], [-9.12181679777843, 38.7131828238212], [-9.12181688255418, 38.7131828852588], [-9.12179948422728, 38.7131990178091], [-9.12177222193947, 38.713224293015], [-9.12176559442466, 38.7132197469218], [-9.1217373712971, 38.7132457148451], [-9.1217079650953, 38.7132727683085], [-9.12170761429034, 38.7132730919561], [-9.1217075461713, 38.7132731546866], [-9.12170743945024, 38.7132732528744], [-9.12170712609772, 38.7132735410744], [-9.12171016350705, 38.7132761177737], [-9.12171102782222, 38.7132768491132], [-9.12171371041489, 38.7132791243456], [-9.12171395122015, 38.7132793285903], [-9.1217143455324, 38.7132796594492], [-9.12171446997718, 38.7132797628886], [-9.12171453629757, 38.7132798199784], [-9.12171448297425, 38.7132798717743], [-9.12169708778236, 38.7132973203372], [-9.12169695734178, 38.7132974493523], [-9.12169687909977, 38.7132975283827], [-9.12168461318024, 38.713309829696], [-9.12167149444235, 38.7133229858624], [-9.1216713742487, 38.7133231075845], [-9.12166809610806, 38.7133205824632], [-9.12166669584578, 38.7133195043468], [-9.12166365825018, 38.7133171645558], [-9.12166344259549, 38.7133173672554], [-9.12163832512297, 38.7133409389167], [-9.12163788474066, 38.7133413534005], [-9.12160504442361, 38.713372175954], [-9.12160461762506, 38.7133725750094], [-9.12160447573793, 38.7133727077244], [-9.12160438493712, 38.7133727931663], [-9.12160415903505, 38.7133730031588], [-9.12161113963025, 38.713378141698], [-9.12161159262112, 38.7133784756644], [-9.12161196430976, 38.7133787499651], [-9.1216120444624, 38.7133788096404], [-9.1215735830423, 38.7134149682491], [-9.12157351494784, 38.7134150327809], [-9.1215685287713, 38.7134197194102], [-9.12156844818022, 38.7134197948571], [-9.12156839598981, 38.7134197619692], [-9.12156166330256, 38.7134155104113], [-9.12156152257727, 38.7134156440172], [-9.12152762259036, 38.7134479176728], [-9.12150550111894, 38.713468978697], [-9.12150513227844, 38.7134693286193], [-9.12150506418385, 38.7134693931511], [-9.12150476343793, 38.7134696785416], [-9.12150483694114, 38.713469756289], [-9.12150595473185, 38.7134709439893], [-9.12150919724354, 38.7134743882222], [-9.12150950525, 38.7134747135059], [-9.12150958225161, 38.7134747948269], [-9.12150989608044, 38.7134751254661], [-9.12150996725969, 38.7134752014315], [-9.12147596987676, 38.7135064174671], [-9.12146638169313, 38.7135152199717], [-9.12146629574289, 38.7135151567422], [-9.12146309828251, 38.7135126462466], [-9.12146009258833, 38.7135102854625], [-9.12140147707484, 38.7135671172694], [-9.12140101531888, 38.7135675661629], [-9.12140086440792, 38.713567711565], [-9.12140055012656, 38.7135680159863], [-9.12140361799128, 38.7135699654861], [-9.12140698740379, 38.7135721052059], [-9.12140746180308, 38.7135724074644], [-9.12140785729847, 38.7135726572432], [-9.12140793965113, 38.7135727096937], [-9.12136494504389, 38.7136140725841], [-9.12136486562676, 38.7136141498225], [-9.12135729902088, 38.7136098719727], [-9.12135711858005, 38.7136100437472], [-9.12132274190683, 38.7136427807754], [-9.12129937772219, 38.7136650295971], [-9.12129892263929, 38.7136654622196], [-9.12129878532459, 38.7136655930939], [-9.12129848031351, 38.7136659028414], [-9.12130063896675, 38.7136673672965], [-9.12130247268366, 38.7136686129036], [-9.12130456287867, 38.713670031997], [-9.12130493310805, 38.7136702837913], [-9.12130502014593, 38.7136703425078], [-9.12130540314484, 38.7136706032021], [-9.12130547857519, 38.7136706539095], [-9.12126230592314, 38.7137131226355], [-9.12126222540581, 38.7137132034864], [-9.12126215913498, 38.7137131499991], [-9.12125910926689, 38.713710670679], [-9.12125641869055, 38.7137084837813], [-9.12125599195379, 38.7137081360799], [-9.12125564430698, 38.7137078543684], [-9.12119904597842, 38.7137631638044], [-9.12119859895385, 38.7137635972592], [-9.12119846170078, 38.7137637326369], [-9.12119814970449, 38.7137640361376], [-9.1211984317465, 38.7137642292254], [-9.12120346714232, 38.713767706957], [-9.12120409278725, 38.7137681385526], [-9.12120441312549, 38.7137683574397], [-9.121204573307, 38.7137684677839], [-9.12120496325324, 38.7137687320229], [-9.12120503908044, 38.7137688115524], [-9.12118612309403, 38.713785714402], [-9.12118281804136, 38.713788667199], [-9.12118272604034, 38.7137887490476], [-9.12109967729319, 38.7138629580502], [-9.12109910600314, 38.7138634682211], [-9.12109878343646, 38.7138637555966], [-9.12110090182582, 38.7138653852401], [-9.12110253680098, 38.7138666424385], [-9.12110336530272, 38.7138672777005], [-9.12110345362666, 38.713867346315], [-9.12106080182912, 38.7139051570835], [-9.12105903439727, 38.7139067222782], [-9.12105575177597, 38.7139047907984], [-9.12105386121321, 38.7139036753816], [-9.12105373370384, 38.7139035998919], [-9.12103361100989, 38.7139230504391], [-9.12102821242611, 38.713928268393], [-9.12101830257331, 38.7139378491592], [-9.12099698053227, 38.7139584574408], [-9.12099653690447, 38.7139588872629], [-9.12099640642424, 38.7139590135753], [-9.12099635648671, 38.7139590608383], [-9.12099609438906, 38.7139593143733], [-9.12100235220725, 38.7139637294156], [-9.12100281663307, 38.7139640587837], [-9.12100313709556, 38.7139642866781], [-9.12100319515808, 38.7139643285247], [-9.12100328107128, 38.7139643890524], [-9.12095874400961, 38.7140055702555], [-9.12095454864705, 38.714002814155], [-9.12095104014408, 38.7140005098522], [-9.12095077441137, 38.714000749906], [-9.12089223724793, 38.7140535587672], [-9.12089175910619, 38.714053987079], [-9.12089171480494, 38.7140540261873], [-9.1208916012212, 38.7140541271346], [-9.1208913366005, 38.7140543644765], [-9.12089127186682, 38.714054422674], [-9.12089432969023, 38.7140563938907], [-9.12089906605645, 38.7140594462865], [-9.12089951261861, 38.7140597307664], [-9.12089964253888, 38.714059814343], [-9.12089970633702, 38.7140598552403], [-9.12089992209613, 38.7140599939406], [-9.12090003005007, 38.7140600686949], [-9.12086040472366, 38.714096836828], [-9.12086025828492, 38.7140969731837], [-9.12085475692415, 38.7141020766968], [-9.12084969572168, 38.714098562236], [-9.12079059122322, 38.7141530990506], [-9.12079015982953, 38.7141534990425], [-9.12079004289587, 38.7141536072244], [-9.12078972843583, 38.7141538990345], [-9.12078995275043, 38.7141540745952], [-9.12079578453706, 38.7141586941236], [-9.12079622621915, 38.7141590417004], [-9.12079658769879, 38.7141593259987], [-9.12079666790125, 38.7141593892772], [-9.12079645789041, 38.7141595847212], [-9.12077551927666, 38.7141791574177], [-9.12075250104777, 38.7142006708649], [-9.12075241365652, 38.714200753575], [-9.12075132610964, 38.7142000925743], [-9.12074646527663, 38.7141971024778], [-9.12074577651416, 38.7141966795201], [-9.12074539205523, 38.7141970647028], [-9.12072369384413, 38.7142187552585], [-9.1207224996016, 38.7142199489847], [-9.12069065765596, 38.7142517771367], [-9.12069056693971, 38.7142518688828], [-9.1206901416647, 38.7142522958464], [-9.12069001918104, 38.7142524184876], [-9.12068989103613, 38.7142525474823], [-9.12068971638969, 38.71425272281], [-9.12069118801809, 38.7142538066405], [-9.12069489665818, 38.7142565344333], [-9.12069536593082, 38.7142568817775], [-9.1206954263298, 38.7142569263068], [-9.12069552272584, 38.7142569966549], [-9.12069574459261, 38.714257161427], [-9.12069583750268, 38.7142572291022], [-9.12064947737057, 38.7142980481557], [-9.12064918020954, 38.7142978425832], [-9.120649101293, 38.7142977892024], [-9.12064755520047, 38.7142967249168], [-9.12064721510759, 38.7142964908817], [-9.12064650234878, 38.7142959951621], [-9.1206449630672, 38.7142949245135], [-9.12064459411912, 38.7142952672277], [-9.12062365922979, 38.7143147822149], [-9.1205872291345, 38.7143487380241], [-9.12058673967886, 38.7143491799421], [-9.12058658069261, 38.7143493236097], [-9.12058625136042, 38.7143496209497], [-9.1205919101261, 38.7143531132595], [-9.12059225796886, 38.7143533256104], [-9.12059239130094, 38.7143534064562], [-9.1205927750912, 38.7143536410232], [-9.12059287247577, 38.7143536996528], [-9.12055667827607, 38.7143887587293], [-9.12055662835034, 38.7143888068929], [-9.12055048668304, 38.7143947562366], [-9.12055040386496, 38.7143948371064], [-9.1205475368725, 38.7143932822356], [-9.12054326827696, 38.7143909699277], [-9.12052788904629, 38.7144058187247], [-9.12048752224087, 38.7144447945241], [-9.12048721697517, 38.7144450862558], [-9.12048716477493, 38.7144451362401], [-9.12048688676514, 38.7144454034202], [-9.12048702855628, 38.7144455976942], [-9.12049087077464, 38.714450847478], [-9.12049120355735, 38.7144513022689], [-9.12049130433168, 38.7144514401395], [-9.12049147540819, 38.7144516738009], [-9.12049153867645, 38.7144517597424], [-9.12045293440034, 38.714486893188], [-9.12045280039505, 38.7144870141247], [-9.120446996759, 38.7144922967261], [-9.12044671967544, 38.7144925476841], [-9.1204409172421, 38.7144890592829], [-9.12043160156158, 38.714497714374], [-9.12039711470053, 38.7145298575383], [-9.12038327678287, 38.7145427529989], [-9.12038285790634, 38.7145431438758], [-9.12038275005677, 38.7145432438734], [-9.12038244127944, 38.7145435311305], [-9.12038271237154, 38.7145437639474], [-9.1203893234663, 38.7145492867129], [-9.12038975964869, 38.7145496523535], [-9.12039011323019, 38.7145499475292], [-9.12039019583107, 38.714550017994], [-9.1203900084384, 38.7145501862226], [-9.12036645725383, 38.7145714203452], [-9.12034288561024, 38.7145926726515], [-9.12034205789154, 38.7145918437077], [-9.12033857083682, 38.714588341155], [-9.12033808967306, 38.7145888010177], [-9.12032634412557, 38.7146000150444], [-9.12032624312391, 38.714600111381], [-9.12028327033784, 38.7146411439989], [-9.1202828390623, 38.7146415529959], [-9.12028271874022, 38.7146416657098], [-9.12028240778675, 38.7146419619929], [-9.12028265180607, 38.7146421490984], [-9.12028439956076, 38.7146434972364], [-9.12028687010235, 38.7146454013644], [-9.12028730585118, 38.7146457354813], [-9.12028766839422, 38.7146460134666], [-9.12028774160003, 38.7146460695983], [-9.12025624292626, 38.7146768858482], [-9.12024527821752, 38.714687612252], [-9.12024521563073, 38.7146875758481], [-9.12024179560903, 38.7146856031688], [-9.12023797576403, 38.7146834005605], [-9.12023787263125, 38.7146833419791], [-9.12018014217346, 38.7147383722261], [-9.1201796826025, 38.71473881389], [-9.12017953962239, 38.7147389511164], [-9.12017922869286, 38.7147392492006], [-9.12017940400576, 38.7147393729303], [-9.12018088908267, 38.7147403476581], [-9.12018201913356, 38.7147410893763], [-9.12018567380055, 38.7147434870507], [-9.12018606822305, 38.7147437422474], [-9.12018616103416, 38.7147438027176], [-9.1201865009419, 38.7147440232437], [-9.12018655661866, 38.7147440588053], [-9.12018664711818, 38.7147441183941], [-9.12014208698699, 38.7147846941491], [-9.12014155825095, 38.7147842031784], [-9.12014089911107, 38.7147835935036], [-9.12014007460833, 38.7147828311897], [-9.12013958544216, 38.7147823750157], [-9.12013806091913, 38.714780956531], [-9.1200919078798, 38.7148248426059], [-9.12007840935512, 38.7148376784154], [-9.12007821065066, 38.7148378602509], [-9.12007816751049, 38.7148379002498], [-9.12007900088875, 38.7148421503479], [-9.12008498429346, 38.7148721727097], [-9.12008599085418, 38.7148772275528], [-9.12008652190225, 38.7148798930112], [-9.12008654782783, 38.7148800225061], [-9.12008913269765, 38.7148929981831], [-9.1200954570885, 38.7149247399759], [-9.12009594856261, 38.7149272030906], [-9.12009598184422, 38.7149273658526], [-9.12009599335512, 38.7149274504297], [-9.12009600723957, 38.7149275403915], [-9.12009928091593, 38.7149439512709], [-9.1200992919685, 38.7149440025226], [-9.12011193022975, 38.714952213724], [-9.12011362516148, 38.7149533154939], [-9.12015829529372, 38.7149823374558], [-9.12015877671886, 38.7149826486678], [-9.1201591711302, 38.7149829029639], [-9.12015925814401, 38.7149829598798], [-9.12008461179783, 38.7150528337815], [-9.12008431328935, 38.7150531155463], [-9.12008402156707, 38.7150533891468], [-9.12008883051637, 38.7150607971821], [-9.1200904574037, 38.715063304759], [-9.12009075693473, 38.7150637661372], [-9.12009100944066, 38.715064152246], [-9.12009104589626, 38.7150642113904], [-9.11998267549133, 38.7151715797486], [-9.11997562381082, 38.7151680487231], [-9.1199710102771, 38.7151657375048], [-9.11997057729866, 38.7151655213668], [-9.1195725485393, 38.7155454736564], [-9.11914621133728, 38.7158391118479], [-9.1203608206461, 38.7166800673983], [-9.12036171479063, 38.7166807084164], [-9.12040817285676, 38.7167143263131], [-9.12055177905597, 38.7165922068141], [-9.12139970673864, 38.7157851922651], [-9.1215968392571, 38.7155453388764], [-9.12170240806792, 38.7154086702178], [-9.12252124548992, 38.714638068296], [-9.12271336146541, 38.7144652291912], [-9.12293712681792, 38.7143073397672], [-9.12348654514961, 38.7138347032085], [-9.12366216524811, 38.7137247720202]]]}, "properties": {"zona": "24I", "zonaNR": "So Vicente(I)"}}, {"type": "Feature", "geometry": {"type": "Polygon", "coordinates": [[[-9.12040817513126, 38.7167143244923], [-9.12036171479063, 38.7166807084164], [-9.1203608206461, 38.7166800673983], [-9.11914621133728, 38.7158391118479], [-9.11787812802244, 38.7167124746224], [-9.11732702804359, 38.7170920213214], [-9.11732622594077, 38.7170928081578], [-9.11551733336749, 38.7188692679371], [-9.11551646538241, 38.7188701165683], [-9.1155164259576, 38.7188701763517], [-9.11626872957216, 38.7193473060375], [-9.11721706923286, 38.7199488012292], [-9.1173976409156, 38.7200550497332], [-9.1173979191282, 38.7200552140368], [-9.11790989956389, 38.7197610815779], [-9.11801390831887, 38.7196732359945], [-9.11810292844531, 38.7195580506334], [-9.11815069003966, 38.7194180384787], [-9.11830145754509, 38.7188849248817], [-9.1183895269624, 38.7186527915014], [-9.11848496959748, 38.7184817036633], [-9.11871292213897, 38.7182243488808], [-9.11920581951712, 38.7177817881811], [-9.11943681390896, 38.7175282580993], [-9.11957734484684, 38.7173701341585], [-9.12027877560588, 38.7168243631742], [-9.12040817513126, 38.7167143244923]]]}, "properties": {"zona": "24J", "zonaNR": "So Vicente(J)"}}, {"type": "Feature", "geometry": {"type": "Polygon", "coordinates": [[[-9.12642570097713, 38.7142623572132], [-9.12677752205828, 38.7144273594459], [-9.12685365870883, 38.7142705072988], [-9.12723879265092, 38.7138064089549], [-9.12748052824197, 38.7136928741967], [-9.12766993440379, 38.713669012725], [-9.12784878307938, 38.7136709060722], [-9.12798796765968, 38.7137486228438], [-9.12819787723105, 38.7139774466989], [-9.1282370168362, 38.7139594905186], [-9.12791671608095, 38.713483810552], [-9.12789909360344, 38.7134898156296], [-9.12754697831652, 38.7136091931503], [-9.12752992807451, 38.7136150131472], [-9.12751198811018, 38.7136230026044], [-9.12723889204191, 38.7137448598524], [-9.12711919421483, 38.7136029222542], [-9.12703467943012, 38.7135025721572], [-9.12678992704742, 38.7132468465647], [-9.1267520900327, 38.7132294225812], [-9.12665952742346, 38.7131871514631], [-9.12657509178394, 38.7131505762689], [-9.12650442724791, 38.713120459771], [-9.12645348417209, 38.7130947697015], [-9.12642920585851, 38.7130850672851], [-9.12638182376129, 38.7130674540385], [-9.12635295961183, 38.7130586913554], [-9.12631489883127, 38.7130500067915], [-9.12628504714957, 38.7130529627489], [-9.1262393256895, 38.7130722677216], [-9.12618913051126, 38.7131006185749], [-9.12617204881647, 38.7131124739334], [-9.12606195388787, 38.7130494529291], [-9.12599754927639, 38.7131310709811], [-9.12587113608649, 38.7130519741579], [-9.12573210812683, 38.7131414320063], [-9.12547336992714, 38.7133039690256], [-9.12523478771866, 38.7134276004704], [-9.12512879748005, 38.7134951582886], [-9.12502979171131, 38.7135689622832], [-9.12499817032758, 38.7135989539206], [-9.12515512448994, 38.7137623649938], [-9.12507175757556, 38.7138240675284], [-9.12541158499338, 38.7141408938868], [-9.12553322721725, 38.7141584753168], [-9.1256678035858, 38.7141786041447], [-9.12582683678511, 38.7139587448397], [-9.12642570097713, 38.7142623572132]]]}, "properties": {"zona": "24K", "zonaNR": "So Vicente(K)"}}]}