{"type": "FeatureCollection", "features": [{"type": "Feature", "id": 1, "geometry": {"type": "Point", "coordinates": [-89.94773492, 35.1496052]}, "properties": {"ProjectNumber": "ED20260701", "CompanyName": "JTAP Kitchen, LLC", "ProjectType": "Neighborhood Project", "LoanType": "Inner City Economic Development Loan", "Address": "3397 Summer Ave", "City": "Memphis", "State": "TN", "ZIP_Code": 38122, "Latitude": 35.1496052, "Longitude": -89.94773492, "CityCouncilDistrict": 5, "CityCouncilSuperDistrict": 9, "CountyCommissionDistrict": 13, "Term": 3, "ProjectedNewJobs": 7, "ProjectedRetainedJobs": "-", "AveragePayroll": " $-   ", "Approved_Date": null, "LoanAmount": " $25,000.00 ", "LoanUse": "Facade Improvements", "InterestRate": "0%", "TotalProjectedCapitalInvestment": " $43,492.00 ", "PCI_RealProperty": null, "PCI_Acquisition": null, "PCI_Construction": null, "PCI_Renovation": null, "PCI_MachineryEquipment": null, "PCI_FurnitureFixturesOffice": null, "PCI_Equipment": null, "PCI_FeesSoftCosts": null, "PCI_PermanentWorkingCapital": null, "PCI_Miscellaneous": null, "ObjectId": 1}}, {"type": "Feature", "id": 2, "geometry": {"type": "Point", "coordinates": [-89.91168474, 35.15946644]}, "properties": {"ProjectNumber": "ED20260601", "CompanyName": "Brilliant Minds Childcare Development Center dba Dr. Irma Davis", "ProjectType": "Neighborhood Project", "LoanType": "Inner City Economic Development Loan", "Address": "1019 Berclair Rd,", "City": "Memphis", "State": "TN", "ZIP_Code": 38122, "Latitude": 35.15946644, "Longitude": -89.91168474, "CityCouncilDistrict": 5, "CityCouncilSuperDistrict": 9, "CountyCommissionDistrict": 13, "Term": 3, "ProjectedNewJobs": 3, "ProjectedRetainedJobs": "-", "AveragePayroll": " $-   ", "Approved_Date": null, "LoanAmount": " $18,000.00 ", "LoanUse": "Facade Improvements", "InterestRate": "0%", "TotalProjectedCapitalInvestment": " $27,000.00 ", "PCI_RealProperty": null, "PCI_Acquisition": null, "PCI_Construction": null, "PCI_Renovation": null, "PCI_MachineryEquipment": null, "PCI_FurnitureFixturesOffice": null, "PCI_Equipment": null, "PCI_FeesSoftCosts": null, "PCI_PermanentWorkingCapital": null, "PCI_Miscellaneous": null, "ObjectId": 2}}, {"type": "Feature", "id": 3, "geometry": {"type": "Point", "coordinates": [-89.92825701, 35.23510165]}, "properties": {"ProjectNumber": "ED20260602", "CompanyName": "Destination Education Academy of Memphis, Inc", "ProjectType": "Neighborhood Project", "LoanType": "Inner City Economic Development Loan", "Address": "4064 St Elmo Ave", "City": "Memphis", "State": "TN", "ZIP_Code": 38128, "Latitude": 35.23510165, "Longitude": -89.92825701, "CityCouncilDistrict": 7, "CityCouncilSuperDistrict": 9, "CountyCommissionDistrict": 6, "Term": 3, "ProjectedNewJobs": 14, "ProjectedRetainedJobs": "-", "AveragePayroll": " $-   ", "Approved_Date": null, "LoanAmount": " $25,000.00 ", "LoanUse": "Facade Improvements", "InterestRate": "0%", "TotalProjectedCapitalInvestment": " $60,000.00 ", "PCI_RealProperty": null, "PCI_Acquisition": null, "PCI_Construction": null, "PCI_Renovation": null, "PCI_MachineryEquipment": null, "PCI_FurnitureFixturesOffice": null, "PCI_Equipment": null, "PCI_FeesSoftCosts": null, "PCI_PermanentWorkingCapital": null, "PCI_Miscellaneous": null, "ObjectId": 3}}, {"type": "Feature", "id": 4, "geometry": {"type": "Point", "coordinates": [-89.98943968, 35.11950074]}, "properties": {"ProjectNumber": "ED20260401", "CompanyName": "Icon Salon Suites, LLC", "ProjectType": "Neighborhood Project", "LoanType": "Inner City Economic Development Loan", "Address": "2185 Young Ave", "City": "Memphis", "State": "TN", "ZIP_Code": 38104, "Latitude": 35.11950074, "Longitude": -89.98943968, "CityCouncilDistrict": 4, "CityCouncilSuperDistrict": 8, "CountyCommissionDistrict": 10, "Term": 3, "ProjectedNewJobs": 10, "ProjectedRetainedJobs": "-", "AveragePayroll": " $-   ", "Approved_Date": null, "LoanAmount": " $25,000.00 ", "LoanUse": "Facade Improvements", "InterestRate": "0%", "TotalProjectedCapitalInvestment": " $65,000.00 ", "PCI_RealProperty": null, "PCI_Acquisition": null, "PCI_Construction": null, "PCI_Renovation": null, "PCI_MachineryEquipment": null, "PCI_FurnitureFixturesOffice": null, "PCI_Equipment": null, "PCI_FeesSoftCosts": null, "PCI_PermanentWorkingCapital": null, "PCI_Miscellaneous": null, "ObjectId": 4}}, {"type": "Feature", "id": 5, "geometry": {"type": "Point", "coordinates": [-90.0713986, 35.10767284]}, "properties": {"ProjectNumber": "ED20260402", "CompanyName": "Wakil Solutions, LLC", "ProjectType": "Neighborhood Project", "LoanType": "Inner City Economic Development Loan", "Address": "269 S Parkway W", "City": "Memphis", "State": "TN", "ZIP_Code": 38109, "Latitude": 35.10767284, "Longitude": -90.0713986, "CityCouncilDistrict": 6, "CityCouncilSuperDistrict": 8, "CountyCommissionDistrict": 9, "Term": 3, "ProjectedNewJobs": 4, "ProjectedRetainedJobs": "-", "AveragePayroll": " $-   ", "Approved_Date": null, "LoanAmount": " $25,000.00 ", "LoanUse": "Facade Improvements", "InterestRate": "0%", "TotalProjectedCapitalInvestment": " $38,000.00 ", "PCI_RealProperty": null, "PCI_Acquisition": null, "PCI_Construction": null, "PCI_Renovation": null, "PCI_MachineryEquipment": null, "PCI_FurnitureFixturesOffice": null, "PCI_Equipment": null, "PCI_FeesSoftCosts": null, "PCI_PermanentWorkingCapital": null, "PCI_Miscellaneous": null, "ObjectId": 5}}, {"type": "Feature", "id": 6, "geometry": {"type": "Point", "coordinates": [-90.0325343, 35.14826998]}, "properties": {"ProjectNumber": "ED20260403", "CompanyName": "Peace Park Memphis Incÿ", "ProjectType": "Neighborhood Project", "LoanType": "Inner City Economic Development Loan", "Address": "275 N Dunlap St.", "City": "Memphis", "State": "TN", "ZIP_Code": 38105, "Latitude": 35.14826998, "Longitude": -90.0325343, "CityCouncilDistrict": 6, "CityCouncilSuperDistrict": 8, "CountyCommissionDistrict": 8, "Term": 3, "ProjectedNewJobs": 5, "ProjectedRetainedJobs": "-", "AveragePayroll": " $-   ", "Approved_Date": null, "LoanAmount": " $25,000.00 ", "LoanUse": "Facade Improvements", "InterestRate": "0%", "TotalProjectedCapitalInvestment": " $68,000.00 ", "PCI_RealProperty": null, "PCI_Acquisition": null, "PCI_Construction": null, "PCI_Renovation": null, "PCI_MachineryEquipment": null, "PCI_FurnitureFixturesOffice": null, "PCI_Equipment": null, "PCI_FeesSoftCosts": null, "PCI_PermanentWorkingCapital": null, "PCI_Miscellaneous": null, "ObjectId": 6}}, {"type": "Feature", "id": 7, "geometry": {"type": "Point", "coordinates": [-89.94404209, 35.11470121]}, "properties": {"ProjectNumber": "ED20260201", "CompanyName": "Bad Timing, LLC", "ProjectType": "Neighborhood Project", "LoanType": "Inner City Economic Development Loan", "Address": "626 Minor Road", "City": "Memphis", "State": "TN", "ZIP_Code": 38111, "Latitude": 35.11470121, "Longitude": -89.94404209, "CityCouncilDistrict": 5, "CityCouncilSuperDistrict": 9, "CountyCommissionDistrict": 13, "Term": 3, "ProjectedNewJobs": 2, "ProjectedRetainedJobs": "-", "AveragePayroll": " $-   ", "Approved_Date": null, "LoanAmount": " $25,000.00 ", "LoanUse": "Facade Improvements", "InterestRate": "0%", "TotalProjectedCapitalInvestment": " $151,000.00 ", "PCI_RealProperty": null, "PCI_Acquisition": null, "PCI_Construction": null, "PCI_Renovation": null, "PCI_MachineryEquipment": null, "PCI_FurnitureFixturesOffice": null, "PCI_Equipment": null, "PCI_FeesSoftCosts": null, "PCI_PermanentWorkingCapital": null, "PCI_Miscellaneous": null, "ObjectId": 7}}, {"type": "Feature", "id": 8, "geometry": {"type": "Point", "coordinates": [-90.0256397, 35.0369205]}, "properties": {"ProjectNumber": "ED20260101", "CompanyName": "Big Bills Barbecue, LLC", "ProjectType": "Neighborhood Project", "LoanType": "Inner City Economic Development Loan", "Address": "4101 Elvis Presley Blvd", "City": "Memphis", "State": "TN", "ZIP_Code": 38116, "Latitude": 35.0369205, "Longitude": -90.0256397, "CityCouncilDistrict": 6, "CityCouncilSuperDistrict": 8, "CountyCommissionDistrict": 9, "Term": 3, "ProjectedNewJobs": 8, "ProjectedRetainedJobs": "-", "AveragePayroll": " $-   ", "Approved_Date": null, "LoanAmount": " $25,000.00 ", "LoanUse": "Facade Improvements", "InterestRate": "0%", "TotalProjectedCapitalInvestment": " $38,500.00 ", "PCI_RealProperty": null, "PCI_Acquisition": null, "PCI_Construction": null, "PCI_Renovation": null, "PCI_MachineryEquipment": null, "PCI_FurnitureFixturesOffice": null, "PCI_Equipment": null, "PCI_FeesSoftCosts": null, "PCI_PermanentWorkingCapital": null, "PCI_Miscellaneous": null, "ObjectId": 8}}, {"type": "Feature", "id": 9, "geometry": {"type": "Point", "coordinates": [-90.0249902, 35.027061]}, "properties": {"ProjectNumber": "ED20251101", "CompanyName": "Egg King Caf‚, LLC", "ProjectType": "Neighborhood Project", "LoanType": "Inner City Economic Development Loan", "Address": "4458 Elvis Presley Blvd", "City": "Memphis", "State": "TN", "ZIP_Code": 38116, "Latitude": 35.027061, "Longitude": -90.0249902, "CityCouncilDistrict": 3, "CityCouncilSuperDistrict": 8, "CountyCommissionDistrict": 9, "Term": 3, "ProjectedNewJobs": 4, "ProjectedRetainedJobs": "-", "AveragePayroll": " $-   ", "Approved_Date": null, "LoanAmount": " $25,000.00 ", "LoanUse": "Facade Improvements", "InterestRate": "0%", "TotalProjectedCapitalInvestment": " $45,000.00 ", "PCI_RealProperty": null, "PCI_Acquisition": null, "PCI_Construction": null, "PCI_Renovation": null, "PCI_MachineryEquipment": null, "PCI_FurnitureFixturesOffice": null, "PCI_Equipment": null, "PCI_FeesSoftCosts": null, "PCI_PermanentWorkingCapital": null, "PCI_Miscellaneous": null, "ObjectId": 9}}, {"type": "Feature", "id": 10, "geometry": {"type": "Point", "coordinates": [-90.0207511, 35.0754713]}, "properties": {"ProjectNumber": "ED20251102", "CompanyName": "No Bluff Tire and Auto", "ProjectType": "Neighborhood Project", "LoanType": "Inner City Economic Development Loan", "Address": "2555 Elvis Presley Blvd", "City": "Memphis", "State": "TN", "ZIP_Code": 38106, "Latitude": 35.0754713, "Longitude": -90.0207511, "CityCouncilDistrict": 6, "CityCouncilSuperDistrict": 8, "CountyCommissionDistrict": 10, "Term": 3, "ProjectedNewJobs": 2, "ProjectedRetainedJobs": "-", "AveragePayroll": " $-   ", "Approved_Date": null, "LoanAmount": " $25,000.00 ", "LoanUse": "Facade Improvements", "InterestRate": "0%", "TotalProjectedCapitalInvestment": " $40,000.00 ", "PCI_RealProperty": null, "PCI_Acquisition": null, "PCI_Construction": null, "PCI_Renovation": null, "PCI_MachineryEquipment": null, "PCI_FurnitureFixturesOffice": null, "PCI_Equipment": null, "PCI_FeesSoftCosts": null, "PCI_PermanentWorkingCapital": null, "PCI_Miscellaneous": null, "ObjectId": 10}}, {"type": "Feature", "id": 11, "geometry": {"type": "Point", "coordinates": [-89.9978318, 35.0577125]}, "properties": {"ProjectNumber": "ED20251103", "CompanyName": "Oteka Investments, LLC", "ProjectType": "Neighborhood Project", "LoanType": "Inner City Economic Development Loan", "Address": "3349 winbrook drive", "City": "Memphis", "State": "TN", "ZIP_Code": 38116, "Latitude": 35.0577125, "Longitude": -89.9978318, "CityCouncilDistrict": 3, "CityCouncilSuperDistrict": 8, "CountyCommissionDistrict": 10, "Term": 3, "ProjectedNewJobs": 16, "ProjectedRetainedJobs": "-", "AveragePayroll": " $-   ", "Approved_Date": null, "LoanAmount": " $25,000.00 ", "LoanUse": "Facade Improvements", "InterestRate": "0%", "TotalProjectedCapitalInvestment": " $150,000.00 ", "PCI_RealProperty": null, "PCI_Acquisition": null, "PCI_Construction": null, "PCI_Renovation": null, "PCI_MachineryEquipment": null, "PCI_FurnitureFixturesOffice": null, "PCI_Equipment": null, "PCI_FeesSoftCosts": null, "PCI_PermanentWorkingCapital": null, "PCI_Miscellaneous": null, "ObjectId": 11}}, {"type": "Feature", "id": 12, "geometry": {"type": "Point", "coordinates": [-90.063618, 35.0869086]}, "properties": {"ProjectNumber": "ED20250901", "CompanyName": "South Memphis Grocery, LLC", "ProjectType": "Neighborhood Project", "LoanType": "Inner City Economic Development Loan", "Address": "9 W Mallory Ave", "City": "Memphis", "State": "TN", "ZIP_Code": 38109, "Latitude": 35.0869086, "Longitude": -90.063618, "CityCouncilDistrict": 6, "CityCouncilSuperDistrict": 8, "CountyCommissionDistrict": 8, "Term": 3, "ProjectedNewJobs": 1, "ProjectedRetainedJobs": "-", "AveragePayroll": " $-   ", "Approved_Date": null, "LoanAmount": " $25,000.00 ", "LoanUse": "Facade Improvements", "InterestRate": "0%", "TotalProjectedCapitalInvestment": " $40,105.00 ", "PCI_RealProperty": null, "PCI_Acquisition": null, "PCI_Construction": null, "PCI_Renovation": null, "PCI_MachineryEquipment": null, "PCI_FurnitureFixturesOffice": null, "PCI_Equipment": null, "PCI_FeesSoftCosts": null, "PCI_PermanentWorkingCapital": null, "PCI_Miscellaneous": null, "ObjectId": 12}}, {"type": "Feature", "id": 13, "geometry": {"type": "Point", "coordinates": [-89.9479219, 35.1536873]}, "properties": {"ProjectNumber": "ED20250601", "CompanyName": "Cxffeeblack", "ProjectType": "Neighborhood Project", "LoanType": "Inner City Economic Development Loan", "Address": "3386 Bowen Ave", "City": "Memphis", "State": "TN", "ZIP_Code": 38122, "Latitude": 35.1536873, "Longitude": -89.9479219, "CityCouncilDistrict": 5, "CityCouncilSuperDistrict": 9, "CountyCommissionDistrict": 7, "Term": 3, "ProjectedNewJobs": 2, "ProjectedRetainedJobs": "-", "AveragePayroll": " $-   ", "Approved_Date": null, "LoanAmount": " $25,000.00 ", "LoanUse": "Facade Improvements", "InterestRate": "0%", "TotalProjectedCapitalInvestment": " $74,000.00 ", "PCI_RealProperty": null, "PCI_Acquisition": null, "PCI_Construction": null, "PCI_Renovation": null, "PCI_MachineryEquipment": null, "PCI_FurnitureFixturesOffice": null, "PCI_Equipment": null, "PCI_FeesSoftCosts": null, "PCI_PermanentWorkingCapital": null, "PCI_Miscellaneous": null, "ObjectId": 13}}, {"type": "Feature", "id": 14, "geometry": {"type": "Point", "coordinates": [-90.0446317, 35.0353714]}, "properties": {"ProjectNumber": "ED20250602", "CompanyName": "Dee?s Smokehouse", "ProjectType": "Neighborhood Project", "LoanType": "Inner City Economic Development Loan", "Address": "582 E. Raines Rd", "City": "Memphis", "State": "TN", "ZIP_Code": 38109, "Latitude": 35.0353714, "Longitude": -90.0446317, "CityCouncilDistrict": 6, "CityCouncilSuperDistrict": 8, "CountyCommissionDistrict": 9, "Term": 3, "ProjectedNewJobs": 3, "ProjectedRetainedJobs": "-", "AveragePayroll": " $-   ", "Approved_Date": null, "LoanAmount": " $9,000.00 ", "LoanUse": "Facade Improvements", "InterestRate": "0%", "TotalProjectedCapitalInvestment": " $13,500.00 ", "PCI_RealProperty": null, "PCI_Acquisition": null, "PCI_Construction": null, "PCI_Renovation": null, "PCI_MachineryEquipment": null, "PCI_FurnitureFixturesOffice": null, "PCI_Equipment": null, "PCI_FeesSoftCosts": null, "PCI_PermanentWorkingCapital": null, "PCI_Miscellaneous": null, "ObjectId": 14}}, {"type": "Feature", "id": 15, "geometry": {"type": "Point", "coordinates": [-90.0223476, 35.0346718]}, "properties": {"ProjectNumber": "ED20250603", "CompanyName": "Eggxactly Breakfast & Deli", "ProjectType": "Neighborhood Project", "LoanType": "Inner City Economic Development Loan", "Address": "1248 Marlin Rd", "City": "Memphis", "State": "TN", "ZIP_Code": 38116, "Latitude": 35.0346718, "Longitude": -90.0223476, "CityCouncilDistrict": 3, "CityCouncilSuperDistrict": 8, "CountyCommissionDistrict": 9, "Term": 3, "ProjectedNewJobs": 2, "ProjectedRetainedJobs": "-", "AveragePayroll": " $-   ", "Approved_Date": null, "LoanAmount": " $22,000.00 ", "LoanUse": "Facade Improvements", "InterestRate": "0%", "TotalProjectedCapitalInvestment": " $33,000.00 ", "PCI_RealProperty": null, "PCI_Acquisition": null, "PCI_Construction": null, "PCI_Renovation": null, "PCI_MachineryEquipment": null, "PCI_FurnitureFixturesOffice": null, "PCI_Equipment": null, "PCI_FeesSoftCosts": null, "PCI_PermanentWorkingCapital": null, "PCI_Miscellaneous": null, "ObjectId": 15}}, {"type": "Feature", "id": 16, "geometry": {"type": "Point", "coordinates": [-89.9396872, 35.0630099]}, "properties": {"ProjectNumber": "ED20250501", "CompanyName": "Magical Memories Enrichment Center Inc.", "ProjectType": "Neighborhood Project", "LoanType": "Inner City Economic Development Loan", "Address": "3727 Lamar Ave", "City": "Memphis", "State": "TN", "ZIP_Code": 38118, "Latitude": 35.0630099, "Longitude": -89.9396872, "CityCouncilDistrict": 3, "CityCouncilSuperDistrict": 8, "CountyCommissionDistrict": 10, "Term": 3, "ProjectedNewJobs": 2, "ProjectedRetainedJobs": "-", "AveragePayroll": " $-   ", "Approved_Date": null, "LoanAmount": " $15,933.00 ", "LoanUse": "Facade Improvements", "InterestRate": "0%", "TotalProjectedCapitalInvestment": " $23,900.00 ", "PCI_RealProperty": null, "PCI_Acquisition": null, "PCI_Construction": null, "PCI_Renovation": null, "PCI_MachineryEquipment": null, "PCI_FurnitureFixturesOffice": null, "PCI_Equipment": null, "PCI_FeesSoftCosts": null, "PCI_PermanentWorkingCapital": null, "PCI_Miscellaneous": null, "ObjectId": 16}}, {"type": "Feature", "id": 17, "geometry": {"type": "Point", "coordinates": [-90.013995, 35.1489492]}, "properties": {"ProjectNumber": "ED20250401", "CompanyName": "Gentleman?s Retreat LLC", "ProjectType": "Neighborhood Project", "LoanType": "Inner City Economic Development Loan", "Address": "376 N. Cleveland St. Suite 107", "City": "Memphis", "State": "TN", "ZIP_Code": 38104, "Latitude": 35.1489492, "Longitude": -90.013995, "CityCouncilDistrict": 6, "CityCouncilSuperDistrict": 8, "CountyCommissionDistrict": 8, "Term": 3, "ProjectedNewJobs": 5, "ProjectedRetainedJobs": "-", "AveragePayroll": " $-   ", "Approved_Date": null, "LoanAmount": " $25,000.00 ", "LoanUse": "Facade Improvements", "InterestRate": "0%", "TotalProjectedCapitalInvestment": " $57,750.00 ", "PCI_RealProperty": null, "PCI_Acquisition": null, "PCI_Construction": null, "PCI_Renovation": null, "PCI_MachineryEquipment": null, "PCI_FurnitureFixturesOffice": null, "PCI_Equipment": null, "PCI_FeesSoftCosts": null, "PCI_PermanentWorkingCapital": null, "PCI_Miscellaneous": null, "ObjectId": 17}}, {"type": "Feature", "id": 18, "geometry": {"type": "Point", "coordinates": [-90.0615838, 35.1155757]}, "properties": {"ProjectNumber": "ED20250402", "CompanyName": "Millennium Media Label, LLC", "ProjectType": "Neighborhood Project", "LoanType": "Inner City Economic Development Loan", "Address": "1192 Florida St", "City": "Memphis", "State": "TN", "ZIP_Code": 38106, "Latitude": 35.1155757, "Longitude": -90.0615838, "CityCouncilDistrict": 6, "CityCouncilSuperDistrict": 8, "CountyCommissionDistrict": 8, "Term": 3, "ProjectedNewJobs": 10, "ProjectedRetainedJobs": "-", "AveragePayroll": " $-   ", "Approved_Date": null, "LoanAmount": " $25,000.00 ", "LoanUse": "Facade Improvements", "InterestRate": "0%", "TotalProjectedCapitalInvestment": " $393,600.00 ", "PCI_RealProperty": null, "PCI_Acquisition": null, "PCI_Construction": null, "PCI_Renovation": null, "PCI_MachineryEquipment": null, "PCI_FurnitureFixturesOffice": null, "PCI_Equipment": null, "PCI_FeesSoftCosts": null, "PCI_PermanentWorkingCapital": null, "PCI_Miscellaneous": null, "ObjectId": 18}}, {"type": "Feature", "id": 19, "geometry": {"type": "Point", "coordinates": [-90.0399533, 35.1416445]}, "properties": {"ProjectNumber": "ED20250301", "CompanyName": "Caf‚ Noir, LLC", "ProjectType": "Neighborhood Project", "LoanType": "Inner City Economic Development Loan", "Address": "635 Madison Ave", "City": "Memphis", "State": "TN", "ZIP_Code": 38103, "Latitude": 35.1416445, "Longitude": -90.0399533, "CityCouncilDistrict": 6, "CityCouncilSuperDistrict": 8, "CountyCommissionDistrict": 8, "Term": 3, "ProjectedNewJobs": 5, "ProjectedRetainedJobs": "-", "AveragePayroll": " $-   ", "Approved_Date": null, "LoanAmount": " $25,000.00 ", "LoanUse": "Facade Improvements", "InterestRate": "0%", "TotalProjectedCapitalInvestment": " $128,150.00 ", "PCI_RealProperty": null, "PCI_Acquisition": null, "PCI_Construction": null, "PCI_Renovation": null, "PCI_MachineryEquipment": null, "PCI_FurnitureFixturesOffice": null, "PCI_Equipment": null, "PCI_FeesSoftCosts": null, "PCI_PermanentWorkingCapital": null, "PCI_Miscellaneous": null, "ObjectId": 19}}, {"type": "Feature", "id": 20, "geometry": {"type": "Point", "coordinates": [-89.8416428, 35.0677878]}, "properties": {"ProjectNumber": "ED20250302", "CompanyName": "Dream Academy Learning Center", "ProjectType": "Neighborhood Project", "LoanType": "Inner City Economic Development Loan", "Address": "6635 Quince Road", "City": "Memphis", "State": "TN", "ZIP_Code": 38119, "Latitude": 35.0677878, "Longitude": -89.8416428, "CityCouncilDistrict": 2, "CityCouncilSuperDistrict": 9, "CountyCommissionDistrict": 12, "Term": 3, "ProjectedNewJobs": 2, "ProjectedRetainedJobs": null, "AveragePayroll": " $-   ", "Approved_Date": null, "LoanAmount": " $18,000.00 ", "LoanUse": "Facade Improvements", "InterestRate": "0%", "TotalProjectedCapitalInvestment": " $27,000.00 ", "PCI_RealProperty": null, "PCI_Acquisition": null, "PCI_Construction": null, "PCI_Renovation": null, "PCI_MachineryEquipment": null, "PCI_FurnitureFixturesOffice": null, "PCI_Equipment": null, "PCI_FeesSoftCosts": null, "PCI_PermanentWorkingCapital": null, "PCI_Miscellaneous": null, "ObjectId": 20}}, {"type": "Feature", "id": 21, "geometry": {"type": "Point", "coordinates": [-90.0388733, 35.1201685]}, "properties": {"ProjectNumber": "ED20250303", "CompanyName": "The Four Way, LLC", "ProjectType": "Neighborhood Project", "LoanType": "Inner City Economic Development Loan", "Address": "998 Mississippi Blvd", "City": "Memphis", "State": "TN", "ZIP_Code": 38126, "Latitude": 35.1201685, "Longitude": -90.0388733, "CityCouncilDistrict": 6, "CityCouncilSuperDistrict": 8, "CountyCommissionDistrict": 8, "Term": 3, "ProjectedNewJobs": 2, "ProjectedRetainedJobs": "-", "AveragePayroll": " $-   ", "Approved_Date": null, "LoanAmount": " $15,216.00 ", "LoanUse": "Facade Improvements", "InterestRate": "0%", "TotalProjectedCapitalInvestment": " $22,825.00 ", "PCI_RealProperty": null, "PCI_Acquisition": null, "PCI_Construction": null, "PCI_Renovation": null, "PCI_MachineryEquipment": null, "PCI_FurnitureFixturesOffice": null, "PCI_Equipment": null, "PCI_FeesSoftCosts": null, "PCI_PermanentWorkingCapital": null, "PCI_Miscellaneous": null, "ObjectId": 21}}, {"type": "Feature", "id": 22, "geometry": {"type": "Point", "coordinates": [-89.9869095, 35.1090088]}, "properties": {"ProjectNumber": "ED20241201", "CompanyName": " Envy Chic Couture Boutique LLC", "ProjectType": "Neighborhood Project", "LoanType": "Inner City Economic Development Loan", "Address": "2276 Park Ave", "City": "Memphis", "State": "TN", "ZIP_Code": 38114, "Latitude": 35.1090088, "Longitude": -89.9869095, "CityCouncilDistrict": 4, "CityCouncilSuperDistrict": 8, "CountyCommissionDistrict": 10, "Term": 3, "ProjectedNewJobs": 3, "ProjectedRetainedJobs": "-", "AveragePayroll": " $-   ", "Approved_Date": null, "LoanAmount": " $25,000.00 ", "LoanUse": "Facade Improvements", "InterestRate": "0%", "TotalProjectedCapitalInvestment": " $68,500.00 ", "PCI_RealProperty": null, "PCI_Acquisition": null, "PCI_Construction": null, "PCI_Renovation": null, "PCI_MachineryEquipment": null, "PCI_FurnitureFixturesOffice": null, "PCI_Equipment": null, "PCI_FeesSoftCosts": null, "PCI_PermanentWorkingCapital": null, "PCI_Miscellaneous": null, "ObjectId": 22}}, {"type": "Feature", "id": 23, "geometry": {"type": "Point", "coordinates": [-90.0392985, 35.1401984]}, "properties": {"ProjectNumber": "ED20241202", "CompanyName": "Hard Times Delicatessen LLC", "ProjectType": "Neighborhood Project", "LoanType": "Inner City Economic Development Loan", "Address": "655 Marshall Ave", "City": "Memphis", "State": "TN", "ZIP_Code": 38103, "Latitude": 35.1401984, "Longitude": -90.0392985, "CityCouncilDistrict": 6, "CityCouncilSuperDistrict": 8, "CountyCommissionDistrict": 8, "Term": 3, "ProjectedNewJobs": 10, "ProjectedRetainedJobs": "-", "AveragePayroll": " $-   ", "Approved_Date": null, "LoanAmount": " $25,000.00 ", "LoanUse": "Facade Improvements", "InterestRate": "0%", "TotalProjectedCapitalInvestment": " $378,000.00 ", "PCI_RealProperty": null, "PCI_Acquisition": null, "PCI_Construction": null, "PCI_Renovation": null, "PCI_MachineryEquipment": null, "PCI_FurnitureFixturesOffice": null, "PCI_Equipment": null, "PCI_FeesSoftCosts": null, "PCI_PermanentWorkingCapital": null, "PCI_Miscellaneous": null, "ObjectId": 23}}, {"type": "Feature", "id": 24, "geometry": {"type": "Point", "coordinates": [-90.0453412, 35.160995]}, "properties": {"ProjectNumber": "ED20241101", "CompanyName": "Ashleigh Hayes dba Evolve Pilates Studio", "ProjectType": "Neighborhood Project", "LoanType": "Inner City Economic Development Loan", "Address": "605 N.2nd St., Suite 102", "City": "Memphis", "State": "TN", "ZIP_Code": 38105, "Latitude": 35.160995, "Longitude": -90.0453412, "CityCouncilDistrict": 7, "CityCouncilSuperDistrict": 8, "CountyCommissionDistrict": 8, "Term": 3, "ProjectedNewJobs": 5, "ProjectedRetainedJobs": "-", "AveragePayroll": " $-   ", "Approved_Date": null, "LoanAmount": " $25,000.00 ", "LoanUse": "Facade Improvements", "InterestRate": "0%", "TotalProjectedCapitalInvestment": " $81,778.00 ", "PCI_RealProperty": null, "PCI_Acquisition": null, "PCI_Construction": null, "PCI_Renovation": null, "PCI_MachineryEquipment": null, "PCI_FurnitureFixturesOffice": null, "PCI_Equipment": null, "PCI_FeesSoftCosts": null, "PCI_PermanentWorkingCapital": null, "PCI_Miscellaneous": null, "ObjectId": 24}}, {"type": "Feature", "id": 25, "geometry": {"type": "Point", "coordinates": [-89.9721237, 35.0968843]}, "properties": {"ProjectNumber": "ED20241102", "CompanyName": "The Fish Net Restaurant", "ProjectType": "Neighborhood Project", "LoanType": "Inner City Economic Development Loan", "Address": "2731 Lamar Ave", "City": "Memphis", "State": "TN", "ZIP_Code": 38114, "Latitude": 35.0968843, "Longitude": -89.9721237, "CityCouncilDistrict": 4, "CityCouncilSuperDistrict": 8, "CountyCommissionDistrict": 10, "Term": 3, "ProjectedNewJobs": 3, "ProjectedRetainedJobs": "-", "AveragePayroll": " $-   ", "Approved_Date": null, "LoanAmount": " $25,000.00 ", "LoanUse": "Facade Improvements", "InterestRate": "0%", "TotalProjectedCapitalInvestment": " $70,800.00 ", "PCI_RealProperty": null, "PCI_Acquisition": null, "PCI_Construction": null, "PCI_Renovation": null, "PCI_MachineryEquipment": null, "PCI_FurnitureFixturesOffice": null, "PCI_Equipment": null, "PCI_FeesSoftCosts": null, "PCI_PermanentWorkingCapital": null, "PCI_Miscellaneous": null, "ObjectId": 25}}, {"type": "Feature", "id": 26, "geometry": {"type": "Point", "coordinates": [-90.0399148, 35.1423161]}, "properties": {"ProjectNumber": "ED20241103", "CompanyName": "Riko?s Kickin Chicken ", "ProjectType": "Neighborhood Project", "LoanType": "Inner City Economic Development Loan", "Address": "630 Madison Ave", "City": "Memphis", "State": "TN", "ZIP_Code": 38103, "Latitude": 35.1423161, "Longitude": -90.0399148, "CityCouncilDistrict": 6, "CityCouncilSuperDistrict": 8, "CountyCommissionDistrict": 8, "Term": 3, "ProjectedNewJobs": 9, "ProjectedRetainedJobs": "-", "AveragePayroll": " $-   ", "Approved_Date": null, "LoanAmount": " $25,000.00 ", "LoanUse": "Facade Improvements", "InterestRate": "0%", "TotalProjectedCapitalInvestment": " $32,500.00 ", "PCI_RealProperty": null, "PCI_Acquisition": null, "PCI_Construction": null, "PCI_Renovation": null, "PCI_MachineryEquipment": null, "PCI_FurnitureFixturesOffice": null, "PCI_Equipment": null, "PCI_FeesSoftCosts": null, "PCI_PermanentWorkingCapital": null, "PCI_Miscellaneous": null, "ObjectId": 26}}, {"type": "Feature", "id": 27, "geometry": {"type": "Point", "coordinates": [-90.0470591, 35.1469165]}, "properties": {"ProjectNumber": "ED20240901", "CompanyName": "Esquire Investments, LLC.", "ProjectType": "Neighborhood Project", "LoanType": "Inner City Economic Development Loan", "Address": "243 Adams Ave", "City": "Memphis", "State": "TN", "ZIP_Code": 38103, "Latitude": 35.1469165, "Longitude": -90.0470591, "CityCouncilDistrict": 7, "CityCouncilSuperDistrict": 8, "CountyCommissionDistrict": 8, "Term": 3, "ProjectedNewJobs": 4, "ProjectedRetainedJobs": "-", "AveragePayroll": " $-   ", "Approved_Date": null, "LoanAmount": " $25,000.00 ", "LoanUse": "Facade Improvements", "InterestRate": "0%", "TotalProjectedCapitalInvestment": " $177,500.00 ", "PCI_RealProperty": null, "PCI_Acquisition": null, "PCI_Construction": null, "PCI_Renovation": null, "PCI_MachineryEquipment": null, "PCI_FurnitureFixturesOffice": null, "PCI_Equipment": null, "PCI_FeesSoftCosts": null, "PCI_PermanentWorkingCapital": null, "PCI_Miscellaneous": null, "ObjectId": 27}}, {"type": "Feature", "id": 28, "geometry": {"type": "Point", "coordinates": [-90.0225122, 35.0210482]}, "properties": {"ProjectNumber": "ED20240801", "CompanyName": "Lettuce Feed You, Inc. \nIncorporated dba Salad Expressions", "ProjectType": "Neighborhood Project", "LoanType": "Inner City Economic Development Loan", "Address": "1253 East Shelby Drive", "City": "Memphis", "State": "TN", "ZIP_Code": 38116, "Latitude": 35.0210482, "Longitude": -90.0225122, "CityCouncilDistrict": 3, "CityCouncilSuperDistrict": 8, "CountyCommissionDistrict": 9, "Term": 3, "ProjectedNewJobs": 3, "ProjectedRetainedJobs": "-", "AveragePayroll": " $-   ", "Approved_Date": null, "LoanAmount": " $25,000.00 ", "LoanUse": "Facade Improvements", "InterestRate": "0%", "TotalProjectedCapitalInvestment": " $53,750.00 ", "PCI_RealProperty": null, "PCI_Acquisition": null, "PCI_Construction": null, "PCI_Renovation": null, "PCI_MachineryEquipment": null, "PCI_FurnitureFixturesOffice": null, "PCI_Equipment": null, "PCI_FeesSoftCosts": null, "PCI_PermanentWorkingCapital": null, "PCI_Miscellaneous": null, "ObjectId": 28}}, {"type": "Feature", "id": 29, "geometry": {"type": "Point", "coordinates": [-89.9627292, 35.1480659]}, "properties": {"ProjectNumber": "ED20240802", "CompanyName": "Broad Avenue Community & Economic Development \n(BRACED) Event Center", "ProjectType": "Neighborhood Project", "LoanType": "Inner City Economic Development Loan", "Address": "2954 Broad Avenue", "City": "Memphis", "State": "TN", "ZIP_Code": 38112, "Latitude": 35.1480659, "Longitude": -89.9627292, "CityCouncilDistrict": 5, "CityCouncilSuperDistrict": 9, "CountyCommissionDistrict": 7, "Term": 3, "ProjectedNewJobs": 3, "ProjectedRetainedJobs": "-", "AveragePayroll": " $-   ", "Approved_Date": null, "LoanAmount": " $25,000.00 ", "LoanUse": "Facade Improvements", "InterestRate": "0%", "TotalProjectedCapitalInvestment": " $61,000.00 ", "PCI_RealProperty": null, "PCI_Acquisition": null, "PCI_Construction": null, "PCI_Renovation": null, "PCI_MachineryEquipment": null, "PCI_FurnitureFixturesOffice": null, "PCI_Equipment": null, "PCI_FeesSoftCosts": null, "PCI_PermanentWorkingCapital": null, "PCI_Miscellaneous": null, "ObjectId": 29}}, {"type": "Feature", "id": 30, "geometry": {"type": "Point", "coordinates": [-89.986872, 35.1089873]}, "properties": {"ProjectNumber": "ED20240701", "CompanyName": "The Wing Factory", "ProjectType": "Neighborhood Project", "LoanType": "Inner City Economic Development Loan", "Address": "2280 Park Ave", "City": "Memphis", "State": "TN", "ZIP_Code": 38114, "Latitude": 35.1089873, "Longitude": -89.986872, "CityCouncilDistrict": 4, "CityCouncilSuperDistrict": 8, "CountyCommissionDistrict": 10, "Term": 3, "ProjectedNewJobs": 3, "ProjectedRetainedJobs": "-", "AveragePayroll": " $-   ", "Approved_Date": null, "LoanAmount": " $25,000.00 ", "LoanUse": "Facade Improvements", "InterestRate": "0%", "TotalProjectedCapitalInvestment": " $67,500.00 ", "PCI_RealProperty": null, "PCI_Acquisition": null, "PCI_Construction": null, "PCI_Renovation": null, "PCI_MachineryEquipment": null, "PCI_FurnitureFixturesOffice": null, "PCI_Equipment": null, "PCI_FeesSoftCosts": null, "PCI_PermanentWorkingCapital": null, "PCI_Miscellaneous": null, "ObjectId": 30}}, {"type": "Feature", "id": 31, "geometry": {"type": "Point", "coordinates": [-90.0217604, 35.1081314]}, "properties": {"ProjectNumber": "ED20240702", "CompanyName": "Electrolyfe Juice Bar", "ProjectType": "Neighborhood Project", "LoanType": "Inner City Economic Development Loan", "Address": "1417 Elvis Presley Blvd", "City": "Memphis", "State": "TN", "ZIP_Code": 38106, "Latitude": 35.1081314, "Longitude": -90.0217604, "CityCouncilDistrict": 4, "CityCouncilSuperDistrict": 8, "CountyCommissionDistrict": 10, "Term": 3, "ProjectedNewJobs": 3, "ProjectedRetainedJobs": "-", "AveragePayroll": " $-   ", "Approved_Date": null, "LoanAmount": " $25,000.00 ", "LoanUse": "Facade Improvements", "InterestRate": "0%", "TotalProjectedCapitalInvestment": " $38,000.00 ", "PCI_RealProperty": null, "PCI_Acquisition": null, "PCI_Construction": null, "PCI_Renovation": null, "PCI_MachineryEquipment": null, "PCI_FurnitureFixturesOffice": null, "PCI_Equipment": null, "PCI_FeesSoftCosts": null, "PCI_PermanentWorkingCapital": null, "PCI_Miscellaneous": null, "ObjectId": 31}}, {"type": "Feature", "id": 32, "geometry": {"type": "Point", "coordinates": [-89.8866658, 35.0444277]}, "properties": {"ProjectNumber": "ED20240601", "CompanyName": "Able Academy, LLC", "ProjectType": "Neighborhood Project", "LoanType": "Inner City Economic Development Loan", "Address": "3837 S. Mendenhall Rd.", "City": "Memphis", "State": "TN", "ZIP_Code": 38115, "Latitude": 35.0444277, "Longitude": -89.8866658, "CityCouncilDistrict": 3, "CityCouncilSuperDistrict": 8, "CountyCommissionDistrict": 11, "Term": 3, "ProjectedNewJobs": 2, "ProjectedRetainedJobs": "-", "AveragePayroll": " $-   ", "Approved_Date": null, "LoanAmount": " $22,382.00 ", "LoanUse": "Facade Improvements", "InterestRate": "0%", "TotalProjectedCapitalInvestment": " $33,573.00 ", "PCI_RealProperty": null, "PCI_Acquisition": null, "PCI_Construction": null, "PCI_Renovation": null, "PCI_MachineryEquipment": null, "PCI_FurnitureFixturesOffice": null, "PCI_Equipment": null, "PCI_FeesSoftCosts": null, "PCI_PermanentWorkingCapital": null, "PCI_Miscellaneous": null, "ObjectId": 32}}, {"type": "Feature", "id": 33, "geometry": {"type": "Point", "coordinates": [-89.919412, 35.2052945]}, "properties": {"ProjectNumber": "ED20240602", "CompanyName": "John Brewer dba Skyway Computers", "ProjectType": "Neighborhood Project", "LoanType": "Inner City Economic Development Loan", "Address": "4325 Stage Rd.", "City": "Memphis", "State": "TN", "ZIP_Code": 38128, "Latitude": 35.2052945, "Longitude": -89.919412, "CityCouncilDistrict": 1, "CityCouncilSuperDistrict": 9, "CountyCommissionDistrict": 6, "Term": 3, "ProjectedNewJobs": 1, "ProjectedRetainedJobs": "-", "AveragePayroll": " $-   ", "Approved_Date": null, "LoanAmount": " $25,000.00 ", "LoanUse": "Facade Improvements", "InterestRate": "0%", "TotalProjectedCapitalInvestment": " $67,500.00 ", "PCI_RealProperty": null, "PCI_Acquisition": null, "PCI_Construction": null, "PCI_Renovation": null, "PCI_MachineryEquipment": null, "PCI_FurnitureFixturesOffice": null, "PCI_Equipment": null, "PCI_FeesSoftCosts": null, "PCI_PermanentWorkingCapital": null, "PCI_Miscellaneous": null, "ObjectId": 33}}, {"type": "Feature", "id": 34, "geometry": {"type": "Point", "coordinates": [-90.0233984, 35.0595643]}, "properties": {"ProjectNumber": "ED20240501", "CompanyName": " The Grilled Asparagus", "ProjectType": "Neighborhood Project", "LoanType": "Inner City Economic Development Loan", "Address": "3270 Elvis Presley Blvd", "City": "Memphis", "State": "TN", "ZIP_Code": 38116, "Latitude": 35.0595643, "Longitude": -90.0233984, "CityCouncilDistrict": 3, "CityCouncilSuperDistrict": 8, "CountyCommissionDistrict": 10, "Term": 3, "ProjectedNewJobs": 15, "ProjectedRetainedJobs": "-", "AveragePayroll": " $-   ", "Approved_Date": null, "LoanAmount": " $25,000.00 ", "LoanUse": "Facade Improvements", "InterestRate": "0%", "TotalProjectedCapitalInvestment": " $148,000.00 ", "PCI_RealProperty": null, "PCI_Acquisition": null, "PCI_Construction": null, "PCI_Renovation": null, "PCI_MachineryEquipment": null, "PCI_FurnitureFixturesOffice": null, "PCI_Equipment": null, "PCI_FeesSoftCosts": null, "PCI_PermanentWorkingCapital": null, "PCI_Miscellaneous": null, "ObjectId": 34}}, {"type": "Feature", "id": 35, "geometry": {"type": "Point", "coordinates": [-89.9791415, 35.1131312]}, "properties": {"ProjectNumber": "ED20240401", "CompanyName": "M.I.H. Hauling, LLCÿ", "ProjectType": "Neighborhood Project", "LoanType": "Inner City Economic Development Loan", "Address": "2490 Carnes Avenue", "City": "Memphis", "State": "TN", "ZIP_Code": 38114, "Latitude": 35.1131312, "Longitude": -89.9791415, "CityCouncilDistrict": 4, "CityCouncilSuperDistrict": 8, "CountyCommissionDistrict": 10, "Term": 3, "ProjectedNewJobs": 2, "ProjectedRetainedJobs": "-", "AveragePayroll": " $-   ", "Approved_Date": null, "LoanAmount": " $16,333.00 ", "LoanUse": "Facade Improvements", "InterestRate": "0%", "TotalProjectedCapitalInvestment": " $24,500.00 ", "PCI_RealProperty": null, "PCI_Acquisition": null, "PCI_Construction": null, "PCI_Renovation": null, "PCI_MachineryEquipment": null, "PCI_FurnitureFixturesOffice": null, "PCI_Equipment": null, "PCI_FeesSoftCosts": null, "PCI_PermanentWorkingCapital": null, "PCI_Miscellaneous": null, "ObjectId": 35}}, {"type": "Feature", "id": 36, "geometry": {"type": "Point", "coordinates": [-90.0267132, 35.1575018]}, "properties": {"ProjectNumber": "ED20240402", "CompanyName": "Memphis Toast, LLC", "ProjectType": "Neighborhood Project", "LoanType": "Inner City Economic Development Loan", "Address": "954 Jackson Avenue", "City": "Memphis", "State": "TN", "ZIP_Code": 38107, "Latitude": 35.1575018, "Longitude": -90.0267132, "CityCouncilDistrict": 7, "CityCouncilSuperDistrict": 8, "CountyCommissionDistrict": 8, "Term": 3, "ProjectedNewJobs": 4, "ProjectedRetainedJobs": "-", "AveragePayroll": " $-   ", "Approved_Date": null, "LoanAmount": " $24,200.00 ", "LoanUse": "Facade Improvements", "InterestRate": "0%", "TotalProjectedCapitalInvestment": " $36,300.00 ", "PCI_RealProperty": null, "PCI_Acquisition": null, "PCI_Construction": null, "PCI_Renovation": null, "PCI_MachineryEquipment": null, "PCI_FurnitureFixturesOffice": null, "PCI_Equipment": null, "PCI_FeesSoftCosts": null, "PCI_PermanentWorkingCapital": null, "PCI_Miscellaneous": null, "ObjectId": 36}}, {"type": "Feature", "id": 37, "geometry": {"type": "Point", "coordinates": [-89.8738282, 35.0740588]}, "properties": {"ProjectNumber": "ED20240301", "CompanyName": "Major Pieces Boutique", "ProjectType": "Neighborhood Project", "LoanType": "Inner City Economic Development Loan", "Address": "5693 Mount Moriah Road", "City": "Memphis", "State": "TN", "ZIP_Code": 38118, "Latitude": 35.0740588, "Longitude": -89.8738282, "CityCouncilDistrict": 4, "CityCouncilSuperDistrict": 8, "CountyCommissionDistrict": 11, "Term": 3, "ProjectedNewJobs": 3, "ProjectedRetainedJobs": "-", "AveragePayroll": " $-   ", "Approved_Date": null, "LoanAmount": " $25,000.00 ", "LoanUse": "Facade Improvements", "InterestRate": "0%", "TotalProjectedCapitalInvestment": " $37,500.00 ", "PCI_RealProperty": null, "PCI_Acquisition": null, "PCI_Construction": null, "PCI_Renovation": null, "PCI_MachineryEquipment": null, "PCI_FurnitureFixturesOffice": null, "PCI_Equipment": null, "PCI_FeesSoftCosts": null, "PCI_PermanentWorkingCapital": null, "PCI_Miscellaneous": null, "ObjectId": 37}}, {"type": "Feature", "id": 38, "geometry": {"type": "Point", "coordinates": [-90.0064662, 35.0534752]}, "properties": {"ProjectNumber": "ED20240302", "CompanyName": "Uncle Lou?s Fried Chicken", "ProjectType": "Neighborhood Project", "LoanType": "Inner City Economic Development Loan", "Address": "1725 Winchester Road", "City": "Memphis", "State": "TN", "ZIP_Code": 38116, "Latitude": 35.0534752, "Longitude": -90.0064662, "CityCouncilDistrict": 3, "CityCouncilSuperDistrict": 8, "CountyCommissionDistrict": 10, "Term": 3, "ProjectedNewJobs": 4, "ProjectedRetainedJobs": "-", "AveragePayroll": " $-   ", "Approved_Date": null, "LoanAmount": " $25,000.00 ", "LoanUse": "Facade Improvements", "InterestRate": "0%", "TotalProjectedCapitalInvestment": " $400,000.00 ", "PCI_RealProperty": null, "PCI_Acquisition": null, "PCI_Construction": null, "PCI_Renovation": null, "PCI_MachineryEquipment": null, "PCI_FurnitureFixturesOffice": null, "PCI_Equipment": null, "PCI_FeesSoftCosts": null, "PCI_PermanentWorkingCapital": null, "PCI_Miscellaneous": null, "ObjectId": 38}}, {"type": "Feature", "id": 39, "geometry": {"type": "Point", "coordinates": [-90.0264709, 35.0352303]}, "properties": {"ProjectNumber": "ED20240303", "CompanyName": "Glamour Grooming & Boarding (GG&B)", "ProjectType": "Neighborhood Project", "LoanType": "Inner City Economic Development Loan", "Address": "1127 E. Raines Road", "City": "Memphis", "State": "TN", "ZIP_Code": 38116, "Latitude": 35.0352303, "Longitude": -90.0264709, "CityCouncilDistrict": 6, "CityCouncilSuperDistrict": 8, "CountyCommissionDistrict": 9, "Term": 3, "ProjectedNewJobs": 4, "ProjectedRetainedJobs": "-", "AveragePayroll": " $-   ", "Approved_Date": null, "LoanAmount": " $16,000.00 ", "LoanUse": "Facade Improvements", "InterestRate": "0%", "TotalProjectedCapitalInvestment": " $24,000.00 ", "PCI_RealProperty": null, "PCI_Acquisition": null, "PCI_Construction": null, "PCI_Renovation": null, "PCI_MachineryEquipment": null, "PCI_FurnitureFixturesOffice": null, "PCI_Equipment": null, "PCI_FeesSoftCosts": null, "PCI_PermanentWorkingCapital": null, "PCI_Miscellaneous": null, "ObjectId": 39}}, {"type": "Feature", "id": 40, "geometry": {"type": "Point", "coordinates": [-89.86536384, 35.06159916]}, "properties": {"ProjectNumber": "ED20231201", "CompanyName": "The Grille at Hickory Hill", "ProjectType": "Neighborhood Project", "LoanType": "Inner City Economic Development Loan", "Address": "3200 Hickory Hill Road", "City": "Memphis", "State": "TN", "ZIP_Code": 38115, "Latitude": 35.06159916, "Longitude": -89.86536384, "CityCouncilDistrict": 3, "CityCouncilSuperDistrict": 8, "CountyCommissionDistrict": 12, "Term": 3, "ProjectedNewJobs": 4, "ProjectedRetainedJobs": "0", "AveragePayroll": " $-   ", "Approved_Date": null, "LoanAmount": " $25,000.00 ", "LoanUse": "Inner City Economic Development Loan", "InterestRate": "0%", "TotalProjectedCapitalInvestment": " $37,500.00 ", "PCI_RealProperty": 0, "PCI_Acquisition": 0, "PCI_Construction": 0, "PCI_Renovation": 37500, "PCI_MachineryEquipment": 0, "PCI_FurnitureFixturesOffice": 0, "PCI_Equipment": 0, "PCI_FeesSoftCosts": 0, "PCI_PermanentWorkingCapital": 0, "PCI_Miscellaneous": 0, "ObjectId": 40}}, {"type": "Feature", "id": 41, "geometry": {"type": "Point", "coordinates": [-89.940175, 35.06341784]}, "properties": {"ProjectNumber": "ED20231202", "CompanyName": "Hillboyz, LLC", "ProjectType": "Neighborhood Project", "LoanType": "Inner City Economic Development Loan", "Address": "3711 Lamar Avenue", "City": "Memphis", "State": "TN", "ZIP_Code": 38118, "Latitude": 35.06341784, "Longitude": -89.940175, "CityCouncilDistrict": 3, "CityCouncilSuperDistrict": 8, "CountyCommissionDistrict": 10, "Term": 3, "ProjectedNewJobs": 5, "ProjectedRetainedJobs": "0", "AveragePayroll": " $-   ", "Approved_Date": null, "LoanAmount": " $25,000.00 ", "LoanUse": "Facade Improvements", "InterestRate": "0%", "TotalProjectedCapitalInvestment": " $66,900.00 ", "PCI_RealProperty": 0, "PCI_Acquisition": 0, "PCI_Construction": 0, "PCI_Renovation": 21900, "PCI_MachineryEquipment": 0, "PCI_FurnitureFixturesOffice": 40000, "PCI_Equipment": 0, "PCI_FeesSoftCosts": 0, "PCI_PermanentWorkingCapital": 0, "PCI_Miscellaneous": 5000, "ObjectId": 41}}, {"type": "Feature", "id": 42, "geometry": {"type": "Point", "coordinates": [-90.00641913, 35.14234686]}, "properties": {"ProjectNumber": "ED20231203", "CompanyName": "JamRack Entertainment LLC", "ProjectType": "Neighborhood Project", "LoanType": "Inner City Economic Development Loan", "Address": "150 N Avalon Street", "City": "Memphis", "State": "TN", "ZIP_Code": 38104, "Latitude": 35.14234686, "Longitude": -90.00641913, "CityCouncilDistrict": 6, "CityCouncilSuperDistrict": 8, "CountyCommissionDistrict": 8, "Term": 3, "ProjectedNewJobs": 5, "ProjectedRetainedJobs": "0", "AveragePayroll": " $-   ", "Approved_Date": null, "LoanAmount": " $25,000.00 ", "LoanUse": "Facade Improvements", "InterestRate": "0%", "TotalProjectedCapitalInvestment": " $45,700.00 ", "PCI_RealProperty": 0, "PCI_Acquisition": 0, "PCI_Construction": 0, "PCI_Renovation": 5700, "PCI_MachineryEquipment": 0, "PCI_FurnitureFixturesOffice": 40000, "PCI_Equipment": 0, "PCI_FeesSoftCosts": 0, "PCI_PermanentWorkingCapital": 0, "PCI_Miscellaneous": 0, "ObjectId": 42}}, {"type": "Feature", "id": 43, "geometry": {"type": "Point", "coordinates": [-90.01676816, 35.13899252]}, "properties": {"ProjectNumber": "ED20231105", "CompanyName": "Upscale Kutz, LLC", "ProjectType": "Office/HQ", "LoanType": "Inner City Economic Development Loan", "Address": "1333 Madison Ave", "City": "Memphis", "State": "TN", "ZIP_Code": 38104, "Latitude": 35.13899252, "Longitude": -90.01676816, "CityCouncilDistrict": 6, "CityCouncilSuperDistrict": 8, "CountyCommissionDistrict": 8, "Term": 3, "ProjectedNewJobs": 1, "ProjectedRetainedJobs": "0", "AveragePayroll": " $-   ", "Approved_Date": null, "LoanAmount": " $24,334.00 ", "LoanUse": "Completing Qualified Improvements", "InterestRate": "0%", "TotalProjectedCapitalInvestment": " $36,500.00 ", "PCI_RealProperty": 0, "PCI_Acquisition": 0, "PCI_Construction": 0, "PCI_Renovation": 36500, "PCI_MachineryEquipment": 0, "PCI_FurnitureFixturesOffice": 0, "PCI_Equipment": 0, "PCI_FeesSoftCosts": 0, "PCI_PermanentWorkingCapital": 0, "PCI_Miscellaneous": 0, "ObjectId": 43}}, {"type": "Feature", "id": 44, "geometry": {"type": "Point", "coordinates": [-90.04542703, 35.16084588]}, "properties": {"ProjectNumber": "ED20231104", "CompanyName": "Groovy Gratitude, LLC", "ProjectType": "Office/HQ", "LoanType": "Inner City Economic Development Loan", "Address": "605 N.2nd St. Suite 101", "City": "Memphis", "State": "TN", "ZIP_Code": 38105, "Latitude": 35.16084588, "Longitude": -90.04542703, "CityCouncilDistrict": 7, "CityCouncilSuperDistrict": 8, "CountyCommissionDistrict": 8, "Term": 3, "ProjectedNewJobs": 3, "ProjectedRetainedJobs": "0", "AveragePayroll": " $-   ", "Approved_Date": null, "LoanAmount": " $25,000.00 ", "LoanUse": "Completing Qualified Improvements", "InterestRate": "0%", "TotalProjectedCapitalInvestment": " $93,500.00 ", "PCI_RealProperty": 0, "PCI_Acquisition": 0, "PCI_Construction": 0, "PCI_Renovation": 55000, "PCI_MachineryEquipment": 0, "PCI_FurnitureFixturesOffice": 38500, "PCI_Equipment": 0, "PCI_FeesSoftCosts": 0, "PCI_PermanentWorkingCapital": 0, "PCI_Miscellaneous": 0, "ObjectId": 44}}, {"type": "Feature", "id": 45, "geometry": {"type": "Point", "coordinates": [-90.016891, 35.138729]}, "properties": {"ProjectNumber": "ED20231004", "CompanyName": "Riko?s Kickin Chicken ", "ProjectType": "Office/HQ", "LoanType": "Inner City Economic Development Loan", "Address": "1329 Madison Ave", "City": "Memphis", "State": "TN", "ZIP_Code": 38104, "Latitude": 35.138729, "Longitude": -90.016891, "CityCouncilDistrict": 6, "CityCouncilSuperDistrict": 8, "CountyCommissionDistrict": 8, "Term": 3, "ProjectedNewJobs": 4, "ProjectedRetainedJobs": "0", "AveragePayroll": " $-   ", "Approved_Date": null, "LoanAmount": " $14,900.00 ", "LoanUse": "Interior Renovation", "InterestRate": "0%", "TotalProjectedCapitalInvestment": " $22,350.00 ", "PCI_RealProperty": 3000, "PCI_Acquisition": 0, "PCI_Construction": 0, "PCI_Renovation": 15900, "PCI_MachineryEquipment": 0, "PCI_FurnitureFixturesOffice": 0, "PCI_Equipment": 0, "PCI_FeesSoftCosts": 0, "PCI_PermanentWorkingCapital": 0, "PCI_Miscellaneous": 3450, "ObjectId": 45}}, {"type": "Feature", "id": 46, "geometry": {"type": "Point", "coordinates": [-89.861013, 35.048607]}, "properties": {"ProjectNumber": "ED20231005", "CompanyName": "Professional Allied Health, LLC", "ProjectType": "Office/HQ", "LoanType": "Inner City Economic Development Loan", "Address": "3768 S Hickory Ridge Mall", "City": "Memphis", "State": "TN", "ZIP_Code": 38115, "Latitude": 35.048607, "Longitude": -89.861013, "CityCouncilDistrict": 3, "CityCouncilSuperDistrict": 8, "CountyCommissionDistrict": 11, "Term": 3, "ProjectedNewJobs": 1, "ProjectedRetainedJobs": "3", "AveragePayroll": " $-   ", "Approved_Date": null, "LoanAmount": " $21,806.00 ", "LoanUse": "Interior Renovation", "InterestRate": "0%", "TotalProjectedCapitalInvestment": " $32,710.00 ", "PCI_RealProperty": 0, "PCI_Acquisition": 0, "PCI_Construction": 0, "PCI_Renovation": 0, "PCI_MachineryEquipment": 0, "PCI_FurnitureFixturesOffice": 32710, "PCI_Equipment": 0, "PCI_FeesSoftCosts": 0, "PCI_PermanentWorkingCapital": 0, "PCI_Miscellaneous": 0, "ObjectId": 46}}, {"type": "Feature", "id": 47, "geometry": {"type": "Point", "coordinates": [-89.88571645, 35.08212689]}, "properties": {"ProjectNumber": "ED20230905", "CompanyName": "Little Learners Literacy Academy", "ProjectType": "Office/HQ", "LoanType": "Inner City Economic Development Loan", "Address": "2510 Mt. Moriah, Bldg. E.", "City": "Memphis", "State": "TN", "ZIP_Code": 38115, "Latitude": 35.08212689, "Longitude": -89.88571645, "CityCouncilDistrict": 4, "CityCouncilSuperDistrict": 8, "CountyCommissionDistrict": 11, "Term": 3, "ProjectedNewJobs": 5, "ProjectedRetainedJobs": "0", "AveragePayroll": " $-   ", "Approved_Date": null, "LoanAmount": " $25,000.00 ", "LoanUse": "Interior Renovation", "InterestRate": "0%", "TotalProjectedCapitalInvestment": " $168,000.00 ", "PCI_RealProperty": 0, "PCI_Acquisition": 0, "PCI_Construction": 0, "PCI_Renovation": 168000, "PCI_MachineryEquipment": 0, "PCI_FurnitureFixturesOffice": 0, "PCI_Equipment": 0, "PCI_FeesSoftCosts": 0, "PCI_PermanentWorkingCapital": 0, "PCI_Miscellaneous": 0, "ObjectId": 47}}, {"type": "Feature", "id": 48, "geometry": {"type": "Point", "coordinates": [-90.0449012, 35.16212644]}, "properties": {"ProjectNumber": "ED20230804", "CompanyName": "Spotlight Productions", "ProjectType": "Neighborhood Project", "LoanType": "Inner City Economic Development Loan", "Address": "649 North Second", "City": "Memphis", "State": "TN", "ZIP_Code": 38107, "Latitude": 35.16212644, "Longitude": -90.0449012, "CityCouncilDistrict": 7, "CityCouncilSuperDistrict": 8, "CountyCommissionDistrict": 8, "Term": 3, "ProjectedNewJobs": 2, "ProjectedRetainedJobs": "0", "AveragePayroll": " $-   ", "Approved_Date": null, "LoanAmount": " $25,000.00 ", "LoanUse": "Neighborhood Project", "InterestRate": "0%", "TotalProjectedCapitalInvestment": " $272,000.00 ", "PCI_RealProperty": 0, "PCI_Acquisition": 0, "PCI_Construction": 0, "PCI_Renovation": 0, "PCI_MachineryEquipment": 0, "PCI_FurnitureFixturesOffice": 0, "PCI_Equipment": 0, "PCI_FeesSoftCosts": 0, "PCI_PermanentWorkingCapital": 0, "PCI_Miscellaneous": 0, "ObjectId": 48}}, {"type": "Feature", "id": 49, "geometry": {"type": "Point", "coordinates": [-90.05140993, 35.14807251]}, "properties": {"ProjectNumber": "ED20230805", "CompanyName": "100 N. Main, LLC Development Loan", "ProjectType": "Other", "LoanType": "Other", "Address": "100 North Main", "City": "Memphis", "State": "TN", "ZIP_Code": 38103, "Latitude": 35.14807251, "Longitude": -90.05140993, "CityCouncilDistrict": 7, "CityCouncilSuperDistrict": 8, "CountyCommissionDistrict": 8, "Term": 20, "ProjectedNewJobs": 0, "ProjectedRetainedJobs": "0", "AveragePayroll": " $-   ", "Approved_Date": null, "LoanAmount": " $5,000,000.00 ", "LoanUse": "Demolition", "InterestRate": "400%", "TotalProjectedCapitalInvestment": " $269,000,000.00 ", "PCI_RealProperty": 0, "PCI_Acquisition": 0, "PCI_Construction": 0, "PCI_Renovation": 0, "PCI_MachineryEquipment": 0, "PCI_FurnitureFixturesOffice": 0, "PCI_Equipment": 0, "PCI_FeesSoftCosts": 0, "PCI_PermanentWorkingCapital": 0, "PCI_Miscellaneous": 0, "ObjectId": 49}}, {"type": "Feature", "id": 50, "geometry": {"type": "Point", "coordinates": [-89.92192781, 35.20667438]}, "properties": {"ProjectNumber": "ED20230805", "CompanyName": "Beeexcellent Academy LLC", "ProjectType": "Neighborhood Project", "LoanType": "Inner City Economic Development Loan", "Address": "2975 Old Austin Peay Hwy", "City": "Memphis", "State": "TN", "ZIP_Code": 38128, "Latitude": 35.20667438, "Longitude": -89.92192781, "CityCouncilDistrict": 1, "CityCouncilSuperDistrict": 9, "CountyCommissionDistrict": 6, "Term": 3, "ProjectedNewJobs": 2, "ProjectedRetainedJobs": "0", "AveragePayroll": " $-   ", "Approved_Date": null, "LoanAmount": " $15,000.00 ", "LoanUse": "Completing Qualified Improvements", "InterestRate": "0%", "TotalProjectedCapitalInvestment": " $22,402.00 ", "PCI_RealProperty": 3050, "PCI_Acquisition": 0, "PCI_Construction": 0, "PCI_Renovation": 5630, "PCI_MachineryEquipment": 0, "PCI_FurnitureFixturesOffice": 2500, "PCI_Equipment": 0, "PCI_FeesSoftCosts": 1500, "PCI_PermanentWorkingCapital": 0, "PCI_Miscellaneous": 9722, "ObjectId": 50}}, {"type": "Feature", "id": 51, "geometry": {"type": "Point", "coordinates": [-90.00620719, 35.14218791]}, "properties": {"ProjectNumber": "ED20230806", "CompanyName": "Pink Noire Beauty Supply & Cosmetics", "ProjectType": "Neighborhood Project", "LoanType": "Inner City Economic Development Loan", "Address": "152 North Avalon", "City": "Memphis", "State": "TN", "ZIP_Code": 38104, "Latitude": 35.14218791, "Longitude": -90.00620719, "CityCouncilDistrict": 6, "CityCouncilSuperDistrict": 8, "CountyCommissionDistrict": 8, "Term": 3, "ProjectedNewJobs": 2, "ProjectedRetainedJobs": "0", "AveragePayroll": " $-   ", "Approved_Date": null, "LoanAmount": " $17,000.00 ", "LoanUse": "Neighborhood Project", "InterestRate": "0%", "TotalProjectedCapitalInvestment": " $25,000.00 ", "PCI_RealProperty": 0, "PCI_Acquisition": 0, "PCI_Construction": 0, "PCI_Renovation": 0, "PCI_MachineryEquipment": 0, "PCI_FurnitureFixturesOffice": 0, "PCI_Equipment": 0, "PCI_FeesSoftCosts": 0, "PCI_PermanentWorkingCapital": 0, "PCI_Miscellaneous": 0, "ObjectId": 51}}, {"type": "Feature", "id": 52, "geometry": {"type": "Point", "coordinates": [-90.03147187, 35.06226147]}, "properties": {"ProjectNumber": "ED20230404", "CompanyName": "A Taste of Glenny ", "ProjectType": "Neighborhood Project", "LoanType": "Inner City Economic Development Loan", "Address": "972 East Brooks Road", "City": "Memphis", "State": "TN", "ZIP_Code": 38116, "Latitude": 35.06226147, "Longitude": -90.03147187, "CityCouncilDistrict": 3, "CityCouncilSuperDistrict": 8, "CountyCommissionDistrict": 10, "Term": 3, "ProjectedNewJobs": 6, "ProjectedRetainedJobs": "0", "AveragePayroll": " $-   ", "Approved_Date": null, "LoanAmount": " $25,000.00 ", "LoanUse": "Neighborhood Project", "InterestRate": "0%", "TotalProjectedCapitalInvestment": " $62,500.00 ", "PCI_RealProperty": 27290, "PCI_Acquisition": 0, "PCI_Construction": 0, "PCI_Renovation": 23972, "PCI_MachineryEquipment": 0, "PCI_FurnitureFixturesOffice": 0, "PCI_Equipment": 0, "PCI_FeesSoftCosts": 11240, "PCI_PermanentWorkingCapital": 0, "PCI_Miscellaneous": 0, "ObjectId": 52}}, {"type": "Feature", "id": 53, "geometry": {"type": "Point", "coordinates": [-89.95354806, 35.14927351]}, "properties": {"ProjectNumber": "ED20230405", "CompanyName": "Summer Ave. Art & Clay, LLC", "ProjectType": "Neighborhood Project", "LoanType": "Inner City Economic Development Loan", "Address": "3321 Summer Ave", "City": "Memphis", "State": "TN", "ZIP_Code": 38112, "Latitude": 35.14927351, "Longitude": -89.95354806, "CityCouncilDistrict": 5, "CityCouncilSuperDistrict": 9, "CountyCommissionDistrict": 13, "Term": 3, "ProjectedNewJobs": 2, "ProjectedRetainedJobs": "3", "AveragePayroll": " $-   ", "Approved_Date": null, "LoanAmount": " $25,000.00 ", "LoanUse": "Neighborhood Project", "InterestRate": "0%", "TotalProjectedCapitalInvestment": " $47,350.00 ", "PCI_RealProperty": 47350, "PCI_Acquisition": 0, "PCI_Construction": 0, "PCI_Renovation": 0, "PCI_MachineryEquipment": 0, "PCI_FurnitureFixturesOffice": 0, "PCI_Equipment": 0, "PCI_FeesSoftCosts": 0, "PCI_PermanentWorkingCapital": 0, "PCI_Miscellaneous": 0, "ObjectId": 53}}, {"type": "Feature", "id": 54, "geometry": {"type": "Point", "coordinates": [-89.8615302, 35.0609213]}, "properties": {"ProjectNumber": "ED20230406", "CompanyName": "The Locing Barber LLC", "ProjectType": "Neighborhood Project", "LoanType": "Inner City Economic Development Loan", "Address": "6050 Knight Arnold", "City": "Memphis", "State": "TN", "ZIP_Code": 38115, "Latitude": 35.0609213, "Longitude": -89.8615302, "CityCouncilDistrict": 3, "CityCouncilSuperDistrict": 8, "CountyCommissionDistrict": 12, "Term": 3, "ProjectedNewJobs": 3, "ProjectedRetainedJobs": "0", "AveragePayroll": " $-   ", "Approved_Date": null, "LoanAmount": " $15,714.00 ", "LoanUse": "Neighborhood Project", "InterestRate": "0%", "TotalProjectedCapitalInvestment": " $23,572.00 ", "PCI_RealProperty": 0, "PCI_Acquisition": 0, "PCI_Construction": 0, "PCI_Renovation": 10882, "PCI_MachineryEquipment": 0, "PCI_FurnitureFixturesOffice": 12690, "PCI_Equipment": 0, "PCI_FeesSoftCosts": 0, "PCI_PermanentWorkingCapital": 0, "PCI_Miscellaneous": 0, "ObjectId": 54}}, {"type": "Feature", "id": 55, "geometry": {"type": "Point", "coordinates": [-90.0324493, 35.0621877]}, "properties": {"ProjectNumber": "ED20221203", "CompanyName": "The Black Pearl Academy", "ProjectType": "Neighborhood Project", "LoanType": "Inner City Economic Development Loan", "Address": "938 East Brooks Road", "City": "Memphis", "State": "TN", "ZIP_Code": 38116, "Latitude": 35.0621877, "Longitude": -90.0324493, "CityCouncilDistrict": 3, "CityCouncilSuperDistrict": 8, "CountyCommissionDistrict": 10, "Term": 3, "ProjectedNewJobs": 0, "ProjectedRetainedJobs": "3", "AveragePayroll": " $-   ", "Approved_Date": null, "LoanAmount": " $25,000.00 ", "LoanUse": "Renovations", "InterestRate": "0%", "TotalProjectedCapitalInvestment": " $175,303.00 ", "PCI_RealProperty": 68553, "PCI_Acquisition": 0, "PCI_Construction": 0, "PCI_Renovation": 122000, "PCI_MachineryEquipment": 0, "PCI_FurnitureFixturesOffice": 0, "PCI_Equipment": 0, "PCI_FeesSoftCosts": 8000, "PCI_PermanentWorkingCapital": 0, "PCI_Miscellaneous": 1750, "ObjectId": 55}}, {"type": "Feature", "id": 56, "geometry": {"type": "Point", "coordinates": [-90.0194737, 35.0632852]}, "properties": {"ProjectNumber": "ED20221201", "CompanyName": "Gradus Inc. LLC dba Mickeys Popcorn", "ProjectType": "Neighborhood Project", "LoanType": "Inner City Economic Development Loan", "Address": "3127 Stonebrook Circle", "City": "Memphis", "State": "TN", "ZIP_Code": 38116, "Latitude": 35.0632852, "Longitude": -90.0194737, "CityCouncilDistrict": 3, "CityCouncilSuperDistrict": 8, "CountyCommissionDistrict": 10, "Term": 3, "ProjectedNewJobs": 1, "ProjectedRetainedJobs": "8", "AveragePayroll": " $-   ", "Approved_Date": null, "LoanAmount": " $15,000.00 ", "LoanUse": "Renovations", "InterestRate": "0%", "TotalProjectedCapitalInvestment": " $26,500.00 ", "PCI_RealProperty": 0, "PCI_Acquisition": 0, "PCI_Construction": 0, "PCI_Renovation": 18000, "PCI_MachineryEquipment": 0, "PCI_FurnitureFixturesOffice": 1500, "PCI_Equipment": 0, "PCI_FeesSoftCosts": 0, "PCI_PermanentWorkingCapital": 0, "PCI_Miscellaneous": 7000, "ObjectId": 56}}, {"type": "Feature", "id": 57, "geometry": {"type": "Point", "coordinates": [-90.0566023, 35.0856674]}, "properties": {"ProjectNumber": "ED20221202", "CompanyName": "Lot-A-Burger #3 LLC", "ProjectType": "Neighborhood Project", "LoanType": "Inner City Economic Development Loan", "Address": "2260 South Third St", "City": "Memphis", "State": "TN", "ZIP_Code": 38109, "Latitude": 35.0856674, "Longitude": -90.0566023, "CityCouncilDistrict": 6, "CityCouncilSuperDistrict": 8, "CountyCommissionDistrict": 8, "Term": 3, "ProjectedNewJobs": 0, "ProjectedRetainedJobs": "2", "AveragePayroll": " $-   ", "Approved_Date": null, "LoanAmount": " $20,000.00 ", "LoanUse": "Renovations", "InterestRate": "0%", "TotalProjectedCapitalInvestment": " $70,100.00 ", "PCI_RealProperty": 54290, "PCI_Acquisition": 0, "PCI_Construction": 0, "PCI_Renovation": 4900, "PCI_MachineryEquipment": 0, "PCI_FurnitureFixturesOffice": 6060, "PCI_Equipment": 0, "PCI_FeesSoftCosts": 0, "PCI_PermanentWorkingCapital": 0, "PCI_Miscellaneous": 4850, "ObjectId": 57}}, {"type": "Feature", "id": 58, "geometry": {"type": "Point", "coordinates": [-89.94711671, 35.14916755]}, "properties": {"ProjectNumber": "ED20220901", "CompanyName": "The Heights General Partnership - 3393 Summer", "ProjectType": "Neighborhood Project", "LoanType": "Inner City Economic Development Loan", "Address": "3393 Summer Ave", "City": "Memphis", "State": "TN", "ZIP_Code": 38122, "Latitude": 35.14916755, "Longitude": -89.94711671, "CityCouncilDistrict": 5, "CityCouncilSuperDistrict": 9, "CountyCommissionDistrict": 13, "Term": 3, "ProjectedNewJobs": 40, "ProjectedRetainedJobs": "10", "AveragePayroll": " $-   ", "Approved_Date": null, "LoanAmount": " $75,000.00 ", "LoanUse": "Complete roofing, other exterior repairs, and interior renovations", "InterestRate": "0%", "TotalProjectedCapitalInvestment": " $402,367.00 ", "PCI_RealProperty": 169740, "PCI_Acquisition": 0, "PCI_Construction": 0, "PCI_Renovation": 180000, "PCI_MachineryEquipment": 0, "PCI_FurnitureFixturesOffice": 0, "PCI_Equipment": 54295, "PCI_FeesSoftCosts": 22732, "PCI_PermanentWorkingCapital": 0, "PCI_Miscellaneous": 50600, "ObjectId": 58}}, {"type": "Feature", "id": 59, "geometry": {"type": "Point", "coordinates": [-90.02464214, 35.0245135]}, "properties": {"ProjectNumber": "ED20220801", "CompanyName": "Pollard?s Bar-B-Que", "ProjectType": "Neighborhood Project", "LoanType": "Inner City Economic Development Loan", "Address": "4560 Elvis Presley Blvd", "City": "Memphis", "State": "TN", "ZIP_Code": 38116, "Latitude": 35.0245135, "Longitude": -90.02464214, "CityCouncilDistrict": 3, "CityCouncilSuperDistrict": 8, "CountyCommissionDistrict": 9, "Term": 3, "ProjectedNewJobs": 0, "ProjectedRetainedJobs": "5", "AveragePayroll": " $-   ", "Approved_Date": null, "LoanAmount": " $25,000.00 ", "LoanUse": "Facade Improvements", "InterestRate": "0%", "TotalProjectedCapitalInvestment": " $37,500.00 ", "PCI_RealProperty": 29268, "PCI_Acquisition": 0, "PCI_Construction": 0, "PCI_Renovation": 0, "PCI_MachineryEquipment": 0, "PCI_FurnitureFixturesOffice": 0, "PCI_Equipment": 0, "PCI_FeesSoftCosts": 2000, "PCI_PermanentWorkingCapital": 0, "PCI_Miscellaneous": 6231, "ObjectId": 59}}, {"type": "Feature", "id": 60, "geometry": {"type": "Point", "coordinates": [-90.0044627, 35.1189915]}, "properties": {"ProjectNumber": "ED20220201", "CompanyName": "Subroy Movement Foundation, Inc. dba Tasche Social Gallery", "ProjectType": "Neighborhood Project", "LoanType": "Inner City Economic Development Loan", "Address": "1730 Lamar Ave", "City": "Memphis", "State": "TN", "ZIP_Code": 38114, "Latitude": 35.1189915, "Longitude": -90.0044627, "CityCouncilDistrict": 4, "CityCouncilSuperDistrict": 9, "CountyCommissionDistrict": 13, "Term": 3, "ProjectedNewJobs": 15, "ProjectedRetainedJobs": "0", "AveragePayroll": " $-   ", "Approved_Date": null, "LoanAmount": " $15,000.00 ", "LoanUse": "Renovate and prepare the space for a selfie gallery", "InterestRate": "0%", "TotalProjectedCapitalInvestment": " $22,500.00 ", "PCI_RealProperty": 10050, "PCI_Acquisition": 0, "PCI_Construction": 0, "PCI_Renovation": 4875, "PCI_MachineryEquipment": 0, "PCI_FurnitureFixturesOffice": 0, "PCI_Equipment": 0, "PCI_FeesSoftCosts": 0, "PCI_PermanentWorkingCapital": 0, "PCI_Miscellaneous": 7575, "ObjectId": 60}}, {"type": "Feature", "id": 61, "geometry": {"type": "Point", "coordinates": [-90.0312111, 35.1567161]}, "properties": {"ProjectNumber": "ED20220202", "CompanyName": "E.U. Enterprises LLC", "ProjectType": "Neighborhood Project", "LoanType": "Inner City Economic Development Loan", "Address": "825 Jackson Ave", "City": "Memphis", "State": "TN", "ZIP_Code": 38107, "Latitude": 35.1567161, "Longitude": -90.0312111, "CityCouncilDistrict": 7, "CityCouncilSuperDistrict": 8, "CountyCommissionDistrict": 8, "Term": 3, "ProjectedNewJobs": 6, "ProjectedRetainedJobs": "0", "AveragePayroll": " $-   ", "Approved_Date": null, "LoanAmount": " $25,000.00 ", "LoanUse": "Restore and make space ready for an artistic business incubator", "InterestRate": "0%", "TotalProjectedCapitalInvestment": " $350,000.00 ", "PCI_RealProperty": 105000, "PCI_Acquisition": 0, "PCI_Construction": 0, "PCI_Renovation": 245000, "PCI_MachineryEquipment": 0, "PCI_FurnitureFixturesOffice": 0, "PCI_Equipment": 0, "PCI_FeesSoftCosts": 0, "PCI_PermanentWorkingCapital": 0, "PCI_Miscellaneous": 0, "ObjectId": 61}}, {"type": "Feature", "id": 62, "geometry": {"type": "Point", "coordinates": [-89.984096, 35.1677589]}, "properties": {"ProjectNumber": "ED20211020", "CompanyName": "Springdale Salon", "ProjectType": "Neighborhood Project", "LoanType": "Inner City Economic Development Loan", "Address": "1149 Springdale Street", "City": "Memphis", "State": "TN", "ZIP_Code": 38108, "Latitude": 35.1677589, "Longitude": -89.984096, "CityCouncilDistrict": 7, "CityCouncilSuperDistrict": 8, "CountyCommissionDistrict": 7, "Term": 3, "ProjectedNewJobs": 10, "ProjectedRetainedJobs": "0", "AveragePayroll": " $-   ", "Approved_Date": null, "LoanAmount": " $20,000.00 ", "LoanUse": "Renovate, open a beauty salon, and make a space ready for rent to a fresh produce market", "InterestRate": "0%", "TotalProjectedCapitalInvestment": " $73,000.00 ", "PCI_RealProperty": 73000, "PCI_Acquisition": 0, "PCI_Construction": 0, "PCI_Renovation": 0, "PCI_MachineryEquipment": 0, "PCI_FurnitureFixturesOffice": 0, "PCI_Equipment": 0, "PCI_FeesSoftCosts": 0, "PCI_PermanentWorkingCapital": 0, "PCI_Miscellaneous": 0, "ObjectId": 62}}, {"type": "Feature", "id": 63, "geometry": {"type": "Point", "coordinates": [-89.9479641, 35.1534865]}, "properties": {"ProjectNumber": "ED20211020", "CompanyName": "Heights CDC (3386 Bowen Ave)", "ProjectType": "Neighborhood Project", "LoanType": "Inner City Economic Development Loan", "Address": "3386 Bowen Ave", "City": "Memphis", "State": "TN", "ZIP_Code": 38122, "Latitude": 35.1534865, "Longitude": -89.9479641, "CityCouncilDistrict": 5, "CityCouncilSuperDistrict": 9, "CountyCommissionDistrict": 7, "Term": 3, "ProjectedNewJobs": 12, "ProjectedRetainedJobs": "3", "AveragePayroll": " $-   ", "Approved_Date": null, "LoanAmount": " $25,000.00 ", "LoanUse": "Renovate 3386 Bowen, creating a business development center", "InterestRate": "0%", "TotalProjectedCapitalInvestment": " $47,300.00 ", "PCI_RealProperty": 36500, "PCI_Acquisition": 0, "PCI_Construction": 0, "PCI_Renovation": 0, "PCI_MachineryEquipment": 0, "PCI_FurnitureFixturesOffice": 0, "PCI_Equipment": 0, "PCI_FeesSoftCosts": 0, "PCI_PermanentWorkingCapital": 0, "PCI_Miscellaneous": 10800, "ObjectId": 63}}, {"type": "Feature", "id": 64, "geometry": {"type": "Point", "coordinates": [-89.9737551, 35.1374742]}, "properties": {"ProjectNumber": "ED20211020", "CompanyName": "Venture South Productions", "ProjectType": "Neighborhood Project", "LoanType": "Inner City Economic Development Loan", "Address": "2622 Poplar Avenue", "City": "Memphis", "State": "TN", "ZIP_Code": 38112, "Latitude": 35.1374742, "Longitude": -89.9737551, "CityCouncilDistrict": 5, "CityCouncilSuperDistrict": 9, "CountyCommissionDistrict": 7, "Term": 3, "ProjectedNewJobs": 1, "ProjectedRetainedJobs": "4", "AveragePayroll": " $-   ", "Approved_Date": null, "LoanAmount": " $20,000.00 ", "LoanUse": "Complete roof and other exterior repairs, interior upgrades, and HVAC installation", "InterestRate": "0%", "TotalProjectedCapitalInvestment": " $41,100.00 ", "PCI_RealProperty": 19750, "PCI_Acquisition": 0, "PCI_Construction": 0, "PCI_Renovation": 10200, "PCI_MachineryEquipment": 0, "PCI_FurnitureFixturesOffice": 0, "PCI_Equipment": 0, "PCI_FeesSoftCosts": 0, "PCI_PermanentWorkingCapital": 0, "PCI_Miscellaneous": 11150, "ObjectId": 64}}, {"type": "Feature", "id": 65, "geometry": {"type": "Point", "coordinates": [-90.025654, 35.023846]}, "properties": {"ProjectNumber": "ED20210802", "CompanyName": "Restaurant Kora", "ProjectType": "Neighborhood Project", "LoanType": "Inner City Economic Development Loan", "Address": "4573 Elvis Presley Blvd", "City": "Memphis", "State": "TN", "ZIP_Code": 38116, "Latitude": 35.023846, "Longitude": -90.025654, "CityCouncilDistrict": 6, "CityCouncilSuperDistrict": 8, "CountyCommissionDistrict": 9, "Term": 3, "ProjectedNewJobs": 8, "ProjectedRetainedJobs": "0", "AveragePayroll": " $-   ", "Approved_Date": null, "LoanAmount": " $15,000.00 ", "LoanUse": "None", "InterestRate": "0%", "TotalProjectedCapitalInvestment": " $130,400.00 ", "PCI_RealProperty": 20996, "PCI_Acquisition": 0, "PCI_Construction": 0, "PCI_Renovation": 2002, "PCI_MachineryEquipment": 0, "PCI_FurnitureFixturesOffice": 0, "PCI_Equipment": 0, "PCI_FeesSoftCosts": 0, "PCI_PermanentWorkingCapital": 0, "PCI_Miscellaneous": 0, "ObjectId": 65}}, {"type": "Feature", "id": 66, "geometry": {"type": "Point", "coordinates": [-89.9990893, 35.1374066]}, "properties": {"ProjectNumber": "ED20210802", "CompanyName": "Snkrr Bar", "ProjectType": "Neighborhood Project", "LoanType": "Inner City Economic Development Loan", "Address": "1869 Madison Ave", "City": "Memphis", "State": "TN", "ZIP_Code": 38104, "Latitude": 35.1374066, "Longitude": -89.9990893, "CityCouncilDistrict": 6, "CityCouncilSuperDistrict": 8, "CountyCommissionDistrict": 8, "Term": 3, "ProjectedNewJobs": 0, "ProjectedRetainedJobs": "5", "AveragePayroll": " $-   ", "Approved_Date": null, "LoanAmount": " $15,000.00 ", "LoanUse": "Qualified Improvements", "InterestRate": "0%", "TotalProjectedCapitalInvestment": " $57,000.00 ", "PCI_RealProperty": 20125, "PCI_Acquisition": 0, "PCI_Construction": 0, "PCI_Renovation": 0, "PCI_MachineryEquipment": 0, "PCI_FurnitureFixturesOffice": 15000, "PCI_Equipment": 0, "PCI_FeesSoftCosts": 0, "PCI_PermanentWorkingCapital": 0, "PCI_Miscellaneous": 2499, "ObjectId": 66}}, {"type": "Feature", "id": 67, "geometry": {"type": "Point", "coordinates": [-89.9941165, 35.0530767]}, "properties": {"ProjectNumber": "ED20210701", "CompanyName": "Kayes Pints & Scoops", "ProjectType": "Neighborhood Project", "LoanType": "Inner City Economic Development Loan", "Address": "2089 Winchester Road", "City": "Memphis", "State": "TN", "ZIP_Code": 38116, "Latitude": 35.0530767, "Longitude": -89.9941165, "CityCouncilDistrict": 3, "CityCouncilSuperDistrict": 8, "CountyCommissionDistrict": 10, "Term": 3, "ProjectedNewJobs": 3, "ProjectedRetainedJobs": "1", "AveragePayroll": " $-   ", "Approved_Date": null, "LoanAmount": " $15,000.00 ", "LoanUse": "exterior and interior improvements", "InterestRate": "0%", "TotalProjectedCapitalInvestment": " $100,000.00 ", "PCI_RealProperty": 23810, "PCI_Acquisition": 0, "PCI_Construction": 0, "PCI_Renovation": 0, "PCI_MachineryEquipment": 0, "PCI_FurnitureFixturesOffice": 30772, "PCI_Equipment": 0, "PCI_FeesSoftCosts": 45418, "PCI_PermanentWorkingCapital": 0, "PCI_Miscellaneous": 0, "ObjectId": 67}}, {"type": "Feature", "id": 68, "geometry": {"type": "Point", "coordinates": [-90.0271483, 35.0623428]}, "properties": {"ProjectNumber": "ED20210601", "CompanyName": "Sumadhi Spa Pro Aesthetics Training Center", "ProjectType": "Neighborhood Project", "LoanType": "Inner City Economic Development Loan", "Address": "1100 East Brooks Road", "City": "Memphis", "State": "TN", "ZIP_Code": 38116, "Latitude": 35.0623428, "Longitude": -90.0271483, "CityCouncilDistrict": 3, "CityCouncilSuperDistrict": 8, "CountyCommissionDistrict": 10, "Term": 3, "ProjectedNewJobs": 2, "ProjectedRetainedJobs": "1", "AveragePayroll": " $-   ", "Approved_Date": null, "LoanAmount": " $11,000.00 ", "LoanUse": "Help with interior improvements", "InterestRate": "0%", "TotalProjectedCapitalInvestment": " $24,690.00 ", "PCI_RealProperty": 12790, "PCI_Acquisition": 0, "PCI_Construction": 0, "PCI_Renovation": 3700, "PCI_MachineryEquipment": 0, "PCI_FurnitureFixturesOffice": 8200, "PCI_Equipment": 0, "PCI_FeesSoftCosts": 0, "PCI_PermanentWorkingCapital": 0, "PCI_Miscellaneous": 0, "ObjectId": 68}}, {"type": "Feature", "id": 69, "geometry": {"type": "Point", "coordinates": [-90.0252071, 35.0199222]}, "properties": {"ProjectNumber": "ED20210401", "CompanyName": "The Vineyard, LLC", "ProjectType": "Neighborhood Project", "LoanType": "Inner City Economic Development Loan", "Address": "4715 Elvis Presley Blvd.", "City": "Memphis", "State": "TN", "ZIP_Code": 38116, "Latitude": 35.0199222, "Longitude": -90.0252071, "CityCouncilDistrict": 3, "CityCouncilSuperDistrict": 8, "CountyCommissionDistrict": 9, "Term": 3, "ProjectedNewJobs": 2, "ProjectedRetainedJobs": "0", "AveragePayroll": " $-   ", "Approved_Date": null, "LoanAmount": " $12,000.00 ", "LoanUse": "Improvements", "InterestRate": "0%", "TotalProjectedCapitalInvestment": " $24,274.00 ", "PCI_RealProperty": 0, "PCI_Acquisition": 0, "PCI_Construction": 0, "PCI_Renovation": 0, "PCI_MachineryEquipment": 0, "PCI_FurnitureFixturesOffice": 4250, "PCI_Equipment": 20024, "PCI_FeesSoftCosts": 0, "PCI_PermanentWorkingCapital": 0, "PCI_Miscellaneous": 0, "ObjectId": 69}}, {"type": "Feature", "id": 70, "geometry": {"type": "Point", "coordinates": [-89.9977714, 35.0585179]}, "properties": {"ProjectNumber": "ED20201201", "CompanyName": "Muhsen Najdawi dba Turbo Knights", "ProjectType": "Neighborhood Project", "LoanType": "Inner City Economic Development Loan", "Address": "3301 Winbrook Drive", "City": "Memphis", "State": "TN", "ZIP_Code": 38116, "Latitude": 35.0585179, "Longitude": -89.9977714, "CityCouncilDistrict": 3, "CityCouncilSuperDistrict": 8, "CountyCommissionDistrict": 10, "Term": 3, "ProjectedNewJobs": 2, "ProjectedRetainedJobs": "0", "AveragePayroll": " $-   ", "Approved_Date": null, "LoanAmount": " $12,000.00 ", "LoanUse": "Improve the exterior appearance, add additional roll up doors and complete interior renovation", "InterestRate": "0%", "TotalProjectedCapitalInvestment": " $72,700.00 ", "PCI_RealProperty": 18000, "PCI_Acquisition": 0, "PCI_Construction": 0, "PCI_Renovation": 0, "PCI_MachineryEquipment": 0, "PCI_FurnitureFixturesOffice": 0, "PCI_Equipment": 0, "PCI_FeesSoftCosts": 0, "PCI_PermanentWorkingCapital": 0, "PCI_Miscellaneous": 0, "ObjectId": 70}}, {"type": "Feature", "id": 71, "geometry": {"type": "Point", "coordinates": [-90.029609, 35.0355647]}, "properties": {"ProjectNumber": "ED20201101", "CompanyName": "Edna Banks-Hawkins, dba Mot & Eds Southern Eatery", "ProjectType": "Neighborhood Project", "LoanType": "Inner City Economic Development Loan", "Address": "1030 E. Raines Road", "City": "Memphis", "State": "TN", "ZIP_Code": 38116, "Latitude": 35.0355647, "Longitude": -90.029609, "CityCouncilDistrict": 6, "CityCouncilSuperDistrict": 8, "CountyCommissionDistrict": 9, "Term": 3, "ProjectedNewJobs": 3, "ProjectedRetainedJobs": "0", "AveragePayroll": " $-   ", "Approved_Date": null, "LoanAmount": " $15,000.00 ", "LoanUse": "Improve the exterior appearance, increase outdoor seating capacity and complete interior renovation", "InterestRate": "0%", "TotalProjectedCapitalInvestment": " $58,065.00 ", "PCI_RealProperty": 58065, "PCI_Acquisition": 0, "PCI_Construction": 0, "PCI_Renovation": 0, "PCI_MachineryEquipment": 0, "PCI_FurnitureFixturesOffice": 0, "PCI_Equipment": 0, "PCI_FeesSoftCosts": 0, "PCI_PermanentWorkingCapital": 0, "PCI_Miscellaneous": 0, "ObjectId": 71}}, {"type": "Feature", "id": 72, "geometry": {"type": "Point", "coordinates": [-90.022683, 35.0337591]}, "properties": {"ProjectNumber": "ED20200802", "CompanyName": "Haven Representations, LLC dba Nubian Design", "ProjectType": "Neighborhood Project", "LoanType": "Inner City Economic Development Loan", "Address": "1237 Marlin Rd.", "City": "Memphis", "State": "TN", "ZIP_Code": 38116, "Latitude": 35.0337591, "Longitude": -90.022683, "CityCouncilDistrict": 3, "CityCouncilSuperDistrict": 8, "CountyCommissionDistrict": 9, "Term": 3, "ProjectedNewJobs": 6, "ProjectedRetainedJobs": "0", "AveragePayroll": " $-   ", "Approved_Date": null, "LoanAmount": " $16,000.00 ", "LoanUse": "Complete exterior upgrades and HVAC installation", "InterestRate": "0%", "TotalProjectedCapitalInvestment": " $24,000.00 ", "PCI_RealProperty": 19500, "PCI_Acquisition": 0, "PCI_Construction": 0, "PCI_Renovation": 0, "PCI_MachineryEquipment": 0, "PCI_FurnitureFixturesOffice": 0, "PCI_Equipment": 0, "PCI_FeesSoftCosts": 0, "PCI_PermanentWorkingCapital": 0, "PCI_Miscellaneous": 4500, "ObjectId": 72}}, {"type": "Feature", "id": 73, "geometry": {"type": "Point", "coordinates": [-90.004932, 35.164435]}, "properties": {"ProjectNumber": "ED20200801", "CompanyName": "1570 Vollintine Ave (Timothy S. Hubbard)", "ProjectType": "Neighborhood Project", "LoanType": "Inner City Economic Development Loan", "Address": "1570 Vollintine Avenue", "City": "Memphis", "State": "TN", "ZIP_Code": 38107, "Latitude": 35.164435, "Longitude": -90.004932, "CityCouncilDistrict": 7, "CityCouncilSuperDistrict": 8, "CountyCommissionDistrict": 7, "Term": 3, "ProjectedNewJobs": 3, "ProjectedRetainedJobs": "0", "AveragePayroll": " $-   ", "Approved_Date": null, "LoanAmount": " $25,000.00 ", "LoanUse": "Construction and Rehab", "InterestRate": "0%", "TotalProjectedCapitalInvestment": " $643,500.00 ", "PCI_RealProperty": 52500, "PCI_Acquisition": 0, "PCI_Construction": 0, "PCI_Renovation": 100000, "PCI_MachineryEquipment": 0, "PCI_FurnitureFixturesOffice": 395000, "PCI_Equipment": 0, "PCI_FeesSoftCosts": 0, "PCI_PermanentWorkingCapital": 0, "PCI_Miscellaneous": 96000, "ObjectId": 73}}, {"type": "Feature", "id": 74, "geometry": {"type": "Point", "coordinates": [-90.0216259, 35.1287886]}, "properties": {"ProjectNumber": "ED20200201", "CompanyName": "Bendy Beast Fitness LLC", "ProjectType": "Neighborhood Project", "LoanType": "Inner City Economic Development Loan", "Address": "1202 Minna Place", "City": "Memphis", "State": "TN", "ZIP_Code": 38104, "Latitude": 35.1287886, "Longitude": -90.0216259, "CityCouncilDistrict": 6, "CityCouncilSuperDistrict": 8, "CountyCommissionDistrict": 8, "Term": 3, "ProjectedNewJobs": 10, "ProjectedRetainedJobs": "1", "AveragePayroll": " $-   ", "Approved_Date": null, "LoanAmount": " $20,000.00 ", "LoanUse": "Facade Structural Roof and HVAC Landscape and Streetscape Interior Renovation", "InterestRate": "0%", "TotalProjectedCapitalInvestment": " $209,250.00 ", "PCI_RealProperty": 37570, "PCI_Acquisition": 0, "PCI_Construction": 0, "PCI_Renovation": 35840, "PCI_MachineryEquipment": 0, "PCI_FurnitureFixturesOffice": 34820, "PCI_Equipment": 0, "PCI_FeesSoftCosts": 59000, "PCI_PermanentWorkingCapital": 0, "PCI_Miscellaneous": 42020, "ObjectId": 74}}, {"type": "Feature", "id": 75, "geometry": {"type": "Point", "coordinates": [-90.0071223, 35.0779781]}, "properties": {"ProjectNumber": "ED20200202", "CompanyName": "Alcy Ball Development Corporation", "ProjectType": "Neighborhood Project", "LoanType": "Inner City Economic Development Loan", "Address": "1672 East Alcy Road", "City": "Memphis", "State": "TN", "ZIP_Code": 38114, "Latitude": 35.0779781, "Longitude": -90.0071223, "CityCouncilDistrict": 6, "CityCouncilSuperDistrict": 8, "CountyCommissionDistrict": 10, "Term": 3, "ProjectedNewJobs": 0, "ProjectedRetainedJobs": "4", "AveragePayroll": " $-   ", "Approved_Date": null, "LoanAmount": " $25,000.00 ", "LoanUse": "Fa??ade Improvements", "InterestRate": "0%", "TotalProjectedCapitalInvestment": " $200,000.00 ", "PCI_RealProperty": 30920, "PCI_Acquisition": 0, "PCI_Construction": 0, "PCI_Renovation": 43567, "PCI_MachineryEquipment": 0, "PCI_FurnitureFixturesOffice": 21883, "PCI_Equipment": 0, "PCI_FeesSoftCosts": 73000, "PCI_PermanentWorkingCapital": 0, "PCI_Miscellaneous": 35065, "ObjectId": 75}}, {"type": "Feature", "id": 76, "geometry": {"type": "Point", "coordinates": [-89.961403, 35.100257]}, "properties": {"ProjectNumber": "ED20191101", "CompanyName": "Creative Home Academy & Preschool", "ProjectType": "Neighborhood Project", "LoanType": "Inner City Economic Development Loan", "Address": "1149 Semmes Street", "City": "Memphis", "State": "TN", "ZIP_Code": 38111, "Latitude": 35.100257, "Longitude": -89.961403, "CityCouncilDistrict": 4, "CityCouncilSuperDistrict": 8, "CountyCommissionDistrict": 10, "Term": 3, "ProjectedNewJobs": 5, "ProjectedRetainedJobs": "0", "AveragePayroll": " $-   ", "Approved_Date": null, "LoanAmount": " $20,000.00 ", "LoanUse": "Exterior Paint and Columns Fencing and Gate Driveway and Parking Lot HVAC Signage", "InterestRate": "0%", "TotalProjectedCapitalInvestment": " $41,818.00 ", "PCI_RealProperty": 37818, "PCI_Acquisition": 0, "PCI_Construction": 0, "PCI_Renovation": 0, "PCI_MachineryEquipment": 0, "PCI_FurnitureFixturesOffice": 4000, "PCI_Equipment": 0, "PCI_FeesSoftCosts": 0, "PCI_PermanentWorkingCapital": 0, "PCI_Miscellaneous": 0, "ObjectId": 76}}, {"type": "Feature", "id": 77, "geometry": {"type": "Point", "coordinates": [-89.9881962, 35.1057116]}, "properties": {"ProjectNumber": "ED20191102", "CompanyName": "Stepherson Incorporated, dba Superlo Foods", "ProjectType": "Neighborhood Project", "LoanType": "Inner City Economic Development Loan", "Address": "2269 Lamar Ave", "City": "Memphis", "State": "TN", "ZIP_Code": 38114, "Latitude": 35.1057116, "Longitude": -89.9881962, "CityCouncilDistrict": 4, "CityCouncilSuperDistrict": 8, "CountyCommissionDistrict": 10, "Term": 7, "ProjectedNewJobs": 68, "ProjectedRetainedJobs": "0", "AveragePayroll": " $35,513.00 ", "Approved_Date": null, "LoanAmount": " $100,000.00 ", "LoanUse": "Complete equipment financing for a new supermarket", "InterestRate": "200%", "TotalProjectedCapitalInvestment": " $650,955.00 ", "PCI_RealProperty": 0, "PCI_Acquisition": 0, "PCI_Construction": 0, "PCI_Renovation": 0, "PCI_MachineryEquipment": 0, "PCI_FurnitureFixturesOffice": 0, "PCI_Equipment": 0, "PCI_FeesSoftCosts": 0, "PCI_PermanentWorkingCapital": 0, "PCI_Miscellaneous": 0, "ObjectId": 77}}, {"type": "Feature", "id": 78, "geometry": {"type": "Point", "coordinates": [-90.0259762, 35.0323272]}, "properties": {"ProjectNumber": "ED20190901", "CompanyName": "Muggin Coffehouse", "ProjectType": "Neighborhood Project", "LoanType": "Inner City Economic Development Loan", "Address": "1139 Brownlee Road", "City": "Memphis", "State": "TN", "ZIP_Code": 38116, "Latitude": 35.0323272, "Longitude": -90.0259762, "CityCouncilDistrict": 6, "CityCouncilSuperDistrict": 8, "CountyCommissionDistrict": 9, "Term": 3, "ProjectedNewJobs": 5, "ProjectedRetainedJobs": "0", "AveragePayroll": " $-   ", "Approved_Date": null, "LoanAmount": " $15,000.00 ", "LoanUse": "Complete interior buildout and restroom upgrades", "InterestRate": "0%", "TotalProjectedCapitalInvestment": " $26,000.00 ", "PCI_RealProperty": 26000, "PCI_Acquisition": 0, "PCI_Construction": 0, "PCI_Renovation": 0, "PCI_MachineryEquipment": 0, "PCI_FurnitureFixturesOffice": 0, "PCI_Equipment": 0, "PCI_FeesSoftCosts": 0, "PCI_PermanentWorkingCapital": 0, "PCI_Miscellaneous": 0, "ObjectId": 78}}, {"type": "Feature", "id": 79, "geometry": {"type": "Point", "coordinates": [-90.039276, 35.119814]}, "properties": {"ProjectNumber": "ED20190902", "CompanyName": "South Memphis Renewal Community Development Corporation", "ProjectType": "Neighborhood Project", "LoanType": "Inner City Economic Development Loan", "Address": "991 Mississippis Boulevard", "City": "Memphis", "State": "TN", "ZIP_Code": 38126, "Latitude": 35.119814, "Longitude": -90.039276, "CityCouncilDistrict": 6, "CityCouncilSuperDistrict": 8, "CountyCommissionDistrict": 8, "Term": 3, "ProjectedNewJobs": 20, "ProjectedRetainedJobs": "0", "AveragePayroll": " $-   ", "Approved_Date": null, "LoanAmount": " $25,000.00 ", "LoanUse": "Assist with construction", "InterestRate": "0%", "TotalProjectedCapitalInvestment": " $670,000.00 ", "PCI_RealProperty": 372000, "PCI_Acquisition": 0, "PCI_Construction": 0, "PCI_Renovation": 155000, "PCI_MachineryEquipment": 0, "PCI_FurnitureFixturesOffice": 65000, "PCI_Equipment": 0, "PCI_FeesSoftCosts": 63000, "PCI_PermanentWorkingCapital": 0, "PCI_Miscellaneous": 15000, "ObjectId": 79}}, {"type": "Feature", "id": 80, "geometry": {"type": "Point", "coordinates": [-90.0073955, 35.1950532]}, "properties": {"ProjectNumber": "ED20190701", "CompanyName": "Vann Cut", "ProjectType": "Neighborhood Project", "LoanType": "Inner City Economic Development Loan", "Address": "2546 North Watkins Street", "City": "Memphis", "State": "TN", "ZIP_Code": 38127, "Latitude": 35.1950532, "Longitude": -90.0073955, "CityCouncilDistrict": 7, "CityCouncilSuperDistrict": 8, "CountyCommissionDistrict": 8, "Term": 3, "ProjectedNewJobs": 5, "ProjectedRetainedJobs": "0", "AveragePayroll": " $-   ", "Approved_Date": null, "LoanAmount": " $20,000.00 ", "LoanUse": "facade improvements lighting and paint interior renovation electrical plumbing cabinetry structural roof HVAC repair", "InterestRate": "0%", "TotalProjectedCapitalInvestment": " $52,737.00 ", "PCI_RealProperty": 5450, "PCI_Acquisition": 0, "PCI_Construction": 0, "PCI_Renovation": 28925, "PCI_MachineryEquipment": 0, "PCI_FurnitureFixturesOffice": 15090, "PCI_Equipment": 0, "PCI_FeesSoftCosts": 0, "PCI_PermanentWorkingCapital": 0, "PCI_Miscellaneous": 3272, "ObjectId": 80}}, {"type": "Feature", "id": 81, "geometry": {"type": "Point", "coordinates": [-90.0026837, 35.1378442]}, "properties": {"ProjectNumber": "ED20190702", "CompanyName": "Tambolis Pasta and Pizza", "ProjectType": "Neighborhood Project", "LoanType": "Inner City Economic Development Loan", "Address": "1761 Madison Avenue", "City": "Memphis", "State": "TN", "ZIP_Code": 38104, "Latitude": 35.1378442, "Longitude": -90.0026837, "CityCouncilDistrict": 6, "CityCouncilSuperDistrict": 8, "CountyCommissionDistrict": 8, "Term": 3, "ProjectedNewJobs": 16, "ProjectedRetainedJobs": "0", "AveragePayroll": " $-   ", "Approved_Date": null, "LoanAmount": " $20,000.00 ", "LoanUse": "patio enclosure interior renovation electrical and plumbing exterior painting", "InterestRate": "0%", "TotalProjectedCapitalInvestment": " $87,506.00 ", "PCI_RealProperty": 52786, "PCI_Acquisition": 0, "PCI_Construction": 0, "PCI_Renovation": 34720, "PCI_MachineryEquipment": 0, "PCI_FurnitureFixturesOffice": 0, "PCI_Equipment": 0, "PCI_FeesSoftCosts": 0, "PCI_PermanentWorkingCapital": 0, "PCI_Miscellaneous": 0, "ObjectId": 81}}, {"type": "Feature", "id": 82, "geometry": {"type": "Point", "coordinates": [-90.0239806, 35.0261665]}, "properties": {"ProjectNumber": "ED20190501", "CompanyName": "Mystic Styles Glam Studio", "ProjectType": "Neighborhood Project", "LoanType": "Inner City Economic Development Loan", "Address": "4466 Elvis Presley Boulevard", "City": "Memphis", "State": "TN", "ZIP_Code": 38116, "Latitude": 35.0261665, "Longitude": -90.0239806, "CityCouncilDistrict": 3, "CityCouncilSuperDistrict": 8, "CountyCommissionDistrict": 9, "Term": 3, "ProjectedNewJobs": 0, "ProjectedRetainedJobs": "10", "AveragePayroll": " $-   ", "Approved_Date": null, "LoanAmount": " $12,000.00 ", "LoanUse": "completing electrical and plumbing upgrades  new flooring  exterior signage", "InterestRate": "0%", "TotalProjectedCapitalInvestment": " $44,862.00 ", "PCI_RealProperty": 28862, "PCI_Acquisition": 0, "PCI_Construction": 0, "PCI_Renovation": 0, "PCI_MachineryEquipment": 0, "PCI_FurnitureFixturesOffice": 16000, "PCI_Equipment": 0, "PCI_FeesSoftCosts": 0, "PCI_PermanentWorkingCapital": 0, "PCI_Miscellaneous": 0, "ObjectId": 82}}, {"type": "Feature", "id": 83, "geometry": {"type": "Point", "coordinates": [-90.03001, 35.1152055]}, "properties": {"ProjectNumber": "ED20190502", "CompanyName": "Als Tasty Burger", "ProjectType": "Neighborhood Project", "LoanType": "Inner City Economic Development Loan", "Address": "965 East McLemore", "City": "Memphis", "State": "TN", "ZIP_Code": 38106, "Latitude": 35.1152055, "Longitude": -90.03001, "CityCouncilDistrict": 4, "CityCouncilSuperDistrict": 8, "CountyCommissionDistrict": 8, "Term": 3, "ProjectedNewJobs": 10, "ProjectedRetainedJobs": "0", "AveragePayroll": " $-   ", "Approved_Date": null, "LoanAmount": " $20,000.00 ", "LoanUse": "Buildout of exterior renovations improve visibility", "InterestRate": "0%", "TotalProjectedCapitalInvestment": " $38,510.00 ", "PCI_RealProperty": 29510, "PCI_Acquisition": 0, "PCI_Construction": 0, "PCI_Renovation": 0, "PCI_MachineryEquipment": 0, "PCI_FurnitureFixturesOffice": 9000, "PCI_Equipment": 0, "PCI_FeesSoftCosts": 0, "PCI_PermanentWorkingCapital": 0, "PCI_Miscellaneous": 0, "ObjectId": 83}}, {"type": "Feature", "id": 84, "geometry": {"type": "Point", "coordinates": [-89.9974864, 35.0220794]}, "properties": {"ProjectNumber": "ED20190301", "CompanyName": "Trap Fusion", "ProjectType": "Neighborhood Project", "LoanType": "Inner City Economic Development Loan", "Address": "4637 Boeingshire Drive", "City": "Memphis", "State": "TN", "ZIP_Code": 38116, "Latitude": 35.0220794, "Longitude": -89.9974864, "CityCouncilDistrict": 3, "CityCouncilSuperDistrict": 8, "CountyCommissionDistrict": 9, "Term": 3, "ProjectedNewJobs": 6, "ProjectedRetainedJobs": "0", "AveragePayroll": " $-   ", "Approved_Date": null, "LoanAmount": " $14,500.00 ", "LoanUse": "interior renovations and facade appearance", "InterestRate": "0%", "TotalProjectedCapitalInvestment": " $21,750.00 ", "PCI_RealProperty": 7350, "PCI_Acquisition": 0, "PCI_Construction": 0, "PCI_Renovation": 0, "PCI_MachineryEquipment": 0, "PCI_FurnitureFixturesOffice": 0, "PCI_Equipment": 6450, "PCI_FeesSoftCosts": 0, "PCI_PermanentWorkingCapital": 0, "PCI_Miscellaneous": 7950, "ObjectId": 84}}, {"type": "Feature", "id": 85, "geometry": {"type": "Point", "coordinates": [-90.034622, 35.1326317]}, "properties": {"ProjectNumber": "ED20190301", "CompanyName": "Warehouse Studios, LLC", "ProjectType": "Neighborhood Project", "LoanType": "Inner City Economic Development Loan", "Address": "358 Walnut Street", "City": "Memphis", "State": "TN", "ZIP_Code": 38126, "Latitude": 35.1326317, "Longitude": -90.034622, "CityCouncilDistrict": 6, "CityCouncilSuperDistrict": 8, "CountyCommissionDistrict": 8, "Term": 3, "ProjectedNewJobs": 0, "ProjectedRetainedJobs": "14", "AveragePayroll": " $-   ", "Approved_Date": null, "LoanAmount": " $20,000.00 ", "LoanUse": "facade improvements HVAC installation electrical repair", "InterestRate": "0%", "TotalProjectedCapitalInvestment": " $73,135.00 ", "PCI_RealProperty": 30120, "PCI_Acquisition": 0, "PCI_Construction": 9970, "PCI_Renovation": 0, "PCI_MachineryEquipment": 0, "PCI_FurnitureFixturesOffice": 0, "PCI_Equipment": 0, "PCI_FeesSoftCosts": 0, "PCI_PermanentWorkingCapital": 0, "PCI_Miscellaneous": 33045, "ObjectId": 85}}, {"type": "Feature", "id": 86, "geometry": {"type": "Point", "coordinates": [-89.9666906, 35.1506789]}, "properties": {"ProjectNumber": "ED20181201", "CompanyName": "Scott Street, LLC dba S2F Performance Lab", "ProjectType": "Neighborhood Project", "LoanType": "Inner City Economic Development Loan", "Address": "678 Scott Street", "City": "Memphis", "State": "TN", "ZIP_Code": 38112, "Latitude": 35.1506789, "Longitude": -89.9666906, "CityCouncilDistrict": 5, "CityCouncilSuperDistrict": 9, "CountyCommissionDistrict": 7, "Term": 3, "ProjectedNewJobs": 4, "ProjectedRetainedJobs": "2", "AveragePayroll": " $-   ", "Approved_Date": null, "LoanAmount": " $22,000.00 ", "LoanUse": "exterior improvements lighting parking", "InterestRate": "0%", "TotalProjectedCapitalInvestment": " $123,585.00 ", "PCI_RealProperty": 78585, "PCI_Acquisition": 0, "PCI_Construction": 0, "PCI_Renovation": 0, "PCI_MachineryEquipment": 0, "PCI_FurnitureFixturesOffice": 0, "PCI_Equipment": 0, "PCI_FeesSoftCosts": 0, "PCI_PermanentWorkingCapital": 0, "PCI_Miscellaneous": 0, "ObjectId": 86}}, {"type": "Feature", "id": 87, "geometry": {"type": "Point", "coordinates": [-90.025836, 35.0010754]}, "properties": {"ProjectNumber": "ED20180801", "CompanyName": "Memphis Area Youth Association", "ProjectType": "Neighborhood Project", "LoanType": "Inner City Economic Development Loan", "Address": "5395 Elvis Presley Boulevard", "City": "Memphis", "State": "TN", "ZIP_Code": 38116, "Latitude": 35.0010754, "Longitude": -90.025836, "CityCouncilDistrict": 3, "CityCouncilSuperDistrict": 8, "CountyCommissionDistrict": 9, "Term": 3, "ProjectedNewJobs": 4, "ProjectedRetainedJobs": "5", "AveragePayroll": " $-   ", "Approved_Date": null, "LoanAmount": " $20,000.00 ", "LoanUse": "roof replacement ceiling repair facade improvements exterior lighting", "InterestRate": "0%", "TotalProjectedCapitalInvestment": " $32,743.00 ", "PCI_RealProperty": 29270, "PCI_Acquisition": 0, "PCI_Construction": 0, "PCI_Renovation": 3473, "PCI_MachineryEquipment": 0, "PCI_FurnitureFixturesOffice": 0, "PCI_Equipment": 0, "PCI_FeesSoftCosts": 0, "PCI_PermanentWorkingCapital": 0, "PCI_Miscellaneous": 0, "ObjectId": 87}}, {"type": "Feature", "id": 88, "geometry": {"type": "Point", "coordinates": [-90.0223579, 35.0344031]}, "properties": {"ProjectNumber": "ED20180802", "CompanyName": "Eggxactly Breakfast & Deli", "ProjectType": "Neighborhood Project", "LoanType": "Inner City Economic Development Loan", "Address": "1248 Marlin Road", "City": "Memphis", "State": "TN", "ZIP_Code": 38116, "Latitude": 35.0344031, "Longitude": -90.0223579, "CityCouncilDistrict": 3, "CityCouncilSuperDistrict": 8, "CountyCommissionDistrict": 9, "Term": 3, "ProjectedNewJobs": 2, "ProjectedRetainedJobs": "0", "AveragePayroll": " $-   ", "Approved_Date": null, "LoanAmount": " $20,000.00 ", "LoanUse": "exterior improvements signage installation driveway repair", "InterestRate": "0%", "TotalProjectedCapitalInvestment": " $33,509.00 ", "PCI_RealProperty": 20902, "PCI_Acquisition": 0, "PCI_Construction": 0, "PCI_Renovation": 0, "PCI_MachineryEquipment": 0, "PCI_FurnitureFixturesOffice": 0, "PCI_Equipment": 0, "PCI_FeesSoftCosts": 0, "PCI_PermanentWorkingCapital": 0, "PCI_Miscellaneous": 12607, "ObjectId": 88}}, {"type": "Feature", "id": 89, "geometry": {"type": "Point", "coordinates": [-90.0570188, 35.0934873]}, "properties": {"ProjectNumber": "ED20180701", "CompanyName": "Castle Retail Group", "ProjectType": "Neighborhood Project", "LoanType": "Inner City Economic Development Loan", "Address": "1977 South Third Street", "City": "Memphis", "State": "TN", "ZIP_Code": 38109, "Latitude": 35.0934873, "Longitude": -90.0570188, "CityCouncilDistrict": 6, "CityCouncilSuperDistrict": 8, "CountyCommissionDistrict": 8, "Term": 7, "ProjectedNewJobs": 50, "ProjectedRetainedJobs": "0", "AveragePayroll": " $25,044.00 ", "Approved_Date": null, "LoanAmount": " $100,000.00 ", "LoanUse": "point of sale equipment meat & deli department scales", "InterestRate": "2%", "TotalProjectedCapitalInvestment": " $1,087,500.00 ", "PCI_RealProperty": 0, "PCI_Acquisition": 0, "PCI_Construction": 0, "PCI_Renovation": 0, "PCI_MachineryEquipment": 0, "PCI_FurnitureFixturesOffice": 0, "PCI_Equipment": 0, "PCI_FeesSoftCosts": 0, "PCI_PermanentWorkingCapital": 0, "PCI_Miscellaneous": 0, "ObjectId": 89}}, {"type": "Feature", "id": 90, "geometry": {"type": "Point", "coordinates": [-90.0387206, 35.1199341]}, "properties": {"ProjectNumber": "ED20180301", "CompanyName": "Kemet Nu Enterprises", "ProjectType": "Neighborhood Project", "LoanType": "Inner City Economic Development Loan", "Address": "988/990 Mississippi Boulevard", "City": "Memphis", "State": "TN", "ZIP_Code": 38126, "Latitude": 35.1199341, "Longitude": -90.0387206, "CityCouncilDistrict": 6, "CityCouncilSuperDistrict": 8, "CountyCommissionDistrict": 8, "Term": 3, "ProjectedNewJobs": 4, "ProjectedRetainedJobs": "0", "AveragePayroll": " $-   ", "Approved_Date": null, "LoanAmount": " $15,000.00 ", "LoanUse": "improve the exterior appearance, replace the roof, and install an HVAC system", "InterestRate": "0%", "TotalProjectedCapitalInvestment": " $90,000.00 ", "PCI_RealProperty": 15000, "PCI_Acquisition": 0, "PCI_Construction": 0, "PCI_Renovation": 0, "PCI_MachineryEquipment": 0, "PCI_FurnitureFixturesOffice": 0, "PCI_Equipment": 0, "PCI_FeesSoftCosts": 0, "PCI_PermanentWorkingCapital": 0, "PCI_Miscellaneous": 0, "ObjectId": 90}}, {"type": "Feature", "id": 91, "geometry": {"type": "Point", "coordinates": [-90.0297434, 35.2105135]}, "properties": {"ProjectNumber": "ED20180302", "CompanyName": "Family Multiplex Center", "ProjectType": "None", "LoanType": "Inner City Economic Development Loan", "Address": "1025 Whitney Avenue", "City": "Memphis", "State": "TN", "ZIP_Code": 38127, "Latitude": 35.2105135, "Longitude": -90.0297434, "CityCouncilDistrict": 7, "CityCouncilSuperDistrict": 8, "CountyCommissionDistrict": 8, "Term": 3, "ProjectedNewJobs": 6, "ProjectedRetainedJobs": "0", "AveragePayroll": " $-   ", "Approved_Date": null, "LoanAmount": " $20,000.00 ", "LoanUse": "facade improvements HVAC installation electrical repair", "InterestRate": "0%", "TotalProjectedCapitalInvestment": " $51,409.00 ", "PCI_RealProperty": 47609, "PCI_Acquisition": 0, "PCI_Construction": 0, "PCI_Renovation": 38000, "PCI_MachineryEquipment": 0, "PCI_FurnitureFixturesOffice": 0, "PCI_Equipment": 0, "PCI_FeesSoftCosts": 0, "PCI_PermanentWorkingCapital": 0, "PCI_Miscellaneous": 0, "ObjectId": 91}}, {"type": "Feature", "id": 92, "geometry": {"type": "Point", "coordinates": [-90.005501, 35.2179807]}, "properties": {"ProjectNumber": "ED20171201", "CompanyName": "Lulas Frozen Treats", "ProjectType": "Neighborhood Project", "LoanType": "Inner City Economic Development Loan", "Address": "1750 Frayser Boulevard", "City": "Memphis", "State": "TN", "ZIP_Code": 38127, "Latitude": 35.2179807, "Longitude": -90.005501, "CityCouncilDistrict": 7, "CityCouncilSuperDistrict": 8, "CountyCommissionDistrict": 7, "Term": 3, "ProjectedNewJobs": 2, "ProjectedRetainedJobs": "0", "AveragePayroll": " $-   ", "Approved_Date": null, "LoanAmount": " $18,000.00 ", "LoanUse": "Remodel the interior, add a patio, and install ADA compatible restrooms", "InterestRate": "0%", "TotalProjectedCapitalInvestment": " $37,211.00 ", "PCI_RealProperty": 28113, "PCI_Acquisition": 0, "PCI_Construction": 7985, "PCI_Renovation": 0, "PCI_MachineryEquipment": 0, "PCI_FurnitureFixturesOffice": 0, "PCI_Equipment": 0, "PCI_FeesSoftCosts": 0, "PCI_PermanentWorkingCapital": 0, "PCI_Miscellaneous": 1113, "ObjectId": 92}}, {"type": "Feature", "id": 93, "geometry": {"type": "Point", "coordinates": [-89.9674079, 35.1440987]}, "properties": {"ProjectNumber": "ED20171202", "CompanyName": "NH Owens & Sons Funeral Home", "ProjectType": "Neighborhood Project", "LoanType": "Inner City Economic Development Loan", "Address": "421 Scott Street", "City": "Memphis", "State": "TN", "ZIP_Code": 38112, "Latitude": 35.1440987, "Longitude": -89.9674079, "CityCouncilDistrict": 5, "CityCouncilSuperDistrict": 9, "CountyCommissionDistrict": 7, "Term": 3, "ProjectedNewJobs": 4, "ProjectedRetainedJobs": "14", "AveragePayroll": " $-   ", "Approved_Date": null, "LoanAmount": " $18,000.00 ", "LoanUse": "Improve the exterior appearance, weatherproof entrances, and improve disabled accessibility", "InterestRate": "0%", "TotalProjectedCapitalInvestment": " $30,951.00 ", "PCI_RealProperty": 30951, "PCI_Acquisition": 0, "PCI_Construction": 0, "PCI_Renovation": 0, "PCI_MachineryEquipment": 0, "PCI_FurnitureFixturesOffice": 0, "PCI_Equipment": 0, "PCI_FeesSoftCosts": 0, "PCI_PermanentWorkingCapital": 0, "PCI_Miscellaneous": 0, "ObjectId": 93}}, {"type": "Feature", "id": 94, "geometry": {"type": "Point", "coordinates": [-90.0410866, 35.1346088]}, "properties": {"ProjectNumber": "ED20171203", "CompanyName": "Memphis Magnetic Recording Company", "ProjectType": "Neighborhood Project", "LoanType": "Inner City Economic Development Loan", "Address": "618 Vance Avenue", "City": "Memphis", "State": "TN", "ZIP_Code": 38126, "Latitude": 35.1346088, "Longitude": -90.0410866, "CityCouncilDistrict": 6, "CityCouncilSuperDistrict": 8, "CountyCommissionDistrict": 8, "Term": 3, "ProjectedNewJobs": 5, "ProjectedRetainedJobs": "0", "AveragePayroll": " $-   ", "Approved_Date": null, "LoanAmount": " $20,000.00 ", "LoanUse": "Improve exterior appearance, expand the building, and install HVAC system", "InterestRate": "0%", "TotalProjectedCapitalInvestment": " $51,156.00 ", "PCI_RealProperty": 51156, "PCI_Acquisition": 0, "PCI_Construction": 0, "PCI_Renovation": 0, "PCI_MachineryEquipment": 0, "PCI_FurnitureFixturesOffice": 0, "PCI_Equipment": 0, "PCI_FeesSoftCosts": 0, "PCI_PermanentWorkingCapital": 0, "PCI_Miscellaneous": 0, "ObjectId": 94}}, {"type": "Feature", "id": 95, "geometry": {"type": "Point", "coordinates": [-90.0373464, 35.115392]}, "properties": {"ProjectNumber": "ED20170901", "CompanyName": "Soulsville Market", "ProjectType": "Neighborhood Project", "LoanType": "Inner City Economic Development Loan", "Address": "745 East McLemore", "City": "Memphis", "State": "TN", "ZIP_Code": 38106, "Latitude": 35.115392, "Longitude": -90.0373464, "CityCouncilDistrict": 4, "CityCouncilSuperDistrict": 8, "CountyCommissionDistrict": 8, "Term": 3, "ProjectedNewJobs": 4, "ProjectedRetainedJobs": "0", "AveragePayroll": " $-   ", "Approved_Date": null, "LoanAmount": " $20,000.00 ", "LoanUse": "Improve the exterior appearance, repair HVAC, repair the roof, and complete interior improvements", "InterestRate": "0%", "TotalProjectedCapitalInvestment": " $36,992.00 ", "PCI_RealProperty": 23150, "PCI_Acquisition": 0, "PCI_Construction": 0, "PCI_Renovation": 11132, "PCI_MachineryEquipment": 0, "PCI_FurnitureFixturesOffice": 0, "PCI_Equipment": 0, "PCI_FeesSoftCosts": 0, "PCI_PermanentWorkingCapital": 0, "PCI_Miscellaneous": 2710, "ObjectId": 95}}, {"type": "Feature", "id": 96, "geometry": {"type": "Point", "coordinates": [-90.003224, 35.2140956]}, "properties": {"ProjectNumber": "ED20170902", "CompanyName": "Stylist Salon", "ProjectType": "Neighborhood Project", "LoanType": "Inner City Economic Development Loan", "Address": "3240 North Watkins", "City": "Memphis", "State": "TN", "ZIP_Code": 38127, "Latitude": 35.2140956, "Longitude": -90.003224, "CityCouncilDistrict": 7, "CityCouncilSuperDistrict": 8, "CountyCommissionDistrict": 7, "Term": 3, "ProjectedNewJobs": 6, "ProjectedRetainedJobs": "0", "AveragePayroll": " $-   ", "Approved_Date": null, "LoanAmount": " $15,000.00 ", "LoanUse": "Improve the exterior appearance, install an HVAC system, repair the roof and complete interior improvements", "InterestRate": "0%", "TotalProjectedCapitalInvestment": " $22,635.00 ", "PCI_RealProperty": 0, "PCI_Acquisition": 0, "PCI_Construction": 0, "PCI_Renovation": 21557, "PCI_MachineryEquipment": 0, "PCI_FurnitureFixturesOffice": 0, "PCI_Equipment": 0, "PCI_FeesSoftCosts": 0, "PCI_PermanentWorkingCapital": 0, "PCI_Miscellaneous": 1078, "ObjectId": 96}}, {"type": "Feature", "id": 97, "geometry": {"type": "Point", "coordinates": [-89.9498062, 35.1489961]}, "properties": {"ProjectNumber": "ED20170601", "CompanyName": "HopeWorks", "ProjectType": "Neighborhood Project", "LoanType": "Inner City Economic Development Loan", "Address": "3337 Summer Avenue", "City": "Memphis", "State": "TN", "ZIP_Code": 38122, "Latitude": 35.1489961, "Longitude": -89.9498062, "CityCouncilDistrict": 5, "CityCouncilSuperDistrict": 9, "CountyCommissionDistrict": 13, "Term": 3, "ProjectedNewJobs": 15, "ProjectedRetainedJobs": "0", "AveragePayroll": " $-   ", "Approved_Date": null, "LoanAmount": " $20,000.00 ", "LoanUse": "Improve the exterior appearance and repave the parking lot", "InterestRate": "0%", "TotalProjectedCapitalInvestment": " $43,678.00 ", "PCI_RealProperty": 0, "PCI_Acquisition": 0, "PCI_Construction": 43678, "PCI_Renovation": 0, "PCI_MachineryEquipment": 0, "PCI_FurnitureFixturesOffice": 0, "PCI_Equipment": 0, "PCI_FeesSoftCosts": 0, "PCI_PermanentWorkingCapital": 0, "PCI_Miscellaneous": 0, "ObjectId": 97}}, {"type": "Feature", "id": 98, "geometry": {"type": "Point", "coordinates": [-90.0033871, 35.0545998]}, "properties": {"ProjectNumber": "ED20170602", "CompanyName": "Orca Printing", "ProjectType": "Neighborhood Project", "LoanType": "Inner City Economic Development Loan", "Address": "1808 Septmeber Avenue", "City": "Memphis", "State": "TN", "ZIP_Code": 38116, "Latitude": 35.0545998, "Longitude": -90.0033871, "CityCouncilDistrict": 3, "CityCouncilSuperDistrict": 8, "CountyCommissionDistrict": 10, "Term": 3, "ProjectedNewJobs": 3, "ProjectedRetainedJobs": "1", "AveragePayroll": " $-   ", "Approved_Date": null, "LoanAmount": " $19,000.00 ", "LoanUse": "Improve the exterior appearance, construct a showroom with restrooms and install an HVAC system", "InterestRate": "0%", "TotalProjectedCapitalInvestment": " $28,500.00 ", "PCI_RealProperty": 0, "PCI_Acquisition": 0, "PCI_Construction": 9500, "PCI_Renovation": 19000, "PCI_MachineryEquipment": 0, "PCI_FurnitureFixturesOffice": 0, "PCI_Equipment": 0, "PCI_FeesSoftCosts": 0, "PCI_PermanentWorkingCapital": 0, "PCI_Miscellaneous": 0, "ObjectId": 98}}, {"type": "Feature", "id": 99, "geometry": {"type": "Point", "coordinates": [-90.0192473, 35.080662]}, "properties": {"ProjectNumber": "ED20170201", "CompanyName": "Champions Pharmacy and Herb Store", "ProjectType": "Neighborhood Project", "LoanType": "Inner City Economic Development Loan", "Address": "2369 Elvis Presley Boulevard", "City": "Memphis", "State": "TN", "ZIP_Code": 38106, "Latitude": 35.080662, "Longitude": -90.0192473, "CityCouncilDistrict": 6, "CityCouncilSuperDistrict": 8, "CountyCommissionDistrict": 10, "Term": 3, "ProjectedNewJobs": 0, "ProjectedRetainedJobs": "4", "AveragePayroll": " $-   ", "Approved_Date": null, "LoanAmount": " $20,000.00 ", "LoanUse": "Facade improvements, roof replacement, sign repair, and parking improvements", "InterestRate": "0%", "TotalProjectedCapitalInvestment": " $33,600.00 ", "PCI_RealProperty": 33600, "PCI_Acquisition": 0, "PCI_Construction": 0, "PCI_Renovation": 0, "PCI_MachineryEquipment": 0, "PCI_FurnitureFixturesOffice": 0, "PCI_Equipment": 0, "PCI_FeesSoftCosts": 0, "PCI_PermanentWorkingCapital": 0, "PCI_Miscellaneous": 0, "ObjectId": 99}}, {"type": "Feature", "id": 100, "geometry": {"type": "Point", "coordinates": [-90.0338928, 35.1283345]}, "properties": {"ProjectNumber": "ED20170202", "CompanyName": "Park Place Recycling & Logistics", "ProjectType": "Neighborhood Project", "LoanType": "Inner City Economic Development Loan", "Address": "815 East Georgia Avenue", "City": "Memphis", "State": "TN", "ZIP_Code": 38126, "Latitude": 35.1283345, "Longitude": -90.0338928, "CityCouncilDistrict": 6, "CityCouncilSuperDistrict": 8, "CountyCommissionDistrict": 8, "Term": 3, "ProjectedNewJobs": 5, "ProjectedRetainedJobs": "10", "AveragePayroll": " $-   ", "Approved_Date": null, "LoanAmount": " $20,000.00 ", "LoanUse": "Building improvements", "InterestRate": "0%", "TotalProjectedCapitalInvestment": " $30,000.00 ", "PCI_RealProperty": 30000, "PCI_Acquisition": 0, "PCI_Construction": 0, "PCI_Renovation": 0, "PCI_MachineryEquipment": 0, "PCI_FurnitureFixturesOffice": 0, "PCI_Equipment": 0, "PCI_FeesSoftCosts": 0, "PCI_PermanentWorkingCapital": 0, "PCI_Miscellaneous": 0, "ObjectId": 100}}, {"type": "Feature", "id": 101, "geometry": {"type": "Point", "coordinates": [-90.0220557, 35.178026]}, "properties": {"ProjectNumber": "ED20161101", "CompanyName": "Three Sisters Deli", "ProjectType": "Neighborhood Project", "LoanType": "Inner City Economic Development Loan", "Address": "1392 Kney Street", "City": "Memphis", "State": "TN", "ZIP_Code": 38107, "Latitude": 35.178026, "Longitude": -90.0220557, "CityCouncilDistrict": 7, "CityCouncilSuperDistrict": 8, "CountyCommissionDistrict": 8, "Term": 3, "ProjectedNewJobs": 3, "ProjectedRetainedJobs": "0", "AveragePayroll": " $-   ", "Approved_Date": null, "LoanAmount": " $18,946.00 ", "LoanUse": "facade improvements plumbing and electrical upgrades interior restoration and HVAC installation", "InterestRate": "0%", "TotalProjectedCapitalInvestment": " $42,508.00 ", "PCI_RealProperty": 37000, "PCI_Acquisition": 0, "PCI_Construction": 0, "PCI_Renovation": 0, "PCI_MachineryEquipment": 0, "PCI_FurnitureFixturesOffice": 0, "PCI_Equipment": 5508, "PCI_FeesSoftCosts": 0, "PCI_PermanentWorkingCapital": 0, "PCI_Miscellaneous": 0, "ObjectId": 101}}, {"type": "Feature", "id": 102, "geometry": {"type": "Point", "coordinates": [-90.0424436, 35.1188982]}, "properties": {"ProjectNumber": "ED20161102", "CompanyName": "Knowledge Quest", "ProjectType": "Neighborhood Project", "LoanType": "Inner City Economic Development Loan", "Address": "590 Jennette Place", "City": "Memphis", "State": "TN", "ZIP_Code": 38126, "Latitude": 35.1188982, "Longitude": -90.0424436, "CityCouncilDistrict": 6, "CityCouncilSuperDistrict": 8, "CountyCommissionDistrict": 8, "Term": 3, "ProjectedNewJobs": 8, "ProjectedRetainedJobs": "12", "AveragePayroll": " $-   ", "Approved_Date": null, "LoanAmount": " $20,000.00 ", "LoanUse": "Building Improvements", "InterestRate": "0%", "TotalProjectedCapitalInvestment": " $30,040.00 ", "PCI_RealProperty": 30040, "PCI_Acquisition": 0, "PCI_Construction": 0, "PCI_Renovation": 0, "PCI_MachineryEquipment": 0, "PCI_FurnitureFixturesOffice": 0, "PCI_Equipment": 0, "PCI_FeesSoftCosts": 0, "PCI_PermanentWorkingCapital": 0, "PCI_Miscellaneous": 0, "ObjectId": 102}}, {"type": "Feature", "id": 103, "geometry": {"type": "Point", "coordinates": [-90.0208605, 35.1182591]}, "properties": {"ProjectNumber": "ED20161103", "CompanyName": "South Memphis Alliance, Inc.", "ProjectType": "Neighborhood Project", "LoanType": "Inner City Economic Development Loan", "Address": "1231 Walker Avenue", "City": "Memphis", "State": "TN", "ZIP_Code": 38106, "Latitude": 35.1182591, "Longitude": -90.0208605, "CityCouncilDistrict": 4, "CityCouncilSuperDistrict": 8, "CountyCommissionDistrict": 8, "Term": 3, "ProjectedNewJobs": 0, "ProjectedRetainedJobs": "5", "AveragePayroll": " $-   ", "Approved_Date": null, "LoanAmount": " $20,000.00 ", "LoanUse": "Property improvements", "InterestRate": "0%", "TotalProjectedCapitalInvestment": " $38,200.00 ", "PCI_RealProperty": 38200, "PCI_Acquisition": 0, "PCI_Construction": 0, "PCI_Renovation": 0, "PCI_MachineryEquipment": 0, "PCI_FurnitureFixturesOffice": 0, "PCI_Equipment": 0, "PCI_FeesSoftCosts": 0, "PCI_PermanentWorkingCapital": 0, "PCI_Miscellaneous": 0, "ObjectId": 103}}, {"type": "Feature", "id": 104, "geometry": {"type": "Point", "coordinates": [-90.0598428, 35.1102084]}, "properties": {"ProjectNumber": "ED20160901", "CompanyName": "Neighborhood Grocery", "ProjectType": "Neighborhood Project", "LoanType": "Inner City Economic Development Loan", "Address": "1362 South Main Street", "City": "Memphis", "State": "TN", "ZIP_Code": 38106, "Latitude": 35.1102084, "Longitude": -90.0598428, "CityCouncilDistrict": 6, "CityCouncilSuperDistrict": 8, "CountyCommissionDistrict": 8, "Term": 3, "ProjectedNewJobs": 2, "ProjectedRetainedJobs": "2", "AveragePayroll": " $-   ", "Approved_Date": null, "LoanAmount": " $18,278.00 ", "LoanUse": "Facade Improvements", "InterestRate": "0%", "TotalProjectedCapitalInvestment": " $30,500.00 ", "PCI_RealProperty": 29088, "PCI_Acquisition": 0, "PCI_Construction": 0, "PCI_Renovation": 0, "PCI_MachineryEquipment": 0, "PCI_FurnitureFixturesOffice": 0, "PCI_Equipment": 1401, "PCI_FeesSoftCosts": 0, "PCI_PermanentWorkingCapital": 0, "PCI_Miscellaneous": 0, "ObjectId": 104}}, {"type": "Feature", "id": 105, "geometry": {"type": "Point", "coordinates": [-89.8751487, 35.074825]}, "properties": {"ProjectNumber": "ED20160902", "CompanyName": "April House Premier", "ProjectType": "Neighborhood Project", "LoanType": "Inner City Economic Development Loan", "Address": "5650 Mt. Moriah", "City": "Memphis", "State": "TN", "ZIP_Code": 38115, "Latitude": 35.074825, "Longitude": -89.8751487, "CityCouncilDistrict": 4, "CityCouncilSuperDistrict": 8, "CountyCommissionDistrict": 11, "Term": 3, "ProjectedNewJobs": 4, "ProjectedRetainedJobs": "4", "AveragePayroll": " $-   ", "Approved_Date": null, "LoanAmount": " $8,255.00 ", "LoanUse": "Building Improvements", "InterestRate": "0%", "TotalProjectedCapitalInvestment": " $18,132.00 ", "PCI_RealProperty": 8882, "PCI_Acquisition": 0, "PCI_Construction": 0, "PCI_Renovation": 0, "PCI_MachineryEquipment": 0, "PCI_FurnitureFixturesOffice": 0, "PCI_Equipment": 0, "PCI_FeesSoftCosts": 0, "PCI_PermanentWorkingCapital": 0, "PCI_Miscellaneous": 3500, "ObjectId": 105}}, {"type": "Feature", "id": 106, "geometry": {"type": "Point", "coordinates": [-90.0121076, 35.1386951]}, "properties": {"ProjectNumber": "ED20160903", "CompanyName": "Drus Place", "ProjectType": "Neighborhood Project", "LoanType": "Inner City Economic Development Loan", "Address": "1474 Madison Avenue", "City": "Memphis", "State": "TN", "ZIP_Code": 38104, "Latitude": 35.1386951, "Longitude": -90.0121076, "CityCouncilDistrict": 6, "CityCouncilSuperDistrict": 8, "CountyCommissionDistrict": 8, "Term": 3, "ProjectedNewJobs": 2, "ProjectedRetainedJobs": "4", "AveragePayroll": " $-   ", "Approved_Date": null, "LoanAmount": " $16,940.00 ", "LoanUse": "Facade Improvements", "InterestRate": "0%", "TotalProjectedCapitalInvestment": " $25,410.00 ", "PCI_RealProperty": 22091, "PCI_Acquisition": 0, "PCI_Construction": 0, "PCI_Renovation": 0, "PCI_MachineryEquipment": 0, "PCI_FurnitureFixturesOffice": 0, "PCI_Equipment": 0, "PCI_FeesSoftCosts": 0, "PCI_PermanentWorkingCapital": 0, "PCI_Miscellaneous": 3319, "ObjectId": 106}}, {"type": "Feature", "id": 107, "geometry": {"type": "Point", "coordinates": [-90.0089811, 35.0213987]}, "properties": {"ProjectNumber": "ED20160701", "CompanyName": "The Barber Institute dba Success Barber College", "ProjectType": "Neighborhood Project", "LoanType": "Inner City Economic Development Loan", "Address": "1642 Shelby Drive", "City": "Memphis", "State": "TN", "ZIP_Code": 38116, "Latitude": 35.0213987, "Longitude": -90.0089811, "CityCouncilDistrict": 3, "CityCouncilSuperDistrict": 8, "CountyCommissionDistrict": 9, "Term": 3, "ProjectedNewJobs": 2, "ProjectedRetainedJobs": "1", "AveragePayroll": " $-   ", "Approved_Date": null, "LoanAmount": " $25,000.00 ", "LoanUse": "Building improvements", "InterestRate": "0%", "TotalProjectedCapitalInvestment": " $99,010.00 ", "PCI_RealProperty": 0, "PCI_Acquisition": 0, "PCI_Construction": 0, "PCI_Renovation": 0, "PCI_MachineryEquipment": 0, "PCI_FurnitureFixturesOffice": 0, "PCI_Equipment": 0, "PCI_FeesSoftCosts": 0, "PCI_PermanentWorkingCapital": 0, "PCI_Miscellaneous": 0, "ObjectId": 107}}, {"type": "Feature", "id": 108, "geometry": {"type": "Point", "coordinates": [-89.9608825, 35.115124]}, "properties": {"ProjectNumber": "ED20160501", "CompanyName": "The Choo", "ProjectType": "Neighborhood Project", "LoanType": "Inner City Economic Development Loan", "Address": "3045 Southern Avenue", "City": "Memphis", "State": "TN", "ZIP_Code": 38111, "Latitude": 35.115124, "Longitude": -89.9608825, "CityCouncilDistrict": 4, "CityCouncilSuperDistrict": 8, "CountyCommissionDistrict": 10, "Term": 3, "ProjectedNewJobs": 0, "ProjectedRetainedJobs": "4", "AveragePayroll": " $-   ", "Approved_Date": null, "LoanAmount": " $25,000.00 ", "LoanUse": "Building Improvements", "InterestRate": "0%", "TotalProjectedCapitalInvestment": " $39,958.00 ", "PCI_RealProperty": 30317, "PCI_Acquisition": 0, "PCI_Construction": 0, "PCI_Renovation": 0, "PCI_MachineryEquipment": 0, "PCI_FurnitureFixturesOffice": 1800, "PCI_Equipment": 950, "PCI_FeesSoftCosts": 0, "PCI_PermanentWorkingCapital": 0, "PCI_Miscellaneous": 6891, "ObjectId": 108}}, {"type": "Feature", "id": 109, "geometry": {"type": "Point", "coordinates": [-89.967506, 35.148269]}, "properties": {"ProjectNumber": "ED20160502", "CompanyName": "CityWood, LLC", "ProjectType": "Neighborhood Project", "LoanType": "Inner City Economic Development Loan", "Address": "583 Scott Street", "City": "Memphis", "State": "TN", "ZIP_Code": 38112, "Latitude": 35.148269, "Longitude": -89.967506, "CityCouncilDistrict": 5, "CityCouncilSuperDistrict": 9, "CountyCommissionDistrict": 7, "Term": 3, "ProjectedNewJobs": 4, "ProjectedRetainedJobs": "2", "AveragePayroll": " $-   ", "Approved_Date": null, "LoanAmount": " $25,000.00 ", "LoanUse": "Building Improvements", "InterestRate": "0%", "TotalProjectedCapitalInvestment": " $66,000.00 ", "PCI_RealProperty": 52000, "PCI_Acquisition": 0, "PCI_Construction": 0, "PCI_Renovation": 14000, "PCI_MachineryEquipment": 0, "PCI_FurnitureFixturesOffice": 0, "PCI_Equipment": 0, "PCI_FeesSoftCosts": 0, "PCI_PermanentWorkingCapital": 0, "PCI_Miscellaneous": 0, "ObjectId": 109}}, {"type": "Feature", "id": 110, "geometry": {"type": "Point", "coordinates": [-89.9587391, 35.2220171]}, "properties": {"ProjectNumber": "ED20160503", "CompanyName": "On the Spot Cuts and Styles", "ProjectType": "Neighborhood Project", "LoanType": "Inner City Economic Development Loan", "Address": "3147 Frayser Boulevard", "City": "Mempis", "State": "TN", "ZIP_Code": 38128, "Latitude": 35.2220171, "Longitude": -89.9587391, "CityCouncilDistrict": 1, "CityCouncilSuperDistrict": 9, "CountyCommissionDistrict": 6, "Term": 3, "ProjectedNewJobs": 5, "ProjectedRetainedJobs": "6", "AveragePayroll": " $-   ", "Approved_Date": null, "LoanAmount": " $25,000.00 ", "LoanUse": "Building Improvements", "InterestRate": "0%", "TotalProjectedCapitalInvestment": " $39,674.00 ", "PCI_RealProperty": 11880, "PCI_Acquisition": 0, "PCI_Construction": 0, "PCI_Renovation": 14400, "PCI_MachineryEquipment": 0, "PCI_FurnitureFixturesOffice": 0, "PCI_Equipment": 0, "PCI_FeesSoftCosts": 5279, "PCI_PermanentWorkingCapital": 0, "PCI_Miscellaneous": 8115, "ObjectId": 110}}, {"type": "Feature", "id": 111, "geometry": {"type": "Point", "coordinates": [-90.0704613, 35.0913303]}, "properties": {"ProjectNumber": "ED20160203", "CompanyName": "MAAEs Market", "ProjectType": "Neighborhood Project", "LoanType": "Inner City Economic Development Loan", "Address": "2063 Castex Street", "City": "Memphis", "State": "TN", "ZIP_Code": 38109, "Latitude": 35.0913303, "Longitude": -90.0704613, "CityCouncilDistrict": 6, "CityCouncilSuperDistrict": 8, "CountyCommissionDistrict": 9, "Term": 3, "ProjectedNewJobs": 4, "ProjectedRetainedJobs": "0", "AveragePayroll": " $-   ", "Approved_Date": null, "LoanAmount": " $21,499.00 ", "LoanUse": "Building Improvements", "InterestRate": "0%", "TotalProjectedCapitalInvestment": " $32,249.00 ", "PCI_RealProperty": 24520, "PCI_Acquisition": 0, "PCI_Construction": 0, "PCI_Renovation": 0, "PCI_MachineryEquipment": 0, "PCI_FurnitureFixturesOffice": 1980, "PCI_Equipment": 2973, "PCI_FeesSoftCosts": 0, "PCI_PermanentWorkingCapital": 0, "PCI_Miscellaneous": 2776, "ObjectId": 111}}, {"type": "Feature", "id": 112, "geometry": {"type": "Point", "coordinates": [-90.0143272, 35.2364709]}, "properties": {"ProjectNumber": "ED20160204", "CompanyName": "Restoration House Boxing Academy", "ProjectType": "Neighborhood Project", "LoanType": "Inner City Economic Development Loan", "Address": "4050 North Watkins", "City": "Memphis", "State": "TN", "ZIP_Code": 38127, "Latitude": 35.2364709, "Longitude": -90.0143272, "CityCouncilDistrict": 7, "CityCouncilSuperDistrict": 8, "CountyCommissionDistrict": 7, "Term": 3, "ProjectedNewJobs": 0, "ProjectedRetainedJobs": "1", "AveragePayroll": " $-   ", "Approved_Date": null, "LoanAmount": " $7,190.00 ", "LoanUse": "Building Improvements", "InterestRate": "0%", "TotalProjectedCapitalInvestment": " $10,785.00 ", "PCI_RealProperty": 10785, "PCI_Acquisition": 0, "PCI_Construction": 0, "PCI_Renovation": 0, "PCI_MachineryEquipment": 0, "PCI_FurnitureFixturesOffice": 0, "PCI_Equipment": 0, "PCI_FeesSoftCosts": 0, "PCI_PermanentWorkingCapital": 0, "PCI_Miscellaneous": 0, "ObjectId": 112}}, {"type": "Feature", "id": 113, "geometry": {"type": "Point", "coordinates": [-89.9872599, 35.0850343]}, "properties": {"ProjectNumber": "ED20160301", "CompanyName": "Major & Son Master Muffler", "ProjectType": "Neighborhood Project", "LoanType": "Inner City Economic Development Loan", "Address": "2207 Airways", "City": "Memphis", "State": "TN", "ZIP_Code": 38114, "Latitude": 35.0850343, "Longitude": -89.9872599, "CityCouncilDistrict": 6, "CityCouncilSuperDistrict": 8, "CountyCommissionDistrict": 10, "Term": 3, "ProjectedNewJobs": 0, "ProjectedRetainedJobs": "2", "AveragePayroll": " $-   ", "Approved_Date": null, "LoanAmount": " $25,000.00 ", "LoanUse": "Building Improvements", "InterestRate": "0%", "TotalProjectedCapitalInvestment": " $62,865.00 ", "PCI_RealProperty": 51740, "PCI_Acquisition": 0, "PCI_Construction": 0, "PCI_Renovation": 5900, "PCI_MachineryEquipment": 0, "PCI_FurnitureFixturesOffice": 625, "PCI_Equipment": 4600, "PCI_FeesSoftCosts": 0, "PCI_PermanentWorkingCapital": 0, "PCI_Miscellaneous": 0, "ObjectId": 113}}, {"type": "Feature", "id": 114, "geometry": {"type": "Point", "coordinates": [-89.9722871, 35.1475463]}, "properties": {"ProjectNumber": "ED20151203", "CompanyName": "Falling into Place", "ProjectType": "Neighborhood Project", "LoanType": "Inner City Economic Development Loan", "Address": "2613 Broad Avenue", "City": "Memphis", "State": "TN", "ZIP_Code": 38112, "Latitude": 35.1475463, "Longitude": -89.9722871, "CityCouncilDistrict": 5, "CityCouncilSuperDistrict": 9, "CountyCommissionDistrict": 7, "Term": 3, "ProjectedNewJobs": 1, "ProjectedRetainedJobs": "2", "AveragePayroll": " $-   ", "Approved_Date": null, "LoanAmount": " $25,000.00 ", "LoanUse": "Building Improvements", "InterestRate": "0%", "TotalProjectedCapitalInvestment": " $58,630.00 ", "PCI_RealProperty": 31917, "PCI_Acquisition": 0, "PCI_Construction": 4743, "PCI_Renovation": 18690, "PCI_MachineryEquipment": 0, "PCI_FurnitureFixturesOffice": 0, "PCI_Equipment": 0, "PCI_FeesSoftCosts": 0, "PCI_PermanentWorkingCapital": 0, "PCI_Miscellaneous": 3280, "ObjectId": 114}}, {"type": "Feature", "id": 115, "geometry": {"type": "Point", "coordinates": [-90.019348, 35.0815243]}, "properties": {"ProjectNumber": "ED20151201", "CompanyName": "J&H Graphic Screen Printing, Inc.", "ProjectType": "Neighborhood Project", "LoanType": "Inner City Economic Development Loan", "Address": "2331 Elvis Presley", "City": "Memphis", "State": "TN", "ZIP_Code": 38106, "Latitude": 35.0815243, "Longitude": -90.019348, "CityCouncilDistrict": 6, "CityCouncilSuperDistrict": 8, "CountyCommissionDistrict": 10, "Term": 3, "ProjectedNewJobs": 10, "ProjectedRetainedJobs": "4", "AveragePayroll": " $-   ", "Approved_Date": null, "LoanAmount": " $21,310.00 ", "LoanUse": "Building Improvements", "InterestRate": "0%", "TotalProjectedCapitalInvestment": " $31,966.00 ", "PCI_RealProperty": 19020, "PCI_Acquisition": 0, "PCI_Construction": 0, "PCI_Renovation": 0, "PCI_MachineryEquipment": 0, "PCI_FurnitureFixturesOffice": 7946, "PCI_Equipment": 0, "PCI_FeesSoftCosts": 0, "PCI_PermanentWorkingCapital": 0, "PCI_Miscellaneous": 5000, "ObjectId": 115}}, {"type": "Feature", "id": 116, "geometry": {"type": "Point", "coordinates": [-89.9453559, 35.1159061]}, "properties": {"ProjectNumber": "ED20151202", "CompanyName": "Lodestone Design", "ProjectType": "Neighborhood Project", "LoanType": "Inner City Economic Development Loan", "Address": "578 South Highland", "City": "Memphis", "State": "TN", "ZIP_Code": 38111, "Latitude": 35.1159061, "Longitude": -89.9453559, "CityCouncilDistrict": 5, "CityCouncilSuperDistrict": 9, "CountyCommissionDistrict": 13, "Term": 3, "ProjectedNewJobs": 0, "ProjectedRetainedJobs": "1", "AveragePayroll": " $-   ", "Approved_Date": null, "LoanAmount": " $25,000.00 ", "LoanUse": "Building Improvements", "InterestRate": "0%", "TotalProjectedCapitalInvestment": " $40,491.00 ", "PCI_RealProperty": 28153, "PCI_Acquisition": 0, "PCI_Construction": 0, "PCI_Renovation": 0, "PCI_MachineryEquipment": 0, "PCI_FurnitureFixturesOffice": 0, "PCI_Equipment": 0, "PCI_FeesSoftCosts": 4338, "PCI_PermanentWorkingCapital": 0, "PCI_Miscellaneous": 8000, "ObjectId": 116}}, {"type": "Feature", "id": 117, "geometry": {"type": "Point", "coordinates": [-89.9550583, 35.0217269]}, "properties": {"ProjectNumber": "ED20151204", "CompanyName": "Gs Wings, Fish, Burgers & ?ÿMore", "ProjectType": "Neighborhood Project", "LoanType": "Inner City Economic Development Loan", "Address": "4635 Tuchulahoma Road", "City": "Memphis", "State": "TN", "ZIP_Code": 38118, "Latitude": 35.0217269, "Longitude": -89.9550583, "CityCouncilDistrict": 3, "CityCouncilSuperDistrict": 8, "CountyCommissionDistrict": 11, "Term": 3, "ProjectedNewJobs": 0, "ProjectedRetainedJobs": "3", "AveragePayroll": " $-   ", "Approved_Date": null, "LoanAmount": " $25,000.00 ", "LoanUse": "Building Improvement", "InterestRate": "0%", "TotalProjectedCapitalInvestment": " $38,533.00 ", "PCI_RealProperty": 10506, "PCI_Acquisition": 0, "PCI_Construction": 353, "PCI_Renovation": 6828, "PCI_MachineryEquipment": 0, "PCI_FurnitureFixturesOffice": 0, "PCI_Equipment": 20846, "PCI_FeesSoftCosts": 0, "PCI_PermanentWorkingCapital": 0, "PCI_Miscellaneous": 0, "ObjectId": 117}}, {"type": "Feature", "id": 118, "geometry": {"type": "Point", "coordinates": [-89.971831, 35.1474579]}, "properties": {"ProjectNumber": "ED20151001", "CompanyName": "City and State, LLC", "ProjectType": "Neighborhood Project", "LoanType": "Inner City Economic Development Loan", "Address": "2625 Broad Avenue", "City": "Memphis", "State": "TN", "ZIP_Code": 38112, "Latitude": 35.1474579, "Longitude": -89.971831, "CityCouncilDistrict": 5, "CityCouncilSuperDistrict": 9, "CountyCommissionDistrict": 7, "Term": 3, "ProjectedNewJobs": 3, "ProjectedRetainedJobs": "7", "AveragePayroll": " $-   ", "Approved_Date": null, "LoanAmount": " $25,000.00 ", "LoanUse": "Facade Improvements", "InterestRate": "0%", "TotalProjectedCapitalInvestment": " $124,410.00 ", "PCI_RealProperty": 27500, "PCI_Acquisition": 0, "PCI_Construction": 0, "PCI_Renovation": 32000, "PCI_MachineryEquipment": 0, "PCI_FurnitureFixturesOffice": 64910, "PCI_Equipment": 0, "PCI_FeesSoftCosts": 0, "PCI_PermanentWorkingCapital": 0, "PCI_Miscellaneous": 0, "ObjectId": 118}}, {"type": "Feature", "id": 119, "geometry": {"type": "Point", "coordinates": [-89.9607732, 35.147555]}, "properties": {"ProjectNumber": "ED20151002", "CompanyName": "The Rec Room", "ProjectType": "Neighborhood Project", "LoanType": "Inner City Economic Development Loan", "Address": "3000 Broad Avenue", "City": "Memphis", "State": "TN", "ZIP_Code": 38112, "Latitude": 35.147555, "Longitude": -89.9607732, "CityCouncilDistrict": 5, "CityCouncilSuperDistrict": 9, "CountyCommissionDistrict": 7, "Term": 3, "ProjectedNewJobs": 4, "ProjectedRetainedJobs": "20", "AveragePayroll": " $-   ", "Approved_Date": null, "LoanAmount": " $25,000.00 ", "LoanUse": "Facade Improvements", "InterestRate": "0%", "TotalProjectedCapitalInvestment": " $181,528.00 ", "PCI_RealProperty": 0, "PCI_Acquisition": 0, "PCI_Construction": 0, "PCI_Renovation": 83702, "PCI_MachineryEquipment": 0, "PCI_FurnitureFixturesOffice": 97826, "PCI_Equipment": 0, "PCI_FeesSoftCosts": 0, "PCI_PermanentWorkingCapital": 0, "PCI_Miscellaneous": 0, "ObjectId": 119}}, {"type": "Feature", "id": 120, "geometry": {"type": "Point", "coordinates": [-90.034019, 35.1310969]}, "properties": {"ProjectNumber": "ED20151003", "CompanyName": "Advance Memphis", "ProjectType": "Neighborhood Project", "LoanType": "Inner City Economic Development Loan", "Address": "575 Suzette Street", "City": "Memphis", "State": "TN", "ZIP_Code": 38126, "Latitude": 35.1310969, "Longitude": -90.034019, "CityCouncilDistrict": 6, "CityCouncilSuperDistrict": 8, "CountyCommissionDistrict": 8, "Term": 3, "ProjectedNewJobs": 6, "ProjectedRetainedJobs": "15", "AveragePayroll": " $-   ", "Approved_Date": null, "LoanAmount": " $25,000.00 ", "LoanUse": "Facade Improvements", "InterestRate": "0%", "TotalProjectedCapitalInvestment": " $225,487.00 ", "PCI_RealProperty": 188087, "PCI_Acquisition": 0, "PCI_Construction": 0, "PCI_Renovation": 25000, "PCI_MachineryEquipment": 0, "PCI_FurnitureFixturesOffice": 12400, "PCI_Equipment": 0, "PCI_FeesSoftCosts": 0, "PCI_PermanentWorkingCapital": 0, "PCI_Miscellaneous": 0, "ObjectId": 120}}, {"type": "Feature", "id": 121, "geometry": {"type": "Point", "coordinates": [-90.0430453, 35.134305]}, "properties": {"ProjectNumber": "ED20151004", "CompanyName": "Health Tech Institute of Memphis", "ProjectType": "Neighborhood Project", "LoanType": "Inner City Economic Development Loan", "Address": "571 Vance Avenue", "City": "Memphis", "State": "TN", "ZIP_Code": 38126, "Latitude": 35.134305, "Longitude": -90.0430453, "CityCouncilDistrict": 6, "CityCouncilSuperDistrict": 8, "CountyCommissionDistrict": 8, "Term": 3, "ProjectedNewJobs": 4, "ProjectedRetainedJobs": "3", "AveragePayroll": " $-   ", "Approved_Date": null, "LoanAmount": " $25,000.00 ", "LoanUse": "Facade Improvements", "InterestRate": "0%", "TotalProjectedCapitalInvestment": " $37,500.00 ", "PCI_RealProperty": 7500, "PCI_Acquisition": 0, "PCI_Construction": 0, "PCI_Renovation": 30000, "PCI_MachineryEquipment": 0, "PCI_FurnitureFixturesOffice": 0, "PCI_Equipment": 0, "PCI_FeesSoftCosts": 0, "PCI_PermanentWorkingCapital": 0, "PCI_Miscellaneous": 0, "ObjectId": 121}}, {"type": "Feature", "id": 122, "geometry": {"type": "Point", "coordinates": [-90.0345764, 35.1088319]}, "properties": {"ProjectNumber": "ED20150901", "CompanyName": "Jim and Samellas", "ProjectType": "Neighborhood Project", "LoanType": "Inner City Economic Development Loan", "Address": "841 Bullington Avenue", "City": "Memphis", "State": "TN", "ZIP_Code": 38106, "Latitude": 35.1088319, "Longitude": -90.0345764, "CityCouncilDistrict": 4, "CityCouncilSuperDistrict": 8, "CountyCommissionDistrict": 8, "Term": 3, "ProjectedNewJobs": 5, "ProjectedRetainedJobs": "3", "AveragePayroll": " $-   ", "Approved_Date": null, "LoanAmount": " $25,000.00 ", "LoanUse": "Facade and Interior Improvements", "InterestRate": "0%", "TotalProjectedCapitalInvestment": " $61,000.00 ", "PCI_RealProperty": 8000, "PCI_Acquisition": 0, "PCI_Construction": 0, "PCI_Renovation": 37000, "PCI_MachineryEquipment": 0, "PCI_FurnitureFixturesOffice": 16000, "PCI_Equipment": 0, "PCI_FeesSoftCosts": 0, "PCI_PermanentWorkingCapital": 0, "PCI_Miscellaneous": 0, "ObjectId": 122}}, {"type": "Feature", "id": 123, "geometry": {"type": "Point", "coordinates": [-89.9649895, 35.1365106]}, "properties": {"ProjectNumber": "ED20150902", "CompanyName": "Camys Inc", "ProjectType": "Neighborhood Project", "LoanType": "Inner City Economic Development Loan", "Address": "2886 Walnut Grove", "City": "Memphis", "State": "TN", "ZIP_Code": 38111, "Latitude": 35.1365106, "Longitude": -89.9649895, "CityCouncilDistrict": 5, "CityCouncilSuperDistrict": 9, "CountyCommissionDistrict": 7, "Term": 3, "ProjectedNewJobs": 7, "ProjectedRetainedJobs": "16", "AveragePayroll": " $-   ", "Approved_Date": null, "LoanAmount": " $25,000.00 ", "LoanUse": "Facade and Interior Improvements", "InterestRate": "0%", "TotalProjectedCapitalInvestment": " $60,000.00 ", "PCI_RealProperty": 35000, "PCI_Acquisition": 0, "PCI_Construction": 0, "PCI_Renovation": 20000, "PCI_MachineryEquipment": 0, "PCI_FurnitureFixturesOffice": 5000, "PCI_Equipment": 0, "PCI_FeesSoftCosts": 0, "PCI_PermanentWorkingCapital": 0, "PCI_Miscellaneous": 0, "ObjectId": 123}}, {"type": "Feature", "id": 124, "geometry": {"type": "Point", "coordinates": [-89.9719404, 35.1496491]}, "properties": {"ProjectNumber": "ED20150903", "CompanyName": "Pyramid Stone", "ProjectType": "Neighborhood Project", "LoanType": "Inner City Economic Development Loan", "Address": "2615 Summer Avenue", "City": "Memphis", "State": "TN", "ZIP_Code": 38112, "Latitude": 35.1496491, "Longitude": -89.9719404, "CityCouncilDistrict": 5, "CityCouncilSuperDistrict": 9, "CountyCommissionDistrict": 7, "Term": 3, "ProjectedNewJobs": 6, "ProjectedRetainedJobs": "6", "AveragePayroll": " $-   ", "Approved_Date": null, "LoanAmount": " $25,000.00 ", "LoanUse": "Facade and Interior Improvements", "InterestRate": "0%", "TotalProjectedCapitalInvestment": " $132,713.00 ", "PCI_RealProperty": 0, "PCI_Acquisition": 0, "PCI_Construction": 0, "PCI_Renovation": 132713, "PCI_MachineryEquipment": 0, "PCI_FurnitureFixturesOffice": 0, "PCI_Equipment": 0, "PCI_FeesSoftCosts": 0, "PCI_PermanentWorkingCapital": 0, "PCI_Miscellaneous": 0, "ObjectId": 124}}, {"type": "Feature", "id": 125, "geometry": {"type": "Point", "coordinates": [-89.9771442, 35.1494326]}, "properties": {"ProjectNumber": "ED20150801", "CompanyName": "The Bikesmith", "ProjectType": "Neighborhood Project", "LoanType": "Inner City Economic Development Loan", "Address": "509 North Hollywood", "City": "Memphis", "State": "TN", "ZIP_Code": 38112, "Latitude": 35.1494326, "Longitude": -89.9771442, "CityCouncilDistrict": 5, "CityCouncilSuperDistrict": 9, "CountyCommissionDistrict": 7, "Term": 3, "ProjectedNewJobs": 3, "ProjectedRetainedJobs": "1", "AveragePayroll": " $-   ", "Approved_Date": null, "LoanAmount": " $25,000.00 ", "LoanUse": "Facade and Interior Improvements", "InterestRate": "0%", "TotalProjectedCapitalInvestment": " $37,500.00 ", "PCI_RealProperty": 0, "PCI_Acquisition": 0, "PCI_Construction": 0, "PCI_Renovation": 29000, "PCI_MachineryEquipment": 0, "PCI_FurnitureFixturesOffice": 7000, "PCI_Equipment": 0, "PCI_FeesSoftCosts": 0, "PCI_PermanentWorkingCapital": 0, "PCI_Miscellaneous": 1500, "ObjectId": 125}}, {"type": "Feature", "id": 126, "geometry": {"type": "Point", "coordinates": [-89.9694322, 35.1471074]}, "properties": {"ProjectNumber": "ED20150802", "CompanyName": "Euro Imports of Memphis", "ProjectType": "Neighborhood Project", "LoanType": "Inner City Economic Development Loan", "Address": "2699 Broad Avenue", "City": "Memphis", "State": "TN", "ZIP_Code": 38112, "Latitude": 35.1471074, "Longitude": -89.9694322, "CityCouncilDistrict": 5, "CityCouncilSuperDistrict": 9, "CountyCommissionDistrict": 7, "Term": 3, "ProjectedNewJobs": 2, "ProjectedRetainedJobs": "5", "AveragePayroll": " $-   ", "Approved_Date": null, "LoanAmount": " $25,000.00 ", "LoanUse": "Facade and Interior Improvements", "InterestRate": "0%", "TotalProjectedCapitalInvestment": " $37,500.00 ", "PCI_RealProperty": 10930, "PCI_Acquisition": 0, "PCI_Construction": 0, "PCI_Renovation": 25000, "PCI_MachineryEquipment": 0, "PCI_FurnitureFixturesOffice": 1570, "PCI_Equipment": 0, "PCI_FeesSoftCosts": 0, "PCI_PermanentWorkingCapital": 0, "PCI_Miscellaneous": 0, "ObjectId": 126}}, {"type": "Feature", "id": 127, "geometry": {"type": "Point", "coordinates": [-90.056231, 35.1337195]}, "properties": {"ProjectNumber": "ED20150803", "CompanyName": "Motamedi GlasArt", "ProjectType": "Neighborhood Project", "LoanType": "Inner City Economic Development Loan", "Address": "492 South Second Street", "City": "Memphis", "State": "TN", "ZIP_Code": 38103, "Latitude": 35.1337195, "Longitude": -90.056231, "CityCouncilDistrict": 7, "CityCouncilSuperDistrict": 8, "CountyCommissionDistrict": 8, "Term": 3, "ProjectedNewJobs": 0, "ProjectedRetainedJobs": "1", "AveragePayroll": " $-   ", "Approved_Date": null, "LoanAmount": " $25,000.00 ", "LoanUse": "Facade and Interior Improvements", "InterestRate": "0%", "TotalProjectedCapitalInvestment": " $40,043.00 ", "PCI_RealProperty": 13349, "PCI_Acquisition": 0, "PCI_Construction": 0, "PCI_Renovation": 25000, "PCI_MachineryEquipment": 0, "PCI_FurnitureFixturesOffice": 1694, "PCI_Equipment": 0, "PCI_FeesSoftCosts": 0, "PCI_PermanentWorkingCapital": 0, "PCI_Miscellaneous": 0, "ObjectId": 127}}, {"type": "Feature", "id": 128, "geometry": {"type": "Point", "coordinates": [-90.0296398, 35.115277]}, "properties": {"ProjectNumber": "ED20150201", "CompanyName": "Tylers Grocery", "ProjectType": "Neighborhood Project", "LoanType": "Inner City Economic Development Loan", "Address": "973 East McLemore Avenue", "City": "Memphis", "State": "TN", "ZIP_Code": 38106, "Latitude": 35.115277, "Longitude": -90.0296398, "CityCouncilDistrict": 4, "CityCouncilSuperDistrict": 8, "CountyCommissionDistrict": 8, "Term": 3, "ProjectedNewJobs": 2, "ProjectedRetainedJobs": "2", "AveragePayroll": " $-   ", "Approved_Date": null, "LoanAmount": " $22,000.00 ", "LoanUse": "Facade and Interior Improvements", "InterestRate": "0%", "TotalProjectedCapitalInvestment": " $33,000.00 ", "PCI_RealProperty": 3644, "PCI_Acquisition": 0, "PCI_Construction": 0, "PCI_Renovation": 29356, "PCI_MachineryEquipment": 0, "PCI_FurnitureFixturesOffice": 0, "PCI_Equipment": 0, "PCI_FeesSoftCosts": 0, "PCI_PermanentWorkingCapital": 0, "PCI_Miscellaneous": 0, "ObjectId": 128}}, {"type": "Feature", "id": 129, "geometry": {"type": "Point", "coordinates": [-90.0388858, 35.1193486]}, "properties": {"ProjectNumber": "ED20150202", "CompanyName": "P&M Catering", "ProjectType": "Neighborhood Project", "LoanType": "Inner City Economic Development Loan", "Address": "1011 Mississippi Boulevard", "City": "Memphis", "State": "TN", "ZIP_Code": 38106, "Latitude": 35.1193486, "Longitude": -90.0388858, "CityCouncilDistrict": 6, "CityCouncilSuperDistrict": 8, "CountyCommissionDistrict": 8, "Term": 3, "ProjectedNewJobs": 7, "ProjectedRetainedJobs": "0", "AveragePayroll": " $-   ", "Approved_Date": null, "LoanAmount": " $25,000.00 ", "LoanUse": "Facade and Interior Improvements", "InterestRate": "0%", "TotalProjectedCapitalInvestment": " $95,400.00 ", "PCI_RealProperty": 35000, "PCI_Acquisition": 0, "PCI_Construction": 0, "PCI_Renovation": 50000, "PCI_MachineryEquipment": 0, "PCI_FurnitureFixturesOffice": 10400, "PCI_Equipment": 0, "PCI_FeesSoftCosts": 0, "PCI_PermanentWorkingCapital": 0, "PCI_Miscellaneous": 0, "ObjectId": 129}}, {"type": "Feature", "id": 130, "geometry": {"type": "Point", "coordinates": [-89.9747655, 35.1477808]}, "properties": {"ProjectNumber": "ED20141101", "CompanyName": "Metalworks", "ProjectType": "Neighborhood Project", "LoanType": "Inner City Economic Development Loan", "Address": "2537 Broad Avenue", "City": "Memphis", "State": "TN", "ZIP_Code": 38112, "Latitude": 35.1477808, "Longitude": -89.9747655, "CityCouncilDistrict": 5, "CityCouncilSuperDistrict": 9, "CountyCommissionDistrict": 7, "Term": 3, "ProjectedNewJobs": 0, "ProjectedRetainedJobs": "0", "AveragePayroll": " $-   ", "Approved_Date": null, "LoanAmount": " $25,000.00 ", "LoanUse": "Facade Improvement", "InterestRate": "0%", "TotalProjectedCapitalInvestment": " $37,500.00 ", "PCI_RealProperty": 12500, "PCI_Acquisition": 0, "PCI_Construction": 0, "PCI_Renovation": 25000, "PCI_MachineryEquipment": 0, "PCI_FurnitureFixturesOffice": 0, "PCI_Equipment": 0, "PCI_FeesSoftCosts": 0, "PCI_PermanentWorkingCapital": 0, "PCI_Miscellaneous": 0, "ObjectId": 130}}, {"type": "Feature", "id": 131, "geometry": {"type": "Point", "coordinates": [-89.9729322, 35.1496456]}, "properties": {"ProjectNumber": "ED20141102", "CompanyName": "Propcellar Vintage Rentals", "ProjectType": "Neighborhood Project", "LoanType": "Inner City Economic Development Loan", "Address": "2585 Summer Avenue", "City": "Memphis", "State": "TN", "ZIP_Code": 38112, "Latitude": 35.1496456, "Longitude": -89.9729322, "CityCouncilDistrict": 5, "CityCouncilSuperDistrict": 9, "CountyCommissionDistrict": 7, "Term": 3, "ProjectedNewJobs": 6, "ProjectedRetainedJobs": "1", "AveragePayroll": " $-   ", "Approved_Date": null, "LoanAmount": " $25,000.00 ", "LoanUse": "Facade Improvement", "InterestRate": "0%", "TotalProjectedCapitalInvestment": " $269,625.00 ", "PCI_RealProperty": 244625, "PCI_Acquisition": 0, "PCI_Construction": 0, "PCI_Renovation": 25000, "PCI_MachineryEquipment": 0, "PCI_FurnitureFixturesOffice": 0, "PCI_Equipment": 0, "PCI_FeesSoftCosts": 0, "PCI_PermanentWorkingCapital": 0, "PCI_Miscellaneous": 0, "ObjectId": 131}}, {"type": "Feature", "id": 132, "geometry": {"type": "Point", "coordinates": [-89.9753647, 35.1478059]}, "properties": {"ProjectNumber": "ED20140901", "CompanyName": "Goode Development", "ProjectType": "Neighborhood Project", "LoanType": "Inner City Economic Development Loan", "Address": "2519 Broad Avenue", "City": "Memphis", "State": "TN", "ZIP_Code": 38112, "Latitude": 35.1478059, "Longitude": -89.9753647, "CityCouncilDistrict": 5, "CityCouncilSuperDistrict": 9, "CountyCommissionDistrict": 7, "Term": 3, "ProjectedNewJobs": 25, "ProjectedRetainedJobs": "0", "AveragePayroll": " $-   ", "Approved_Date": null, "LoanAmount": " $25,000.00 ", "LoanUse": "Facade Improvement", "InterestRate": "0%", "TotalProjectedCapitalInvestment": " $730,000.00 ", "PCI_RealProperty": 355000, "PCI_Acquisition": 0, "PCI_Construction": 355000, "PCI_Renovation": 25000, "PCI_MachineryEquipment": 0, "PCI_FurnitureFixturesOffice": 0, "PCI_Equipment": 0, "PCI_FeesSoftCosts": 0, "PCI_PermanentWorkingCapital": 0, "PCI_Miscellaneous": 0, "ObjectId": 132}}, {"type": "Feature", "id": 133, "geometry": {"type": "Point", "coordinates": [-89.8212145, 35.1841022]}, "properties": {"ProjectNumber": "ED20140801", "CompanyName": "NovaCopy", "ProjectType": "Office/HQ", "LoanType": "SBA 504 Loan", "Address": "6859 Appling Farms Pkwy", "City": "Memphis", "State": "TN", "ZIP_Code": 38133, "Latitude": 35.1841022, "Longitude": -89.8212145, "CityCouncilDistrict": 1, "CityCouncilSuperDistrict": 9, "CountyCommissionDistrict": 5, "Term": 20, "ProjectedNewJobs": 30, "ProjectedRetainedJobs": "0", "AveragePayroll": " $44,133.00 ", "Approved_Date": null, "LoanAmount": " $2,175,412.00 ", "LoanUse": "Building Construction and Equipment", "InterestRate": "Fixed rate based on sale of SBA guaranteed debentures", "TotalProjectedCapitalInvestment": " $5,438,531.00 ", "PCI_RealProperty": 0, "PCI_Acquisition": 0, "PCI_Construction": 4894677, "PCI_Renovation": 0, "PCI_MachineryEquipment": 0, "PCI_FurnitureFixturesOffice": 0, "PCI_Equipment": 543853, "PCI_FeesSoftCosts": 0, "PCI_PermanentWorkingCapital": 0, "PCI_Miscellaneous": 0, "ObjectId": 133}}, {"type": "Feature", "id": 134, "geometry": {"type": "Point", "coordinates": [-90.0527827, 35.1160665]}, "properties": {"ProjectNumber": "ED20140802", "CompanyName": "Quality Quick Cleaners", "ProjectType": "Neighborhood Project", "LoanType": "Inner City Economic Development Loan", "Address": "284 East McLemore Street", "City": "Memphis", "State": "TN", "ZIP_Code": 38106, "Latitude": 35.1160665, "Longitude": -90.0527827, "CityCouncilDistrict": 6, "CityCouncilSuperDistrict": 8, "CountyCommissionDistrict": 8, "Term": 3, "ProjectedNewJobs": 2, "ProjectedRetainedJobs": "7", "AveragePayroll": " $15,000.00 ", "Approved_Date": null, "LoanAmount": " $25,000.00 ", "LoanUse": "Facade Improvement", "InterestRate": "0%", "TotalProjectedCapitalInvestment": " $37,500.00 ", "PCI_RealProperty": 30000, "PCI_Acquisition": 0, "PCI_Construction": 0, "PCI_Renovation": 5000, "PCI_MachineryEquipment": 0, "PCI_FurnitureFixturesOffice": 0, "PCI_Equipment": 0, "PCI_FeesSoftCosts": 0, "PCI_PermanentWorkingCapital": 0, "PCI_Miscellaneous": 2500, "ObjectId": 134}}, {"type": "Feature", "id": 135, "geometry": {"type": "Point", "coordinates": [-90.0390383, 35.1197815]}, "properties": {"ProjectNumber": "ED20140803", "CompanyName": "B.G. Brooks Enterprises", "ProjectType": "Neighborhood Project", "LoanType": "Inner City Economic Development Loan", "Address": "995 Mississippi Boulevard", "City": "Memphis", "State": "TN", "ZIP_Code": 38126, "Latitude": 35.1197815, "Longitude": -90.0390383, "CityCouncilDistrict": 6, "CityCouncilSuperDistrict": 8, "CountyCommissionDistrict": 8, "Term": 3, "ProjectedNewJobs": 10, "ProjectedRetainedJobs": "0", "AveragePayroll": " $-   ", "Approved_Date": null, "LoanAmount": " $20,000.00 ", "LoanUse": "Facade Improvement", "InterestRate": "0%", "TotalProjectedCapitalInvestment": " $32,000.00 ", "PCI_RealProperty": 24000, "PCI_Acquisition": 0, "PCI_Construction": 0, "PCI_Renovation": 8000, "PCI_MachineryEquipment": 0, "PCI_FurnitureFixturesOffice": 0, "PCI_Equipment": 0, "PCI_FeesSoftCosts": 0, "PCI_PermanentWorkingCapital": 0, "PCI_Miscellaneous": 0, "ObjectId": 135}}, {"type": "Feature", "id": 136, "geometry": {"type": "Point", "coordinates": [-89.974, 35.1476517]}, "properties": {"ProjectNumber": "ED20140701", "CompanyName": "Memphis Guitar Spa", "ProjectType": "Neighborhood Project", "LoanType": "Inner City Economic Development Loan", "Address": "2561 Broad Avenue", "City": "Memphis", "State": "TN", "ZIP_Code": 38112, "Latitude": 35.1476517, "Longitude": -89.974, "CityCouncilDistrict": 5, "CityCouncilSuperDistrict": 9, "CountyCommissionDistrict": 7, "Term": 3, "ProjectedNewJobs": 5, "ProjectedRetainedJobs": "2", "AveragePayroll": " $-   ", "Approved_Date": null, "LoanAmount": " $25,000.00 ", "LoanUse": "Facade Improvement", "InterestRate": "0%", "TotalProjectedCapitalInvestment": " $50,000.00 ", "PCI_RealProperty": 0, "PCI_Acquisition": 0, "PCI_Construction": 8269, "PCI_Renovation": 37500, "PCI_MachineryEquipment": 4231, "PCI_FurnitureFixturesOffice": 0, "PCI_Equipment": 0, "PCI_FeesSoftCosts": 0, "PCI_PermanentWorkingCapital": 0, "PCI_Miscellaneous": 0, "ObjectId": 136}}, {"type": "Feature", "id": 137, "geometry": {"type": "Point", "coordinates": [-89.974332, 35.148529]}, "properties": {"ProjectNumber": "ED20140702", "CompanyName": "Handcrafted Furniture by Elmore Holmes", "ProjectType": "Neighborhood Project", "LoanType": "Inner City Economic Development Loan", "Address": "2542 Broad Avenue", "City": "Memphis", "State": "TN", "ZIP_Code": 38112, "Latitude": 35.148529, "Longitude": -89.974332, "CityCouncilDistrict": 5, "CityCouncilSuperDistrict": 9, "CountyCommissionDistrict": 7, "Term": 3, "ProjectedNewJobs": 0, "ProjectedRetainedJobs": "1", "AveragePayroll": " $-   ", "Approved_Date": null, "LoanAmount": " $25,000.00 ", "LoanUse": "Facade Improvement", "InterestRate": "0%", "TotalProjectedCapitalInvestment": " $250,000.00 ", "PCI_RealProperty": 0, "PCI_Acquisition": 0, "PCI_Construction": 25000, "PCI_Renovation": 197500, "PCI_MachineryEquipment": 25000, "PCI_FurnitureFixturesOffice": 0, "PCI_Equipment": 0, "PCI_FeesSoftCosts": 0, "PCI_PermanentWorkingCapital": 0, "PCI_Miscellaneous": 2500, "ObjectId": 137}}, {"type": "Feature", "id": 138, "geometry": {"type": "Point", "coordinates": [-89.8425685, 35.2031844]}, "properties": {"ProjectNumber": "ED20140703", "CompanyName": "H&M Health and Wellness", "ProjectType": "Neighborhood Project", "LoanType": "EDGE Loan Fund Loan", "Address": "2840 Summer Oaks", "City": "Bartlett", "State": "TN", "ZIP_Code": 38134, "Latitude": 35.2031844, "Longitude": -89.8425685, "CityCouncilDistrict": 1, "CityCouncilSuperDistrict": 8, "CountyCommissionDistrict": 3, "Term": 5, "ProjectedNewJobs": 1, "ProjectedRetainedJobs": "0", "AveragePayroll": " $35,000.00 ", "Approved_Date": null, "LoanAmount": " $50,000.00 ", "LoanUse": "Permanent Working Capital", "InterestRate": "3%", "TotalProjectedCapitalInvestment": " $90,000.00 ", "PCI_RealProperty": 0, "PCI_Acquisition": 0, "PCI_Construction": 60000, "PCI_Renovation": 0, "PCI_MachineryEquipment": 10000, "PCI_FurnitureFixturesOffice": 0, "PCI_Equipment": 0, "PCI_FeesSoftCosts": 0, "PCI_PermanentWorkingCapital": 20000, "PCI_Miscellaneous": 0, "ObjectId": 138}}]}