{"type": "FeatureCollection", "features": [{"type": "Feature", "id": 1656947, "geometry": {"type": "Point", "coordinates": [-89.935, 35.106]}, "properties": {"Crime_ID": "2602023958ME", "Offense_Datetime": 1771047900000, "Reported_Datetime": 1771048680000, "Agency_Crime_ID": "MURDER", "UCR_Incident_Code": "09A", "Block": 3800, "Street_Name": "KELLEY CIR", "Street_Address": "3800 KELLEY CIR", "City": "MEMPHIS", "State": "TN", "ZIP_Code": "38118", "Full_Address": "3800 KELLEY CIR MEMPHIS TN 38118", "Latitude": 35.106, "Longitude": -89.935, "UCR_Category": "HOMICIDE", "UCR_Description": "MURDER/NON-NEGL MSLTR", "NIBRS_Group": "A", "NIBRS_Offense_Group": "CRIMES AGAINST PERSONS", "Part_One_or_Part_Two": 1, "Ward": "322", "Precinct": "MT MORIAH", "Source_ObjectID": "685328", "ObjectId": 1656947}}, {"type": "Feature", "id": 1656948, "geometry": {"type": "Point", "coordinates": [-89.844, 35.065]}, "properties": {"Crime_ID": "2310022491ME", "Offense_Datetime": 1696612500000, "Reported_Datetime": 1696613640000, "Agency_Crime_ID": "SHOPLIFTING/MISDEMEANOR", "UCR_Incident_Code": "23C", "Block": 6500, "Street_Name": "MOUNT MORIAH RD EXT", "Street_Address": "6500 MOUNT MORIAH RD EXT", "City": "MEMPHIS", "State": "TN", "ZIP_Code": "38125", "Full_Address": "6500 MOUNT MORIAH RD EXT MEMPHIS TN 38125", "Latitude": 35.065, "Longitude": -89.844, "UCR_Category": "LARCENY/THEFT", "UCR_Description": "SHOPLIFTING", "NIBRS_Group": "A", "NIBRS_Offense_Group": "CRIMES AGAINST PROPERTY", "Part_One_or_Part_Two": 1, "Ward": "925", "Precinct": "RIDGEWAY", "Source_ObjectID": "448868", "ObjectId": 1656948}}, {"type": "Feature", "id": 1656949, "geometry": {"type": "Point", "coordinates": [-90.025, 35.213]}, "properties": {"Crime_ID": "2306005777ME", "Offense_Datetime": 1687494840000, "Reported_Datetime": 1687496520000, "Agency_Crime_ID": "AGGRAVATED ASSAULT/DV", "UCR_Incident_Code": "13A", "Block": 3100, "Street_Name": "MADEWELL DR", "Street_Address": "3100 MADEWELL DR", "City": "MEMPHIS", "State": "TN", "ZIP_Code": "38127", "Full_Address": "3100 MADEWELL DR MEMPHIS TN 38127", "Latitude": 35.213, "Longitude": -90.025, "UCR_Category": "AGGRAVATED ASSAULT", "UCR_Description": "AGGRAVATED ASSAULT", "NIBRS_Group": "A", "NIBRS_Offense_Group": "CRIMES AGAINST PERSONS", "Part_One_or_Part_Two": 1, "Ward": "121", "Precinct": "AUSTIN PEAY", "Source_ObjectID": "406458", "ObjectId": 1656949}}, {"type": "Feature", "id": 1656950, "geometry": {"type": "Point", "coordinates": [-90.025, 35.049]}, "properties": {"Crime_ID": "2002002304ME", "Offense_Datetime": 1580956800000, "Reported_Datetime": 1580958060000, "Agency_Crime_ID": "DRUGS/NARCOTICS VIOLATION/MISDEMEANOR", "UCR_Incident_Code": "35A", "Block": 3600, "Street_Name": "ELVIS PRESLEY BLVD", "Street_Address": "3600 ELVIS PRESLEY BLVD", "City": "MEMPHIS", "State": "TN", "ZIP_Code": "38116", "Full_Address": "3600 ELVIS PRESLEY BLVD MEMPHIS TN 38116", "Latitude": 35.049, "Longitude": -90.025, "UCR_Category": "DRUG/NARCOTIC", "UCR_Description": "DRUG/NARCOTIC VIOLS", "NIBRS_Group": "A", "NIBRS_Offense_Group": "CRIMES AGAINST SOCIETY", "Part_One_or_Part_Two": 2, "Ward": "225", "Precinct": "RAINES", "Source_ObjectID": "53337", "ObjectId": 1656950}}, {"type": "Feature", "id": 1656951, "geometry": {"type": "Point", "coordinates": [-90.024, 35.036]}, "properties": {"Crime_ID": "2604020210ME", "Offense_Datetime": 1775061000000, "Reported_Datetime": 1775075880000, "Agency_Crime_ID": "THEFT FROM BUILDING", "UCR_Incident_Code": "23D", "Block": 4100, "Street_Name": "ELVIS PRESLEY BLVD", "Street_Address": "4100 ELVIS PRESLEY BLVD", "City": "MEMPHIS", "State": "TN", "ZIP_Code": "38116", "Full_Address": "4100 ELVIS PRESLEY BLVD MEMPHIS TN 38116", "Latitude": 35.036, "Longitude": -90.024, "UCR_Category": "LARCENY/THEFT", "UCR_Description": "THEFT FROM A BUILDING", "NIBRS_Group": "A", "NIBRS_Offense_Group": "CRIMES AGAINST PROPERTY", "Part_One_or_Part_Two": 1, "Ward": "225", "Precinct": "RAINES", "Source_ObjectID": "694735", "ObjectId": 1656951}}, {"type": "Feature", "id": 1656952, "geometry": {"type": "Point", "coordinates": [-89.971, 35.095]}, "properties": {"Crime_ID": "2408024109ME", "Offense_Datetime": 1723344360000, "Reported_Datetime": 1723346220000, "Agency_Crime_ID": "DRUGS/NARCOTICS VIOLATION/FELONY", "UCR_Incident_Code": "35A", "Block": 2700, "Street_Name": "KIMBALL AVE", "Street_Address": "2700 KIMBALL AVE", "City": "MEMPHIS", "State": "TN", "ZIP_Code": "38114", "Full_Address": "2700 KIMBALL AVE MEMPHIS TN 38114", "Latitude": 35.095, "Longitude": -89.971, "UCR_Category": "DRUG/NARCOTIC", "UCR_Description": "DRUG/NARCOTIC VIOLS", "NIBRS_Group": "A", "NIBRS_Offense_Group": "CRIMES AGAINST SOCIETY", "Part_One_or_Part_Two": 2, "Ward": "725", "Precinct": "AIRWAYS", "Source_ObjectID": "545180", "ObjectId": 1656952}}, {"type": "Feature", "id": 1656953, "geometry": {"type": "Point", "coordinates": [-89.947, 35.164]}, "properties": {"Crime_ID": "2403025984ME", "Offense_Datetime": 1710469800000, "Reported_Datetime": 1710554640000, "Agency_Crime_ID": "ROBBERY/INDIVIDUAL", "UCR_Incident_Code": "120", "Block": 1100, "Street_Name": "NATIONAL ST", "Street_Address": "1100 NATIONAL ST", "City": "MEMPHIS", "State": "TN", "ZIP_Code": "38122", "Full_Address": "1100 NATIONAL ST MEMPHIS TN 38122", "Latitude": 35.164, "Longitude": -89.947, "UCR_Category": "ROBBERY", "UCR_Description": "ROBBERY", "NIBRS_Group": "A", "NIBRS_Offense_Group": "CRIMES AGAINST PROPERTY", "Part_One_or_Part_Two": 1, "Ward": "526", "Precinct": "TILLMAN", "Source_ObjectID": "497756", "ObjectId": 1656953}}, {"type": "Feature", "id": 1656954, "geometry": {"type": "Point", "coordinates": [-90.014, 35.21]}, "properties": {"Crime_ID": "2212000472ME", "Offense_Datetime": 1669953600000, "Reported_Datetime": 1669962000000, "Agency_Crime_ID": "MVT/PASSENGER VEHICLE", "UCR_Incident_Code": "240", "Block": 3000, "Street_Name": "SAINT CHARLES DR", "Street_Address": "3000 SAINT CHARLES DR", "City": "MEMPHIS", "State": "TN", "ZIP_Code": "38127", "Full_Address": "3000 SAINT CHARLES DR MEMPHIS TN 38127", "Latitude": 35.21, "Longitude": -90.014, "UCR_Category": "MOTOR VEHICLE THEFT", "UCR_Description": "MOTOR VEHICLE THEFT", "NIBRS_Group": "A", "NIBRS_Offense_Group": "CRIMES AGAINST PROPERTY", "Part_One_or_Part_Two": 1, "Ward": "122", "Precinct": "AUSTIN PEAY", "Source_ObjectID": "342394", "ObjectId": 1656954}}, {"type": "Feature", "id": 1656955, "geometry": {"type": "Point", "coordinates": [-90.041, 35.045]}, "properties": {"Crime_ID": "2107012620ME", "Offense_Datetime": 1627596000000, "Reported_Datetime": 1627596660000, "Agency_Crime_ID": "DRUGS/NARCOTICS VIOLATION/FELONY", "UCR_Incident_Code": "35A", "Block": 3700, "Street_Name": "GRAVES RD", "Street_Address": "3700 GRAVES RD", "City": "MEMPHIS", "State": "TN", "ZIP_Code": "38116", "Full_Address": "3700 GRAVES RD MEMPHIS TN 38116", "Latitude": 35.045, "Longitude": -90.041, "UCR_Category": "DRUG/NARCOTIC", "UCR_Description": "DRUG/NARCOTIC VIOLS", "NIBRS_Group": "A", "NIBRS_Offense_Group": "CRIMES AGAINST SOCIETY", "Part_One_or_Part_Two": 2, "Ward": "224", "Precinct": "RAINES", "Source_ObjectID": "195427", "ObjectId": 1656955}}, {"type": "Feature", "id": 1656956, "geometry": {"type": "Point", "coordinates": [-90.019, 35.077]}, "properties": {"Crime_ID": "2011005856ME", "Offense_Datetime": 1605313800000, "Reported_Datetime": 1605314760000, "Agency_Crime_ID": "SHOPLIFTING/MISDEMEANOR", "UCR_Incident_Code": "23C", "Block": 2500, "Street_Name": "ELVIS PRESLEY BLVD", "Street_Address": "2500 ELVIS PRESLEY BLVD", "City": "MEMPHIS", "State": "TN", "ZIP_Code": "38106", "Full_Address": "2500 ELVIS PRESLEY BLVD MEMPHIS TN 38106", "Latitude": 35.077, "Longitude": -90.019, "UCR_Category": "LARCENY/THEFT", "UCR_Description": "SHOPLIFTING", "NIBRS_Group": "A", "NIBRS_Offense_Group": "CRIMES AGAINST PROPERTY", "Part_One_or_Part_Two": 1, "Ward": "724", "Precinct": "AIRWAYS", "Source_ObjectID": "128404", "ObjectId": 1656956}}, {"type": "Feature", "id": 1656957, "geometry": {"type": "Point", "coordinates": [-89.864, 35.167]}, "properties": {"Crime_ID": "2404023909ME", "Offense_Datetime": 1712766900000, "Reported_Datetime": 1712770560000, "Agency_Crime_ID": "VANDALISM/MISDEMEANOR", "UCR_Incident_Code": "290", "Block": 1500, "Street_Name": "SYCAMORE VIEW RD", "Street_Address": "1500 SYCAMORE VIEW RD", "City": "MEMPHIS", "State": "TN", "ZIP_Code": "38134", "Full_Address": "1500 SYCAMORE VIEW RD MEMPHIS TN 38134", "Latitude": 35.167, "Longitude": -89.864, "UCR_Category": "DEST/DAM/VAND OF PROPERTY", "UCR_Description": "DEST/DAM/VAND OF PROPERTY", "NIBRS_Group": "A", "NIBRS_Offense_Group": "CRIMES AGAINST PROPERTY", "Part_One_or_Part_Two": 2, "Ward": "822", "Precinct": "APPLING FARMS", "Source_ObjectID": "505123", "ObjectId": 1656957}}, {"type": "Feature", "id": 1656958, "geometry": {"type": "Point", "coordinates": [-89.872, 35.186]}, "properties": {"Crime_ID": "2108003268ME", "Offense_Datetime": 1628451660000, "Reported_Datetime": 1628457720000, "Agency_Crime_ID": "VANDALISM/MISDEMEANOR", "UCR_Incident_Code": "290", "Block": 2200, "Street_Name": "WOOODS EDGE DR", "Street_Address": "2200 WOOODS EDGE DR", "City": "MEMPHIS", "State": "TN", "ZIP_Code": "38134", "Full_Address": "2200 WOOODS EDGE DR MEMPHIS TN 38134", "Latitude": 35.186, "Longitude": -89.872, "UCR_Category": "DEST/DAM/VAND OF PROPERTY", "UCR_Description": "DEST/DAM/VAND OF PROPERTY", "NIBRS_Group": "A", "NIBRS_Offense_Group": "CRIMES AGAINST PROPERTY", "Part_One_or_Part_Two": 2, "Ward": "822", "Precinct": "APPLING FARMS", "Source_ObjectID": "198304", "ObjectId": 1656958}}, {"type": "Feature", "id": 1656959, "geometry": {"type": "Point", "coordinates": [-89.946, 35.12]}, "properties": {"Crime_ID": "2108010736ME", "Offense_Datetime": 1629840300000, "Reported_Datetime": 1629857940000, "Agency_Crime_ID": "THEFT OF VEHICLE PARTS/ACCESSORIES", "UCR_Incident_Code": "23G", "Block": 400, "Street_Name": "S HIGHLAND ST", "Street_Address": "400 S HIGHLAND ST", "City": "MEMPHIS", "State": "TN", "ZIP_Code": "38111", "Full_Address": "400 S HIGHLAND ST MEMPHIS TN 38111", "Latitude": 35.12, "Longitude": -89.946, "UCR_Category": "LARCENY/THEFT", "UCR_Description": "THEFT OF MV PARTS/ACCS", "NIBRS_Group": "A", "NIBRS_Offense_Group": "CRIMES AGAINST PROPERTY", "Part_One_or_Part_Two": 1, "Ward": "521", "Precinct": "TILLMAN", "Source_ObjectID": "202765", "ObjectId": 1656959}}, {"type": "Feature", "id": 1656961, "geometry": {"type": "Point", "coordinates": [-89.972, 35.23]}, "properties": {"Crime_ID": "2412028720ME", "Offense_Datetime": 1735099200000, "Reported_Datetime": 1735110120000, "Agency_Crime_ID": "BURGLARY/RESIDENTIAL", "UCR_Incident_Code": "220", "Block": 2700, "Street_Name": "LAKE PARK RD", "Street_Address": "2700 LAKE PARK RD", "City": "MEMPHIS", "State": "TN", "ZIP_Code": "38127", "Full_Address": "2700 LAKE PARK RD MEMPHIS TN 38127", "Latitude": 35.23, "Longitude": -89.972, "UCR_Category": "BURG/BREAK & ENTER", "UCR_Description": "BURG/BREAK & ENTER", "NIBRS_Group": "A", "NIBRS_Offense_Group": "CRIMES AGAINST PROPERTY", "Part_One_or_Part_Two": 1, "Ward": "122", "Precinct": "AUSTIN PEAY", "Source_ObjectID": "584485", "ObjectId": 1656961}}, {"type": "Feature", "id": 1656962, "geometry": {"type": "Point", "coordinates": [-89.859, 35.064]}, "properties": {"Crime_ID": "2106006872ME", "Offense_Datetime": 1623882600000, "Reported_Datetime": 1623884040000, "Agency_Crime_ID": "NEGLIGENT MANSLAUGHTER", "UCR_Incident_Code": "09B", "Block": 6100, "Street_Name": "GRAY OAK AVE", "Street_Address": "6100 GRAY OAK AVE", "City": "MEMPHIS", "State": "TN", "ZIP_Code": "38115", "Full_Address": "6100 GRAY OAK AVE MEMPHIS TN 38115", "Latitude": 35.064, "Longitude": -89.859, "UCR_Category": "HOMICIDE", "UCR_Description": "NEGLIGENT MANSLAUGHTER", "NIBRS_Group": "A", "NIBRS_Offense_Group": "CRIMES AGAINST PERSONS", "Part_One_or_Part_Two": 2, "Ward": "925", "Precinct": "RIDGEWAY", "Source_ObjectID": "183466", "ObjectId": 1656962}}, {"type": "Feature", "id": 1656963, "geometry": {"type": "Point", "coordinates": [-90.022, 35.162]}, "properties": {"Crime_ID": "2408020756ME", "Offense_Datetime": 1722640200000, "Reported_Datetime": 1722642000000, "Agency_Crime_ID": "INTIMIDATION/DV", "UCR_Incident_Code": "13C", "Block": 800, "Street_Name": "CROCKETT ST", "Street_Address": "800 CROCKETT ST", "City": "MEMPHIS", "State": "TN", "ZIP_Code": "38107", "Full_Address": "800 CROCKETT ST MEMPHIS TN 38107", "Latitude": 35.162, "Longitude": -90.022, "UCR_Category": "ASSAULT", "UCR_Description": "INTIMIDATION", "NIBRS_Group": "A", "NIBRS_Offense_Group": "CRIMES AGAINST PERSONS", "Part_One_or_Part_Two": 2, "Ward": "626", "Precinct": "NORTH MAIN", "Source_ObjectID": "542721", "ObjectId": 1656963}}, {"type": "Feature", "id": 1656964, "geometry": {"type": "Point", "coordinates": [-90.042, 35.111]}, "properties": {"Crime_ID": "2603021012ME", "Offense_Datetime": 1772634720000, "Reported_Datetime": 1772634720000, "Agency_Crime_ID": "OTHER THEFT/NON-SPECIFIC", "UCR_Incident_Code": "23H", "Block": 1300, "Street_Name": "MCMILLAN ST", "Street_Address": "1300 MCMILLAN ST", "City": "MEMPHIS", "State": "TN", "ZIP_Code": "38106", "Full_Address": "1300 MCMILLAN ST MEMPHIS TN 38106", "Latitude": 35.111, "Longitude": -90.042, "UCR_Category": "LARCENY/THEFT", "UCR_Description": "ALL OTHER LARCENY", "NIBRS_Group": "A", "NIBRS_Offense_Group": "CRIMES AGAINST PROPERTY", "Part_One_or_Part_Two": 1, "Ward": "421", "Precinct": "CRUMP", "Source_ObjectID": "688810", "ObjectId": 1656964}}, {"type": "Feature", "id": 1656965, "geometry": {"type": "Point", "coordinates": [-90.024, 35.062]}, "properties": {"Crime_ID": "2204006310ME", "Offense_Datetime": 1650006300000, "Reported_Datetime": 1650009000000, "Agency_Crime_ID": "WEAPON LAW VIOLATIONS/FELONY", "UCR_Incident_Code": "520", "Block": 0, "Street_Name": "ELVIS PRESLEY BLVD//E BROOKS RD", "Street_Address": " ELVIS PRESLEY BLVD//E BROOKS RD", "City": "MEMPHIS", "State": "TN", "ZIP_Code": "38104", "Full_Address": " ELVIS PRESLEY BLVD//E BROOKS RD MEMPHIS TN 38104", "Latitude": 35.062, "Longitude": -90.024, "UCR_Category": "WEAPON LAW VIOLATION", "UCR_Description": "WEAPON LAW VIOL", "NIBRS_Group": "A", "NIBRS_Offense_Group": "CRIMES AGAINST SOCIETY", "Part_One_or_Part_Two": 2, "Ward": "222", "Precinct": "RAINES", "Source_ObjectID": "266708", "ObjectId": 1656965}}, {"type": "Feature", "id": 1656966, "geometry": {"type": "Point", "coordinates": [-90.092, 35.024]}, "properties": {"Crime_ID": "2208015553ME", "Offense_Datetime": 1660453200000, "Reported_Datetime": 1661901120000, "Agency_Crime_ID": "OTHER THEFT/NON-SPECIFIC", "UCR_Incident_Code": "23H", "Block": 800, "Street_Name": "PARKROSE AVE", "Street_Address": "800 PARKROSE AVE", "City": "MEMPHIS", "State": "TN", "ZIP_Code": "38109", "Full_Address": "800 PARKROSE AVE MEMPHIS TN 38109", "Latitude": 35.024, "Longitude": -90.092, "UCR_Category": "LARCENY/THEFT", "UCR_Description": "ALL OTHER LARCENY", "NIBRS_Group": "A", "NIBRS_Offense_Group": "CRIMES AGAINST PROPERTY", "Part_One_or_Part_Two": 1, "Ward": "221", "Precinct": "RAINES", "Source_ObjectID": "311334", "ObjectId": 1656966}}, {"type": "Feature", "id": 1656967, "geometry": {"type": "Point", "coordinates": [-89.897, 35.05]}, "properties": {"Crime_ID": "2109008512ME", "Offense_Datetime": 1632028500000, "Reported_Datetime": 1632055860000, "Agency_Crime_ID": "THEFT FROM MOTOR VEHICLE", "UCR_Incident_Code": "23F", "Block": 3600, "Street_Name": "KING JAMES CV", "Street_Address": "3600 KING JAMES CV", "City": "MEMPHIS", "State": "TN", "ZIP_Code": "38118", "Full_Address": "3600 KING JAMES CV MEMPHIS TN 38118", "Latitude": 35.05, "Longitude": -89.897, "UCR_Category": "LARCENY/THEFT", "UCR_Description": "THEFT FROM A MOTOR VEHICLE", "NIBRS_Group": "A", "NIBRS_Offense_Group": "CRIMES AGAINST PROPERTY", "Part_One_or_Part_Two": 1, "Ward": "922", "Precinct": "RIDGEWAY", "Source_ObjectID": "209852", "ObjectId": 1656967}}, {"type": "Feature", "id": 1656968, "geometry": {"type": "Point", "coordinates": [-89.944, 35.16]}, "properties": {"Crime_ID": "2210010164ME", "Offense_Datetime": 1666188000000, "Reported_Datetime": 1666644660000, "Agency_Crime_ID": "THEFT OF OTHER TRAILER", "UCR_Incident_Code": "23H", "Block": 1000, "Street_Name": "HIGHLAND ST", "Street_Address": "1000 HIGHLAND ST", "City": "MEMPHIS", "State": "TN", "ZIP_Code": "38122", "Full_Address": "1000 HIGHLAND ST MEMPHIS TN 38122", "Latitude": 35.16, "Longitude": -89.944, "UCR_Category": "LARCENY/THEFT", "UCR_Description": "ALL OTHER LARCENY", "NIBRS_Group": "A", "NIBRS_Offense_Group": "CRIMES AGAINST PROPERTY", "Part_One_or_Part_Two": 1, "Ward": "524", "Precinct": "TILLMAN", "Source_ObjectID": "328575", "ObjectId": 1656968}}, {"type": "Feature", "id": 1656969, "geometry": {"type": "Point", "coordinates": [-90.026, 35.035]}, "properties": {"Crime_ID": "2009010995ME", "Offense_Datetime": 1601007000000, "Reported_Datetime": 1601015700000, "Agency_Crime_ID": "SHOPLIFTING/MISDEMEANOR", "UCR_Incident_Code": "23C", "Block": 4100, "Street_Name": "ELVIS PRESLEY BLVD", "Street_Address": "4100 ELVIS PRESLEY BLVD", "City": "MEMPHIS", "State": "TN", "ZIP_Code": "38116", "Full_Address": "4100 ELVIS PRESLEY BLVD MEMPHIS TN 38116", "Latitude": 35.035, "Longitude": -90.026, "UCR_Category": "LARCENY/THEFT", "UCR_Description": "SHOPLIFTING", "NIBRS_Group": "A", "NIBRS_Offense_Group": "CRIMES AGAINST PROPERTY", "Part_One_or_Part_Two": 1, "Ward": "223", "Precinct": "RAINES", "Source_ObjectID": "114728", "ObjectId": 1656969}}, {"type": "Feature", "id": 1656970, "geometry": {"type": "Point", "coordinates": [0, 0]}, "properties": {"Crime_ID": "2203009561ME", "Offense_Datetime": 1648026000000, "Reported_Datetime": 1648055760000, "Agency_Crime_ID": "ANIMAL CRUELTY", "UCR_Incident_Code": "720", "Block": 5300, "Street_Name": "LEXIE ST", "Street_Address": "5300 LEXIE ST", "City": "MEMPHIS", "State": "TN", "ZIP_Code": "38109", "Full_Address": "5300 LEXIE ST MEMPHIS TN 38109", "Latitude": 0, "Longitude": 0, "UCR_Category": "ANIMAL CRUELTY", "UCR_Description": "ANIMAL CRUELTY", "NIBRS_Group": "A", "NIBRS_Offense_Group": "CRIMES AGAINST SOCIETY", "Part_One_or_Part_Two": 2, "Ward": "221", "Precinct": "RAINES", "Source_ObjectID": "260183", "ObjectId": 1656970}}, {"type": "Feature", "id": 1656971, "geometry": {"type": "Point", "coordinates": [-89.925, 35.235]}, "properties": {"Crime_ID": "2209012767ME", "Offense_Datetime": 1664078400000, "Reported_Datetime": 1664144340000, "Agency_Crime_ID": "VANDALISM/MISDEMEANOR", "UCR_Incident_Code": "290", "Block": 4000, "Street_Name": "STEPHANIE LN", "Street_Address": "4000 STEPHANIE LN", "City": "MEMPHIS", "State": "TN", "ZIP_Code": "38127", "Full_Address": "4000 STEPHANIE LN MEMPHIS TN 38127", "Latitude": 35.235, "Longitude": -89.925, "UCR_Category": "DEST/DAM/VAND OF PROPERTY", "UCR_Description": "DEST/DAM/VAND OF PROPERTY", "NIBRS_Group": "A", "NIBRS_Offense_Group": "CRIMES AGAINST PROPERTY", "Part_One_or_Part_Two": 2, "Ward": "125", "Precinct": "AUSTIN PEAY", "Source_ObjectID": "320074", "ObjectId": 1656971}}, {"type": "Feature", "id": 1656972, "geometry": {"type": "Point", "coordinates": [-89.856, 35.068]}, "properties": {"Crime_ID": "2111012658ME", "Offense_Datetime": 1638291600000, "Reported_Datetime": 1638312960000, "Agency_Crime_ID": "BURGLARY/RESIDENTIAL", "UCR_Incident_Code": "220", "Block": 2900, "Street_Name": "RIDGEWAY RD", "Street_Address": "2900 RIDGEWAY RD", "City": "MEMPHIS", "State": "TN", "ZIP_Code": "38115", "Full_Address": "2900 RIDGEWAY RD MEMPHIS TN 38115", "Latitude": 35.068, "Longitude": -89.856, "UCR_Category": "BURG/BREAK & ENTER", "UCR_Description": "BURG/BREAK & ENTER", "NIBRS_Group": "A", "NIBRS_Offense_Group": "CRIMES AGAINST PROPERTY", "Part_One_or_Part_Two": 1, "Ward": "925", "Precinct": "RIDGEWAY", "Source_ObjectID": "230364", "ObjectId": 1656972}}, {"type": "Feature", "id": 1656973, "geometry": {"type": "Point", "coordinates": [-89.875, 35.101]}, "properties": {"Crime_ID": "2501025746ME", "Offense_Datetime": 1737143100000, "Reported_Datetime": 1737152700000, "Agency_Crime_ID": "THEFT FROM MOTOR VEHICLE", "UCR_Incident_Code": "23F", "Block": 5600, "Street_Name": "MURRAY AVE", "Street_Address": "5600 MURRAY AVE", "City": "MEMPHIS", "State": "TN", "ZIP_Code": "38119", "Full_Address": "5600 MURRAY AVE MEMPHIS TN 38119", "Latitude": 35.101, "Longitude": -89.875, "UCR_Category": "LARCENY/THEFT", "UCR_Description": "THEFT FROM A MOTOR VEHICLE", "NIBRS_Group": "A", "NIBRS_Offense_Group": "CRIMES AGAINST PROPERTY", "Part_One_or_Part_Two": 1, "Ward": "821", "Precinct": "APPLING FARMS", "Source_ObjectID": "591150", "ObjectId": 1656973}}, {"type": "Feature", "id": 1656974, "geometry": {"type": "Point", "coordinates": [-89.975, 35.105]}, "properties": {"Crime_ID": "2206005758ME", "Offense_Datetime": 1655106420000, "Reported_Datetime": 1655107980000, "Agency_Crime_ID": "VANDALISM/MISDEMEANOR", "UCR_Incident_Code": "290", "Block": 2600, "Street_Name": "DEADRICK AVE", "Street_Address": "2600 DEADRICK AVE", "City": "MEMPHIS", "State": "TN", "ZIP_Code": "38114", "Full_Address": "2600 DEADRICK AVE MEMPHIS TN 38114", "Latitude": 35.105, "Longitude": -89.975, "UCR_Category": "DEST/DAM/VAND OF PROPERTY", "UCR_Description": "DEST/DAM/VAND OF PROPERTY", "NIBRS_Group": "A", "NIBRS_Offense_Group": "CRIMES AGAINST PROPERTY", "Part_One_or_Part_Two": 2, "Ward": "726", "Precinct": "AIRWAYS", "Source_ObjectID": "285165", "ObjectId": 1656974}}, {"type": "Feature", "id": 1656975, "geometry": {"type": "Point", "coordinates": [-89.902, 35.049]}, "properties": {"Crime_ID": "2208010370ME", "Offense_Datetime": 1661054400000, "Reported_Datetime": 1661059020000, "Agency_Crime_ID": "AGGRAVATED ASSAULT", "UCR_Incident_Code": "13A", "Block": 3600, "Street_Name": "OUTLAND RD", "Street_Address": "3600 OUTLAND RD", "City": "MEMPHIS", "State": "TN", "ZIP_Code": "38115", "Full_Address": "3600 OUTLAND RD MEMPHIS TN 38115", "Latitude": 35.049, "Longitude": -89.902, "UCR_Category": "AGGRAVATED ASSAULT", "UCR_Description": "AGGRAVATED ASSAULT", "NIBRS_Group": "A", "NIBRS_Offense_Group": "CRIMES AGAINST PERSONS", "Part_One_or_Part_Two": 1, "Ward": "922", "Precinct": "RIDGEWAY", "Source_ObjectID": "308055", "ObjectId": 1656975}}, {"type": "Feature", "id": 1656976, "geometry": {"type": "Point", "coordinates": [-89.782, 35.201]}, "properties": {"Crime_ID": "2301002815ME", "Offense_Datetime": 1672977600000, "Reported_Datetime": 1673016720000, "Agency_Crime_ID": "VANDALISM/MISDEMEANOR", "UCR_Incident_Code": "290", "Block": 2700, "Street_Name": "NEW BRUNSWICK RD", "Street_Address": "2700 NEW BRUNSWICK RD", "City": "MEMPHIS", "State": "TN", "ZIP_Code": "38133", "Full_Address": "2700 NEW BRUNSWICK RD MEMPHIS TN 38133", "Latitude": 35.201, "Longitude": -89.782, "UCR_Category": "DEST/DAM/VAND OF PROPERTY", "UCR_Description": "DEST/DAM/VAND OF PROPERTY", "NIBRS_Group": "A", "NIBRS_Offense_Group": "CRIMES AGAINST PROPERTY", "Part_One_or_Part_Two": 2, "Ward": "825", "Precinct": "APPLING FARMS", "Source_ObjectID": "354962", "ObjectId": 1656976}}, {"type": "Feature", "id": 1656977, "geometry": {"type": "Point", "coordinates": [-90.012, 35.137]}, "properties": {"Crime_ID": "2105002766ME", "Offense_Datetime": 1620424800000, "Reported_Datetime": 1620426840000, "Agency_Crime_ID": "SHOPLIFTING/MISDEMEANOR", "UCR_Incident_Code": "23C", "Block": 1400, "Street_Name": "UNION", "Street_Address": "1400 UNION", "City": "MEMPHIS", "State": "TN", "ZIP_Code": "38104", "Full_Address": "1400 UNION MEMPHIS TN 38104", "Latitude": 35.137, "Longitude": -90.012, "UCR_Category": "LARCENY/THEFT", "UCR_Description": "SHOPLIFTING", "NIBRS_Group": "A", "NIBRS_Offense_Group": "CRIMES AGAINST PROPERTY", "Part_One_or_Part_Two": 1, "Ward": "423", "Precinct": "CRUMP", "Source_ObjectID": "172309", "ObjectId": 1656977}}, {"type": "Feature", "id": 1656978, "geometry": {"type": "Point", "coordinates": [-89.958, 35.041]}, "properties": {"Crime_ID": "2306023641ME", "Offense_Datetime": 1686276000000, "Reported_Datetime": 1686276540000, "Agency_Crime_ID": "INTIMIDATION/DV", "UCR_Incident_Code": "13C", "Block": 3100, "Street_Name": "BEAUCHAMP DR", "Street_Address": "3100 BEAUCHAMP DR", "City": "MEMPHIS", "State": "TN", "ZIP_Code": "38118", "Full_Address": "3100 BEAUCHAMP DR MEMPHIS TN 38118", "Latitude": 35.041, "Longitude": -89.958, "UCR_Category": "ASSAULT", "UCR_Description": "INTIMIDATION", "NIBRS_Group": "A", "NIBRS_Offense_Group": "CRIMES AGAINST PERSONS", "Part_One_or_Part_Two": 2, "Ward": "924", "Precinct": "RIDGEWAY", "Source_ObjectID": "412312", "ObjectId": 1656978}}, {"type": "Feature", "id": 1656979, "geometry": {"type": "Point", "coordinates": [-89.902, 35.051]}, "properties": {"Crime_ID": "2403028062ME", "Offense_Datetime": 1710997200000, "Reported_Datetime": 1710998100000, "Agency_Crime_ID": "SHOPLIFTING/MISDEMEANOR", "UCR_Incident_Code": "23C", "Block": 4800, "Street_Name": "WINCHESTER RD", "Street_Address": "4800 WINCHESTER RD", "City": "MEMPHIS", "State": "TN", "ZIP_Code": "38141", "Full_Address": "4800 WINCHESTER RD MEMPHIS TN 38141", "Latitude": 35.051, "Longitude": -89.902, "UCR_Category": "LARCENY/THEFT", "UCR_Description": "SHOPLIFTING", "NIBRS_Group": "A", "NIBRS_Offense_Group": "CRIMES AGAINST PROPERTY", "Part_One_or_Part_Two": 1, "Ward": "922", "Precinct": "RIDGEWAY", "Source_ObjectID": "499245", "ObjectId": 1656979}}, {"type": "Feature", "id": 1656980, "geometry": {"type": "Point", "coordinates": [-89.948, 35.073]}, "properties": {"Crime_ID": "2002000314ME", "Offense_Datetime": 1580623200000, "Reported_Datetime": 1580625420000, "Agency_Crime_ID": "ROBBERY/INDIVIDUAL", "UCR_Incident_Code": "120", "Block": 3400, "Street_Name": "LAMAR AVE", "Street_Address": "3400 LAMAR AVE", "City": "MEMPHIS", "State": "TN", "ZIP_Code": "38118", "Full_Address": "3400 LAMAR AVE MEMPHIS TN 38118", "Latitude": 35.073, "Longitude": -89.948, "UCR_Category": "ROBBERY", "UCR_Description": "ROBBERY", "NIBRS_Group": "A", "NIBRS_Offense_Group": "CRIMES AGAINST PROPERTY", "Part_One_or_Part_Two": 1, "Ward": "321", "Precinct": "MT MORIAH", "Source_ObjectID": "52290", "ObjectId": 1656980}}, {"type": "Feature", "id": 1656981, "geometry": {"type": "Point", "coordinates": [-89.95, 35.1]}, "properties": {"Crime_ID": "2203011301ME", "Offense_Datetime": 1648316040000, "Reported_Datetime": 1648365540000, "Agency_Crime_ID": "SIMPLE ASSAULT/DV", "UCR_Incident_Code": "13B", "Block": 1100, "Street_Name": "RAILTON RD", "Street_Address": "1100 RAILTON RD", "City": "MEMPHIS", "State": "TN", "ZIP_Code": "38114", "Full_Address": "1100 RAILTON RD MEMPHIS TN 38114", "Latitude": 35.1, "Longitude": -89.95, "UCR_Category": "ASSAULT", "UCR_Description": "SIMPLE ASSAULT", "NIBRS_Group": "A", "NIBRS_Offense_Group": "CRIMES AGAINST PERSONS", "Part_One_or_Part_Two": 2, "Ward": "726", "Precinct": "AIRWAYS", "Source_ObjectID": "261276", "ObjectId": 1656981}}, {"type": "Feature", "id": 1656982, "geometry": {"type": "Point", "coordinates": [-89.917, 35.09]}, "properties": {"Crime_ID": "2206004351ME", "Offense_Datetime": 1654832820000, "Reported_Datetime": 1654833420000, "Agency_Crime_ID": "AGGRAVATED ASSAULT", "UCR_Incident_Code": "13A", "Block": 0, "Street_Name": "CHERRY RD//DUNN AVE", "Street_Address": " CHERRY RD//DUNN AVE", "City": "MEMPHIS", "State": "TN", "ZIP_Code": "38111", "Full_Address": " CHERRY RD//DUNN AVE MEMPHIS TN 38111", "Latitude": 35.09, "Longitude": -89.917, "UCR_Category": "AGGRAVATED ASSAULT", "UCR_Description": "AGGRAVATED ASSAULT", "NIBRS_Group": "A", "NIBRS_Offense_Group": "CRIMES AGAINST PERSONS", "Part_One_or_Part_Two": 1, "Ward": "323", "Precinct": "MT MORIAH", "Source_ObjectID": "284188", "ObjectId": 1656982}}, {"type": "Feature", "id": 1656983, "geometry": {"type": "Point", "coordinates": [-89.796, 35.162]}, "properties": {"Crime_ID": "2212005134ME", "Offense_Datetime": 1670806800000, "Reported_Datetime": 1670817420000, "Agency_Crime_ID": "THEFT FROM MOTOR VEHICLE", "UCR_Incident_Code": "23F", "Block": 1300, "Street_Name": "GERMANTOWN PKWY", "Street_Address": "1300 GERMANTOWN PKWY", "City": "MEMPHIS", "State": "TN", "ZIP_Code": "38018", "Full_Address": "1300 GERMANTOWN PKWY MEMPHIS TN 38018", "Latitude": 35.162, "Longitude": -89.796, "UCR_Category": "LARCENY/THEFT", "UCR_Description": "THEFT FROM A MOTOR VEHICLE", "NIBRS_Group": "A", "NIBRS_Offense_Group": "CRIMES AGAINST PROPERTY", "Part_One_or_Part_Two": 1, "Ward": "825", "Precinct": "APPLING FARMS", "Source_ObjectID": "345425", "ObjectId": 1656983}}, {"type": "Feature", "id": 1656984, "geometry": {"type": "Point", "coordinates": [-89.988, 35.243]}, "properties": {"Crime_ID": "2307016783ME", "Offense_Datetime": 1690758000000, "Reported_Datetime": 1690760940000, "Agency_Crime_ID": "AGGRAVATED ASSAULT", "UCR_Incident_Code": "13A", "Block": 4200, "Street_Name": "UNIVERSITY ST", "Street_Address": "4200 UNIVERSITY ST", "City": "MEMPHIS", "State": "TN", "ZIP_Code": "38127", "Full_Address": "4200 UNIVERSITY ST MEMPHIS TN 38127", "Latitude": 35.243, "Longitude": -89.988, "UCR_Category": "AGGRAVATED ASSAULT", "UCR_Description": "AGGRAVATED ASSAULT", "NIBRS_Group": "A", "NIBRS_Offense_Group": "CRIMES AGAINST PERSONS", "Part_One_or_Part_Two": 1, "Ward": "123", "Precinct": "AUSTIN PEAY", "Source_ObjectID": "425378", "ObjectId": 1656984}}, {"type": "Feature", "id": 1656985, "geometry": {"type": "Point", "coordinates": [-90.062, 35.047]}, "properties": {"Crime_ID": "2508023588ME", "Offense_Datetime": 1754845500000, "Reported_Datetime": 1754846040000, "Agency_Crime_ID": "SIMPLE ASSAULT/DV", "UCR_Incident_Code": "13B", "Block": 3700, "Street_Name": "NEHEMIAH WAY", "Street_Address": "3700 NEHEMIAH WAY", "City": "MEMPHIS", "State": "TN", "ZIP_Code": "38109", "Full_Address": "3700 NEHEMIAH WAY MEMPHIS TN 38109", "Latitude": 35.047, "Longitude": -90.062, "UCR_Category": "ASSAULT", "UCR_Description": "SIMPLE ASSAULT", "NIBRS_Group": "A", "NIBRS_Offense_Group": "CRIMES AGAINST PERSONS", "Part_One_or_Part_Two": 2, "Ward": "222", "Precinct": "RAINES", "Source_ObjectID": "645413", "ObjectId": 1656985}}, {"type": "Feature", "id": 1656986, "geometry": {"type": "Point", "coordinates": [-89.9, 35.128]}, "properties": {"Crime_ID": "2202000242ME", "Offense_Datetime": 1643740500000, "Reported_Datetime": 1643747340000, "Agency_Crime_ID": "CREDIT CARD/ATM FRAUD", "UCR_Incident_Code": "26B", "Block": 4800, "Street_Name": "BRIARCLIFF RD", "Street_Address": "4800 BRIARCLIFF RD", "City": "MEMPHIS", "State": "TN", "ZIP_Code": "38117", "Full_Address": "4800 BRIARCLIFF RD MEMPHIS TN 38117", "Latitude": 35.128, "Longitude": -89.9, "UCR_Category": "FRAUD", "UCR_Description": "CREDIT CARD/ATM FRAUD", "NIBRS_Group": "A", "NIBRS_Offense_Group": "CRIMES AGAINST PROPERTY", "Part_One_or_Part_Two": 2, "Ward": "821", "Precinct": "APPLING FARMS", "Source_ObjectID": "247442", "ObjectId": 1656986}}, {"type": "Feature", "id": 1656987, "geometry": {"type": "Point", "coordinates": [-89.86, 35.103]}, "properties": {"Crime_ID": "2209004452ME", "Offense_Datetime": 1659632400000, "Reported_Datetime": 1662759540000, "Agency_Crime_ID": "COUNTERFEITING/FORGERY", "UCR_Incident_Code": "250", "Block": 6000, "Street_Name": "POPLAR AVE", "Street_Address": "6000 POPLAR AVE", "City": "MEMPHIS", "State": "TN", "ZIP_Code": "38119", "Full_Address": "6000 POPLAR AVE MEMPHIS TN 38119", "Latitude": 35.103, "Longitude": -89.86, "UCR_Category": "COUNTERFEITING/FORGERY", "UCR_Description": "COUNTERFEITING/FORGERY", "NIBRS_Group": "A", "NIBRS_Offense_Group": "CRIMES AGAINST PROPERTY", "Part_One_or_Part_Two": 2, "Ward": "823", "Precinct": "APPLING FARMS", "Source_ObjectID": "314777", "ObjectId": 1656987}}, {"type": "Feature", "id": 1656988, "geometry": {"type": "Point", "coordinates": [-90.061, 35.131]}, "properties": {"Crime_ID": "2001014948ME", "Offense_Datetime": 1580486400000, "Reported_Datetime": 1580531880000, "Agency_Crime_ID": "OTHER THEFT/NON-SPECIFIC", "UCR_Incident_Code": "23H", "Block": 600, "Street_Name": "S FRONT ST", "Street_Address": "600 S FRONT ST", "City": "MEMPHIS", "State": "TN", "ZIP_Code": "38103", "Full_Address": "600 S FRONT ST MEMPHIS TN 38103", "Latitude": 35.131, "Longitude": -90.061, "UCR_Category": "LARCENY/THEFT", "UCR_Description": "ALL OTHER LARCENY", "NIBRS_Group": "A", "NIBRS_Offense_Group": "CRIMES AGAINST PROPERTY", "Part_One_or_Part_Two": 1, "Ward": "621", "Precinct": "NORTH MAIN", "Source_ObjectID": "52061", "ObjectId": 1656988}}, {"type": "Feature", "id": 1656989, "geometry": {"type": "Point", "coordinates": [-90.051, 35.108]}, "properties": {"Crime_ID": "2008008264ME", "Offense_Datetime": 1597934100000, "Reported_Datetime": 1597935120000, "Agency_Crime_ID": "VANDALISM/MISDEMEANOR", "UCR_Incident_Code": "290", "Block": 1400, "Street_Name": "LATHAM ST", "Street_Address": "1400 LATHAM ST", "City": "MEMPHIS", "State": "TN", "ZIP_Code": "38106", "Full_Address": "1400 LATHAM ST MEMPHIS TN 38106", "Latitude": 35.108, "Longitude": -90.051, "UCR_Category": "DEST/DAM/VAND OF PROPERTY", "UCR_Description": "DEST/DAM/VAND OF PROPERTY", "NIBRS_Group": "A", "NIBRS_Offense_Group": "CRIMES AGAINST PROPERTY", "Part_One_or_Part_Two": 2, "Ward": "421", "Precinct": "CRUMP", "Source_ObjectID": "104735", "ObjectId": 1656989}}, {"type": "Feature", "id": 1656990, "geometry": {"type": "Point", "coordinates": [-89.798, 35.141]}, "properties": {"Crime_ID": "2006007977ME", "Offense_Datetime": 1592685600000, "Reported_Datetime": 1592686080000, "Agency_Crime_ID": "SHOPLIFTING/MISDEMEANOR", "UCR_Incident_Code": "23C", "Block": 500, "Street_Name": "N GERMANTOWN PKWY", "Street_Address": "500 N GERMANTOWN PKWY", "City": "CORDOVA", "State": "TN", "ZIP_Code": "38018", "Full_Address": "500 N GERMANTOWN PKWY CORDOVA TN 38018", "Latitude": 35.141, "Longitude": -89.798, "UCR_Category": "LARCENY/THEFT", "UCR_Description": "SHOPLIFTING", "NIBRS_Group": "A", "NIBRS_Offense_Group": "CRIMES AGAINST PROPERTY", "Part_One_or_Part_Two": 1, "Ward": "824", "Precinct": "APPLING FARMS", "Source_ObjectID": "88377", "ObjectId": 1656990}}, {"type": "Feature", "id": 1656991, "geometry": {"type": "Point", "coordinates": [-90.008, 35.025]}, "properties": {"Crime_ID": "2312030206ME", "Offense_Datetime": 1703649600000, "Reported_Datetime": 1703658480000, "Agency_Crime_ID": "VANDALISM/MISDEMEANOR", "UCR_Incident_Code": "290", "Block": 4500, "Street_Name": "MILLBRANCH RD", "Street_Address": "4500 MILLBRANCH RD", "City": "MEMPHIS", "State": "TN", "ZIP_Code": "38116", "Full_Address": "4500 MILLBRANCH RD MEMPHIS TN 38116", "Latitude": 35.025, "Longitude": -90.008, "UCR_Category": "DEST/DAM/VAND OF PROPERTY", "UCR_Description": "DEST/DAM/VAND OF PROPERTY", "NIBRS_Group": "A", "NIBRS_Offense_Group": "CRIMES AGAINST PROPERTY", "Part_One_or_Part_Two": 2, "Ward": "225", "Precinct": "RAINES", "Source_ObjectID": "474398", "ObjectId": 1656991}}, {"type": "Feature", "id": 1656992, "geometry": {"type": "Point", "coordinates": [-89.847, 35.162]}, "properties": {"Crime_ID": "2204011596ME", "Offense_Datetime": 1650922200000, "Reported_Datetime": 1650993660000, "Agency_Crime_ID": "THEFT FROM MOTOR VEHICLE", "UCR_Incident_Code": "23F", "Block": 1300, "Street_Name": "GREENLAND RD", "Street_Address": "1300 GREENLAND RD", "City": "MEMPHIS", "State": "TN", "ZIP_Code": "38134", "Full_Address": "1300 GREENLAND RD MEMPHIS TN 38134", "Latitude": 35.162, "Longitude": -89.847, "UCR_Category": "LARCENY/THEFT", "UCR_Description": "THEFT FROM A MOTOR VEHICLE", "NIBRS_Group": "A", "NIBRS_Offense_Group": "CRIMES AGAINST PROPERTY", "Part_One_or_Part_Two": 1, "Ward": "822", "Precinct": "APPLING FARMS", "Source_ObjectID": "270161", "ObjectId": 1656992}}, {"type": "Feature", "id": 1656993, "geometry": {"type": "Point", "coordinates": [-90.081, 35.026]}, "properties": {"Crime_ID": "2507029545ME", "Offense_Datetime": 1753416000000, "Reported_Datetime": 1753456440000, "Agency_Crime_ID": "SIMPLE ASSAULT/DV", "UCR_Incident_Code": "13B", "Block": 4400, "Street_Name": "S THIRD ST", "Street_Address": "4400 S THIRD ST", "City": "MEMPHIS", "State": "TN", "ZIP_Code": "38109", "Full_Address": "4400 S THIRD ST MEMPHIS TN 38109", "Latitude": 35.026, "Longitude": -90.081, "UCR_Category": "ASSAULT", "UCR_Description": "SIMPLE ASSAULT", "NIBRS_Group": "A", "NIBRS_Offense_Group": "CRIMES AGAINST PERSONS", "Part_One_or_Part_Two": 2, "Ward": "221", "Precinct": "RAINES", "Source_ObjectID": "641164", "ObjectId": 1656993}}, {"type": "Feature", "id": 1656994, "geometry": {"type": "Point", "coordinates": [-89.906, 35.07]}, "properties": {"Crime_ID": "2308011650ME", "Offense_Datetime": 1692459540000, "Reported_Datetime": 1692459540000, "Agency_Crime_ID": "AGGRAVATED ASSAULT", "UCR_Incident_Code": "13A", "Block": 2900, "Street_Name": "PERKINS ROAD ", "Street_Address": "2900 PERKINS ROAD ", "City": "MEMPHIS", "State": "TN", "ZIP_Code": "38118", "Full_Address": "2900 PERKINS ROAD MEMPHIS TN 38118", "Latitude": 35.07, "Longitude": -89.906, "UCR_Category": "AGGRAVATED ASSAULT", "UCR_Description": "AGGRAVATED ASSAULT", "NIBRS_Group": "A", "NIBRS_Offense_Group": "CRIMES AGAINST PERSONS", "Part_One_or_Part_Two": 1, "Ward": null, "Precinct": null, "Source_ObjectID": "432951", "ObjectId": 1656994}}, {"type": "Feature", "id": 1656996, "geometry": {"type": "Point", "coordinates": [-89.926, 35.24]}, "properties": {"Crime_ID": "2409021229ME", "Offense_Datetime": 1725414300000, "Reported_Datetime": 1725414660000, "Agency_Crime_ID": "VANDALISM/MISDEMEANOR", "UCR_Incident_Code": "290", "Block": 4100, "Street_Name": "TROOST DR", "Street_Address": "4100 TROOST DR", "City": "MEMPHIS", "State": "TN", "ZIP_Code": "38128", "Full_Address": "4100 TROOST DR MEMPHIS TN 38128", "Latitude": 35.24, "Longitude": -89.926, "UCR_Category": "DEST/DAM/VAND OF PROPERTY", "UCR_Description": "DEST/DAM/VAND OF PROPERTY", "NIBRS_Group": "A", "NIBRS_Offense_Group": "CRIMES AGAINST PROPERTY", "Part_One_or_Part_Two": 2, "Ward": "125", "Precinct": "AUSTIN PEAY", "Source_ObjectID": "552429", "ObjectId": 1656996}}, {"type": "Feature", "id": 1656997, "geometry": {"type": "Point", "coordinates": [-90.062, 35.044]}, "properties": {"Crime_ID": "2105001249ME", "Offense_Datetime": 1620101700000, "Reported_Datetime": 1620144240000, "Agency_Crime_ID": "VANDALISM/FELONY", "UCR_Incident_Code": "290", "Block": 0, "Street_Name": "HAAS AVE", "Street_Address": "0 HAAS AVE", "City": "MEMPHIS", "State": "TN", "ZIP_Code": "38109", "Full_Address": "0 HAAS AVE MEMPHIS TN 38109", "Latitude": 35.044, "Longitude": -90.062, "UCR_Category": "DEST/DAM/VAND OF PROPERTY", "UCR_Description": "DEST/DAM/VAND OF PROPERTY", "NIBRS_Group": "A", "NIBRS_Offense_Group": "CRIMES AGAINST PROPERTY", "Part_One_or_Part_Two": 2, "Ward": "222", "Precinct": "RAINES", "Source_ObjectID": "171419", "ObjectId": 1656997}}, {"type": "Feature", "id": 1656998, "geometry": {"type": "Point", "coordinates": [0, 0]}, "properties": {"Crime_ID": "2009002908ME", "Offense_Datetime": 1599516000000, "Reported_Datetime": 1599518820000, "Agency_Crime_ID": "OTHER THEFT/NON-SPECIFIC", "UCR_Incident_Code": "23H", "Block": 0, "Street_Name": "COVINGTON PIKE//I-240 E HWY", "Street_Address": " COVINGTON PIKE//I-240 E HWY", "City": "MEMPHIS", "State": "TN", "ZIP_Code": "38128", "Full_Address": " COVINGTON PIKE//I-240 E HWY MEMPHIS TN 38128", "Latitude": 0, "Longitude": 0, "UCR_Category": "LARCENY/THEFT", "UCR_Description": "ALL OTHER LARCENY", "NIBRS_Group": "A", "NIBRS_Offense_Group": "CRIMES AGAINST PROPERTY", "Part_One_or_Part_Two": 1, "Ward": "822", "Precinct": "APPLING FARMS", "Source_ObjectID": "109922", "ObjectId": 1656998}}, {"type": "Feature", "id": 1656999, "geometry": {"type": "Point", "coordinates": [-89.907, 35.163]}, "properties": {"Crime_ID": "2604027683ME", "Offense_Datetime": 1776834000000, "Reported_Datetime": 1776899100000, "Agency_Crime_ID": "THEFT FROM MOTOR VEHICLE", "UCR_Incident_Code": "23F", "Block": 4600, "Street_Name": "LAWRENCE RD", "Street_Address": "4600 LAWRENCE RD", "City": "MEMPHIS", "State": "TN", "ZIP_Code": "38122", "Full_Address": "4600 LAWRENCE RD MEMPHIS TN 38122", "Latitude": 35.163, "Longitude": -89.907, "UCR_Category": "LARCENY/THEFT", "UCR_Description": "THEFT FROM A MOTOR VEHICLE", "NIBRS_Group": "A", "NIBRS_Offense_Group": "CRIMES AGAINST PROPERTY", "Part_One_or_Part_Two": 1, "Ward": "525", "Precinct": "TILLMAN", "Source_ObjectID": "699634", "ObjectId": 1656999}}, {"type": "Feature", "id": 1657000, "geometry": {"type": "Point", "coordinates": [-89.96, 35.182]}, "properties": {"Crime_ID": "2402023687ME", "Offense_Datetime": 1706907600000, "Reported_Datetime": 1707529200000, "Agency_Crime_ID": "THEFT FROM SEMI-TRAILER", "UCR_Incident_Code": "23F", "Block": 1800, "Street_Name": "WARFORD ST", "Street_Address": "1800 WARFORD ST", "City": "MEMPHIS", "State": "TN", "ZIP_Code": "38108", "Full_Address": "1800 WARFORD ST MEMPHIS TN 38108", "Latitude": 35.182, "Longitude": -89.96, "UCR_Category": "LARCENY/THEFT", "UCR_Description": "THEFT FROM A MOTOR VEHICLE", "NIBRS_Group": "A", "NIBRS_Offense_Group": "CRIMES AGAINST PROPERTY", "Part_One_or_Part_Two": 1, "Ward": "426", "Precinct": "CRUMP", "Source_ObjectID": "487492", "ObjectId": 1657000}}, {"type": "Feature", "id": 1657001, "geometry": {"type": "Point", "coordinates": [-90.025, 35.161]}, "properties": {"Crime_ID": "2606021002ME", "Offense_Datetime": 1780516200000, "Reported_Datetime": 1780516980000, "Agency_Crime_ID": "AGGRAVATED ASSAULT", "UCR_Incident_Code": "13A", "Block": 700, "Street_Name": "DECATUR ST", "Street_Address": "700 DECATUR ST", "City": "MEMPHIS", "State": "TN", "ZIP_Code": "38103", "Full_Address": "700 DECATUR ST MEMPHIS TN 38103", "Latitude": 35.161, "Longitude": -90.025, "UCR_Category": "AGGRAVATED ASSAULT", "UCR_Description": "AGGRAVATED ASSAULT", "NIBRS_Group": "A", "NIBRS_Offense_Group": "CRIMES AGAINST PERSONS", "Part_One_or_Part_Two": 1, "Ward": "626", "Precinct": "NORTH MAIN", "Source_ObjectID": "709136", "ObjectId": 1657001}}, {"type": "Feature", "id": 1657002, "geometry": {"type": "Point", "coordinates": [-89.948, 35.131]}, "properties": {"Crime_ID": "2112011074ME", "Offense_Datetime": 1640694600000, "Reported_Datetime": 1640734260000, "Agency_Crime_ID": "VANDALISM/MISDEMEANOR", "UCR_Incident_Code": "290", "Block": 3400, "Street_Name": "PLAZA AVE", "Street_Address": "3400 PLAZA AVE", "City": "MEMPHIS", "State": "TN", "ZIP_Code": "38111", "Full_Address": "3400 PLAZA AVE MEMPHIS TN 38111", "Latitude": 35.131, "Longitude": -89.948, "UCR_Category": "DEST/DAM/VAND OF PROPERTY", "UCR_Description": "DEST/DAM/VAND OF PROPERTY", "NIBRS_Group": "A", "NIBRS_Offense_Group": "CRIMES AGAINST PROPERTY", "Part_One_or_Part_Two": 2, "Ward": "523", "Precinct": "TILLMAN", "Source_ObjectID": "237645", "ObjectId": 1657002}}, {"type": "Feature", "id": 1657003, "geometry": {"type": "Point", "coordinates": [-90.036, 35.225]}, "properties": {"Crime_ID": "2101010956ME", "Offense_Datetime": 1611726600000, "Reported_Datetime": 1611728280000, "Agency_Crime_ID": "STALKING/DV", "UCR_Incident_Code": "13D", "Block": 800, "Street_Name": "RESTBROOK AVE", "Street_Address": "800 RESTBROOK AVE", "City": "MEMPHIS", "State": "TN", "ZIP_Code": "38127", "Full_Address": "800 RESTBROOK AVE MEMPHIS TN 38127", "Latitude": 35.225, "Longitude": -90.036, "UCR_Category": "ASSAULT", "UCR_Description": "STALKING", "NIBRS_Group": "A", "NIBRS_Offense_Group": "CRIMES AGAINST PERSONS", "Part_One_or_Part_Two": 2, "Ward": "121", "Precinct": "AUSTIN PEAY", "Source_ObjectID": "148441", "ObjectId": 1657003}}, {"type": "Feature", "id": 1657004, "geometry": {"type": "Point", "coordinates": [-89.872, 35.086]}, "properties": {"Crime_ID": "2211013231ME", "Offense_Datetime": 1669608000000, "Reported_Datetime": 1669617720000, "Agency_Crime_ID": "INTIMIDATION/DV", "UCR_Incident_Code": "13C", "Block": 2300, "Street_Name": "EASTOVER DR", "Street_Address": "2300 EASTOVER DR", "City": "MEMPHIS", "State": "TN", "ZIP_Code": "38119", "Full_Address": "2300 EASTOVER DR MEMPHIS TN 38119", "Latitude": 35.086, "Longitude": -89.872, "UCR_Category": "ASSAULT", "UCR_Description": "INTIMIDATION", "NIBRS_Group": "A", "NIBRS_Offense_Group": "CRIMES AGAINST PERSONS", "Part_One_or_Part_Two": 2, "Ward": "326", "Precinct": "MT MORIAH", "Source_ObjectID": "340785", "ObjectId": 1657004}}, {"type": "Feature", "id": 1657005, "geometry": {"type": "Point", "coordinates": [-89.793, 35.143]}, "properties": {"Crime_ID": "2201005904ME", "Offense_Datetime": 1642299840000, "Reported_Datetime": 1642312980000, "Agency_Crime_ID": "AGGRAVATED ASSAULT", "UCR_Incident_Code": "13A", "Block": 600, "Street_Name": "GERMANTOWN PKWY", "Street_Address": "600 GERMANTOWN PKWY", "City": "MEMPHIS", "State": "TN", "ZIP_Code": "38016", "Full_Address": "600 GERMANTOWN PKWY MEMPHIS TN 38016", "Latitude": 35.143, "Longitude": -89.793, "UCR_Category": "AGGRAVATED ASSAULT", "UCR_Description": "AGGRAVATED ASSAULT", "NIBRS_Group": "A", "NIBRS_Offense_Group": "CRIMES AGAINST PERSONS", "Part_One_or_Part_Two": 1, "Ward": "824", "Precinct": "APPLING FARMS", "Source_ObjectID": "243049", "ObjectId": 1657005}}, {"type": "Feature", "id": 1657006, "geometry": {"type": "Point", "coordinates": [-90.033, 35.21]}, "properties": {"Crime_ID": "2408020141ME", "Offense_Datetime": 1722528000000, "Reported_Datetime": 1722528660000, "Agency_Crime_ID": "SIMPLE ASSAULT", "UCR_Incident_Code": "13B", "Block": 3000, "Street_Name": "THOMAS ST", "Street_Address": "3000 THOMAS ST", "City": "MEMPHIS", "State": "TN", "ZIP_Code": "38127", "Full_Address": "3000 THOMAS ST MEMPHIS TN 38127", "Latitude": 35.21, "Longitude": -90.033, "UCR_Category": "ASSAULT", "UCR_Description": "SIMPLE ASSAULT", "NIBRS_Group": "A", "NIBRS_Offense_Group": "CRIMES AGAINST PERSONS", "Part_One_or_Part_Two": 2, "Ward": "121", "Precinct": "AUSTIN PEAY", "Source_ObjectID": "542291", "ObjectId": 1657006}}, {"type": "Feature", "id": 1657007, "geometry": {"type": "Point", "coordinates": [-89.789, 35.199]}, "properties": {"Crime_ID": "2108006267ME", "Offense_Datetime": 1628970600000, "Reported_Datetime": 1628981280000, "Agency_Crime_ID": "THEFT OF VEHICLE PARTS/ACCESSORIES", "UCR_Incident_Code": "23G", "Block": 2700, "Street_Name": "N GERMANTOWN PKWY", "Street_Address": "2700 N GERMANTOWN PKWY", "City": "MEMPHIS", "State": "TN", "ZIP_Code": "38018", "Full_Address": "2700 N GERMANTOWN PKWY MEMPHIS TN 38018", "Latitude": 35.199, "Longitude": -89.789, "UCR_Category": "LARCENY/THEFT", "UCR_Description": "THEFT OF MV PARTS/ACCS", "NIBRS_Group": "A", "NIBRS_Offense_Group": "CRIMES AGAINST PROPERTY", "Part_One_or_Part_Two": 1, "Ward": "825", "Precinct": "APPLING FARMS", "Source_ObjectID": "200097", "ObjectId": 1657007}}, {"type": "Feature", "id": 1657008, "geometry": {"type": "Point", "coordinates": [-89.977, 35.105]}, "properties": {"Crime_ID": "2001010661ME", "Offense_Datetime": 1579790880000, "Reported_Datetime": 1579799160000, "Agency_Crime_ID": "BURGLARY/RESIDENTIAL", "UCR_Incident_Code": "220", "Block": 2500, "Street_Name": "SUPREME AVE", "Street_Address": "2500 SUPREME AVE", "City": "MEMPHIS", "State": "TN", "ZIP_Code": "38114", "Full_Address": "2500 SUPREME AVE MEMPHIS TN 38114", "Latitude": 35.105, "Longitude": -89.977, "UCR_Category": "BURG/BREAK & ENTER", "UCR_Description": "BURG/BREAK & ENTER", "NIBRS_Group": "A", "NIBRS_Offense_Group": "CRIMES AGAINST PROPERTY", "Part_One_or_Part_Two": 1, "Ward": "726", "Precinct": "AIRWAYS", "Source_ObjectID": "49767", "ObjectId": 1657008}}, {"type": "Feature", "id": 1657009, "geometry": {"type": "Point", "coordinates": [-89.965, 35.138]}, "properties": {"Crime_ID": "2405030296ME", "Offense_Datetime": 1716598800000, "Reported_Datetime": 1716600780000, "Agency_Crime_ID": "WEAPON LAW VIOLATIONS/FELONY", "UCR_Incident_Code": "520", "Block": 100, "Street_Name": "E RED OAK DR", "Street_Address": "100 E RED OAK DR", "City": "MEMPHIS", "State": "TN", "ZIP_Code": "38112", "Full_Address": "100 E RED OAK DR MEMPHIS TN 38112", "Latitude": 35.138, "Longitude": -89.965, "UCR_Category": "WEAPON LAW VIOLATION", "UCR_Description": "WEAPON LAW VIOL", "NIBRS_Group": "A", "NIBRS_Offense_Group": "CRIMES AGAINST SOCIETY", "Part_One_or_Part_Two": 2, "Ward": "523", "Precinct": "TILLMAN", "Source_ObjectID": "519336", "ObjectId": 1657009}}, {"type": "Feature", "id": 1657010, "geometry": {"type": "Point", "coordinates": [-89.843, 35.161]}, "properties": {"Crime_ID": "2311027982ME", "Offense_Datetime": 1700260200000, "Reported_Datetime": 1700434320000, "Agency_Crime_ID": "MVT/PASSENGER VEHICLE", "UCR_Incident_Code": "240", "Block": 1300, "Street_Name": "MOSSBROOK LN", "Street_Address": "1300 MOSSBROOK LN", "City": "MEMPHIS", "State": "TN", "ZIP_Code": "38134", "Full_Address": "1300 MOSSBROOK LN MEMPHIS TN 38134", "Latitude": 35.161, "Longitude": -89.843, "UCR_Category": "MOTOR VEHICLE THEFT", "UCR_Description": "MOTOR VEHICLE THEFT", "NIBRS_Group": "A", "NIBRS_Offense_Group": "CRIMES AGAINST PROPERTY", "Part_One_or_Part_Two": 1, "Ward": "822", "Precinct": "APPLING FARMS", "Source_ObjectID": "463310", "ObjectId": 1657010}}, {"type": "Feature", "id": 1657011, "geometry": {"type": "Point", "coordinates": [-90.047, 35.017]}, "properties": {"Crime_ID": "2312027450ME", "Offense_Datetime": 1702979100000, "Reported_Datetime": 1702984860000, "Agency_Crime_ID": "ARSON", "UCR_Incident_Code": "200", "Block": 500, "Street_Name": "HOLIDAY RD", "Street_Address": "500 HOLIDAY RD", "City": "MEMPHIS", "State": "TN", "ZIP_Code": "38109", "Full_Address": "500 HOLIDAY RD MEMPHIS TN 38109", "Latitude": 35.017, "Longitude": -90.047, "UCR_Category": "ARSON", "UCR_Description": "ARSON", "NIBRS_Group": "A", "NIBRS_Offense_Group": "CRIMES AGAINST PROPERTY", "Part_One_or_Part_Two": 1, "Ward": "223", "Precinct": "RAINES", "Source_ObjectID": "472328", "ObjectId": 1657011}}, {"type": "Feature", "id": 1657012, "geometry": {"type": "Point", "coordinates": [-89.859, 35.167]}, "properties": {"Crime_ID": "2208014274ME", "Offense_Datetime": 1661698800000, "Reported_Datetime": 1661706000000, "Agency_Crime_ID": "VANDALISM/MISDEMEANOR", "UCR_Incident_Code": "290", "Block": 6100, "Street_Name": "SHELBY OAKS DR", "Street_Address": "6100 SHELBY OAKS DR", "City": "MEMPHIS", "State": "TN", "ZIP_Code": "38134", "Full_Address": "6100 SHELBY OAKS DR MEMPHIS TN 38134", "Latitude": 35.167, "Longitude": -89.859, "UCR_Category": "DEST/DAM/VAND OF PROPERTY", "UCR_Description": "DEST/DAM/VAND OF PROPERTY", "NIBRS_Group": "A", "NIBRS_Offense_Group": "CRIMES AGAINST PROPERTY", "Part_One_or_Part_Two": 2, "Ward": "822", "Precinct": "APPLING FARMS", "Source_ObjectID": "310462", "ObjectId": 1657012}}, {"type": "Feature", "id": 1657013, "geometry": {"type": "Point", "coordinates": [-89.858, 35.13]}, "properties": {"Crime_ID": "2207800198ME", "Offense_Datetime": 1657957500000, "Reported_Datetime": 1658001927000, "Agency_Crime_ID": "VANDALISM/FELONY", "UCR_Incident_Code": "290", "Block": 0, "Street_Name": " HUMPHREYS CENTER DRIVE", "Street_Address": "0  HUMPHREYS CENTER DRIVE", "City": "MEMPHIS", "State": "TN", "ZIP_Code": "38120", "Full_Address": "0 HUMPHREYS CENTER DRIVE MEMPHIS TN 38120", "Latitude": 35.13, "Longitude": -89.858, "UCR_Category": "DEST/DAM/VAND OF PROPERTY", "UCR_Description": "DEST/DAM/VAND OF PROPERTY", "NIBRS_Group": "A", "NIBRS_Offense_Group": "CRIMES AGAINST PROPERTY", "Part_One_or_Part_Two": 2, "Ward": "823", "Precinct": "APPLING FARMS", "Source_ObjectID": "301735", "ObjectId": 1657013}}, {"type": "Feature", "id": 1657014, "geometry": {"type": "Point", "coordinates": [0, 0]}, "properties": {"Crime_ID": "2304021062ME", "Offense_Datetime": 1682345580000, "Reported_Datetime": 1682349180000, "Agency_Crime_ID": "SIMPLE ASSAULT/DV", "UCR_Incident_Code": "13B", "Block": 900, "Street_Name": "S PARWAY E BLVD", "Street_Address": "900 S PARWAY E BLVD", "City": "MEMPHIS", "State": "TN", "ZIP_Code": "38106", "Full_Address": "900 S PARWAY E BLVD MEMPHIS TN 38106", "Latitude": 0, "Longitude": 0, "UCR_Category": "ASSAULT", "UCR_Description": "SIMPLE ASSAULT", "NIBRS_Group": "A", "NIBRS_Offense_Group": "CRIMES AGAINST PERSONS", "Part_One_or_Part_Two": 2, "Ward": "722", "Precinct": "AIRWAYS", "Source_ObjectID": "389733", "ObjectId": 1657014}}, {"type": "Feature", "id": 1657015, "geometry": {"type": "Point", "coordinates": [-90.038, 35.11]}, "properties": {"Crime_ID": "2301014766ME", "Offense_Datetime": 1674947700000, "Reported_Datetime": 1675004280000, "Agency_Crime_ID": "THEFT OF VEHICLE PARTS/ACCESSORIES", "UCR_Incident_Code": "23G", "Block": 700, "Street_Name": "ROANOKE AVE", "Street_Address": "700 ROANOKE AVE", "City": "MEMPHIS", "State": "TN", "ZIP_Code": "38106", "Full_Address": "700 ROANOKE AVE MEMPHIS TN 38106", "Latitude": 35.11, "Longitude": -90.038, "UCR_Category": "LARCENY/THEFT", "UCR_Description": "THEFT OF MV PARTS/ACCS", "NIBRS_Group": "A", "NIBRS_Offense_Group": "CRIMES AGAINST PROPERTY", "Part_One_or_Part_Two": 1, "Ward": "421", "Precinct": "CRUMP", "Source_ObjectID": "362201", "ObjectId": 1657015}}, {"type": "Feature", "id": 1657016, "geometry": {"type": "Point", "coordinates": [-89.955, 35.021]}, "properties": {"Crime_ID": "2508023586ME", "Offense_Datetime": 1754666400000, "Reported_Datetime": 1754845320000, "Agency_Crime_ID": "AGGRAVATED ASSAULT", "UCR_Incident_Code": "13A", "Block": 0, "Street_Name": "SHELBY DR//TCHULAHOMA RD", "Street_Address": " SHELBY DR//TCHULAHOMA RD", "City": "MEMPHIS", "State": "TN", "ZIP_Code": "38118", "Full_Address": " SHELBY DR//TCHULAHOMA RD MEMPHIS TN 38118", "Latitude": 35.021, "Longitude": -89.955, "UCR_Category": "AGGRAVATED ASSAULT", "UCR_Description": "AGGRAVATED ASSAULT", "NIBRS_Group": "A", "NIBRS_Offense_Group": "CRIMES AGAINST PERSONS", "Part_One_or_Part_Two": 1, "Ward": "921", "Precinct": "RIDGEWAY", "Source_ObjectID": "645416", "ObjectId": 1657016}}, {"type": "Feature", "id": 1657017, "geometry": {"type": "Point", "coordinates": [-89.908, 35.121]}, "properties": {"Crime_ID": "2405025259ME", "Offense_Datetime": 1715374800000, "Reported_Datetime": 1715614260000, "Agency_Crime_ID": "THEFT FROM MOTOR VEHICLE", "UCR_Incident_Code": "23F", "Block": 300, "Street_Name": "PERKINS EXT", "Street_Address": "300 PERKINS EXT", "City": "MEMPHIS", "State": "TN", "ZIP_Code": "38117", "Full_Address": "300 PERKINS EXT MEMPHIS TN 38117", "Latitude": 35.121, "Longitude": -89.908, "UCR_Category": "LARCENY/THEFT", "UCR_Description": "THEFT FROM A MOTOR VEHICLE", "NIBRS_Group": "A", "NIBRS_Offense_Group": "CRIMES AGAINST PROPERTY", "Part_One_or_Part_Two": 1, "Ward": "821", "Precinct": "APPLING FARMS", "Source_ObjectID": "515493", "ObjectId": 1657017}}, {"type": "Feature", "id": 1657018, "geometry": {"type": "Point", "coordinates": [0, 0]}, "properties": {"Crime_ID": "2208009712ME", "Offense_Datetime": 1659272400000, "Reported_Datetime": 1660944540000, "Agency_Crime_ID": "STALKING", "UCR_Incident_Code": "13D", "Block": 200, "Street_Name": "DANNY THOMAS AVE", "Street_Address": "200 DANNY THOMAS AVE", "City": "MEMPHIS", "State": "TN", "ZIP_Code": "38104", "Full_Address": "200 DANNY THOMAS AVE MEMPHIS TN 38104", "Latitude": 0, "Longitude": 0, "UCR_Category": "ASSAULT", "UCR_Description": "STALKING", "NIBRS_Group": "A", "NIBRS_Offense_Group": "CRIMES AGAINST PERSONS", "Part_One_or_Part_Two": 2, "Ward": "421", "Precinct": "CRUMP", "Source_ObjectID": "307640", "ObjectId": 1657018}}, {"type": "Feature", "id": 1657019, "geometry": {"type": "Point", "coordinates": [-90.056, 35.03]}, "properties": {"Crime_ID": "2407027533ME", "Offense_Datetime": 1721149200000, "Reported_Datetime": 1721252040000, "Agency_Crime_ID": "THREATENING ELECTRONIC COMMUNICATION/DV", "UCR_Incident_Code": "13C", "Block": 4300, "Street_Name": "NEELY RD", "Street_Address": "4300 NEELY RD", "City": "MEMPHIS", "State": "TN", "ZIP_Code": "38109", "Full_Address": "4300 NEELY RD MEMPHIS TN 38109", "Latitude": 35.03, "Longitude": -90.056, "UCR_Category": "ASSAULT", "UCR_Description": "INTIMIDATION", "NIBRS_Group": "A", "NIBRS_Offense_Group": "CRIMES AGAINST PERSONS", "Part_One_or_Part_Two": 2, "Ward": "221", "Precinct": "RAINES", "Source_ObjectID": "537750", "ObjectId": 1657019}}, {"type": "Feature", "id": 1657020, "geometry": {"type": "Point", "coordinates": [-89.856, 35.172]}, "properties": {"Crime_ID": "2305025182ME", "Offense_Datetime": 1680802680000, "Reported_Datetime": 1683909300000, "Agency_Crime_ID": "THEFT OF VEHICLE PARTS/ACCESSORIES", "UCR_Incident_Code": "23G", "Block": 1600, "Street_Name": "N SHELBY OAKS DR", "Street_Address": "1600 N SHELBY OAKS DR", "City": "MEMPHIS", "State": "TN", "ZIP_Code": "38134", "Full_Address": "1600 N SHELBY OAKS DR MEMPHIS TN 38134", "Latitude": 35.172, "Longitude": -89.856, "UCR_Category": "LARCENY/THEFT", "UCR_Description": "THEFT OF MV PARTS/ACCS", "NIBRS_Group": "A", "NIBRS_Offense_Group": "CRIMES AGAINST PROPERTY", "Part_One_or_Part_Two": 1, "Ward": "822", "Precinct": "APPLING FARMS", "Source_ObjectID": "396323", "ObjectId": 1657020}}, {"type": "Feature", "id": 1657021, "geometry": {"type": "Point", "coordinates": [-89.859, 35.042]}, "properties": {"Crime_ID": "2601021070ME", "Offense_Datetime": 1767533400000, "Reported_Datetime": 1767534900000, "Agency_Crime_ID": "SIMPLE ASSAULT/DV", "UCR_Incident_Code": "13B", "Block": 6100, "Street_Name": "EYRIE DR", "Street_Address": "6100 EYRIE DR", "City": "MEMPHIS", "State": "TN", "ZIP_Code": "38115", "Full_Address": "6100 EYRIE DR MEMPHIS TN 38115", "Latitude": 35.042, "Longitude": -89.859, "UCR_Category": "ASSAULT", "UCR_Description": "SIMPLE ASSAULT", "NIBRS_Group": "A", "NIBRS_Offense_Group": "CRIMES AGAINST PERSONS", "Part_One_or_Part_Two": 2, "Ward": "724", "Precinct": "AIRWAYS", "Source_ObjectID": "678585", "ObjectId": 1657021}}, {"type": "Feature", "id": 1657022, "geometry": {"type": "Point", "coordinates": [-90.011, 35.116]}, "properties": {"Crime_ID": "2410030065ME", "Offense_Datetime": 1729895100000, "Reported_Datetime": 1729895820000, "Agency_Crime_ID": "SIMPLE ASSAULT", "UCR_Incident_Code": "13B", "Block": 1500, "Street_Name": "SOUTHERN AVE", "Street_Address": "1500 SOUTHERN AVE", "City": "MEMPHIS", "State": "TN", "ZIP_Code": "38114", "Full_Address": "1500 SOUTHERN AVE MEMPHIS TN 38114", "Latitude": 35.116, "Longitude": -90.011, "UCR_Category": "ASSAULT", "UCR_Description": "SIMPLE ASSAULT", "NIBRS_Group": "A", "NIBRS_Offense_Group": "CRIMES AGAINST PERSONS", "Part_One_or_Part_Two": 2, "Ward": "422", "Precinct": "CRUMP", "Source_ObjectID": "568003", "ObjectId": 1657022}}, {"type": "Feature", "id": 1657023, "geometry": {"type": "Point", "coordinates": [-89.957, 35.145]}, "properties": {"Crime_ID": "2001009321ME", "Offense_Datetime": 1579576680000, "Reported_Datetime": 1579578360000, "Agency_Crime_ID": "WEAPON LAW VIOLATIONS/FELONY", "UCR_Incident_Code": "520", "Block": 3100, "Street_Name": "PRINCETON AVE", "Street_Address": "3100 PRINCETON AVE", "City": "MEMPHIS", "State": "TN", "ZIP_Code": "38112", "Full_Address": "3100 PRINCETON AVE MEMPHIS TN 38112", "Latitude": 35.145, "Longitude": -89.957, "UCR_Category": "WEAPON LAW VIOLATION", "UCR_Description": "WEAPON LAW VIOL", "NIBRS_Group": "A", "NIBRS_Offense_Group": "CRIMES AGAINST SOCIETY", "Part_One_or_Part_Two": 2, "Ward": "523", "Precinct": "TILLMAN", "Source_ObjectID": "49125", "ObjectId": 1657023}}, {"type": "Feature", "id": 1657024, "geometry": {"type": "Point", "coordinates": [-89.97, 35.105]}, "properties": {"Crime_ID": "2006008815ME", "Offense_Datetime": 1592875980000, "Reported_Datetime": 1592876220000, "Agency_Crime_ID": "DRUGS/NARCOTICS VIOLATION/FELONY", "UCR_Incident_Code": "35A", "Block": 0, "Street_Name": "DEADRICK AVE//PENDLETON ST", "Street_Address": " DEADRICK AVE//PENDLETON ST", "City": "MEMPHIS", "State": "TN", "ZIP_Code": "38114", "Full_Address": " DEADRICK AVE//PENDLETON ST MEMPHIS TN 38114", "Latitude": 35.105, "Longitude": -89.97, "UCR_Category": "DRUG/NARCOTIC", "UCR_Description": "DRUG/NARCOTIC VIOLS", "NIBRS_Group": "A", "NIBRS_Offense_Group": "CRIMES AGAINST SOCIETY", "Part_One_or_Part_Two": 2, "Ward": "725", "Precinct": "AIRWAYS", "Source_ObjectID": "88943", "ObjectId": 1657024}}, {"type": "Feature", "id": 1657025, "geometry": {"type": "Point", "coordinates": [-89.901, 35.195]}, "properties": {"Crime_ID": "2101006410ME", "Offense_Datetime": 1610854200000, "Reported_Datetime": 1610863980000, "Agency_Crime_ID": "VANDALISM/MISDEMEANOR", "UCR_Incident_Code": "290", "Block": 2500, "Street_Name": "HOLLY HEDGE DR", "Street_Address": "2500 HOLLY HEDGE DR", "City": "MEMPHIS", "State": "TN", "ZIP_Code": "38128", "Full_Address": "2500 HOLLY HEDGE DR MEMPHIS TN 38128", "Latitude": 35.195, "Longitude": -89.901, "UCR_Category": "DEST/DAM/VAND OF PROPERTY", "UCR_Description": "DEST/DAM/VAND OF PROPERTY", "NIBRS_Group": "A", "NIBRS_Offense_Group": "CRIMES AGAINST PROPERTY", "Part_One_or_Part_Two": 2, "Ward": "126", "Precinct": "AUSTIN PEAY", "Source_ObjectID": "145647", "ObjectId": 1657025}}, {"type": "Feature", "id": 1657026, "geometry": {"type": "Point", "coordinates": [-89.957, 35.157]}, "properties": {"Crime_ID": "2209008718ME", "Offense_Datetime": 1663460400000, "Reported_Datetime": 1663463220000, "Agency_Crime_ID": "VANDALISM/MISDEMEANOR", "UCR_Incident_Code": "290", "Block": 900, "Street_Name": "KIPPLEY ST", "Street_Address": "900 KIPPLEY ST", "City": "MEMPHIS", "State": "TN", "ZIP_Code": "38112", "Full_Address": "900 KIPPLEY ST MEMPHIS TN 38112", "Latitude": 35.157, "Longitude": -89.957, "UCR_Category": "DEST/DAM/VAND OF PROPERTY", "UCR_Description": "DEST/DAM/VAND OF PROPERTY", "NIBRS_Group": "A", "NIBRS_Offense_Group": "CRIMES AGAINST PROPERTY", "Part_One_or_Part_Two": 2, "Ward": "524", "Precinct": "TILLMAN", "Source_ObjectID": "317423", "ObjectId": 1657026}}, {"type": "Feature", "id": 1657027, "geometry": {"type": "Point", "coordinates": [-90.04, 35.041]}, "properties": {"Crime_ID": "2207009319ME", "Offense_Datetime": 1658129100000, "Reported_Datetime": 1658240460000, "Agency_Crime_ID": "MVT/PASSENGER VEHICLE", "UCR_Incident_Code": "240", "Block": 700, "Street_Name": "DELLROSE DR", "Street_Address": "700 DELLROSE DR", "City": "MEMPHIS", "State": "TN", "ZIP_Code": "38116", "Full_Address": "700 DELLROSE DR MEMPHIS TN 38116", "Latitude": 35.041, "Longitude": -90.04, "UCR_Category": "MOTOR VEHICLE THEFT", "UCR_Description": "MOTOR VEHICLE THEFT", "NIBRS_Group": "A", "NIBRS_Offense_Group": "CRIMES AGAINST PROPERTY", "Part_One_or_Part_Two": 1, "Ward": "223", "Precinct": "RAINES", "Source_ObjectID": "297396", "ObjectId": 1657027}}, {"type": "Feature", "id": 1657028, "geometry": {"type": "Point", "coordinates": [-89.908, 35.075]}, "properties": {"Crime_ID": "2407026942ME", "Offense_Datetime": 1719277200000, "Reported_Datetime": 1721148900000, "Agency_Crime_ID": "VANDALISM/FELONY", "UCR_Incident_Code": "290", "Block": 2600, "Street_Name": "S PERKINS RD", "Street_Address": "2600 S PERKINS RD", "City": "MEMPHIS", "State": "TN", "ZIP_Code": "38118", "Full_Address": "2600 S PERKINS RD MEMPHIS TN 38118", "Latitude": 35.075, "Longitude": -89.908, "UCR_Category": "DEST/DAM/VAND OF PROPERTY", "UCR_Description": "DEST/DAM/VAND OF PROPERTY", "NIBRS_Group": "A", "NIBRS_Offense_Group": "CRIMES AGAINST PROPERTY", "Part_One_or_Part_Two": 2, "Ward": "324", "Precinct": "MT MORIAH", "Source_ObjectID": "537305", "ObjectId": 1657028}}, {"type": "Feature", "id": 1657029, "geometry": {"type": "Point", "coordinates": [-89.96, 35.094]}, "properties": {"Crime_ID": "2305027076ME", "Offense_Datetime": 1684268100000, "Reported_Datetime": 1684269720000, "Agency_Crime_ID": "SIMPLE ASSAULT", "UCR_Incident_Code": "13B", "Block": 3000, "Street_Name": "KIMBALL AVE", "Street_Address": "3000 KIMBALL AVE", "City": "MEMPHIS", "State": "TN", "ZIP_Code": "38114", "Full_Address": "3000 KIMBALL AVE MEMPHIS TN 38114", "Latitude": 35.094, "Longitude": -89.96, "UCR_Category": "ASSAULT", "UCR_Description": "SIMPLE ASSAULT", "NIBRS_Group": "A", "NIBRS_Offense_Group": "CRIMES AGAINST PERSONS", "Part_One_or_Part_Two": 2, "Ward": "726", "Precinct": "AIRWAYS", "Source_ObjectID": "397882", "ObjectId": 1657029}}, {"type": "Feature", "id": 1657030, "geometry": {"type": "Point", "coordinates": [-89.938, 35.042]}, "properties": {"Crime_ID": "2204011008ME", "Offense_Datetime": 1650844800000, "Reported_Datetime": 1650897000000, "Agency_Crime_ID": "THEFT OF OTHER TRAILER", "UCR_Incident_Code": "23H", "Block": 3700, "Street_Name": "GETWELL CV", "Street_Address": "3700 GETWELL CV", "City": "MEMPHIS", "State": "TN", "ZIP_Code": "38118", "Full_Address": "3700 GETWELL CV MEMPHIS TN 38118", "Latitude": 35.042, "Longitude": -89.938, "UCR_Category": "LARCENY/THEFT", "UCR_Description": "ALL OTHER LARCENY", "NIBRS_Group": "A", "NIBRS_Offense_Group": "CRIMES AGAINST PROPERTY", "Part_One_or_Part_Two": 1, "Ward": "921", "Precinct": "RIDGEWAY", "Source_ObjectID": "269794", "ObjectId": 1657030}}, {"type": "Feature", "id": 1657031, "geometry": {"type": "Point", "coordinates": [-89.837, 35.166]}, "properties": {"Crime_ID": "2603026171ME", "Offense_Datetime": 1773939780000, "Reported_Datetime": 1773940440000, "Agency_Crime_ID": "WEAPON LAW VIOLATIONS/FELONY", "UCR_Incident_Code": "520", "Block": 0, "Street_Name": "MACON RD//WHITTEN RD", "Street_Address": " MACON RD//WHITTEN RD", "City": "MEMPHIS", "State": "TN", "ZIP_Code": "38134", "Full_Address": " MACON RD//WHITTEN RD MEMPHIS TN 38134", "Latitude": 35.166, "Longitude": -89.837, "UCR_Category": "WEAPON LAW VIOLATION", "UCR_Description": "WEAPON LAW VIOL", "NIBRS_Group": "A", "NIBRS_Offense_Group": "CRIMES AGAINST SOCIETY", "Part_One_or_Part_Two": 2, "Ward": "823", "Precinct": "APPLING FARMS", "Source_ObjectID": "691884", "ObjectId": 1657031}}, {"type": "Feature", "id": 1657032, "geometry": {"type": "Point", "coordinates": [-89.864, 35.094]}, "properties": {"Crime_ID": "2306025447ME", "Offense_Datetime": 1686618000000, "Reported_Datetime": 1686649740000, "Agency_Crime_ID": "MVT/PASSENGER VEHICLE", "UCR_Incident_Code": "240", "Block": 1400, "Street_Name": "HICKORY WAY", "Street_Address": "1400 HICKORY WAY", "City": "MEMPHIS", "State": "TN", "ZIP_Code": "38115", "Full_Address": "1400 HICKORY WAY MEMPHIS TN 38115", "Latitude": 35.094, "Longitude": -89.864, "UCR_Category": "MOTOR VEHICLE THEFT", "UCR_Description": "MOTOR VEHICLE THEFT", "NIBRS_Group": "A", "NIBRS_Offense_Group": "CRIMES AGAINST PROPERTY", "Part_One_or_Part_Two": 1, "Ward": "326", "Precinct": "MT MORIAH", "Source_ObjectID": "413759", "ObjectId": 1657032}}, {"type": "Feature", "id": 1657033, "geometry": {"type": "Point", "coordinates": [-89.964, 35.141]}, "properties": {"Crime_ID": "2110004408ME", "Offense_Datetime": 1633840200000, "Reported_Datetime": 1633898400000, "Agency_Crime_ID": "THEFT FROM MOTOR VEHICLE", "UCR_Incident_Code": "23F", "Block": 300, "Street_Name": "CARPENTER ST", "Street_Address": "300 CARPENTER ST", "City": "MEMPHIS", "State": "TN", "ZIP_Code": "38112", "Full_Address": "300 CARPENTER ST MEMPHIS TN 38112", "Latitude": 35.141, "Longitude": -89.964, "UCR_Category": "LARCENY/THEFT", "UCR_Description": "THEFT FROM A MOTOR VEHICLE", "NIBRS_Group": "A", "NIBRS_Offense_Group": "CRIMES AGAINST PROPERTY", "Part_One_or_Part_Two": 1, "Ward": "523", "Precinct": "TILLMAN", "Source_ObjectID": "216120", "ObjectId": 1657033}}, {"type": "Feature", "id": 1657034, "geometry": {"type": "Point", "coordinates": [-89.989, 35.14]}, "properties": {"Crime_ID": "2509029233ME", "Offense_Datetime": 1758762600000, "Reported_Datetime": 1758764640000, "Agency_Crime_ID": "SIMPLE ASSAULT/DV", "UCR_Incident_Code": "13B", "Block": 2100, "Street_Name": "WASHINGTON AVE", "Street_Address": "2100 WASHINGTON AVE", "City": "MEMPHIS", "State": "TN", "ZIP_Code": "38104", "Full_Address": "2100 WASHINGTON AVE MEMPHIS TN 38104", "Latitude": 35.14, "Longitude": -89.989, "UCR_Category": "ASSAULT", "UCR_Description": "SIMPLE ASSAULT", "NIBRS_Group": "A", "NIBRS_Offense_Group": "CRIMES AGAINST PERSONS", "Part_One_or_Part_Two": 2, "Ward": "424", "Precinct": "CRUMP", "Source_ObjectID": "657089", "ObjectId": 1657034}}, {"type": "Feature", "id": 1657035, "geometry": {"type": "Point", "coordinates": [-89.896, 35.183]}, "properties": {"Crime_ID": "2304002055ME", "Offense_Datetime": 1680681060000, "Reported_Datetime": 1680682680000, "Agency_Crime_ID": "BURGLARY/BUSINESS", "UCR_Incident_Code": "220", "Block": 2100, "Street_Name": "COVINGTON PIKE", "Street_Address": "2100 COVINGTON PIKE", "City": "MEMPHIS", "State": "TN", "ZIP_Code": "38128", "Full_Address": "2100 COVINGTON PIKE MEMPHIS TN 38128", "Latitude": 35.183, "Longitude": -89.896, "UCR_Category": "BURG/BREAK & ENTER", "UCR_Description": "BURG/BREAK & ENTER", "NIBRS_Group": "A", "NIBRS_Offense_Group": "CRIMES AGAINST PROPERTY", "Part_One_or_Part_Two": 1, "Ward": "822", "Precinct": "APPLING FARMS", "Source_ObjectID": "383004", "ObjectId": 1657035}}, {"type": "Feature", "id": 1657036, "geometry": {"type": "Point", "coordinates": [-89.966, 35.089]}, "properties": {"Crime_ID": "2410022235ME", "Offense_Datetime": 1728223200000, "Reported_Datetime": 1728225120000, "Agency_Crime_ID": "SHOPLIFTING/MISDEMEANOR", "UCR_Incident_Code": "23C", "Block": 2900, "Street_Name": "LAMAR AVE", "Street_Address": "2900 LAMAR AVE", "City": "MEMPHIS", "State": "TN", "ZIP_Code": "38114", "Full_Address": "2900 LAMAR AVE MEMPHIS TN 38114", "Latitude": 35.089, "Longitude": -89.966, "UCR_Category": "LARCENY/THEFT", "UCR_Description": "SHOPLIFTING", "NIBRS_Group": "A", "NIBRS_Offense_Group": "CRIMES AGAINST PROPERTY", "Part_One_or_Part_Two": 1, "Ward": "725", "Precinct": "AIRWAYS", "Source_ObjectID": "562284", "ObjectId": 1657036}}, {"type": "Feature", "id": 1657037, "geometry": {"type": "Point", "coordinates": [-90.013, 35.166]}, "properties": {"Crime_ID": "2401024785ME", "Offense_Datetime": 1705161600000, "Reported_Datetime": 1705168200000, "Agency_Crime_ID": "INTIMIDATION/DV", "UCR_Incident_Code": "13C", "Block": 1000, "Street_Name": "ALASKA ST", "Street_Address": "1000 ALASKA ST", "City": "MEMPHIS", "State": "TN", "ZIP_Code": "38107", "Full_Address": "1000 ALASKA ST MEMPHIS TN 38107", "Latitude": 35.166, "Longitude": -90.013, "UCR_Category": "ASSAULT", "UCR_Description": "INTIMIDATION", "NIBRS_Group": "A", "NIBRS_Offense_Group": "CRIMES AGAINST PERSONS", "Part_One_or_Part_Two": 2, "Ward": "425", "Precinct": "CRUMP", "Source_ObjectID": "480167", "ObjectId": 1657037}}, {"type": "Feature", "id": 1657038, "geometry": {"type": "Point", "coordinates": [-89.963, 35.139]}, "properties": {"Crime_ID": "2605020061ME", "Offense_Datetime": 1777507200000, "Reported_Datetime": 1777640640000, "Agency_Crime_ID": "INTIMIDATION", "UCR_Incident_Code": "13C", "Block": 2900, "Street_Name": "MIMOSA AVE", "Street_Address": "2900 MIMOSA AVE", "City": "MEMPHIS", "State": "TN", "ZIP_Code": "38112", "Full_Address": "2900 MIMOSA AVE MEMPHIS TN 38112", "Latitude": 35.139, "Longitude": -89.963, "UCR_Category": "ASSAULT", "UCR_Description": "INTIMIDATION", "NIBRS_Group": "A", "NIBRS_Offense_Group": "CRIMES AGAINST PERSONS", "Part_One_or_Part_Two": 2, "Ward": "523", "Precinct": "TILLMAN", "Source_ObjectID": "701594", "ObjectId": 1657038}}, {"type": "Feature", "id": 1657039, "geometry": {"type": "Point", "coordinates": [-89.91, 35.232]}, "properties": {"Crime_ID": "2006009052ME", "Offense_Datetime": 1589374800000, "Reported_Datetime": 1592925240000, "Agency_Crime_ID": "COUNTERFEITING/FORGERY", "UCR_Incident_Code": "250", "Block": 3900, "Street_Name": "OTTER DR", "Street_Address": "3900 OTTER DR", "City": "MEMPHIS", "State": "TN", "ZIP_Code": "38105", "Full_Address": "3900 OTTER DR MEMPHIS TN 38105", "Latitude": 35.232, "Longitude": -89.91, "UCR_Category": "COUNTERFEITING/FORGERY", "UCR_Description": "COUNTERFEITING/FORGERY", "NIBRS_Group": "A", "NIBRS_Offense_Group": "CRIMES AGAINST PROPERTY", "Part_One_or_Part_Two": 2, "Ward": "124", "Precinct": "AUSTIN PEAY", "Source_ObjectID": "89053", "ObjectId": 1657039}}, {"type": "Feature", "id": 1657040, "geometry": {"type": "Point", "coordinates": [-89.975, 35.229]}, "properties": {"Crime_ID": "2210007120ME", "Offense_Datetime": 1665797400000, "Reported_Datetime": 1665869520000, "Agency_Crime_ID": "MVT/PASSENGER VEHICLE", "UCR_Incident_Code": "240", "Block": 3700, "Street_Name": "RANGE LINE RD", "Street_Address": "3700 RANGE LINE RD", "City": "MEMPHIS", "State": "TN", "ZIP_Code": "38127", "Full_Address": "3700 RANGE LINE RD MEMPHIS TN 38127", "Latitude": 35.229, "Longitude": -89.975, "UCR_Category": "MOTOR VEHICLE THEFT", "UCR_Description": "MOTOR VEHICLE THEFT", "NIBRS_Group": "A", "NIBRS_Offense_Group": "CRIMES AGAINST PROPERTY", "Part_One_or_Part_Two": 1, "Ward": "123", "Precinct": "AUSTIN PEAY", "Source_ObjectID": "326704", "ObjectId": 1657040}}, {"type": "Feature", "id": 1657041, "geometry": {"type": "Point", "coordinates": [-90.038, 35.142]}, "properties": {"Crime_ID": "2211013053ME", "Offense_Datetime": 1669438800000, "Reported_Datetime": 1669585680000, "Agency_Crime_ID": "THEFT FROM MOTOR VEHICLE", "UCR_Incident_Code": "23F", "Block": 0, "Street_Name": "ORLEANS ST", "Street_Address": "0 ORLEANS ST", "City": "MEMPHIS", "State": "TN", "ZIP_Code": "38105", "Full_Address": "0 ORLEANS ST MEMPHIS TN 38105", "Latitude": 35.142, "Longitude": -90.038, "UCR_Category": "LARCENY/THEFT", "UCR_Description": "THEFT FROM A MOTOR VEHICLE", "NIBRS_Group": "A", "NIBRS_Offense_Group": "CRIMES AGAINST PROPERTY", "Part_One_or_Part_Two": 1, "Ward": "624", "Precinct": "NORTH MAIN", "Source_ObjectID": "340633", "ObjectId": 1657041}}, {"type": "Feature", "id": 1657042, "geometry": {"type": "Point", "coordinates": [-90.019, 35.08]}, "properties": {"Crime_ID": "2107001146ME", "Offense_Datetime": 1625359020000, "Reported_Datetime": 1625359560000, "Agency_Crime_ID": "DRUGS/NARCOTICS VIOLATION/FELONY", "UCR_Incident_Code": "35A", "Block": 0, "Street_Name": "ELVIS PRESLEY BLVD//WHITMORE AVE", "Street_Address": " ELVIS PRESLEY BLVD//WHITMORE AVE", "City": "MEMPHIS", "State": "TN", "ZIP_Code": "38106", "Full_Address": " ELVIS PRESLEY BLVD//WHITMORE AVE MEMPHIS TN 38106", "Latitude": 35.08, "Longitude": -90.019, "UCR_Category": "DRUG/NARCOTIC", "UCR_Description": "DRUG/NARCOTIC VIOLS", "NIBRS_Group": "A", "NIBRS_Offense_Group": "CRIMES AGAINST SOCIETY", "Part_One_or_Part_Two": 2, "Ward": "724", "Precinct": "AIRWAYS", "Source_ObjectID": "188152", "ObjectId": 1657042}}, {"type": "Feature", "id": 1657043, "geometry": {"type": "Point", "coordinates": [-89.757, 35.203]}, "properties": {"Crime_ID": "2503028230ME", "Offense_Datetime": 1742718300000, "Reported_Datetime": 1742835420000, "Agency_Crime_ID": "VANDALISM/MISDEMEANOR", "UCR_Incident_Code": "290", "Block": 2800, "Street_Name": "MORNING LAKE DR", "Street_Address": "2800 MORNING LAKE DR", "City": "MEMPHIS", "State": "TN", "ZIP_Code": "38133", "Full_Address": "2800 MORNING LAKE DR MEMPHIS TN 38133", "Latitude": 35.203, "Longitude": -89.757, "UCR_Category": "DEST/DAM/VAND OF PROPERTY", "UCR_Description": "DEST/DAM/VAND OF PROPERTY", "NIBRS_Group": "A", "NIBRS_Offense_Group": "CRIMES AGAINST PROPERTY", "Part_One_or_Part_Two": 2, "Ward": "826", "Precinct": "APPLING FARMS", "Source_ObjectID": "607450", "ObjectId": 1657043}}, {"type": "Feature", "id": 1657044, "geometry": {"type": "Point", "coordinates": [-90.033, 35.13]}, "properties": {"Crime_ID": "2101001093ME", "Offense_Datetime": 1609740000000, "Reported_Datetime": 1609773360000, "Agency_Crime_ID": "WEAPON LAW VIOLATIONS/FELONY", "UCR_Incident_Code": "520", "Block": 800, "Street_Name": "E H CRUMP BLVD", "Street_Address": "800 E H CRUMP BLVD", "City": "MEMPHIS", "State": "TN", "ZIP_Code": "38106", "Full_Address": "800 E H CRUMP BLVD MEMPHIS TN 38106", "Latitude": 35.13, "Longitude": -90.033, "UCR_Category": "WEAPON LAW VIOLATION", "UCR_Description": "WEAPON LAW VIOL", "NIBRS_Group": "A", "NIBRS_Offense_Group": "CRIMES AGAINST SOCIETY", "Part_One_or_Part_Two": 2, "Ward": "422", "Precinct": "CRUMP", "Source_ObjectID": "142710", "ObjectId": 1657044}}, {"type": "Feature", "id": 1657045, "geometry": {"type": "Point", "coordinates": [-90.022, 35.02]}, "properties": {"Crime_ID": "2409031224ME", "Offense_Datetime": 1727471400000, "Reported_Datetime": 1727472360000, "Agency_Crime_ID": "VANDALISM/MISDEMEANOR", "UCR_Incident_Code": "290", "Block": 1200, "Street_Name": "SOUTHLAND MALL", "Street_Address": "1200 SOUTHLAND MALL", "City": "MEMPHIS", "State": "TN", "ZIP_Code": "38116", "Full_Address": "1200 SOUTHLAND MALL MEMPHIS TN 38116", "Latitude": 35.02, "Longitude": -90.022, "UCR_Category": "DEST/DAM/VAND OF PROPERTY", "UCR_Description": "DEST/DAM/VAND OF PROPERTY", "NIBRS_Group": "A", "NIBRS_Offense_Group": "CRIMES AGAINST PROPERTY", "Part_One_or_Part_Two": 2, "Ward": "225", "Precinct": "RAINES", "Source_ObjectID": "559619", "ObjectId": 1657045}}, {"type": "Feature", "id": 1657046, "geometry": {"type": "Point", "coordinates": [-90.03, 35.213]}, "properties": {"Crime_ID": "2502028284ME", "Offense_Datetime": 1740526980000, "Reported_Datetime": 1740529260000, "Agency_Crime_ID": "SHOPLIFTING/MISDEMEANOR", "UCR_Incident_Code": "23C", "Block": 3100, "Street_Name": "THOMAS ST", "Street_Address": "3100 THOMAS ST", "City": "MEMPHIS", "State": "TN", "ZIP_Code": "38127", "Full_Address": "3100 THOMAS ST MEMPHIS TN 38127", "Latitude": 35.213, "Longitude": -90.03, "UCR_Category": "LARCENY/THEFT", "UCR_Description": "SHOPLIFTING", "NIBRS_Group": "A", "NIBRS_Offense_Group": "CRIMES AGAINST PROPERTY", "Part_One_or_Part_Two": 1, "Ward": "121", "Precinct": "AUSTIN PEAY", "Source_ObjectID": "600783", "ObjectId": 1657046}}, {"type": "Feature", "id": 1657047, "geometry": {"type": "Point", "coordinates": [-90.03, 35.129]}, "properties": {"Crime_ID": "2506022523ME", "Offense_Datetime": 1749304800000, "Reported_Datetime": 1749305940000, "Agency_Crime_ID": "THREATENING ELECTRONIC COMMUNICATION", "UCR_Incident_Code": "13C", "Block": 600, "Street_Name": "EAST ST", "Street_Address": "600 EAST ST", "City": "MEMPHIS", "State": "TN", "ZIP_Code": "38106", "Full_Address": "600 EAST ST MEMPHIS TN 38106", "Latitude": 35.129, "Longitude": -90.03, "UCR_Category": "ASSAULT", "UCR_Description": "INTIMIDATION", "NIBRS_Group": "A", "NIBRS_Offense_Group": "CRIMES AGAINST PERSONS", "Part_One_or_Part_Two": 2, "Ward": "422", "Precinct": "CRUMP", "Source_ObjectID": "628406", "ObjectId": 1657047}}, {"type": "Feature", "id": 1657048, "geometry": {"type": "Point", "coordinates": [-90, 35.16]}, "properties": {"Crime_ID": "2509024969ME", "Offense_Datetime": 1757732400000, "Reported_Datetime": 1757775360000, "Agency_Crime_ID": "AGGRAVATED ASSAULT", "UCR_Incident_Code": "13A", "Block": 1700, "Street_Name": "CRUMP AVE", "Street_Address": "1700 CRUMP AVE", "City": "MEMPHIS", "State": "TN", "ZIP_Code": "38107", "Full_Address": "1700 CRUMP AVE MEMPHIS TN 38107", "Latitude": 35.16, "Longitude": -90, "UCR_Category": "AGGRAVATED ASSAULT", "UCR_Description": "AGGRAVATED ASSAULT", "NIBRS_Group": "A", "NIBRS_Offense_Group": "CRIMES AGAINST PERSONS", "Part_One_or_Part_Two": 1, "Ward": "425", "Precinct": "CRUMP", "Source_ObjectID": "654273", "ObjectId": 1657048}}, {"type": "Feature", "id": 1657049, "geometry": {"type": "Point", "coordinates": [-89.733, 35.203]}, "properties": {"Crime_ID": "2204004424ME", "Offense_Datetime": 1649521800000, "Reported_Datetime": 1649689200000, "Agency_Crime_ID": "VANDALISM/FELONY", "UCR_Incident_Code": "290", "Block": 2800, "Street_Name": "HOUSTON LEVEE RD", "Street_Address": "2800 HOUSTON LEVEE RD", "City": "MEMPHIS", "State": "TN", "ZIP_Code": "38016", "Full_Address": "2800 HOUSTON LEVEE RD MEMPHIS TN 38016", "Latitude": 35.203, "Longitude": -89.733, "UCR_Category": "DEST/DAM/VAND OF PROPERTY", "UCR_Description": "DEST/DAM/VAND OF PROPERTY", "NIBRS_Group": "A", "NIBRS_Offense_Group": "CRIMES AGAINST PROPERTY", "Part_One_or_Part_Two": 2, "Ward": "826", "Precinct": "APPLING FARMS", "Source_ObjectID": "265533", "ObjectId": 1657049}}, {"type": "Feature", "id": 1657050, "geometry": {"type": "Point", "coordinates": [0, 0]}, "properties": {"Crime_ID": "2101005494ME", "Offense_Datetime": 1610659740000, "Reported_Datetime": 1610660880000, "Agency_Crime_ID": "SHOPLIFTING/MISDEMEANOR", "UCR_Incident_Code": "23C", "Block": 4200, "Street_Name": "RALEIGH MILL", "Street_Address": "4200 RALEIGH MILL", "City": "MEMPHIS", "State": "TN", "ZIP_Code": "38128", "Full_Address": "4200 RALEIGH MILL MEMPHIS TN 38128", "Latitude": 0, "Longitude": 0, "UCR_Category": "LARCENY/THEFT", "UCR_Description": "SHOPLIFTING", "NIBRS_Group": "A", "NIBRS_Offense_Group": "CRIMES AGAINST PROPERTY", "Part_One_or_Part_Two": 1, "Ward": "125", "Precinct": "AUSTIN PEAY", "Source_ObjectID": "145090", "ObjectId": 1657050}}, {"type": "Feature", "id": 1657051, "geometry": {"type": "Point", "coordinates": [-90.015, 35.078]}, "properties": {"Crime_ID": "2106000032ME", "Offense_Datetime": 1622505600000, "Reported_Datetime": 1622532600000, "Agency_Crime_ID": "SIMPLE ASSAULT", "UCR_Incident_Code": "13B", "Block": 0, "Street_Name": "WARRENST//ALCY RD", "Street_Address": " WARRENST//ALCY RD", "City": "MEMPHIS", "State": "TN", "ZIP_Code": "38106", "Full_Address": " WARRENST//ALCY RD MEMPHIS TN 38106", "Latitude": 35.078, "Longitude": -90.015, "UCR_Category": "ASSAULT", "UCR_Description": "SIMPLE ASSAULT", "NIBRS_Group": "A", "NIBRS_Offense_Group": "CRIMES AGAINST PERSONS", "Part_One_or_Part_Two": 2, "Ward": "724", "Precinct": "AIRWAYS", "Source_ObjectID": "179177", "ObjectId": 1657051}}, {"type": "Feature", "id": 1657052, "geometry": {"type": "Point", "coordinates": [-89.953, 35.016]}, "properties": {"Crime_ID": "2405021607ME", "Offense_Datetime": 1714875000000, "Reported_Datetime": 1714876140000, "Agency_Crime_ID": "SIMPLE ASSAULT/DV", "UCR_Incident_Code": "13B", "Block": 3300, "Street_Name": "BESTWAY DR", "Street_Address": "3300 BESTWAY DR", "City": "MEMPHIS", "State": "TN", "ZIP_Code": "38118", "Full_Address": "3300 BESTWAY DR MEMPHIS TN 38118", "Latitude": 35.016, "Longitude": -89.953, "UCR_Category": "ASSAULT", "UCR_Description": "SIMPLE ASSAULT", "NIBRS_Group": "A", "NIBRS_Offense_Group": "CRIMES AGAINST PERSONS", "Part_One_or_Part_Two": 2, "Ward": "921", "Precinct": "RIDGEWAY", "Source_ObjectID": "512675", "ObjectId": 1657052}}, {"type": "Feature", "id": 1657053, "geometry": {"type": "Point", "coordinates": [-89.834, 35.184]}, "properties": {"Crime_ID": "2504026204ME", "Offense_Datetime": 1744902000000, "Reported_Datetime": 1744926960000, "Agency_Crime_ID": "THEFT FROM BUILDING", "UCR_Incident_Code": "23D", "Block": 2100, "Street_Name": "CHARLES BRYAN RD", "Street_Address": "2100 CHARLES BRYAN RD", "City": "MEMPHIS", "State": "TN", "ZIP_Code": "38133", "Full_Address": "2100 CHARLES BRYAN RD MEMPHIS TN 38133", "Latitude": 35.184, "Longitude": -89.834, "UCR_Category": "LARCENY/THEFT", "UCR_Description": "THEFT FROM A BUILDING", "NIBRS_Group": "A", "NIBRS_Offense_Group": "CRIMES AGAINST PROPERTY", "Part_One_or_Part_Two": 1, "Ward": "825", "Precinct": "APPLING FARMS", "Source_ObjectID": "614009", "ObjectId": 1657053}}, {"type": "Feature", "id": 1657054, "geometry": {"type": "Point", "coordinates": [-89.907, 35.153]}, "properties": {"Crime_ID": "2401024170ME", "Offense_Datetime": 1705017600000, "Reported_Datetime": 1705023000000, "Agency_Crime_ID": "KIDNAPPING/ABDUCTION", "UCR_Incident_Code": "100", "Block": 800, "Street_Name": "PERKINS RD", "Street_Address": "800 PERKINS RD", "City": "MEMPHIS", "State": "TN", "ZIP_Code": "38122", "Full_Address": "800 PERKINS RD MEMPHIS TN 38122", "Latitude": 35.153, "Longitude": -89.907, "UCR_Category": "KIDNAPPING/ABDUCTION", "UCR_Description": "KIDNAPPING/ABDUCTION", "NIBRS_Group": "A", "NIBRS_Offense_Group": "CRIMES AGAINST PERSONS", "Part_One_or_Part_Two": 2, "Ward": "525", "Precinct": "TILLMAN", "Source_ObjectID": "479720", "ObjectId": 1657054}}, {"type": "Feature", "id": 1657055, "geometry": {"type": "Point", "coordinates": [-89.963, 35.085]}, "properties": {"Crime_ID": "2009003812ME", "Offense_Datetime": 1599669420000, "Reported_Datetime": 1599669420000, "Agency_Crime_ID": "DRUG EQUIPMENT VIOLATION", "UCR_Incident_Code": "35B", "Block": 0, "Street_Name": "SEMMES//WILDROSE ST", "Street_Address": " SEMMES//WILDROSE ST", "City": "MEMPHIS", "State": "TN", "ZIP_Code": "38114", "Full_Address": " SEMMES//WILDROSE ST MEMPHIS TN 38114", "Latitude": 35.085, "Longitude": -89.963, "UCR_Category": "DRUG/NARCOTIC", "UCR_Description": "DRUG/NARCOTIC EQUIQ VIOL", "NIBRS_Group": "A", "NIBRS_Offense_Group": "CRIMES AGAINST SOCIETY", "Part_One_or_Part_Two": 2, "Ward": "725", "Precinct": "AIRWAYS", "Source_ObjectID": "110312", "ObjectId": 1657055}}, {"type": "Feature", "id": 1657056, "geometry": {"type": "Point", "coordinates": [-90.015, 35.224]}, "properties": {"Crime_ID": "2001007556ME", "Offense_Datetime": 1579218600000, "Reported_Datetime": 1579219800000, "Agency_Crime_ID": "AGGRAVATED ASSAULT/DV", "UCR_Incident_Code": "13A", "Block": 1400, "Street_Name": "BRIERCREST LN", "Street_Address": "1400 BRIERCREST LN", "City": "MEMPHIS", "State": "TN", "ZIP_Code": "38118", "Full_Address": "1400 BRIERCREST LN MEMPHIS TN 38118", "Latitude": 35.224, "Longitude": -90.015, "UCR_Category": "AGGRAVATED ASSAULT", "UCR_Description": "AGGRAVATED ASSAULT", "NIBRS_Group": "A", "NIBRS_Offense_Group": "CRIMES AGAINST PERSONS", "Part_One_or_Part_Two": 1, "Ward": "121", "Precinct": "AUSTIN PEAY", "Source_ObjectID": "48108", "ObjectId": 1657056}}, {"type": "Feature", "id": 1657057, "geometry": {"type": "Point", "coordinates": [-90.052, 35.149]}, "properties": {"Crime_ID": "2411024382ME", "Offense_Datetime": 1731372120000, "Reported_Datetime": 1731430200000, "Agency_Crime_ID": "THREATENING ELECTRONIC COMMUNICATION", "UCR_Incident_Code": "13C", "Block": 100, "Street_Name": "N MAIN ST", "Street_Address": "100 N MAIN ST", "City": "MEMPHIS", "State": "TN", "ZIP_Code": "38103", "Full_Address": "100 N MAIN ST MEMPHIS TN 38103", "Latitude": 35.149, "Longitude": -90.052, "UCR_Category": "ASSAULT", "UCR_Description": "INTIMIDATION", "NIBRS_Group": "A", "NIBRS_Offense_Group": "CRIMES AGAINST PERSONS", "Part_One_or_Part_Two": 2, "Ward": "623", "Precinct": "NORTH MAIN", "Source_ObjectID": "573082", "ObjectId": 1657057}}, {"type": "Feature", "id": 1657058, "geometry": {"type": "Point", "coordinates": [-89.97, 35.1]}, "properties": {"Crime_ID": "2111006488ME", "Offense_Datetime": 1636984800000, "Reported_Datetime": 1636988400000, "Agency_Crime_ID": "VANDALISM/MISDEMEANOR", "UCR_Incident_Code": "290", "Block": 2700, "Street_Name": "FIZER AVE", "Street_Address": "2700 FIZER AVE", "City": "MEMPHIS", "State": "TN", "ZIP_Code": "38114", "Full_Address": "2700 FIZER AVE MEMPHIS TN 38114", "Latitude": 35.1, "Longitude": -89.97, "UCR_Category": "DEST/DAM/VAND OF PROPERTY", "UCR_Description": "DEST/DAM/VAND OF PROPERTY", "NIBRS_Group": "A", "NIBRS_Offense_Group": "CRIMES AGAINST PROPERTY", "Part_One_or_Part_Two": 2, "Ward": "726", "Precinct": "AIRWAYS", "Source_ObjectID": "226482", "ObjectId": 1657058}}, {"type": "Feature", "id": 1657059, "geometry": {"type": "Point", "coordinates": [-90.014, 35.152]}, "properties": {"Crime_ID": "2210020747ME", "Offense_Datetime": 1666403400000, "Reported_Datetime": 1666405500000, "Agency_Crime_ID": "SIMPLE ASSAULT", "UCR_Incident_Code": "13B", "Block": 1300, "Street_Name": "CONCOURSE AVE", "Street_Address": "1300 CONCOURSE AVE", "City": "MEMPHIS", "State": "TN", "ZIP_Code": "38106", "Full_Address": "1300 CONCOURSE AVE MEMPHIS TN 38106", "Latitude": 35.152, "Longitude": -90.014, "UCR_Category": "ASSAULT", "UCR_Description": "SIMPLE ASSAULT", "NIBRS_Group": "A", "NIBRS_Offense_Group": "CRIMES AGAINST PERSONS", "Part_One_or_Part_Two": 2, "Ward": "423", "Precinct": "CRUMP", "Source_ObjectID": "331701", "ObjectId": 1657059}}, {"type": "Feature", "id": 1657060, "geometry": {"type": "Point", "coordinates": [-89.893, 35.234]}, "properties": {"Crime_ID": "2403021739ME", "Offense_Datetime": 1709642700000, "Reported_Datetime": 1709673720000, "Agency_Crime_ID": "MVT/PASSENGER VEHICLE", "UCR_Incident_Code": "240", "Block": 3900, "Street_Name": "NEW COVINGTON PIKE", "Street_Address": "3900 NEW COVINGTON PIKE", "City": "MEMPHIS", "State": "TN", "ZIP_Code": "38128", "Full_Address": "3900 NEW COVINGTON PIKE MEMPHIS TN 38128", "Latitude": 35.234, "Longitude": -89.893, "UCR_Category": "MOTOR VEHICLE THEFT", "UCR_Description": "MOTOR VEHICLE THEFT", "NIBRS_Group": "A", "NIBRS_Offense_Group": "CRIMES AGAINST PROPERTY", "Part_One_or_Part_Two": 1, "Ward": "126", "Precinct": "AUSTIN PEAY", "Source_ObjectID": "494742", "ObjectId": 1657060}}, {"type": "Feature", "id": 1657061, "geometry": {"type": "Point", "coordinates": [-89.911, 35.052]}, "properties": {"Crime_ID": "2307006913ME", "Offense_Datetime": 1689258900000, "Reported_Datetime": 1689259020000, "Agency_Crime_ID": "DRUG EQUIPMENT VIOLATION", "UCR_Incident_Code": "35B", "Block": 4500, "Street_Name": "WINCHESTER RD", "Street_Address": "4500 WINCHESTER RD", "City": "MEMPHIS", "State": "TN", "ZIP_Code": "38118", "Full_Address": "4500 WINCHESTER RD MEMPHIS TN 38118", "Latitude": 35.052, "Longitude": -89.911, "UCR_Category": "DRUG/NARCOTIC", "UCR_Description": "DRUG/NARCOTIC EQUIQ VIOL", "NIBRS_Group": "A", "NIBRS_Offense_Group": "CRIMES AGAINST SOCIETY", "Part_One_or_Part_Two": 2, "Ward": "OCU", "Precinct": "OCU", "Source_ObjectID": "419204", "ObjectId": 1657061}}, {"type": "Feature", "id": 1657062, "geometry": {"type": "Point", "coordinates": [-89.923, 35.162]}, "properties": {"Crime_ID": "2006005149ME", "Offense_Datetime": 1592110860000, "Reported_Datetime": 1592111340000, "Agency_Crime_ID": "DRUG EQUIPMENT VIOLATION", "UCR_Incident_Code": "35B", "Block": 0, "Street_Name": "WRIGHT ST//MACON RD", "Street_Address": " WRIGHT ST//MACON RD", "City": "MEMPHIS", "State": "TN", "ZIP_Code": "38122", "Full_Address": " WRIGHT ST//MACON RD MEMPHIS TN 38122", "Latitude": 35.162, "Longitude": -89.923, "UCR_Category": "DRUG/NARCOTIC", "UCR_Description": "DRUG/NARCOTIC EQUIQ VIOL", "NIBRS_Group": "A", "NIBRS_Offense_Group": "CRIMES AGAINST SOCIETY", "Part_One_or_Part_Two": 2, "Ward": "525", "Precinct": "TILLMAN", "Source_ObjectID": "86500", "ObjectId": 1657062}}, {"type": "Feature", "id": 1657063, "geometry": {"type": "Point", "coordinates": [-89.939, 35.254]}, "properties": {"Crime_ID": "2201011098ME", "Offense_Datetime": 1643331600000, "Reported_Datetime": 1643332560000, "Agency_Crime_ID": "VANDALISM/MISDEMEANOR", "UCR_Incident_Code": "290", "Block": 4600, "Street_Name": "ROYAL RIDGE DR", "Street_Address": "4600 ROYAL RIDGE DR", "City": "MEMPHIS", "State": "TN", "ZIP_Code": "38127", "Full_Address": "4600 ROYAL RIDGE DR MEMPHIS TN 38127", "Latitude": 35.254, "Longitude": -89.939, "UCR_Category": "DEST/DAM/VAND OF PROPERTY", "UCR_Description": "DEST/DAM/VAND OF PROPERTY", "NIBRS_Group": "A", "NIBRS_Offense_Group": "CRIMES AGAINST PROPERTY", "Part_One_or_Part_Two": 2, "Ward": "125", "Precinct": "AUSTIN PEAY", "Source_ObjectID": "246105", "ObjectId": 1657063}}, {"type": "Feature", "id": 1657064, "geometry": {"type": "Point", "coordinates": [-89.732, 35.201]}, "properties": {"Crime_ID": "2410020422ME", "Offense_Datetime": 1727843400000, "Reported_Datetime": 1727845980000, "Agency_Crime_ID": "STALKING/DV", "UCR_Incident_Code": "13D", "Block": 9900, "Street_Name": "BARGE DR", "Street_Address": "9900 BARGE DR", "City": "MEMPHIS", "State": "TN", "ZIP_Code": "38016", "Full_Address": "9900 BARGE DR MEMPHIS TN 38016", "Latitude": 35.201, "Longitude": -89.732, "UCR_Category": "ASSAULT", "UCR_Description": "STALKING", "NIBRS_Group": "A", "NIBRS_Offense_Group": "CRIMES AGAINST PERSONS", "Part_One_or_Part_Two": 2, "Ward": "826", "Precinct": "APPLING FARMS", "Source_ObjectID": "560938", "ObjectId": 1657064}}, {"type": "Feature", "id": 1657065, "geometry": {"type": "Point", "coordinates": [-90.004, 35.014]}, "properties": {"Crime_ID": "2404029755ME", "Offense_Datetime": 1713708000000, "Reported_Datetime": 1713995700000, "Agency_Crime_ID": "VANDALISM/MISDEMEANOR", "UCR_Incident_Code": "290", "Block": 1700, "Street_Name": "FIRST GREEN DR", "Street_Address": "1700 FIRST GREEN DR", "City": "MEMPHIS", "State": "TN", "ZIP_Code": "38116", "Full_Address": "1700 FIRST GREEN DR MEMPHIS TN 38116", "Latitude": 35.014, "Longitude": -90.004, "UCR_Category": "DEST/DAM/VAND OF PROPERTY", "UCR_Description": "DEST/DAM/VAND OF PROPERTY", "NIBRS_Group": "A", "NIBRS_Offense_Group": "CRIMES AGAINST PROPERTY", "Part_One_or_Part_Two": 2, "Ward": "226", "Precinct": "RAINES", "Source_ObjectID": "509444", "ObjectId": 1657065}}, {"type": "Feature", "id": 1657066, "geometry": {"type": "Point", "coordinates": [-89.922, 35.212]}, "properties": {"Crime_ID": "2208000354ME", "Offense_Datetime": 1659265200000, "Reported_Datetime": 1659392280000, "Agency_Crime_ID": "SIMPLE ASSAULT/DV", "UCR_Incident_Code": "13B", "Block": 4200, "Street_Name": "GREEN HALLWAY ST", "Street_Address": "4200 GREEN HALLWAY ST", "City": "MEMPHIS", "State": "TN", "ZIP_Code": "38128", "Full_Address": "4200 GREEN HALLWAY ST MEMPHIS TN 38128", "Latitude": 35.212, "Longitude": -89.922, "UCR_Category": "ASSAULT", "UCR_Description": "SIMPLE ASSAULT", "NIBRS_Group": "A", "NIBRS_Offense_Group": "CRIMES AGAINST PERSONS", "Part_One_or_Part_Two": 2, "Ward": "124", "Precinct": "AUSTIN PEAY", "Source_ObjectID": "301983", "ObjectId": 1657066}}, {"type": "Feature", "id": 1657067, "geometry": {"type": "Point", "coordinates": [-90.034, 35.104]}, "properties": {"Crime_ID": "2108000478ME", "Offense_Datetime": 1627318800000, "Reported_Datetime": 1627922160000, "Agency_Crime_ID": "BURGLARY/RESIDENTIAL", "UCR_Incident_Code": "220", "Block": 1500, "Street_Name": "HAVANA ST", "Street_Address": "1500 HAVANA ST", "City": "MEMPHIS", "State": "TN", "ZIP_Code": "38106", "Full_Address": "1500 HAVANA ST MEMPHIS TN 38106", "Latitude": 35.104, "Longitude": -90.034, "UCR_Category": "BURG/BREAK & ENTER", "UCR_Description": "BURG/BREAK & ENTER", "NIBRS_Group": "A", "NIBRS_Offense_Group": "CRIMES AGAINST PROPERTY", "Part_One_or_Part_Two": 1, "Ward": "722", "Precinct": "AIRWAYS", "Source_ObjectID": "196541", "ObjectId": 1657067}}, {"type": "Feature", "id": 1657068, "geometry": {"type": "Point", "coordinates": [-89.865, 35.039]}, "properties": {"Crime_ID": "2411025717ME", "Offense_Datetime": 1731726000000, "Reported_Datetime": 1731727440000, "Agency_Crime_ID": "MVT/PASSENGER VEHICLE", "UCR_Incident_Code": "240", "Block": 5900, "Street_Name": "S LITTLE BROOK CR RD", "Street_Address": "5900 S LITTLE BROOK CR RD", "City": "MEMPHIS", "State": "TN", "ZIP_Code": "38115", "Full_Address": "5900 S LITTLE BROOK CR RD MEMPHIS TN 38115", "Latitude": 35.039, "Longitude": -89.865, "UCR_Category": "MOTOR VEHICLE THEFT", "UCR_Description": "MOTOR VEHICLE THEFT", "NIBRS_Group": "A", "NIBRS_Offense_Group": "CRIMES AGAINST PROPERTY", "Part_One_or_Part_Two": 1, "Ward": "924", "Precinct": "RIDGEWAY", "Source_ObjectID": "574061", "ObjectId": 1657068}}, {"type": "Feature", "id": 1657070, "geometry": {"type": "Point", "coordinates": [-90.041, 35.035]}, "properties": {"Crime_ID": "2109003430ME", "Offense_Datetime": 1631122860000, "Reported_Datetime": 1631124120000, "Agency_Crime_ID": "THEFT FROM MOTOR VEHICLE", "UCR_Incident_Code": "23F", "Block": 0, "Street_Name": "ORLEANS RD//E RAINES RD", "Street_Address": " ORLEANS RD//E RAINES RD", "City": "MEMPHIS", "State": "TN", "ZIP_Code": "38109", "Full_Address": " ORLEANS RD//E RAINES RD MEMPHIS TN 38109", "Latitude": 35.035, "Longitude": -90.041, "UCR_Category": "LARCENY/THEFT", "UCR_Description": "THEFT FROM A MOTOR VEHICLE", "NIBRS_Group": "A", "NIBRS_Offense_Group": "CRIMES AGAINST PROPERTY", "Part_One_or_Part_Two": 1, "Ward": "223", "Precinct": "RAINES", "Source_ObjectID": "206891", "ObjectId": 1657070}}, {"type": "Feature", "id": 1657071, "geometry": {"type": "Point", "coordinates": [-89.862, 35.167]}, "properties": {"Crime_ID": "2201011934ME", "Offense_Datetime": 1643507160000, "Reported_Datetime": 1643507160000, "Agency_Crime_ID": "DRUG EQUIPMENT VIOLATION", "UCR_Incident_Code": "35B", "Block": 6000, "Street_Name": "SHELBY OAKS DR", "Street_Address": "6000 SHELBY OAKS DR", "City": "MEMPHIS", "State": "TN", "ZIP_Code": "38124", "Full_Address": "6000 SHELBY OAKS DR MEMPHIS TN 38124", "Latitude": 35.167, "Longitude": -89.862, "UCR_Category": "DRUG/NARCOTIC", "UCR_Description": "DRUG/NARCOTIC EQUIQ VIOL", "NIBRS_Group": "A", "NIBRS_Offense_Group": "CRIMES AGAINST SOCIETY", "Part_One_or_Part_Two": 2, "Ward": "OCU", "Precinct": "OCU", "Source_ObjectID": "246599", "ObjectId": 1657071}}, {"type": "Feature", "id": 1657072, "geometry": {"type": "Point", "coordinates": [-89.792, 35.169]}, "properties": {"Crime_ID": "2311032161ME", "Offense_Datetime": 1701367920000, "Reported_Datetime": 1701369720000, "Agency_Crime_ID": "THEFT FROM MOTOR VEHICLE", "UCR_Incident_Code": "23F", "Block": 1600, "Street_Name": "GERMANTOWN PKWY", "Street_Address": "1600 GERMANTOWN PKWY", "City": "MEMPHIS", "State": "TN", "ZIP_Code": "38016", "Full_Address": "1600 GERMANTOWN PKWY MEMPHIS TN 38016", "Latitude": 35.169, "Longitude": -89.792, "UCR_Category": "LARCENY/THEFT", "UCR_Description": "THEFT FROM A MOTOR VEHICLE", "NIBRS_Group": "A", "NIBRS_Offense_Group": "CRIMES AGAINST PROPERTY", "Part_One_or_Part_Two": 1, "Ward": "824", "Precinct": "APPLING FARMS", "Source_ObjectID": "466502", "ObjectId": 1657072}}, {"type": "Feature", "id": 1657074, "geometry": {"type": "Point", "coordinates": [-89.936, 35.02]}, "properties": {"Crime_ID": "2310023424ME", "Offense_Datetime": 1696764900000, "Reported_Datetime": 1696810140000, "Agency_Crime_ID": "INTIMIDATION", "UCR_Incident_Code": "13C", "Block": 3800, "Street_Name": "SHELBY DR", "Street_Address": "3800 SHELBY DR", "City": "MEMPHIS", "State": "TN", "ZIP_Code": "38118", "Full_Address": "3800 SHELBY DR MEMPHIS TN 38118", "Latitude": 35.02, "Longitude": -89.936, "UCR_Category": "ASSAULT", "UCR_Description": "INTIMIDATION", "NIBRS_Group": "A", "NIBRS_Offense_Group": "CRIMES AGAINST PERSONS", "Part_One_or_Part_Two": 2, "Ward": "922", "Precinct": "RIDGEWAY", "Source_ObjectID": "449565", "ObjectId": 1657074}}, {"type": "Feature", "id": 1657075, "geometry": {"type": "Point", "coordinates": [-90.009, 35.229]}, "properties": {"Crime_ID": "2311022893ME", "Offense_Datetime": 1699388160000, "Reported_Datetime": 1699389840000, "Agency_Crime_ID": "SIMPLE ASSAULT/DV", "UCR_Incident_Code": "13B", "Block": 3700, "Street_Name": "ANNETTE LN", "Street_Address": "3700 ANNETTE LN", "City": "MEMPHIS", "State": "TN", "ZIP_Code": "38127", "Full_Address": "3700 ANNETTE LN MEMPHIS TN 38127", "Latitude": 35.229, "Longitude": -90.009, "UCR_Category": "ASSAULT", "UCR_Description": "SIMPLE ASSAULT", "NIBRS_Group": "A", "NIBRS_Offense_Group": "CRIMES AGAINST PERSONS", "Part_One_or_Part_Two": 2, "Ward": "121", "Precinct": "AUSTIN PEAY", "Source_ObjectID": "459427", "ObjectId": 1657075}}, {"type": "Feature", "id": 1657076, "geometry": {"type": "Point", "coordinates": [-89.934, 35.068]}, "properties": {"Crime_ID": "2212012753ME", "Offense_Datetime": 1672196400000, "Reported_Datetime": 1672242060000, "Agency_Crime_ID": "MVT/PASSENGER VEHICLE", "UCR_Incident_Code": "240", "Block": 3900, "Street_Name": "COMANCHE RD", "Street_Address": "3900 COMANCHE RD", "City": "MEMPHIS", "State": "TN", "ZIP_Code": "38118", "Full_Address": "3900 COMANCHE RD MEMPHIS TN 38118", "Latitude": 35.068, "Longitude": -89.934, "UCR_Category": "MOTOR VEHICLE THEFT", "UCR_Description": "MOTOR VEHICLE THEFT", "NIBRS_Group": "A", "NIBRS_Offense_Group": "CRIMES AGAINST PROPERTY", "Part_One_or_Part_Two": 1, "Ward": "321", "Precinct": "MT MORIAH", "Source_ObjectID": "350576", "ObjectId": 1657076}}, {"type": "Feature", "id": 1657077, "geometry": {"type": "Point", "coordinates": [-89.734, 35.205]}, "properties": {"Crime_ID": "2203008755ME", "Offense_Datetime": 1647904200000, "Reported_Datetime": 1647906000000, "Agency_Crime_ID": "SIMPLE ASSAULT", "UCR_Incident_Code": "13B", "Block": 9800, "Street_Name": "64 RD", "Street_Address": "9800 64 RD", "City": "MEMPHIS", "State": "TN", "ZIP_Code": "38002", "Full_Address": "9800 64 RD MEMPHIS TN 38002", "Latitude": 35.205, "Longitude": -89.734, "UCR_Category": "ASSAULT", "UCR_Description": "SIMPLE ASSAULT", "NIBRS_Group": "A", "NIBRS_Offense_Group": "CRIMES AGAINST PERSONS", "Part_One_or_Part_Two": 2, "Ward": "826", "Precinct": "APPLING FARMS", "Source_ObjectID": "259729", "ObjectId": 1657077}}, {"type": "Feature", "id": 1657078, "geometry": {"type": "Point", "coordinates": [-89.926, 35.052]}, "properties": {"Crime_ID": "2002006504ME", "Offense_Datetime": 1581744720000, "Reported_Datetime": 1581746100000, "Agency_Crime_ID": "DRUGS/NARCOTICS VIOLATION/MISDEMEANOR", "UCR_Incident_Code": "35A", "Block": 0, "Street_Name": "LAMAR AVE//WINCHESTER RD", "Street_Address": " LAMAR AVE//WINCHESTER RD", "City": "MEMPHIS", "State": "TN", "ZIP_Code": "38118", "Full_Address": " LAMAR AVE//WINCHESTER RD MEMPHIS TN 38118", "Latitude": 35.052, "Longitude": -89.926, "UCR_Category": "DRUG/NARCOTIC", "UCR_Description": "DRUG/NARCOTIC VIOLS", "NIBRS_Group": "A", "NIBRS_Offense_Group": "CRIMES AGAINST SOCIETY", "Part_One_or_Part_Two": 2, "Ward": "321", "Precinct": "MT MORIAH", "Source_ObjectID": "55633", "ObjectId": 1657078}}, {"type": "Feature", "id": 1657079, "geometry": {"type": "Point", "coordinates": [-89.907, 35.126]}, "properties": {"Crime_ID": "2401022734ME", "Offense_Datetime": 1703017320000, "Reported_Datetime": 1704731340000, "Agency_Crime_ID": "OTHER THEFT/NON-SPECIFIC", "UCR_Incident_Code": "23H", "Block": 100, "Street_Name": "PERKINS RD", "Street_Address": "100 PERKINS RD", "City": "MEMPHIS", "State": "TN", "ZIP_Code": "38117", "Full_Address": "100 PERKINS RD MEMPHIS TN 38117", "Latitude": 35.126, "Longitude": -89.907, "UCR_Category": "LARCENY/THEFT", "UCR_Description": "ALL OTHER LARCENY", "NIBRS_Group": "A", "NIBRS_Offense_Group": "CRIMES AGAINST PROPERTY", "Part_One_or_Part_Two": 1, "Ward": "821", "Precinct": "APPLING FARMS", "Source_ObjectID": "476155", "ObjectId": 1657079}}, {"type": "Feature", "id": 1657080, "geometry": {"type": "Point", "coordinates": [-90.001, 35.201]}, "properties": {"Crime_ID": "2410028460ME", "Offense_Datetime": 1729569660000, "Reported_Datetime": 1729569660000, "Agency_Crime_ID": "ROBBERY/INDIVIDUAL", "UCR_Incident_Code": "120", "Block": 2700, "Street_Name": "OVERTON CROSSING ST", "Street_Address": "2700 OVERTON CROSSING ST", "City": "MEMPHIS", "State": "TN", "ZIP_Code": "38127", "Full_Address": "2700 OVERTON CROSSING ST MEMPHIS TN 38127", "Latitude": 35.201, "Longitude": -90.001, "UCR_Category": "ROBBERY", "UCR_Description": "ROBBERY", "NIBRS_Group": "A", "NIBRS_Offense_Group": "CRIMES AGAINST PROPERTY", "Part_One_or_Part_Two": 1, "Ward": "124", "Precinct": "AUSTIN PEAY", "Source_ObjectID": "566769", "ObjectId": 1657080}}, {"type": "Feature", "id": 1657081, "geometry": {"type": "Point", "coordinates": [-90.026, 35.055]}, "properties": {"Crime_ID": "2110005673ME", "Offense_Datetime": 1634136000000, "Reported_Datetime": 1634138040000, "Agency_Crime_ID": "INTIMIDATION", "UCR_Incident_Code": "13C", "Block": 3400, "Street_Name": "ELVIS PRESLEY BLVD", "Street_Address": "3400 ELVIS PRESLEY BLVD", "City": "MEMPHIS", "State": "TN", "ZIP_Code": "38116", "Full_Address": "3400 ELVIS PRESLEY BLVD MEMPHIS TN 38116", "Latitude": 35.055, "Longitude": -90.026, "UCR_Category": "ASSAULT", "UCR_Description": "INTIMIDATION", "NIBRS_Group": "A", "NIBRS_Offense_Group": "CRIMES AGAINST PERSONS", "Part_One_or_Part_Two": 2, "Ward": "224", "Precinct": "RAINES", "Source_ObjectID": "216882", "ObjectId": 1657081}}, {"type": "Feature", "id": 1657082, "geometry": {"type": "Point", "coordinates": [-89.899, 35.053]}, "properties": {"Crime_ID": "2212011283ME", "Offense_Datetime": 1671894000000, "Reported_Datetime": 1671912000000, "Agency_Crime_ID": "AGGRAVATED ASSAULT", "UCR_Incident_Code": "13A", "Block": 4900, "Street_Name": "WOODDALE RD", "Street_Address": "4900 WOODDALE RD", "City": "MEMPHIS", "State": "TN", "ZIP_Code": "38118", "Full_Address": "4900 WOODDALE RD MEMPHIS TN 38118", "Latitude": 35.053, "Longitude": -89.899, "UCR_Category": "AGGRAVATED ASSAULT", "UCR_Description": "AGGRAVATED ASSAULT", "NIBRS_Group": "A", "NIBRS_Offense_Group": "CRIMES AGAINST PERSONS", "Part_One_or_Part_Two": 1, "Ward": "325", "Precinct": "MT MORIAH", "Source_ObjectID": "349533", "ObjectId": 1657082}}, {"type": "Feature", "id": 1657083, "geometry": {"type": "Point", "coordinates": [0, 0]}, "properties": {"Crime_ID": "2101005805ME", "Offense_Datetime": 1610676000000, "Reported_Datetime": 1610730660000, "Agency_Crime_ID": "THEFT FROM MOTOR VEHICLE", "UCR_Incident_Code": "23F", "Block": 8100, "Street_Name": "ROCKCREEK PL", "Street_Address": "8100 ROCKCREEK PL", "City": "CORDOVA", "State": "TN", "ZIP_Code": "38018", "Full_Address": "8100 ROCKCREEK PL CORDOVA TN 38018", "Latitude": 0, "Longitude": 0, "UCR_Category": "LARCENY/THEFT", "UCR_Description": "THEFT FROM A MOTOR VEHICLE", "NIBRS_Group": "A", "NIBRS_Offense_Group": "CRIMES AGAINST PROPERTY", "Part_One_or_Part_Two": 1, "Ward": "826", "Precinct": "APPLING FARMS", "Source_ObjectID": "145275", "ObjectId": 1657083}}, {"type": "Feature", "id": 1657084, "geometry": {"type": "Point", "coordinates": [-89.903, 35.063]}, "properties": {"Crime_ID": "2503025203ME", "Offense_Datetime": 1742080800000, "Reported_Datetime": 1742082540000, "Agency_Crime_ID": "DRUGS/NARCOTICS VIOLATION/FELONY", "UCR_Incident_Code": "35A", "Block": 3100, "Street_Name": "BOXDALE ST", "Street_Address": "3100 BOXDALE ST", "City": "MEMPHIS", "State": "TN", "ZIP_Code": "38118", "Full_Address": "3100 BOXDALE ST MEMPHIS TN 38118", "Latitude": 35.063, "Longitude": -89.903, "UCR_Category": "DRUG/NARCOTIC", "UCR_Description": "DRUG/NARCOTIC VIOLS", "NIBRS_Group": "A", "NIBRS_Offense_Group": "CRIMES AGAINST SOCIETY", "Part_One_or_Part_Two": 2, "Ward": "324", "Precinct": "MT MORIAH", "Source_ObjectID": "605264", "ObjectId": 1657084}}, {"type": "Feature", "id": 1657085, "geometry": {"type": "Point", "coordinates": [-90.009, 35.025]}, "properties": {"Crime_ID": "2301003355ME", "Offense_Datetime": 1673077500000, "Reported_Datetime": 1673079240000, "Agency_Crime_ID": "BURGLARY/RESIDENTIAL", "UCR_Incident_Code": "220", "Block": 1700, "Street_Name": "MILL STREAM CV", "Street_Address": "1700 MILL STREAM CV", "City": "MEMPHIS", "State": "TN", "ZIP_Code": "38116", "Full_Address": "1700 MILL STREAM CV MEMPHIS TN 38116", "Latitude": 35.025, "Longitude": -90.009, "UCR_Category": "BURG/BREAK & ENTER", "UCR_Description": "BURG/BREAK & ENTER", "NIBRS_Group": "A", "NIBRS_Offense_Group": "CRIMES AGAINST PROPERTY", "Part_One_or_Part_Two": 1, "Ward": "225", "Precinct": "RAINES", "Source_ObjectID": "355270", "ObjectId": 1657085}}, {"type": "Feature", "id": 1657086, "geometry": {"type": "Point", "coordinates": [-90.053, 35.141]}, "properties": {"Crime_ID": "2204007122ME", "Offense_Datetime": 1650164160000, "Reported_Datetime": 1650165180000, "Agency_Crime_ID": "AGGRAVATED ASSAULT", "UCR_Incident_Code": "13A", "Block": 0, "Street_Name": "S SECOND ST//PEABODY PL", "Street_Address": " S SECOND ST//PEABODY PL", "City": "MEMPHIS", "State": "TN", "ZIP_Code": "38118", "Full_Address": " S SECOND ST//PEABODY PL MEMPHIS TN 38118", "Latitude": 35.141, "Longitude": -90.053, "UCR_Category": "AGGRAVATED ASSAULT", "UCR_Description": "AGGRAVATED ASSAULT", "NIBRS_Group": "A", "NIBRS_Offense_Group": "CRIMES AGAINST PERSONS", "Part_One_or_Part_Two": 1, "Ward": "622", "Precinct": "NORTH MAIN", "Source_ObjectID": "267235", "ObjectId": 1657086}}, {"type": "Feature", "id": 1657087, "geometry": {"type": "Point", "coordinates": [-89.988, 35.213]}, "properties": {"Crime_ID": "2306003084ME", "Offense_Datetime": 1687084200000, "Reported_Datetime": 1687096980000, "Agency_Crime_ID": "VANDALISM/MISDEMEANOR", "UCR_Incident_Code": "290", "Block": 2200, "Street_Name": "NUNNELEE AVE", "Street_Address": "2200 NUNNELEE AVE", "City": "MEMPHIS", "State": "TN", "ZIP_Code": "38127", "Full_Address": "2200 NUNNELEE AVE MEMPHIS TN 38127", "Latitude": 35.213, "Longitude": -89.988, "UCR_Category": "DEST/DAM/VAND OF PROPERTY", "UCR_Description": "DEST/DAM/VAND OF PROPERTY", "NIBRS_Group": "A", "NIBRS_Offense_Group": "CRIMES AGAINST PROPERTY", "Part_One_or_Part_Two": 2, "Ward": "122", "Precinct": "AUSTIN PEAY", "Source_ObjectID": "404737", "ObjectId": 1657087}}, {"type": "Feature", "id": 1657088, "geometry": {"type": "Point", "coordinates": [-89.967, 35.105]}, "properties": {"Crime_ID": "2001007402ME", "Offense_Datetime": 1579198500000, "Reported_Datetime": 1579202040000, "Agency_Crime_ID": "INTIMIDATION", "UCR_Incident_Code": "13C", "Block": 2800, "Street_Name": "DEADRICK AVE", "Street_Address": "2800 DEADRICK AVE", "City": "MEMPHIS", "State": "TN", "ZIP_Code": "38114", "Full_Address": "2800 DEADRICK AVE MEMPHIS TN 38114", "Latitude": 35.105, "Longitude": -89.967, "UCR_Category": "ASSAULT", "UCR_Description": "INTIMIDATION", "NIBRS_Group": "A", "NIBRS_Offense_Group": "CRIMES AGAINST PERSONS", "Part_One_or_Part_Two": 2, "Ward": "726", "Precinct": "AIRWAYS", "Source_ObjectID": "48015", "ObjectId": 1657088}}, {"type": "Feature", "id": 1657089, "geometry": {"type": "Point", "coordinates": [-89.974, 35.131]}, "properties": {"Crime_ID": "2108002897ME", "Offense_Datetime": 1628361000000, "Reported_Datetime": 1628364420000, "Agency_Crime_ID": "THEFT FROM MOTOR VEHICLE", "UCR_Incident_Code": "23F", "Block": 2500, "Street_Name": "AVERY AVE", "Street_Address": "2500 AVERY AVE", "City": "MEMPHIS", "State": "TN", "ZIP_Code": "38104", "Full_Address": "2500 AVERY AVE MEMPHIS TN 38104", "Latitude": 35.131, "Longitude": -89.974, "UCR_Category": "LARCENY/THEFT", "UCR_Description": "THEFT FROM A MOTOR VEHICLE", "NIBRS_Group": "A", "NIBRS_Offense_Group": "CRIMES AGAINST PROPERTY", "Part_One_or_Part_Two": 1, "Ward": "523", "Precinct": "TILLMAN", "Source_ObjectID": "198000", "ObjectId": 1657089}}, {"type": "Feature", "id": 1657090, "geometry": {"type": "Point", "coordinates": [-90.092, 35.027]}, "properties": {"Crime_ID": "2201001733ME", "Offense_Datetime": 1641247200000, "Reported_Datetime": 1641421260000, "Agency_Crime_ID": "THEFT OF VEHICLE PARTS/ACCESSORIES", "UCR_Incident_Code": "23G", "Block": 4400, "Street_Name": "WESTMONT RD", "Street_Address": "4400 WESTMONT RD", "City": "MEMPHIS", "State": "TN", "ZIP_Code": "38109", "Full_Address": "4400 WESTMONT RD MEMPHIS TN 38109", "Latitude": 35.027, "Longitude": -90.092, "UCR_Category": "LARCENY/THEFT", "UCR_Description": "THEFT OF MV PARTS/ACCS", "NIBRS_Group": "A", "NIBRS_Offense_Group": "CRIMES AGAINST PROPERTY", "Part_One_or_Part_Two": 1, "Ward": "221", "Precinct": "RAINES", "Source_ObjectID": "240522", "ObjectId": 1657090}}, {"type": "Feature", "id": 1657091, "geometry": {"type": "Point", "coordinates": [-90.009, 35.104]}, "properties": {"Crime_ID": "2305026160ME", "Offense_Datetime": 1684088400000, "Reported_Datetime": 1684095300000, "Agency_Crime_ID": "THEFT FROM BUILDING", "UCR_Incident_Code": "23D", "Block": 1500, "Street_Name": "CANE MEADOW CIR", "Street_Address": "1500 CANE MEADOW CIR", "City": "MEMPHIS", "State": "TN", "ZIP_Code": "38106", "Full_Address": "1500 CANE MEADOW CIR MEMPHIS TN 38106", "Latitude": 35.104, "Longitude": -90.009, "UCR_Category": "LARCENY/THEFT", "UCR_Description": "THEFT FROM A BUILDING", "NIBRS_Group": "A", "NIBRS_Offense_Group": "CRIMES AGAINST PROPERTY", "Part_One_or_Part_Two": 1, "Ward": "723", "Precinct": "AIRWAYS", "Source_ObjectID": "397135", "ObjectId": 1657091}}, {"type": "Feature", "id": 1657092, "geometry": {"type": "Point", "coordinates": [-90.015, 35.148]}, "properties": {"Crime_ID": "2505026118ME", "Offense_Datetime": 1747414800000, "Reported_Datetime": 1747422720000, "Agency_Crime_ID": "INTIMIDATION", "UCR_Incident_Code": "13C", "Block": 0, "Street_Name": "N CLEVELAND ST//PEACH AVE", "Street_Address": " N CLEVELAND ST//PEACH AVE", "City": "MEMPHIS", "State": "TN", "ZIP_Code": "38104", "Full_Address": " N CLEVELAND ST//PEACH AVE MEMPHIS TN 38104", "Latitude": 35.148, "Longitude": -90.015, "UCR_Category": "ASSAULT", "UCR_Description": "INTIMIDATION", "NIBRS_Group": "A", "NIBRS_Offense_Group": "CRIMES AGAINST PERSONS", "Part_One_or_Part_Two": 2, "Ward": "423", "Precinct": "CRUMP", "Source_ObjectID": "622345", "ObjectId": 1657092}}, {"type": "Feature", "id": 1657093, "geometry": {"type": "Point", "coordinates": [-90.002, 35.208]}, "properties": {"Crime_ID": "2102005356ME", "Offense_Datetime": 1613268000000, "Reported_Datetime": 1613268720000, "Agency_Crime_ID": "BURGLARY/RESIDENTIAL", "UCR_Incident_Code": "220", "Block": 1800, "Street_Name": "WHITNEY AVE", "Street_Address": "1800 WHITNEY AVE", "City": "MEMPHIS", "State": "TN", "ZIP_Code": "38127", "Full_Address": "1800 WHITNEY AVE MEMPHIS TN 38127", "Latitude": 35.208, "Longitude": -90.002, "UCR_Category": "BURG/BREAK & ENTER", "UCR_Description": "BURG/BREAK & ENTER", "NIBRS_Group": "A", "NIBRS_Offense_Group": "CRIMES AGAINST PROPERTY", "Part_One_or_Part_Two": 1, "Ward": "122", "Precinct": "AUSTIN PEAY", "Source_ObjectID": "152745", "ObjectId": 1657093}}, {"type": "Feature", "id": 1657094, "geometry": {"type": "Point", "coordinates": [-89.901, 35.152]}, "properties": {"Crime_ID": "2108000563ME", "Offense_Datetime": 1627887600000, "Reported_Datetime": 1627934340000, "Agency_Crime_ID": "VANDALISM/MISDEMEANOR", "UCR_Incident_Code": "290", "Block": 4800, "Street_Name": "BOWEN AVE", "Street_Address": "4800 BOWEN AVE", "City": "MEMPHIS", "State": "TN", "ZIP_Code": "38122", "Full_Address": "4800 BOWEN AVE MEMPHIS TN 38122", "Latitude": 35.152, "Longitude": -89.901, "UCR_Category": "DEST/DAM/VAND OF PROPERTY", "UCR_Description": "DEST/DAM/VAND OF PROPERTY", "NIBRS_Group": "A", "NIBRS_Offense_Group": "CRIMES AGAINST PROPERTY", "Part_One_or_Part_Two": 2, "Ward": "821", "Precinct": "APPLING FARMS", "Source_ObjectID": "196606", "ObjectId": 1657094}}, {"type": "Feature", "id": 1657095, "geometry": {"type": "Point", "coordinates": [-89.935, 35.01]}, "properties": {"Crime_ID": "2303011027ME", "Offense_Datetime": 1662728400000, "Reported_Datetime": 1679497200000, "Agency_Crime_ID": "EMBEZZLEMENT", "UCR_Incident_Code": "270", "Block": 3800, "Street_Name": "E HOLMES RD", "Street_Address": "3800 E HOLMES RD", "City": "MEMPHIS", "State": "TN", "ZIP_Code": "38118", "Full_Address": "3800 E HOLMES RD MEMPHIS TN 38118", "Latitude": 35.01, "Longitude": -89.935, "UCR_Category": "EMBEZZLEMENT", "UCR_Description": "EMBEZZLEMENT", "NIBRS_Group": "A", "NIBRS_Offense_Group": "CRIMES AGAINST PROPERTY", "Part_One_or_Part_Two": 2, "Ward": "911", "Precinct": "RIDGEWAY", "Source_ObjectID": "352934", "ObjectId": 1657095}}, {"type": "Feature", "id": 1657096, "geometry": {"type": "Point", "coordinates": [-89.875, 35.104]}, "properties": {"Crime_ID": "2212009231ME", "Offense_Datetime": 1671496800000, "Reported_Datetime": 1671499560000, "Agency_Crime_ID": "THEFT FROM MOTOR VEHICLE", "UCR_Incident_Code": "23F", "Block": 5500, "Street_Name": "POPLAR AVE", "Street_Address": "5500 POPLAR AVE", "City": "MEMPHIS", "State": "TN", "ZIP_Code": "38117", "Full_Address": "5500 POPLAR AVE MEMPHIS TN 38117", "Latitude": 35.104, "Longitude": -89.875, "UCR_Category": "LARCENY/THEFT", "UCR_Description": "THEFT FROM A MOTOR VEHICLE", "NIBRS_Group": "A", "NIBRS_Offense_Group": "CRIMES AGAINST PROPERTY", "Part_One_or_Part_Two": 1, "Ward": "821", "Precinct": "APPLING FARMS", "Source_ObjectID": "348169", "ObjectId": 1657096}}, {"type": "Feature", "id": 1657097, "geometry": {"type": "Point", "coordinates": [-90.001, 35.106]}, "properties": {"Crime_ID": "2110013978ME", "Offense_Datetime": 1635674700000, "Reported_Datetime": 1635677100000, "Agency_Crime_ID": "AGGRAVATED ASSAULT", "UCR_Incident_Code": "13A", "Block": 1800, "Street_Name": "KERR AVE", "Street_Address": "1800 KERR AVE", "City": "MEMPHIS", "State": "TN", "ZIP_Code": "38114", "Full_Address": "1800 KERR AVE MEMPHIS TN 38114", "Latitude": 35.106, "Longitude": -90.001, "UCR_Category": "AGGRAVATED ASSAULT", "UCR_Description": "AGGRAVATED ASSAULT", "NIBRS_Group": "A", "NIBRS_Offense_Group": "CRIMES AGAINST PERSONS", "Part_One_or_Part_Two": 1, "Ward": "723", "Precinct": "AIRWAYS", "Source_ObjectID": "222163", "ObjectId": 1657097}}, {"type": "Feature", "id": 1657098, "geometry": {"type": "Point", "coordinates": [-89.885, 35.078]}, "properties": {"Crime_ID": "2205000613ME", "Offense_Datetime": 1651512600000, "Reported_Datetime": 1651520820000, "Agency_Crime_ID": "SIMPLE ASSAULT", "UCR_Incident_Code": "13B", "Block": 2600, "Street_Name": "MENDENHALL RD", "Street_Address": "2600 MENDENHALL RD", "City": "MEMPHIS", "State": "TN", "ZIP_Code": "38115", "Full_Address": "2600 MENDENHALL RD MEMPHIS TN 38115", "Latitude": 35.078, "Longitude": -89.885, "UCR_Category": "ASSAULT", "UCR_Description": "SIMPLE ASSAULT", "NIBRS_Group": "A", "NIBRS_Offense_Group": "CRIMES AGAINST PERSONS", "Part_One_or_Part_Two": 2, "Ward": "324", "Precinct": "MT MORIAH", "Source_ObjectID": "272030", "ObjectId": 1657098}}, {"type": "Feature", "id": 1657099, "geometry": {"type": "Point", "coordinates": [-89.829, 35.04]}, "properties": {"Crime_ID": "2601027745ME", "Offense_Datetime": 1769561520000, "Reported_Datetime": 1769562840000, "Agency_Crime_ID": "SIMPLE ASSAULT/DV", "UCR_Incident_Code": "13B", "Block": 4000, "Street_Name": "RIVERDALE RD", "Street_Address": "4000 RIVERDALE RD", "City": "MEMPHIS", "State": "TN", "ZIP_Code": "38115", "Full_Address": "4000 RIVERDALE RD MEMPHIS TN 38115", "Latitude": 35.04, "Longitude": -89.829, "UCR_Category": "ASSAULT", "UCR_Description": "SIMPLE ASSAULT", "NIBRS_Group": "A", "NIBRS_Offense_Group": "CRIMES AGAINST PERSONS", "Part_One_or_Part_Two": 2, "Ward": "924", "Precinct": "RIDGEWAY", "Source_ObjectID": "682482", "ObjectId": 1657099}}, {"type": "Feature", "id": 1657100, "geometry": {"type": "Point", "coordinates": [-89.91, 35.217]}, "properties": {"Crime_ID": "2408027568ME", "Offense_Datetime": 1724089200000, "Reported_Datetime": 1724091600000, "Agency_Crime_ID": "INTIMIDATION/DV", "UCR_Incident_Code": "13C", "Block": 3400, "Street_Name": "AUSTIN PEAY HWY", "Street_Address": "3400 AUSTIN PEAY HWY", "City": "MEMPHIS", "State": "TN", "ZIP_Code": "38128", "Full_Address": "3400 AUSTIN PEAY HWY MEMPHIS TN 38128", "Latitude": 35.217, "Longitude": -89.91, "UCR_Category": "ASSAULT", "UCR_Description": "INTIMIDATION", "NIBRS_Group": "A", "NIBRS_Offense_Group": "CRIMES AGAINST PERSONS", "Part_One_or_Part_Two": 2, "Ward": "126", "Precinct": "AUSTIN PEAY", "Source_ObjectID": "547737", "ObjectId": 1657100}}, {"type": "Feature", "id": 1657101, "geometry": {"type": "Point", "coordinates": [-89.976, 35.2]}, "properties": {"Crime_ID": "2207000190ME", "Offense_Datetime": 1656690300000, "Reported_Datetime": 1656691800000, "Agency_Crime_ID": "WEAPON LAW VIOLATIONS/FELONY", "UCR_Incident_Code": "520", "Block": 2700, "Street_Name": "RANGE LINE RD", "Street_Address": "2700 RANGE LINE RD", "City": "MEMPHIS", "State": "TN", "ZIP_Code": "38127", "Full_Address": "2700 RANGE LINE RD MEMPHIS TN 38127", "Latitude": 35.2, "Longitude": -89.976, "UCR_Category": "WEAPON LAW VIOLATION", "UCR_Description": "WEAPON LAW VIOL", "NIBRS_Group": "A", "NIBRS_Offense_Group": "CRIMES AGAINST SOCIETY", "Part_One_or_Part_Two": 2, "Ward": "122", "Precinct": "AUSTIN PEAY", "Source_ObjectID": "291408", "ObjectId": 1657101}}, {"type": "Feature", "id": 1657102, "geometry": {"type": "Point", "coordinates": [-90.009, 34.997]}, "properties": {"Crime_ID": "2005005847ME", "Offense_Datetime": 1589866380000, "Reported_Datetime": 1589866380000, "Agency_Crime_ID": "SIMPLE ASSAULT/DV", "UCR_Incident_Code": "13B", "Block": 1600, "Street_Name": "BUXTON RD", "Street_Address": "1600 BUXTON RD", "City": "MEMPHIS", "State": "TN", "ZIP_Code": "38116", "Full_Address": "1600 BUXTON RD MEMPHIS TN 38116", "Latitude": 34.997, "Longitude": -90.009, "UCR_Category": "ASSAULT", "UCR_Description": "SIMPLE ASSAULT", "NIBRS_Group": "A", "NIBRS_Offense_Group": "CRIMES AGAINST PERSONS", "Part_One_or_Part_Two": 2, "Ward": "221", "Precinct": "RAINES", "Source_ObjectID": "78505", "ObjectId": 1657102}}, {"type": "Feature", "id": 1657103, "geometry": {"type": "Point", "coordinates": [-89.898, 35.149]}, "properties": {"Crime_ID": "2402025142ME", "Offense_Datetime": 1702158540000, "Reported_Datetime": 1707849300000, "Agency_Crime_ID": "EMBEZZLEMENT", "UCR_Incident_Code": "270", "Block": 4800, "Street_Name": "SUMMER AVE", "Street_Address": "4800 SUMMER AVE", "City": "MEMPHIS", "State": "TN", "ZIP_Code": "38122", "Full_Address": "4800 SUMMER AVE MEMPHIS TN 38122", "Latitude": 35.149, "Longitude": -89.898, "UCR_Category": "EMBEZZLEMENT", "UCR_Description": "EMBEZZLEMENT", "NIBRS_Group": "A", "NIBRS_Offense_Group": "CRIMES AGAINST PROPERTY", "Part_One_or_Part_Two": 2, "Ward": "821", "Precinct": "APPLING FARMS", "Source_ObjectID": "476556", "ObjectId": 1657103}}, {"type": "Feature", "id": 1657104, "geometry": {"type": "Point", "coordinates": [-90.044, 35.035]}, "properties": {"Crime_ID": "2301002098ME", "Offense_Datetime": 1672890000000, "Reported_Datetime": 1672895280000, "Agency_Crime_ID": "AGGRAVATED ASSAULT", "UCR_Incident_Code": "13A", "Block": 600, "Street_Name": "RAINES RD", "Street_Address": "600 RAINES RD", "City": "MEMPHIS", "State": "TN", "ZIP_Code": "38116", "Full_Address": "600 RAINES RD MEMPHIS TN 38116", "Latitude": 35.035, "Longitude": -90.044, "UCR_Category": "AGGRAVATED ASSAULT", "UCR_Description": "AGGRAVATED ASSAULT", "NIBRS_Group": "A", "NIBRS_Offense_Group": "CRIMES AGAINST PERSONS", "Part_One_or_Part_Two": 1, "Ward": "223", "Precinct": "RAINES", "Source_ObjectID": "354594", "ObjectId": 1657104}}, {"type": "Feature", "id": 1657105, "geometry": {"type": "Point", "coordinates": [-89.978, 35.167]}, "properties": {"Crime_ID": "2506024560ME", "Offense_Datetime": 1749727800000, "Reported_Datetime": 1749762900000, "Agency_Crime_ID": "MVT/MOTORCYCLE", "UCR_Incident_Code": "240", "Block": 2300, "Street_Name": "VANDALE AVE", "Street_Address": "2300 VANDALE AVE", "City": "MEMPHIS", "State": "TN", "ZIP_Code": "38108", "Full_Address": "2300 VANDALE AVE MEMPHIS TN 38108", "Latitude": 35.167, "Longitude": -89.978, "UCR_Category": "MOTOR VEHICLE THEFT", "UCR_Description": "MOTOR VEHICLE THEFT", "NIBRS_Group": "A", "NIBRS_Offense_Group": "CRIMES AGAINST PROPERTY", "Part_One_or_Part_Two": 1, "Ward": "426", "Precinct": "CRUMP", "Source_ObjectID": "629830", "ObjectId": 1657105}}, {"type": "Feature", "id": 1657106, "geometry": {"type": "Point", "coordinates": [-89.942, 35.067]}, "properties": {"Crime_ID": "2212009649ME", "Offense_Datetime": 1671094800000, "Reported_Datetime": 1671558120000, "Agency_Crime_ID": "BURGLARY/BUSINESS", "UCR_Incident_Code": "220", "Block": 3600, "Street_Name": "LAMAR AVE", "Street_Address": "3600 LAMAR AVE", "City": "MEMPHIS", "State": "TN", "ZIP_Code": "38118", "Full_Address": "3600 LAMAR AVE MEMPHIS TN 38118", "Latitude": 35.067, "Longitude": -89.942, "UCR_Category": "BURG/BREAK & ENTER", "UCR_Description": "BURG/BREAK & ENTER", "NIBRS_Group": "A", "NIBRS_Offense_Group": "CRIMES AGAINST PROPERTY", "Part_One_or_Part_Two": 1, "Ward": "321", "Precinct": "MT MORIAH", "Source_ObjectID": "348437", "ObjectId": 1657106}}, {"type": "Feature", "id": 1657107, "geometry": {"type": "Point", "coordinates": [-90.002, 35.227]}, "properties": {"Crime_ID": "2505020512ME", "Offense_Datetime": 1745936700000, "Reported_Datetime": 1746195120000, "Agency_Crime_ID": "SHOPLIFTING/MISDEMEANOR", "UCR_Incident_Code": "23C", "Block": 3700, "Street_Name": "WATKINS ST", "Street_Address": "3700 WATKINS ST", "City": "MEMPHIS", "State": "TN", "ZIP_Code": "38127", "Full_Address": "3700 WATKINS ST MEMPHIS TN 38127", "Latitude": 35.227, "Longitude": -90.002, "UCR_Category": "LARCENY/THEFT", "UCR_Description": "SHOPLIFTING", "NIBRS_Group": "A", "NIBRS_Offense_Group": "CRIMES AGAINST PROPERTY", "Part_One_or_Part_Two": 1, "Ward": "121", "Precinct": "AUSTIN PEAY", "Source_ObjectID": "618322", "ObjectId": 1657107}}, {"type": "Feature", "id": 1657108, "geometry": {"type": "Point", "coordinates": [-89.843, 35.026]}, "properties": {"Crime_ID": "2004008043ME", "Offense_Datetime": 1587695700000, "Reported_Datetime": 1587699300000, "Agency_Crime_ID": "AGGRAVATED ASSAULT", "UCR_Incident_Code": "13A", "Block": 6600, "Street_Name": "STOCKPORT DR", "Street_Address": "6600 STOCKPORT DR", "City": "MEMPHIS", "State": "TN", "ZIP_Code": "38141", "Full_Address": "6600 STOCKPORT DR MEMPHIS TN 38141", "Latitude": 35.026, "Longitude": -89.843, "UCR_Category": "AGGRAVATED ASSAULT", "UCR_Description": "AGGRAVATED ASSAULT", "NIBRS_Group": "A", "NIBRS_Offense_Group": "CRIMES AGAINST PERSONS", "Part_One_or_Part_Two": 1, "Ward": "923", "Precinct": "RIDGEWAY", "Source_ObjectID": "72868", "ObjectId": 1657108}}, {"type": "Feature", "id": 1657109, "geometry": {"type": "Point", "coordinates": [-90.051, 35.139]}, "properties": {"Crime_ID": "2106012320ME", "Offense_Datetime": 1624680000000, "Reported_Datetime": 1624977240000, "Agency_Crime_ID": "THEFT FROM BUILDING", "UCR_Incident_Code": "23D", "Block": 300, "Street_Name": "BEALE ST", "Street_Address": "300 BEALE ST", "City": "MEMPHIS", "State": "TN", "ZIP_Code": "38103", "Full_Address": "300 BEALE ST MEMPHIS TN 38103", "Latitude": 35.139, "Longitude": -90.051, "UCR_Category": "LARCENY/THEFT", "UCR_Description": "THEFT FROM A BUILDING", "NIBRS_Group": "A", "NIBRS_Offense_Group": "CRIMES AGAINST PROPERTY", "Part_One_or_Part_Two": 1, "Ward": "623", "Precinct": "NORTH MAIN", "Source_ObjectID": "186939", "ObjectId": 1657109}}, {"type": "Feature", "id": 1657110, "geometry": {"type": "Point", "coordinates": [-90.031, 35.118]}, "properties": {"Crime_ID": "2007001174ME", "Offense_Datetime": 1593797400000, "Reported_Datetime": 1593811860000, "Agency_Crime_ID": "BURGLARY/RESIDENTIAL", "UCR_Incident_Code": "220", "Block": 1000, "Street_Name": "COLLEGE ST", "Street_Address": "1000 COLLEGE ST", "City": "MEMPHIS", "State": "TN", "ZIP_Code": "38106", "Full_Address": "1000 COLLEGE ST MEMPHIS TN 38106", "Latitude": 35.118, "Longitude": -90.031, "UCR_Category": "BURG/BREAK & ENTER", "UCR_Description": "BURG/BREAK & ENTER", "NIBRS_Group": "A", "NIBRS_Offense_Group": "CRIMES AGAINST PROPERTY", "Part_One_or_Part_Two": 1, "Ward": "422", "Precinct": "CRUMP", "Source_ObjectID": "91991", "ObjectId": 1657110}}, {"type": "Feature", "id": 1657111, "geometry": {"type": "Point", "coordinates": [-89.979, 35.218]}, "properties": {"Crime_ID": "2605024402ME", "Offense_Datetime": 1778697000000, "Reported_Datetime": 1778699880000, "Agency_Crime_ID": "SIMPLE ASSAULT/DV", "UCR_Incident_Code": "13B", "Block": 3400, "Street_Name": "TREZEVANT ST", "Street_Address": "3400 TREZEVANT ST", "City": "MEMPHIS", "State": "TN", "ZIP_Code": "38127", "Full_Address": "3400 TREZEVANT ST MEMPHIS TN 38127", "Latitude": 35.218, "Longitude": -89.979, "UCR_Category": "ASSAULT", "UCR_Description": "SIMPLE ASSAULT", "NIBRS_Group": "A", "NIBRS_Offense_Group": "CRIMES AGAINST PERSONS", "Part_One_or_Part_Two": 2, "Ward": "122", "Precinct": "AUSTIN PEAY", "Source_ObjectID": "704345", "ObjectId": 1657111}}, {"type": "Feature", "id": 1657112, "geometry": {"type": "Point", "coordinates": [-90.014, 35.126]}, "properties": {"Crime_ID": "2008002715ME", "Offense_Datetime": 1596796200000, "Reported_Datetime": 1596830400000, "Agency_Crime_ID": "THEFT FROM BUILDING", "UCR_Incident_Code": "23D", "Block": 1400, "Street_Name": "CENTRAL AVE", "Street_Address": "1400 CENTRAL AVE", "City": "MEMPHIS", "State": "TN", "ZIP_Code": "38104", "Full_Address": "1400 CENTRAL AVE MEMPHIS TN 38104", "Latitude": 35.126, "Longitude": -90.014, "UCR_Category": "LARCENY/THEFT", "UCR_Description": "THEFT FROM A BUILDING", "NIBRS_Group": "A", "NIBRS_Offense_Group": "CRIMES AGAINST PROPERTY", "Part_One_or_Part_Two": 1, "Ward": "423", "Precinct": "CRUMP", "Source_ObjectID": "101199", "ObjectId": 1657112}}, {"type": "Feature", "id": 1657113, "geometry": {"type": "Point", "coordinates": [-89.793, 35.175]}, "properties": {"Crime_ID": "2012005884ME", "Offense_Datetime": 1607983200000, "Reported_Datetime": 1607991060000, "Agency_Crime_ID": "ROBBERY/INDIVIDUAL", "UCR_Incident_Code": "120", "Block": 1800, "Street_Name": "N GERMANTOWN PKWY", "Street_Address": "1800 N GERMANTOWN PKWY", "City": "CORDOVA", "State": "TN", "ZIP_Code": "38018", "Full_Address": "1800 N GERMANTOWN PKWY CORDOVA TN 38018", "Latitude": 35.175, "Longitude": -89.793, "UCR_Category": "ROBBERY", "UCR_Description": "ROBBERY", "NIBRS_Group": "A", "NIBRS_Offense_Group": "CRIMES AGAINST PROPERTY", "Part_One_or_Part_Two": 1, "Ward": "826", "Precinct": "APPLING FARMS", "Source_ObjectID": "136704", "ObjectId": 1657113}}, {"type": "Feature", "id": 1657114, "geometry": {"type": "Point", "coordinates": [-89.965, 35.138]}, "properties": {"Crime_ID": "2402030960ME", "Offense_Datetime": 1709095200000, "Reported_Datetime": 1709096340000, "Agency_Crime_ID": "DRUGS/NARCOTICS VIOLATION/MISDEMEANOR", "UCR_Incident_Code": "35A", "Block": 200, "Street_Name": "W RED OAK DR", "Street_Address": "200 W RED OAK DR", "City": "MEMPHIS", "State": "TN", "ZIP_Code": "38112", "Full_Address": "200 W RED OAK DR MEMPHIS TN 38112", "Latitude": 35.138, "Longitude": -89.965, "UCR_Category": "DRUG/NARCOTIC", "UCR_Description": "DRUG/NARCOTIC VIOLS", "NIBRS_Group": "A", "NIBRS_Offense_Group": "CRIMES AGAINST SOCIETY", "Part_One_or_Part_Two": 2, "Ward": "523", "Precinct": "TILLMAN", "Source_ObjectID": "492788", "ObjectId": 1657114}}, {"type": "Feature", "id": 1657115, "geometry": {"type": "Point", "coordinates": [-90.055, 35.146]}, "properties": {"Crime_ID": "2305026299ME", "Offense_Datetime": 1684125900000, "Reported_Datetime": 1684126860000, "Agency_Crime_ID": "THEFT FROM MOTOR VEHICLE", "UCR_Incident_Code": "23F", "Block": 0, "Street_Name": "FRONT ST", "Street_Address": "0 FRONT ST", "City": "MEMPHIS", "State": "TN", "ZIP_Code": "38103", "Full_Address": "0 FRONT ST MEMPHIS TN 38103", "Latitude": 35.146, "Longitude": -90.055, "UCR_Category": "LARCENY/THEFT", "UCR_Description": "THEFT FROM A MOTOR VEHICLE", "NIBRS_Group": "A", "NIBRS_Offense_Group": "CRIMES AGAINST PROPERTY", "Part_One_or_Part_Two": 1, "Ward": "623", "Precinct": "NORTH MAIN", "Source_ObjectID": "397259", "ObjectId": 1657115}}, {"type": "Feature", "id": 1657116, "geometry": {"type": "Point", "coordinates": [-90.004, 35.204]}, "properties": {"Crime_ID": "2008001452ME", "Offense_Datetime": 1596579600000, "Reported_Datetime": 1596581520000, "Agency_Crime_ID": "INTIMIDATION", "UCR_Incident_Code": "13C", "Block": 2800, "Street_Name": "FALLING STREAM", "Street_Address": "2800 FALLING STREAM", "City": "MEMPHIS", "State": "TN", "ZIP_Code": "38127", "Full_Address": "2800 FALLING STREAM MEMPHIS TN 38127", "Latitude": 35.204, "Longitude": -90.004, "UCR_Category": "ASSAULT", "UCR_Description": "INTIMIDATION", "NIBRS_Group": "A", "NIBRS_Offense_Group": "CRIMES AGAINST PERSONS", "Part_One_or_Part_Two": 2, "Ward": "122", "Precinct": "AUSTIN PEAY", "Source_ObjectID": "100445", "ObjectId": 1657116}}, {"type": "Feature", "id": 1657117, "geometry": {"type": "Point", "coordinates": [-90.054, 35.144]}, "properties": {"Crime_ID": "2101004850ME", "Offense_Datetime": 1610521980000, "Reported_Datetime": 1610524080000, "Agency_Crime_ID": "DRUG EQUIPMENT VIOLATION", "UCR_Incident_Code": "35B", "Block": 0, "Street_Name": "UNION", "Street_Address": "0 UNION", "City": "MEMPHIS", "State": "TN", "ZIP_Code": "38103", "Full_Address": "0 UNION MEMPHIS TN 38103", "Latitude": 35.144, "Longitude": -90.054, "UCR_Category": "DRUG/NARCOTIC", "UCR_Description": "DRUG/NARCOTIC EQUIQ VIOL", "NIBRS_Group": "A", "NIBRS_Offense_Group": "CRIMES AGAINST SOCIETY", "Part_One_or_Part_Two": 2, "Ward": "622", "Precinct": "NORTH MAIN", "Source_ObjectID": "144744", "ObjectId": 1657117}}, {"type": "Feature", "id": 1657118, "geometry": {"type": "Point", "coordinates": [-89.868, 35.171]}, "properties": {"Crime_ID": "2205010069ME", "Offense_Datetime": 1653192000000, "Reported_Datetime": 1653193320000, "Agency_Crime_ID": "WEAPON LAW VIOLATIONS/FELONY", "UCR_Incident_Code": "520", "Block": 5800, "Street_Name": "SUMMER AVE", "Street_Address": "5800 SUMMER AVE", "City": "MEMPHIS", "State": "TN", "ZIP_Code": "38134", "Full_Address": "5800 SUMMER AVE MEMPHIS TN 38134", "Latitude": 35.171, "Longitude": -89.868, "UCR_Category": "WEAPON LAW VIOLATION", "UCR_Description": "WEAPON LAW VIOL", "NIBRS_Group": "A", "NIBRS_Offense_Group": "CRIMES AGAINST SOCIETY", "Part_One_or_Part_Two": 2, "Ward": "822", "Precinct": "APPLING FARMS", "Source_ObjectID": "278156", "ObjectId": 1657118}}, {"type": "Feature", "id": 1657119, "geometry": {"type": "Point", "coordinates": [-89.945, 35.114]}, "properties": {"Crime_ID": "2309020786ME", "Offense_Datetime": 1693703820000, "Reported_Datetime": 1693704780000, "Agency_Crime_ID": "AGGRAVATED ASSAULT", "UCR_Incident_Code": "13A", "Block": 600, "Street_Name": "HIGHLAND ST", "Street_Address": "600 HIGHLAND ST", "City": "MEMPHIS", "State": "TN", "ZIP_Code": "38111", "Full_Address": "600 HIGHLAND ST MEMPHIS TN 38111", "Latitude": 35.114, "Longitude": -89.945, "UCR_Category": "AGGRAVATED ASSAULT", "UCR_Description": "AGGRAVATED ASSAULT", "NIBRS_Group": "A", "NIBRS_Offense_Group": "CRIMES AGAINST PERSONS", "Part_One_or_Part_Two": 1, "Ward": "522", "Precinct": "TILLMAN", "Source_ObjectID": "437485", "ObjectId": 1657119}}, {"type": "Feature", "id": 1657120, "geometry": {"type": "Point", "coordinates": [-90.097, 35.047]}, "properties": {"Crime_ID": "2506029498ME", "Offense_Datetime": 1750873260000, "Reported_Datetime": 1750874100000, "Agency_Crime_ID": "WEAPON LAW VIOLATIONS/FELONY", "UCR_Incident_Code": "520", "Block": 0, "Street_Name": "WEAVER RD//CANARY ST", "Street_Address": " WEAVER RD//CANARY ST", "City": "MEMPHIS", "State": "TN", "ZIP_Code": "38109", "Full_Address": " WEAVER RD//CANARY ST MEMPHIS TN 38109", "Latitude": 35.047, "Longitude": -90.097, "UCR_Category": "WEAPON LAW VIOLATION", "UCR_Description": "WEAPON LAW VIOL", "NIBRS_Group": "A", "NIBRS_Offense_Group": "CRIMES AGAINST SOCIETY", "Part_One_or_Part_Two": 2, "Ward": "222", "Precinct": "RAINES", "Source_ObjectID": "633163", "ObjectId": 1657120}}, {"type": "Feature", "id": 1657121, "geometry": {"type": "Point", "coordinates": [-90.071, 35.097]}, "properties": {"Crime_ID": "2509030742ME", "Offense_Datetime": 1759150980000, "Reported_Datetime": 1759154940000, "Agency_Crime_ID": "DRUGS/NARCOTICS VIOLATION/MISDEMEANOR", "UCR_Incident_Code": "35A", "Block": 200, "Street_Name": "MAJUBA AVE", "Street_Address": "200 MAJUBA AVE", "City": "MEMPHIS", "State": "TN", "ZIP_Code": "38016", "Full_Address": "200 MAJUBA AVE MEMPHIS TN 38016", "Latitude": 35.097, "Longitude": -90.071, "UCR_Category": "DRUG/NARCOTIC", "UCR_Description": "DRUG/NARCOTIC VIOLS", "NIBRS_Group": "A", "NIBRS_Offense_Group": "CRIMES AGAINST SOCIETY", "Part_One_or_Part_Two": 2, "Ward": "721", "Precinct": "AIRWAYS", "Source_ObjectID": "658130", "ObjectId": 1657121}}, {"type": "Feature", "id": 1657122, "geometry": {"type": "Point", "coordinates": [-90.014, 35.043]}, "properties": {"Crime_ID": "2601026851ME", "Offense_Datetime": 1769119800000, "Reported_Datetime": 1769121300000, "Agency_Crime_ID": "INTIMIDATION/DV", "UCR_Incident_Code": "13C", "Block": 3800, "Street_Name": "PATTE ANN DR", "Street_Address": "3800 PATTE ANN DR", "City": "MEMPHIS", "State": "TN", "ZIP_Code": "38116", "Full_Address": "3800 PATTE ANN DR MEMPHIS TN 38116", "Latitude": 35.043, "Longitude": -90.014, "UCR_Category": "ASSAULT", "UCR_Description": "INTIMIDATION", "NIBRS_Group": "A", "NIBRS_Offense_Group": "CRIMES AGAINST PERSONS", "Part_One_or_Part_Two": 2, "Ward": "225", "Precinct": "RAINES", "Source_ObjectID": "681947", "ObjectId": 1657122}}, {"type": "Feature", "id": 1657123, "geometry": {"type": "Point", "coordinates": [-89.894, 35.07]}, "properties": {"Crime_ID": "2406025846ME", "Offense_Datetime": 1718341200000, "Reported_Datetime": 1718373240000, "Agency_Crime_ID": "MVT/PASSENGER VEHICLE", "UCR_Incident_Code": "240", "Block": 5000, "Street_Name": "GINGER CIR", "Street_Address": "5000 GINGER CIR", "City": "MEMPHIS", "State": "TN", "ZIP_Code": "38118", "Full_Address": "5000 GINGER CIR MEMPHIS TN 38118", "Latitude": 35.07, "Longitude": -89.894, "UCR_Category": "MOTOR VEHICLE THEFT", "UCR_Description": "MOTOR VEHICLE THEFT", "NIBRS_Group": "A", "NIBRS_Offense_Group": "CRIMES AGAINST PROPERTY", "Part_One_or_Part_Two": 1, "Ward": "324", "Precinct": "MT MORIAH", "Source_ObjectID": "526450", "ObjectId": 1657123}}, {"type": "Feature", "id": 1657124, "geometry": {"type": "Point", "coordinates": [-90.022, 35.115]}, "properties": {"Crime_ID": "2005003558ME", "Offense_Datetime": 1589132700000, "Reported_Datetime": 1589135280000, "Agency_Crime_ID": "SIMPLE ASSAULT/DV", "UCR_Incident_Code": "13B", "Block": 1100, "Street_Name": "S BELLEVUE BLVD", "Street_Address": "1100 S BELLEVUE BLVD", "City": "MEMPHIS", "State": "TN", "ZIP_Code": "38106", "Full_Address": "1100 S BELLEVUE BLVD MEMPHIS TN 38106", "Latitude": 35.115, "Longitude": -90.022, "UCR_Category": "ASSAULT", "UCR_Description": "SIMPLE ASSAULT", "NIBRS_Group": "A", "NIBRS_Offense_Group": "CRIMES AGAINST PERSONS", "Part_One_or_Part_Two": 2, "Ward": "422", "Precinct": "CRUMP", "Source_ObjectID": "76997", "ObjectId": 1657124}}, {"type": "Feature", "id": 1657125, "geometry": {"type": "Point", "coordinates": [-90.064, 35.017]}, "properties": {"Crime_ID": "2312030917ME", "Offense_Datetime": 1703736000000, "Reported_Datetime": 1703806260000, "Agency_Crime_ID": "BURGLARY/RESIDENTIAL", "UCR_Incident_Code": "220", "Block": 0, "Street_Name": "BYFIELD DR", "Street_Address": "0 BYFIELD DR", "City": "MEMPHIS", "State": "TN", "ZIP_Code": "38109", "Full_Address": "0 BYFIELD DR MEMPHIS TN 38109", "Latitude": 35.017, "Longitude": -90.064, "UCR_Category": "BURG/BREAK & ENTER", "UCR_Description": "BURG/BREAK & ENTER", "NIBRS_Group": "A", "NIBRS_Offense_Group": "CRIMES AGAINST PROPERTY", "Part_One_or_Part_Two": 1, "Ward": "221", "Precinct": "RAINES", "Source_ObjectID": "474877", "ObjectId": 1657125}}, {"type": "Feature", "id": 1657126, "geometry": {"type": "Point", "coordinates": [-89.906, 35.062]}, "properties": {"Crime_ID": "2411022724ME", "Offense_Datetime": 1731017400000, "Reported_Datetime": 1731022680000, "Agency_Crime_ID": "AGG. ASSAULT - INVOLVING FIREARMS DISCHARGED", "UCR_Incident_Code": "13A", "Block": 0, "Street_Name": "S PERKINS RD//KNIGHT ARNOLD RD", "Street_Address": " S PERKINS RD//KNIGHT ARNOLD RD", "City": "MEMPHIS", "State": "TN", "ZIP_Code": "38118", "Full_Address": " S PERKINS RD//KNIGHT ARNOLD RD MEMPHIS TN 38118", "Latitude": 35.062, "Longitude": -89.906, "UCR_Category": "AGGRAVATED ASSAULT", "UCR_Description": "AGGRAVATED ASSAULT", "NIBRS_Group": "A", "NIBRS_Offense_Group": "CRIMES AGAINST PERSONS", "Part_One_or_Part_Two": 1, "Ward": "324", "Precinct": "MT MORIAH", "Source_ObjectID": "571892", "ObjectId": 1657126}}, {"type": "Feature", "id": 1657127, "geometry": {"type": "Point", "coordinates": [-89.933, 35.107]}, "properties": {"Crime_ID": "2007006728ME", "Offense_Datetime": 1594971000000, "Reported_Datetime": 1594971780000, "Agency_Crime_ID": "KIDNAPPING/ABDUCTION", "UCR_Incident_Code": "100", "Block": 3800, "Street_Name": "PARK AVE", "Street_Address": "3800 PARK AVE", "City": "MEMPHIS", "State": "TN", "ZIP_Code": "38111", "Full_Address": "3800 PARK AVE MEMPHIS TN 38111", "Latitude": 35.107, "Longitude": -89.933, "UCR_Category": "KIDNAPPING/ABDUCTION", "UCR_Description": "KIDNAPPING/ABDUCTION", "NIBRS_Group": "A", "NIBRS_Offense_Group": "CRIMES AGAINST PERSONS", "Part_One_or_Part_Two": 2, "Ward": "322", "Precinct": "MT MORIAH", "Source_ObjectID": "95633", "ObjectId": 1657127}}, {"type": "Feature", "id": 1657128, "geometry": {"type": "Point", "coordinates": [-89.978, 35.106]}, "properties": {"Crime_ID": "2103004009ME", "Offense_Datetime": 1615389960000, "Reported_Datetime": 1615391760000, "Agency_Crime_ID": "OTHER THEFT/NON-SPECIFIC", "UCR_Incident_Code": "23H", "Block": 1200, "Street_Name": "HAMILTON ST", "Street_Address": "1200 HAMILTON ST", "City": "MEMPHIS", "State": "TN", "ZIP_Code": "38114", "Full_Address": "1200 HAMILTON ST MEMPHIS TN 38114", "Latitude": 35.106, "Longitude": -89.978, "UCR_Category": "LARCENY/THEFT", "UCR_Description": "ALL OTHER LARCENY", "NIBRS_Group": "A", "NIBRS_Offense_Group": "CRIMES AGAINST PROPERTY", "Part_One_or_Part_Two": 1, "Ward": "725", "Precinct": "AIRWAYS", "Source_ObjectID": "157646", "ObjectId": 1657128}}, {"type": "Feature", "id": 1657129, "geometry": {"type": "Point", "coordinates": [-89.982, 35.209]}, "properties": {"Crime_ID": "2312029893ME", "Offense_Datetime": 1703603400000, "Reported_Datetime": 1703604360000, "Agency_Crime_ID": "THEFT FROM BUILDING", "UCR_Incident_Code": "23D", "Block": 3000, "Street_Name": "DEBBY ST", "Street_Address": "3000 DEBBY ST", "City": "MEMPHIS", "State": "TN", "ZIP_Code": "38127", "Full_Address": "3000 DEBBY ST MEMPHIS TN 38127", "Latitude": 35.209, "Longitude": -89.982, "UCR_Category": "LARCENY/THEFT", "UCR_Description": "THEFT FROM A BUILDING", "NIBRS_Group": "A", "NIBRS_Offense_Group": "CRIMES AGAINST PROPERTY", "Part_One_or_Part_Two": 1, "Ward": "122", "Precinct": "AUSTIN PEAY", "Source_ObjectID": "474149", "ObjectId": 1657129}}, {"type": "Feature", "id": 1657130, "geometry": {"type": "Point", "coordinates": [-89.952, 35.149]}, "properties": {"Crime_ID": "2002011978ME", "Offense_Datetime": 1582737600000, "Reported_Datetime": 1582739040000, "Agency_Crime_ID": "SHOPLIFTING/MISDEMEANOR", "UCR_Incident_Code": "23C", "Block": 3200, "Street_Name": "SUMMER AVE", "Street_Address": "3200 SUMMER AVE", "City": "MEMPHIS", "State": "TN", "ZIP_Code": "38112", "Full_Address": "3200 SUMMER AVE MEMPHIS TN 38112", "Latitude": 35.149, "Longitude": -89.952, "UCR_Category": "LARCENY/THEFT", "UCR_Description": "SHOPLIFTING", "NIBRS_Group": "A", "NIBRS_Offense_Group": "CRIMES AGAINST PROPERTY", "Part_One_or_Part_Two": 1, "Ward": "524", "Precinct": "TILLMAN", "Source_ObjectID": "58685", "ObjectId": 1657130}}, {"type": "Feature", "id": 1657131, "geometry": {"type": "Point", "coordinates": [-90.017, 35.033]}, "properties": {"Crime_ID": "2305027682ME", "Offense_Datetime": 1684376880000, "Reported_Datetime": 1684378680000, "Agency_Crime_ID": "BURGLARY/BUSINESS", "UCR_Incident_Code": "220", "Block": 4200, "Street_Name": "EASTWIND DR", "Street_Address": "4200 EASTWIND DR", "City": "MEMPHIS", "State": "TN", "ZIP_Code": "38116", "Full_Address": "4200 EASTWIND DR MEMPHIS TN 38116", "Latitude": 35.033, "Longitude": -90.017, "UCR_Category": "BURG/BREAK & ENTER", "UCR_Description": "BURG/BREAK & ENTER", "NIBRS_Group": "A", "NIBRS_Offense_Group": "CRIMES AGAINST PROPERTY", "Part_One_or_Part_Two": 1, "Ward": "225", "Precinct": "RAINES", "Source_ObjectID": "398374", "ObjectId": 1657131}}, {"type": "Feature", "id": 1657132, "geometry": {"type": "Point", "coordinates": [-90.047, 35.061]}, "properties": {"Crime_ID": "2507020623ME", "Offense_Datetime": 1751481900000, "Reported_Datetime": 1751485500000, "Agency_Crime_ID": "CARJACKING", "UCR_Incident_Code": "120", "Block": 3200, "Street_Name": "TULANE RD", "Street_Address": "3200 TULANE RD", "City": "MEMPHIS", "State": "TN", "ZIP_Code": "38109", "Full_Address": "3200 TULANE RD MEMPHIS TN 38109", "Latitude": 35.061, "Longitude": -90.047, "UCR_Category": "ROBBERY", "UCR_Description": "ROBBERY", "NIBRS_Group": "A", "NIBRS_Offense_Group": "CRIMES AGAINST PROPERTY", "Part_One_or_Part_Two": 1, "Ward": "224", "Precinct": "RAINES", "Source_ObjectID": "635158", "ObjectId": 1657132}}, {"type": "Feature", "id": 1657133, "geometry": {"type": "Point", "coordinates": [-90.021, 35.033]}, "properties": {"Crime_ID": "2305025046ME", "Offense_Datetime": 1683872700000, "Reported_Datetime": 1683874020000, "Agency_Crime_ID": "AGGRAVATED ASSAULT/DV", "UCR_Incident_Code": "13A", "Block": 1300, "Street_Name": "WESLEY DR", "Street_Address": "1300 WESLEY DR", "City": "MEMPHIS", "State": "TN", "ZIP_Code": "38116", "Full_Address": "1300 WESLEY DR MEMPHIS TN 38116", "Latitude": 35.033, "Longitude": -90.021, "UCR_Category": "AGGRAVATED ASSAULT", "UCR_Description": "AGGRAVATED ASSAULT", "NIBRS_Group": "A", "NIBRS_Offense_Group": "CRIMES AGAINST PERSONS", "Part_One_or_Part_Two": 1, "Ward": "225", "Precinct": "RAINES", "Source_ObjectID": "396210", "ObjectId": 1657133}}, {"type": "Feature", "id": 1657134, "geometry": {"type": "Point", "coordinates": [-89.842, 35.161]}, "properties": {"Crime_ID": "2508021874ME", "Offense_Datetime": 1754438400000, "Reported_Datetime": 1754445780000, "Agency_Crime_ID": "STALKING/DV", "UCR_Incident_Code": "13D", "Block": 1200, "Street_Name": "GREENBROOK BND", "Street_Address": "1200 GREENBROOK BND", "City": "MEMPHIS", "State": "TN", "ZIP_Code": "38134", "Full_Address": "1200 GREENBROOK BND MEMPHIS TN 38134", "Latitude": 35.161, "Longitude": -89.842, "UCR_Category": "ASSAULT", "UCR_Description": "STALKING", "NIBRS_Group": "A", "NIBRS_Offense_Group": "CRIMES AGAINST PERSONS", "Part_One_or_Part_Two": 2, "Ward": "823", "Precinct": "APPLING FARMS", "Source_ObjectID": "644279", "ObjectId": 1657134}}, {"type": "Feature", "id": 1657135, "geometry": {"type": "Point", "coordinates": [-89.975, 35.233]}, "properties": {"Crime_ID": "2101010614ME", "Offense_Datetime": 1611673200000, "Reported_Datetime": 1611674820000, "Agency_Crime_ID": "SIMPLE ASSAULT", "UCR_Incident_Code": "13B", "Block": 0, "Street_Name": "ST ELMO//RANGELINE RD", "Street_Address": " ST ELMO//RANGELINE RD", "City": "MEMPHIS", "State": "TN", "ZIP_Code": "38127", "Full_Address": " ST ELMO//RANGELINE RD MEMPHIS TN 38127", "Latitude": 35.233, "Longitude": -89.975, "UCR_Category": "ASSAULT", "UCR_Description": "SIMPLE ASSAULT", "NIBRS_Group": "A", "NIBRS_Offense_Group": "CRIMES AGAINST PERSONS", "Part_One_or_Part_Two": 2, "Ward": "123", "Precinct": "AUSTIN PEAY", "Source_ObjectID": "148230", "ObjectId": 1657135}}, {"type": "Feature", "id": 1657136, "geometry": {"type": "Point", "coordinates": [-90.023, 35.11]}, "properties": {"Crime_ID": "2102008155ME", "Offense_Datetime": 1614189000000, "Reported_Datetime": 1614201960000, "Agency_Crime_ID": "AGGRAVATED ASSAULT/DV", "UCR_Incident_Code": "13A", "Block": 1100, "Street_Name": "S PKWY E", "Street_Address": "1100 S PKWY E", "City": "MEMPHIS", "State": "TN", "ZIP_Code": "38106", "Full_Address": "1100 S PKWY E MEMPHIS TN 38106", "Latitude": 35.11, "Longitude": -90.023, "UCR_Category": "AGGRAVATED ASSAULT", "UCR_Description": "AGGRAVATED ASSAULT", "NIBRS_Group": "A", "NIBRS_Offense_Group": "CRIMES AGAINST PERSONS", "Part_One_or_Part_Two": 1, "Ward": "422", "Precinct": "CRUMP", "Source_ObjectID": "154398", "ObjectId": 1657136}}, {"type": "Feature", "id": 1657137, "geometry": {"type": "Point", "coordinates": [-89.904, 35.113]}, "properties": {"Crime_ID": "2402027721ME", "Offense_Datetime": 1708293600000, "Reported_Datetime": 1708384200000, "Agency_Crime_ID": "THEFT FROM MOTOR VEHICLE", "UCR_Incident_Code": "23F", "Block": 600, "Street_Name": "COLONIAL DR", "Street_Address": "600 COLONIAL DR", "City": "MEMPHIS", "State": "TN", "ZIP_Code": "38117", "Full_Address": "600 COLONIAL DR MEMPHIS TN 38117", "Latitude": 35.113, "Longitude": -89.904, "UCR_Category": "LARCENY/THEFT", "UCR_Description": "THEFT FROM A MOTOR VEHICLE", "NIBRS_Group": "A", "NIBRS_Offense_Group": "CRIMES AGAINST PROPERTY", "Part_One_or_Part_Two": 1, "Ward": "821", "Precinct": "APPLING FARMS", "Source_ObjectID": "490437", "ObjectId": 1657137}}, {"type": "Feature", "id": 1657138, "geometry": {"type": "Point", "coordinates": [-89.842, 35.161]}, "properties": {"Crime_ID": "2506027638ME", "Offense_Datetime": 1750388400000, "Reported_Datetime": 1750457400000, "Agency_Crime_ID": "THEFT OF VEHICLE PARTS/ACCESSORIES", "UCR_Incident_Code": "23G", "Block": 1200, "Street_Name": "GREENBROOK BEND", "Street_Address": "1200 GREENBROOK BEND", "City": "MEMPHIS", "State": "TN", "ZIP_Code": "38134", "Full_Address": "1200 GREENBROOK BEND MEMPHIS TN 38134", "Latitude": 35.161, "Longitude": -89.842, "UCR_Category": "LARCENY/THEFT", "UCR_Description": "THEFT OF MV PARTS/ACCS", "NIBRS_Group": "A", "NIBRS_Offense_Group": "CRIMES AGAINST PROPERTY", "Part_One_or_Part_Two": 1, "Ward": "822", "Precinct": "APPLING FARMS", "Source_ObjectID": "631896", "ObjectId": 1657138}}, {"type": "Feature", "id": 1657139, "geometry": {"type": "Point", "coordinates": [-89.823, 35.182]}, "properties": {"Crime_ID": "2307010959ME", "Offense_Datetime": 1687800060000, "Reported_Datetime": 1689861420000, "Agency_Crime_ID": "MVT/PASSENGER VEHICLE", "UCR_Incident_Code": "240", "Block": 7200, "Street_Name": "APPLING FARMS PKWY", "Street_Address": "7200 APPLING FARMS PKWY", "City": "MEMPHIS", "State": "TN", "ZIP_Code": "38133", "Full_Address": "7200 APPLING FARMS PKWY MEMPHIS TN 38133", "Latitude": 35.182, "Longitude": -89.823, "UCR_Category": "MOTOR VEHICLE THEFT", "UCR_Description": "MOTOR VEHICLE THEFT", "NIBRS_Group": "A", "NIBRS_Offense_Group": "CRIMES AGAINST PROPERTY", "Part_One_or_Part_Two": 1, "Ward": "825", "Precinct": "APPLING FARMS", "Source_ObjectID": "421771", "ObjectId": 1657139}}, {"type": "Feature", "id": 1657140, "geometry": {"type": "Point", "coordinates": [-89.986, 35.105]}, "properties": {"Crime_ID": "2101006247ME", "Offense_Datetime": 1610803800000, "Reported_Datetime": 1610825820000, "Agency_Crime_ID": "SHOPLIFTING/MISDEMEANOR", "UCR_Incident_Code": "23C", "Block": 1400, "Street_Name": "AIRWAYS BLVD", "Street_Address": "1400 AIRWAYS BLVD", "City": "MEMPHIS", "State": "TN", "ZIP_Code": "38114", "Full_Address": "1400 AIRWAYS BLVD MEMPHIS TN 38114", "Latitude": 35.105, "Longitude": -89.986, "UCR_Category": "LARCENY/THEFT", "UCR_Description": "SHOPLIFTING", "NIBRS_Group": "A", "NIBRS_Offense_Group": "CRIMES AGAINST PROPERTY", "Part_One_or_Part_Two": 1, "Ward": "723", "Precinct": "AIRWAYS", "Source_ObjectID": "145533", "ObjectId": 1657140}}, {"type": "Feature", "id": 1657141, "geometry": {"type": "Point", "coordinates": [-89.962, 35.089]}, "properties": {"Crime_ID": "2507025322ME", "Offense_Datetime": 1752520500000, "Reported_Datetime": 1752521400000, "Agency_Crime_ID": "INTIMIDATION/DV", "UCR_Incident_Code": "13C", "Block": 1500, "Street_Name": "SEMMES ST", "Street_Address": "1500 SEMMES ST", "City": "MEMPHIS", "State": "TN", "ZIP_Code": "38114", "Full_Address": "1500 SEMMES ST MEMPHIS TN 38114", "Latitude": 35.089, "Longitude": -89.962, "UCR_Category": "ASSAULT", "UCR_Description": "INTIMIDATION", "NIBRS_Group": "A", "NIBRS_Offense_Group": "CRIMES AGAINST PERSONS", "Part_One_or_Part_Two": 2, "Ward": "725", "Precinct": "AIRWAYS", "Source_ObjectID": "638339", "ObjectId": 1657141}}, {"type": "Feature", "id": 1657142, "geometry": {"type": "Point", "coordinates": [-89.975, 35.165]}, "properties": {"Crime_ID": "2406030225ME", "Offense_Datetime": 1718852400000, "Reported_Datetime": 1719246780000, "Agency_Crime_ID": "THEFT OF VEHICLE PARTS/ACCESSORIES", "UCR_Incident_Code": "23G", "Block": 1000, "Street_Name": "HOLLYWOOD ST", "Street_Address": "1000 HOLLYWOOD ST", "City": "MEMPHIS", "State": "TN", "ZIP_Code": "38106", "Full_Address": "1000 HOLLYWOOD ST MEMPHIS TN 38106", "Latitude": 35.165, "Longitude": -89.975, "UCR_Category": "LARCENY/THEFT", "UCR_Description": "THEFT OF MV PARTS/ACCS", "NIBRS_Group": "A", "NIBRS_Offense_Group": "CRIMES AGAINST PROPERTY", "Part_One_or_Part_Two": 1, "Ward": "426", "Precinct": "CRUMP", "Source_ObjectID": "529826", "ObjectId": 1657142}}, {"type": "Feature", "id": 1657143, "geometry": {"type": "Point", "coordinates": [-90.034, 35.112]}, "properties": {"Crime_ID": "2304000672ME", "Offense_Datetime": 1680454800000, "Reported_Datetime": 1680456600000, "Agency_Crime_ID": "VANDALISM/MISDEMEANOR", "UCR_Incident_Code": "290", "Block": 800, "Street_Name": "TRIGG AVE", "Street_Address": "800 TRIGG AVE", "City": "MEMPHIS", "State": "TN", "ZIP_Code": "38102", "Full_Address": "800 TRIGG AVE MEMPHIS TN 38102", "Latitude": 35.112, "Longitude": -90.034, "UCR_Category": "DEST/DAM/VAND OF PROPERTY", "UCR_Description": "DEST/DAM/VAND OF PROPERTY", "NIBRS_Group": "A", "NIBRS_Offense_Group": "CRIMES AGAINST PROPERTY", "Part_One_or_Part_Two": 2, "Ward": "422", "Precinct": "CRUMP", "Source_ObjectID": "382155", "ObjectId": 1657143}}, {"type": "Feature", "id": 1657144, "geometry": {"type": "Point", "coordinates": [-90.1, 35.047]}, "properties": {"Crime_ID": "2008004798ME", "Offense_Datetime": 1597262400000, "Reported_Datetime": 1597265160000, "Agency_Crime_ID": "INTIMIDATION/DV", "UCR_Incident_Code": "13C", "Block": 3700, "Street_Name": "W CANARY CV", "Street_Address": "3700 W CANARY CV", "City": "MEMPHIS", "State": "TN", "ZIP_Code": "38109", "Full_Address": "3700 W CANARY CV MEMPHIS TN 38109", "Latitude": 35.047, "Longitude": -90.1, "UCR_Category": "ASSAULT", "UCR_Description": "INTIMIDATION", "NIBRS_Group": "A", "NIBRS_Offense_Group": "CRIMES AGAINST PERSONS", "Part_One_or_Part_Two": 2, "Ward": "222", "Precinct": "RAINES", "Source_ObjectID": "102553", "ObjectId": 1657144}}, {"type": "Feature", "id": 1657145, "geometry": {"type": "Point", "coordinates": [-89.945, 35.073]}, "properties": {"Crime_ID": "2004001263ME", "Offense_Datetime": 1586040840000, "Reported_Datetime": 1586041440000, "Agency_Crime_ID": "VANDALISM/MISDEMEANOR", "UCR_Incident_Code": "290", "Block": 3500, "Street_Name": "PEARSON RD", "Street_Address": "3500 PEARSON RD", "City": "MEMPHIS", "State": "TN", "ZIP_Code": "38118", "Full_Address": "3500 PEARSON RD MEMPHIS TN 38118", "Latitude": 35.073, "Longitude": -89.945, "UCR_Category": "DEST/DAM/VAND OF PROPERTY", "UCR_Description": "DEST/DAM/VAND OF PROPERTY", "NIBRS_Group": "A", "NIBRS_Offense_Group": "CRIMES AGAINST PROPERTY", "Part_One_or_Part_Two": 2, "Ward": "321", "Precinct": "MT MORIAH", "Source_ObjectID": "68088", "ObjectId": 1657145}}, {"type": "Feature", "id": 1657146, "geometry": {"type": "Point", "coordinates": [-89.794, 35.198]}, "properties": {"Crime_ID": "2304007746ME", "Offense_Datetime": 1681599000000, "Reported_Datetime": 1681601340000, "Agency_Crime_ID": "SHOPLIFTING/MISDEMEANOR", "UCR_Incident_Code": "23C", "Block": 8000, "Street_Name": "GIACOSA PL", "Street_Address": "8000 GIACOSA PL", "City": "MEMPHIS", "State": "TN", "ZIP_Code": "38133", "Full_Address": "8000 GIACOSA PL MEMPHIS TN 38133", "Latitude": 35.198, "Longitude": -89.794, "UCR_Category": "LARCENY/THEFT", "UCR_Description": "SHOPLIFTING", "NIBRS_Group": "A", "NIBRS_Offense_Group": "CRIMES AGAINST PROPERTY", "Part_One_or_Part_Two": 1, "Ward": "825", "Precinct": "APPLING FARMS", "Source_ObjectID": "386680", "ObjectId": 1657146}}, {"type": "Feature", "id": 1657147, "geometry": {"type": "Point", "coordinates": [-89.978, 35.111]}, "properties": {"Crime_ID": "2411028300ME", "Offense_Datetime": 1732298400000, "Reported_Datetime": 1732313520000, "Agency_Crime_ID": "VANDALISM/FELONY", "UCR_Incident_Code": "290", "Block": 700, "Street_Name": "HAMILTON ST", "Street_Address": "700 HAMILTON ST", "City": "MEMPHIS", "State": "TN", "ZIP_Code": "38111", "Full_Address": "700 HAMILTON ST MEMPHIS TN 38111", "Latitude": 35.111, "Longitude": -89.978, "UCR_Category": "DEST/DAM/VAND OF PROPERTY", "UCR_Description": "DEST/DAM/VAND OF PROPERTY", "NIBRS_Group": "A", "NIBRS_Offense_Group": "CRIMES AGAINST PROPERTY", "Part_One_or_Part_Two": 2, "Ward": "521", "Precinct": "TILLMAN", "Source_ObjectID": "575985", "ObjectId": 1657147}}, {"type": "Feature", "id": 1657148, "geometry": {"type": "Point", "coordinates": [-90.04, 35.119]}, "properties": {"Crime_ID": "2312028528ME", "Offense_Datetime": 1703215800000, "Reported_Datetime": 1703219760000, "Agency_Crime_ID": "SIMPLE ASSAULT", "UCR_Incident_Code": "13B", "Block": 600, "Street_Name": "JENNETTE PL", "Street_Address": "600 JENNETTE PL", "City": "MEMPHIS", "State": "TN", "ZIP_Code": "38106", "Full_Address": "600 JENNETTE PL MEMPHIS TN 38106", "Latitude": 35.119, "Longitude": -90.04, "UCR_Category": "ASSAULT", "UCR_Description": "SIMPLE ASSAULT", "NIBRS_Group": "A", "NIBRS_Offense_Group": "CRIMES AGAINST PERSONS", "Part_One_or_Part_Two": 2, "Ward": "421", "Precinct": "CRUMP", "Source_ObjectID": "473146", "ObjectId": 1657148}}, {"type": "Feature", "id": 1657149, "geometry": {"type": "Point", "coordinates": [-89.919, 35.016]}, "properties": {"Crime_ID": "2402031069ME", "Offense_Datetime": 1709041800000, "Reported_Datetime": 1709134080000, "Agency_Crime_ID": "THEFT OF VEHICLE PARTS/ACCESSORIES", "UCR_Incident_Code": "23G", "Block": 4800, "Street_Name": "MALONE RD", "Street_Address": "4800 MALONE RD", "City": "MEMPHIS", "State": "TN", "ZIP_Code": "38118", "Full_Address": "4800 MALONE RD MEMPHIS TN 38118", "Latitude": 35.016, "Longitude": -89.919, "UCR_Category": "LARCENY/THEFT", "UCR_Description": "THEFT OF MV PARTS/ACCS", "NIBRS_Group": "A", "NIBRS_Offense_Group": "CRIMES AGAINST PROPERTY", "Part_One_or_Part_Two": 1, "Ward": "922", "Precinct": "RIDGEWAY", "Source_ObjectID": "492874", "ObjectId": 1657149}}, {"type": "Feature", "id": 1657150, "geometry": {"type": "Point", "coordinates": [0, 0]}, "properties": {"Crime_ID": "2001007627ME", "Offense_Datetime": 1579231200000, "Reported_Datetime": 1579233000000, "Agency_Crime_ID": "AGGRAVATED ASSAULT", "UCR_Incident_Code": "13A", "Block": 9100, "Street_Name": "SHADY MORNING LN", "Street_Address": "9100 SHADY MORNING LN", "City": "CORDOVA", "State": "TN", "ZIP_Code": "38018", "Full_Address": "9100 SHADY MORNING LN CORDOVA TN 38018", "Latitude": 0, "Longitude": 0, "UCR_Category": "AGGRAVATED ASSAULT", "UCR_Description": "AGGRAVATED ASSAULT", "NIBRS_Group": "A", "NIBRS_Offense_Group": "CRIMES AGAINST PERSONS", "Part_One_or_Part_Two": 1, "Ward": "826", "Precinct": "APPLING FARMS", "Source_ObjectID": "48155", "ObjectId": 1657150}}, {"type": "Feature", "id": 1657151, "geometry": {"type": "Point", "coordinates": [-90.021, 35.057]}, "properties": {"Crime_ID": "2509030370ME", "Offense_Datetime": 1759031400000, "Reported_Datetime": 1759043100000, "Agency_Crime_ID": "SIMPLE ASSAULT/DV", "UCR_Incident_Code": "13B", "Block": 1200, "Street_Name": "TURKEY RUN LN", "Street_Address": "1200 TURKEY RUN LN", "City": "MEMPHIS", "State": "TN", "ZIP_Code": "38116", "Full_Address": "1200 TURKEY RUN LN MEMPHIS TN 38116", "Latitude": 35.057, "Longitude": -90.021, "UCR_Category": "ASSAULT", "UCR_Description": "SIMPLE ASSAULT", "NIBRS_Group": "A", "NIBRS_Offense_Group": "CRIMES AGAINST PERSONS", "Part_One_or_Part_Two": 2, "Ward": "224", "Precinct": "RAINES", "Source_ObjectID": "657857", "ObjectId": 1657151}}, {"type": "Feature", "id": 1657152, "geometry": {"type": "Point", "coordinates": [-89.808, 35.052]}, "properties": {"Crime_ID": "2304005810ME", "Offense_Datetime": 1681308900000, "Reported_Datetime": 1681312140000, "Agency_Crime_ID": "SHOPLIFTING/MISDEMEANOR", "UCR_Incident_Code": "23C", "Block": 7600, "Street_Name": "POLO GROUNDS BLVD", "Street_Address": "7600 POLO GROUNDS BLVD", "City": "MEMPHIS", "State": "TN", "ZIP_Code": "38125", "Full_Address": "7600 POLO GROUNDS BLVD MEMPHIS TN 38125", "Latitude": 35.052, "Longitude": -89.808, "UCR_Category": "LARCENY/THEFT", "UCR_Description": "SHOPLIFTING", "NIBRS_Group": "A", "NIBRS_Offense_Group": "CRIMES AGAINST PROPERTY", "Part_One_or_Part_Two": 1, "Ward": "926", "Precinct": "RIDGEWAY", "Source_ObjectID": "385429", "ObjectId": 1657152}}, {"type": "Feature", "id": 1657153, "geometry": {"type": "Point", "coordinates": [-89.976, 35.138]}, "properties": {"Crime_ID": "2306008713ME", "Offense_Datetime": 1687966200000, "Reported_Datetime": 1687971780000, "Agency_Crime_ID": "VANDALISM/MISDEMEANOR", "UCR_Incident_Code": "290", "Block": 2500, "Street_Name": "POPLAR AVE", "Street_Address": "2500 POPLAR AVE", "City": "MEMPHIS", "State": "TN", "ZIP_Code": "38112", "Full_Address": "2500 POPLAR AVE MEMPHIS TN 38112", "Latitude": 35.138, "Longitude": -89.976, "UCR_Category": "DEST/DAM/VAND OF PROPERTY", "UCR_Description": "DEST/DAM/VAND OF PROPERTY", "NIBRS_Group": "A", "NIBRS_Offense_Group": "CRIMES AGAINST PROPERTY", "Part_One_or_Part_Two": 2, "Ward": "523", "Precinct": "TILLMAN", "Source_ObjectID": "408423", "ObjectId": 1657153}}, {"type": "Feature", "id": 1657154, "geometry": {"type": "Point", "coordinates": [-89.965, 35.145]}, "properties": {"Crime_ID": "2010005806ME", "Offense_Datetime": 1602715380000, "Reported_Datetime": 1602715380000, "Agency_Crime_ID": "SIMPLE ASSAULT", "UCR_Incident_Code": "13B", "Block": 400, "Street_Name": "CARPENTER ST", "Street_Address": "400 CARPENTER ST", "City": "MEMPHIS", "State": "TN", "ZIP_Code": "38112", "Full_Address": "400 CARPENTER ST MEMPHIS TN 38112", "Latitude": 35.145, "Longitude": -89.965, "UCR_Category": "ASSAULT", "UCR_Description": "SIMPLE ASSAULT", "NIBRS_Group": "A", "NIBRS_Offense_Group": "CRIMES AGAINST PERSONS", "Part_One_or_Part_Two": 2, "Ward": "523", "Precinct": "TILLMAN", "Source_ObjectID": "120093", "ObjectId": 1657154}}, {"type": "Feature", "id": 1657155, "geometry": {"type": "Point", "coordinates": [-89.866, 35.016]}, "properties": {"Crime_ID": "2203009470ME", "Offense_Datetime": 1648008000000, "Reported_Datetime": 1648044120000, "Agency_Crime_ID": "THEFT FROM SEMI-TRAILER", "UCR_Incident_Code": "23F", "Block": 4800, "Street_Name": "HICKORY HILL RD", "Street_Address": "4800 HICKORY HILL RD", "City": "MEMPHIS", "State": "TN", "ZIP_Code": "38118", "Full_Address": "4800 HICKORY HILL RD MEMPHIS TN 38118", "Latitude": 35.016, "Longitude": -89.866, "UCR_Category": "LARCENY/THEFT", "UCR_Description": "THEFT FROM A MOTOR VEHICLE", "NIBRS_Group": "A", "NIBRS_Offense_Group": "CRIMES AGAINST PROPERTY", "Part_One_or_Part_Two": 1, "Ward": "922", "Precinct": "RIDGEWAY", "Source_ObjectID": "260135", "ObjectId": 1657155}}, {"type": "Feature", "id": 1657156, "geometry": {"type": "Point", "coordinates": [-89.956, 35.152]}, "properties": {"Crime_ID": "2011005916ME", "Offense_Datetime": 1605321000000, "Reported_Datetime": 1605323160000, "Agency_Crime_ID": "WEAPON LAW VIOLATIONS/FELONY", "UCR_Incident_Code": "520", "Block": 0, "Street_Name": "POPE ST//MANHATTAN AVE", "Street_Address": " POPE ST//MANHATTAN AVE", "City": "MEMPHIS", "State": "TN", "ZIP_Code": "38112", "Full_Address": " POPE ST//MANHATTAN AVE MEMPHIS TN 38112", "Latitude": 35.152, "Longitude": -89.956, "UCR_Category": "WEAPON LAW VIOLATION", "UCR_Description": "WEAPON LAW VIOL", "NIBRS_Group": "A", "NIBRS_Offense_Group": "CRIMES AGAINST SOCIETY", "Part_One_or_Part_Two": 2, "Ward": "524", "Precinct": "TILLMAN", "Source_ObjectID": "128440", "ObjectId": 1657156}}, {"type": "Feature", "id": 1657157, "geometry": {"type": "Point", "coordinates": [-89.991, 35.01]}, "properties": {"Crime_ID": "2108005005ME", "Offense_Datetime": 1628738700000, "Reported_Datetime": 1628739720000, "Agency_Crime_ID": "SIMPLE ASSAULT/DV", "UCR_Incident_Code": "13B", "Block": 5000, "Street_Name": "SCENIC PINES CT", "Street_Address": "5000 SCENIC PINES CT", "City": "MEMPHIS", "State": "TN", "ZIP_Code": "38116", "Full_Address": "5000 SCENIC PINES CT MEMPHIS TN 38116", "Latitude": 35.01, "Longitude": -89.991, "UCR_Category": "ASSAULT", "UCR_Description": "SIMPLE ASSAULT", "NIBRS_Group": "A", "NIBRS_Offense_Group": "CRIMES AGAINST PERSONS", "Part_One_or_Part_Two": 2, "Ward": "226", "Precinct": "RAINES", "Source_ObjectID": "199276", "ObjectId": 1657157}}, {"type": "Feature", "id": 1657158, "geometry": {"type": "Point", "coordinates": [-89.892, 35.059]}, "properties": {"Crime_ID": "2410023423ME", "Offense_Datetime": 1728466200000, "Reported_Datetime": 1728467520000, "Agency_Crime_ID": "MVT/PASSENGER VEHICLE", "UCR_Incident_Code": "240", "Block": 5100, "Street_Name": "SCOTTSDALE AVE", "Street_Address": "5100 SCOTTSDALE AVE", "City": "MEMPHIS", "State": "TN", "ZIP_Code": "38118", "Full_Address": "5100 SCOTTSDALE AVE MEMPHIS TN 38118", "Latitude": 35.059, "Longitude": -89.892, "UCR_Category": "MOTOR VEHICLE THEFT", "UCR_Description": "MOTOR VEHICLE THEFT", "NIBRS_Group": "A", "NIBRS_Offense_Group": "CRIMES AGAINST PROPERTY", "Part_One_or_Part_Two": 1, "Ward": "325", "Precinct": "MT MORIAH", "Source_ObjectID": "563147", "ObjectId": 1657158}}, {"type": "Feature", "id": 1657159, "geometry": {"type": "Point", "coordinates": [-89.998, 35.004]}, "properties": {"Crime_ID": "2312020505ME", "Offense_Datetime": 1701496200000, "Reported_Datetime": 1701525960000, "Agency_Crime_ID": "THEFT & RECOVERY/PASSENGER VEHICLE", "UCR_Incident_Code": "240", "Block": 1900, "Street_Name": "ARGOSY DR", "Street_Address": "1900 ARGOSY DR", "City": "MEMPHIS", "State": "TN", "ZIP_Code": "38116", "Full_Address": "1900 ARGOSY DR MEMPHIS TN 38116", "Latitude": 35.004, "Longitude": -89.998, "UCR_Category": "MOTOR VEHICLE THEFT", "UCR_Description": "MOTOR VEHICLE THEFT", "NIBRS_Group": "A", "NIBRS_Offense_Group": "CRIMES AGAINST PROPERTY", "Part_One_or_Part_Two": 1, "Ward": "226", "Precinct": "RAINES", "Source_ObjectID": "467089", "ObjectId": 1657159}}, {"type": "Feature", "id": 1657160, "geometry": {"type": "Point", "coordinates": [-90.007, 35.14]}, "properties": {"Crime_ID": "2310022613ME", "Offense_Datetime": 1696624560000, "Reported_Datetime": 1696628940000, "Agency_Crime_ID": "SHOPLIFTING/MISDEMEANOR", "UCR_Incident_Code": "23C", "Block": 1600, "Street_Name": "POPLAR AVE", "Street_Address": "1600 POPLAR AVE", "City": "MEMPHIS", "State": "TN", "ZIP_Code": "38104", "Full_Address": "1600 POPLAR AVE MEMPHIS TN 38104", "Latitude": 35.14, "Longitude": -90.007, "UCR_Category": "LARCENY/THEFT", "UCR_Description": "SHOPLIFTING", "NIBRS_Group": "A", "NIBRS_Offense_Group": "CRIMES AGAINST PROPERTY", "Part_One_or_Part_Two": 1, "Ward": "423", "Precinct": "CRUMP", "Source_ObjectID": "448936", "ObjectId": 1657160}}, {"type": "Feature", "id": 1657161, "geometry": {"type": "Point", "coordinates": [-90.007, 35.053]}, "properties": {"Crime_ID": "2103005110ME", "Offense_Datetime": 1615592700000, "Reported_Datetime": 1615594200000, "Agency_Crime_ID": "DRUG EQUIPMENT VIOLATION", "UCR_Incident_Code": "35B", "Block": 1700, "Street_Name": "WINCHESTER RD", "Street_Address": "1700 WINCHESTER RD", "City": "MEMPHIS", "State": "TN", "ZIP_Code": "38116", "Full_Address": "1700 WINCHESTER RD MEMPHIS TN 38116", "Latitude": 35.053, "Longitude": -90.007, "UCR_Category": "DRUG/NARCOTIC", "UCR_Description": "DRUG/NARCOTIC EQUIQ VIOL", "NIBRS_Group": "A", "NIBRS_Offense_Group": "CRIMES AGAINST SOCIETY", "Part_One_or_Part_Two": 2, "Ward": "OCU", "Precinct": "OCU", "Source_ObjectID": "158291", "ObjectId": 1657161}}, {"type": "Feature", "id": 1657162, "geometry": {"type": "Point", "coordinates": [-89.834, 35.07]}, "properties": {"Crime_ID": "2305031562ME", "Offense_Datetime": 1685044800000, "Reported_Datetime": 1685116260000, "Agency_Crime_ID": "MVT/PASSENGER VEHICLE", "UCR_Incident_Code": "240", "Block": 2800, "Street_Name": "SWAN LAKE DR", "Street_Address": "2800 SWAN LAKE DR", "City": "MEMPHIS", "State": "TN", "ZIP_Code": "38115", "Full_Address": "2800 SWAN LAKE DR MEMPHIS TN 38115", "Latitude": 35.07, "Longitude": -89.834, "UCR_Category": "MOTOR VEHICLE THEFT", "UCR_Description": "MOTOR VEHICLE THEFT", "NIBRS_Group": "A", "NIBRS_Offense_Group": "CRIMES AGAINST PROPERTY", "Part_One_or_Part_Two": 1, "Ward": "926", "Precinct": "RIDGEWAY", "Source_ObjectID": "401499", "ObjectId": 1657162}}, {"type": "Feature", "id": 1657163, "geometry": {"type": "Point", "coordinates": [-90.087, 35.019]}, "properties": {"Crime_ID": "2401022973ME", "Offense_Datetime": 1704764400000, "Reported_Datetime": 1704767280000, "Agency_Crime_ID": "BURGLARY/RESIDENTIAL", "UCR_Incident_Code": "220", "Block": 4700, "Street_Name": "MANSON RD", "Street_Address": "4700 MANSON RD", "City": "MEMPHIS", "State": "TN", "ZIP_Code": "38109", "Full_Address": "4700 MANSON RD MEMPHIS TN 38109", "Latitude": 35.019, "Longitude": -90.087, "UCR_Category": "BURG/BREAK & ENTER", "UCR_Description": "BURG/BREAK & ENTER", "NIBRS_Group": "A", "NIBRS_Offense_Group": "CRIMES AGAINST PROPERTY", "Part_One_or_Part_Two": 1, "Ward": "221", "Precinct": "RAINES", "Source_ObjectID": "478956", "ObjectId": 1657163}}, {"type": "Feature", "id": 1657164, "geometry": {"type": "Point", "coordinates": [-89.933, 35.106]}, "properties": {"Crime_ID": "2310024042ME", "Offense_Datetime": 1696917600000, "Reported_Datetime": 1696939560000, "Agency_Crime_ID": "MVT/PASSENGER VEHICLE", "UCR_Incident_Code": "240", "Block": 900, "Street_Name": "GETWELL RD", "Street_Address": "900 GETWELL RD", "City": "MEMPHIS", "State": "TN", "ZIP_Code": "38111", "Full_Address": "900 GETWELL RD MEMPHIS TN 38111", "Latitude": 35.106, "Longitude": -89.933, "UCR_Category": "MOTOR VEHICLE THEFT", "UCR_Description": "MOTOR VEHICLE THEFT", "NIBRS_Group": "A", "NIBRS_Offense_Group": "CRIMES AGAINST PROPERTY", "Part_One_or_Part_Two": 1, "Ward": "322", "Precinct": "MT MORIAH", "Source_ObjectID": "450034", "ObjectId": 1657164}}, {"type": "Feature", "id": 1657165, "geometry": {"type": "Point", "coordinates": [-89.996, 35.013]}, "properties": {"Crime_ID": "2505027323ME", "Offense_Datetime": 1746118800000, "Reported_Datetime": 1747686720000, "Agency_Crime_ID": "IDENTITY THEFT", "UCR_Incident_Code": "26F", "Block": 4900, "Street_Name": "BOEINGSHIRE RD", "Street_Address": "4900 BOEINGSHIRE RD", "City": "MEMPHIS", "State": "TN", "ZIP_Code": "38116", "Full_Address": "4900 BOEINGSHIRE RD MEMPHIS TN 38116", "Latitude": 35.013, "Longitude": -89.996, "UCR_Category": "FRAUD", "UCR_Description": "IDENTITY THEFT", "NIBRS_Group": "A", "NIBRS_Offense_Group": "CRIMES AGAINST PROPERTY", "Part_One_or_Part_Two": 2, "Ward": "226", "Precinct": "RAINES", "Source_ObjectID": "623248", "ObjectId": 1657165}}, {"type": "Feature", "id": 1657166, "geometry": {"type": "Point", "coordinates": [-90.042, 35.12]}, "properties": {"Crime_ID": "2112011515ME", "Offense_Datetime": 1640834160000, "Reported_Datetime": 1640834400000, "Agency_Crime_ID": "DRUGS/NARCOTICS VIOLATION/FELONY", "UCR_Incident_Code": "35A", "Block": 0, "Street_Name": "WALKER AVE//S ORLEANS ST", "Street_Address": " WALKER AVE//S ORLEANS ST", "City": "MEMPHIS", "State": "TN", "ZIP_Code": "38126", "Full_Address": " WALKER AVE//S ORLEANS ST MEMPHIS TN 38126", "Latitude": 35.12, "Longitude": -90.042, "UCR_Category": "DRUG/NARCOTIC", "UCR_Description": "DRUG/NARCOTIC VIOLS", "NIBRS_Group": "A", "NIBRS_Offense_Group": "CRIMES AGAINST SOCIETY", "Part_One_or_Part_Two": 2, "Ward": "OCU", "Precinct": "OCU", "Source_ObjectID": "237950", "ObjectId": 1657166}}, {"type": "Feature", "id": 1657167, "geometry": {"type": "Point", "coordinates": [-89.91, 35.091]}, "properties": {"Crime_ID": "2202002503ME", "Offense_Datetime": 1644189900000, "Reported_Datetime": 1644273960000, "Agency_Crime_ID": "SHOPLIFTING/MISDEMEANOR", "UCR_Incident_Code": "23C", "Block": 4500, "Street_Name": "QUINCE RD", "Street_Address": "4500 QUINCE RD", "City": "MEMPHIS", "State": "TN", "ZIP_Code": "38117", "Full_Address": "4500 QUINCE RD MEMPHIS TN 38117", "Latitude": 35.091, "Longitude": -89.91, "UCR_Category": "LARCENY/THEFT", "UCR_Description": "SHOPLIFTING", "NIBRS_Group": "A", "NIBRS_Offense_Group": "CRIMES AGAINST PROPERTY", "Part_One_or_Part_Two": 1, "Ward": "323", "Precinct": "MT MORIAH", "Source_ObjectID": "248845", "ObjectId": 1657167}}, {"type": "Feature", "id": 1657168, "geometry": {"type": "Point", "coordinates": [-89.964, 35.152]}, "properties": {"Crime_ID": "2212007608ME", "Offense_Datetime": 1671210000000, "Reported_Datetime": 1671221700000, "Agency_Crime_ID": "INTIMIDATION", "UCR_Incident_Code": "13C", "Block": 700, "Street_Name": "CARPENTER ST", "Street_Address": "700 CARPENTER ST", "City": "MEMPHIS", "State": "TN", "ZIP_Code": "38111", "Full_Address": "700 CARPENTER ST MEMPHIS TN 38111", "Latitude": 35.152, "Longitude": -89.964, "UCR_Category": "ASSAULT", "UCR_Description": "INTIMIDATION", "NIBRS_Group": "A", "NIBRS_Offense_Group": "CRIMES AGAINST PERSONS", "Part_One_or_Part_Two": 2, "Ward": "524", "Precinct": "TILLMAN", "Source_ObjectID": "347010", "ObjectId": 1657168}}, {"type": "Feature", "id": 1657170, "geometry": {"type": "Point", "coordinates": [-90.086, 35.014]}, "properties": {"Crime_ID": "2308014520ME", "Offense_Datetime": 1693071900000, "Reported_Datetime": 1693074900000, "Agency_Crime_ID": "INTIMIDATION", "UCR_Incident_Code": "13C", "Block": 600, "Street_Name": "HONDURAS DR", "Street_Address": "600 HONDURAS DR", "City": "MEMPHIS", "State": "TN", "ZIP_Code": "38109", "Full_Address": "600 HONDURAS DR MEMPHIS TN 38109", "Latitude": 35.014, "Longitude": -90.086, "UCR_Category": "ASSAULT", "UCR_Description": "INTIMIDATION", "NIBRS_Group": "A", "NIBRS_Offense_Group": "CRIMES AGAINST PERSONS", "Part_One_or_Part_Two": 2, "Ward": "221", "Precinct": "RAINES", "Source_ObjectID": "434534", "ObjectId": 1657170}}, {"type": "Feature", "id": 1657171, "geometry": {"type": "Point", "coordinates": [-90.045, 35.161]}, "properties": {"Crime_ID": "2406025598ME", "Offense_Datetime": 1718314200000, "Reported_Datetime": 1718314200000, "Agency_Crime_ID": "CREDIT CARD/ATM FRAUD", "UCR_Incident_Code": "26B", "Block": 600, "Street_Name": "N 2ND ST", "Street_Address": "600 N 2ND ST", "City": "MEMPHIS", "State": "TN", "ZIP_Code": "38107", "Full_Address": "600 N 2ND ST MEMPHIS TN 38107", "Latitude": 35.161, "Longitude": -90.045, "UCR_Category": "FRAUD", "UCR_Description": "CREDIT CARD/ATM FRAUD", "NIBRS_Group": "A", "NIBRS_Offense_Group": "CRIMES AGAINST PROPERTY", "Part_One_or_Part_Two": 2, "Ward": "623", "Precinct": "NORTH MAIN", "Source_ObjectID": "526269", "ObjectId": 1657171}}, {"type": "Feature", "id": 1657172, "geometry": {"type": "Point", "coordinates": [-90.002, 35.226]}, "properties": {"Crime_ID": "2311027001ME", "Offense_Datetime": 1700206800000, "Reported_Datetime": 1700208600000, "Agency_Crime_ID": "BURGLARY/BUSINESS", "UCR_Incident_Code": "220", "Block": 3600, "Street_Name": "WATKINS ST", "Street_Address": "3600 WATKINS ST", "City": "MEMPHIS", "State": "TN", "ZIP_Code": "38127", "Full_Address": "3600 WATKINS ST MEMPHIS TN 38127", "Latitude": 35.226, "Longitude": -90.002, "UCR_Category": "BURG/BREAK & ENTER", "UCR_Description": "BURG/BREAK & ENTER", "NIBRS_Group": "A", "NIBRS_Offense_Group": "CRIMES AGAINST PROPERTY", "Part_One_or_Part_Two": 1, "Ward": "121", "Precinct": "AUSTIN PEAY", "Source_ObjectID": "462548", "ObjectId": 1657172}}, {"type": "Feature", "id": 1657173, "geometry": {"type": "Point", "coordinates": [-89.865, 35.017]}, "properties": {"Crime_ID": "2212009363ME", "Offense_Datetime": 1671514200000, "Reported_Datetime": 1671520140000, "Agency_Crime_ID": "THEFT FROM MOTOR VEHICLE", "UCR_Incident_Code": "23F", "Block": 4800, "Street_Name": "HICKORY HILL RD", "Street_Address": "4800 HICKORY HILL RD", "City": "MEMPHIS", "State": "TN", "ZIP_Code": "38118", "Full_Address": "4800 HICKORY HILL RD MEMPHIS TN 38118", "Latitude": 35.017, "Longitude": -89.865, "UCR_Category": "LARCENY/THEFT", "UCR_Description": "THEFT FROM A MOTOR VEHICLE", "NIBRS_Group": "A", "NIBRS_Offense_Group": "CRIMES AGAINST PROPERTY", "Part_One_or_Part_Two": 1, "Ward": "922", "Precinct": "RIDGEWAY", "Source_ObjectID": "348292", "ObjectId": 1657173}}, {"type": "Feature", "id": 1657174, "geometry": {"type": "Point", "coordinates": [-90.061, 35.133]}, "properties": {"Crime_ID": "2303000938ME", "Offense_Datetime": 1677812400000, "Reported_Datetime": 1677814560000, "Agency_Crime_ID": "THEFT FROM MOTOR VEHICLE", "UCR_Incident_Code": "23F", "Block": 500, "Street_Name": "FRONT ST", "Street_Address": "500 FRONT ST", "City": "MEMPHIS", "State": "TN", "ZIP_Code": "38103", "Full_Address": "500 FRONT ST MEMPHIS TN 38103", "Latitude": 35.133, "Longitude": -90.061, "UCR_Category": "LARCENY/THEFT", "UCR_Description": "THEFT FROM A MOTOR VEHICLE", "NIBRS_Group": "A", "NIBRS_Offense_Group": "CRIMES AGAINST PROPERTY", "Part_One_or_Part_Two": 1, "Ward": "621", "Precinct": "NORTH MAIN", "Source_ObjectID": "372169", "ObjectId": 1657174}}, {"type": "Feature", "id": 1657175, "geometry": {"type": "Point", "coordinates": [-90.036, 35.089]}, "properties": {"Crime_ID": "2107001521ME", "Offense_Datetime": 1625448000000, "Reported_Datetime": 1625452920000, "Agency_Crime_ID": "AGGRAVATED ASSAULT", "UCR_Incident_Code": "13A", "Block": 800, "Street_Name": "E MC KELLAR ST", "Street_Address": "800 E MC KELLAR ST", "City": "MEMPHIS", "State": "TN", "ZIP_Code": "38106", "Full_Address": "800 E MC KELLAR ST MEMPHIS TN 38106", "Latitude": 35.089, "Longitude": -90.036, "UCR_Category": "AGGRAVATED ASSAULT", "UCR_Description": "AGGRAVATED ASSAULT", "NIBRS_Group": "A", "NIBRS_Offense_Group": "CRIMES AGAINST PERSONS", "Part_One_or_Part_Two": 1, "Ward": "722", "Precinct": "AIRWAYS", "Source_ObjectID": "188427", "ObjectId": 1657175}}, {"type": "Feature", "id": 1657176, "geometry": {"type": "Point", "coordinates": [-90.052, 35.139]}, "properties": {"Crime_ID": "2506031253ME", "Offense_Datetime": 1751248200000, "Reported_Datetime": 1751249880000, "Agency_Crime_ID": "DRUGS/NARCOTICS VIOLATION/FELONY", "UCR_Incident_Code": "35A", "Block": 0, "Street_Name": "S B B KING BLVD//LT GEORGE W LEE AVE", "Street_Address": " S B B KING BLVD//LT GEORGE W LEE AVE", "City": "MEMPHIS", "State": "TN", "ZIP_Code": "38103", "Full_Address": " S B B KING BLVD//LT GEORGE W LEE AVE MEMPHIS TN 38103", "Latitude": 35.139, "Longitude": -90.052, "UCR_Category": "DRUG/NARCOTIC", "UCR_Description": "DRUG/NARCOTIC VIOLS", "NIBRS_Group": "A", "NIBRS_Offense_Group": "CRIMES AGAINST SOCIETY", "Part_One_or_Part_Two": 2, "Ward": "622", "Precinct": "NORTH MAIN", "Source_ObjectID": "634385", "ObjectId": 1657176}}, {"type": "Feature", "id": 1657177, "geometry": {"type": "Point", "coordinates": [-90.002, 35.225]}, "properties": {"Crime_ID": "2006011228ME", "Offense_Datetime": 1593379920000, "Reported_Datetime": 1593380580000, "Agency_Crime_ID": "SHOPLIFTING/MISDEMEANOR", "UCR_Incident_Code": "23C", "Block": 3600, "Street_Name": "N WATKINS ST", "Street_Address": "3600 N WATKINS ST", "City": "MEMPHIS", "State": "TN", "ZIP_Code": "38127", "Full_Address": "3600 N WATKINS ST MEMPHIS TN 38127", "Latitude": 35.225, "Longitude": -90.002, "UCR_Category": "LARCENY/THEFT", "UCR_Description": "SHOPLIFTING", "NIBRS_Group": "A", "NIBRS_Offense_Group": "CRIMES AGAINST PROPERTY", "Part_One_or_Part_Two": 1, "Ward": "121", "Precinct": "AUSTIN PEAY", "Source_ObjectID": "90523", "ObjectId": 1657177}}, {"type": "Feature", "id": 1657178, "geometry": {"type": "Point", "coordinates": [-89.908, 35.092]}, "properties": {"Crime_ID": "2302003478ME", "Offense_Datetime": 1675876140000, "Reported_Datetime": 1675878360000, "Agency_Crime_ID": "SHOPLIFTING/MISDEMEANOR", "UCR_Incident_Code": "23C", "Block": 4600, "Street_Name": "QUINCE RD", "Street_Address": "4600 QUINCE RD", "City": "MEMPHIS", "State": "TN", "ZIP_Code": "38117", "Full_Address": "4600 QUINCE RD MEMPHIS TN 38117", "Latitude": 35.092, "Longitude": -89.908, "UCR_Category": "LARCENY/THEFT", "UCR_Description": "SHOPLIFTING", "NIBRS_Group": "A", "NIBRS_Offense_Group": "CRIMES AGAINST PROPERTY", "Part_One_or_Part_Two": 1, "Ward": "323", "Precinct": "MT MORIAH", "Source_ObjectID": "365098", "ObjectId": 1657178}}, {"type": "Feature", "id": 1657179, "geometry": {"type": "Point", "coordinates": [0, 0]}, "properties": {"Crime_ID": "2205000342ME", "Offense_Datetime": 1651464000000, "Reported_Datetime": 1651465920000, "Agency_Crime_ID": "SIMPLE ASSAULT", "UCR_Incident_Code": "13B", "Block": 1900, "Street_Name": "HAMPTON HILL", "Street_Address": "1900 HAMPTON HILL", "City": "MEMPHIS", "State": "TN", "ZIP_Code": "38117", "Full_Address": "1900 HAMPTON HILL MEMPHIS TN 38117", "Latitude": 0, "Longitude": 0, "UCR_Category": "ASSAULT", "UCR_Description": "SIMPLE ASSAULT", "NIBRS_Group": "A", "NIBRS_Offense_Group": "CRIMES AGAINST PERSONS", "Part_One_or_Part_Two": 2, "Ward": "822", "Precinct": "APPLING FARMS", "Source_ObjectID": "271862", "ObjectId": 1657179}}, {"type": "Feature", "id": 1657180, "geometry": {"type": "Point", "coordinates": [-89.796, 35.199]}, "properties": {"Crime_ID": "2008012392ME", "Offense_Datetime": 1598736000000, "Reported_Datetime": 1598739420000, "Agency_Crime_ID": "SHOPLIFTING/MISDEMEANOR", "UCR_Incident_Code": "23C", "Block": 8000, "Street_Name": "GIACOSA PL", "Street_Address": "8000 GIACOSA PL", "City": "MEMPHIS", "State": "TN", "ZIP_Code": "38118", "Full_Address": "8000 GIACOSA PL MEMPHIS TN 38118", "Latitude": 35.199, "Longitude": -89.796, "UCR_Category": "LARCENY/THEFT", "UCR_Description": "SHOPLIFTING", "NIBRS_Group": "A", "NIBRS_Offense_Group": "CRIMES AGAINST PROPERTY", "Part_One_or_Part_Two": 1, "Ward": "825", "Precinct": "APPLING FARMS", "Source_ObjectID": "107370", "ObjectId": 1657180}}, {"type": "Feature", "id": 1657181, "geometry": {"type": "Point", "coordinates": [-90.006, 35.1]}, "properties": {"Crime_ID": "2102008559ME", "Offense_Datetime": 1614291600000, "Reported_Datetime": 1614292020000, "Agency_Crime_ID": "WEAPON LAW VIOLATIONS/FELONY", "UCR_Incident_Code": "520", "Block": 0, "Street_Name": "E PERSON AVE//KYLE ST", "Street_Address": " E PERSON AVE//KYLE ST", "City": "MEMPHIS", "State": "TN", "ZIP_Code": "38114", "Full_Address": " E PERSON AVE//KYLE ST MEMPHIS TN 38114", "Latitude": 35.1, "Longitude": -90.006, "UCR_Category": "WEAPON LAW VIOLATION", "UCR_Description": "WEAPON LAW VIOL", "NIBRS_Group": "A", "NIBRS_Offense_Group": "CRIMES AGAINST SOCIETY", "Part_One_or_Part_Two": 2, "Ward": "723", "Precinct": "AIRWAYS", "Source_ObjectID": "154627", "ObjectId": 1657181}}, {"type": "Feature", "id": 1657182, "geometry": {"type": "Point", "coordinates": [-89.998, 35.158]}, "properties": {"Crime_ID": "2502027383ME", "Offense_Datetime": 1740287520000, "Reported_Datetime": 1740292560000, "Agency_Crime_ID": "THEFT FROM MOTOR VEHICLE", "UCR_Incident_Code": "23F", "Block": 1800, "Street_Name": "MIGNON AVE", "Street_Address": "1800 MIGNON AVE", "City": "MEMPHIS", "State": "TN", "ZIP_Code": "38107", "Full_Address": "1800 MIGNON AVE MEMPHIS TN 38107", "Latitude": 35.158, "Longitude": -89.998, "UCR_Category": "LARCENY/THEFT", "UCR_Description": "THEFT FROM A MOTOR VEHICLE", "NIBRS_Group": "A", "NIBRS_Offense_Group": "CRIMES AGAINST PROPERTY", "Part_One_or_Part_Two": 1, "Ward": "425", "Precinct": "CRUMP", "Source_ObjectID": "600103", "ObjectId": 1657182}}, {"type": "Feature", "id": 1657183, "geometry": {"type": "Point", "coordinates": [-90.006, 35.053]}, "properties": {"Crime_ID": "2008002140ME", "Offense_Datetime": 1596731400000, "Reported_Datetime": 1596732240000, "Agency_Crime_ID": "POCKET-PICKING", "UCR_Incident_Code": "23A", "Block": 1700, "Street_Name": "WINCHESTER RD", "Street_Address": "1700 WINCHESTER RD", "City": "MEMPHIS", "State": "TN", "ZIP_Code": "38116", "Full_Address": "1700 WINCHESTER RD MEMPHIS TN 38116", "Latitude": 35.053, "Longitude": -90.006, "UCR_Category": "LARCENY/THEFT", "UCR_Description": "POCKET-PICKING", "NIBRS_Group": "A", "NIBRS_Offense_Group": "CRIMES AGAINST PROPERTY", "Part_One_or_Part_Two": 1, "Ward": "226", "Precinct": "RAINES", "Source_ObjectID": "100868", "ObjectId": 1657183}}, {"type": "Feature", "id": 1657184, "geometry": {"type": "Point", "coordinates": [-89.967, 35.105]}, "properties": {"Crime_ID": "2310021926ME", "Offense_Datetime": 1696500900000, "Reported_Datetime": 1696502340000, "Agency_Crime_ID": "AGGRAVATED ASSAULT", "UCR_Incident_Code": "13A", "Block": 2800, "Street_Name": "DEADRICK AVE", "Street_Address": "2800 DEADRICK AVE", "City": "MEMPHIS", "State": "TN", "ZIP_Code": "38114", "Full_Address": "2800 DEADRICK AVE MEMPHIS TN 38114", "Latitude": 35.105, "Longitude": -89.967, "UCR_Category": "AGGRAVATED ASSAULT", "UCR_Description": "AGGRAVATED ASSAULT", "NIBRS_Group": "A", "NIBRS_Offense_Group": "CRIMES AGAINST PERSONS", "Part_One_or_Part_Two": 1, "Ward": "726", "Precinct": "AIRWAYS", "Source_ObjectID": "448426", "ObjectId": 1657184}}, {"type": "Feature", "id": 1657185, "geometry": {"type": "Point", "coordinates": [-89.935, 35.234]}, "properties": {"Crime_ID": "2207003643ME", "Offense_Datetime": 1657285200000, "Reported_Datetime": 1657292460000, "Agency_Crime_ID": "SIMPLE ASSAULT/DV", "UCR_Incident_Code": "13B", "Block": 3800, "Street_Name": "KERWOOD AVE", "Street_Address": "3800 KERWOOD AVE", "City": "MEMPHIS", "State": "TN", "ZIP_Code": "38128", "Full_Address": "3800 KERWOOD AVE MEMPHIS TN 38128", "Latitude": 35.234, "Longitude": -89.935, "UCR_Category": "ASSAULT", "UCR_Description": "SIMPLE ASSAULT", "NIBRS_Group": "A", "NIBRS_Offense_Group": "CRIMES AGAINST PERSONS", "Part_One_or_Part_Two": 2, "Ward": "125", "Precinct": "AUSTIN PEAY", "Source_ObjectID": "293750", "ObjectId": 1657185}}, {"type": "Feature", "id": 1657186, "geometry": {"type": "Point", "coordinates": [0, 0]}, "properties": {"Crime_ID": "2408021405ME", "Offense_Datetime": 1722297600000, "Reported_Datetime": 1722799800000, "Agency_Crime_ID": "THEFT FROM MOTOR VEHICLE", "UCR_Incident_Code": "23F", "Block": 3400, "Street_Name": "POPPING JAY DR", "Street_Address": "3400 POPPING JAY DR", "City": "MEMPHIS", "State": "TN", "ZIP_Code": "38116", "Full_Address": "3400 POPPING JAY DR MEMPHIS TN 38116", "Latitude": 0, "Longitude": 0, "UCR_Category": "LARCENY/THEFT", "UCR_Description": "THEFT FROM A MOTOR VEHICLE", "NIBRS_Group": "A", "NIBRS_Offense_Group": "CRIMES AGAINST PROPERTY", "Part_One_or_Part_Two": 1, "Ward": "226", "Precinct": "RAINES", "Source_ObjectID": "543211", "ObjectId": 1657186}}, {"type": "Feature", "id": 1657187, "geometry": {"type": "Point", "coordinates": [-89.95, 35.016]}, "properties": {"Crime_ID": "2412030773ME", "Offense_Datetime": 1735588800000, "Reported_Datetime": 1735612920000, "Agency_Crime_ID": "OTHER THEFT/NON-SPECIFIC", "UCR_Incident_Code": "23H", "Block": 4800, "Street_Name": "SHULMAN CV", "Street_Address": "4800 SHULMAN CV", "City": "MEMPHIS", "State": "TN", "ZIP_Code": "38118", "Full_Address": "4800 SHULMAN CV MEMPHIS TN 38118", "Latitude": 35.016, "Longitude": -89.95, "UCR_Category": "LARCENY/THEFT", "UCR_Description": "ALL OTHER LARCENY", "NIBRS_Group": "A", "NIBRS_Offense_Group": "CRIMES AGAINST PROPERTY", "Part_One_or_Part_Two": 1, "Ward": "921", "Precinct": "RIDGEWAY", "Source_ObjectID": "585990", "ObjectId": 1657187}}, {"type": "Feature", "id": 1657188, "geometry": {"type": "Point", "coordinates": [-89.996, 35.094]}, "properties": {"Crime_ID": "2507026832ME", "Offense_Datetime": 1751208840000, "Reported_Datetime": 1752855120000, "Agency_Crime_ID": "IMPERSONATION", "UCR_Incident_Code": "26C", "Block": 1900, "Street_Name": "KELTNER CIRCLE", "Street_Address": "1900 KELTNER CIRCLE", "City": "MEMPHIS", "State": "TN", "ZIP_Code": "38114", "Full_Address": "1900 KELTNER CIRCLE MEMPHIS TN 38114", "Latitude": 35.094, "Longitude": -89.996, "UCR_Category": "FRAUD", "UCR_Description": "IMPERSONATION", "NIBRS_Group": "A", "NIBRS_Offense_Group": "CRIMES AGAINST PROPERTY", "Part_One_or_Part_Two": 2, "Ward": "724", "Precinct": "AIRWAYS", "Source_ObjectID": "639327", "ObjectId": 1657188}}, {"type": "Feature", "id": 1657189, "geometry": {"type": "Point", "coordinates": [-89.968, 35.232]}, "properties": {"Crime_ID": "2411030539ME", "Offense_Datetime": 1732914000000, "Reported_Datetime": 1732918440000, "Agency_Crime_ID": "MVT/PASSENGER VEHICLE", "UCR_Incident_Code": "240", "Block": 3900, "Street_Name": "FERDIE CV", "Street_Address": "3900 FERDIE CV", "City": "MEMPHIS", "State": "TN", "ZIP_Code": "38127", "Full_Address": "3900 FERDIE CV MEMPHIS TN 38127", "Latitude": 35.232, "Longitude": -89.968, "UCR_Category": "MOTOR VEHICLE THEFT", "UCR_Description": "MOTOR VEHICLE THEFT", "NIBRS_Group": "A", "NIBRS_Offense_Group": "CRIMES AGAINST PROPERTY", "Part_One_or_Part_Two": 1, "Ward": "123", "Precinct": "AUSTIN PEAY", "Source_ObjectID": "577650", "ObjectId": 1657189}}, {"type": "Feature", "id": 1657190, "geometry": {"type": "Point", "coordinates": [-89.98, 35.159]}, "properties": {"Crime_ID": "2405027876ME", "Offense_Datetime": 1716066000000, "Reported_Datetime": 1716121320000, "Agency_Crime_ID": "MVT/PASSENGER VEHICLE", "UCR_Incident_Code": "240", "Block": 800, "Street_Name": "BIGGS ST", "Street_Address": "800 BIGGS ST", "City": "MEMPHIS", "State": "TN", "ZIP_Code": "38126", "Full_Address": "800 BIGGS ST MEMPHIS TN 38126", "Latitude": 35.159, "Longitude": -89.98, "UCR_Category": "MOTOR VEHICLE THEFT", "UCR_Description": "MOTOR VEHICLE THEFT", "NIBRS_Group": "A", "NIBRS_Offense_Group": "CRIMES AGAINST PROPERTY", "Part_One_or_Part_Two": 1, "Ward": "426", "Precinct": "CRUMP", "Source_ObjectID": "517528", "ObjectId": 1657190}}, {"type": "Feature", "id": 1657191, "geometry": {"type": "Point", "coordinates": [-90.045, 35.015]}, "properties": {"Crime_ID": "2603028453ME", "Offense_Datetime": 1774128600000, "Reported_Datetime": 1774483920000, "Agency_Crime_ID": "WEAPON LAW VIOLATIONS/FELONY", "UCR_Incident_Code": "520", "Block": 0, "Street_Name": "SHAYNE LN//LORAINE RD", "Street_Address": " SHAYNE LN//LORAINE RD", "City": "MEMPHIS", "State": "TN", "ZIP_Code": "38109", "Full_Address": " SHAYNE LN//LORAINE RD MEMPHIS TN 38109", "Latitude": 35.015, "Longitude": -90.045, "UCR_Category": "WEAPON LAW VIOLATION", "UCR_Description": "WEAPON LAW VIOL", "NIBRS_Group": "A", "NIBRS_Offense_Group": "CRIMES AGAINST SOCIETY", "Part_One_or_Part_Two": 2, "Ward": "223", "Precinct": "RAINES", "Source_ObjectID": "693287", "ObjectId": 1657191}}, {"type": "Feature", "id": 1657192, "geometry": {"type": "Point", "coordinates": [-89.986, 35.105]}, "properties": {"Crime_ID": "2106008031ME", "Offense_Datetime": 1624147920000, "Reported_Datetime": 1624151520000, "Agency_Crime_ID": "SHOPLIFTING/MISDEMEANOR", "UCR_Incident_Code": "23C", "Block": 1400, "Street_Name": "AIRWAYS BLVD", "Street_Address": "1400 AIRWAYS BLVD", "City": "MEMPHIS", "State": "TN", "ZIP_Code": "38114", "Full_Address": "1400 AIRWAYS BLVD MEMPHIS TN 38114", "Latitude": 35.105, "Longitude": -89.986, "UCR_Category": "LARCENY/THEFT", "UCR_Description": "SHOPLIFTING", "NIBRS_Group": "A", "NIBRS_Offense_Group": "CRIMES AGAINST PROPERTY", "Part_One_or_Part_Two": 1, "Ward": "723", "Precinct": "AIRWAYS", "Source_ObjectID": "184226", "ObjectId": 1657192}}, {"type": "Feature", "id": 1657193, "geometry": {"type": "Point", "coordinates": [-89.979, 35.169]}, "properties": {"Crime_ID": "2412020886ME", "Offense_Datetime": 1733249700000, "Reported_Datetime": 1733251980000, "Agency_Crime_ID": "ANIMAL CRUELTY", "UCR_Incident_Code": "720", "Block": 2300, "Street_Name": "SHASTA AVE", "Street_Address": "2300 SHASTA AVE", "City": "MEMPHIS", "State": "TN", "ZIP_Code": "38108", "Full_Address": "2300 SHASTA AVE MEMPHIS TN 38108", "Latitude": 35.169, "Longitude": -89.979, "UCR_Category": "ANIMAL CRUELTY", "UCR_Description": "ANIMAL CRUELTY", "NIBRS_Group": "A", "NIBRS_Offense_Group": "CRIMES AGAINST SOCIETY", "Part_One_or_Part_Two": 2, "Ward": "426", "Precinct": "CRUMP", "Source_ObjectID": "578695", "ObjectId": 1657193}}, {"type": "Feature", "id": 1657194, "geometry": {"type": "Point", "coordinates": [-90.01, 35.143]}, "properties": {"Crime_ID": "2101006856ME", "Offense_Datetime": 1610973000000, "Reported_Datetime": 1610976840000, "Agency_Crime_ID": "MVT/PASSENGER VEHICLE", "UCR_Incident_Code": "240", "Block": 1500, "Street_Name": "POPLAR AVE", "Street_Address": "1500 POPLAR AVE", "City": "MEMPHIS", "State": "TN", "ZIP_Code": "38104", "Full_Address": "1500 POPLAR AVE MEMPHIS TN 38104", "Latitude": 35.143, "Longitude": -90.01, "UCR_Category": "MOTOR VEHICLE THEFT", "UCR_Description": "MOTOR VEHICLE THEFT", "NIBRS_Group": "A", "NIBRS_Offense_Group": "CRIMES AGAINST PROPERTY", "Part_One_or_Part_Two": 1, "Ward": "423", "Precinct": "CRUMP", "Source_ObjectID": "145935", "ObjectId": 1657194}}, {"type": "Feature", "id": 1657195, "geometry": {"type": "Point", "coordinates": [-90.007, 35.034]}, "properties": {"Crime_ID": "2010006179ME", "Offense_Datetime": 1602690240000, "Reported_Datetime": 1602691260000, "Agency_Crime_ID": "AGGRAVATED ASSAULT", "UCR_Incident_Code": "13A", "Block": 1600, "Street_Name": "PIPING ROCK DR", "Street_Address": "1600 PIPING ROCK DR", "City": "MEMPHIS", "State": "TN", "ZIP_Code": "38116", "Full_Address": "1600 PIPING ROCK DR MEMPHIS TN 38116", "Latitude": 35.034, "Longitude": -90.007, "UCR_Category": "AGGRAVATED ASSAULT", "UCR_Description": "AGGRAVATED ASSAULT", "NIBRS_Group": "A", "NIBRS_Offense_Group": "CRIMES AGAINST PERSONS", "Part_One_or_Part_Two": 1, "Ward": "226", "Precinct": "RAINES", "Source_ObjectID": "120335", "ObjectId": 1657195}}, {"type": "Feature", "id": 1657196, "geometry": {"type": "Point", "coordinates": [-89.905, 35.063]}, "properties": {"Crime_ID": "2203005916ME", "Offense_Datetime": 1647364800000, "Reported_Datetime": 1647365280000, "Agency_Crime_ID": "DRUGS/NARCOTICS VIOLATION/FELONY", "UCR_Incident_Code": "35A", "Block": 3100, "Street_Name": "PERKINS RD", "Street_Address": "3100 PERKINS RD", "City": "MEMPHIS", "State": "TN", "ZIP_Code": "38111", "Full_Address": "3100 PERKINS RD MEMPHIS TN 38111", "Latitude": 35.063, "Longitude": -89.905, "UCR_Category": "DRUG/NARCOTIC", "UCR_Description": "DRUG/NARCOTIC VIOLS", "NIBRS_Group": "A", "NIBRS_Offense_Group": "CRIMES AGAINST SOCIETY", "Part_One_or_Part_Two": 2, "Ward": "324", "Precinct": "MT MORIAH", "Source_ObjectID": "257955", "ObjectId": 1657196}}, {"type": "Feature", "id": 1657197, "geometry": {"type": "Point", "coordinates": [-90.04, 35.112]}, "properties": {"Crime_ID": "2001005392ME", "Offense_Datetime": 1578878400000, "Reported_Datetime": 1578879600000, "Agency_Crime_ID": "SIMPLE ASSAULT", "UCR_Incident_Code": "13B", "Block": 600, "Street_Name": "E TRIGG AVE", "Street_Address": "600 E TRIGG AVE", "City": "MEMPHIS", "State": "TN", "ZIP_Code": "38106", "Full_Address": "600 E TRIGG AVE MEMPHIS TN 38106", "Latitude": 35.112, "Longitude": -90.04, "UCR_Category": "ASSAULT", "UCR_Description": "SIMPLE ASSAULT", "NIBRS_Group": "A", "NIBRS_Offense_Group": "CRIMES AGAINST PERSONS", "Part_One_or_Part_Two": 2, "Ward": "421", "Precinct": "CRUMP", "Source_ObjectID": "47054", "ObjectId": 1657197}}, {"type": "Feature", "id": 1657198, "geometry": {"type": "Point", "coordinates": [-90.028, 35.137]}, "properties": {"Crime_ID": "2204012474ME", "Offense_Datetime": 1651118400000, "Reported_Datetime": 1651147260000, "Agency_Crime_ID": "THEFT FROM BUILDING", "UCR_Incident_Code": "23D", "Block": 200, "Street_Name": "S PAULINE ST", "Street_Address": "200 S PAULINE ST", "City": "MEMPHIS", "State": "TN", "ZIP_Code": "38103", "Full_Address": "200 S PAULINE ST MEMPHIS TN 38103", "Latitude": 35.137, "Longitude": -90.028, "UCR_Category": "LARCENY/THEFT", "UCR_Description": "THEFT FROM A BUILDING", "NIBRS_Group": "A", "NIBRS_Offense_Group": "CRIMES AGAINST PROPERTY", "Part_One_or_Part_Two": 1, "Ward": "621", "Precinct": "NORTH MAIN", "Source_ObjectID": "270685", "ObjectId": 1657198}}, {"type": "Feature", "id": 1657199, "geometry": {"type": "Point", "coordinates": [-89.905, 35.063]}, "properties": {"Crime_ID": "2504028515ME", "Offense_Datetime": 1745436000000, "Reported_Datetime": 1745437860000, "Agency_Crime_ID": "INTIMIDATION", "UCR_Incident_Code": "13C", "Block": 3100, "Street_Name": "PERKINS RD", "Street_Address": "3100 PERKINS RD", "City": "MEMPHIS", "State": "TN", "ZIP_Code": "38118", "Full_Address": "3100 PERKINS RD MEMPHIS TN 38118", "Latitude": 35.063, "Longitude": -89.905, "UCR_Category": "ASSAULT", "UCR_Description": "INTIMIDATION", "NIBRS_Group": "A", "NIBRS_Offense_Group": "CRIMES AGAINST PERSONS", "Part_One_or_Part_Two": 2, "Ward": "324", "Precinct": "MT MORIAH", "Source_ObjectID": "615726", "ObjectId": 1657199}}, {"type": "Feature", "id": 1657200, "geometry": {"type": "Point", "coordinates": [-90.074, 35.102]}, "properties": {"Crime_ID": "2311020872ME", "Offense_Datetime": 1698970800000, "Reported_Datetime": 1698972660000, "Agency_Crime_ID": "AGGRAVATED ASSAULT/DV", "UCR_Incident_Code": "13A", "Block": 300, "Street_Name": "DISON AVE", "Street_Address": "300 DISON AVE", "City": "MEMPHIS", "State": "TN", "ZIP_Code": "38109", "Full_Address": "300 DISON AVE MEMPHIS TN 38109", "Latitude": 35.102, "Longitude": -90.074, "UCR_Category": "AGGRAVATED ASSAULT", "UCR_Description": "AGGRAVATED ASSAULT", "NIBRS_Group": "A", "NIBRS_Offense_Group": "CRIMES AGAINST PERSONS", "Part_One_or_Part_Two": 1, "Ward": "721", "Precinct": "AIRWAYS", "Source_ObjectID": "457883", "ObjectId": 1657200}}, {"type": "Feature", "id": 1657201, "geometry": {"type": "Point", "coordinates": [-90.06, 35.017]}, "properties": {"Crime_ID": "2308002624ME", "Offense_Datetime": 1691200800000, "Reported_Datetime": 1691241120000, "Agency_Crime_ID": "VANDALISM/MISDEMEANOR", "UCR_Incident_Code": "290", "Block": 4800, "Street_Name": "BRADFORD DR", "Street_Address": "4800 BRADFORD DR", "City": "MEMPHIS", "State": "TN", "ZIP_Code": "38109", "Full_Address": "4800 BRADFORD DR MEMPHIS TN 38109", "Latitude": 35.017, "Longitude": -90.06, "UCR_Category": "DEST/DAM/VAND OF PROPERTY", "UCR_Description": "DEST/DAM/VAND OF PROPERTY", "NIBRS_Group": "A", "NIBRS_Offense_Group": "CRIMES AGAINST PROPERTY", "Part_One_or_Part_Two": 2, "Ward": "223", "Precinct": "RAINES", "Source_ObjectID": "427349", "ObjectId": 1657201}}, {"type": "Feature", "id": 1657202, "geometry": {"type": "Point", "coordinates": [-89.941, 35.151]}, "properties": {"Crime_ID": "2409027794ME", "Offense_Datetime": 1726771260000, "Reported_Datetime": 1726772760000, "Agency_Crime_ID": "DRUGS/NARCOTICS VIOLATION/FELONY", "UCR_Incident_Code": "35A", "Block": 3600, "Street_Name": "FAXON AVE", "Street_Address": "3600 FAXON AVE", "City": "MEMPHIS", "State": "TN", "ZIP_Code": "38122", "Full_Address": "3600 FAXON AVE MEMPHIS TN 38122", "Latitude": 35.151, "Longitude": -89.941, "UCR_Category": "DRUG/NARCOTIC", "UCR_Description": "DRUG/NARCOTIC VIOLS", "NIBRS_Group": "A", "NIBRS_Offense_Group": "CRIMES AGAINST SOCIETY", "Part_One_or_Part_Two": 2, "Ward": "524", "Precinct": "TILLMAN", "Source_ObjectID": "557163", "ObjectId": 1657202}}, {"type": "Feature", "id": 1657203, "geometry": {"type": "Point", "coordinates": [-90.033, 35.163]}, "properties": {"Crime_ID": "2304009472ME", "Offense_Datetime": 1681794360000, "Reported_Datetime": 1681879920000, "Agency_Crime_ID": "BURGLARY/RESIDENTIAL", "UCR_Incident_Code": "220", "Block": 800, "Street_Name": "MANASSAS ST", "Street_Address": "800 MANASSAS ST", "City": "MEMPHIS", "State": "TN", "ZIP_Code": "38107", "Full_Address": "800 MANASSAS ST MEMPHIS TN 38107", "Latitude": 35.163, "Longitude": -90.033, "UCR_Category": "BURG/BREAK & ENTER", "UCR_Description": "BURG/BREAK & ENTER", "NIBRS_Group": "A", "NIBRS_Offense_Group": "CRIMES AGAINST PROPERTY", "Part_One_or_Part_Two": 1, "Ward": "626", "Precinct": "NORTH MAIN", "Source_ObjectID": "387885", "ObjectId": 1657203}}, {"type": "Feature", "id": 1657204, "geometry": {"type": "Point", "coordinates": [-89.867, 35.106]}, "properties": {"Crime_ID": "2108000020ME", "Offense_Datetime": 1627806600000, "Reported_Datetime": 1627808760000, "Agency_Crime_ID": "THEFT FROM MOTOR VEHICLE", "UCR_Incident_Code": "23F", "Block": 1000, "Street_Name": "RIDGE LAKE BLVD", "Street_Address": "1000 RIDGE LAKE BLVD", "City": "MEMPHIS", "State": "TN", "ZIP_Code": "38134", "Full_Address": "1000 RIDGE LAKE BLVD MEMPHIS TN 38134", "Latitude": 35.106, "Longitude": -89.867, "UCR_Category": "LARCENY/THEFT", "UCR_Description": "THEFT FROM A MOTOR VEHICLE", "NIBRS_Group": "A", "NIBRS_Offense_Group": "CRIMES AGAINST PROPERTY", "Part_One_or_Part_Two": 1, "Ward": "823", "Precinct": "APPLING FARMS", "Source_ObjectID": "196254", "ObjectId": 1657204}}, {"type": "Feature", "id": 1657205, "geometry": {"type": "Point", "coordinates": [-89.905, 35.148]}, "properties": {"Crime_ID": "2401030098ME", "Offense_Datetime": 1706553000000, "Reported_Datetime": 1706559000000, "Agency_Crime_ID": "SIMPLE ASSAULT/DV", "UCR_Incident_Code": "13B", "Block": 4600, "Street_Name": "SUMMER AVE", "Street_Address": "4600 SUMMER AVE", "City": "MEMPHIS", "State": "TN", "ZIP_Code": "38122", "Full_Address": "4600 SUMMER AVE MEMPHIS TN 38122", "Latitude": 35.148, "Longitude": -89.905, "UCR_Category": "ASSAULT", "UCR_Description": "SIMPLE ASSAULT", "NIBRS_Group": "A", "NIBRS_Offense_Group": "CRIMES AGAINST PERSONS", "Part_One_or_Part_Two": 2, "Ward": "821", "Precinct": "APPLING FARMS", "Source_ObjectID": "484031", "ObjectId": 1657205}}, {"type": "Feature", "id": 1657206, "geometry": {"type": "Point", "coordinates": [-89.959, 35.037]}, "properties": {"Crime_ID": "2310031410ME", "Offense_Datetime": 1698406200000, "Reported_Datetime": 1698412620000, "Agency_Crime_ID": "VANDALISM/MISDEMEANOR", "UCR_Incident_Code": "290", "Block": 3100, "Street_Name": "WICKHAM DR", "Street_Address": "3100 WICKHAM DR", "City": "MEMPHIS", "State": "TN", "ZIP_Code": "38118", "Full_Address": "3100 WICKHAM DR MEMPHIS TN 38118", "Latitude": 35.037, "Longitude": -89.959, "UCR_Category": "DEST/DAM/VAND OF PROPERTY", "UCR_Description": "DEST/DAM/VAND OF PROPERTY", "NIBRS_Group": "A", "NIBRS_Offense_Group": "CRIMES AGAINST PROPERTY", "Part_One_or_Part_Two": 2, "Ward": "921", "Precinct": "RIDGEWAY", "Source_ObjectID": "455675", "ObjectId": 1657206}}, {"type": "Feature", "id": 1657207, "geometry": {"type": "Point", "coordinates": [-89.972, 35.082]}, "properties": {"Crime_ID": "2002003699ME", "Offense_Datetime": 1581257400000, "Reported_Datetime": 1581259140000, "Agency_Crime_ID": "VANDALISM/MISDEMEANOR", "UCR_Incident_Code": "290", "Block": 2300, "Street_Name": "PENDLETON ST", "Street_Address": "2300 PENDLETON ST", "City": "MEMPHIS", "State": "TN", "ZIP_Code": "38114", "Full_Address": "2300 PENDLETON ST MEMPHIS TN 38114", "Latitude": 35.082, "Longitude": -89.972, "UCR_Category": "DEST/DAM/VAND OF PROPERTY", "UCR_Description": "DEST/DAM/VAND OF PROPERTY", "NIBRS_Group": "A", "NIBRS_Offense_Group": "CRIMES AGAINST PROPERTY", "Part_One_or_Part_Two": 2, "Ward": "725", "Precinct": "AIRWAYS", "Source_ObjectID": "54137", "ObjectId": 1657207}}, {"type": "Feature", "id": 1657208, "geometry": {"type": "Point", "coordinates": [-89.958, 35.003]}, "properties": {"Crime_ID": "2406028155ME", "Offense_Datetime": 1718831400000, "Reported_Datetime": 1718834160000, "Agency_Crime_ID": "AGGRAVATED ASSAULT", "UCR_Incident_Code": "13A", "Block": 3100, "Street_Name": "RENDEZVOUS LN", "Street_Address": "3100 RENDEZVOUS LN", "City": "MEMPHIS", "State": "TN", "ZIP_Code": "38118", "Full_Address": "3100 RENDEZVOUS LN MEMPHIS TN 38118", "Latitude": 35.003, "Longitude": -89.958, "UCR_Category": "AGGRAVATED ASSAULT", "UCR_Description": "AGGRAVATED ASSAULT", "NIBRS_Group": "A", "NIBRS_Offense_Group": "CRIMES AGAINST PERSONS", "Part_One_or_Part_Two": 1, "Ward": "921", "Precinct": "RIDGEWAY", "Source_ObjectID": "528224", "ObjectId": 1657208}}, {"type": "Feature", "id": 1657209, "geometry": {"type": "Point", "coordinates": [-90.082, 35.048]}, "properties": {"Crime_ID": "2109005905ME", "Offense_Datetime": 1631583000000, "Reported_Datetime": 1631586480000, "Agency_Crime_ID": "INTIMIDATION/DV", "UCR_Incident_Code": "13C", "Block": 3600, "Street_Name": "FORD RD", "Street_Address": "3600 FORD RD", "City": "MEMPHIS", "State": "TN", "ZIP_Code": "38901", "Full_Address": "3600 FORD RD MEMPHIS TN 38901", "Latitude": 35.048, "Longitude": -90.082, "UCR_Category": "ASSAULT", "UCR_Description": "INTIMIDATION", "NIBRS_Group": "A", "NIBRS_Offense_Group": "CRIMES AGAINST PERSONS", "Part_One_or_Part_Two": 2, "Ward": "222", "Precinct": "RAINES", "Source_ObjectID": "208378", "ObjectId": 1657209}}, {"type": "Feature", "id": 1657210, "geometry": {"type": "Point", "coordinates": [-90.024, 35.035]}, "properties": {"Crime_ID": "2303012990ME", "Offense_Datetime": 1679814360000, "Reported_Datetime": 1679815440000, "Agency_Crime_ID": "AGGRAVATED ASSAULT", "UCR_Incident_Code": "13A", "Block": 4100, "Street_Name": "ELVIS PRESLEY BLVD", "Street_Address": "4100 ELVIS PRESLEY BLVD", "City": "MEMPHIS", "State": "TN", "ZIP_Code": "38116", "Full_Address": "4100 ELVIS PRESLEY BLVD MEMPHIS TN 38116", "Latitude": 35.035, "Longitude": -90.024, "UCR_Category": "AGGRAVATED ASSAULT", "UCR_Description": "AGGRAVATED ASSAULT", "NIBRS_Group": "A", "NIBRS_Offense_Group": "CRIMES AGAINST PERSONS", "Part_One_or_Part_Two": 1, "Ward": "225", "Precinct": "RAINES", "Source_ObjectID": "379694", "ObjectId": 1657210}}, {"type": "Feature", "id": 1657211, "geometry": {"type": "Point", "coordinates": [-89.928, 35.062]}, "properties": {"Crime_ID": "2010006075ME", "Offense_Datetime": 1602676620000, "Reported_Datetime": 1602678420000, "Agency_Crime_ID": "WEAPON LAW VIOLATIONS/FELONY", "UCR_Incident_Code": "520", "Block": 3100, "Street_Name": "ASHWOOD CV", "Street_Address": "3100 ASHWOOD CV", "City": "MEMPHIS", "State": "TN", "ZIP_Code": "38118", "Full_Address": "3100 ASHWOOD CV MEMPHIS TN 38118", "Latitude": 35.062, "Longitude": -89.928, "UCR_Category": "WEAPON LAW VIOLATION", "UCR_Description": "WEAPON LAW VIOL", "NIBRS_Group": "A", "NIBRS_Offense_Group": "CRIMES AGAINST SOCIETY", "Part_One_or_Part_Two": 2, "Ward": "321", "Precinct": "MT MORIAH", "Source_ObjectID": "120264", "ObjectId": 1657211}}, {"type": "Feature", "id": 1657213, "geometry": {"type": "Point", "coordinates": [-89.867, 35.024]}, "properties": {"Crime_ID": "2112008992ME", "Offense_Datetime": 1640206800000, "Reported_Datetime": 1640208360000, "Agency_Crime_ID": "CARJACKING", "UCR_Incident_Code": "120", "Block": 5800, "Street_Name": "HICKORY COMMONS RD", "Street_Address": "5800 HICKORY COMMONS RD", "City": "MEMPHIS", "State": "TN", "ZIP_Code": "38115", "Full_Address": "5800 HICKORY COMMONS RD MEMPHIS TN 38115", "Latitude": 35.024, "Longitude": -89.867, "UCR_Category": "ROBBERY", "UCR_Description": "ROBBERY", "NIBRS_Group": "A", "NIBRS_Offense_Group": "CRIMES AGAINST PROPERTY", "Part_One_or_Part_Two": 1, "Ward": "923", "Precinct": "RIDGEWAY", "Source_ObjectID": "236264", "ObjectId": 1657213}}, {"type": "Feature", "id": 1657214, "geometry": {"type": "Point", "coordinates": [-89.98, 35.247]}, "properties": {"Crime_ID": "2410028345ME", "Offense_Datetime": 1729546500000, "Reported_Datetime": 1729550040000, "Agency_Crime_ID": "SIMPLE ASSAULT/DV", "UCR_Incident_Code": "13B", "Block": 4400, "Street_Name": "SUNNY VIEW DR", "Street_Address": "4400 SUNNY VIEW DR", "City": "MEMPHIS", "State": "TN", "ZIP_Code": "38127", "Full_Address": "4400 SUNNY VIEW DR MEMPHIS TN 38127", "Latitude": 35.247, "Longitude": -89.98, "UCR_Category": "ASSAULT", "UCR_Description": "SIMPLE ASSAULT", "NIBRS_Group": "A", "NIBRS_Offense_Group": "CRIMES AGAINST PERSONS", "Part_One_or_Part_Two": 2, "Ward": "123", "Precinct": "AUSTIN PEAY", "Source_ObjectID": "566682", "ObjectId": 1657214}}, {"type": "Feature", "id": 1657215, "geometry": {"type": "Point", "coordinates": [-90.019, 35.057]}, "properties": {"Crime_ID": "2301004421ME", "Offense_Datetime": 1672561800000, "Reported_Datetime": 1673284200000, "Agency_Crime_ID": "VANDALISM/MISDEMEANOR", "UCR_Incident_Code": "290", "Block": 3300, "Street_Name": "ELK RUN CT", "Street_Address": "3300 ELK RUN CT", "City": "MEMPHIS", "State": "TN", "ZIP_Code": "38116", "Full_Address": "3300 ELK RUN CT MEMPHIS TN 38116", "Latitude": 35.057, "Longitude": -90.019, "UCR_Category": "DEST/DAM/VAND OF PROPERTY", "UCR_Description": "DEST/DAM/VAND OF PROPERTY", "NIBRS_Group": "A", "NIBRS_Offense_Group": "CRIMES AGAINST PROPERTY", "Part_One_or_Part_Two": 2, "Ward": "224", "Precinct": "RAINES", "Source_ObjectID": "355967", "ObjectId": 1657215}}, {"type": "Feature", "id": 1657216, "geometry": {"type": "Point", "coordinates": [-89.908, 35.205]}, "properties": {"Crime_ID": "2507029811ME", "Offense_Datetime": 1753503600000, "Reported_Datetime": 1753505460000, "Agency_Crime_ID": "THREATENING ELECTRONIC COMMUNICATION/DV", "UCR_Incident_Code": "13C", "Block": 4600, "Street_Name": "SUESAND CV", "Street_Address": "4600 SUESAND CV", "City": "MEMPHIS", "State": "TN", "ZIP_Code": "38127", "Full_Address": "4600 SUESAND CV MEMPHIS TN 38127", "Latitude": 35.205, "Longitude": -89.908, "UCR_Category": "ASSAULT", "UCR_Description": "INTIMIDATION", "NIBRS_Group": "A", "NIBRS_Offense_Group": "CRIMES AGAINST PERSONS", "Part_One_or_Part_Two": 2, "Ward": "126", "Precinct": "AUSTIN PEAY", "Source_ObjectID": "641359", "ObjectId": 1657216}}, {"type": "Feature", "id": 1657217, "geometry": {"type": "Point", "coordinates": [-90.011, 35.001]}, "properties": {"Crime_ID": "2108002286ME", "Offense_Datetime": 1628239560000, "Reported_Datetime": 1628244360000, "Agency_Crime_ID": "BURGLARY/RESIDENTIAL", "UCR_Incident_Code": "220", "Block": 5300, "Street_Name": "LOCH LOMOND DR", "Street_Address": "5300 LOCH LOMOND DR", "City": "MEMPHIS", "State": "TN", "ZIP_Code": "38116", "Full_Address": "5300 LOCH LOMOND DR MEMPHIS TN 38116", "Latitude": 35.001, "Longitude": -90.011, "UCR_Category": "BURG/BREAK & ENTER", "UCR_Description": "BURG/BREAK & ENTER", "NIBRS_Group": "A", "NIBRS_Offense_Group": "CRIMES AGAINST PROPERTY", "Part_One_or_Part_Two": 1, "Ward": "221", "Precinct": "RAINES", "Source_ObjectID": "197603", "ObjectId": 1657217}}, {"type": "Feature", "id": 1657219, "geometry": {"type": "Point", "coordinates": [-89.9, 35.092]}, "properties": {"Crime_ID": "2312025079ME", "Offense_Datetime": 1702476000000, "Reported_Datetime": 1702494300000, "Agency_Crime_ID": "THEFT FROM MOTOR VEHICLE", "UCR_Incident_Code": "23F", "Block": 4800, "Street_Name": "VERNE RD", "Street_Address": "4800 VERNE RD", "City": "MEMPHIS", "State": "TN", "ZIP_Code": "38117", "Full_Address": "4800 VERNE RD MEMPHIS TN 38117", "Latitude": 35.092, "Longitude": -89.9, "UCR_Category": "LARCENY/THEFT", "UCR_Description": "THEFT FROM A MOTOR VEHICLE", "NIBRS_Group": "A", "NIBRS_Offense_Group": "CRIMES AGAINST PROPERTY", "Part_One_or_Part_Two": 1, "Ward": "323", "Precinct": "MT MORIAH", "Source_ObjectID": "470571", "ObjectId": 1657219}}, {"type": "Feature", "id": 1657220, "geometry": {"type": "Point", "coordinates": [-89.841, 35.085]}, "properties": {"Crime_ID": "2201002010ME", "Offense_Datetime": 1641227760000, "Reported_Datetime": 1641484380000, "Agency_Crime_ID": "CREDIT CARD/ATM FRAUD", "UCR_Incident_Code": "26B", "Block": 2300, "Street_Name": "KIRBY PKWY", "Street_Address": "2300 KIRBY PKWY", "City": "MEMPHIS", "State": "TN", "ZIP_Code": "38119", "Full_Address": "2300 KIRBY PKWY MEMPHIS TN 38119", "Latitude": 35.085, "Longitude": -89.841, "UCR_Category": "FRAUD", "UCR_Description": "CREDIT CARD/ATM FRAUD", "NIBRS_Group": "A", "NIBRS_Offense_Group": "CRIMES AGAINST PROPERTY", "Part_One_or_Part_Two": 2, "Ward": "326", "Precinct": "MT MORIAH", "Source_ObjectID": "240673", "ObjectId": 1657220}}, {"type": "Feature", "id": 1657221, "geometry": {"type": "Point", "coordinates": [-89.994, 35.166]}, "properties": {"Crime_ID": "2212001756ME", "Offense_Datetime": 1670198400000, "Reported_Datetime": 1670200560000, "Agency_Crime_ID": "SIMPLE ASSAULT/DV", "UCR_Incident_Code": "13B", "Block": 1900, "Street_Name": "EDWARD CV", "Street_Address": "1900 EDWARD CV", "City": "MEMPHIS", "State": "TN", "ZIP_Code": "38106", "Full_Address": "1900 EDWARD CV MEMPHIS TN 38106", "Latitude": 35.166, "Longitude": -89.994, "UCR_Category": "ASSAULT", "UCR_Description": "SIMPLE ASSAULT", "NIBRS_Group": "A", "NIBRS_Offense_Group": "CRIMES AGAINST PERSONS", "Part_One_or_Part_Two": 2, "Ward": "426", "Precinct": "CRUMP", "Source_ObjectID": "343233", "ObjectId": 1657221}}, {"type": "Feature", "id": 1657222, "geometry": {"type": "Point", "coordinates": [-89.991, 35.135]}, "properties": {"Crime_ID": "2209012410ME", "Offense_Datetime": 1664069400000, "Reported_Datetime": 1664071980000, "Agency_Crime_ID": "MVT/PASSENGER VEHICLE", "UCR_Incident_Code": "240", "Block": 2100, "Street_Name": "UNION AVE", "Street_Address": "2100 UNION AVE", "City": "MEMPHIS", "State": "TN", "ZIP_Code": "38104", "Full_Address": "2100 UNION AVE MEMPHIS TN 38104", "Latitude": 35.135, "Longitude": -89.991, "UCR_Category": "MOTOR VEHICLE THEFT", "UCR_Description": "MOTOR VEHICLE THEFT", "NIBRS_Group": "A", "NIBRS_Offense_Group": "CRIMES AGAINST PROPERTY", "Part_One_or_Part_Two": 1, "Ward": "424", "Precinct": "CRUMP", "Source_ObjectID": "319793", "ObjectId": 1657222}}, {"type": "Feature", "id": 1657223, "geometry": {"type": "Point", "coordinates": [-89.811, 35.048]}, "properties": {"Crime_ID": "2210008648ME", "Offense_Datetime": 1666108800000, "Reported_Datetime": 1666144200000, "Agency_Crime_ID": "SIMPLE ASSAULT/DV", "UCR_Incident_Code": "13B", "Block": 7500, "Street_Name": "WINCHESTER RD", "Street_Address": "7500 WINCHESTER RD", "City": "MEMPHIS", "State": "TN", "ZIP_Code": "38115", "Full_Address": "7500 WINCHESTER RD MEMPHIS TN 38115", "Latitude": 35.048, "Longitude": -89.811, "UCR_Category": "ASSAULT", "UCR_Description": "SIMPLE ASSAULT", "NIBRS_Group": "A", "NIBRS_Offense_Group": "CRIMES AGAINST PERSONS", "Part_One_or_Part_Two": 2, "Ward": "924", "Precinct": "RIDGEWAY", "Source_ObjectID": "327697", "ObjectId": 1657223}}, {"type": "Feature", "id": 1657224, "geometry": {"type": "Point", "coordinates": [-90.015, 35.143]}, "properties": {"Crime_ID": "2202004852ME", "Offense_Datetime": 1644699900000, "Reported_Datetime": 1644701520000, "Agency_Crime_ID": "MVT/PASSENGER VEHICLE", "UCR_Incident_Code": "240", "Block": 100, "Street_Name": "CLEVELAND ST", "Street_Address": "100 CLEVELAND ST", "City": "MEMPHIS", "State": "TN", "ZIP_Code": "38104", "Full_Address": "100 CLEVELAND ST MEMPHIS TN 38104", "Latitude": 35.143, "Longitude": -90.015, "UCR_Category": "MOTOR VEHICLE THEFT", "UCR_Description": "MOTOR VEHICLE THEFT", "NIBRS_Group": "A", "NIBRS_Offense_Group": "CRIMES AGAINST PROPERTY", "Part_One_or_Part_Two": 1, "Ward": "423", "Precinct": "CRUMP", "Source_ObjectID": "250260", "ObjectId": 1657224}}, {"type": "Feature", "id": 1657225, "geometry": {"type": "Point", "coordinates": [-89.878, 35.181]}, "properties": {"Crime_ID": "2112008265ME", "Offense_Datetime": 1640041860000, "Reported_Datetime": 1640047860000, "Agency_Crime_ID": "INTIMIDATION/DV", "UCR_Incident_Code": "13C", "Block": 2000, "Street_Name": "CRANBERRY DR", "Street_Address": "2000 CRANBERRY DR", "City": "MEMPHIS", "State": "TN", "ZIP_Code": "38134", "Full_Address": "2000 CRANBERRY DR MEMPHIS TN 38134", "Latitude": 35.181, "Longitude": -89.878, "UCR_Category": "ASSAULT", "UCR_Description": "INTIMIDATION", "NIBRS_Group": "A", "NIBRS_Offense_Group": "CRIMES AGAINST PERSONS", "Part_One_or_Part_Two": 2, "Ward": "822", "Precinct": "APPLING FARMS", "Source_ObjectID": "235774", "ObjectId": 1657225}}, {"type": "Feature", "id": 1657226, "geometry": {"type": "Point", "coordinates": [-89.909, 35.222]}, "properties": {"Crime_ID": "2411020127ME", "Offense_Datetime": 1728882000000, "Reported_Datetime": 1730473740000, "Agency_Crime_ID": "VANDALISM/FELONY", "UCR_Incident_Code": "290", "Block": 3500, "Street_Name": "AUSTIN PEAY HWY", "Street_Address": "3500 AUSTIN PEAY HWY", "City": "MEMPHIS", "State": "TN", "ZIP_Code": "38128", "Full_Address": "3500 AUSTIN PEAY HWY MEMPHIS TN 38128", "Latitude": 35.222, "Longitude": -89.909, "UCR_Category": "DEST/DAM/VAND OF PROPERTY", "UCR_Description": "DEST/DAM/VAND OF PROPERTY", "NIBRS_Group": "A", "NIBRS_Offense_Group": "CRIMES AGAINST PROPERTY", "Part_One_or_Part_Two": 2, "Ward": "125", "Precinct": "AUSTIN PEAY", "Source_ObjectID": "569953", "ObjectId": 1657226}}, {"type": "Feature", "id": 1657227, "geometry": {"type": "Point", "coordinates": [-89.884, 35.053]}, "properties": {"Crime_ID": "2308000466ME", "Offense_Datetime": 1690909200000, "Reported_Datetime": 1690928040000, "Agency_Crime_ID": "MVT/PASSENGER VEHICLE", "UCR_Incident_Code": "240", "Block": 5300, "Street_Name": "MENDENHALL MALL", "Street_Address": "5300 MENDENHALL MALL", "City": "MEMPHIS", "State": "TN", "ZIP_Code": "38115", "Full_Address": "5300 MENDENHALL MALL MEMPHIS TN 38115", "Latitude": 35.053, "Longitude": -89.884, "UCR_Category": "MOTOR VEHICLE THEFT", "UCR_Description": "MOTOR VEHICLE THEFT", "NIBRS_Group": "A", "NIBRS_Offense_Group": "CRIMES AGAINST PROPERTY", "Part_One_or_Part_Two": 1, "Ward": "325", "Precinct": "MT MORIAH", "Source_ObjectID": "426116", "ObjectId": 1657227}}, {"type": "Feature", "id": 1657228, "geometry": {"type": "Point", "coordinates": [-90.012, 35.083]}, "properties": {"Crime_ID": "2309022900ME", "Offense_Datetime": 1694125380000, "Reported_Datetime": 1694132520000, "Agency_Crime_ID": "INTIMIDATION/DV", "UCR_Incident_Code": "13C", "Block": 1500, "Street_Name": "NORRIS RD", "Street_Address": "1500 NORRIS RD", "City": "MEMPHIS", "State": "TN", "ZIP_Code": "38116", "Full_Address": "1500 NORRIS RD MEMPHIS TN 38116", "Latitude": 35.083, "Longitude": -90.012, "UCR_Category": "ASSAULT", "UCR_Description": "INTIMIDATION", "NIBRS_Group": "A", "NIBRS_Offense_Group": "CRIMES AGAINST PERSONS", "Part_One_or_Part_Two": 2, "Ward": "724", "Precinct": "AIRWAYS", "Source_ObjectID": "439127", "ObjectId": 1657228}}, {"type": "Feature", "id": 1657229, "geometry": {"type": "Point", "coordinates": [-89.907, 35.075]}, "properties": {"Crime_ID": "2403026203ME", "Offense_Datetime": 1710609300000, "Reported_Datetime": 1710610020000, "Agency_Crime_ID": "SHOPLIFTING/MISDEMEANOR", "UCR_Incident_Code": "23C", "Block": 2700, "Street_Name": "PERKINS RD", "Street_Address": "2700 PERKINS RD", "City": "MEMPHIS", "State": "TN", "ZIP_Code": "38118", "Full_Address": "2700 PERKINS RD MEMPHIS TN 38118", "Latitude": 35.075, "Longitude": -89.907, "UCR_Category": "LARCENY/THEFT", "UCR_Description": "SHOPLIFTING", "NIBRS_Group": "A", "NIBRS_Offense_Group": "CRIMES AGAINST PROPERTY", "Part_One_or_Part_Two": 1, "Ward": "324", "Precinct": "MT MORIAH", "Source_ObjectID": "497933", "ObjectId": 1657229}}, {"type": "Feature", "id": 1657230, "geometry": {"type": "Point", "coordinates": [-89.97, 35.14]}, "properties": {"Crime_ID": "2502029123ME", "Offense_Datetime": 1740679200000, "Reported_Datetime": 1740753840000, "Agency_Crime_ID": "BURGLARY/BUSINESS", "UCR_Incident_Code": "220", "Block": 100, "Street_Name": "CUMBERLAND ST", "Street_Address": "100 CUMBERLAND ST", "City": "MEMPHIS", "State": "TN", "ZIP_Code": "38112", "Full_Address": "100 CUMBERLAND ST MEMPHIS TN 38112", "Latitude": 35.14, "Longitude": -89.97, "UCR_Category": "BURG/BREAK & ENTER", "UCR_Description": "BURG/BREAK & ENTER", "NIBRS_Group": "A", "NIBRS_Offense_Group": "CRIMES AGAINST PROPERTY", "Part_One_or_Part_Two": 1, "Ward": "523", "Precinct": "TILLMAN", "Source_ObjectID": "601349", "ObjectId": 1657230}}, {"type": "Feature", "id": 1657231, "geometry": {"type": "Point", "coordinates": [-89.948, 35.13]}, "properties": {"Crime_ID": "2409021587ME", "Offense_Datetime": 1725472800000, "Reported_Datetime": 1725489840000, "Agency_Crime_ID": "VANDALISM/MISDEMEANOR", "UCR_Incident_Code": "290", "Block": 3400, "Street_Name": "PLAZA AVE", "Street_Address": "3400 PLAZA AVE", "City": "MEMPHIS", "State": "TN", "ZIP_Code": "38111", "Full_Address": "3400 PLAZA AVE MEMPHIS TN 38111", "Latitude": 35.13, "Longitude": -89.948, "UCR_Category": "DEST/DAM/VAND OF PROPERTY", "UCR_Description": "DEST/DAM/VAND OF PROPERTY", "NIBRS_Group": "A", "NIBRS_Offense_Group": "CRIMES AGAINST PROPERTY", "Part_One_or_Part_Two": 2, "Ward": "523", "Precinct": "TILLMAN", "Source_ObjectID": "552676", "ObjectId": 1657231}}, {"type": "Feature", "id": 1657232, "geometry": {"type": "Point", "coordinates": [-89.842, 35.159]}, "properties": {"Crime_ID": "2604030505ME", "Offense_Datetime": 1777577400000, "Reported_Datetime": 1777578600000, "Agency_Crime_ID": "VANDALISM/MISDEMEANOR", "UCR_Incident_Code": "290", "Block": 1200, "Street_Name": "APPLEBROOK LN", "Street_Address": "1200 APPLEBROOK LN", "City": "MEMPHIS", "State": "TN", "ZIP_Code": "38134", "Full_Address": "1200 APPLEBROOK LN MEMPHIS TN 38134", "Latitude": 35.159, "Longitude": -89.842, "UCR_Category": "DEST/DAM/VAND OF PROPERTY", "UCR_Description": "DEST/DAM/VAND OF PROPERTY", "NIBRS_Group": "A", "NIBRS_Offense_Group": "CRIMES AGAINST PROPERTY", "Part_One_or_Part_Two": 2, "Ward": "823", "Precinct": "APPLING FARMS", "Source_ObjectID": "701389", "ObjectId": 1657232}}, {"type": "Feature", "id": 1657233, "geometry": {"type": "Point", "coordinates": [-89.995, 35.078]}, "properties": {"Crime_ID": "2311026446ME", "Offense_Datetime": 1700085600000, "Reported_Datetime": 1700089440000, "Agency_Crime_ID": "VANDALISM/MISDEMEANOR", "UCR_Incident_Code": "290", "Block": 2400, "Street_Name": "W HILLVIEW DR", "Street_Address": "2400 W HILLVIEW DR", "City": "MEMPHIS", "State": "TN", "ZIP_Code": "38114", "Full_Address": "2400 W HILLVIEW DR MEMPHIS TN 38114", "Latitude": 35.078, "Longitude": -89.995, "UCR_Category": "DEST/DAM/VAND OF PROPERTY", "UCR_Description": "DEST/DAM/VAND OF PROPERTY", "NIBRS_Group": "A", "NIBRS_Offense_Group": "CRIMES AGAINST PROPERTY", "Part_One_or_Part_Two": 2, "Ward": "724", "Precinct": "AIRWAYS", "Source_ObjectID": "462159", "ObjectId": 1657233}}, {"type": "Feature", "id": 1657234, "geometry": {"type": "Point", "coordinates": [-90.032, 35.145]}, "properties": {"Crime_ID": "2407023509ME", "Offense_Datetime": 1720414800000, "Reported_Datetime": 1720485480000, "Agency_Crime_ID": "AGGRAVATED ASSAULT", "UCR_Incident_Code": "13A", "Block": 800, "Street_Name": "POPLAR AVE", "Street_Address": "800 POPLAR AVE", "City": "MEMPHIS", "State": "TN", "ZIP_Code": "38141", "Full_Address": "800 POPLAR AVE MEMPHIS TN 38141", "Latitude": 35.145, "Longitude": -90.032, "UCR_Category": "AGGRAVATED ASSAULT", "UCR_Description": "AGGRAVATED ASSAULT", "NIBRS_Group": "A", "NIBRS_Offense_Group": "CRIMES AGAINST PERSONS", "Part_One_or_Part_Two": 1, "Ward": "624", "Precinct": "NORTH MAIN", "Source_ObjectID": "534730", "ObjectId": 1657234}}, {"type": "Feature", "id": 1657235, "geometry": {"type": "Point", "coordinates": [-89.913, 35.043]}, "properties": {"Crime_ID": "2311030803ME", "Offense_Datetime": 1701092700000, "Reported_Datetime": 1701096780000, "Agency_Crime_ID": "AGGRAVATED ASSAULT", "UCR_Incident_Code": "13A", "Block": 3800, "Street_Name": "KNIGHT RD", "Street_Address": "3800 KNIGHT RD", "City": "MEMPHIS", "State": "TN", "ZIP_Code": "38118", "Full_Address": "3800 KNIGHT RD MEMPHIS TN 38118", "Latitude": 35.043, "Longitude": -89.913, "UCR_Category": "AGGRAVATED ASSAULT", "UCR_Description": "AGGRAVATED ASSAULT", "NIBRS_Group": "A", "NIBRS_Offense_Group": "CRIMES AGAINST PERSONS", "Part_One_or_Part_Two": 1, "Ward": "922", "Precinct": "RIDGEWAY", "Source_ObjectID": "465483", "ObjectId": 1657235}}, {"type": "Feature", "id": 1657236, "geometry": {"type": "Point", "coordinates": [-90.014, 35.147]}, "properties": {"Crime_ID": "2307005492ME", "Offense_Datetime": 1689057900000, "Reported_Datetime": 1689058380000, "Agency_Crime_ID": "BURGLARY/BUSINESS", "UCR_Incident_Code": "220", "Block": 300, "Street_Name": "N CLEVELAND ST", "Street_Address": "300 N CLEVELAND ST", "City": "MEMPHIS", "State": "TN", "ZIP_Code": "38104", "Full_Address": "300 N CLEVELAND ST MEMPHIS TN 38104", "Latitude": 35.147, "Longitude": -90.014, "UCR_Category": "BURG/BREAK & ENTER", "UCR_Description": "BURG/BREAK & ENTER", "NIBRS_Group": "A", "NIBRS_Offense_Group": "CRIMES AGAINST PROPERTY", "Part_One_or_Part_Two": 1, "Ward": "423", "Precinct": "CRUMP", "Source_ObjectID": "418383", "ObjectId": 1657236}}, {"type": "Feature", "id": 1657237, "geometry": {"type": "Point", "coordinates": [-89.946, 35.109]}, "properties": {"Crime_ID": "2212001641ME", "Offense_Datetime": 1670177700000, "Reported_Datetime": 1670180700000, "Agency_Crime_ID": "SIMPLE ASSAULT", "UCR_Incident_Code": "13B", "Block": 0, "Street_Name": "S HIGHLAND ST//DOUGLASS AVE", "Street_Address": " S HIGHLAND ST//DOUGLASS AVE", "City": "MEMPHIS", "State": "TN", "ZIP_Code": "38111", "Full_Address": " S HIGHLAND ST//DOUGLASS AVE MEMPHIS TN 38111", "Latitude": 35.109, "Longitude": -89.946, "UCR_Category": "ASSAULT", "UCR_Description": "SIMPLE ASSAULT", "NIBRS_Group": "A", "NIBRS_Offense_Group": "CRIMES AGAINST PERSONS", "Part_One_or_Part_Two": 2, "Ward": "521", "Precinct": "TILLMAN", "Source_ObjectID": "343141", "ObjectId": 1657237}}, {"type": "Feature", "id": 1657238, "geometry": {"type": "Point", "coordinates": [-89.972, 35.084]}, "properties": {"Crime_ID": "2308008845ME", "Offense_Datetime": 1692167100000, "Reported_Datetime": 1692188580000, "Agency_Crime_ID": "DRUGS/NARCOTICS VIOLATION/FELONY", "UCR_Incident_Code": "35A", "Block": 2700, "Street_Name": "BYRD AVE", "Street_Address": "2700 BYRD AVE", "City": "MEMPHIS", "State": "TN", "ZIP_Code": "38114", "Full_Address": "2700 BYRD AVE MEMPHIS TN 38114", "Latitude": 35.084, "Longitude": -89.972, "UCR_Category": "DRUG/NARCOTIC", "UCR_Description": "DRUG/NARCOTIC VIOLS", "NIBRS_Group": "A", "NIBRS_Offense_Group": "CRIMES AGAINST SOCIETY", "Part_One_or_Part_Two": 2, "Ward": "725", "Precinct": "AIRWAYS", "Source_ObjectID": "431205", "ObjectId": 1657238}}, {"type": "Feature", "id": 1657239, "geometry": {"type": "Point", "coordinates": [-89.991, 35.008]}, "properties": {"Crime_ID": "2302003263ME", "Offense_Datetime": 1675832400000, "Reported_Datetime": 1675840260000, "Agency_Crime_ID": "VANDALISM/MISDEMEANOR", "UCR_Incident_Code": "290", "Block": 2100, "Street_Name": "PARKHURST CT", "Street_Address": "2100 PARKHURST CT", "City": "MEMPHIS", "State": "TN", "ZIP_Code": "38116", "Full_Address": "2100 PARKHURST CT MEMPHIS TN 38116", "Latitude": 35.008, "Longitude": -89.991, "UCR_Category": "DEST/DAM/VAND OF PROPERTY", "UCR_Description": "DEST/DAM/VAND OF PROPERTY", "NIBRS_Group": "A", "NIBRS_Offense_Group": "CRIMES AGAINST PROPERTY", "Part_One_or_Part_Two": 2, "Ward": "226", "Precinct": "RAINES", "Source_ObjectID": "364967", "ObjectId": 1657239}}, {"type": "Feature", "id": 1657240, "geometry": {"type": "Point", "coordinates": [-89.77, 35.149]}, "properties": {"Crime_ID": "2604022451ME", "Offense_Datetime": 1775589000000, "Reported_Datetime": 1775656740000, "Agency_Crime_ID": "SIMPLE ASSAULT", "UCR_Incident_Code": "13B", "Block": 900, "Street_Name": "N SANGA RD", "Street_Address": "900 N SANGA RD", "City": "MEMPHIS", "State": "TN", "ZIP_Code": "38018", "Full_Address": "900 N SANGA RD MEMPHIS TN 38018", "Latitude": 35.149, "Longitude": -89.77, "UCR_Category": "ASSAULT", "UCR_Description": "SIMPLE ASSAULT", "NIBRS_Group": "A", "NIBRS_Offense_Group": "CRIMES AGAINST PERSONS", "Part_One_or_Part_Two": 2, "Ward": "824", "Precinct": "APPLING FARMS", "Source_ObjectID": "696226", "ObjectId": 1657240}}, {"type": "Feature", "id": 1657241, "geometry": {"type": "Point", "coordinates": [-90.04, 35.17]}, "properties": {"Crime_ID": "2310025063ME", "Offense_Datetime": 1682773200000, "Reported_Datetime": 1697130000000, "Agency_Crime_ID": "WIRE FRAUD", "UCR_Incident_Code": "26E", "Block": 1000, "Street_Name": "PEACEFUL ALLEY", "Street_Address": "1000 PEACEFUL ALLEY", "City": "MEMPHIS", "State": "TN", "ZIP_Code": "38107", "Full_Address": "1000 PEACEFUL ALLEY MEMPHIS TN 38107", "Latitude": 35.17, "Longitude": -90.04, "UCR_Category": "FRAUD", "UCR_Description": "WIRE FRAUD", "NIBRS_Group": "A", "NIBRS_Offense_Group": "CRIMES AGAINST PROPERTY", "Part_One_or_Part_Two": 2, "Ward": "723", "Precinct": "AIRWAYS", "Source_ObjectID": "450844", "ObjectId": 1657241}}, {"type": "Feature", "id": 1657242, "geometry": {"type": "Point", "coordinates": [-89.951, 35.238]}, "properties": {"Crime_ID": "2110006003ME", "Offense_Datetime": 1634178600000, "Reported_Datetime": 1634182080000, "Agency_Crime_ID": "AGGRAVATED ASSAULT", "UCR_Incident_Code": "13A", "Block": 0, "Street_Name": "HAWKINS MILL RD//NEW ALLEN RD", "Street_Address": " HAWKINS MILL RD//NEW ALLEN RD", "City": "MEMPHIS", "State": "TN", "ZIP_Code": "38128", "Full_Address": " HAWKINS MILL RD//NEW ALLEN RD MEMPHIS TN 38128", "Latitude": 35.238, "Longitude": -89.951, "UCR_Category": "AGGRAVATED ASSAULT", "UCR_Description": "AGGRAVATED ASSAULT", "NIBRS_Group": "A", "NIBRS_Offense_Group": "CRIMES AGAINST PERSONS", "Part_One_or_Part_Two": 1, "Ward": "125", "Precinct": "AUSTIN PEAY", "Source_ObjectID": "217101", "ObjectId": 1657242}}, {"type": "Feature", "id": 1657243, "geometry": {"type": "Point", "coordinates": [-89.864, 35.059]}, "properties": {"Crime_ID": "2204000760ME", "Offense_Datetime": 1648940280000, "Reported_Datetime": 1648941600000, "Agency_Crime_ID": "DRUGS/NARCOTICS VIOLATION/FELONY", "UCR_Incident_Code": "35A", "Block": 5900, "Street_Name": "E POINT DR", "Street_Address": "5900 E POINT DR", "City": "MEMPHIS", "State": "TN", "ZIP_Code": "38118", "Full_Address": "5900 E POINT DR MEMPHIS TN 38118", "Latitude": 35.059, "Longitude": -89.864, "UCR_Category": "DRUG/NARCOTIC", "UCR_Description": "DRUG/NARCOTIC VIOLS", "NIBRS_Group": "A", "NIBRS_Offense_Group": "CRIMES AGAINST SOCIETY", "Part_One_or_Part_Two": 2, "Ward": "925", "Precinct": "RIDGEWAY", "Source_ObjectID": "263244", "ObjectId": 1657243}}, {"type": "Feature", "id": 1657244, "geometry": {"type": "Point", "coordinates": [-90.015, 35.104]}, "properties": {"Crime_ID": "2501028561ME", "Offense_Datetime": 1737824400000, "Reported_Datetime": 1737844200000, "Agency_Crime_ID": "WEAPON LAW VIOLATIONS/FELONY", "UCR_Incident_Code": "520", "Block": 1500, "Street_Name": "PILLOW ST", "Street_Address": "1500 PILLOW ST", "City": "MEMPHIS", "State": "TN", "ZIP_Code": "38106", "Full_Address": "1500 PILLOW ST MEMPHIS TN 38106", "Latitude": 35.104, "Longitude": -90.015, "UCR_Category": "WEAPON LAW VIOLATION", "UCR_Description": "WEAPON LAW VIOL", "NIBRS_Group": "A", "NIBRS_Offense_Group": "CRIMES AGAINST SOCIETY", "Part_One_or_Part_Two": 2, "Ward": "723", "Precinct": "AIRWAYS", "Source_ObjectID": "593144", "ObjectId": 1657244}}, {"type": "Feature", "id": 1657245, "geometry": {"type": "Point", "coordinates": [-90.009, 35.026]}, "properties": {"Crime_ID": "2108014059ME", "Offense_Datetime": 1630465260000, "Reported_Datetime": 1630467600000, "Agency_Crime_ID": "AGGRAVATED ASSAULT/DV", "UCR_Incident_Code": "13A", "Block": 4400, "Street_Name": "WATERMILL DR", "Street_Address": "4400 WATERMILL DR", "City": "MEMPHIS", "State": "TN", "ZIP_Code": "38116", "Full_Address": "4400 WATERMILL DR MEMPHIS TN 38116", "Latitude": 35.026, "Longitude": -90.009, "UCR_Category": "AGGRAVATED ASSAULT", "UCR_Description": "AGGRAVATED ASSAULT", "NIBRS_Group": "A", "NIBRS_Offense_Group": "CRIMES AGAINST PERSONS", "Part_One_or_Part_Two": 1, "Ward": "225", "Precinct": "RAINES", "Source_ObjectID": "204770", "ObjectId": 1657245}}, {"type": "Feature", "id": 1657246, "geometry": {"type": "Point", "coordinates": [-90.056, 35.035]}, "properties": {"Crime_ID": "2010001198ME", "Offense_Datetime": 1601812800000, "Reported_Datetime": 1601815740000, "Agency_Crime_ID": "AGGRAVATED ASSAULT", "UCR_Incident_Code": "13A", "Block": 0, "Street_Name": "RAINES RD//NEELY RD", "Street_Address": " RAINES RD//NEELY RD", "City": "MEMPHIS", "State": "TN", "ZIP_Code": "38109", "Full_Address": " RAINES RD//NEELY RD MEMPHIS TN 38109", "Latitude": 35.035, "Longitude": -90.056, "UCR_Category": "AGGRAVATED ASSAULT", "UCR_Description": "AGGRAVATED ASSAULT", "NIBRS_Group": "A", "NIBRS_Offense_Group": "CRIMES AGAINST PERSONS", "Part_One_or_Part_Two": 1, "Ward": "223", "Precinct": "RAINES", "Source_ObjectID": "117211", "ObjectId": 1657246}}, {"type": "Feature", "id": 1657247, "geometry": {"type": "Point", "coordinates": [-89.993, 35.122]}, "properties": {"Crime_ID": "2106008614ME", "Offense_Datetime": 1624233600000, "Reported_Datetime": 1624248300000, "Agency_Crime_ID": "BURGLARY/RESIDENTIAL", "UCR_Incident_Code": "220", "Block": 2000, "Street_Name": "NELSON AVE", "Street_Address": "2000 NELSON AVE", "City": "MEMPHIS", "State": "TN", "ZIP_Code": "38104", "Full_Address": "2000 NELSON AVE MEMPHIS TN 38104", "Latitude": 35.122, "Longitude": -89.993, "UCR_Category": "BURG/BREAK & ENTER", "UCR_Description": "BURG/BREAK & ENTER", "NIBRS_Group": "A", "NIBRS_Offense_Group": "CRIMES AGAINST PROPERTY", "Part_One_or_Part_Two": 1, "Ward": "424", "Precinct": "CRUMP", "Source_ObjectID": "184651", "ObjectId": 1657247}}, {"type": "Feature", "id": 1657248, "geometry": {"type": "Point", "coordinates": [-90.086, 35.035]}, "properties": {"Crime_ID": "2005002469ME", "Offense_Datetime": 1588874400000, "Reported_Datetime": 1588877280000, "Agency_Crime_ID": "AGGRAVATED ASSAULT", "UCR_Incident_Code": "13A", "Block": 600, "Street_Name": "W RAINES RD", "Street_Address": "600 W RAINES RD", "City": "MEMPHIS", "State": "TN", "ZIP_Code": "38109", "Full_Address": "600 W RAINES RD MEMPHIS TN 38109", "Latitude": 35.035, "Longitude": -90.086, "UCR_Category": "AGGRAVATED ASSAULT", "UCR_Description": "AGGRAVATED ASSAULT", "NIBRS_Group": "A", "NIBRS_Offense_Group": "CRIMES AGAINST PERSONS", "Part_One_or_Part_Two": 1, "Ward": "221", "Precinct": "RAINES", "Source_ObjectID": "76229", "ObjectId": 1657248}}, {"type": "Feature", "id": 1657249, "geometry": {"type": "Point", "coordinates": [-89.796, 35.058]}, "properties": {"Crime_ID": "2202001324ME", "Offense_Datetime": 1643680800000, "Reported_Datetime": 1644002460000, "Agency_Crime_ID": "CREDIT CARD/ATM FRAUD", "UCR_Incident_Code": "26B", "Block": 8000, "Street_Name": "SALISBURY PLACE", "Street_Address": "8000 SALISBURY PLACE", "City": "MEMPHIS", "State": "TN", "ZIP_Code": "38119", "Full_Address": "8000 SALISBURY PLACE MEMPHIS TN 38119", "Latitude": 35.058, "Longitude": -89.796, "UCR_Category": "FRAUD", "UCR_Description": "CREDIT CARD/ATM FRAUD", "NIBRS_Group": "A", "NIBRS_Offense_Group": "CRIMES AGAINST PROPERTY", "Part_One_or_Part_Two": 2, "Ward": "926", "Precinct": "RIDGEWAY", "Source_ObjectID": "248070", "ObjectId": 1657249}}, {"type": "Feature", "id": 1657250, "geometry": {"type": "Point", "coordinates": [-90.035, 35.061]}, "properties": {"Crime_ID": "2405033454ME", "Offense_Datetime": 1717204860000, "Reported_Datetime": 1717208400000, "Agency_Crime_ID": "INTIMIDATION/DV", "UCR_Incident_Code": "13C", "Block": 3200, "Street_Name": "LAKEVIEW RD", "Street_Address": "3200 LAKEVIEW RD", "City": "MEMPHIS", "State": "TN", "ZIP_Code": "38109", "Full_Address": "3200 LAKEVIEW RD MEMPHIS TN 38109", "Latitude": 35.061, "Longitude": -90.035, "UCR_Category": "ASSAULT", "UCR_Description": "INTIMIDATION", "NIBRS_Group": "A", "NIBRS_Offense_Group": "CRIMES AGAINST PERSONS", "Part_One_or_Part_Two": 2, "Ward": "224", "Precinct": "RAINES", "Source_ObjectID": "521865", "ObjectId": 1657250}}, {"type": "Feature", "id": 1657251, "geometry": {"type": "Point", "coordinates": [-89.893, 35.221]}, "properties": {"Crime_ID": "2105004456ME", "Offense_Datetime": 1620764400000, "Reported_Datetime": 1620766020000, "Agency_Crime_ID": "SHOPLIFTING/MISDEMEANOR", "UCR_Incident_Code": "23C", "Block": 5000, "Street_Name": "YALE RD", "Street_Address": "5000 YALE RD", "City": "MEMPHIS", "State": "TN", "ZIP_Code": "38135", "Full_Address": "5000 YALE RD MEMPHIS TN 38135", "Latitude": 35.221, "Longitude": -89.893, "UCR_Category": "LARCENY/THEFT", "UCR_Description": "SHOPLIFTING", "NIBRS_Group": "A", "NIBRS_Offense_Group": "CRIMES AGAINST PROPERTY", "Part_One_or_Part_Two": 1, "Ward": "126", "Precinct": "AUSTIN PEAY", "Source_ObjectID": "173384", "ObjectId": 1657251}}, {"type": "Feature", "id": 1657252, "geometry": {"type": "Point", "coordinates": [-89.849, 35.103]}, "properties": {"Crime_ID": "2202007047ME", "Offense_Datetime": 1645111800000, "Reported_Datetime": 1645115640000, "Agency_Crime_ID": "THEFT OF VEHICLE PARTS/ACCESSORIES", "UCR_Incident_Code": "23G", "Block": 1600, "Street_Name": "INTERNATIONAL PLACE DR", "Street_Address": "1600 INTERNATIONAL PLACE DR", "City": "MEMPHIS", "State": "TN", "ZIP_Code": "38120", "Full_Address": "1600 INTERNATIONAL PLACE DR MEMPHIS TN 38120", "Latitude": 35.103, "Longitude": -89.849, "UCR_Category": "LARCENY/THEFT", "UCR_Description": "THEFT OF MV PARTS/ACCS", "NIBRS_Group": "A", "NIBRS_Offense_Group": "CRIMES AGAINST PROPERTY", "Part_One_or_Part_Two": 1, "Ward": "823", "Precinct": "APPLING FARMS", "Source_ObjectID": "251614", "ObjectId": 1657252}}, {"type": "Feature", "id": 1657253, "geometry": {"type": "Point", "coordinates": [-89.863, 35.072]}, "properties": {"Crime_ID": "2504031038ME", "Offense_Datetime": 1745973120000, "Reported_Datetime": 1745973780000, "Agency_Crime_ID": "DRUGS/NARCOTICS VIOLATION/MISDEMEANOR", "UCR_Incident_Code": "35A", "Block": 6000, "Street_Name": "MOUNT MORIAH RD", "Street_Address": "6000 MOUNT MORIAH RD", "City": "MEMPHIS", "State": "TN", "ZIP_Code": "38115", "Full_Address": "6000 MOUNT MORIAH RD MEMPHIS TN 38115", "Latitude": 35.072, "Longitude": -89.863, "UCR_Category": "DRUG/NARCOTIC", "UCR_Description": "DRUG/NARCOTIC VIOLS", "NIBRS_Group": "A", "NIBRS_Offense_Group": "CRIMES AGAINST SOCIETY", "Part_One_or_Part_Two": 2, "Ward": "925", "Precinct": "RIDGEWAY", "Source_ObjectID": "617645", "ObjectId": 1657253}}, {"type": "Feature", "id": 1657255, "geometry": {"type": "Point", "coordinates": [-89.913, 35.054]}, "properties": {"Crime_ID": "2201011353ME", "Offense_Datetime": 1643388600000, "Reported_Datetime": 1643389380000, "Agency_Crime_ID": "DRUGS/NARCOTICS VIOLATION/FELONY", "UCR_Incident_Code": "35A", "Block": 4500, "Street_Name": "WATER TREE DR", "Street_Address": "4500 WATER TREE DR", "City": "MEMPHIS", "State": "TN", "ZIP_Code": "38118", "Full_Address": "4500 WATER TREE DR MEMPHIS TN 38118", "Latitude": 35.054, "Longitude": -89.913, "UCR_Category": "DRUG/NARCOTIC", "UCR_Description": "DRUG/NARCOTIC VIOLS", "NIBRS_Group": "A", "NIBRS_Offense_Group": "CRIMES AGAINST SOCIETY", "Part_One_or_Part_Two": 2, "Ward": "325", "Precinct": "MT MORIAH", "Source_ObjectID": "246214", "ObjectId": 1657255}}, {"type": "Feature", "id": 1657256, "geometry": {"type": "Point", "coordinates": [-89.965, 35.138]}, "properties": {"Crime_ID": "2505032113ME", "Offense_Datetime": 1748736000000, "Reported_Datetime": 1748737920000, "Agency_Crime_ID": "DRUGS/NARCOTICS VIOLATION/MISDEMEANOR", "UCR_Incident_Code": "35A", "Block": 200, "Street_Name": "W RED OAK DR", "Street_Address": "200 W RED OAK DR", "City": "MEMPHIS", "State": "TN", "ZIP_Code": "38112", "Full_Address": "200 W RED OAK DR MEMPHIS TN 38112", "Latitude": 35.138, "Longitude": -89.965, "UCR_Category": "DRUG/NARCOTIC", "UCR_Description": "DRUG/NARCOTIC VIOLS", "NIBRS_Group": "A", "NIBRS_Offense_Group": "CRIMES AGAINST SOCIETY", "Part_One_or_Part_Two": 2, "Ward": "523", "Precinct": "TILLMAN", "Source_ObjectID": "626565", "ObjectId": 1657256}}, {"type": "Feature", "id": 1657257, "geometry": {"type": "Point", "coordinates": [-89.789, 35.17]}, "properties": {"Crime_ID": "2407026183ME", "Offense_Datetime": 1720995900000, "Reported_Datetime": 1720997580000, "Agency_Crime_ID": "SIMPLE ASSAULT", "UCR_Incident_Code": "13B", "Block": 1600, "Street_Name": "SMOKEHOUSE DR", "Street_Address": "1600 SMOKEHOUSE DR", "City": "MEMPHIS", "State": "TN", "ZIP_Code": "38016", "Full_Address": "1600 SMOKEHOUSE DR MEMPHIS TN 38016", "Latitude": 35.17, "Longitude": -89.789, "UCR_Category": "ASSAULT", "UCR_Description": "SIMPLE ASSAULT", "NIBRS_Group": "A", "NIBRS_Offense_Group": "CRIMES AGAINST PERSONS", "Part_One_or_Part_Two": 2, "Ward": "826", "Precinct": "APPLING FARMS", "Source_ObjectID": "536734", "ObjectId": 1657257}}, {"type": "Feature", "id": 1657258, "geometry": {"type": "Point", "coordinates": [-89.97, 35.226]}, "properties": {"Crime_ID": "2405025065ME", "Offense_Datetime": 1715493600000, "Reported_Datetime": 1715565900000, "Agency_Crime_ID": "SIMPLE ASSAULT/DV", "UCR_Incident_Code": "13B", "Block": 2700, "Street_Name": "SOUTH MEADE AVE", "Street_Address": "2700 SOUTH MEADE AVE", "City": "MEMPHIS", "State": "TN", "ZIP_Code": "38127", "Full_Address": "2700 SOUTH MEADE AVE MEMPHIS TN 38127", "Latitude": 35.226, "Longitude": -89.97, "UCR_Category": "ASSAULT", "UCR_Description": "SIMPLE ASSAULT", "NIBRS_Group": "A", "NIBRS_Offense_Group": "CRIMES AGAINST PERSONS", "Part_One_or_Part_Two": 2, "Ward": "123", "Precinct": "AUSTIN PEAY", "Source_ObjectID": "515335", "ObjectId": 1657258}}, {"type": "Feature", "id": 1657259, "geometry": {"type": "Point", "coordinates": [-89.998, 35.224]}, "properties": {"Crime_ID": "2409021460ME", "Offense_Datetime": 1724853600000, "Reported_Datetime": 1725471300000, "Agency_Crime_ID": "INTIMIDATION", "UCR_Incident_Code": "13C", "Block": 1900, "Street_Name": "GAYLE DR", "Street_Address": "1900 GAYLE DR", "City": "MEMPHIS", "State": "TN", "ZIP_Code": "38105", "Full_Address": "1900 GAYLE DR MEMPHIS TN 38105", "Latitude": 35.224, "Longitude": -89.998, "UCR_Category": "ASSAULT", "UCR_Description": "INTIMIDATION", "NIBRS_Group": "A", "NIBRS_Offense_Group": "CRIMES AGAINST PERSONS", "Part_One_or_Part_Two": 2, "Ward": "123", "Precinct": "AUSTIN PEAY", "Source_ObjectID": "552599", "ObjectId": 1657259}}, {"type": "Feature", "id": 1657260, "geometry": {"type": "Point", "coordinates": [-89.988, 35.21]}, "properties": {"Crime_ID": "2305027203ME", "Offense_Datetime": 1684207800000, "Reported_Datetime": 1684289760000, "Agency_Crime_ID": "BURGLARY/RESIDENTIAL", "UCR_Incident_Code": "220", "Block": 2200, "Street_Name": "SLOCUM AVE", "Street_Address": "2200 SLOCUM AVE", "City": "MEMPHIS", "State": "TN", "ZIP_Code": "38127", "Full_Address": "2200 SLOCUM AVE MEMPHIS TN 38127", "Latitude": 35.21, "Longitude": -89.988, "UCR_Category": "BURG/BREAK & ENTER", "UCR_Description": "BURG/BREAK & ENTER", "NIBRS_Group": "A", "NIBRS_Offense_Group": "CRIMES AGAINST PROPERTY", "Part_One_or_Part_Two": 1, "Ward": "122", "Precinct": "AUSTIN PEAY", "Source_ObjectID": "397987", "ObjectId": 1657260}}, {"type": "Feature", "id": 1657261, "geometry": {"type": "Point", "coordinates": [-90.029, 35.165]}, "properties": {"Crime_ID": "2104010231ME", "Offense_Datetime": 1619314440000, "Reported_Datetime": 1619314500000, "Agency_Crime_ID": "BURGLARY/RESIDENTIAL", "UCR_Incident_Code": "220", "Block": 800, "Street_Name": "N DUNLAP ST", "Street_Address": "800 N DUNLAP ST", "City": "MEMPHIS", "State": "TN", "ZIP_Code": "38107", "Full_Address": "800 N DUNLAP ST MEMPHIS TN 38107", "Latitude": 35.165, "Longitude": -90.029, "UCR_Category": "BURG/BREAK & ENTER", "UCR_Description": "BURG/BREAK & ENTER", "NIBRS_Group": "A", "NIBRS_Offense_Group": "CRIMES AGAINST PROPERTY", "Part_One_or_Part_Two": 1, "Ward": "626", "Precinct": "NORTH MAIN", "Source_ObjectID": "168991", "ObjectId": 1657261}}, {"type": "Feature", "id": 1657262, "geometry": {"type": "Point", "coordinates": [-89.789, 35.199]}, "properties": {"Crime_ID": "2211009009ME", "Offense_Datetime": 1668630540000, "Reported_Datetime": 1668798600000, "Agency_Crime_ID": "SHOPLIFTING/FELONY", "UCR_Incident_Code": "23C", "Block": 2700, "Street_Name": "N GERMANTOWN PKWY", "Street_Address": "2700 N GERMANTOWN PKWY", "City": "MEMPHIS", "State": "TN", "ZIP_Code": "38133", "Full_Address": "2700 N GERMANTOWN PKWY MEMPHIS TN 38133", "Latitude": 35.199, "Longitude": -89.789, "UCR_Category": "LARCENY/THEFT", "UCR_Description": "SHOPLIFTING", "NIBRS_Group": "A", "NIBRS_Offense_Group": "CRIMES AGAINST PROPERTY", "Part_One_or_Part_Two": 1, "Ward": "826", "Precinct": "APPLING FARMS", "Source_ObjectID": "337819", "ObjectId": 1657262}}, {"type": "Feature", "id": 1657263, "geometry": {"type": "Point", "coordinates": [-89.907, 35.148]}, "properties": {"Crime_ID": "2311027650ME", "Offense_Datetime": 1700348400000, "Reported_Datetime": 1700353680000, "Agency_Crime_ID": "SHOPLIFTING/MISDEMEANOR", "UCR_Incident_Code": "23C", "Block": 4600, "Street_Name": "SUMMER AVE", "Street_Address": "4600 SUMMER AVE", "City": "MEMPHIS", "State": "TN", "ZIP_Code": "38122", "Full_Address": "4600 SUMMER AVE MEMPHIS TN 38122", "Latitude": 35.148, "Longitude": -89.907, "UCR_Category": "LARCENY/THEFT", "UCR_Description": "SHOPLIFTING", "NIBRS_Group": "A", "NIBRS_Offense_Group": "CRIMES AGAINST PROPERTY", "Part_One_or_Part_Two": 1, "Ward": "821", "Precinct": "APPLING FARMS", "Source_ObjectID": "463050", "ObjectId": 1657263}}, {"type": "Feature", "id": 1657264, "geometry": {"type": "Point", "coordinates": [-89.851, 35.034]}, "properties": {"Crime_ID": "2203013457ME", "Offense_Datetime": 1648778400000, "Reported_Datetime": 1648783980000, "Agency_Crime_ID": "AGGRAVATED ASSAULT/DV", "UCR_Incident_Code": "13A", "Block": 6300, "Street_Name": "TRILLIUM TRL", "Street_Address": "6300 TRILLIUM TRL", "City": "MEMPHIS", "State": "TN", "ZIP_Code": "38141", "Full_Address": "6300 TRILLIUM TRL MEMPHIS TN 38141", "Latitude": 35.034, "Longitude": -89.851, "UCR_Category": "AGGRAVATED ASSAULT", "UCR_Description": "AGGRAVATED ASSAULT", "NIBRS_Group": "A", "NIBRS_Offense_Group": "CRIMES AGAINST PERSONS", "Part_One_or_Part_Two": 1, "Ward": "923", "Precinct": "RIDGEWAY", "Source_ObjectID": "262616", "ObjectId": 1657264}}, {"type": "Feature", "id": 1657265, "geometry": {"type": "Point", "coordinates": [-89.972, 35.106]}, "properties": {"Crime_ID": "2408024083ME", "Offense_Datetime": 1723338900000, "Reported_Datetime": 1723340400000, "Agency_Crime_ID": "PURSE-SNATCHING", "UCR_Incident_Code": "23B", "Block": 0, "Street_Name": "BUNTYN ST//SELECT AVE", "Street_Address": " BUNTYN ST//SELECT AVE", "City": "MEMPHIS", "State": "TN", "ZIP_Code": "38114", "Full_Address": " BUNTYN ST//SELECT AVE MEMPHIS TN 38114", "Latitude": 35.106, "Longitude": -89.972, "UCR_Category": "LARCENY/THEFT", "UCR_Description": "PURSE-SNATCHING", "NIBRS_Group": "A", "NIBRS_Offense_Group": "CRIMES AGAINST PROPERTY", "Part_One_or_Part_Two": 1, "Ward": "726", "Precinct": "AIRWAYS", "Source_ObjectID": "545162", "ObjectId": 1657265}}, {"type": "Feature", "id": 1657266, "geometry": {"type": "Point", "coordinates": [-90.017, 35.1]}, "properties": {"Crime_ID": "2203010008ME", "Offense_Datetime": 1648134000000, "Reported_Datetime": 1648135500000, "Agency_Crime_ID": "SIMPLE ASSAULT", "UCR_Incident_Code": "13B", "Block": 1300, "Street_Name": "PERSON AVE", "Street_Address": "1300 PERSON AVE", "City": "MEMPHIS", "State": "TN", "ZIP_Code": "38106", "Full_Address": "1300 PERSON AVE MEMPHIS TN 38106", "Latitude": 35.1, "Longitude": -90.017, "UCR_Category": "ASSAULT", "UCR_Description": "SIMPLE ASSAULT", "NIBRS_Group": "A", "NIBRS_Offense_Group": "CRIMES AGAINST PERSONS", "Part_One_or_Part_Two": 2, "Ward": "723", "Precinct": "AIRWAYS", "Source_ObjectID": "260459", "ObjectId": 1657266}}, {"type": "Feature", "id": 1657267, "geometry": {"type": "Point", "coordinates": [-90.023, 35.035]}, "properties": {"Crime_ID": "2303015621ME", "Offense_Datetime": 1680222600000, "Reported_Datetime": 1680224520000, "Agency_Crime_ID": "AGGRAVATED ASSAULT", "UCR_Incident_Code": "13A", "Block": 1200, "Street_Name": "E RAINES RD", "Street_Address": "1200 E RAINES RD", "City": "MEMPHIS", "State": "TN", "ZIP_Code": "38109", "Full_Address": "1200 E RAINES RD MEMPHIS TN 38109", "Latitude": 35.035, "Longitude": -90.023, "UCR_Category": "AGGRAVATED ASSAULT", "UCR_Description": "AGGRAVATED ASSAULT", "NIBRS_Group": "A", "NIBRS_Offense_Group": "CRIMES AGAINST PERSONS", "Part_One_or_Part_Two": 1, "Ward": "225", "Precinct": "RAINES", "Source_ObjectID": "381377", "ObjectId": 1657267}}, {"type": "Feature", "id": 1657268, "geometry": {"type": "Point", "coordinates": [-90.009, 35.158]}, "properties": {"Crime_ID": "2209009354ME", "Offense_Datetime": 1663338000000, "Reported_Datetime": 1663592880000, "Agency_Crime_ID": "BURGLARY/RESIDENTIAL", "UCR_Incident_Code": "220", "Block": 1400, "Street_Name": "LYNDALE AVE", "Street_Address": "1400 LYNDALE AVE", "City": "MEMPHIS", "State": "TN", "ZIP_Code": "38107", "Full_Address": "1400 LYNDALE AVE MEMPHIS TN 38107", "Latitude": 35.158, "Longitude": -90.009, "UCR_Category": "BURG/BREAK & ENTER", "UCR_Description": "BURG/BREAK & ENTER", "NIBRS_Group": "A", "NIBRS_Offense_Group": "CRIMES AGAINST PROPERTY", "Part_One_or_Part_Two": 1, "Ward": "425", "Precinct": "CRUMP", "Source_ObjectID": "317847", "ObjectId": 1657268}}, {"type": "Feature", "id": 1657269, "geometry": {"type": "Point", "coordinates": [-90.011, 35.14]}, "properties": {"Crime_ID": "2308009587ME", "Offense_Datetime": 1692230400000, "Reported_Datetime": 1692293340000, "Agency_Crime_ID": "MVT/PASSENGER VEHICLE", "UCR_Incident_Code": "240", "Block": 1400, "Street_Name": "COURT AVE", "Street_Address": "1400 COURT AVE", "City": "MEMPHIS", "State": "TN", "ZIP_Code": "38104", "Full_Address": "1400 COURT AVE MEMPHIS TN 38104", "Latitude": 35.14, "Longitude": -90.011, "UCR_Category": "MOTOR VEHICLE THEFT", "UCR_Description": "MOTOR VEHICLE THEFT", "NIBRS_Group": "A", "NIBRS_Offense_Group": "CRIMES AGAINST PROPERTY", "Part_One_or_Part_Two": 1, "Ward": "423", "Precinct": "CRUMP", "Source_ObjectID": "431613", "ObjectId": 1657269}}, {"type": "Feature", "id": 1657270, "geometry": {"type": "Point", "coordinates": [-89.8, 35.193]}, "properties": {"Crime_ID": "2312023740ME", "Offense_Datetime": 1702159200000, "Reported_Datetime": 1702220160000, "Agency_Crime_ID": "MVT/PASSENGER VEHICLE", "UCR_Incident_Code": "240", "Block": 2400, "Street_Name": "CRESCENT GLEN CIR", "Street_Address": "2400 CRESCENT GLEN CIR", "City": "MEMPHIS", "State": "TN", "ZIP_Code": "38133", "Full_Address": "2400 CRESCENT GLEN CIR MEMPHIS TN 38133", "Latitude": 35.193, "Longitude": -89.8, "UCR_Category": "MOTOR VEHICLE THEFT", "UCR_Description": "MOTOR VEHICLE THEFT", "NIBRS_Group": "A", "NIBRS_Offense_Group": "CRIMES AGAINST PROPERTY", "Part_One_or_Part_Two": 1, "Ward": "825", "Precinct": "APPLING FARMS", "Source_ObjectID": "469559", "ObjectId": 1657270}}, {"type": "Feature", "id": 1657271, "geometry": {"type": "Point", "coordinates": [-89.894, 35.223]}, "properties": {"Crime_ID": "2412020279ME", "Offense_Datetime": 1732734000000, "Reported_Datetime": 1733106300000, "Agency_Crime_ID": "MVT/PASSENGER VEHICLE", "UCR_Incident_Code": "240", "Block": 3500, "Street_Name": "COVINGTON PIKE", "Street_Address": "3500 COVINGTON PIKE", "City": "MEMPHIS", "State": "TN", "ZIP_Code": "38128", "Full_Address": "3500 COVINGTON PIKE MEMPHIS TN 38128", "Latitude": 35.223, "Longitude": -89.894, "UCR_Category": "MOTOR VEHICLE THEFT", "UCR_Description": "MOTOR VEHICLE THEFT", "NIBRS_Group": "A", "NIBRS_Offense_Group": "CRIMES AGAINST PROPERTY", "Part_One_or_Part_Two": 1, "Ward": "126", "Precinct": "AUSTIN PEAY", "Source_ObjectID": "578250", "ObjectId": 1657271}}, {"type": "Feature", "id": 1657272, "geometry": {"type": "Point", "coordinates": [-89.935, 35.056]}, "properties": {"Crime_ID": "2411022373ME", "Offense_Datetime": 1730936700000, "Reported_Datetime": 1730942760000, "Agency_Crime_ID": "VANDALISM/FELONY", "UCR_Incident_Code": "290", "Block": 3400, "Street_Name": "OLD GETWELL RD", "Street_Address": "3400 OLD GETWELL RD", "City": "MEMPHIS", "State": "TN", "ZIP_Code": "38118", "Full_Address": "3400 OLD GETWELL RD MEMPHIS TN 38118", "Latitude": 35.056, "Longitude": -89.935, "UCR_Category": "DEST/DAM/VAND OF PROPERTY", "UCR_Description": "DEST/DAM/VAND OF PROPERTY", "NIBRS_Group": "A", "NIBRS_Offense_Group": "CRIMES AGAINST PROPERTY", "Part_One_or_Part_Two": 2, "Ward": "321", "Precinct": "MT MORIAH", "Source_ObjectID": "571626", "ObjectId": 1657272}}, {"type": "Feature", "id": 1657273, "geometry": {"type": "Point", "coordinates": [-89.961, 35.173]}, "properties": {"Crime_ID": "2409028425ME", "Offense_Datetime": 1726882200000, "Reported_Datetime": 1726884360000, "Agency_Crime_ID": "THEFT FROM MOTOR VEHICLE", "UCR_Incident_Code": "23F", "Block": 1400, "Street_Name": "LAKE GROVE ST", "Street_Address": "1400 LAKE GROVE ST", "City": "MEMPHIS", "State": "TN", "ZIP_Code": "38122", "Full_Address": "1400 LAKE GROVE ST MEMPHIS TN 38122", "Latitude": 35.173, "Longitude": -89.961, "UCR_Category": "LARCENY/THEFT", "UCR_Description": "THEFT FROM A MOTOR VEHICLE", "NIBRS_Group": "A", "NIBRS_Offense_Group": "CRIMES AGAINST PROPERTY", "Part_One_or_Part_Two": 1, "Ward": "526", "Precinct": "TILLMAN", "Source_ObjectID": "557622", "ObjectId": 1657273}}, {"type": "Feature", "id": 1657274, "geometry": {"type": "Point", "coordinates": [-89.951, 35.087]}, "properties": {"Crime_ID": "2304002173ME", "Offense_Datetime": 1680703200000, "Reported_Datetime": 1680705240000, "Agency_Crime_ID": "SIMPLE ASSAULT", "UCR_Incident_Code": "13B", "Block": 1600, "Street_Name": "PRESCOTT RD", "Street_Address": "1600 PRESCOTT RD", "City": "MEMPHIS", "State": "TN", "ZIP_Code": "38114", "Full_Address": "1600 PRESCOTT RD MEMPHIS TN 38114", "Latitude": 35.087, "Longitude": -89.951, "UCR_Category": "ASSAULT", "UCR_Description": "SIMPLE ASSAULT", "NIBRS_Group": "A", "NIBRS_Offense_Group": "CRIMES AGAINST PERSONS", "Part_One_or_Part_Two": 2, "Ward": "726", "Precinct": "AIRWAYS", "Source_ObjectID": "383087", "ObjectId": 1657274}}, {"type": "Feature", "id": 1657275, "geometry": {"type": "Point", "coordinates": [-89.849, 35.064]}, "properties": {"Crime_ID": "2509027517ME", "Offense_Datetime": 1758348000000, "Reported_Datetime": 1758355560000, "Agency_Crime_ID": "VANDALISM/MISDEMEANOR", "UCR_Incident_Code": "290", "Block": 3000, "Street_Name": "MORIAH TRL", "Street_Address": "3000 MORIAH TRL", "City": "MEMPHIS", "State": "TN", "ZIP_Code": "38115", "Full_Address": "3000 MORIAH TRL MEMPHIS TN 38115", "Latitude": 35.064, "Longitude": -89.849, "UCR_Category": "DEST/DAM/VAND OF PROPERTY", "UCR_Description": "DEST/DAM/VAND OF PROPERTY", "NIBRS_Group": "A", "NIBRS_Offense_Group": "CRIMES AGAINST PROPERTY", "Part_One_or_Part_Two": 2, "Ward": "925", "Precinct": "RIDGEWAY", "Source_ObjectID": "655935", "ObjectId": 1657275}}, {"type": "Feature", "id": 1657276, "geometry": {"type": "Point", "coordinates": [-89.957, 35.143]}, "properties": {"Crime_ID": "2201011649ME", "Offense_Datetime": 1643430900000, "Reported_Datetime": 1643436780000, "Agency_Crime_ID": "VANDALISM/MISDEMEANOR", "UCR_Incident_Code": "290", "Block": 3100, "Street_Name": "YALE AVE", "Street_Address": "3100 YALE AVE", "City": "MEMPHIS", "State": "TN", "ZIP_Code": "38112", "Full_Address": "3100 YALE AVE MEMPHIS TN 38112", "Latitude": 35.143, "Longitude": -89.957, "UCR_Category": "DEST/DAM/VAND OF PROPERTY", "UCR_Description": "DEST/DAM/VAND OF PROPERTY", "NIBRS_Group": "A", "NIBRS_Offense_Group": "CRIMES AGAINST PROPERTY", "Part_One_or_Part_Two": 2, "Ward": "523", "Precinct": "TILLMAN", "Source_ObjectID": "246401", "ObjectId": 1657276}}, {"type": "Feature", "id": 1657277, "geometry": {"type": "Point", "coordinates": [-90.019, 35.03]}, "properties": {"Crime_ID": "2511023784ME", "Offense_Datetime": 1762984200000, "Reported_Datetime": 1762985880000, "Agency_Crime_ID": "AGGRAVATED ASSAULT", "UCR_Incident_Code": "13A", "Block": 1300, "Street_Name": "FARONIA SQ", "Street_Address": "1300 FARONIA SQ", "City": "MEMPHIS", "State": "TN", "ZIP_Code": "38116", "Full_Address": "1300 FARONIA SQ MEMPHIS TN 38116", "Latitude": 35.03, "Longitude": -90.019, "UCR_Category": "AGGRAVATED ASSAULT", "UCR_Description": "AGGRAVATED ASSAULT", "NIBRS_Group": "A", "NIBRS_Offense_Group": "CRIMES AGAINST PERSONS", "Part_One_or_Part_Two": 1, "Ward": "225", "Precinct": "RAINES", "Source_ObjectID": "667494", "ObjectId": 1657277}}, {"type": "Feature", "id": 1657278, "geometry": {"type": "Point", "coordinates": [-90.068, 35.106]}, "properties": {"Crime_ID": "2508024710ME", "Offense_Datetime": 1754587800000, "Reported_Datetime": 1755091140000, "Agency_Crime_ID": "VANDALISM/FELONY", "UCR_Incident_Code": "290", "Block": 1500, "Street_Name": "PENNSYLVANIA ST", "Street_Address": "1500 PENNSYLVANIA ST", "City": "MEMPHIS", "State": "TN", "ZIP_Code": "38114", "Full_Address": "1500 PENNSYLVANIA ST MEMPHIS TN 38114", "Latitude": 35.106, "Longitude": -90.068, "UCR_Category": "DEST/DAM/VAND OF PROPERTY", "UCR_Description": "DEST/DAM/VAND OF PROPERTY", "NIBRS_Group": "A", "NIBRS_Offense_Group": "CRIMES AGAINST PROPERTY", "Part_One_or_Part_Two": 2, "Ward": "721", "Precinct": "AIRWAYS", "Source_ObjectID": "646165", "ObjectId": 1657278}}, {"type": "Feature", "id": 1657279, "geometry": {"type": "Point", "coordinates": [-89.861, 35.024]}, "properties": {"Crime_ID": "2204004558ME", "Offense_Datetime": 1648386000000, "Reported_Datetime": 1649702580000, "Agency_Crime_ID": "FALSE PRETENSES/SWINDLE/CONFIDENCE GAME", "UCR_Incident_Code": "26A", "Block": 6000, "Street_Name": "HARVEST HILL CV", "Street_Address": "6000 HARVEST HILL CV", "City": "MEMPHIS", "State": "TN", "ZIP_Code": "38141", "Full_Address": "6000 HARVEST HILL CV MEMPHIS TN 38141", "Latitude": 35.024, "Longitude": -89.861, "UCR_Category": "FRAUD", "UCR_Description": "FALSE PRETENSES/SWIN/CONF", "NIBRS_Group": "A", "NIBRS_Offense_Group": "CRIMES AGAINST PROPERTY", "Part_One_or_Part_Two": 2, "Ward": "923", "Precinct": "RIDGEWAY", "Source_ObjectID": "265617", "ObjectId": 1657279}}, {"type": "Feature", "id": 1657280, "geometry": {"type": "Point", "coordinates": [-89.94, 35.235]}, "properties": {"Crime_ID": "2110004315ME", "Offense_Datetime": 1633878000000, "Reported_Datetime": 1633880520000, "Agency_Crime_ID": "SIMPLE ASSAULT/DV", "UCR_Incident_Code": "13B", "Block": 4000, "Street_Name": "STOWE", "Street_Address": "4000 STOWE", "City": "MEMPHIS", "State": "TN", "ZIP_Code": "38128", "Full_Address": "4000 STOWE MEMPHIS TN 38128", "Latitude": 35.235, "Longitude": -89.94, "UCR_Category": "ASSAULT", "UCR_Description": "SIMPLE ASSAULT", "NIBRS_Group": "A", "NIBRS_Offense_Group": "CRIMES AGAINST PERSONS", "Part_One_or_Part_Two": 2, "Ward": "125", "Precinct": "AUSTIN PEAY", "Source_ObjectID": "216070", "ObjectId": 1657280}}, {"type": "Feature", "id": 1657281, "geometry": {"type": "Point", "coordinates": [-90.024, 35.061]}, "properties": {"Crime_ID": "2106012232ME", "Offense_Datetime": 1624958340000, "Reported_Datetime": 1624958340000, "Agency_Crime_ID": "THEFT OF VEHICLE PARTS/ACCESSORIES", "UCR_Incident_Code": "23G", "Block": 3200, "Street_Name": "ELVIS PRESLEY BLVD", "Street_Address": "3200 ELVIS PRESLEY BLVD", "City": "MEMPHIS", "State": "TN", "ZIP_Code": "38116", "Full_Address": "3200 ELVIS PRESLEY BLVD MEMPHIS TN 38116", "Latitude": 35.061, "Longitude": -90.024, "UCR_Category": "LARCENY/THEFT", "UCR_Description": "THEFT OF MV PARTS/ACCS", "NIBRS_Group": "A", "NIBRS_Offense_Group": "CRIMES AGAINST PROPERTY", "Part_One_or_Part_Two": 1, "Ward": "224", "Precinct": "RAINES", "Source_ObjectID": "186910", "ObjectId": 1657281}}, {"type": "Feature", "id": 1657282, "geometry": {"type": "Point", "coordinates": [-89.856, 35.055]}, "properties": {"Crime_ID": "2305028280ME", "Offense_Datetime": 1684126800000, "Reported_Datetime": 1684504740000, "Agency_Crime_ID": "VANDALISM/MISDEMEANOR", "UCR_Incident_Code": "290", "Block": 3400, "Street_Name": "FESCUE LN", "Street_Address": "3400 FESCUE LN", "City": "MEMPHIS", "State": "TN", "ZIP_Code": "38115", "Full_Address": "3400 FESCUE LN MEMPHIS TN 38115", "Latitude": 35.055, "Longitude": -89.856, "UCR_Category": "DEST/DAM/VAND OF PROPERTY", "UCR_Description": "DEST/DAM/VAND OF PROPERTY", "NIBRS_Group": "A", "NIBRS_Offense_Group": "CRIMES AGAINST PROPERTY", "Part_One_or_Part_Two": 2, "Ward": "925", "Precinct": "RIDGEWAY", "Source_ObjectID": "398869", "ObjectId": 1657282}}, {"type": "Feature", "id": 1657283, "geometry": {"type": "Point", "coordinates": [-90.019, 35.057]}, "properties": {"Crime_ID": "2304022235ME", "Offense_Datetime": 1682552700000, "Reported_Datetime": 1682554860000, "Agency_Crime_ID": "INTIMIDATION", "UCR_Incident_Code": "13C", "Block": 3300, "Street_Name": "DOVE CREEK CIR", "Street_Address": "3300 DOVE CREEK CIR", "City": "MEMPHIS", "State": "TN", "ZIP_Code": "38116", "Full_Address": "3300 DOVE CREEK CIR MEMPHIS TN 38116", "Latitude": 35.057, "Longitude": -90.019, "UCR_Category": "ASSAULT", "UCR_Description": "INTIMIDATION", "NIBRS_Group": "A", "NIBRS_Offense_Group": "CRIMES AGAINST PERSONS", "Part_One_or_Part_Two": 2, "Ward": "224", "Precinct": "RAINES", "Source_ObjectID": "390645", "ObjectId": 1657283}}, {"type": "Feature", "id": 1657284, "geometry": {"type": "Point", "coordinates": [-89.822, 35.045]}, "properties": {"Crime_ID": "2007001808ME", "Offense_Datetime": 1593932400000, "Reported_Datetime": 1593973920000, "Agency_Crime_ID": "SIMPLE ASSAULT", "UCR_Incident_Code": "13B", "Block": 3800, "Street_Name": "EDDINGTON RD", "Street_Address": "3800 EDDINGTON RD", "City": "MEMPHIS", "State": "TN", "ZIP_Code": "38125", "Full_Address": "3800 EDDINGTON RD MEMPHIS TN 38125", "Latitude": 35.045, "Longitude": -89.822, "UCR_Category": "ASSAULT", "UCR_Description": "SIMPLE ASSAULT", "NIBRS_Group": "A", "NIBRS_Offense_Group": "CRIMES AGAINST PERSONS", "Part_One_or_Part_Two": 2, "Ward": "924", "Precinct": "RIDGEWAY", "Source_ObjectID": "92485", "ObjectId": 1657284}}, {"type": "Feature", "id": 1657285, "geometry": {"type": "Point", "coordinates": [-89.987, 35.102]}, "properties": {"Crime_ID": "2108003775ME", "Offense_Datetime": 1628549100000, "Reported_Datetime": 1628550960000, "Agency_Crime_ID": "SIMPLE ASSAULT", "UCR_Incident_Code": "13B", "Block": 1500, "Street_Name": "AIRWAYS BLVD", "Street_Address": "1500 AIRWAYS BLVD", "City": "MEMPHIS", "State": "TN", "ZIP_Code": "38114", "Full_Address": "1500 AIRWAYS BLVD MEMPHIS TN 38114", "Latitude": 35.102, "Longitude": -89.987, "UCR_Category": "ASSAULT", "UCR_Description": "SIMPLE ASSAULT", "NIBRS_Group": "A", "NIBRS_Offense_Group": "CRIMES AGAINST PERSONS", "Part_One_or_Part_Two": 2, "Ward": "723", "Precinct": "AIRWAYS", "Source_ObjectID": "198615", "ObjectId": 1657285}}, {"type": "Feature", "id": 1657286, "geometry": {"type": "Point", "coordinates": [-90.017, 35.032]}, "properties": {"Crime_ID": "2207000953ME", "Offense_Datetime": 1656819600000, "Reported_Datetime": 1656820920000, "Agency_Crime_ID": "VANDALISM/MISDEMEANOR", "UCR_Incident_Code": "290", "Block": 4300, "Street_Name": "EASTWIND DR", "Street_Address": "4300 EASTWIND DR", "City": "MEMPHIS", "State": "TN", "ZIP_Code": "38116", "Full_Address": "4300 EASTWIND DR MEMPHIS TN 38116", "Latitude": 35.032, "Longitude": -90.017, "UCR_Category": "DEST/DAM/VAND OF PROPERTY", "UCR_Description": "DEST/DAM/VAND OF PROPERTY", "NIBRS_Group": "A", "NIBRS_Offense_Group": "CRIMES AGAINST PROPERTY", "Part_One_or_Part_Two": 2, "Ward": "225", "Precinct": "RAINES", "Source_ObjectID": "291958", "ObjectId": 1657286}}, {"type": "Feature", "id": 1657287, "geometry": {"type": "Point", "coordinates": [-89.972, 35.223]}, "properties": {"Crime_ID": "2102005916ME", "Offense_Datetime": 1613551800000, "Reported_Datetime": 1613553480000, "Agency_Crime_ID": "ROBBERY/INDIVIDUAL", "UCR_Incident_Code": "120", "Block": 3500, "Street_Name": "LADUE ST", "Street_Address": "3500 LADUE ST", "City": "MEMPHIS", "State": "TN", "ZIP_Code": "38127", "Full_Address": "3500 LADUE ST MEMPHIS TN 38127", "Latitude": 35.223, "Longitude": -89.972, "UCR_Category": "ROBBERY", "UCR_Description": "ROBBERY", "NIBRS_Group": "A", "NIBRS_Offense_Group": "CRIMES AGAINST PROPERTY", "Part_One_or_Part_Two": 1, "Ward": "123", "Precinct": "AUSTIN PEAY", "Source_ObjectID": "153126", "ObjectId": 1657287}}, {"type": "Feature", "id": 1657288, "geometry": {"type": "Point", "coordinates": [-90.054, 35.133]}, "properties": {"Crime_ID": "2209007354ME", "Offense_Datetime": 1663216800000, "Reported_Datetime": 1663246080000, "Agency_Crime_ID": "MVT/PASSENGER VEHICLE", "UCR_Incident_Code": "240", "Block": 200, "Street_Name": "G E PATTERSON AVE", "Street_Address": "200 G E PATTERSON AVE", "City": "MEMPHIS", "State": "TN", "ZIP_Code": "38103", "Full_Address": "200 G E PATTERSON AVE MEMPHIS TN 38103", "Latitude": 35.133, "Longitude": -90.054, "UCR_Category": "MOTOR VEHICLE THEFT", "UCR_Description": "MOTOR VEHICLE THEFT", "NIBRS_Group": "A", "NIBRS_Offense_Group": "CRIMES AGAINST PROPERTY", "Part_One_or_Part_Two": 1, "Ward": "621", "Precinct": "NORTH MAIN", "Source_ObjectID": "316535", "ObjectId": 1657288}}, {"type": "Feature", "id": 1657289, "geometry": {"type": "Point", "coordinates": [-89.892, 35.215]}, "properties": {"Crime_ID": "2109003154ME", "Offense_Datetime": 1631077500000, "Reported_Datetime": 1631078220000, "Agency_Crime_ID": "AGGRAVATED ASSAULT", "UCR_Incident_Code": "13A", "Block": 5100, "Street_Name": "CRAIGMONT DR", "Street_Address": "5100 CRAIGMONT DR", "City": "MEMPHIS", "State": "TN", "ZIP_Code": "38134", "Full_Address": "5100 CRAIGMONT DR MEMPHIS TN 38134", "Latitude": 35.215, "Longitude": -89.892, "UCR_Category": "AGGRAVATED ASSAULT", "UCR_Description": "AGGRAVATED ASSAULT", "NIBRS_Group": "A", "NIBRS_Offense_Group": "CRIMES AGAINST PERSONS", "Part_One_or_Part_Two": 1, "Ward": "126", "Precinct": "AUSTIN PEAY", "Source_ObjectID": "206755", "ObjectId": 1657289}}, {"type": "Feature", "id": 1657290, "geometry": {"type": "Point", "coordinates": [-90.025, 35.023]}, "properties": {"Crime_ID": "2306008218ME", "Offense_Datetime": 1687899360000, "Reported_Datetime": 1687901940000, "Agency_Crime_ID": "INTIMIDATION", "UCR_Incident_Code": "13C", "Block": 4600, "Street_Name": "ELVIS PRESLEY BLVD", "Street_Address": "4600 ELVIS PRESLEY BLVD", "City": "MEMPHIS", "State": "TN", "ZIP_Code": "38109", "Full_Address": "4600 ELVIS PRESLEY BLVD MEMPHIS TN 38109", "Latitude": 35.023, "Longitude": -90.025, "UCR_Category": "ASSAULT", "UCR_Description": "INTIMIDATION", "NIBRS_Group": "A", "NIBRS_Offense_Group": "CRIMES AGAINST PERSONS", "Part_One_or_Part_Two": 2, "Ward": "226", "Precinct": "RAINES", "Source_ObjectID": "408119", "ObjectId": 1657290}}, {"type": "Feature", "id": 1657291, "geometry": {"type": "Point", "coordinates": [-89.908, 35.112]}, "properties": {"Crime_ID": "2312031356ME", "Offense_Datetime": 1703891400000, "Reported_Datetime": 1703893140000, "Agency_Crime_ID": "WEAPON LAW VIOLATIONS/FELONY", "UCR_Incident_Code": "520", "Block": 700, "Street_Name": "PERKINS RD", "Street_Address": "700 PERKINS RD", "City": "MEMPHIS", "State": "TN", "ZIP_Code": "38117", "Full_Address": "700 PERKINS RD MEMPHIS TN 38117", "Latitude": 35.112, "Longitude": -89.908, "UCR_Category": "WEAPON LAW VIOLATION", "UCR_Description": "WEAPON LAW VIOL", "NIBRS_Group": "A", "NIBRS_Offense_Group": "CRIMES AGAINST SOCIETY", "Part_One_or_Part_Two": 2, "Ward": "522", "Precinct": "TILLMAN", "Source_ObjectID": "475205", "ObjectId": 1657291}}, {"type": "Feature", "id": 1657292, "geometry": {"type": "Point", "coordinates": [-89.807, 35.049]}, "properties": {"Crime_ID": "2205010022ME", "Offense_Datetime": 1653179400000, "Reported_Datetime": 1653181140000, "Agency_Crime_ID": "INTIMIDATION", "UCR_Incident_Code": "13C", "Block": 7700, "Street_Name": "WINCHESTER RD", "Street_Address": "7700 WINCHESTER RD", "City": "MEMPHIS", "State": "TN", "ZIP_Code": "38125", "Full_Address": "7700 WINCHESTER RD MEMPHIS TN 38125", "Latitude": 35.049, "Longitude": -89.807, "UCR_Category": "ASSAULT", "UCR_Description": "INTIMIDATION", "NIBRS_Group": "A", "NIBRS_Offense_Group": "CRIMES AGAINST PERSONS", "Part_One_or_Part_Two": 2, "Ward": "926", "Precinct": "RIDGEWAY", "Source_ObjectID": "278110", "ObjectId": 1657292}}, {"type": "Feature", "id": 1657293, "geometry": {"type": "Point", "coordinates": [-89.983, 35.222]}, "properties": {"Crime_ID": "2311020787ME", "Offense_Datetime": 1698959100000, "Reported_Datetime": 1698960180000, "Agency_Crime_ID": "SIMPLE ASSAULT", "UCR_Incident_Code": "13B", "Block": 3500, "Street_Name": "SUZANNE DR", "Street_Address": "3500 SUZANNE DR", "City": "MEMPHIS", "State": "TN", "ZIP_Code": "38116", "Full_Address": "3500 SUZANNE DR MEMPHIS TN 38116", "Latitude": 35.222, "Longitude": -89.983, "UCR_Category": "ASSAULT", "UCR_Description": "SIMPLE ASSAULT", "NIBRS_Group": "A", "NIBRS_Offense_Group": "CRIMES AGAINST PERSONS", "Part_One_or_Part_Two": 2, "Ward": "123", "Precinct": "AUSTIN PEAY", "Source_ObjectID": "457819", "ObjectId": 1657293}}, {"type": "Feature", "id": 1657294, "geometry": {"type": "Point", "coordinates": [-89.847, 35.167]}, "properties": {"Crime_ID": "2202010878ME", "Offense_Datetime": 1645759800000, "Reported_Datetime": 1645905540000, "Agency_Crime_ID": "SIMPLE ASSAULT/DV", "UCR_Incident_Code": "13B", "Block": 6400, "Street_Name": "CUMBRIAN CT", "Street_Address": "6400 CUMBRIAN CT", "City": "MEMPHIS", "State": "TN", "ZIP_Code": "38134", "Full_Address": "6400 CUMBRIAN CT MEMPHIS TN 38134", "Latitude": 35.167, "Longitude": -89.847, "UCR_Category": "ASSAULT", "UCR_Description": "SIMPLE ASSAULT", "NIBRS_Group": "A", "NIBRS_Offense_Group": "CRIMES AGAINST PERSONS", "Part_One_or_Part_Two": 2, "Ward": "822", "Precinct": "APPLING FARMS", "Source_ObjectID": "253748", "ObjectId": 1657294}}, {"type": "Feature", "id": 1657295, "geometry": {"type": "Point", "coordinates": [-90.051, 35.093]}, "properties": {"Crime_ID": "2309028823ME", "Offense_Datetime": 1694865600000, "Reported_Datetime": 1695317340000, "Agency_Crime_ID": "OTHER THEFT/NON-SPECIFIC", "UCR_Incident_Code": "23H", "Block": 1900, "Street_Name": "BELMAR ST", "Street_Address": "1900 BELMAR ST", "City": "MEMPHIS", "State": "TN", "ZIP_Code": "38106", "Full_Address": "1900 BELMAR ST MEMPHIS TN 38106", "Latitude": 35.093, "Longitude": -90.051, "UCR_Category": "LARCENY/THEFT", "UCR_Description": "ALL OTHER LARCENY", "NIBRS_Group": "A", "NIBRS_Offense_Group": "CRIMES AGAINST PROPERTY", "Part_One_or_Part_Two": 1, "Ward": "722", "Precinct": "AIRWAYS", "Source_ObjectID": "443580", "ObjectId": 1657295}}, {"type": "Feature", "id": 1657296, "geometry": {"type": "Point", "coordinates": [-90.042, 35.046]}, "properties": {"Crime_ID": "2105005219ME", "Offense_Datetime": 1620921600000, "Reported_Datetime": 1620924840000, "Agency_Crime_ID": "INTIMIDATION", "UCR_Incident_Code": "13C", "Block": 600, "Street_Name": "WOODSTONE CIR", "Street_Address": "600 WOODSTONE CIR", "City": "MEMPHIS", "State": "TN", "ZIP_Code": "38116", "Full_Address": "600 WOODSTONE CIR MEMPHIS TN 38116", "Latitude": 35.046, "Longitude": -90.042, "UCR_Category": "ASSAULT", "UCR_Description": "INTIMIDATION", "NIBRS_Group": "A", "NIBRS_Offense_Group": "CRIMES AGAINST PERSONS", "Part_One_or_Part_Two": 2, "Ward": "224", "Precinct": "RAINES", "Source_ObjectID": "173856", "ObjectId": 1657296}}, {"type": "Feature", "id": 1657297, "geometry": {"type": "Point", "coordinates": [-89.926, 35.24]}, "properties": {"Crime_ID": "2306025403ME", "Offense_Datetime": 1686631200000, "Reported_Datetime": 1686632220000, "Agency_Crime_ID": "SIMPLE ASSAULT/DV", "UCR_Incident_Code": "13B", "Block": 4100, "Street_Name": "TROOST DR", "Street_Address": "4100 TROOST DR", "City": "MEMPHIS", "State": "TN", "ZIP_Code": "38127", "Full_Address": "4100 TROOST DR MEMPHIS TN 38127", "Latitude": 35.24, "Longitude": -89.926, "UCR_Category": "ASSAULT", "UCR_Description": "SIMPLE ASSAULT", "NIBRS_Group": "A", "NIBRS_Offense_Group": "CRIMES AGAINST PERSONS", "Part_One_or_Part_Two": 2, "Ward": "125", "Precinct": "AUSTIN PEAY", "Source_ObjectID": "413715", "ObjectId": 1657297}}, {"type": "Feature", "id": 1657298, "geometry": {"type": "Point", "coordinates": [-89.935, 35.04]}, "properties": {"Crime_ID": "2308000126ME", "Offense_Datetime": 1690890900000, "Reported_Datetime": 1690893720000, "Agency_Crime_ID": "MVT/PASSENGER VEHICLE", "UCR_Incident_Code": "240", "Block": 3900, "Street_Name": "SENATOR ST", "Street_Address": "3900 SENATOR ST", "City": "MEMPHIS", "State": "TN", "ZIP_Code": "38118", "Full_Address": "3900 SENATOR ST MEMPHIS TN 38118", "Latitude": 35.04, "Longitude": -89.935, "UCR_Category": "MOTOR VEHICLE THEFT", "UCR_Description": "MOTOR VEHICLE THEFT", "NIBRS_Group": "A", "NIBRS_Offense_Group": "CRIMES AGAINST PROPERTY", "Part_One_or_Part_Two": 1, "Ward": "922", "Precinct": "RIDGEWAY", "Source_ObjectID": "425903", "ObjectId": 1657298}}, {"type": "Feature", "id": 1657299, "geometry": {"type": "Point", "coordinates": [-90.001, 35.037]}, "properties": {"Crime_ID": "2201010030ME", "Offense_Datetime": 1643141700000, "Reported_Datetime": 1643144820000, "Agency_Crime_ID": "SIMPLE ASSAULT", "UCR_Incident_Code": "13B", "Block": 1900, "Street_Name": "RAINES RD", "Street_Address": "1900 RAINES RD", "City": "MEMPHIS", "State": "TN", "ZIP_Code": "38116", "Full_Address": "1900 RAINES RD MEMPHIS TN 38116", "Latitude": 35.037, "Longitude": -90.001, "UCR_Category": "ASSAULT", "UCR_Description": "SIMPLE ASSAULT", "NIBRS_Group": "A", "NIBRS_Offense_Group": "CRIMES AGAINST PERSONS", "Part_One_or_Part_Two": 2, "Ward": "226", "Precinct": "RAINES", "Source_ObjectID": "245469", "ObjectId": 1657299}}, {"type": "Feature", "id": 1657300, "geometry": {"type": "Point", "coordinates": [-90.011, 35.168]}, "properties": {"Crime_ID": "2312022024ME", "Offense_Datetime": 1701840600000, "Reported_Datetime": 1701844020000, "Agency_Crime_ID": "SHOPLIFTING/MISDEMEANOR", "UCR_Incident_Code": "23C", "Block": 1000, "Street_Name": "WATKINS ST", "Street_Address": "1000 WATKINS ST", "City": "MEMPHIS", "State": "TN", "ZIP_Code": "38107", "Full_Address": "1000 WATKINS ST MEMPHIS TN 38107", "Latitude": 35.168, "Longitude": -90.011, "UCR_Category": "LARCENY/THEFT", "UCR_Description": "SHOPLIFTING", "NIBRS_Group": "A", "NIBRS_Offense_Group": "CRIMES AGAINST PROPERTY", "Part_One_or_Part_Two": 1, "Ward": "425", "Precinct": "CRUMP", "Source_ObjectID": "468235", "ObjectId": 1657300}}, {"type": "Feature", "id": 1657301, "geometry": {"type": "Point", "coordinates": [-89.989, 35.112]}, "properties": {"Crime_ID": "2112008728ME", "Offense_Datetime": 1640141700000, "Reported_Datetime": 1640142240000, "Agency_Crime_ID": "SIMPLE ASSAULT/DV", "UCR_Incident_Code": "13B", "Block": 2200, "Street_Name": "LONGSTREET DR", "Street_Address": "2200 LONGSTREET DR", "City": "MEMPHIS", "State": "TN", "ZIP_Code": "38114", "Full_Address": "2200 LONGSTREET DR MEMPHIS TN 38114", "Latitude": 35.112, "Longitude": -89.989, "UCR_Category": "ASSAULT", "UCR_Description": "SIMPLE ASSAULT", "NIBRS_Group": "A", "NIBRS_Offense_Group": "CRIMES AGAINST PERSONS", "Part_One_or_Part_Two": 2, "Ward": "424", "Precinct": "CRUMP", "Source_ObjectID": "236077", "ObjectId": 1657301}}, {"type": "Feature", "id": 1657302, "geometry": {"type": "Point", "coordinates": [-89.909, 35.119]}, "properties": {"Crime_ID": "2509023935ME", "Offense_Datetime": 1757520780000, "Reported_Datetime": 1757545440000, "Agency_Crime_ID": "SHOPLIFTING/MISDEMEANOR", "UCR_Incident_Code": "23C", "Block": 4500, "Street_Name": "POPLAR AVE", "Street_Address": "4500 POPLAR AVE", "City": "MEMPHIS", "State": "TN", "ZIP_Code": "38122", "Full_Address": "4500 POPLAR AVE MEMPHIS TN 38122", "Latitude": 35.119, "Longitude": -89.909, "UCR_Category": "LARCENY/THEFT", "UCR_Description": "SHOPLIFTING", "NIBRS_Group": "A", "NIBRS_Offense_Group": "CRIMES AGAINST PROPERTY", "Part_One_or_Part_Two": 1, "Ward": "522", "Precinct": "TILLMAN", "Source_ObjectID": "653617", "ObjectId": 1657302}}, {"type": "Feature", "id": 1657303, "geometry": {"type": "Point", "coordinates": [-89.916, 35.152]}, "properties": {"Crime_ID": "2408031143ME", "Offense_Datetime": 1724808300000, "Reported_Datetime": 1724814420000, "Agency_Crime_ID": "ARSON", "UCR_Incident_Code": "200", "Block": 4300, "Street_Name": "TUTWILER AVE", "Street_Address": "4300 TUTWILER AVE", "City": "MEMPHIS", "State": "TN", "ZIP_Code": "38122", "Full_Address": "4300 TUTWILER AVE MEMPHIS TN 38122", "Latitude": 35.152, "Longitude": -89.916, "UCR_Category": "ARSON", "UCR_Description": "ARSON", "NIBRS_Group": "A", "NIBRS_Offense_Group": "CRIMES AGAINST PROPERTY", "Part_One_or_Part_Two": 1, "Ward": "525", "Precinct": "TILLMAN", "Source_ObjectID": "550352", "ObjectId": 1657303}}, {"type": "Feature", "id": 1657304, "geometry": {"type": "Point", "coordinates": [-89.887, 35.007]}, "properties": {"Crime_ID": "2003012728ME", "Offense_Datetime": 1585706400000, "Reported_Datetime": 1585713480000, "Agency_Crime_ID": "THEFT OF OTHER TRAILER", "UCR_Incident_Code": "23H", "Block": 5200, "Street_Name": "LAMAR AVE", "Street_Address": "5200 LAMAR AVE", "City": "MEMPHIS", "State": "TN", "ZIP_Code": "38118", "Full_Address": "5200 LAMAR AVE MEMPHIS TN 38118", "Latitude": 35.007, "Longitude": -89.887, "UCR_Category": "LARCENY/THEFT", "UCR_Description": "ALL OTHER LARCENY", "NIBRS_Group": "A", "NIBRS_Offense_Group": "CRIMES AGAINST PROPERTY", "Part_One_or_Part_Two": 1, "Ward": "922", "Precinct": "RIDGEWAY", "Source_ObjectID": "67159", "ObjectId": 1657304}}, {"type": "Feature", "id": 1657305, "geometry": {"type": "Point", "coordinates": [-89.981, 35.096]}, "properties": {"Crime_ID": "2502022690ME", "Offense_Datetime": 1738677600000, "Reported_Datetime": 1739031060000, "Agency_Crime_ID": "BURGLARY/RESIDENTIAL", "UCR_Incident_Code": "220", "Block": 2400, "Street_Name": "BOYLE AVE", "Street_Address": "2400 BOYLE AVE", "City": "MEMPHIS", "State": "TN", "ZIP_Code": "38114", "Full_Address": "2400 BOYLE AVE MEMPHIS TN 38114", "Latitude": 35.096, "Longitude": -89.981, "UCR_Category": "BURG/BREAK & ENTER", "UCR_Description": "BURG/BREAK & ENTER", "NIBRS_Group": "A", "NIBRS_Offense_Group": "CRIMES AGAINST PROPERTY", "Part_One_or_Part_Two": 1, "Ward": "725", "Precinct": "AIRWAYS", "Source_ObjectID": "596777", "ObjectId": 1657305}}, {"type": "Feature", "id": 1657306, "geometry": {"type": "Point", "coordinates": [-89.859, 35.042]}, "properties": {"Crime_ID": "2403029614ME", "Offense_Datetime": 1711347420000, "Reported_Datetime": 1711347420000, "Agency_Crime_ID": "DRUGS/NARCOTICS VIOLATION/MISDEMEANOR", "UCR_Incident_Code": "35A", "Block": 3900, "Street_Name": "BALD EAGLE DR", "Street_Address": "3900 BALD EAGLE DR", "City": "MEMPHIS", "State": "TN", "ZIP_Code": "38115", "Full_Address": "3900 BALD EAGLE DR MEMPHIS TN 38115", "Latitude": 35.042, "Longitude": -89.859, "UCR_Category": "DRUG/NARCOTIC", "UCR_Description": "DRUG/NARCOTIC VIOLS", "NIBRS_Group": "A", "NIBRS_Offense_Group": "CRIMES AGAINST SOCIETY", "Part_One_or_Part_Two": 2, "Ward": "924", "Precinct": "RIDGEWAY", "Source_ObjectID": "500359", "ObjectId": 1657306}}, {"type": "Feature", "id": 1657307, "geometry": {"type": "Point", "coordinates": [-90.008, 35.026]}, "properties": {"Crime_ID": "2402025277ME", "Offense_Datetime": 1707869640000, "Reported_Datetime": 1707869640000, "Agency_Crime_ID": "AGGRAVATED ASSAULT/DV", "UCR_Incident_Code": "13A", "Block": 4400, "Street_Name": "MILLBRANCH RD", "Street_Address": "4400 MILLBRANCH RD", "City": "MEMPHIS", "State": "TN", "ZIP_Code": "38103", "Full_Address": "4400 MILLBRANCH RD MEMPHIS TN 38103", "Latitude": 35.026, "Longitude": -90.008, "UCR_Category": "AGGRAVATED ASSAULT", "UCR_Description": "AGGRAVATED ASSAULT", "NIBRS_Group": "A", "NIBRS_Offense_Group": "CRIMES AGAINST PERSONS", "Part_One_or_Part_Two": 1, "Ward": "225", "Precinct": "RAINES", "Source_ObjectID": "488649", "ObjectId": 1657307}}, {"type": "Feature", "id": 1657308, "geometry": {"type": "Point", "coordinates": [-90.042, 35.1]}, "properties": {"Crime_ID": "2505026417ME", "Offense_Datetime": 1747371600000, "Reported_Datetime": 1747486440000, "Agency_Crime_ID": "SIMPLE ASSAULT/DV", "UCR_Incident_Code": "13B", "Block": 1700, "Street_Name": "ORLEANS ST", "Street_Address": "1700 ORLEANS ST", "City": "MEMPHIS", "State": "TN", "ZIP_Code": "38106", "Full_Address": "1700 ORLEANS ST MEMPHIS TN 38106", "Latitude": 35.1, "Longitude": -90.042, "UCR_Category": "ASSAULT", "UCR_Description": "SIMPLE ASSAULT", "NIBRS_Group": "A", "NIBRS_Offense_Group": "CRIMES AGAINST PERSONS", "Part_One_or_Part_Two": 2, "Ward": "722", "Precinct": "AIRWAYS", "Source_ObjectID": "622569", "ObjectId": 1657308}}, {"type": "Feature", "id": 1657309, "geometry": {"type": "Point", "coordinates": [-89.892, 35.088]}, "properties": {"Crime_ID": "2405032748ME", "Offense_Datetime": 1716570000000, "Reported_Datetime": 1717090740000, "Agency_Crime_ID": "SHOPLIFTING/MISDEMEANOR", "UCR_Incident_Code": "23C", "Block": 5100, "Street_Name": "QUINCE RD", "Street_Address": "5100 QUINCE RD", "City": "MEMPHIS", "State": "TN", "ZIP_Code": "38117", "Full_Address": "5100 QUINCE RD MEMPHIS TN 38117", "Latitude": 35.088, "Longitude": -89.892, "UCR_Category": "LARCENY/THEFT", "UCR_Description": "SHOPLIFTING", "NIBRS_Group": "A", "NIBRS_Offense_Group": "CRIMES AGAINST PROPERTY", "Part_One_or_Part_Two": 1, "Ward": "323", "Precinct": "MT MORIAH", "Source_ObjectID": "521310", "ObjectId": 1657309}}, {"type": "Feature", "id": 1657310, "geometry": {"type": "Point", "coordinates": [-89.897, 35.111]}, "properties": {"Crime_ID": "2406031281ME", "Offense_Datetime": 1719446640000, "Reported_Datetime": 1719446640000, "Agency_Crime_ID": "COUNTERFEITING/FORGERY", "UCR_Incident_Code": "250", "Block": 700, "Street_Name": "S MENDENHALL RD", "Street_Address": "700 S MENDENHALL RD", "City": "MEMPHIS", "State": "TN", "ZIP_Code": "38117", "Full_Address": "700 S MENDENHALL RD MEMPHIS TN 38117", "Latitude": 35.111, "Longitude": -89.897, "UCR_Category": "COUNTERFEITING/FORGERY", "UCR_Description": "COUNTERFEITING/FORGERY", "NIBRS_Group": "A", "NIBRS_Offense_Group": "CRIMES AGAINST PROPERTY", "Part_One_or_Part_Two": 2, "Ward": "821", "Precinct": "APPLING FARMS", "Source_ObjectID": "530621", "ObjectId": 1657310}}, {"type": "Feature", "id": 1657311, "geometry": {"type": "Point", "coordinates": [-89.949, 35.112]}, "properties": {"Crime_ID": "2502021036ME", "Offense_Datetime": 1738644660000, "Reported_Datetime": 1738647360000, "Agency_Crime_ID": "SIMPLE ASSAULT", "UCR_Incident_Code": "13B", "Block": 3400, "Street_Name": "CARNES AVE", "Street_Address": "3400 CARNES AVE", "City": "MEMPHIS", "State": "TN", "ZIP_Code": "38111", "Full_Address": "3400 CARNES AVE MEMPHIS TN 38111", "Latitude": 35.112, "Longitude": -89.949, "UCR_Category": "ASSAULT", "UCR_Description": "SIMPLE ASSAULT", "NIBRS_Group": "A", "NIBRS_Offense_Group": "CRIMES AGAINST PERSONS", "Part_One_or_Part_Two": 2, "Ward": "521", "Precinct": "TILLMAN", "Source_ObjectID": "595608", "ObjectId": 1657311}}, {"type": "Feature", "id": 1657312, "geometry": {"type": "Point", "coordinates": [-89.921, 35.049]}, "properties": {"Crime_ID": "2301014587ME", "Offense_Datetime": 1674959880000, "Reported_Datetime": 1674960840000, "Agency_Crime_ID": "ROBBERY/INDIVIDUAL", "UCR_Incident_Code": "120", "Block": 4200, "Street_Name": "MOUNT HOOD ST", "Street_Address": "4200 MOUNT HOOD ST", "City": "MEMPHIS", "State": "TN", "ZIP_Code": "38115", "Full_Address": "4200 MOUNT HOOD ST MEMPHIS TN 38115", "Latitude": 35.049, "Longitude": -89.921, "UCR_Category": "ROBBERY", "UCR_Description": "ROBBERY", "NIBRS_Group": "A", "NIBRS_Offense_Group": "CRIMES AGAINST PROPERTY", "Part_One_or_Part_Two": 1, "Ward": "922", "Precinct": "RIDGEWAY", "Source_ObjectID": "362098", "ObjectId": 1657312}}, {"type": "Feature", "id": 1657313, "geometry": {"type": "Point", "coordinates": [-90.052, 35.142]}, "properties": {"Crime_ID": "2207001546ME", "Offense_Datetime": 1656862200000, "Reported_Datetime": 1656950760000, "Agency_Crime_ID": "THEFT FROM MOTOR VEHICLE", "UCR_Incident_Code": "23F", "Block": 100, "Street_Name": "UNION AVE", "Street_Address": "100 UNION AVE", "City": "MEMPHIS", "State": "TN", "ZIP_Code": "38103", "Full_Address": "100 UNION AVE MEMPHIS TN 38103", "Latitude": 35.142, "Longitude": -90.052, "UCR_Category": "LARCENY/THEFT", "UCR_Description": "THEFT FROM A MOTOR VEHICLE", "NIBRS_Group": "A", "NIBRS_Offense_Group": "CRIMES AGAINST PROPERTY", "Part_One_or_Part_Two": 1, "Ward": "622", "Precinct": "NORTH MAIN", "Source_ObjectID": "292409", "ObjectId": 1657313}}, {"type": "Feature", "id": 1657314, "geometry": {"type": "Point", "coordinates": [-90.056, 35.097]}, "properties": {"Crime_ID": "2302006290ME", "Offense_Datetime": 1676338380000, "Reported_Datetime": 1676339580000, "Agency_Crime_ID": "INTIMIDATION", "UCR_Incident_Code": "13C", "Block": 1800, "Street_Name": "S THIRD ST", "Street_Address": "1800 S THIRD ST", "City": "MEMPHIS", "State": "TN", "ZIP_Code": "38109", "Full_Address": "1800 S THIRD ST MEMPHIS TN 38109", "Latitude": 35.097, "Longitude": -90.056, "UCR_Category": "ASSAULT", "UCR_Description": "INTIMIDATION", "NIBRS_Group": "A", "NIBRS_Offense_Group": "CRIMES AGAINST PERSONS", "Part_One_or_Part_Two": 2, "Ward": "721", "Precinct": "AIRWAYS", "Source_ObjectID": "366973", "ObjectId": 1657314}}, {"type": "Feature", "id": 1657315, "geometry": {"type": "Point", "coordinates": [-89.95, 35.172]}, "properties": {"Crime_ID": "2204003425ME", "Offense_Datetime": 1649455200000, "Reported_Datetime": 1649457420000, "Agency_Crime_ID": "BURGLARY/BOXCAR", "UCR_Incident_Code": "220", "Block": 1400, "Street_Name": "N HOLMES ST", "Street_Address": "1400 N HOLMES ST", "City": "MEMPHIS", "State": "TN", "ZIP_Code": "38108", "Full_Address": "1400 N HOLMES ST MEMPHIS TN 38108", "Latitude": 35.172, "Longitude": -89.95, "UCR_Category": "BURG/BREAK & ENTER", "UCR_Description": "BURG/BREAK & ENTER", "NIBRS_Group": "A", "NIBRS_Offense_Group": "CRIMES AGAINST PROPERTY", "Part_One_or_Part_Two": 1, "Ward": "526", "Precinct": "TILLMAN", "Source_ObjectID": "264839", "ObjectId": 1657315}}, {"type": "Feature", "id": 1657316, "geometry": {"type": "Point", "coordinates": [-90.02, 35.137]}, "properties": {"Crime_ID": "2306021304ME", "Offense_Datetime": 1685830500000, "Reported_Datetime": 1685831640000, "Agency_Crime_ID": "SIMPLE ASSAULT", "UCR_Incident_Code": "13B", "Block": 1200, "Street_Name": "UNION AVE", "Street_Address": "1200 UNION AVE", "City": "MEMPHIS", "State": "TN", "ZIP_Code": "38104", "Full_Address": "1200 UNION AVE MEMPHIS TN 38104", "Latitude": 35.137, "Longitude": -90.02, "UCR_Category": "ASSAULT", "UCR_Description": "SIMPLE ASSAULT", "NIBRS_Group": "A", "NIBRS_Offense_Group": "CRIMES AGAINST PERSONS", "Part_One_or_Part_Two": 2, "Ward": "423", "Precinct": "CRUMP", "Source_ObjectID": "410442", "ObjectId": 1657316}}, {"type": "Feature", "id": 1657317, "geometry": {"type": "Point", "coordinates": [-90.029, 35.223]}, "properties": {"Crime_ID": "2403023120ME", "Offense_Datetime": 1709936640000, "Reported_Datetime": 1709939100000, "Agency_Crime_ID": "AGGRAVATED ASSAULT", "UCR_Incident_Code": "13A", "Block": 3500, "Street_Name": "MILLINGTON ST", "Street_Address": "3500 MILLINGTON ST", "City": "MEMPHIS", "State": "TN", "ZIP_Code": "38127", "Full_Address": "3500 MILLINGTON ST MEMPHIS TN 38127", "Latitude": 35.223, "Longitude": -90.029, "UCR_Category": "AGGRAVATED ASSAULT", "UCR_Description": "AGGRAVATED ASSAULT", "NIBRS_Group": "A", "NIBRS_Offense_Group": "CRIMES AGAINST PERSONS", "Part_One_or_Part_Two": 1, "Ward": "121", "Precinct": "AUSTIN PEAY", "Source_ObjectID": "495706", "ObjectId": 1657317}}, {"type": "Feature", "id": 1657318, "geometry": {"type": "Point", "coordinates": [-89.934, 35.181]}, "properties": {"Crime_ID": "2002009547ME", "Offense_Datetime": 1582298700000, "Reported_Datetime": 1582304700000, "Agency_Crime_ID": "SIMPLE ASSAULT/DV", "UCR_Incident_Code": "13B", "Block": 3800, "Street_Name": "JACKSON AVE", "Street_Address": "3800 JACKSON AVE", "City": "MEMPHIS", "State": "TN", "ZIP_Code": "38108", "Full_Address": "3800 JACKSON AVE MEMPHIS TN 38108", "Latitude": 35.181, "Longitude": -89.934, "UCR_Category": "ASSAULT", "UCR_Description": "SIMPLE ASSAULT", "NIBRS_Group": "A", "NIBRS_Offense_Group": "CRIMES AGAINST PERSONS", "Part_One_or_Part_Two": 2, "Ward": "526", "Precinct": "TILLMAN", "Source_ObjectID": "57377", "ObjectId": 1657318}}, {"type": "Feature", "id": 1657319, "geometry": {"type": "Point", "coordinates": [-90.018, 35.055]}, "properties": {"Crime_ID": "2109008249ME", "Offense_Datetime": 1631991000000, "Reported_Datetime": 1631993520000, "Agency_Crime_ID": "VANDALISM/MISDEMEANOR", "UCR_Incident_Code": "290", "Block": 3400, "Street_Name": "W WINCHESTER PL", "Street_Address": "3400 W WINCHESTER PL", "City": "MEMPHIS", "State": "TN", "ZIP_Code": "38116", "Full_Address": "3400 W WINCHESTER PL MEMPHIS TN 38116", "Latitude": 35.055, "Longitude": -90.018, "UCR_Category": "DEST/DAM/VAND OF PROPERTY", "UCR_Description": "DEST/DAM/VAND OF PROPERTY", "NIBRS_Group": "A", "NIBRS_Offense_Group": "CRIMES AGAINST PROPERTY", "Part_One_or_Part_Two": 2, "Ward": "224", "Precinct": "RAINES", "Source_ObjectID": "209641", "ObjectId": 1657319}}, {"type": "Feature", "id": 1657320, "geometry": {"type": "Point", "coordinates": [-90.001, 35.161]}, "properties": {"Crime_ID": "2411028513ME", "Offense_Datetime": 1732374000000, "Reported_Datetime": 1732375140000, "Agency_Crime_ID": "SHOPLIFTING/MISDEMEANOR", "UCR_Incident_Code": "23C", "Block": 1600, "Street_Name": "JACKSON AVE", "Street_Address": "1600 JACKSON AVE", "City": "MEMPHIS", "State": "TN", "ZIP_Code": "38106", "Full_Address": "1600 JACKSON AVE MEMPHIS TN 38106", "Latitude": 35.161, "Longitude": -90.001, "UCR_Category": "LARCENY/THEFT", "UCR_Description": "SHOPLIFTING", "NIBRS_Group": "A", "NIBRS_Offense_Group": "CRIMES AGAINST PROPERTY", "Part_One_or_Part_Two": 1, "Ward": "426", "Precinct": "CRUMP", "Source_ObjectID": "576118", "ObjectId": 1657320}}, {"type": "Feature", "id": 1657321, "geometry": {"type": "Point", "coordinates": [-89.959, 35.152]}, "properties": {"Crime_ID": "2205013647ME", "Offense_Datetime": 1653860700000, "Reported_Datetime": 1653861960000, "Agency_Crime_ID": "INTIMIDATION", "UCR_Incident_Code": "13C", "Block": 3000, "Street_Name": "MANHATTAN AVE", "Street_Address": "3000 MANHATTAN AVE", "City": "MEMPHIS", "State": "TN", "ZIP_Code": "38122", "Full_Address": "3000 MANHATTAN AVE MEMPHIS TN 38122", "Latitude": 35.152, "Longitude": -89.959, "UCR_Category": "ASSAULT", "UCR_Description": "INTIMIDATION", "NIBRS_Group": "A", "NIBRS_Offense_Group": "CRIMES AGAINST PERSONS", "Part_One_or_Part_Two": 2, "Ward": "524", "Precinct": "TILLMAN", "Source_ObjectID": "280563", "ObjectId": 1657321}}, {"type": "Feature", "id": 1657322, "geometry": {"type": "Point", "coordinates": [-90.008, 35.14]}, "properties": {"Crime_ID": "2406023588ME", "Offense_Datetime": 1717894800000, "Reported_Datetime": 1717896780000, "Agency_Crime_ID": "SIMPLE ASSAULT/DV", "UCR_Incident_Code": "13B", "Block": 0, "Street_Name": "WILLETT ST", "Street_Address": "0 WILLETT ST", "City": "MEMPHIS", "State": "TN", "ZIP_Code": "38104", "Full_Address": "0 WILLETT ST MEMPHIS TN 38104", "Latitude": 35.14, "Longitude": -90.008, "UCR_Category": "ASSAULT", "UCR_Description": "SIMPLE ASSAULT", "NIBRS_Group": "A", "NIBRS_Offense_Group": "CRIMES AGAINST PERSONS", "Part_One_or_Part_Two": 2, "Ward": "424", "Precinct": "CRUMP", "Source_ObjectID": "524731", "ObjectId": 1657322}}, {"type": "Feature", "id": 1657323, "geometry": {"type": "Point", "coordinates": [-89.858, 35]}, "properties": {"Crime_ID": "2508026313ME", "Offense_Datetime": 1755435600000, "Reported_Datetime": 1755436500000, "Agency_Crime_ID": "THEFT FROM SEMI-TRAILER", "UCR_Incident_Code": "23F", "Block": 5300, "Street_Name": "DISTRIPLEX FARMS DR", "Street_Address": "5300 DISTRIPLEX FARMS DR", "City": "MEMPHIS", "State": "TN", "ZIP_Code": "38118", "Full_Address": "5300 DISTRIPLEX FARMS DR MEMPHIS TN 38118", "Latitude": 35, "Longitude": -89.858, "UCR_Category": "LARCENY/THEFT", "UCR_Description": "THEFT FROM A MOTOR VEHICLE", "NIBRS_Group": "A", "NIBRS_Offense_Group": "CRIMES AGAINST PROPERTY", "Part_One_or_Part_Two": 1, "Ward": "922", "Precinct": "RIDGEWAY", "Source_ObjectID": "647209", "ObjectId": 1657323}}, {"type": "Feature", "id": 1657324, "geometry": {"type": "Point", "coordinates": [-89.843, 35.163]}, "properties": {"Crime_ID": "2304002423ME", "Offense_Datetime": 1680730200000, "Reported_Datetime": 1680736680000, "Agency_Crime_ID": "BURGLARY/RESIDENTIAL", "UCR_Incident_Code": "220", "Block": 1300, "Street_Name": "SUMMERBROOK LN", "Street_Address": "1300 SUMMERBROOK LN", "City": "MEMPHIS", "State": "TN", "ZIP_Code": "38134", "Full_Address": "1300 SUMMERBROOK LN MEMPHIS TN 38134", "Latitude": 35.163, "Longitude": -89.843, "UCR_Category": "BURG/BREAK & ENTER", "UCR_Description": "BURG/BREAK & ENTER", "NIBRS_Group": "A", "NIBRS_Offense_Group": "CRIMES AGAINST PROPERTY", "Part_One_or_Part_Two": 1, "Ward": "822", "Precinct": "APPLING FARMS", "Source_ObjectID": "383253", "ObjectId": 1657324}}, {"type": "Feature", "id": 1657325, "geometry": {"type": "Point", "coordinates": [-89.87, 35.173]}, "properties": {"Crime_ID": "2208001457ME", "Offense_Datetime": 1659538500000, "Reported_Datetime": 1659555300000, "Agency_Crime_ID": "SHOPLIFTING/MISDEMEANOR", "UCR_Incident_Code": "23C", "Block": 1700, "Street_Name": "SYCAMORE VIEW RD", "Street_Address": "1700 SYCAMORE VIEW RD", "City": "MEMPHIS", "State": "TN", "ZIP_Code": "38134", "Full_Address": "1700 SYCAMORE VIEW RD MEMPHIS TN 38134", "Latitude": 35.173, "Longitude": -89.87, "UCR_Category": "LARCENY/THEFT", "UCR_Description": "SHOPLIFTING", "NIBRS_Group": "A", "NIBRS_Offense_Group": "CRIMES AGAINST PROPERTY", "Part_One_or_Part_Two": 1, "Ward": "822", "Precinct": "APPLING FARMS", "Source_ObjectID": "302587", "ObjectId": 1657325}}, {"type": "Feature", "id": 1657326, "geometry": {"type": "Point", "coordinates": [-89.888, 35.189]}, "properties": {"Crime_ID": "2011007070ME", "Offense_Datetime": 1605583800000, "Reported_Datetime": 1605586980000, "Agency_Crime_ID": "SIMPLE ASSAULT/DV", "UCR_Incident_Code": "13B", "Block": 5200, "Street_Name": "SHELBOURNE CIRCLE", "Street_Address": "5200 SHELBOURNE CIRCLE", "City": "MEMPHIS", "State": "TN", "ZIP_Code": "38134", "Full_Address": "5200 SHELBOURNE CIRCLE MEMPHIS TN 38134", "Latitude": 35.189, "Longitude": -89.888, "UCR_Category": "ASSAULT", "UCR_Description": "SIMPLE ASSAULT", "NIBRS_Group": "A", "NIBRS_Offense_Group": "CRIMES AGAINST PERSONS", "Part_One_or_Part_Two": 2, "Ward": "822", "Precinct": "APPLING FARMS", "Source_ObjectID": "129270", "ObjectId": 1657326}}, {"type": "Feature", "id": 1657327, "geometry": {"type": "Point", "coordinates": [-89.997, 35.154]}, "properties": {"Crime_ID": "2209007827ME", "Offense_Datetime": 1663272900000, "Reported_Datetime": 1663299480000, "Agency_Crime_ID": "SIMPLE ASSAULT", "UCR_Incident_Code": "13B", "Block": 600, "Street_Name": "N MCLEAN BLVD", "Street_Address": "600 N MCLEAN BLVD", "City": "MEMPHIS", "State": "TN", "ZIP_Code": "38107", "Full_Address": "600 N MCLEAN BLVD MEMPHIS TN 38107", "Latitude": 35.154, "Longitude": -89.997, "UCR_Category": "ASSAULT", "UCR_Description": "SIMPLE ASSAULT", "NIBRS_Group": "A", "NIBRS_Offense_Group": "CRIMES AGAINST PERSONS", "Part_One_or_Part_Two": 2, "Ward": "425", "Precinct": "CRUMP", "Source_ObjectID": "316836", "ObjectId": 1657327}}, {"type": "Feature", "id": 1657328, "geometry": {"type": "Point", "coordinates": [-90.046, 35.129]}, "properties": {"Crime_ID": "2410028023ME", "Offense_Datetime": 1729490700000, "Reported_Datetime": 1729492920000, "Agency_Crime_ID": "THEFT FROM BUILDING", "UCR_Incident_Code": "23D", "Block": 400, "Street_Name": "GEORGIA AVE", "Street_Address": "400 GEORGIA AVE", "City": "MEMPHIS", "State": "TN", "ZIP_Code": "38015", "Full_Address": "400 GEORGIA AVE MEMPHIS TN 38015", "Latitude": 35.129, "Longitude": -90.046, "UCR_Category": "LARCENY/THEFT", "UCR_Description": "THEFT FROM A BUILDING", "NIBRS_Group": "A", "NIBRS_Offense_Group": "CRIMES AGAINST PROPERTY", "Part_One_or_Part_Two": 1, "Ward": "621", "Precinct": "NORTH MAIN", "Source_ObjectID": "566446", "ObjectId": 1657328}}, {"type": "Feature", "id": 1657329, "geometry": {"type": "Point", "coordinates": [-90.048, 35.157]}, "properties": {"Crime_ID": "2404027296ME", "Offense_Datetime": 1713456300000, "Reported_Datetime": 1713457620000, "Agency_Crime_ID": "AGGRAVATED ASSAULT", "UCR_Incident_Code": "13A", "Block": 400, "Street_Name": "MAIN ST", "Street_Address": "400 MAIN ST", "City": "MEMPHIS", "State": "TN", "ZIP_Code": "38105", "Full_Address": "400 MAIN ST MEMPHIS TN 38105", "Latitude": 35.157, "Longitude": -90.048, "UCR_Category": "AGGRAVATED ASSAULT", "UCR_Description": "AGGRAVATED ASSAULT", "NIBRS_Group": "A", "NIBRS_Offense_Group": "CRIMES AGAINST PERSONS", "Part_One_or_Part_Two": 1, "Ward": "623", "Precinct": "NORTH MAIN", "Source_ObjectID": "507625", "ObjectId": 1657329}}, {"type": "Feature", "id": 1657330, "geometry": {"type": "Point", "coordinates": [-89.894, 35.115]}, "properties": {"Crime_ID": "2403026849ME", "Offense_Datetime": 1710729900000, "Reported_Datetime": 1710738060000, "Agency_Crime_ID": "THEFT FROM MOTOR VEHICLE", "UCR_Incident_Code": "23F", "Block": 500, "Street_Name": "MENDENHALL RD", "Street_Address": "500 MENDENHALL RD", "City": "MEMPHIS", "State": "TN", "ZIP_Code": "38117", "Full_Address": "500 MENDENHALL RD MEMPHIS TN 38117", "Latitude": 35.115, "Longitude": -89.894, "UCR_Category": "LARCENY/THEFT", "UCR_Description": "THEFT FROM A MOTOR VEHICLE", "NIBRS_Group": "A", "NIBRS_Offense_Group": "CRIMES AGAINST PROPERTY", "Part_One_or_Part_Two": 1, "Ward": "821", "Precinct": "APPLING FARMS", "Source_ObjectID": "498390", "ObjectId": 1657330}}, {"type": "Feature", "id": 1657331, "geometry": {"type": "Point", "coordinates": [-89.934, 35.102]}, "properties": {"Crime_ID": "2211001423ME", "Offense_Datetime": 1667164860000, "Reported_Datetime": 1667510460000, "Agency_Crime_ID": "COMPUTER HACKING/INVASION", "UCR_Incident_Code": "26G", "Block": 1000, "Street_Name": "GOODMAN ST", "Street_Address": "1000 GOODMAN ST", "City": "MEMPHIS", "State": "TN", "ZIP_Code": "38111", "Full_Address": "1000 GOODMAN ST MEMPHIS TN 38111", "Latitude": 35.102, "Longitude": -89.934, "UCR_Category": "FRAUD", "UCR_Description": "COMPUTER HACKING/INVASION", "NIBRS_Group": "A", "NIBRS_Offense_Group": "CRIMES AGAINST PROPERTY", "Part_One_or_Part_Two": 2, "Ward": "322", "Precinct": "MT MORIAH", "Source_ObjectID": "333120", "ObjectId": 1657331}}, {"type": "Feature", "id": 1657332, "geometry": {"type": "Point", "coordinates": [-89.949, 35.075]}, "properties": {"Crime_ID": "2507021648ME", "Offense_Datetime": 1751703000000, "Reported_Datetime": 1751703780000, "Agency_Crime_ID": "WEAPON LAW VIOLATIONS/FELONY", "UCR_Incident_Code": "520", "Block": 3400, "Street_Name": "LAMAR AVE", "Street_Address": "3400 LAMAR AVE", "City": "MEMPHIS", "State": "TN", "ZIP_Code": "38118", "Full_Address": "3400 LAMAR AVE MEMPHIS TN 38118", "Latitude": 35.075, "Longitude": -89.949, "UCR_Category": "WEAPON LAW VIOLATION", "UCR_Description": "WEAPON LAW VIOL", "NIBRS_Group": "A", "NIBRS_Offense_Group": "CRIMES AGAINST SOCIETY", "Part_One_or_Part_Two": 2, "Ward": "321", "Precinct": "MT MORIAH", "Source_ObjectID": "635789", "ObjectId": 1657332}}, {"type": "Feature", "id": 1657333, "geometry": {"type": "Point", "coordinates": [-90.043, 35.019]}, "properties": {"Crime_ID": "2604022294ME", "Offense_Datetime": 1775602320000, "Reported_Datetime": 1775602980000, "Agency_Crime_ID": "VANDALISM/FELONY", "UCR_Incident_Code": "290", "Block": 0, "Street_Name": "GRANADA RD//TULANE RD", "Street_Address": " GRANADA RD//TULANE RD", "City": "MEMPHIS", "State": "TN", "ZIP_Code": "38116", "Full_Address": " GRANADA RD//TULANE RD MEMPHIS TN 38116", "Latitude": 35.019, "Longitude": -90.043, "UCR_Category": "DEST/DAM/VAND OF PROPERTY", "UCR_Description": "DEST/DAM/VAND OF PROPERTY", "NIBRS_Group": "A", "NIBRS_Offense_Group": "CRIMES AGAINST PROPERTY", "Part_One_or_Part_Two": 2, "Ward": "223", "Precinct": "RAINES", "Source_ObjectID": "696119", "ObjectId": 1657333}}, {"type": "Feature", "id": 1657334, "geometry": {"type": "Point", "coordinates": [-90.021, 35.053]}, "properties": {"Crime_ID": "2408025263ME", "Offense_Datetime": 1723590900000, "Reported_Datetime": 1723594860000, "Agency_Crime_ID": "SIMPLE ASSAULT/DV", "UCR_Incident_Code": "13B", "Block": 1200, "Street_Name": "ROYAL OAKS CV", "Street_Address": "1200 ROYAL OAKS CV", "City": "MEMPHIS", "State": "TN", "ZIP_Code": "38116", "Full_Address": "1200 ROYAL OAKS CV MEMPHIS TN 38116", "Latitude": 35.053, "Longitude": -90.021, "UCR_Category": "ASSAULT", "UCR_Description": "SIMPLE ASSAULT", "NIBRS_Group": "A", "NIBRS_Offense_Group": "CRIMES AGAINST PERSONS", "Part_One_or_Part_Two": 2, "Ward": "225", "Precinct": "RAINES", "Source_ObjectID": "546068", "ObjectId": 1657334}}, {"type": "Feature", "id": 1657335, "geometry": {"type": "Point", "coordinates": [-89.908, 35.093]}, "properties": {"Crime_ID": "2208007288ME", "Offense_Datetime": 1660577400000, "Reported_Datetime": 1660581840000, "Agency_Crime_ID": "VANDALISM/FELONY", "UCR_Incident_Code": "290", "Block": 4600, "Street_Name": "VERNE ST", "Street_Address": "4600 VERNE ST", "City": "MEMPHIS", "State": "TN", "ZIP_Code": "38117", "Full_Address": "4600 VERNE ST MEMPHIS TN 38117", "Latitude": 35.093, "Longitude": -89.908, "UCR_Category": "DEST/DAM/VAND OF PROPERTY", "UCR_Description": "DEST/DAM/VAND OF PROPERTY", "NIBRS_Group": "A", "NIBRS_Offense_Group": "CRIMES AGAINST PROPERTY", "Part_One_or_Part_Two": 2, "Ward": "323", "Precinct": "MT MORIAH", "Source_ObjectID": "306223", "ObjectId": 1657335}}, {"type": "Feature", "id": 1657336, "geometry": {"type": "Point", "coordinates": [-89.951, 35.026]}, "properties": {"Crime_ID": "2312021028ME", "Offense_Datetime": 1701626400000, "Reported_Datetime": 1701640380000, "Agency_Crime_ID": "BURGLARY/RESIDENTIAL", "UCR_Incident_Code": "220", "Block": 3300, "Street_Name": "PINE RIDGE LN", "Street_Address": "3300 PINE RIDGE LN", "City": "MEMPHIS", "State": "TN", "ZIP_Code": "38118", "Full_Address": "3300 PINE RIDGE LN MEMPHIS TN 38118", "Latitude": 35.026, "Longitude": -89.951, "UCR_Category": "BURG/BREAK & ENTER", "UCR_Description": "BURG/BREAK & ENTER", "NIBRS_Group": "A", "NIBRS_Offense_Group": "CRIMES AGAINST PROPERTY", "Part_One_or_Part_Two": 1, "Ward": "921", "Precinct": "RIDGEWAY", "Source_ObjectID": "467494", "ObjectId": 1657336}}, {"type": "Feature", "id": 1657337, "geometry": {"type": "Point", "coordinates": [-90.043, 35.148]}, "properties": {"Crime_ID": "2411026341ME", "Offense_Datetime": 1731882300000, "Reported_Datetime": 1731882840000, "Agency_Crime_ID": "DRUGS/NARCOTICS VIOLATION/MISDEMEANOR", "UCR_Incident_Code": "35A", "Block": 100, "Street_Name": "N DANNY THOMAS BLVD", "Street_Address": "100 N DANNY THOMAS BLVD", "City": "MEMPHIS", "State": "TN", "ZIP_Code": "38105", "Full_Address": "100 N DANNY THOMAS BLVD MEMPHIS TN 38105", "Latitude": 35.148, "Longitude": -90.043, "UCR_Category": "DRUG/NARCOTIC", "UCR_Description": "DRUG/NARCOTIC VIOLS", "NIBRS_Group": "A", "NIBRS_Offense_Group": "CRIMES AGAINST SOCIETY", "Part_One_or_Part_Two": 2, "Ward": "624", "Precinct": "NORTH MAIN", "Source_ObjectID": "574548", "ObjectId": 1657337}}, {"type": "Feature", "id": 1657338, "geometry": {"type": "Point", "coordinates": [-89.948, 35.074]}, "properties": {"Crime_ID": "2203010770ME", "Offense_Datetime": 1648245600000, "Reported_Datetime": 1648247340000, "Agency_Crime_ID": "PURCHASING PROSTITUTION", "UCR_Incident_Code": "40C", "Block": 3400, "Street_Name": "LAMAR AVE", "Street_Address": "3400 LAMAR AVE", "City": "MEMPHIS", "State": "TN", "ZIP_Code": "38118", "Full_Address": "3400 LAMAR AVE MEMPHIS TN 38118", "Latitude": 35.074, "Longitude": -89.948, "UCR_Category": "PROSTITUTION", "UCR_Description": "PURCHASING PROSTITUTION", "NIBRS_Group": "A", "NIBRS_Offense_Group": "CRIMES AGAINST SOCIETY", "Part_One_or_Part_Two": 2, "Ward": "OCU", "Precinct": "OCU", "Source_ObjectID": "260899", "ObjectId": 1657338}}, {"type": "Feature", "id": 1657339, "geometry": {"type": "Point", "coordinates": [-89.885, 35.051]}, "properties": {"Crime_ID": "2304005364ME", "Offense_Datetime": 1681229700000, "Reported_Datetime": 1681245060000, "Agency_Crime_ID": "INTIMIDATION", "UCR_Incident_Code": "13C", "Block": 5300, "Street_Name": "WINCHESTER RD", "Street_Address": "5300 WINCHESTER RD", "City": "MEMPHIS", "State": "TN", "ZIP_Code": "38115", "Full_Address": "5300 WINCHESTER RD MEMPHIS TN 38115", "Latitude": 35.051, "Longitude": -89.885, "UCR_Category": "ASSAULT", "UCR_Description": "INTIMIDATION", "NIBRS_Group": "A", "NIBRS_Offense_Group": "CRIMES AGAINST PERSONS", "Part_One_or_Part_Two": 2, "Ward": "325", "Precinct": "MT MORIAH", "Source_ObjectID": "385136", "ObjectId": 1657339}}, {"type": "Feature", "id": 1657340, "geometry": {"type": "Point", "coordinates": [-89.939, 35.02]}, "properties": {"Crime_ID": "2205013028ME", "Offense_Datetime": 1653731100000, "Reported_Datetime": 1653735960000, "Agency_Crime_ID": "BURGLARY/BUSINESS", "UCR_Incident_Code": "220", "Block": 3700, "Street_Name": "SHELBY DR", "Street_Address": "3700 SHELBY DR", "City": "MEMPHIS", "State": "TN", "ZIP_Code": "38118", "Full_Address": "3700 SHELBY DR MEMPHIS TN 38118", "Latitude": 35.02, "Longitude": -89.939, "UCR_Category": "BURG/BREAK & ENTER", "UCR_Description": "BURG/BREAK & ENTER", "NIBRS_Group": "A", "NIBRS_Offense_Group": "CRIMES AGAINST PROPERTY", "Part_One_or_Part_Two": 1, "Ward": "921", "Precinct": "RIDGEWAY", "Source_ObjectID": "280132", "ObjectId": 1657340}}, {"type": "Feature", "id": 1657341, "geometry": {"type": "Point", "coordinates": [-90.049, 35.152]}, "properties": {"Crime_ID": "2212004747ME", "Offense_Datetime": 1670737500000, "Reported_Datetime": 1670741460000, "Agency_Crime_ID": "THEFT FROM MOTOR VEHICLE", "UCR_Incident_Code": "23F", "Block": 0, "Street_Name": "MARKET AVE//N SECOND ST", "Street_Address": " MARKET AVE//N SECOND ST", "City": "MEMPHIS", "State": "TN", "ZIP_Code": "38103", "Full_Address": " MARKET AVE//N SECOND ST MEMPHIS TN 38103", "Latitude": 35.152, "Longitude": -90.049, "UCR_Category": "LARCENY/THEFT", "UCR_Description": "THEFT FROM A MOTOR VEHICLE", "NIBRS_Group": "A", "NIBRS_Offense_Group": "CRIMES AGAINST PROPERTY", "Part_One_or_Part_Two": 1, "Ward": "623", "Precinct": "NORTH MAIN", "Source_ObjectID": "345110", "ObjectId": 1657341}}, {"type": "Feature", "id": 1657342, "geometry": {"type": "Point", "coordinates": [-89.94, 35.251]}, "properties": {"Crime_ID": "2312028950ME", "Offense_Datetime": 1703323380000, "Reported_Datetime": 1703324580000, "Agency_Crime_ID": "BURGLARY/RESIDENTIAL", "UCR_Incident_Code": "220", "Block": 4500, "Street_Name": "SAWMILL DR", "Street_Address": "4500 SAWMILL DR", "City": "MEMPHIS", "State": "TN", "ZIP_Code": "38128", "Full_Address": "4500 SAWMILL DR MEMPHIS TN 38128", "Latitude": 35.251, "Longitude": -89.94, "UCR_Category": "BURG/BREAK & ENTER", "UCR_Description": "BURG/BREAK & ENTER", "NIBRS_Group": "A", "NIBRS_Offense_Group": "CRIMES AGAINST PROPERTY", "Part_One_or_Part_Two": 1, "Ward": "125", "Precinct": "AUSTIN PEAY", "Source_ObjectID": "473452", "ObjectId": 1657342}}, {"type": "Feature", "id": 1657343, "geometry": {"type": "Point", "coordinates": [-90.055, 35.14]}, "properties": {"Crime_ID": "2110007346ME", "Offense_Datetime": 1634432280000, "Reported_Datetime": 1634439780000, "Agency_Crime_ID": "THEFT FROM MOTOR VEHICLE", "UCR_Incident_Code": "23F", "Block": 0, "Street_Name": "S MAIN ST//BEALE ST", "Street_Address": " S MAIN ST//BEALE ST", "City": "MEMPHIS", "State": "TN", "ZIP_Code": "38103", "Full_Address": " S MAIN ST//BEALE ST MEMPHIS TN 38103", "Latitude": 35.14, "Longitude": -90.055, "UCR_Category": "LARCENY/THEFT", "UCR_Description": "THEFT FROM A MOTOR VEHICLE", "NIBRS_Group": "A", "NIBRS_Offense_Group": "CRIMES AGAINST PROPERTY", "Part_One_or_Part_Two": 1, "Ward": "622", "Precinct": "NORTH MAIN", "Source_ObjectID": "217937", "ObjectId": 1657343}}, {"type": "Feature", "id": 1657344, "geometry": {"type": "Point", "coordinates": [-89.887, 35.173]}, "properties": {"Crime_ID": "2207012598ME", "Offense_Datetime": 1657731600000, "Reported_Datetime": 1658776680000, "Agency_Crime_ID": "THEFT OF VEHICLE PARTS/ACCESSORIES", "UCR_Incident_Code": "23G", "Block": 1700, "Street_Name": "THOMAS RD", "Street_Address": "1700 THOMAS RD", "City": "MEMPHIS", "State": "TN", "ZIP_Code": "38134", "Full_Address": "1700 THOMAS RD MEMPHIS TN 38134", "Latitude": 35.173, "Longitude": -89.887, "UCR_Category": "LARCENY/THEFT", "UCR_Description": "THEFT OF MV PARTS/ACCS", "NIBRS_Group": "A", "NIBRS_Offense_Group": "CRIMES AGAINST PROPERTY", "Part_One_or_Part_Two": 1, "Ward": "822", "Precinct": "APPLING FARMS", "Source_ObjectID": "299497", "ObjectId": 1657344}}, {"type": "Feature", "id": 1657345, "geometry": {"type": "Point", "coordinates": [-90.012, 35.017]}, "properties": {"Crime_ID": "2405022974ME", "Offense_Datetime": 1715122800000, "Reported_Datetime": 1715125800000, "Agency_Crime_ID": "SIMPLE ASSAULT/DV", "UCR_Incident_Code": "13B", "Block": 4800, "Street_Name": "HALEVILLE RD", "Street_Address": "4800 HALEVILLE RD", "City": "MEMPHIS", "State": "TN", "ZIP_Code": "38106", "Full_Address": "4800 HALEVILLE RD MEMPHIS TN 38106", "Latitude": 35.017, "Longitude": -90.012, "UCR_Category": "ASSAULT", "UCR_Description": "SIMPLE ASSAULT", "NIBRS_Group": "A", "NIBRS_Offense_Group": "CRIMES AGAINST PERSONS", "Part_One_or_Part_Two": 2, "Ward": "224", "Precinct": "RAINES", "Source_ObjectID": "513713", "ObjectId": 1657345}}, {"type": "Feature", "id": 1657346, "geometry": {"type": "Point", "coordinates": [0, 0]}, "properties": {"Crime_ID": "2012009272ME", "Offense_Datetime": 1608663600000, "Reported_Datetime": 1608674280000, "Agency_Crime_ID": "MVT/PASSENGER VEHICLE", "UCR_Incident_Code": "240", "Block": 6000, "Street_Name": "PARK", "Street_Address": "6000 PARK", "City": "MEMPHIS", "State": "TN", "ZIP_Code": "38115", "Full_Address": "6000 PARK MEMPHIS TN 38115", "Latitude": 0, "Longitude": 0, "UCR_Category": "MOTOR VEHICLE THEFT", "UCR_Description": "MOTOR VEHICLE THEFT", "NIBRS_Group": "A", "NIBRS_Offense_Group": "CRIMES AGAINST PROPERTY", "Part_One_or_Part_Two": 1, "Ward": "326", "Precinct": "MT MORIAH", "Source_ObjectID": "138806", "ObjectId": 1657346}}, {"type": "Feature", "id": 1657347, "geometry": {"type": "Point", "coordinates": [-89.929, 35.099]}, "properties": {"Crime_ID": "2105001431ME", "Offense_Datetime": 1620079200000, "Reported_Datetime": 1620168300000, "Agency_Crime_ID": "SIMPLE ASSAULT", "UCR_Incident_Code": "13B", "Block": 4000, "Street_Name": "RHODES AVE", "Street_Address": "4000 RHODES AVE", "City": "MEMPHIS", "State": "TN", "ZIP_Code": "38111", "Full_Address": "4000 RHODES AVE MEMPHIS TN 38111", "Latitude": 35.099, "Longitude": -89.929, "UCR_Category": "ASSAULT", "UCR_Description": "SIMPLE ASSAULT", "NIBRS_Group": "A", "NIBRS_Offense_Group": "CRIMES AGAINST PERSONS", "Part_One_or_Part_Two": 2, "Ward": "323", "Precinct": "MT MORIAH", "Source_ObjectID": "171528", "ObjectId": 1657347}}, {"type": "Feature", "id": 1657348, "geometry": {"type": "Point", "coordinates": [-89.98, 35.237]}, "properties": {"Crime_ID": "2402029908ME", "Offense_Datetime": 1708729200000, "Reported_Datetime": 1708875240000, "Agency_Crime_ID": "BURGLARY/RESIDENTIAL", "UCR_Incident_Code": "220", "Block": 2400, "Street_Name": "WELLONS AVE", "Street_Address": "2400 WELLONS AVE", "City": "MEMPHIS", "State": "TN", "ZIP_Code": "38127", "Full_Address": "2400 WELLONS AVE MEMPHIS TN 38127", "Latitude": 35.237, "Longitude": -89.98, "UCR_Category": "BURG/BREAK & ENTER", "UCR_Description": "BURG/BREAK & ENTER", "NIBRS_Group": "A", "NIBRS_Offense_Group": "CRIMES AGAINST PROPERTY", "Part_One_or_Part_Two": 1, "Ward": "123", "Precinct": "AUSTIN PEAY", "Source_ObjectID": "492001", "ObjectId": 1657348}}, {"type": "Feature", "id": 1657349, "geometry": {"type": "Point", "coordinates": [-90.088, 35.035]}, "properties": {"Crime_ID": "2503029735ME", "Offense_Datetime": 1743178080000, "Reported_Datetime": 1743178080000, "Agency_Crime_ID": "BURGLARY/RESIDENTIAL", "UCR_Incident_Code": "220", "Block": 700, "Street_Name": "RAINES RD", "Street_Address": "700 RAINES RD", "City": "MEMPHIS", "State": "TN", "ZIP_Code": "38109", "Full_Address": "700 RAINES RD MEMPHIS TN 38109", "Latitude": 35.035, "Longitude": -90.088, "UCR_Category": "BURG/BREAK & ENTER", "UCR_Description": "BURG/BREAK & ENTER", "NIBRS_Group": "A", "NIBRS_Offense_Group": "CRIMES AGAINST PROPERTY", "Part_One_or_Part_Two": 1, "Ward": "221", "Precinct": "RAINES", "Source_ObjectID": "608537", "ObjectId": 1657349}}, {"type": "Feature", "id": 1657350, "geometry": {"type": "Point", "coordinates": [-89.91, 35.205]}, "properties": {"Crime_ID": "2005008409ME", "Offense_Datetime": 1590118500000, "Reported_Datetime": 1590118500000, "Agency_Crime_ID": "DRUGS/NARCOTICS VIOLATION/FELONY", "UCR_Incident_Code": "35A", "Block": 2900, "Street_Name": "FARGO RD", "Street_Address": "2900 FARGO RD", "City": "MEMPHIS", "State": "TN", "ZIP_Code": "38128", "Full_Address": "2900 FARGO RD MEMPHIS TN 38128", "Latitude": 35.205, "Longitude": -89.91, "UCR_Category": "DRUG/NARCOTIC", "UCR_Description": "DRUG/NARCOTIC VIOLS", "NIBRS_Group": "A", "NIBRS_Offense_Group": "CRIMES AGAINST SOCIETY", "Part_One_or_Part_Two": 2, "Ward": "126", "Precinct": "AUSTIN PEAY", "Source_ObjectID": "80190", "ObjectId": 1657350}}, {"type": "Feature", "id": 1657351, "geometry": {"type": "Point", "coordinates": [-89.854, 35.061]}, "properties": {"Crime_ID": "2305028616ME", "Offense_Datetime": 1682985600000, "Reported_Datetime": 1684548420000, "Agency_Crime_ID": "MVT/PASSENGER VEHICLE", "UCR_Incident_Code": "240", "Block": 6200, "Street_Name": "LAKE VIEW TRL", "Street_Address": "6200 LAKE VIEW TRL", "City": "MEMPHIS", "State": "TN", "ZIP_Code": "38118", "Full_Address": "6200 LAKE VIEW TRL MEMPHIS TN 38118", "Latitude": 35.061, "Longitude": -89.854, "UCR_Category": "MOTOR VEHICLE THEFT", "UCR_Description": "MOTOR VEHICLE THEFT", "NIBRS_Group": "A", "NIBRS_Offense_Group": "CRIMES AGAINST PROPERTY", "Part_One_or_Part_Two": 1, "Ward": "925", "Precinct": "RIDGEWAY", "Source_ObjectID": "399146", "ObjectId": 1657351}}, {"type": "Feature", "id": 1657352, "geometry": {"type": "Point", "coordinates": [-90.05, 35.099]}, "properties": {"Crime_ID": "2211002074ME", "Offense_Datetime": 1667547000000, "Reported_Datetime": 1667612040000, "Agency_Crime_ID": "VANDALISM/MISDEMEANOR", "UCR_Incident_Code": "290", "Block": 1700, "Street_Name": "SHADOWLAWN BLVD", "Street_Address": "1700 SHADOWLAWN BLVD", "City": "MEMPHIS", "State": "TN", "ZIP_Code": "38106", "Full_Address": "1700 SHADOWLAWN BLVD MEMPHIS TN 38106", "Latitude": 35.099, "Longitude": -90.05, "UCR_Category": "DEST/DAM/VAND OF PROPERTY", "UCR_Description": "DEST/DAM/VAND OF PROPERTY", "NIBRS_Group": "A", "NIBRS_Offense_Group": "CRIMES AGAINST PROPERTY", "Part_One_or_Part_Two": 2, "Ward": "721", "Precinct": "AIRWAYS", "Source_ObjectID": "333509", "ObjectId": 1657352}}, {"type": "Feature", "id": 1657353, "geometry": {"type": "Point", "coordinates": [-89.956, 35.223]}, "properties": {"Crime_ID": "2104009465ME", "Offense_Datetime": 1619140200000, "Reported_Datetime": 1619141520000, "Agency_Crime_ID": "DRUGS/NARCOTICS VIOLATION/MISDEMEANOR", "UCR_Incident_Code": "35A", "Block": 3200, "Street_Name": "FRAYSER RALEIGH BLVD", "Street_Address": "3200 FRAYSER RALEIGH BLVD", "City": "MEMPHIS", "State": "TN", "ZIP_Code": "38128", "Full_Address": "3200 FRAYSER RALEIGH BLVD MEMPHIS TN 38128", "Latitude": 35.223, "Longitude": -89.956, "UCR_Category": "DRUG/NARCOTIC", "UCR_Description": "DRUG/NARCOTIC VIOLS", "NIBRS_Group": "A", "NIBRS_Offense_Group": "CRIMES AGAINST SOCIETY", "Part_One_or_Part_Two": 2, "Ward": "OCU", "Precinct": "OCU", "Source_ObjectID": "168552", "ObjectId": 1657353}}, {"type": "Feature", "id": 1657354, "geometry": {"type": "Point", "coordinates": [-89.969, 35.112]}, "properties": {"Crime_ID": "2605026966ME", "Offense_Datetime": 1779307500000, "Reported_Datetime": 1779309660000, "Agency_Crime_ID": "WEAPON LAW VIOLATIONS/FELONY", "UCR_Incident_Code": "520", "Block": 0, "Street_Name": "JOSEPHINE ST//CARNES AVE", "Street_Address": " JOSEPHINE ST//CARNES AVE", "City": "MEMPHIS", "State": "TN", "ZIP_Code": "38114", "Full_Address": " JOSEPHINE ST//CARNES AVE MEMPHIS TN 38114", "Latitude": 35.112, "Longitude": -89.969, "UCR_Category": "WEAPON LAW VIOLATION", "UCR_Description": "WEAPON LAW VIOL", "NIBRS_Group": "A", "NIBRS_Offense_Group": "CRIMES AGAINST SOCIETY", "Part_One_or_Part_Two": 2, "Ward": "725", "Precinct": "AIRWAYS", "Source_ObjectID": "705936", "ObjectId": 1657354}}, {"type": "Feature", "id": 1657355, "geometry": {"type": "Point", "coordinates": [-90.034, 35.061]}, "properties": {"Crime_ID": "2511024925ME", "Offense_Datetime": 1763268300000, "Reported_Datetime": 1763279460000, "Agency_Crime_ID": "VANDALISM/MISDEMEANOR", "UCR_Incident_Code": "290", "Block": 800, "Street_Name": "BROOKS RD", "Street_Address": "800 BROOKS RD", "City": "MEMPHIS", "State": "TN", "ZIP_Code": "38116", "Full_Address": "800 BROOKS RD MEMPHIS TN 38116", "Latitude": 35.061, "Longitude": -90.034, "UCR_Category": "DEST/DAM/VAND OF PROPERTY", "UCR_Description": "DEST/DAM/VAND OF PROPERTY", "NIBRS_Group": "A", "NIBRS_Offense_Group": "CRIMES AGAINST PROPERTY", "Part_One_or_Part_Two": 2, "Ward": "224", "Precinct": "RAINES", "Source_ObjectID": "668216", "ObjectId": 1657355}}, {"type": "Feature", "id": 1657356, "geometry": {"type": "Point", "coordinates": [-90.068, 35.018]}, "properties": {"Crime_ID": "2508025926ME", "Offense_Datetime": 1755354660000, "Reported_Datetime": 1755357060000, "Agency_Crime_ID": "THEFT FROM BUILDING", "UCR_Incident_Code": "23D", "Block": 4700, "Street_Name": "HORNLAKE RD", "Street_Address": "4700 HORNLAKE RD", "City": "MEMPHIS", "State": "TN", "ZIP_Code": "38109", "Full_Address": "4700 HORNLAKE RD MEMPHIS TN 38109", "Latitude": 35.018, "Longitude": -90.068, "UCR_Category": "LARCENY/THEFT", "UCR_Description": "THEFT FROM A BUILDING", "NIBRS_Group": "A", "NIBRS_Offense_Group": "CRIMES AGAINST PROPERTY", "Part_One_or_Part_Two": 1, "Ward": "221", "Precinct": "RAINES", "Source_ObjectID": "646941", "ObjectId": 1657356}}, {"type": "Feature", "id": 1657357, "geometry": {"type": "Point", "coordinates": [-89.943, 35.098]}, "properties": {"Crime_ID": "2211003541ME", "Offense_Datetime": 1667865840000, "Reported_Datetime": 1667865840000, "Agency_Crime_ID": "CREDIT CARD/ATM FRAUD", "UCR_Incident_Code": "26B", "Block": 3500, "Street_Name": "ELKWOOD CV", "Street_Address": "3500 ELKWOOD CV", "City": "MEMPHIS", "State": "TN", "ZIP_Code": "38111", "Full_Address": "3500 ELKWOOD CV MEMPHIS TN 38111", "Latitude": 35.098, "Longitude": -89.943, "UCR_Category": "FRAUD", "UCR_Description": "CREDIT CARD/ATM FRAUD", "NIBRS_Group": "A", "NIBRS_Offense_Group": "CRIMES AGAINST PROPERTY", "Part_One_or_Part_Two": 2, "Ward": "322", "Precinct": "MT MORIAH", "Source_ObjectID": "334527", "ObjectId": 1657357}}, {"type": "Feature", "id": 1657358, "geometry": {"type": "Point", "coordinates": [-90.011, 35.116]}, "properties": {"Crime_ID": "2408030584ME", "Offense_Datetime": 1724693400000, "Reported_Datetime": 1724704200000, "Agency_Crime_ID": "VANDALISM/MISDEMEANOR", "UCR_Incident_Code": "290", "Block": 1500, "Street_Name": "E MCLEMORE AVE", "Street_Address": "1500 E MCLEMORE AVE", "City": "MEMPHIS", "State": "TN", "ZIP_Code": "38106", "Full_Address": "1500 E MCLEMORE AVE MEMPHIS TN 38106", "Latitude": 35.116, "Longitude": -90.011, "UCR_Category": "DEST/DAM/VAND OF PROPERTY", "UCR_Description": "DEST/DAM/VAND OF PROPERTY", "NIBRS_Group": "A", "NIBRS_Offense_Group": "CRIMES AGAINST PROPERTY", "Part_One_or_Part_Two": 2, "Ward": "422", "Precinct": "CRUMP", "Source_ObjectID": "549932", "ObjectId": 1657358}}, {"type": "Feature", "id": 1657359, "geometry": {"type": "Point", "coordinates": [-90.029, 35.159]}, "properties": {"Crime_ID": "2011010460ME", "Offense_Datetime": 1606251600000, "Reported_Datetime": 1606253940000, "Agency_Crime_ID": "INTIMIDATION", "UCR_Incident_Code": "13C", "Block": 600, "Street_Name": "PEARCE AVE", "Street_Address": "600 PEARCE AVE", "City": "MEMPHIS", "State": "TN", "ZIP_Code": "38107", "Full_Address": "600 PEARCE AVE MEMPHIS TN 38107", "Latitude": 35.159, "Longitude": -90.029, "UCR_Category": "ASSAULT", "UCR_Description": "INTIMIDATION", "NIBRS_Group": "A", "NIBRS_Offense_Group": "CRIMES AGAINST PERSONS", "Part_One_or_Part_Two": 2, "Ward": "626", "Precinct": "NORTH MAIN", "Source_ObjectID": "131301", "ObjectId": 1657359}}, {"type": "Feature", "id": 1657360, "geometry": {"type": "Point", "coordinates": [-89.845, 35.051]}, "properties": {"Crime_ID": "2605022490ME", "Offense_Datetime": 1778241600000, "Reported_Datetime": 1778247660000, "Agency_Crime_ID": "INTIMIDATION", "UCR_Incident_Code": "13C", "Block": 6500, "Street_Name": "WINCHESTER RD", "Street_Address": "6500 WINCHESTER RD", "City": "MEMPHIS", "State": "TN", "ZIP_Code": "38115", "Full_Address": "6500 WINCHESTER RD MEMPHIS TN 38115", "Latitude": 35.051, "Longitude": -89.845, "UCR_Category": "ASSAULT", "UCR_Description": "INTIMIDATION", "NIBRS_Group": "A", "NIBRS_Offense_Group": "CRIMES AGAINST PERSONS", "Part_One_or_Part_Two": 2, "Ward": "925", "Precinct": "RIDGEWAY", "Source_ObjectID": "703145", "ObjectId": 1657360}}, {"type": "Feature", "id": 1657361, "geometry": {"type": "Point", "coordinates": [-89.858, 35.06]}, "properties": {"Crime_ID": "2312030289ME", "Offense_Datetime": 1703631600000, "Reported_Datetime": 1703692800000, "Agency_Crime_ID": "VANDALISM/MISDEMEANOR", "UCR_Incident_Code": "290", "Block": 6100, "Street_Name": "RIDGEWYCK DR", "Street_Address": "6100 RIDGEWYCK DR", "City": "MEMPHIS", "State": "TN", "ZIP_Code": "38115", "Full_Address": "6100 RIDGEWYCK DR MEMPHIS TN 38115", "Latitude": 35.06, "Longitude": -89.858, "UCR_Category": "DEST/DAM/VAND OF PROPERTY", "UCR_Description": "DEST/DAM/VAND OF PROPERTY", "NIBRS_Group": "A", "NIBRS_Offense_Group": "CRIMES AGAINST PROPERTY", "Part_One_or_Part_Two": 2, "Ward": "925", "Precinct": "RIDGEWAY", "Source_ObjectID": "474437", "ObjectId": 1657361}}, {"type": "Feature", "id": 1657362, "geometry": {"type": "Point", "coordinates": [-89.966, 35.139]}, "properties": {"Crime_ID": "2206011075ME", "Offense_Datetime": 1656021840000, "Reported_Datetime": 1656022860000, "Agency_Crime_ID": "DRUG EQUIPMENT VIOLATION", "UCR_Incident_Code": "35B", "Block": 0, "Street_Name": "MIMOSA AVE//HARRELL ST", "Street_Address": " MIMOSA AVE//HARRELL ST", "City": "MEMPHIS", "State": "TN", "ZIP_Code": "38122", "Full_Address": " MIMOSA AVE//HARRELL ST MEMPHIS TN 38122", "Latitude": 35.139, "Longitude": -89.966, "UCR_Category": "DRUG/NARCOTIC", "UCR_Description": "DRUG/NARCOTIC EQUIQ VIOL", "NIBRS_Group": "A", "NIBRS_Offense_Group": "CRIMES AGAINST SOCIETY", "Part_One_or_Part_Two": 2, "Ward": "523", "Precinct": "TILLMAN", "Source_ObjectID": "288606", "ObjectId": 1657362}}, {"type": "Feature", "id": 1657363, "geometry": {"type": "Point", "coordinates": [-89.991, 35.008]}, "properties": {"Crime_ID": "2502028892ME", "Offense_Datetime": 1740470400000, "Reported_Datetime": 1740685740000, "Agency_Crime_ID": "MVT/PASSENGER VEHICLE", "UCR_Incident_Code": "240", "Block": 2100, "Street_Name": "PARKHURST CT", "Street_Address": "2100 PARKHURST CT", "City": "MEMPHIS", "State": "TN", "ZIP_Code": "38109", "Full_Address": "2100 PARKHURST CT MEMPHIS TN 38109", "Latitude": 35.008, "Longitude": -89.991, "UCR_Category": "MOTOR VEHICLE THEFT", "UCR_Description": "MOTOR VEHICLE THEFT", "NIBRS_Group": "A", "NIBRS_Offense_Group": "CRIMES AGAINST PROPERTY", "Part_One_or_Part_Two": 1, "Ward": "226", "Precinct": "RAINES", "Source_ObjectID": "601188", "ObjectId": 1657363}}, {"type": "Feature", "id": 1657364, "geometry": {"type": "Point", "coordinates": [-89.892, 35.142]}, "properties": {"Crime_ID": "2003009120ME", "Offense_Datetime": 1584777600000, "Reported_Datetime": 1584827040000, "Agency_Crime_ID": "BURGLARY/NON-RESIDENTIAL", "UCR_Incident_Code": "220", "Block": 5000, "Street_Name": "LYNBAR AVE", "Street_Address": "5000 LYNBAR AVE", "City": "MEMPHIS", "State": "TN", "ZIP_Code": "38117", "Full_Address": "5000 LYNBAR AVE MEMPHIS TN 38117", "Latitude": 35.142, "Longitude": -89.892, "UCR_Category": "BURG/BREAK & ENTER", "UCR_Description": "BURG/BREAK & ENTER", "NIBRS_Group": "A", "NIBRS_Offense_Group": "CRIMES AGAINST PROPERTY", "Part_One_or_Part_Two": 1, "Ward": "821", "Precinct": "APPLING FARMS", "Source_ObjectID": "64712", "ObjectId": 1657364}}, {"type": "Feature", "id": 1657365, "geometry": {"type": "Point", "coordinates": [-89.984, 35.166]}, "properties": {"Crime_ID": "2308012736ME", "Offense_Datetime": 1692788520000, "Reported_Datetime": 1692789240000, "Agency_Crime_ID": "THEFT FROM BUILDING", "UCR_Incident_Code": "23D", "Block": 1000, "Street_Name": "SPRINGDALE ST", "Street_Address": "1000 SPRINGDALE ST", "City": "MEMPHIS", "State": "TN", "ZIP_Code": "38014", "Full_Address": "1000 SPRINGDALE ST MEMPHIS TN 38014", "Latitude": 35.166, "Longitude": -89.984, "UCR_Category": "LARCENY/THEFT", "UCR_Description": "THEFT FROM A BUILDING", "NIBRS_Group": "A", "NIBRS_Offense_Group": "CRIMES AGAINST PROPERTY", "Part_One_or_Part_Two": 1, "Ward": "426", "Precinct": "CRUMP", "Source_ObjectID": "433533", "ObjectId": 1657365}}, {"type": "Feature", "id": 1657366, "geometry": {"type": "Point", "coordinates": [-89.948, 35.074]}, "properties": {"Crime_ID": "2401022783ME", "Offense_Datetime": 1704733200000, "Reported_Datetime": 1704737220000, "Agency_Crime_ID": "DRUG EQUIPMENT VIOLATION", "UCR_Incident_Code": "35B", "Block": 3400, "Street_Name": "LAMAR AVE", "Street_Address": "3400 LAMAR AVE", "City": "MEMPHIS", "State": "TN", "ZIP_Code": "38108", "Full_Address": "3400 LAMAR AVE MEMPHIS TN 38108", "Latitude": 35.074, "Longitude": -89.948, "UCR_Category": "DRUG/NARCOTIC", "UCR_Description": "DRUG/NARCOTIC EQUIQ VIOL", "NIBRS_Group": "A", "NIBRS_Offense_Group": "CRIMES AGAINST SOCIETY", "Part_One_or_Part_Two": 2, "Ward": "OCU", "Precinct": "OCU", "Source_ObjectID": "478839", "ObjectId": 1657366}}, {"type": "Feature", "id": 1657367, "geometry": {"type": "Point", "coordinates": [-89.897, 35.116]}, "properties": {"Crime_ID": "2212013380ME", "Offense_Datetime": 1672337760000, "Reported_Datetime": 1672337760000, "Agency_Crime_ID": "THEFT FROM MOTOR VEHICLE", "UCR_Incident_Code": "23F", "Block": 4900, "Street_Name": "WILLIAM ARNOLD RD", "Street_Address": "4900 WILLIAM ARNOLD RD", "City": "MEMPHIS", "State": "TN", "ZIP_Code": "38117", "Full_Address": "4900 WILLIAM ARNOLD RD MEMPHIS TN 38117", "Latitude": 35.116, "Longitude": -89.897, "UCR_Category": "LARCENY/THEFT", "UCR_Description": "THEFT FROM A MOTOR VEHICLE", "NIBRS_Group": "A", "NIBRS_Offense_Group": "CRIMES AGAINST PROPERTY", "Part_One_or_Part_Two": 1, "Ward": "821", "Precinct": "APPLING FARMS", "Source_ObjectID": "351004", "ObjectId": 1657367}}, {"type": "Feature", "id": 1657368, "geometry": {"type": "Point", "coordinates": [-89.941, 35.226]}, "properties": {"Crime_ID": "2505024492ME", "Offense_Datetime": 1747008000000, "Reported_Datetime": 1747089600000, "Agency_Crime_ID": "VANDALISM/MISDEMEANOR", "UCR_Incident_Code": "290", "Block": 3600, "Street_Name": "WINDERMERE RD", "Street_Address": "3600 WINDERMERE RD", "City": "MEMPHIS", "State": "TN", "ZIP_Code": "38128", "Full_Address": "3600 WINDERMERE RD MEMPHIS TN 38128", "Latitude": 35.226, "Longitude": -89.941, "UCR_Category": "DEST/DAM/VAND OF PROPERTY", "UCR_Description": "DEST/DAM/VAND OF PROPERTY", "NIBRS_Group": "A", "NIBRS_Offense_Group": "CRIMES AGAINST PROPERTY", "Part_One_or_Part_Two": 2, "Ward": "125", "Precinct": "AUSTIN PEAY", "Source_ObjectID": "621176", "ObjectId": 1657368}}, {"type": "Feature", "id": 1657369, "geometry": {"type": "Point", "coordinates": [-90.026, 35.019]}, "properties": {"Crime_ID": "2502028905ME", "Offense_Datetime": 1740688200000, "Reported_Datetime": 1740690060000, "Agency_Crime_ID": "SIMPLE ASSAULT", "UCR_Incident_Code": "13B", "Block": 4700, "Street_Name": "ELVIS PRESLEY BLVD", "Street_Address": "4700 ELVIS PRESLEY BLVD", "City": "MEMPHIS", "State": "TN", "ZIP_Code": "38116", "Full_Address": "4700 ELVIS PRESLEY BLVD MEMPHIS TN 38116", "Latitude": 35.019, "Longitude": -90.026, "UCR_Category": "ASSAULT", "UCR_Description": "SIMPLE ASSAULT", "NIBRS_Group": "A", "NIBRS_Offense_Group": "CRIMES AGAINST PERSONS", "Part_One_or_Part_Two": 2, "Ward": "223", "Precinct": "RAINES", "Source_ObjectID": "601194", "ObjectId": 1657369}}, {"type": "Feature", "id": 1657370, "geometry": {"type": "Point", "coordinates": [-89.843, 35.163]}, "properties": {"Crime_ID": "2109000065ME", "Offense_Datetime": 1630270800000, "Reported_Datetime": 1630493940000, "Agency_Crime_ID": "AGGRAVATED ASSAULT/DV", "UCR_Incident_Code": "13A", "Block": 1400, "Street_Name": "GREENBROOK PKWY", "Street_Address": "1400 GREENBROOK PKWY", "City": "MEMPHIS", "State": "TN", "ZIP_Code": "38134", "Full_Address": "1400 GREENBROOK PKWY MEMPHIS TN 38134", "Latitude": 35.163, "Longitude": -89.843, "UCR_Category": "AGGRAVATED ASSAULT", "UCR_Description": "AGGRAVATED ASSAULT", "NIBRS_Group": "A", "NIBRS_Offense_Group": "CRIMES AGAINST PERSONS", "Part_One_or_Part_Two": 1, "Ward": "822", "Precinct": "APPLING FARMS", "Source_ObjectID": "204865", "ObjectId": 1657370}}, {"type": "Feature", "id": 1657371, "geometry": {"type": "Point", "coordinates": [-89.954, 35.143]}, "properties": {"Crime_ID": "2001009769ME", "Offense_Datetime": 1579606200000, "Reported_Datetime": 1579659180000, "Agency_Crime_ID": "BURGLARY/RESIDENTIAL", "UCR_Incident_Code": "220", "Block": 3200, "Street_Name": "NATHAN AVE", "Street_Address": "3200 NATHAN AVE", "City": "MEMPHIS", "State": "TN", "ZIP_Code": "38112", "Full_Address": "3200 NATHAN AVE MEMPHIS TN 38112", "Latitude": 35.143, "Longitude": -89.954, "UCR_Category": "BURG/BREAK & ENTER", "UCR_Description": "BURG/BREAK & ENTER", "NIBRS_Group": "A", "NIBRS_Offense_Group": "CRIMES AGAINST PROPERTY", "Part_One_or_Part_Two": 1, "Ward": "523", "Precinct": "TILLMAN", "Source_ObjectID": "49359", "ObjectId": 1657371}}, {"type": "Feature", "id": 1657372, "geometry": {"type": "Point", "coordinates": [-90.034, 35.144]}, "properties": {"Crime_ID": "2307016882ME", "Offense_Datetime": 1690779420000, "Reported_Datetime": 1690782540000, "Agency_Crime_ID": "MVT/PASSENGER VEHICLE", "UCR_Incident_Code": "240", "Block": 0, "Street_Name": "N DUNLAP ST", "Street_Address": "0 N DUNLAP ST", "City": "MEMPHIS", "State": "TN", "ZIP_Code": "38105", "Full_Address": "0 N DUNLAP ST MEMPHIS TN 38105", "Latitude": 35.144, "Longitude": -90.034, "UCR_Category": "MOTOR VEHICLE THEFT", "UCR_Description": "MOTOR VEHICLE THEFT", "NIBRS_Group": "A", "NIBRS_Offense_Group": "CRIMES AGAINST PROPERTY", "Part_One_or_Part_Two": 1, "Ward": "624", "Precinct": "NORTH MAIN", "Source_ObjectID": "425453", "ObjectId": 1657372}}, {"type": "Feature", "id": 1657373, "geometry": {"type": "Point", "coordinates": [-89.873, 35.093]}, "properties": {"Crime_ID": "2402029262ME", "Offense_Datetime": 1708675200000, "Reported_Datetime": 1708720500000, "Agency_Crime_ID": "VANDALISM/MISDEMEANOR", "UCR_Incident_Code": "290", "Block": 1400, "Street_Name": "YORKSHIRE DR", "Street_Address": "1400 YORKSHIRE DR", "City": "MEMPHIS", "State": "TN", "ZIP_Code": "38115", "Full_Address": "1400 YORKSHIRE DR MEMPHIS TN 38115", "Latitude": 35.093, "Longitude": -89.873, "UCR_Category": "DEST/DAM/VAND OF PROPERTY", "UCR_Description": "DEST/DAM/VAND OF PROPERTY", "NIBRS_Group": "A", "NIBRS_Offense_Group": "CRIMES AGAINST PROPERTY", "Part_One_or_Part_Two": 2, "Ward": "323", "Precinct": "MT MORIAH", "Source_ObjectID": "491521", "ObjectId": 1657373}}, {"type": "Feature", "id": 1657374, "geometry": {"type": "Point", "coordinates": [-90.005, 35.203]}, "properties": {"Crime_ID": "2006002722ME", "Offense_Datetime": 1591605000000, "Reported_Datetime": 1591605720000, "Agency_Crime_ID": "AGGRAVATED ASSAULT", "UCR_Incident_Code": "13A", "Block": 2800, "Street_Name": "FALLING STREAM DR", "Street_Address": "2800 FALLING STREAM DR", "City": "MEMPHIS", "State": "TN", "ZIP_Code": "38127", "Full_Address": "2800 FALLING STREAM DR MEMPHIS TN 38127", "Latitude": 35.203, "Longitude": -90.005, "UCR_Category": "AGGRAVATED ASSAULT", "UCR_Description": "AGGRAVATED ASSAULT", "NIBRS_Group": "A", "NIBRS_Offense_Group": "CRIMES AGAINST PERSONS", "Part_One_or_Part_Two": 1, "Ward": "122", "Precinct": "AUSTIN PEAY", "Source_ObjectID": "84881", "ObjectId": 1657374}}, {"type": "Feature", "id": 1657375, "geometry": {"type": "Point", "coordinates": [-89.91, 35.061]}, "properties": {"Crime_ID": "2304004882ME", "Offense_Datetime": 1681071300000, "Reported_Datetime": 1681167180000, "Agency_Crime_ID": "VANDALISM/MISDEMEANOR", "UCR_Incident_Code": "290", "Block": 3200, "Street_Name": "KNIGHT RD", "Street_Address": "3200 KNIGHT RD", "City": "MEMPHIS", "State": "TN", "ZIP_Code": "38118", "Full_Address": "3200 KNIGHT RD MEMPHIS TN 38118", "Latitude": 35.061, "Longitude": -89.91, "UCR_Category": "DEST/DAM/VAND OF PROPERTY", "UCR_Description": "DEST/DAM/VAND OF PROPERTY", "NIBRS_Group": "A", "NIBRS_Offense_Group": "CRIMES AGAINST PROPERTY", "Part_One_or_Part_Two": 2, "Ward": "325", "Precinct": "MT MORIAH", "Source_ObjectID": "384842", "ObjectId": 1657375}}, {"type": "Feature", "id": 1657376, "geometry": {"type": "Point", "coordinates": [-90.036, 35.085]}, "properties": {"Crime_ID": "2208004307ME", "Offense_Datetime": 1660050000000, "Reported_Datetime": 1660054860000, "Agency_Crime_ID": "SIMPLE ASSAULT/DV", "UCR_Incident_Code": "13B", "Block": 800, "Street_Name": "E DUMPSTER AVE", "Street_Address": "800 E DUMPSTER AVE", "City": "MEMPHIS", "State": "TN", "ZIP_Code": "38106", "Full_Address": "800 E DUMPSTER AVE MEMPHIS TN 38106", "Latitude": 35.085, "Longitude": -90.036, "UCR_Category": "ASSAULT", "UCR_Description": "SIMPLE ASSAULT", "NIBRS_Group": "A", "NIBRS_Offense_Group": "CRIMES AGAINST PERSONS", "Part_One_or_Part_Two": 2, "Ward": "722", "Precinct": "AIRWAYS", "Source_ObjectID": "304374", "ObjectId": 1657376}}, {"type": "Feature", "id": 1657377, "geometry": {"type": "Point", "coordinates": [-89.999, 35.222]}, "properties": {"Crime_ID": "2108006008ME", "Offense_Datetime": 1628906400000, "Reported_Datetime": 1628919900000, "Agency_Crime_ID": "VANDALISM/MISDEMEANOR", "UCR_Incident_Code": "290", "Block": 1900, "Street_Name": "TULSA AVE", "Street_Address": "1900 TULSA AVE", "City": "MEMPHIS", "State": "TN", "ZIP_Code": "38127", "Full_Address": "1900 TULSA AVE MEMPHIS TN 38127", "Latitude": 35.222, "Longitude": -89.999, "UCR_Category": "DEST/DAM/VAND OF PROPERTY", "UCR_Description": "DEST/DAM/VAND OF PROPERTY", "NIBRS_Group": "A", "NIBRS_Offense_Group": "CRIMES AGAINST PROPERTY", "Part_One_or_Part_Two": 2, "Ward": "121", "Precinct": "AUSTIN PEAY", "Source_ObjectID": "199873", "ObjectId": 1657377}}, {"type": "Feature", "id": 1657378, "geometry": {"type": "Point", "coordinates": [-89.928, 35.149]}, "properties": {"Crime_ID": "2201001897ME", "Offense_Datetime": 1641442020000, "Reported_Datetime": 1641448800000, "Agency_Crime_ID": "ROBBERY/INDIVIDUAL", "UCR_Incident_Code": "120", "Block": 3900, "Street_Name": "SUMMER AVE", "Street_Address": "3900 SUMMER AVE", "City": "MEMPHIS", "State": "TN", "ZIP_Code": "38122", "Full_Address": "3900 SUMMER AVE MEMPHIS TN 38122", "Latitude": 35.149, "Longitude": -89.928, "UCR_Category": "ROBBERY", "UCR_Description": "ROBBERY", "NIBRS_Group": "A", "NIBRS_Offense_Group": "CRIMES AGAINST PROPERTY", "Part_One_or_Part_Two": 1, "Ward": "525", "Precinct": "TILLMAN", "Source_ObjectID": "240623", "ObjectId": 1657378}}, {"type": "Feature", "id": 1657379, "geometry": {"type": "Point", "coordinates": [-89.902, 35.046]}, "properties": {"Crime_ID": "2105003969ME", "Offense_Datetime": 1620785640000, "Reported_Datetime": 1620785640000, "Agency_Crime_ID": "WEAPON LAW VIOLATIONS/MISDEMEANOR", "UCR_Incident_Code": "520", "Block": 0, "Street_Name": "CROMWELLST//OUTLAND AVE", "Street_Address": " CROMWELLST//OUTLAND AVE", "City": "MEMPHIS", "State": "TN", "ZIP_Code": "38118", "Full_Address": " CROMWELLST//OUTLAND AVE MEMPHIS TN 38118", "Latitude": 35.046, "Longitude": -89.902, "UCR_Category": "WEAPON LAW VIOLATION", "UCR_Description": "WEAPON LAW VIOL", "NIBRS_Group": "A", "NIBRS_Offense_Group": "CRIMES AGAINST SOCIETY", "Part_One_or_Part_Two": 2, "Ward": "OCU", "Precinct": "OCU", "Source_ObjectID": "173135", "ObjectId": 1657379}}, {"type": "Feature", "id": 1657380, "geometry": {"type": "Point", "coordinates": [-89.905, 35.116]}, "properties": {"Crime_ID": "2307013313ME", "Offense_Datetime": 1690230600000, "Reported_Datetime": 1690238820000, "Agency_Crime_ID": "FALSE PRETENSES/SWINDLE/CONFIDENCE GAME", "UCR_Incident_Code": "26A", "Block": 4700, "Street_Name": "POPLAR AVE", "Street_Address": "4700 POPLAR AVE", "City": "MEMPHIS", "State": "TN", "ZIP_Code": "38117", "Full_Address": "4700 POPLAR AVE MEMPHIS TN 38117", "Latitude": 35.116, "Longitude": -89.905, "UCR_Category": "FRAUD", "UCR_Description": "FALSE PRETENSES/SWIN/CONF", "NIBRS_Group": "A", "NIBRS_Offense_Group": "CRIMES AGAINST PROPERTY", "Part_One_or_Part_Two": 2, "Ward": "821", "Precinct": "APPLING FARMS", "Source_ObjectID": "423247", "ObjectId": 1657380}}, {"type": "Feature", "id": 1657381, "geometry": {"type": "Point", "coordinates": [-89.92, 35.15]}, "properties": {"Crime_ID": "2212002447ME", "Offense_Datetime": 1670343000000, "Reported_Datetime": 1670344440000, "Agency_Crime_ID": "SHOPLIFTING/MISDEMEANOR", "UCR_Incident_Code": "23C", "Block": 4200, "Street_Name": "SUMMER AVE", "Street_Address": "4200 SUMMER AVE", "City": "MEMPHIS", "State": "TN", "ZIP_Code": "38122", "Full_Address": "4200 SUMMER AVE MEMPHIS TN 38122", "Latitude": 35.15, "Longitude": -89.92, "UCR_Category": "LARCENY/THEFT", "UCR_Description": "SHOPLIFTING", "NIBRS_Group": "A", "NIBRS_Offense_Group": "CRIMES AGAINST PROPERTY", "Part_One_or_Part_Two": 1, "Ward": "525", "Precinct": "TILLMAN", "Source_ObjectID": "343617", "ObjectId": 1657381}}, {"type": "Feature", "id": 1657382, "geometry": {"type": "Point", "coordinates": [-90.061, 35.095]}, "properties": {"Crime_ID": "2508023805ME", "Offense_Datetime": 1754888400000, "Reported_Datetime": 1754893860000, "Agency_Crime_ID": "MVT/PASSENGER VEHICLE", "UCR_Incident_Code": "240", "Block": 0, "Street_Name": "ILA CT BELZ BLVD", "Street_Address": "0 ILA CT BELZ BLVD", "City": "MEMPHIS", "State": "TN", "ZIP_Code": "38109", "Full_Address": "0 ILA CT BELZ BLVD MEMPHIS TN 38109", "Latitude": 35.095, "Longitude": -90.061, "UCR_Category": "MOTOR VEHICLE THEFT", "UCR_Description": "MOTOR VEHICLE THEFT", "NIBRS_Group": "A", "NIBRS_Offense_Group": "CRIMES AGAINST PROPERTY", "Part_One_or_Part_Two": 1, "Ward": "721", "Precinct": "AIRWAYS", "Source_ObjectID": "645581", "ObjectId": 1657382}}, {"type": "Feature", "id": 1657383, "geometry": {"type": "Point", "coordinates": [-90.033, 35.066]}, "properties": {"Crime_ID": "2410026949ME", "Offense_Datetime": 1729209840000, "Reported_Datetime": 1729256640000, "Agency_Crime_ID": "BOMB THREAT", "UCR_Incident_Code": "13C", "Block": 3000, "Street_Name": "FLEETBROOK DR", "Street_Address": "3000 FLEETBROOK DR", "City": "MEMPHIS", "State": "TN", "ZIP_Code": "38109", "Full_Address": "3000 FLEETBROOK DR MEMPHIS TN 38109", "Latitude": 35.066, "Longitude": -90.033, "UCR_Category": "ASSAULT", "UCR_Description": "INTIMIDATION", "NIBRS_Group": "A", "NIBRS_Offense_Group": "CRIMES AGAINST PERSONS", "Part_One_or_Part_Two": 2, "Ward": "224", "Precinct": "RAINES", "Source_ObjectID": "565690", "ObjectId": 1657383}}, {"type": "Feature", "id": 1657384, "geometry": {"type": "Point", "coordinates": [-89.999, 35.156]}, "properties": {"Crime_ID": "2308007295ME", "Offense_Datetime": 1691910000000, "Reported_Datetime": 1691944080000, "Agency_Crime_ID": "MVT/PASSENGER VEHICLE", "UCR_Incident_Code": "240", "Block": 600, "Street_Name": "HAWTHORNE ST", "Street_Address": "600 HAWTHORNE ST", "City": "MEMPHIS", "State": "TN", "ZIP_Code": "38107", "Full_Address": "600 HAWTHORNE ST MEMPHIS TN 38107", "Latitude": 35.156, "Longitude": -89.999, "UCR_Category": "MOTOR VEHICLE THEFT", "UCR_Description": "MOTOR VEHICLE THEFT", "NIBRS_Group": "A", "NIBRS_Offense_Group": "CRIMES AGAINST PROPERTY", "Part_One_or_Part_Two": 1, "Ward": "425", "Precinct": "CRUMP", "Source_ObjectID": "430287", "ObjectId": 1657384}}, {"type": "Feature", "id": 1657385, "geometry": {"type": "Point", "coordinates": [-90.01, 35.21]}, "properties": {"Crime_ID": "2604029647ME", "Offense_Datetime": 1777352400000, "Reported_Datetime": 1777382220000, "Agency_Crime_ID": "VANDALISM/FELONY", "UCR_Incident_Code": "290", "Block": 3000, "Street_Name": "MENSI ST", "Street_Address": "3000 MENSI ST", "City": "MEMPHIS", "State": "TN", "ZIP_Code": "38127", "Full_Address": "3000 MENSI ST MEMPHIS TN 38127", "Latitude": 35.21, "Longitude": -90.01, "UCR_Category": "DEST/DAM/VAND OF PROPERTY", "UCR_Description": "DEST/DAM/VAND OF PROPERTY", "NIBRS_Group": "A", "NIBRS_Offense_Group": "CRIMES AGAINST PROPERTY", "Part_One_or_Part_Two": 2, "Ward": "122", "Precinct": "AUSTIN PEAY", "Source_ObjectID": "700876", "ObjectId": 1657385}}, {"type": "Feature", "id": 1657386, "geometry": {"type": "Point", "coordinates": [-90.005, 35.163]}, "properties": {"Crime_ID": "2307008372ME", "Offense_Datetime": 1689480000000, "Reported_Datetime": 1689481560000, "Agency_Crime_ID": "AGG. ASSAULT - INVOLVING FIREARMS DISCHARGED", "UCR_Incident_Code": "13A", "Block": 800, "Street_Name": "N AVALON ST", "Street_Address": "800 N AVALON ST", "City": "MEMPHIS", "State": "TN", "ZIP_Code": "38107", "Full_Address": "800 N AVALON ST MEMPHIS TN 38107", "Latitude": 35.163, "Longitude": -90.005, "UCR_Category": "AGGRAVATED ASSAULT", "UCR_Description": "AGGRAVATED ASSAULT", "NIBRS_Group": "A", "NIBRS_Offense_Group": "CRIMES AGAINST PERSONS", "Part_One_or_Part_Two": 1, "Ward": "425", "Precinct": "CRUMP", "Source_ObjectID": "420063", "ObjectId": 1657386}}, {"type": "Feature", "id": 1657387, "geometry": {"type": "Point", "coordinates": [-89.883, 35.156]}, "properties": {"Crime_ID": "2602025674ME", "Offense_Datetime": 1771517340000, "Reported_Datetime": 1771522260000, "Agency_Crime_ID": "THEFT FROM MOTOR VEHICLE", "UCR_Incident_Code": "23F", "Block": 5200, "Street_Name": "SUMMER AVE", "Street_Address": "5200 SUMMER AVE", "City": "MEMPHIS", "State": "TN", "ZIP_Code": "38134", "Full_Address": "5200 SUMMER AVE MEMPHIS TN 38134", "Latitude": 35.156, "Longitude": -89.883, "UCR_Category": "LARCENY/THEFT", "UCR_Description": "THEFT FROM A MOTOR VEHICLE", "NIBRS_Group": "A", "NIBRS_Offense_Group": "CRIMES AGAINST PROPERTY", "Part_One_or_Part_Two": 1, "Ward": "822", "Precinct": "APPLING FARMS", "Source_ObjectID": "686374", "ObjectId": 1657387}}, {"type": "Feature", "id": 1657388, "geometry": {"type": "Point", "coordinates": [-89.794, 35.134]}, "properties": {"Crime_ID": "2407028302ME", "Offense_Datetime": 1721404800000, "Reported_Datetime": 1721414040000, "Agency_Crime_ID": "VANDALISM/MISDEMEANOR", "UCR_Incident_Code": "290", "Block": 8000, "Street_Name": "CARRIAGE LN", "Street_Address": "8000 CARRIAGE LN", "City": "MEMPHIS", "State": "TN", "ZIP_Code": "38016", "Full_Address": "8000 CARRIAGE LN MEMPHIS TN 38016", "Latitude": 35.134, "Longitude": -89.794, "UCR_Category": "DEST/DAM/VAND OF PROPERTY", "UCR_Description": "DEST/DAM/VAND OF PROPERTY", "NIBRS_Group": "A", "NIBRS_Offense_Group": "CRIMES AGAINST PROPERTY", "Part_One_or_Part_Two": 2, "Ward": "824", "Precinct": "APPLING FARMS", "Source_ObjectID": "538335", "ObjectId": 1657388}}, {"type": "Feature", "id": 1657389, "geometry": {"type": "Point", "coordinates": [-90.007, 35.154]}, "properties": {"Crime_ID": "2512025188ME", "Offense_Datetime": 1766005440000, "Reported_Datetime": 1766005440000, "Agency_Crime_ID": "DRUG EQUIPMENT VIOLATION", "UCR_Incident_Code": "35B", "Block": 1500, "Street_Name": "N PKWY", "Street_Address": "1500 N PKWY", "City": "MEMPHIS", "State": "TN", "ZIP_Code": "38107", "Full_Address": "1500 N PKWY MEMPHIS TN 38107", "Latitude": 35.154, "Longitude": -90.007, "UCR_Category": "DRUG/NARCOTIC", "UCR_Description": "DRUG/NARCOTIC EQUIQ VIOL", "NIBRS_Group": "A", "NIBRS_Offense_Group": "CRIMES AGAINST SOCIETY", "Part_One_or_Part_Two": 2, "Ward": "425", "Precinct": "CRUMP", "Source_ObjectID": "674423", "ObjectId": 1657389}}, {"type": "Feature", "id": 1657390, "geometry": {"type": "Point", "coordinates": [-89.93, 35.058]}, "properties": {"Crime_ID": "2409021321ME", "Offense_Datetime": 1725447000000, "Reported_Datetime": 1725450000000, "Agency_Crime_ID": "WEAPON LAW VIOLATIONS/FELONY", "UCR_Incident_Code": "520", "Block": 3300, "Street_Name": "WILLOW WYCK DR", "Street_Address": "3300 WILLOW WYCK DR", "City": "MEMPHIS", "State": "TN", "ZIP_Code": "38118", "Full_Address": "3300 WILLOW WYCK DR MEMPHIS TN 38118", "Latitude": 35.058, "Longitude": -89.93, "UCR_Category": "WEAPON LAW VIOLATION", "UCR_Description": "WEAPON LAW VIOL", "NIBRS_Group": "A", "NIBRS_Offense_Group": "CRIMES AGAINST SOCIETY", "Part_One_or_Part_Two": 2, "Ward": "321", "Precinct": "MT MORIAH", "Source_ObjectID": "552491", "ObjectId": 1657390}}, {"type": "Feature", "id": 1657391, "geometry": {"type": "Point", "coordinates": [-89.981, 35.109]}, "properties": {"Crime_ID": "2406028248ME", "Offense_Datetime": 1718846280000, "Reported_Datetime": 1718846880000, "Agency_Crime_ID": "AGGRAVATED ASSAULT/DV", "UCR_Incident_Code": "13A", "Block": 2400, "Street_Name": "SARATOGA AVE", "Street_Address": "2400 SARATOGA AVE", "City": "MEMPHIS", "State": "TN", "ZIP_Code": "38114", "Full_Address": "2400 SARATOGA AVE MEMPHIS TN 38114", "Latitude": 35.109, "Longitude": -89.981, "UCR_Category": "AGGRAVATED ASSAULT", "UCR_Description": "AGGRAVATED ASSAULT", "NIBRS_Group": "A", "NIBRS_Offense_Group": "CRIMES AGAINST PERSONS", "Part_One_or_Part_Two": 1, "Ward": "521", "Precinct": "TILLMAN", "Source_ObjectID": "528305", "ObjectId": 1657391}}, {"type": "Feature", "id": 1657392, "geometry": {"type": "Point", "coordinates": [-89.998, 35.14]}, "properties": {"Crime_ID": "2205010771ME", "Offense_Datetime": 1653336000000, "Reported_Datetime": 1653338940000, "Agency_Crime_ID": "BURGLARY/NON-RESIDENTIAL", "UCR_Incident_Code": "220", "Block": 1800, "Street_Name": "JEFFERSON AVE", "Street_Address": "1800 JEFFERSON AVE", "City": "MEMPHIS", "State": "TN", "ZIP_Code": "38104", "Full_Address": "1800 JEFFERSON AVE MEMPHIS TN 38104", "Latitude": 35.14, "Longitude": -89.998, "UCR_Category": "BURG/BREAK & ENTER", "UCR_Description": "BURG/BREAK & ENTER", "NIBRS_Group": "A", "NIBRS_Offense_Group": "CRIMES AGAINST PROPERTY", "Part_One_or_Part_Two": 1, "Ward": "424", "Precinct": "CRUMP", "Source_ObjectID": "278656", "ObjectId": 1657392}}, {"type": "Feature", "id": 1657393, "geometry": {"type": "Point", "coordinates": [-89.864, 35.069]}, "properties": {"Crime_ID": "2511025427ME", "Offense_Datetime": 1763423400000, "Reported_Datetime": 1763424720000, "Agency_Crime_ID": "AGGRAVATED ASSAULT/DV", "UCR_Incident_Code": "13A", "Block": 5900, "Street_Name": "WIND MEADOW LN", "Street_Address": "5900 WIND MEADOW LN", "City": "MEMPHIS", "State": "TN", "ZIP_Code": "38115", "Full_Address": "5900 WIND MEADOW LN MEMPHIS TN 38115", "Latitude": 35.069, "Longitude": -89.864, "UCR_Category": "AGGRAVATED ASSAULT", "UCR_Description": "AGGRAVATED ASSAULT", "NIBRS_Group": "A", "NIBRS_Offense_Group": "CRIMES AGAINST PERSONS", "Part_One_or_Part_Two": 1, "Ward": "925", "Precinct": "RIDGEWAY", "Source_ObjectID": "668551", "ObjectId": 1657393}}, {"type": "Feature", "id": 1657394, "geometry": {"type": "Point", "coordinates": [-89.975, 35.25]}, "properties": {"Crime_ID": "2005010939ME", "Offense_Datetime": 1590649200000, "Reported_Datetime": 1590651060000, "Agency_Crime_ID": "ARSON", "UCR_Incident_Code": "200", "Block": 4500, "Street_Name": "RANGE LINE ST", "Street_Address": "4500 RANGE LINE ST", "City": "MEMPHIS", "State": "TN", "ZIP_Code": "38127", "Full_Address": "4500 RANGE LINE ST MEMPHIS TN 38127", "Latitude": 35.25, "Longitude": -89.975, "UCR_Category": "ARSON", "UCR_Description": "ARSON", "NIBRS_Group": "A", "NIBRS_Offense_Group": "CRIMES AGAINST PROPERTY", "Part_One_or_Part_Two": 1, "Ward": "123", "Precinct": "AUSTIN PEAY", "Source_ObjectID": "81986", "ObjectId": 1657394}}, {"type": "Feature", "id": 1657395, "geometry": {"type": "Point", "coordinates": [-89.813, 35.049]}, "properties": {"Crime_ID": "2306002902ME", "Offense_Datetime": 1687035600000, "Reported_Datetime": 1687055460000, "Agency_Crime_ID": "THEFT FROM MOTOR VEHICLE", "UCR_Incident_Code": "23F", "Block": 7400, "Street_Name": "WINCHESTER RD", "Street_Address": "7400 WINCHESTER RD", "City": "MEMPHIS", "State": "TN", "ZIP_Code": "38125", "Full_Address": "7400 WINCHESTER RD MEMPHIS TN 38125", "Latitude": 35.049, "Longitude": -89.813, "UCR_Category": "LARCENY/THEFT", "UCR_Description": "THEFT FROM A MOTOR VEHICLE", "NIBRS_Group": "A", "NIBRS_Offense_Group": "CRIMES AGAINST PROPERTY", "Part_One_or_Part_Two": 1, "Ward": "924", "Precinct": "RIDGEWAY", "Source_ObjectID": "404600", "ObjectId": 1657395}}, {"type": "Feature", "id": 1657396, "geometry": {"type": "Point", "coordinates": [-90.015, 35.22]}, "properties": {"Crime_ID": "2108003223ME", "Offense_Datetime": 1628429400000, "Reported_Datetime": 1628441880000, "Agency_Crime_ID": "ANIMAL CRUELTY", "UCR_Incident_Code": "720", "Block": 3400, "Street_Name": "STEELE ST", "Street_Address": "3400 STEELE ST", "City": "MEMPHIS", "State": "TN", "ZIP_Code": "38127", "Full_Address": "3400 STEELE ST MEMPHIS TN 38127", "Latitude": 35.22, "Longitude": -90.015, "UCR_Category": "ANIMAL CRUELTY", "UCR_Description": "ANIMAL CRUELTY", "NIBRS_Group": "A", "NIBRS_Offense_Group": "CRIMES AGAINST SOCIETY", "Part_One_or_Part_Two": 2, "Ward": "121", "Precinct": "AUSTIN PEAY", "Source_ObjectID": "198229", "ObjectId": 1657396}}, {"type": "Feature", "id": 1657397, "geometry": {"type": "Point", "coordinates": [-89.868, 35.179]}, "properties": {"Crime_ID": "2406023474ME", "Offense_Datetime": 1717872600000, "Reported_Datetime": 1717878720000, "Agency_Crime_ID": "VANDALISM/MISDEMEANOR", "UCR_Incident_Code": "290", "Block": 5800, "Street_Name": "EDGEWATER CV", "Street_Address": "5800 EDGEWATER CV", "City": "MEMPHIS", "State": "TN", "ZIP_Code": "38134", "Full_Address": "5800 EDGEWATER CV MEMPHIS TN 38134", "Latitude": 35.179, "Longitude": -89.868, "UCR_Category": "DEST/DAM/VAND OF PROPERTY", "UCR_Description": "DEST/DAM/VAND OF PROPERTY", "NIBRS_Group": "A", "NIBRS_Offense_Group": "CRIMES AGAINST PROPERTY", "Part_One_or_Part_Two": 2, "Ward": "822", "Precinct": "APPLING FARMS", "Source_ObjectID": "524648", "ObjectId": 1657397}}, {"type": "Feature", "id": 1657398, "geometry": {"type": "Point", "coordinates": [-89.84, 35.162]}, "properties": {"Crime_ID": "2502020951ME", "Offense_Datetime": 1735702200000, "Reported_Datetime": 1738623780000, "Agency_Crime_ID": "THEFT OF VEHICLE PARTS/ACCESSORIES", "UCR_Incident_Code": "23G", "Block": 6600, "Street_Name": "QUAILBROOK CV", "Street_Address": "6600 QUAILBROOK CV", "City": "MEMPHIS", "State": "TN", "ZIP_Code": "38018", "Full_Address": "6600 QUAILBROOK CV MEMPHIS TN 38018", "Latitude": 35.162, "Longitude": -89.84, "UCR_Category": "LARCENY/THEFT", "UCR_Description": "THEFT OF MV PARTS/ACCS", "NIBRS_Group": "A", "NIBRS_Offense_Group": "CRIMES AGAINST PROPERTY", "Part_One_or_Part_Two": 1, "Ward": "822", "Precinct": "APPLING FARMS", "Source_ObjectID": "586881", "ObjectId": 1657398}}, {"type": "Feature", "id": 1657399, "geometry": {"type": "Point", "coordinates": [-89.84, 35.1]}, "properties": {"Crime_ID": "2311031970ME", "Offense_Datetime": 1701327720000, "Reported_Datetime": 1701328320000, "Agency_Crime_ID": "THEFT FROM BUILDING", "UCR_Incident_Code": "23D", "Block": 1700, "Street_Name": "KIRBY PKWY", "Street_Address": "1700 KIRBY PKWY", "City": "MEMPHIS", "State": "TN", "ZIP_Code": "38118", "Full_Address": "1700 KIRBY PKWY MEMPHIS TN 38118", "Latitude": 35.1, "Longitude": -89.84, "UCR_Category": "LARCENY/THEFT", "UCR_Description": "THEFT FROM A BUILDING", "NIBRS_Group": "A", "NIBRS_Offense_Group": "CRIMES AGAINST PROPERTY", "Part_One_or_Part_Two": 1, "Ward": "823", "Precinct": "APPLING FARMS", "Source_ObjectID": "466370", "ObjectId": 1657399}}, {"type": "Feature", "id": 1657400, "geometry": {"type": "Point", "coordinates": [-89.946, 35.108]}, "properties": {"Crime_ID": "2212004495ME", "Offense_Datetime": 1670689080000, "Reported_Datetime": 1670691060000, "Agency_Crime_ID": "SHOPLIFTING/MISDEMEANOR", "UCR_Incident_Code": "23C", "Block": 3500, "Street_Name": "PARK AVE", "Street_Address": "3500 PARK AVE", "City": "MEMPHIS", "State": "TN", "ZIP_Code": "38111", "Full_Address": "3500 PARK AVE MEMPHIS TN 38111", "Latitude": 35.108, "Longitude": -89.946, "UCR_Category": "LARCENY/THEFT", "UCR_Description": "SHOPLIFTING", "NIBRS_Group": "A", "NIBRS_Offense_Group": "CRIMES AGAINST PROPERTY", "Part_One_or_Part_Two": 1, "Ward": "522", "Precinct": "TILLMAN", "Source_ObjectID": "344920", "ObjectId": 1657400}}, {"type": "Feature", "id": 1657401, "geometry": {"type": "Point", "coordinates": [-89.785, 35.172]}, "properties": {"Crime_ID": "2501030190ME", "Offense_Datetime": 1738245600000, "Reported_Datetime": 1738254300000, "Agency_Crime_ID": "THREATENING ELECTRONIC COMMUNICATION/DV", "UCR_Incident_Code": "13C", "Block": 1700, "Street_Name": "SORGHUM MILL DR", "Street_Address": "1700 SORGHUM MILL DR", "City": "MEMPHIS", "State": "TN", "ZIP_Code": "38016", "Full_Address": "1700 SORGHUM MILL DR MEMPHIS TN 38016", "Latitude": 35.172, "Longitude": -89.785, "UCR_Category": "ASSAULT", "UCR_Description": "INTIMIDATION", "NIBRS_Group": "A", "NIBRS_Offense_Group": "CRIMES AGAINST PERSONS", "Part_One_or_Part_Two": 2, "Ward": "826", "Precinct": "APPLING FARMS", "Source_ObjectID": "594343", "ObjectId": 1657401}}, {"type": "Feature", "id": 1657402, "geometry": {"type": "Point", "coordinates": [-89.897, 35.02]}, "properties": {"Crime_ID": "2003006636ME", "Offense_Datetime": 1584359400000, "Reported_Datetime": 1584360420000, "Agency_Crime_ID": "SHOPLIFTING/MISDEMEANOR", "UCR_Incident_Code": "23C", "Block": 4900, "Street_Name": "E SHELBY DR", "Street_Address": "4900 E SHELBY DR", "City": "MEMPHIS", "State": "TN", "ZIP_Code": "38118", "Full_Address": "4900 E SHELBY DR MEMPHIS TN 38118", "Latitude": 35.02, "Longitude": -89.897, "UCR_Category": "LARCENY/THEFT", "UCR_Description": "SHOPLIFTING", "NIBRS_Group": "A", "NIBRS_Offense_Group": "CRIMES AGAINST PROPERTY", "Part_One_or_Part_Two": 1, "Ward": "922", "Precinct": "RIDGEWAY", "Source_ObjectID": "63263", "ObjectId": 1657402}}, {"type": "Feature", "id": 1657403, "geometry": {"type": "Point", "coordinates": [-89.965, 35.138]}, "properties": {"Crime_ID": "2109013245ME", "Offense_Datetime": 1632902400000, "Reported_Datetime": 1632939540000, "Agency_Crime_ID": "THEFT FROM MOTOR VEHICLE", "UCR_Incident_Code": "23F", "Block": 100, "Street_Name": "RED OAK DR", "Street_Address": "100 RED OAK DR", "City": "MEMPHIS", "State": "TN", "ZIP_Code": "38112", "Full_Address": "100 RED OAK DR MEMPHIS TN 38112", "Latitude": 35.138, "Longitude": -89.965, "UCR_Category": "LARCENY/THEFT", "UCR_Description": "THEFT FROM A MOTOR VEHICLE", "NIBRS_Group": "A", "NIBRS_Offense_Group": "CRIMES AGAINST PROPERTY", "Part_One_or_Part_Two": 1, "Ward": "523", "Precinct": "TILLMAN", "Source_ObjectID": "212730", "ObjectId": 1657403}}, {"type": "Feature", "id": 1657404, "geometry": {"type": "Point", "coordinates": [-89.964, 35.138]}, "properties": {"Crime_ID": "2406029397ME", "Offense_Datetime": 1719036000000, "Reported_Datetime": 1719067200000, "Agency_Crime_ID": "MVT/PASSENGER VEHICLE", "UCR_Incident_Code": "240", "Block": 100, "Street_Name": "RED OAK DR", "Street_Address": "100 RED OAK DR", "City": "MEMPHIS", "State": "TN", "ZIP_Code": "38112", "Full_Address": "100 RED OAK DR MEMPHIS TN 38112", "Latitude": 35.138, "Longitude": -89.964, "UCR_Category": "MOTOR VEHICLE THEFT", "UCR_Description": "MOTOR VEHICLE THEFT", "NIBRS_Group": "A", "NIBRS_Offense_Group": "CRIMES AGAINST PROPERTY", "Part_One_or_Part_Two": 1, "Ward": "523", "Precinct": "TILLMAN", "Source_ObjectID": "529167", "ObjectId": 1657404}}, {"type": "Feature", "id": 1657405, "geometry": {"type": "Point", "coordinates": [-90.053, 35.118]}, "properties": {"Crime_ID": "2204004046ME", "Offense_Datetime": 1649606400000, "Reported_Datetime": 1649608680000, "Agency_Crime_ID": "INTIMIDATION/DV", "UCR_Incident_Code": "13C", "Block": 200, "Street_Name": "GASTON AVE", "Street_Address": "200 GASTON AVE", "City": "MEMPHIS", "State": "TN", "ZIP_Code": "38106", "Full_Address": "200 GASTON AVE MEMPHIS TN 38106", "Latitude": 35.118, "Longitude": -90.053, "UCR_Category": "ASSAULT", "UCR_Description": "INTIMIDATION", "NIBRS_Group": "A", "NIBRS_Offense_Group": "CRIMES AGAINST PERSONS", "Part_One_or_Part_Two": 2, "Ward": "421", "Precinct": "CRUMP", "Source_ObjectID": "265273", "ObjectId": 1657405}}, {"type": "Feature", "id": 1657406, "geometry": {"type": "Point", "coordinates": [-89.906, 35.07]}, "properties": {"Crime_ID": "2109011499ME", "Offense_Datetime": 1632607200000, "Reported_Datetime": 1632608400000, "Agency_Crime_ID": "WEAPON LAW VIOLATIONS/FELONY", "UCR_Incident_Code": "520", "Block": 2900, "Street_Name": "S PERKINS RD", "Street_Address": "2900 S PERKINS RD", "City": "MEMPHIS", "State": "TN", "ZIP_Code": "38118", "Full_Address": "2900 S PERKINS RD MEMPHIS TN 38118", "Latitude": 35.07, "Longitude": -89.906, "UCR_Category": "WEAPON LAW VIOLATION", "UCR_Description": "WEAPON LAW VIOL", "NIBRS_Group": "A", "NIBRS_Offense_Group": "CRIMES AGAINST SOCIETY", "Part_One_or_Part_Two": 2, "Ward": "324", "Precinct": "MT MORIAH", "Source_ObjectID": "211650", "ObjectId": 1657406}}, {"type": "Feature", "id": 1657407, "geometry": {"type": "Point", "coordinates": [-89.879, 35.104]}, "properties": {"Crime_ID": "2110000082ME", "Offense_Datetime": 1633042800000, "Reported_Datetime": 1633093500000, "Agency_Crime_ID": "THEFT OF VEHICLE PARTS/ACCESSORIES", "UCR_Incident_Code": "23G", "Block": 1000, "Street_Name": "JUNE RD", "Street_Address": "1000 JUNE RD", "City": "MEMPHIS", "State": "TN", "ZIP_Code": "38117", "Full_Address": "1000 JUNE RD MEMPHIS TN 38117", "Latitude": 35.104, "Longitude": -89.879, "UCR_Category": "LARCENY/THEFT", "UCR_Description": "THEFT OF MV PARTS/ACCS", "NIBRS_Group": "A", "NIBRS_Offense_Group": "CRIMES AGAINST PROPERTY", "Part_One_or_Part_Two": 1, "Ward": "821", "Precinct": "APPLING FARMS", "Source_ObjectID": "213278", "ObjectId": 1657407}}, {"type": "Feature", "id": 1657408, "geometry": {"type": "Point", "coordinates": [-89.937, 35.155]}, "properties": {"Crime_ID": "2604030396ME", "Offense_Datetime": 1777557720000, "Reported_Datetime": 1777557720000, "Agency_Crime_ID": "CREDIT CARD/ATM FRAUD", "UCR_Incident_Code": "26B", "Block": 800, "Street_Name": "BOWEN CIR", "Street_Address": "800 BOWEN CIR", "City": "MEMPHIS", "State": "TN", "ZIP_Code": "38112", "Full_Address": "800 BOWEN CIR MEMPHIS TN 38112", "Latitude": 35.155, "Longitude": -89.937, "UCR_Category": "FRAUD", "UCR_Description": "CREDIT CARD/ATM FRAUD", "NIBRS_Group": "A", "NIBRS_Offense_Group": "CRIMES AGAINST PROPERTY", "Part_One_or_Part_Two": 2, "Ward": "524", "Precinct": "TILLMAN", "Source_ObjectID": "701341", "ObjectId": 1657408}}, {"type": "Feature", "id": 1657409, "geometry": {"type": "Point", "coordinates": [-90.018, 35.034]}, "properties": {"Crime_ID": "2101006511ME", "Offense_Datetime": 1610894700000, "Reported_Datetime": 1610895960000, "Agency_Crime_ID": "VANDALISM/MISDEMEANOR", "UCR_Incident_Code": "290", "Block": 4100, "Street_Name": "EAST WIND DR", "Street_Address": "4100 EAST WIND DR", "City": "MEMPHIS", "State": "TN", "ZIP_Code": "38116", "Full_Address": "4100 EAST WIND DR MEMPHIS TN 38116", "Latitude": 35.034, "Longitude": -90.018, "UCR_Category": "DEST/DAM/VAND OF PROPERTY", "UCR_Description": "DEST/DAM/VAND OF PROPERTY", "NIBRS_Group": "A", "NIBRS_Offense_Group": "CRIMES AGAINST PROPERTY", "Part_One_or_Part_Two": 2, "Ward": "225", "Precinct": "RAINES", "Source_ObjectID": "145716", "ObjectId": 1657409}}, {"type": "Feature", "id": 1657410, "geometry": {"type": "Point", "coordinates": [-89.89, 35.069]}, "properties": {"Crime_ID": "2103009615ME", "Offense_Datetime": 1616526000000, "Reported_Datetime": 1616531220000, "Agency_Crime_ID": "KIDNAPPING/ABDUCTION", "UCR_Incident_Code": "100", "Block": 5100, "Street_Name": "COTTONWOOD RD", "Street_Address": "5100 COTTONWOOD RD", "City": "MEMPHIS", "State": "TN", "ZIP_Code": "38118", "Full_Address": "5100 COTTONWOOD RD MEMPHIS TN 38118", "Latitude": 35.069, "Longitude": -89.89, "UCR_Category": "KIDNAPPING/ABDUCTION", "UCR_Description": "KIDNAPPING/ABDUCTION", "NIBRS_Group": "A", "NIBRS_Offense_Group": "CRIMES AGAINST PERSONS", "Part_One_or_Part_Two": 2, "Ward": "324", "Precinct": "MT MORIAH", "Source_ObjectID": "160931", "ObjectId": 1657410}}, {"type": "Feature", "id": 1657411, "geometry": {"type": "Point", "coordinates": [-90.057, 35.01]}, "properties": {"Crime_ID": "2408032427ME", "Offense_Datetime": 1725075000000, "Reported_Datetime": 1725093300000, "Agency_Crime_ID": "DRUGS/NARCOTICS VIOLATION/FELONY", "UCR_Incident_Code": "35A", "Block": 5000, "Street_Name": "LONG BRANCH DR", "Street_Address": "5000 LONG BRANCH DR", "City": "MEMPHIS", "State": "TN", "ZIP_Code": "38109", "Full_Address": "5000 LONG BRANCH DR MEMPHIS TN 38109", "Latitude": 35.01, "Longitude": -90.057, "UCR_Category": "DRUG/NARCOTIC", "UCR_Description": "DRUG/NARCOTIC VIOLS", "NIBRS_Group": "A", "NIBRS_Offense_Group": "CRIMES AGAINST SOCIETY", "Part_One_or_Part_Two": 2, "Ward": "223", "Precinct": "RAINES", "Source_ObjectID": "551272", "ObjectId": 1657411}}, {"type": "Feature", "id": 1657412, "geometry": {"type": "Point", "coordinates": [0, 0]}, "properties": {"Crime_ID": "2102002732ME", "Offense_Datetime": 1612706400000, "Reported_Datetime": 1612711620000, "Agency_Crime_ID": "CARJACKING", "UCR_Incident_Code": "120", "Block": 5900, "Street_Name": "HICKORY HILL SQ", "Street_Address": "5900 HICKORY HILL SQ", "City": "CORDOVA", "State": "TN", "ZIP_Code": "38018", "Full_Address": "5900 HICKORY HILL SQ CORDOVA TN 38018", "Latitude": 0, "Longitude": 0, "UCR_Category": "ROBBERY", "UCR_Description": "ROBBERY", "NIBRS_Group": "A", "NIBRS_Offense_Group": "CRIMES AGAINST PROPERTY", "Part_One_or_Part_Two": 1, "Ward": "925", "Precinct": "RIDGEWAY", "Source_ObjectID": "151245", "ObjectId": 1657412}}, {"type": "Feature", "id": 1657413, "geometry": {"type": "Point", "coordinates": [-90.002, 35.225]}, "properties": {"Crime_ID": "2110008404ME", "Offense_Datetime": 1634619600000, "Reported_Datetime": 1634651340000, "Agency_Crime_ID": "VANDALISM/MISDEMEANOR", "UCR_Incident_Code": "290", "Block": 3600, "Street_Name": "WATKINS ST", "Street_Address": "3600 WATKINS ST", "City": "MEMPHIS", "State": "TN", "ZIP_Code": "38127", "Full_Address": "3600 WATKINS ST MEMPHIS TN 38127", "Latitude": 35.225, "Longitude": -90.002, "UCR_Category": "DEST/DAM/VAND OF PROPERTY", "UCR_Description": "DEST/DAM/VAND OF PROPERTY", "NIBRS_Group": "A", "NIBRS_Offense_Group": "CRIMES AGAINST PROPERTY", "Part_One_or_Part_Two": 2, "Ward": "121", "Precinct": "AUSTIN PEAY", "Source_ObjectID": "218613", "ObjectId": 1657413}}, {"type": "Feature", "id": 1657414, "geometry": {"type": "Point", "coordinates": [-89.845, 35.032]}, "properties": {"Crime_ID": "2507029110ME", "Offense_Datetime": 1753329600000, "Reported_Datetime": 1753373400000, "Agency_Crime_ID": "AGG. ASSAULT - INVOLVING FIREARMS DISCHARGED", "UCR_Incident_Code": "13A", "Block": 6500, "Street_Name": "ROCKY PARK DR", "Street_Address": "6500 ROCKY PARK DR", "City": "MEMPHIS", "State": "TN", "ZIP_Code": "38141", "Full_Address": "6500 ROCKY PARK DR MEMPHIS TN 38141", "Latitude": 35.032, "Longitude": -89.845, "UCR_Category": "AGGRAVATED ASSAULT", "UCR_Description": "AGGRAVATED ASSAULT", "NIBRS_Group": "A", "NIBRS_Offense_Group": "CRIMES AGAINST PERSONS", "Part_One_or_Part_Two": 1, "Ward": "923", "Precinct": "RIDGEWAY", "Source_ObjectID": "640901", "ObjectId": 1657414}}, {"type": "Feature", "id": 1657415, "geometry": {"type": "Point", "coordinates": [-90.028, 35.146]}, "properties": {"Crime_ID": "2602028718ME", "Offense_Datetime": 1772250300000, "Reported_Datetime": 1772333580000, "Agency_Crime_ID": "VANDALISM/FELONY", "UCR_Incident_Code": "290", "Block": 900, "Street_Name": "COLLINS CHAPEL CIR", "Street_Address": "900 COLLINS CHAPEL CIR", "City": "MEMPHIS", "State": "TN", "ZIP_Code": "38018", "Full_Address": "900 COLLINS CHAPEL CIR MEMPHIS TN 38018", "Latitude": 35.146, "Longitude": -90.028, "UCR_Category": "DEST/DAM/VAND OF PROPERTY", "UCR_Description": "DEST/DAM/VAND OF PROPERTY", "NIBRS_Group": "A", "NIBRS_Offense_Group": "CRIMES AGAINST PROPERTY", "Part_One_or_Part_Two": 2, "Ward": "624", "Precinct": "NORTH MAIN", "Source_ObjectID": "688192", "ObjectId": 1657415}}, {"type": "Feature", "id": 1657416, "geometry": {"type": "Point", "coordinates": [-89.853, 35.051]}, "properties": {"Crime_ID": "2101006936ME", "Offense_Datetime": 1610928000000, "Reported_Datetime": 1610987760000, "Agency_Crime_ID": "VANDALISM/MISDEMEANOR", "UCR_Incident_Code": "290", "Block": 3500, "Street_Name": "WINCHEST CV", "Street_Address": "3500 WINCHEST CV", "City": "MEMPHIS", "State": "TN", "ZIP_Code": "38115", "Full_Address": "3500 WINCHEST CV MEMPHIS TN 38115", "Latitude": 35.051, "Longitude": -89.853, "UCR_Category": "DEST/DAM/VAND OF PROPERTY", "UCR_Description": "DEST/DAM/VAND OF PROPERTY", "NIBRS_Group": "A", "NIBRS_Offense_Group": "CRIMES AGAINST PROPERTY", "Part_One_or_Part_Two": 2, "Ward": "925", "Precinct": "RIDGEWAY", "Source_ObjectID": "145989", "ObjectId": 1657416}}, {"type": "Feature", "id": 1657417, "geometry": {"type": "Point", "coordinates": [-89.939, 35.1]}, "properties": {"Crime_ID": "2204004491ME", "Offense_Datetime": 1649693340000, "Reported_Datetime": 1649696280000, "Agency_Crime_ID": "WEAPON LAW VIOLATIONS/FELONY", "UCR_Incident_Code": "520", "Block": 1100, "Street_Name": "ROBIN HOOD LN", "Street_Address": "1100 ROBIN HOOD LN", "City": "MEMPHIS", "State": "TN", "ZIP_Code": "38111", "Full_Address": "1100 ROBIN HOOD LN MEMPHIS TN 38111", "Latitude": 35.1, "Longitude": -89.939, "UCR_Category": "WEAPON LAW VIOLATION", "UCR_Description": "WEAPON LAW VIOL", "NIBRS_Group": "A", "NIBRS_Offense_Group": "CRIMES AGAINST SOCIETY", "Part_One_or_Part_Two": 2, "Ward": "322", "Precinct": "MT MORIAH", "Source_ObjectID": "265571", "ObjectId": 1657417}}, {"type": "Feature", "id": 1657418, "geometry": {"type": "Point", "coordinates": [-89.865, 35.168]}, "properties": {"Crime_ID": "2109006448ME", "Offense_Datetime": 1631664960000, "Reported_Datetime": 1631666040000, "Agency_Crime_ID": "STOLEN PROPERTY", "UCR_Incident_Code": "280", "Block": 0, "Street_Name": "SYCAMORE VIEW RD//SHELBY OAKS DR", "Street_Address": " SYCAMORE VIEW RD//SHELBY OAKS DR", "City": "MEMPHIS", "State": "TN", "ZIP_Code": "38118", "Full_Address": " SYCAMORE VIEW RD//SHELBY OAKS DR MEMPHIS TN 38118", "Latitude": 35.168, "Longitude": -89.865, "UCR_Category": "STOLEN PROPERTY", "UCR_Description": "STOLEN PROPERTY", "NIBRS_Group": "A", "NIBRS_Offense_Group": "CRIMES AGAINST PROPERTY", "Part_One_or_Part_Two": 2, "Ward": "OCU", "Precinct": "OCU", "Source_ObjectID": "208637", "ObjectId": 1657418}}, {"type": "Feature", "id": 1657419, "geometry": {"type": "Point", "coordinates": [-89.992, 35.11]}, "properties": {"Crime_ID": "2409020339ME", "Offense_Datetime": 1725228900000, "Reported_Datetime": 1725232440000, "Agency_Crime_ID": "WEAPON LAW VIOLATIONS/FELONY", "UCR_Incident_Code": "520", "Block": 2100, "Street_Name": "LAMAR AVE", "Street_Address": "2100 LAMAR AVE", "City": "MEMPHIS", "State": "TN", "ZIP_Code": "38114", "Full_Address": "2100 LAMAR AVE MEMPHIS TN 38114", "Latitude": 35.11, "Longitude": -89.992, "UCR_Category": "WEAPON LAW VIOLATION", "UCR_Description": "WEAPON LAW VIOL", "NIBRS_Group": "A", "NIBRS_Offense_Group": "CRIMES AGAINST SOCIETY", "Part_One_or_Part_Two": 2, "Ward": "723", "Precinct": "AIRWAYS", "Source_ObjectID": "551776", "ObjectId": 1657419}}, {"type": "Feature", "id": 1657420, "geometry": {"type": "Point", "coordinates": [-89.952, 35.116]}, "properties": {"Crime_ID": "2303006261ME", "Offense_Datetime": 1678575600000, "Reported_Datetime": 1678719240000, "Agency_Crime_ID": "THEFT FROM MOTOR VEHICLE", "UCR_Incident_Code": "23F", "Block": 500, "Street_Name": "ALEXANDER ST", "Street_Address": "500 ALEXANDER ST", "City": "MEMPHIS", "State": "TN", "ZIP_Code": "38111", "Full_Address": "500 ALEXANDER ST MEMPHIS TN 38111", "Latitude": 35.116, "Longitude": -89.952, "UCR_Category": "LARCENY/THEFT", "UCR_Description": "THEFT FROM A MOTOR VEHICLE", "NIBRS_Group": "A", "NIBRS_Offense_Group": "CRIMES AGAINST PROPERTY", "Part_One_or_Part_Two": 1, "Ward": "521", "Precinct": "TILLMAN", "Source_ObjectID": "375525", "ObjectId": 1657420}}, {"type": "Feature", "id": 1657421, "geometry": {"type": "Point", "coordinates": [-90.007, 35.195]}, "properties": {"Crime_ID": "2012007844ME", "Offense_Datetime": 1608360600000, "Reported_Datetime": 1608363660000, "Agency_Crime_ID": "AGGRAVATED ASSAULT", "UCR_Incident_Code": "13A", "Block": 2500, "Street_Name": "NWATKINS ST", "Street_Address": "2500 NWATKINS ST", "City": "MEMPHIS", "State": "TN", "ZIP_Code": "38127", "Full_Address": "2500 NWATKINS ST MEMPHIS TN 38127", "Latitude": 35.195, "Longitude": -90.007, "UCR_Category": "AGGRAVATED ASSAULT", "UCR_Description": "AGGRAVATED ASSAULT", "NIBRS_Group": "A", "NIBRS_Offense_Group": "CRIMES AGAINST PERSONS", "Part_One_or_Part_Two": 1, "Ward": "122", "Precinct": "AUSTIN PEAY", "Source_ObjectID": "137863", "ObjectId": 1657421}}, {"type": "Feature", "id": 1657422, "geometry": {"type": "Point", "coordinates": [-89.94, 35.235]}, "properties": {"Crime_ID": "2208004105ME", "Offense_Datetime": 1660014420000, "Reported_Datetime": 1660017900000, "Agency_Crime_ID": "AGGRAVATED ASSAULT", "UCR_Incident_Code": "13A", "Block": 3700, "Street_Name": "SAINT ELMO AVE", "Street_Address": "3700 SAINT ELMO AVE", "City": "MEMPHIS", "State": "TN", "ZIP_Code": "38128", "Full_Address": "3700 SAINT ELMO AVE MEMPHIS TN 38128", "Latitude": 35.235, "Longitude": -89.94, "UCR_Category": "AGGRAVATED ASSAULT", "UCR_Description": "AGGRAVATED ASSAULT", "NIBRS_Group": "A", "NIBRS_Offense_Group": "CRIMES AGAINST PERSONS", "Part_One_or_Part_Two": 1, "Ward": "125", "Precinct": "AUSTIN PEAY", "Source_ObjectID": "304258", "ObjectId": 1657422}}, {"type": "Feature", "id": 1657423, "geometry": {"type": "Point", "coordinates": [-89.993, 35.218]}, "properties": {"Crime_ID": "2310020851ME", "Offense_Datetime": 1696289700000, "Reported_Datetime": 1696296840000, "Agency_Crime_ID": "SHOPLIFTING/MISDEMEANOR", "UCR_Incident_Code": "23C", "Block": 2100, "Street_Name": "FRAYSER BLVD", "Street_Address": "2100 FRAYSER BLVD", "City": "MEMPHIS", "State": "TN", "ZIP_Code": "38127", "Full_Address": "2100 FRAYSER BLVD MEMPHIS TN 38127", "Latitude": 35.218, "Longitude": -89.993, "UCR_Category": "LARCENY/THEFT", "UCR_Description": "SHOPLIFTING", "NIBRS_Group": "A", "NIBRS_Offense_Group": "CRIMES AGAINST PROPERTY", "Part_One_or_Part_Two": 1, "Ward": "123", "Precinct": "AUSTIN PEAY", "Source_ObjectID": "447628", "ObjectId": 1657423}}, {"type": "Feature", "id": 1657424, "geometry": {"type": "Point", "coordinates": [-89.94, 35.167]}, "properties": {"Crime_ID": "2010013577ME", "Offense_Datetime": 1604152800000, "Reported_Datetime": 1604155860000, "Agency_Crime_ID": "THEFT FROM BUILDING", "UCR_Incident_Code": "23D", "Block": 1200, "Street_Name": "HOMER AVE", "Street_Address": "1200 HOMER AVE", "City": "MEMPHIS", "State": "TN", "ZIP_Code": "38122", "Full_Address": "1200 HOMER AVE MEMPHIS TN 38122", "Latitude": 35.167, "Longitude": -89.94, "UCR_Category": "LARCENY/THEFT", "UCR_Description": "THEFT FROM A BUILDING", "NIBRS_Group": "A", "NIBRS_Offense_Group": "CRIMES AGAINST PROPERTY", "Part_One_or_Part_Two": 1, "Ward": "526", "Precinct": "TILLMAN", "Source_ObjectID": "124614", "ObjectId": 1657424}}, {"type": "Feature", "id": 1657425, "geometry": {"type": "Point", "coordinates": [-89.939, 35.171]}, "properties": {"Crime_ID": "2510020586ME", "Offense_Datetime": 1759441800000, "Reported_Datetime": 1759444980000, "Agency_Crime_ID": "SIMPLE ASSAULT/DV", "UCR_Incident_Code": "13B", "Block": 3600, "Street_Name": "VIVIA AVE", "Street_Address": "3600 VIVIA AVE", "City": "MEMPHIS", "State": "TN", "ZIP_Code": "38122", "Full_Address": "3600 VIVIA AVE MEMPHIS TN 38122", "Latitude": 35.171, "Longitude": -89.939, "UCR_Category": "ASSAULT", "UCR_Description": "SIMPLE ASSAULT", "NIBRS_Group": "A", "NIBRS_Offense_Group": "CRIMES AGAINST PERSONS", "Part_One_or_Part_Two": 2, "Ward": "526", "Precinct": "TILLMAN", "Source_ObjectID": "658954", "ObjectId": 1657425}}, {"type": "Feature", "id": 1657426, "geometry": {"type": "Point", "coordinates": [-89.816, 35.037]}, "properties": {"Crime_ID": "2511023123ME", "Offense_Datetime": 1739998800000, "Reported_Datetime": 1762813740000, "Agency_Crime_ID": "OTHER THEFT/NON-SPECIFIC", "UCR_Incident_Code": "23H", "Block": 7400, "Street_Name": "BARNSTABLE RD", "Street_Address": "7400 BARNSTABLE RD", "City": "MEMPHIS", "State": "TN", "ZIP_Code": "38125", "Full_Address": "7400 BARNSTABLE RD MEMPHIS TN 38125", "Latitude": 35.037, "Longitude": -89.816, "UCR_Category": "LARCENY/THEFT", "UCR_Description": "ALL OTHER LARCENY", "NIBRS_Group": "A", "NIBRS_Offense_Group": "CRIMES AGAINST PROPERTY", "Part_One_or_Part_Two": 1, "Ward": "924", "Precinct": "RIDGEWAY", "Source_ObjectID": "667083", "ObjectId": 1657426}}, {"type": "Feature", "id": 1657427, "geometry": {"type": "Point", "coordinates": [-90.046, 35.122]}, "properties": {"Crime_ID": "2302013554ME", "Offense_Datetime": 1677599100000, "Reported_Datetime": 1677600000000, "Agency_Crime_ID": "SIMPLE ASSAULT/DV", "UCR_Incident_Code": "13B", "Block": 400, "Street_Name": "WILLIAMS AVE", "Street_Address": "400 WILLIAMS AVE", "City": "MEMPHIS", "State": "TN", "ZIP_Code": "38126", "Full_Address": "400 WILLIAMS AVE MEMPHIS TN 38126", "Latitude": 35.122, "Longitude": -90.046, "UCR_Category": "ASSAULT", "UCR_Description": "SIMPLE ASSAULT", "NIBRS_Group": "A", "NIBRS_Offense_Group": "CRIMES AGAINST PERSONS", "Part_One_or_Part_Two": 2, "Ward": "421", "Precinct": "CRUMP", "Source_ObjectID": "371406", "ObjectId": 1657427}}, {"type": "Feature", "id": 1657428, "geometry": {"type": "Point", "coordinates": [-89.943, 35.15]}, "properties": {"Crime_ID": "2104011230ME", "Offense_Datetime": 1617721080000, "Reported_Datetime": 1619536920000, "Agency_Crime_ID": "THEFT FROM BUILDING", "UCR_Incident_Code": "23D", "Block": 3500, "Street_Name": "SUMMER AVE", "Street_Address": "3500 SUMMER AVE", "City": "MEMPHIS", "State": "TN", "ZIP_Code": "38122", "Full_Address": "3500 SUMMER AVE MEMPHIS TN 38122", "Latitude": 35.15, "Longitude": -89.943, "UCR_Category": "LARCENY/THEFT", "UCR_Description": "THEFT FROM A BUILDING", "NIBRS_Group": "A", "NIBRS_Offense_Group": "CRIMES AGAINST PROPERTY", "Part_One_or_Part_Two": 1, "Ward": "524", "Precinct": "TILLMAN", "Source_ObjectID": "169588", "ObjectId": 1657428}}, {"type": "Feature", "id": 1657429, "geometry": {"type": "Point", "coordinates": [-89.921, 35.173]}, "properties": {"Crime_ID": "2007000075ME", "Offense_Datetime": 1593576000000, "Reported_Datetime": 1593603180000, "Agency_Crime_ID": "VANDALISM/MISDEMEANOR", "UCR_Incident_Code": "290", "Block": 4100, "Street_Name": "WESTOVER AVE", "Street_Address": "4100 WESTOVER AVE", "City": "MEMPHIS", "State": "TN", "ZIP_Code": "38108", "Full_Address": "4100 WESTOVER AVE MEMPHIS TN 38108", "Latitude": 35.173, "Longitude": -89.921, "UCR_Category": "DEST/DAM/VAND OF PROPERTY", "UCR_Description": "DEST/DAM/VAND OF PROPERTY", "NIBRS_Group": "A", "NIBRS_Offense_Group": "CRIMES AGAINST PROPERTY", "Part_One_or_Part_Two": 2, "Ward": "525", "Precinct": "TILLMAN", "Source_ObjectID": "91271", "ObjectId": 1657429}}, {"type": "Feature", "id": 1657430, "geometry": {"type": "Point", "coordinates": [-89.976, 35.225]}, "properties": {"Crime_ID": "2208010490ME", "Offense_Datetime": 1661032800000, "Reported_Datetime": 1661087640000, "Agency_Crime_ID": "MVT/MOTORCYCLE", "UCR_Incident_Code": "240", "Block": 2600, "Street_Name": "TRICIA DR", "Street_Address": "2600 TRICIA DR", "City": "MEMPHIS", "State": "TN", "ZIP_Code": "38127", "Full_Address": "2600 TRICIA DR MEMPHIS TN 38127", "Latitude": 35.225, "Longitude": -89.976, "UCR_Category": "MOTOR VEHICLE THEFT", "UCR_Description": "MOTOR VEHICLE THEFT", "NIBRS_Group": "A", "NIBRS_Offense_Group": "CRIMES AGAINST PROPERTY", "Part_One_or_Part_Two": 1, "Ward": "123", "Precinct": "AUSTIN PEAY", "Source_ObjectID": "308123", "ObjectId": 1657430}}, {"type": "Feature", "id": 1657431, "geometry": {"type": "Point", "coordinates": [-90.056, 35.035]}, "properties": {"Crime_ID": "2212010919ME", "Offense_Datetime": 1671763200000, "Reported_Datetime": 1671775440000, "Agency_Crime_ID": "SIMPLE ASSAULT", "UCR_Incident_Code": "13B", "Block": 0, "Street_Name": "RAINES RD//NEELY RD", "Street_Address": " RAINES RD//NEELY RD", "City": "MEMPHIS", "State": "TN", "ZIP_Code": "38109", "Full_Address": " RAINES RD//NEELY RD MEMPHIS TN 38109", "Latitude": 35.035, "Longitude": -90.056, "UCR_Category": "ASSAULT", "UCR_Description": "SIMPLE ASSAULT", "NIBRS_Group": "A", "NIBRS_Offense_Group": "CRIMES AGAINST PERSONS", "Part_One_or_Part_Two": 2, "Ward": "223", "Precinct": "RAINES", "Source_ObjectID": "349251", "ObjectId": 1657431}}, {"type": "Feature", "id": 1657432, "geometry": {"type": "Point", "coordinates": [-90.046, 35.019]}, "properties": {"Crime_ID": "2505026430ME", "Offense_Datetime": 1747487700000, "Reported_Datetime": 1747488780000, "Agency_Crime_ID": "VANDALISM/MISDEMEANOR", "UCR_Incident_Code": "290", "Block": 500, "Street_Name": "BERTA CV", "Street_Address": "500 BERTA CV", "City": "MEMPHIS", "State": "TN", "ZIP_Code": "38116", "Full_Address": "500 BERTA CV MEMPHIS TN 38116", "Latitude": 35.019, "Longitude": -90.046, "UCR_Category": "DEST/DAM/VAND OF PROPERTY", "UCR_Description": "DEST/DAM/VAND OF PROPERTY", "NIBRS_Group": "A", "NIBRS_Offense_Group": "CRIMES AGAINST PROPERTY", "Part_One_or_Part_Two": 2, "Ward": "223", "Precinct": "RAINES", "Source_ObjectID": "622582", "ObjectId": 1657432}}, {"type": "Feature", "id": 1657433, "geometry": {"type": "Point", "coordinates": [-89.865, 35.07]}, "properties": {"Crime_ID": "2409030705ME", "Offense_Datetime": 1727355000000, "Reported_Datetime": 1727358120000, "Agency_Crime_ID": "INTIMIDATION", "UCR_Incident_Code": "13C", "Block": 2800, "Street_Name": "HICKORY HILL RD", "Street_Address": "2800 HICKORY HILL RD", "City": "MEMPHIS", "State": "TN", "ZIP_Code": "38115", "Full_Address": "2800 HICKORY HILL RD MEMPHIS TN 38115", "Latitude": 35.07, "Longitude": -89.865, "UCR_Category": "ASSAULT", "UCR_Description": "INTIMIDATION", "NIBRS_Group": "A", "NIBRS_Offense_Group": "CRIMES AGAINST PERSONS", "Part_One_or_Part_Two": 2, "Ward": "925", "Precinct": "RIDGEWAY", "Source_ObjectID": "559242", "ObjectId": 1657433}}, {"type": "Feature", "id": 1657434, "geometry": {"type": "Point", "coordinates": [-89.843, 35.062]}, "properties": {"Crime_ID": "2306004129ME", "Offense_Datetime": 1682978400000, "Reported_Datetime": 1687272900000, "Agency_Crime_ID": "IMPERSONATION", "UCR_Incident_Code": "26C", "Block": 3100, "Street_Name": "LENOX PARK BLVD", "Street_Address": "3100 LENOX PARK BLVD", "City": "MEMPHIS", "State": "TN", "ZIP_Code": "38115", "Full_Address": "3100 LENOX PARK BLVD MEMPHIS TN 38115", "Latitude": 35.062, "Longitude": -89.843, "UCR_Category": "FRAUD", "UCR_Description": "IMPERSONATION", "NIBRS_Group": "A", "NIBRS_Offense_Group": "CRIMES AGAINST PROPERTY", "Part_One_or_Part_Two": 2, "Ward": "925", "Precinct": "RIDGEWAY", "Source_ObjectID": "405460", "ObjectId": 1657434}}, {"type": "Feature", "id": 1657435, "geometry": {"type": "Point", "coordinates": [-90.004, 35.072]}, "properties": {"Crime_ID": "2410022579ME", "Offense_Datetime": 1728271800000, "Reported_Datetime": 1728307980000, "Agency_Crime_ID": "VANDALISM/MISDEMEANOR", "UCR_Incident_Code": "290", "Block": 1700, "Street_Name": "NONCONNAH BLVD", "Street_Address": "1700 NONCONNAH BLVD", "City": "MEMPHIS", "State": "TN", "ZIP_Code": "38116", "Full_Address": "1700 NONCONNAH BLVD MEMPHIS TN 38116", "Latitude": 35.072, "Longitude": -90.004, "UCR_Category": "DEST/DAM/VAND OF PROPERTY", "UCR_Description": "DEST/DAM/VAND OF PROPERTY", "NIBRS_Group": "A", "NIBRS_Offense_Group": "CRIMES AGAINST PROPERTY", "Part_One_or_Part_Two": 2, "Ward": "224", "Precinct": "RAINES", "Source_ObjectID": "562547", "ObjectId": 1657435}}, {"type": "Feature", "id": 1657436, "geometry": {"type": "Point", "coordinates": [-89.867, 35.049]}, "properties": {"Crime_ID": "2511026830ME", "Offense_Datetime": 1763782980000, "Reported_Datetime": 1763785800000, "Agency_Crime_ID": "DRUGS/NARCOTICS VIOLATION/MISDEMEANOR", "UCR_Incident_Code": "35A", "Block": 5800, "Street_Name": "WINCHESTER RD", "Street_Address": "5800 WINCHESTER RD", "City": "MEMPHIS", "State": "TN", "ZIP_Code": "38115", "Full_Address": "5800 WINCHESTER RD MEMPHIS TN 38115", "Latitude": 35.049, "Longitude": -89.867, "UCR_Category": "DRUG/NARCOTIC", "UCR_Description": "DRUG/NARCOTIC VIOLS", "NIBRS_Group": "A", "NIBRS_Offense_Group": "CRIMES AGAINST SOCIETY", "Part_One_or_Part_Two": 2, "Ward": "924", "Precinct": "RIDGEWAY", "Source_ObjectID": "669478", "ObjectId": 1657436}}, {"type": "Feature", "id": 1657437, "geometry": {"type": "Point", "coordinates": [-89.738, 35.201]}, "properties": {"Crime_ID": "2310027521ME", "Offense_Datetime": 1697567400000, "Reported_Datetime": 1697643660000, "Agency_Crime_ID": "CREDIT CARD/ATM FRAUD", "UCR_Incident_Code": "26B", "Block": 9700, "Street_Name": "RIGGIN DR", "Street_Address": "9700 RIGGIN DR", "City": "MEMPHIS", "State": "TN", "ZIP_Code": "38002", "Full_Address": "9700 RIGGIN DR MEMPHIS TN 38002", "Latitude": 35.201, "Longitude": -89.738, "UCR_Category": "FRAUD", "UCR_Description": "CREDIT CARD/ATM FRAUD", "NIBRS_Group": "A", "NIBRS_Offense_Group": "CRIMES AGAINST PROPERTY", "Part_One_or_Part_Two": 2, "Ward": "826", "Precinct": "APPLING FARMS", "Source_ObjectID": "452706", "ObjectId": 1657437}}, {"type": "Feature", "id": 1657438, "geometry": {"type": "Point", "coordinates": [-89.914, 35.201]}, "properties": {"Crime_ID": "2312029173ME", "Offense_Datetime": 1703384100000, "Reported_Datetime": 1703384100000, "Agency_Crime_ID": "VANDALISM/MISDEMEANOR", "UCR_Incident_Code": "290", "Block": 4400, "Street_Name": "STONE GATE DR", "Street_Address": "4400 STONE GATE DR", "City": "MEMPHIS", "State": "TN", "ZIP_Code": "38128", "Full_Address": "4400 STONE GATE DR MEMPHIS TN 38128", "Latitude": 35.201, "Longitude": -89.914, "UCR_Category": "DEST/DAM/VAND OF PROPERTY", "UCR_Description": "DEST/DAM/VAND OF PROPERTY", "NIBRS_Group": "A", "NIBRS_Offense_Group": "CRIMES AGAINST PROPERTY", "Part_One_or_Part_Two": 2, "Ward": "124", "Precinct": "AUSTIN PEAY", "Source_ObjectID": "473617", "ObjectId": 1657438}}, {"type": "Feature", "id": 1657439, "geometry": {"type": "Point", "coordinates": [-89.92, 35.201]}, "properties": {"Crime_ID": "2101000990ME", "Offense_Datetime": 1609736400000, "Reported_Datetime": 1609740240000, "Agency_Crime_ID": "SIMPLE ASSAULT/DV", "UCR_Incident_Code": "13B", "Block": 4300, "Street_Name": "CREEKWOOD DR", "Street_Address": "4300 CREEKWOOD DR", "City": "MEMPHIS", "State": "TN", "ZIP_Code": "38128", "Full_Address": "4300 CREEKWOOD DR MEMPHIS TN 38128", "Latitude": 35.201, "Longitude": -89.92, "UCR_Category": "ASSAULT", "UCR_Description": "SIMPLE ASSAULT", "NIBRS_Group": "A", "NIBRS_Offense_Group": "CRIMES AGAINST PERSONS", "Part_One_or_Part_Two": 2, "Ward": "126", "Precinct": "AUSTIN PEAY", "Source_ObjectID": "142644", "ObjectId": 1657439}}, {"type": "Feature", "id": 1657440, "geometry": {"type": "Point", "coordinates": [-89.948, 35.131]}, "properties": {"Crime_ID": "2302010775ME", "Offense_Datetime": 1677104400000, "Reported_Datetime": 1677107040000, "Agency_Crime_ID": "THEFT & RECOVERY/PASSENGER VEHICLE", "UCR_Incident_Code": "240", "Block": 3400, "Street_Name": "PLAZA AVE", "Street_Address": "3400 PLAZA AVE", "City": "MEMPHIS", "State": "TN", "ZIP_Code": "38111", "Full_Address": "3400 PLAZA AVE MEMPHIS TN 38111", "Latitude": 35.131, "Longitude": -89.948, "UCR_Category": "MOTOR VEHICLE THEFT", "UCR_Description": "MOTOR VEHICLE THEFT", "NIBRS_Group": "A", "NIBRS_Offense_Group": "CRIMES AGAINST PROPERTY", "Part_One_or_Part_Two": 1, "Ward": "523", "Precinct": "TILLMAN", "Source_ObjectID": "369736", "ObjectId": 1657440}}, {"type": "Feature", "id": 1657441, "geometry": {"type": "Point", "coordinates": [-89.838, 35.048]}, "properties": {"Crime_ID": "2203004324ME", "Offense_Datetime": 1644969600000, "Reported_Datetime": 1647024900000, "Agency_Crime_ID": "FALSE PRETENSES/SWINDLE/CONFIDENCE GAME", "UCR_Incident_Code": "26A", "Block": 6700, "Street_Name": "WINCHESTER RD", "Street_Address": "6700 WINCHESTER RD", "City": "MEMPHIS", "State": "TN", "ZIP_Code": "38115", "Full_Address": "6700 WINCHESTER RD MEMPHIS TN 38115", "Latitude": 35.048, "Longitude": -89.838, "UCR_Category": "FRAUD", "UCR_Description": "FALSE PRETENSES/SWIN/CONF", "NIBRS_Group": "A", "NIBRS_Offense_Group": "CRIMES AGAINST PROPERTY", "Part_One_or_Part_Two": 2, "Ward": "924", "Precinct": "RIDGEWAY", "Source_ObjectID": "256935", "ObjectId": 1657441}}, {"type": "Feature", "id": 1657442, "geometry": {"type": "Point", "coordinates": [-90.041, 35.144]}, "properties": {"Crime_ID": "2507020563ME", "Offense_Datetime": 1751410800000, "Reported_Datetime": 1751476740000, "Agency_Crime_ID": "THREATENING ELECTRONIC COMMUNICATION", "UCR_Incident_Code": "13C", "Block": 500, "Street_Name": "TECHNA LN", "Street_Address": "500 TECHNA LN", "City": "MEMPHIS", "State": "TN", "ZIP_Code": "38105", "Full_Address": "500 TECHNA LN MEMPHIS TN 38105", "Latitude": 35.144, "Longitude": -90.041, "UCR_Category": "ASSAULT", "UCR_Description": "INTIMIDATION", "NIBRS_Group": "A", "NIBRS_Offense_Group": "CRIMES AGAINST PERSONS", "Part_One_or_Part_Two": 2, "Ward": "422", "Precinct": "CRUMP", "Source_ObjectID": "635108", "ObjectId": 1657442}}, {"type": "Feature", "id": 1657443, "geometry": {"type": "Point", "coordinates": [-90.028, 35.137]}, "properties": {"Crime_ID": "2304009756ME", "Offense_Datetime": 1681925100000, "Reported_Datetime": 1681927080000, "Agency_Crime_ID": "INTIMIDATION", "UCR_Incident_Code": "13C", "Block": 1000, "Street_Name": "UNION AVE", "Street_Address": "1000 UNION AVE", "City": "MEMPHIS", "State": "TN", "ZIP_Code": "38104", "Full_Address": "1000 UNION AVE MEMPHIS TN 38104", "Latitude": 35.137, "Longitude": -90.028, "UCR_Category": "ASSAULT", "UCR_Description": "INTIMIDATION", "NIBRS_Group": "A", "NIBRS_Offense_Group": "CRIMES AGAINST PERSONS", "Part_One_or_Part_Two": 2, "Ward": "621", "Precinct": "NORTH MAIN", "Source_ObjectID": "388051", "ObjectId": 1657443}}, {"type": "Feature", "id": 1657444, "geometry": {"type": "Point", "coordinates": [-89.932, 35.154]}, "properties": {"Crime_ID": "2002010468ME", "Offense_Datetime": 1582387200000, "Reported_Datetime": 1582500300000, "Agency_Crime_ID": "SIMPLE ASSAULT/DV", "UCR_Incident_Code": "13B", "Block": 800, "Street_Name": "MARIA ST", "Street_Address": "800 MARIA ST", "City": "MEMPHIS", "State": "TN", "ZIP_Code": "38122", "Full_Address": "800 MARIA ST MEMPHIS TN 38122", "Latitude": 35.154, "Longitude": -89.932, "UCR_Category": "ASSAULT", "UCR_Description": "SIMPLE ASSAULT", "NIBRS_Group": "A", "NIBRS_Offense_Group": "CRIMES AGAINST PERSONS", "Part_One_or_Part_Two": 2, "Ward": "524", "Precinct": "TILLMAN", "Source_ObjectID": "57937", "ObjectId": 1657444}}, {"type": "Feature", "id": 1657445, "geometry": {"type": "Point", "coordinates": [-89.998, 35.098]}, "properties": {"Crime_ID": "2105009184ME", "Offense_Datetime": 1621657800000, "Reported_Datetime": 1621659960000, "Agency_Crime_ID": "SIMPLE ASSAULT", "UCR_Incident_Code": "13B", "Block": 1900, "Street_Name": "FRISCO AVE", "Street_Address": "1900 FRISCO AVE", "City": "MEMPHIS", "State": "TN", "ZIP_Code": "38114", "Full_Address": "1900 FRISCO AVE MEMPHIS TN 38114", "Latitude": 35.098, "Longitude": -89.998, "UCR_Category": "ASSAULT", "UCR_Description": "SIMPLE ASSAULT", "NIBRS_Group": "A", "NIBRS_Offense_Group": "CRIMES AGAINST PERSONS", "Part_One_or_Part_Two": 2, "Ward": "723", "Precinct": "AIRWAYS", "Source_ObjectID": "176308", "ObjectId": 1657445}}, {"type": "Feature", "id": 1657446, "geometry": {"type": "Point", "coordinates": [-90.019, 35.15]}, "properties": {"Crime_ID": "2206010281ME", "Offense_Datetime": 1655863200000, "Reported_Datetime": 1655896740000, "Agency_Crime_ID": "MVT/PASSENGER VEHICLE", "UCR_Incident_Code": "240", "Block": 1200, "Street_Name": "OVERTON PARK AVE", "Street_Address": "1200 OVERTON PARK AVE", "City": "MEMPHIS", "State": "TN", "ZIP_Code": "38104", "Full_Address": "1200 OVERTON PARK AVE MEMPHIS TN 38104", "Latitude": 35.15, "Longitude": -90.019, "UCR_Category": "MOTOR VEHICLE THEFT", "UCR_Description": "MOTOR VEHICLE THEFT", "NIBRS_Group": "A", "NIBRS_Offense_Group": "CRIMES AGAINST PROPERTY", "Part_One_or_Part_Two": 1, "Ward": "423", "Precinct": "CRUMP", "Source_ObjectID": "288116", "ObjectId": 1657446}}, {"type": "Feature", "id": 1657447, "geometry": {"type": "Point", "coordinates": [-89.919, 35.079]}, "properties": {"Crime_ID": "2001012297ME", "Offense_Datetime": 1580129400000, "Reported_Datetime": 1580130420000, "Agency_Crime_ID": "MVT/PASSENGER VEHICLE", "UCR_Incident_Code": "240", "Block": 1900, "Street_Name": "EZELL RD", "Street_Address": "1900 EZELL RD", "City": "MEMPHIS", "State": "TN", "ZIP_Code": "38111", "Full_Address": "1900 EZELL RD MEMPHIS TN 38111", "Latitude": 35.079, "Longitude": -89.919, "UCR_Category": "MOTOR VEHICLE THEFT", "UCR_Description": "MOTOR VEHICLE THEFT", "NIBRS_Group": "A", "NIBRS_Offense_Group": "CRIMES AGAINST PROPERTY", "Part_One_or_Part_Two": 1, "Ward": "323", "Precinct": "MT MORIAH", "Source_ObjectID": "50724", "ObjectId": 1657447}}, {"type": "Feature", "id": 1657448, "geometry": {"type": "Point", "coordinates": [-89.834, 35.027]}, "properties": {"Crime_ID": "2305020954ME", "Offense_Datetime": 1683081900000, "Reported_Datetime": 1683083160000, "Agency_Crime_ID": "SIMPLE ASSAULT/DV", "UCR_Incident_Code": "13B", "Block": 6800, "Street_Name": "GLENWICK DR", "Street_Address": "6800 GLENWICK DR", "City": "MEMPHIS", "State": "TN", "ZIP_Code": "38141", "Full_Address": "6800 GLENWICK DR MEMPHIS TN 38141", "Latitude": 35.027, "Longitude": -89.834, "UCR_Category": "ASSAULT", "UCR_Description": "SIMPLE ASSAULT", "NIBRS_Group": "A", "NIBRS_Offense_Group": "CRIMES AGAINST PERSONS", "Part_One_or_Part_Two": 2, "Ward": "923", "Precinct": "RIDGEWAY", "Source_ObjectID": "392918", "ObjectId": 1657448}}, {"type": "Feature", "id": 1657449, "geometry": {"type": "Point", "coordinates": [-89.988, 35.18]}, "properties": {"Crime_ID": "2210002081ME", "Offense_Datetime": 1664751600000, "Reported_Datetime": 1664983980000, "Agency_Crime_ID": "THEFT OF VEHICLE PARTS/ACCESSORIES", "UCR_Incident_Code": "23G", "Block": 1500, "Street_Name": "BRITTON ST", "Street_Address": "1500 BRITTON ST", "City": "MEMPHIS", "State": "TN", "ZIP_Code": "38108", "Full_Address": "1500 BRITTON ST MEMPHIS TN 38108", "Latitude": 35.18, "Longitude": -89.988, "UCR_Category": "LARCENY/THEFT", "UCR_Description": "THEFT OF MV PARTS/ACCS", "NIBRS_Group": "A", "NIBRS_Offense_Group": "CRIMES AGAINST PROPERTY", "Part_One_or_Part_Two": 1, "Ward": "426", "Precinct": "CRUMP", "Source_ObjectID": "323429", "ObjectId": 1657449}}, {"type": "Feature", "id": 1657450, "geometry": {"type": "Point", "coordinates": [-89.887, 35.066]}, "properties": {"Crime_ID": "2308013259ME", "Offense_Datetime": 1683219600000, "Reported_Datetime": 1692859320000, "Agency_Crime_ID": "FALSE PRETENSES/SWINDLE/CONFIDENCE GAME", "UCR_Incident_Code": "26A", "Block": 3000, "Street_Name": "DOMAR ST", "Street_Address": "3000 DOMAR ST", "City": "MEMPHIS", "State": "TN", "ZIP_Code": "38118", "Full_Address": "3000 DOMAR ST MEMPHIS TN 38118", "Latitude": 35.066, "Longitude": -89.887, "UCR_Category": "FRAUD", "UCR_Description": "FALSE PRETENSES/SWIN/CONF", "NIBRS_Group": "A", "NIBRS_Offense_Group": "CRIMES AGAINST PROPERTY", "Part_One_or_Part_Two": 2, "Ward": "324", "Precinct": "MT MORIAH", "Source_ObjectID": "433820", "ObjectId": 1657450}}, {"type": "Feature", "id": 1657451, "geometry": {"type": "Point", "coordinates": [-90.088, 35.019]}, "properties": {"Crime_ID": "2211009334ME", "Offense_Datetime": 1668819000000, "Reported_Datetime": 1668867180000, "Agency_Crime_ID": "SHOPLIFTING/MISDEMEANOR", "UCR_Incident_Code": "23C", "Block": 4700, "Street_Name": "THIRD ST", "Street_Address": "4700 THIRD ST", "City": "MEMPHIS", "State": "TN", "ZIP_Code": "38109", "Full_Address": "4700 THIRD ST MEMPHIS TN 38109", "Latitude": 35.019, "Longitude": -90.088, "UCR_Category": "LARCENY/THEFT", "UCR_Description": "SHOPLIFTING", "NIBRS_Group": "A", "NIBRS_Offense_Group": "CRIMES AGAINST PROPERTY", "Part_One_or_Part_Two": 1, "Ward": "221", "Precinct": "RAINES", "Source_ObjectID": "338063", "ObjectId": 1657451}}, {"type": "Feature", "id": 1657452, "geometry": {"type": "Point", "coordinates": [-90.026, 35.142]}, "properties": {"Crime_ID": "2507023449ME", "Offense_Datetime": 1751923080000, "Reported_Datetime": 1752095880000, "Agency_Crime_ID": "CREDIT CARD/ATM FRAUD", "UCR_Incident_Code": "26B", "Block": 0, "Street_Name": "SOMERVILLE ST", "Street_Address": "0 SOMERVILLE ST", "City": "MEMPHIS", "State": "TN", "ZIP_Code": "38104", "Full_Address": "0 SOMERVILLE ST MEMPHIS TN 38104", "Latitude": 35.142, "Longitude": -90.026, "UCR_Category": "FRAUD", "UCR_Description": "CREDIT CARD/ATM FRAUD", "NIBRS_Group": "A", "NIBRS_Offense_Group": "CRIMES AGAINST PROPERTY", "Part_One_or_Part_Two": 2, "Ward": "624", "Precinct": "NORTH MAIN", "Source_ObjectID": "637024", "ObjectId": 1657452}}, {"type": "Feature", "id": 1657453, "geometry": {"type": "Point", "coordinates": [-89.899, 35.106]}, "properties": {"Crime_ID": "2105011060ME", "Offense_Datetime": 1621987200000, "Reported_Datetime": 1622034000000, "Agency_Crime_ID": "BURGLARY/RESIDENTIAL", "UCR_Incident_Code": "220", "Block": 900, "Street_Name": "IVY RD", "Street_Address": "900 IVY RD", "City": "MEMPHIS", "State": "TN", "ZIP_Code": "38117", "Full_Address": "900 IVY RD MEMPHIS TN 38117", "Latitude": 35.106, "Longitude": -89.899, "UCR_Category": "BURG/BREAK & ENTER", "UCR_Description": "BURG/BREAK & ENTER", "NIBRS_Group": "A", "NIBRS_Offense_Group": "CRIMES AGAINST PROPERTY", "Part_One_or_Part_Two": 1, "Ward": "323", "Precinct": "MT MORIAH", "Source_ObjectID": "177553", "ObjectId": 1657453}}, {"type": "Feature", "id": 1657454, "geometry": {"type": "Point", "coordinates": [-89.86, 35.039]}, "properties": {"Crime_ID": "2309021197ME", "Offense_Datetime": 1693692000000, "Reported_Datetime": 1693789020000, "Agency_Crime_ID": "INTIMIDATION", "UCR_Incident_Code": "13C", "Block": 6000, "Street_Name": "MINGLE DR", "Street_Address": "6000 MINGLE DR", "City": "MEMPHIS", "State": "TN", "ZIP_Code": "38115", "Full_Address": "6000 MINGLE DR MEMPHIS TN 38115", "Latitude": 35.039, "Longitude": -89.86, "UCR_Category": "ASSAULT", "UCR_Description": "INTIMIDATION", "NIBRS_Group": "A", "NIBRS_Offense_Group": "CRIMES AGAINST PERSONS", "Part_One_or_Part_Two": 2, "Ward": "924", "Precinct": "RIDGEWAY", "Source_ObjectID": "437798", "ObjectId": 1657454}}, {"type": "Feature", "id": 1657455, "geometry": {"type": "Point", "coordinates": [-89.924, 35.148]}, "properties": {"Crime_ID": "2303007673ME", "Offense_Datetime": 1678842000000, "Reported_Datetime": 1678937760000, "Agency_Crime_ID": "THEFT FROM MOTOR VEHICLE", "UCR_Incident_Code": "23F", "Block": 4100, "Street_Name": "SAINT PIERRE BLVD", "Street_Address": "4100 SAINT PIERRE BLVD", "City": "MEMPHIS", "State": "TN", "ZIP_Code": "38122", "Full_Address": "4100 SAINT PIERRE BLVD MEMPHIS TN 38122", "Latitude": 35.148, "Longitude": -89.924, "UCR_Category": "LARCENY/THEFT", "UCR_Description": "THEFT FROM A MOTOR VEHICLE", "NIBRS_Group": "A", "NIBRS_Offense_Group": "CRIMES AGAINST PROPERTY", "Part_One_or_Part_Two": 1, "Ward": "525", "Precinct": "TILLMAN", "Source_ObjectID": "376365", "ObjectId": 1657455}}, {"type": "Feature", "id": 1657456, "geometry": {"type": "Point", "coordinates": [-89.815, 35.061]}, "properties": {"Crime_ID": "2106005916ME", "Offense_Datetime": 1623711600000, "Reported_Datetime": 1623716040000, "Agency_Crime_ID": "SIMPLE ASSAULT", "UCR_Incident_Code": "13B", "Block": 7400, "Street_Name": "NONCONNAH VIEW CV", "Street_Address": "7400 NONCONNAH VIEW CV", "City": "MEMPHIS", "State": "TN", "ZIP_Code": "38119", "Full_Address": "7400 NONCONNAH VIEW CV MEMPHIS TN 38119", "Latitude": 35.061, "Longitude": -89.815, "UCR_Category": "ASSAULT", "UCR_Description": "SIMPLE ASSAULT", "NIBRS_Group": "A", "NIBRS_Offense_Group": "CRIMES AGAINST PERSONS", "Part_One_or_Part_Two": 2, "Ward": "926", "Precinct": "RIDGEWAY", "Source_ObjectID": "182920", "ObjectId": 1657456}}, {"type": "Feature", "id": 1657457, "geometry": {"type": "Point", "coordinates": [-90.051, 35.11]}, "properties": {"Crime_ID": "2304009667ME", "Offense_Datetime": 1681914840000, "Reported_Datetime": 1681916580000, "Agency_Crime_ID": "MVT/PASSENGER VEHICLE", "UCR_Incident_Code": "240", "Block": 300, "Street_Name": "OLIVE AVE", "Street_Address": "300 OLIVE AVE", "City": "MEMPHIS", "State": "TN", "ZIP_Code": "38106", "Full_Address": "300 OLIVE AVE MEMPHIS TN 38106", "Latitude": 35.11, "Longitude": -90.051, "UCR_Category": "MOTOR VEHICLE THEFT", "UCR_Description": "MOTOR VEHICLE THEFT", "NIBRS_Group": "A", "NIBRS_Offense_Group": "CRIMES AGAINST PROPERTY", "Part_One_or_Part_Two": 1, "Ward": "421", "Precinct": "CRUMP", "Source_ObjectID": "387995", "ObjectId": 1657457}}, {"type": "Feature", "id": 1657458, "geometry": {"type": "Point", "coordinates": [-90.014, 35.022]}, "properties": {"Crime_ID": "2112007246ME", "Offense_Datetime": 1639800300000, "Reported_Datetime": 1639801620000, "Agency_Crime_ID": "SIMPLE ASSAULT/DV", "UCR_Incident_Code": "13B", "Block": 1500, "Street_Name": "MILLVIEW DR", "Street_Address": "1500 MILLVIEW DR", "City": "MEMPHIS", "State": "TN", "ZIP_Code": "38116", "Full_Address": "1500 MILLVIEW DR MEMPHIS TN 38116", "Latitude": 35.022, "Longitude": -90.014, "UCR_Category": "ASSAULT", "UCR_Description": "SIMPLE ASSAULT", "NIBRS_Group": "A", "NIBRS_Offense_Group": "CRIMES AGAINST PERSONS", "Part_One_or_Part_Two": 2, "Ward": "225", "Precinct": "RAINES", "Source_ObjectID": "235099", "ObjectId": 1657458}}, {"type": "Feature", "id": 1657459, "geometry": {"type": "Point", "coordinates": [-89.842, 35.021]}, "properties": {"Crime_ID": "2109005734ME", "Offense_Datetime": 1631556000000, "Reported_Datetime": 1631563080000, "Agency_Crime_ID": "SHOPLIFTING/MISDEMEANOR", "UCR_Incident_Code": "23C", "Block": 6600, "Street_Name": "SHELBY DR", "Street_Address": "6600 SHELBY DR", "City": "MEMPHIS", "State": "TN", "ZIP_Code": "38141", "Full_Address": "6600 SHELBY DR MEMPHIS TN 38141", "Latitude": 35.021, "Longitude": -89.842, "UCR_Category": "LARCENY/THEFT", "UCR_Description": "SHOPLIFTING", "NIBRS_Group": "A", "NIBRS_Offense_Group": "CRIMES AGAINST PROPERTY", "Part_One_or_Part_Two": 1, "Ward": "923", "Precinct": "RIDGEWAY", "Source_ObjectID": "208235", "ObjectId": 1657459}}, {"type": "Feature", "id": 1657460, "geometry": {"type": "Point", "coordinates": [-89.965, 35.095]}, "properties": {"Crime_ID": "2203011445ME", "Offense_Datetime": 1648400400000, "Reported_Datetime": 1648403580000, "Agency_Crime_ID": "VANDALISM/MISDEMEANOR", "UCR_Incident_Code": "290", "Block": 1300, "Street_Name": "KIMBALL CV", "Street_Address": "1300 KIMBALL CV", "City": "MEMPHIS", "State": "TN", "ZIP_Code": "38114", "Full_Address": "1300 KIMBALL CV MEMPHIS TN 38114", "Latitude": 35.095, "Longitude": -89.965, "UCR_Category": "DEST/DAM/VAND OF PROPERTY", "UCR_Description": "DEST/DAM/VAND OF PROPERTY", "NIBRS_Group": "A", "NIBRS_Offense_Group": "CRIMES AGAINST PROPERTY", "Part_One_or_Part_Two": 2, "Ward": "726", "Precinct": "AIRWAYS", "Source_ObjectID": "261354", "ObjectId": 1657460}}, {"type": "Feature", "id": 1657461, "geometry": {"type": "Point", "coordinates": [-90.049, 35.103]}, "properties": {"Crime_ID": "2405031428ME", "Offense_Datetime": 1716832800000, "Reported_Datetime": 1716839700000, "Agency_Crime_ID": "VANDALISM/MISDEMEANOR", "UCR_Incident_Code": "290", "Block": 1600, "Street_Name": "CAMERON ST", "Street_Address": "1600 CAMERON ST", "City": "MEMPHIS", "State": "TN", "ZIP_Code": "38106", "Full_Address": "1600 CAMERON ST MEMPHIS TN 38106", "Latitude": 35.103, "Longitude": -90.049, "UCR_Category": "DEST/DAM/VAND OF PROPERTY", "UCR_Description": "DEST/DAM/VAND OF PROPERTY", "NIBRS_Group": "A", "NIBRS_Offense_Group": "CRIMES AGAINST PROPERTY", "Part_One_or_Part_Two": 2, "Ward": "722", "Precinct": "AIRWAYS", "Source_ObjectID": "520208", "ObjectId": 1657461}}, {"type": "Feature", "id": 1657462, "geometry": {"type": "Point", "coordinates": [-89.825, 35.029]}, "properties": {"Crime_ID": "2212012238ME", "Offense_Datetime": 1648789260000, "Reported_Datetime": 1672158600000, "Agency_Crime_ID": "IMPERSONATION", "UCR_Incident_Code": "26C", "Block": 7100, "Street_Name": "SHADOW OAKS DR", "Street_Address": "7100 SHADOW OAKS DR", "City": "MEMPHIS", "State": "TN", "ZIP_Code": "38125", "Full_Address": "7100 SHADOW OAKS DR MEMPHIS TN 38125", "Latitude": 35.029, "Longitude": -89.825, "UCR_Category": "FRAUD", "UCR_Description": "IMPERSONATION", "NIBRS_Group": "A", "NIBRS_Offense_Group": "CRIMES AGAINST PROPERTY", "Part_One_or_Part_Two": 2, "Ward": "923", "Precinct": "RIDGEWAY", "Source_ObjectID": "350202", "ObjectId": 1657462}}, {"type": "Feature", "id": 1657463, "geometry": {"type": "Point", "coordinates": [-89.845, 35.058]}, "properties": {"Crime_ID": "2008008608ME", "Offense_Datetime": 1597983360000, "Reported_Datetime": 1597985520000, "Agency_Crime_ID": "AGGRAVATED ASSAULT", "UCR_Incident_Code": "13A", "Block": 3300, "Street_Name": "KIRBY PWY ST", "Street_Address": "3300 KIRBY PWY ST", "City": "MEMPHIS", "State": "TN", "ZIP_Code": "38115", "Full_Address": "3300 KIRBY PWY ST MEMPHIS TN 38115", "Latitude": 35.058, "Longitude": -89.845, "UCR_Category": "AGGRAVATED ASSAULT", "UCR_Description": "AGGRAVATED ASSAULT", "NIBRS_Group": "A", "NIBRS_Offense_Group": "CRIMES AGAINST PERSONS", "Part_One_or_Part_Two": 1, "Ward": "925", "Precinct": "RIDGEWAY", "Source_ObjectID": "104959", "ObjectId": 1657463}}, {"type": "Feature", "id": 1657464, "geometry": {"type": "Point", "coordinates": [-89.855, 35.046]}, "properties": {"Crime_ID": "2006005438ME", "Offense_Datetime": 1592184600000, "Reported_Datetime": 1592186880000, "Agency_Crime_ID": "SIMPLE ASSAULT/DV", "UCR_Incident_Code": "13B", "Block": 3800, "Street_Name": "RIDGEWAY RD", "Street_Address": "3800 RIDGEWAY RD", "City": "MEMPHIS", "State": "TN", "ZIP_Code": "38115", "Full_Address": "3800 RIDGEWAY RD MEMPHIS TN 38115", "Latitude": 35.046, "Longitude": -89.855, "UCR_Category": "ASSAULT", "UCR_Description": "SIMPLE ASSAULT", "NIBRS_Group": "A", "NIBRS_Offense_Group": "CRIMES AGAINST PERSONS", "Part_One_or_Part_Two": 2, "Ward": "923", "Precinct": "RIDGEWAY", "Source_ObjectID": "86709", "ObjectId": 1657464}}, {"type": "Feature", "id": 1657465, "geometry": {"type": "Point", "coordinates": [-90.009, 35.158]}, "properties": {"Crime_ID": "2304020038ME", "Offense_Datetime": 1682113200000, "Reported_Datetime": 1682114280000, "Agency_Crime_ID": "DRUG EQUIPMENT VIOLATION", "UCR_Incident_Code": "35B", "Block": 1400, "Street_Name": "LYNDALE AVE", "Street_Address": "1400 LYNDALE AVE", "City": "MEMPHIS", "State": "TN", "ZIP_Code": "38107", "Full_Address": "1400 LYNDALE AVE MEMPHIS TN 38107", "Latitude": 35.158, "Longitude": -90.009, "UCR_Category": "DRUG/NARCOTIC", "UCR_Description": "DRUG/NARCOTIC EQUIQ VIOL", "NIBRS_Group": "A", "NIBRS_Offense_Group": "CRIMES AGAINST SOCIETY", "Part_One_or_Part_Two": 2, "Ward": "425", "Precinct": "CRUMP", "Source_ObjectID": "388844", "ObjectId": 1657465}}, {"type": "Feature", "id": 1657466, "geometry": {"type": "Point", "coordinates": [-89.863, 35.071]}, "properties": {"Crime_ID": "2210010996ME", "Offense_Datetime": 1666710000000, "Reported_Datetime": 1666789740000, "Agency_Crime_ID": "VANDALISM/MISDEMEANOR", "UCR_Incident_Code": "290", "Block": 2800, "Street_Name": "HICKORY HILL RD", "Street_Address": "2800 HICKORY HILL RD", "City": "MEMPHIS", "State": "TN", "ZIP_Code": "38018", "Full_Address": "2800 HICKORY HILL RD MEMPHIS TN 38018", "Latitude": 35.071, "Longitude": -89.863, "UCR_Category": "DEST/DAM/VAND OF PROPERTY", "UCR_Description": "DEST/DAM/VAND OF PROPERTY", "NIBRS_Group": "A", "NIBRS_Offense_Group": "CRIMES AGAINST PROPERTY", "Part_One_or_Part_Two": 2, "Ward": "925", "Precinct": "RIDGEWAY", "Source_ObjectID": "329110", "ObjectId": 1657466}}, {"type": "Feature", "id": 1657467, "geometry": {"type": "Point", "coordinates": [-89.976, 35.156]}, "properties": {"Crime_ID": "2305033267ME", "Offense_Datetime": 1685464200000, "Reported_Datetime": 1685465040000, "Agency_Crime_ID": "SIMPLE ASSAULT/DV", "UCR_Incident_Code": "13B", "Block": 700, "Street_Name": "HOLLYWOOD ST", "Street_Address": "700 HOLLYWOOD ST", "City": "MEMPHIS", "State": "TN", "ZIP_Code": "38112", "Full_Address": "700 HOLLYWOOD ST MEMPHIS TN 38112", "Latitude": 35.156, "Longitude": -89.976, "UCR_Category": "ASSAULT", "UCR_Description": "SIMPLE ASSAULT", "NIBRS_Group": "A", "NIBRS_Offense_Group": "CRIMES AGAINST PERSONS", "Part_One_or_Part_Two": 2, "Ward": "524", "Precinct": "TILLMAN", "Source_ObjectID": "402895", "ObjectId": 1657467}}, {"type": "Feature", "id": 1657468, "geometry": {"type": "Point", "coordinates": [-89.938, 35.036]}, "properties": {"Crime_ID": "2302000323ME", "Offense_Datetime": 1675256400000, "Reported_Datetime": 1675350240000, "Agency_Crime_ID": "VANDALISM/MISDEMEANOR", "UCR_Incident_Code": "290", "Block": 4100, "Street_Name": "GETWELL RD", "Street_Address": "4100 GETWELL RD", "City": "MEMPHIS", "State": "TN", "ZIP_Code": "38115", "Full_Address": "4100 GETWELL RD MEMPHIS TN 38115", "Latitude": 35.036, "Longitude": -89.938, "UCR_Category": "DEST/DAM/VAND OF PROPERTY", "UCR_Description": "DEST/DAM/VAND OF PROPERTY", "NIBRS_Group": "A", "NIBRS_Offense_Group": "CRIMES AGAINST PROPERTY", "Part_One_or_Part_Two": 2, "Ward": "922", "Precinct": "RIDGEWAY", "Source_ObjectID": "363129", "ObjectId": 1657468}}, {"type": "Feature", "id": 1657469, "geometry": {"type": "Point", "coordinates": [-89.987, 35.132]}, "properties": {"Crime_ID": "2402024366ME", "Offense_Datetime": 1707575400000, "Reported_Datetime": 1707690900000, "Agency_Crime_ID": "VANDALISM/MISDEMEANOR", "UCR_Incident_Code": "290", "Block": 500, "Street_Name": "EDGEWOOD ST", "Street_Address": "500 EDGEWOOD ST", "City": "MEMPHIS", "State": "TN", "ZIP_Code": "38104", "Full_Address": "500 EDGEWOOD ST MEMPHIS TN 38104", "Latitude": 35.132, "Longitude": -89.987, "UCR_Category": "DEST/DAM/VAND OF PROPERTY", "UCR_Description": "DEST/DAM/VAND OF PROPERTY", "NIBRS_Group": "A", "NIBRS_Offense_Group": "CRIMES AGAINST PROPERTY", "Part_One_or_Part_Two": 2, "Ward": "424", "Precinct": "CRUMP", "Source_ObjectID": "488010", "ObjectId": 1657469}}, {"type": "Feature", "id": 1657470, "geometry": {"type": "Point", "coordinates": [-89.78, 35.173]}, "properties": {"Crime_ID": "2111002652ME", "Offense_Datetime": 1636222200000, "Reported_Datetime": 1636224600000, "Agency_Crime_ID": "SIMPLE ASSAULT/DV", "UCR_Incident_Code": "13B", "Block": 8500, "Street_Name": "HIGHLAND GLEN CIR", "Street_Address": "8500 HIGHLAND GLEN CIR", "City": "MEMPHIS", "State": "TN", "ZIP_Code": "38016", "Full_Address": "8500 HIGHLAND GLEN CIR MEMPHIS TN 38016", "Latitude": 35.173, "Longitude": -89.78, "UCR_Category": "ASSAULT", "UCR_Description": "SIMPLE ASSAULT", "NIBRS_Group": "A", "NIBRS_Offense_Group": "CRIMES AGAINST PERSONS", "Part_One_or_Part_Two": 2, "Ward": "826", "Precinct": "APPLING FARMS", "Source_ObjectID": "224099", "ObjectId": 1657470}}, {"type": "Feature", "id": 1657471, "geometry": {"type": "Point", "coordinates": [-89.904, 35.077]}, "properties": {"Crime_ID": "2409028619ME", "Offense_Datetime": 1726891200000, "Reported_Datetime": 1726935480000, "Agency_Crime_ID": "MVT/PASSENGER VEHICLE", "UCR_Incident_Code": "240", "Block": 2600, "Street_Name": "THOUSAND OAKS BLVD", "Street_Address": "2600 THOUSAND OAKS BLVD", "City": "MEMPHIS", "State": "TN", "ZIP_Code": "38", "Full_Address": "2600 THOUSAND OAKS BLVD MEMPHIS TN 38", "Latitude": 35.077, "Longitude": -89.904, "UCR_Category": "MOTOR VEHICLE THEFT", "UCR_Description": "MOTOR VEHICLE THEFT", "NIBRS_Group": "A", "NIBRS_Offense_Group": "CRIMES AGAINST PROPERTY", "Part_One_or_Part_Two": 1, "Ward": "324", "Precinct": "MT MORIAH", "Source_ObjectID": "557750", "ObjectId": 1657471}}, {"type": "Feature", "id": 1657472, "geometry": {"type": "Point", "coordinates": [-89.909, 35.119]}, "properties": {"Crime_ID": "2303005421ME", "Offense_Datetime": 1678499220000, "Reported_Datetime": 1678562400000, "Agency_Crime_ID": "SHOPLIFTING/FELONY", "UCR_Incident_Code": "23C", "Block": 4500, "Street_Name": "POPLAR AVE", "Street_Address": "4500 POPLAR AVE", "City": "MEMPHIS", "State": "TN", "ZIP_Code": "38117", "Full_Address": "4500 POPLAR AVE MEMPHIS TN 38117", "Latitude": 35.119, "Longitude": -89.909, "UCR_Category": "LARCENY/THEFT", "UCR_Description": "SHOPLIFTING", "NIBRS_Group": "A", "NIBRS_Offense_Group": "CRIMES AGAINST PROPERTY", "Part_One_or_Part_Two": 1, "Ward": "522", "Precinct": "TILLMAN", "Source_ObjectID": "374962", "ObjectId": 1657472}}, {"type": "Feature", "id": 1657473, "geometry": {"type": "Point", "coordinates": [-89.947, 35.073]}, "properties": {"Crime_ID": "2101008983ME", "Offense_Datetime": 1611355800000, "Reported_Datetime": 1611355800000, "Agency_Crime_ID": "PROSTITUTION", "UCR_Incident_Code": "40A", "Block": 0, "Street_Name": "LAMAR//PERSON AVE", "Street_Address": " LAMAR//PERSON AVE", "City": "MEMPHIS", "State": "TN", "ZIP_Code": "38114", "Full_Address": " LAMAR//PERSON AVE MEMPHIS TN 38114", "Latitude": 35.073, "Longitude": -89.947, "UCR_Category": "PROSTITUTION", "UCR_Description": "PROSTITUTION", "NIBRS_Group": "A", "NIBRS_Offense_Group": "CRIMES AGAINST SOCIETY", "Part_One_or_Part_Two": 2, "Ward": "OCU", "Precinct": "OCU", "Source_ObjectID": "147164", "ObjectId": 1657473}}, {"type": "Feature", "id": 1657474, "geometry": {"type": "Point", "coordinates": [-89.867, 35.08]}, "properties": {"Crime_ID": "2304008433ME", "Offense_Datetime": 1681498800000, "Reported_Datetime": 1681740060000, "Agency_Crime_ID": "THEFT FROM BUILDING", "UCR_Incident_Code": "23D", "Block": 5900, "Street_Name": "GROSVENOR RD", "Street_Address": "5900 GROSVENOR RD", "City": "MEMPHIS", "State": "TN", "ZIP_Code": "38119", "Full_Address": "5900 GROSVENOR RD MEMPHIS TN 38119", "Latitude": 35.08, "Longitude": -89.867, "UCR_Category": "LARCENY/THEFT", "UCR_Description": "THEFT FROM A BUILDING", "NIBRS_Group": "A", "NIBRS_Offense_Group": "CRIMES AGAINST PROPERTY", "Part_One_or_Part_Two": 1, "Ward": "326", "Precinct": "MT MORIAH", "Source_ObjectID": "387159", "ObjectId": 1657474}}, {"type": "Feature", "id": 1657475, "geometry": {"type": "Point", "coordinates": [-89.905, 35.075]}, "properties": {"Crime_ID": "2208006262ME", "Offense_Datetime": 1660352400000, "Reported_Datetime": 1660385400000, "Agency_Crime_ID": "VANDALISM/MISDEMEANOR", "UCR_Incident_Code": "290", "Block": 2700, "Street_Name": "S PERKINS ROAD ", "Street_Address": "2700 S PERKINS ROAD ", "City": "MEMPHIS", "State": "TN", "ZIP_Code": "38118", "Full_Address": "2700 S PERKINS ROAD MEMPHIS TN 38118", "Latitude": 35.075, "Longitude": -89.905, "UCR_Category": "DEST/DAM/VAND OF PROPERTY", "UCR_Description": "DEST/DAM/VAND OF PROPERTY", "NIBRS_Group": "A", "NIBRS_Offense_Group": "CRIMES AGAINST PROPERTY", "Part_One_or_Part_Two": 2, "Ward": "324", "Precinct": "MT MORIAH", "Source_ObjectID": "305544", "ObjectId": 1657475}}, {"type": "Feature", "id": 1657476, "geometry": {"type": "Point", "coordinates": [-89.919, 35.051]}, "properties": {"Crime_ID": "2309022834ME", "Offense_Datetime": 1694116800000, "Reported_Datetime": 1694121780000, "Agency_Crime_ID": "CARJACKING", "UCR_Incident_Code": "120", "Block": 3500, "Street_Name": "DURRAND DR", "Street_Address": "3500 DURRAND DR", "City": "MEMPHIS", "State": "TN", "ZIP_Code": "38118", "Full_Address": "3500 DURRAND DR MEMPHIS TN 38118", "Latitude": 35.051, "Longitude": -89.919, "UCR_Category": "ROBBERY", "UCR_Description": "ROBBERY", "NIBRS_Group": "A", "NIBRS_Offense_Group": "CRIMES AGAINST PROPERTY", "Part_One_or_Part_Two": 1, "Ward": "922", "Precinct": "RIDGEWAY", "Source_ObjectID": "439065", "ObjectId": 1657476}}, {"type": "Feature", "id": 1657477, "geometry": {"type": "Point", "coordinates": [-89.869, 35.108]}, "properties": {"Crime_ID": "2601022838ME", "Offense_Datetime": 1767978000000, "Reported_Datetime": 1767988920000, "Agency_Crime_ID": "THREATENING ELECTRONIC COMMUNICATION", "UCR_Incident_Code": "13C", "Block": 800, "Street_Name": "RIDGE LAKE BLVD", "Street_Address": "800 RIDGE LAKE BLVD", "City": "MEMPHIS", "State": "TN", "ZIP_Code": "38120", "Full_Address": "800 RIDGE LAKE BLVD MEMPHIS TN 38120", "Latitude": 35.108, "Longitude": -89.869, "UCR_Category": "ASSAULT", "UCR_Description": "INTIMIDATION", "NIBRS_Group": "A", "NIBRS_Offense_Group": "CRIMES AGAINST PERSONS", "Part_One_or_Part_Two": 2, "Ward": "821", "Precinct": "APPLING FARMS", "Source_ObjectID": "679604", "ObjectId": 1657477}}, {"type": "Feature", "id": 1657478, "geometry": {"type": "Point", "coordinates": [-90.001, 35.231]}, "properties": {"Crime_ID": "2410031321ME", "Offense_Datetime": 1730174580000, "Reported_Datetime": 1730175060000, "Agency_Crime_ID": "WEAPON LAW VIOLATIONS/FELONY", "UCR_Incident_Code": "520", "Block": 0, "Street_Name": "SAINT ELMO AVE//ARGONNE ST", "Street_Address": " SAINT ELMO AVE//ARGONNE ST", "City": "MEMPHIS", "State": "TN", "ZIP_Code": "38127", "Full_Address": " SAINT ELMO AVE//ARGONNE ST MEMPHIS TN 38127", "Latitude": 35.231, "Longitude": -90.001, "UCR_Category": "WEAPON LAW VIOLATION", "UCR_Description": "WEAPON LAW VIOL", "NIBRS_Group": "A", "NIBRS_Offense_Group": "CRIMES AGAINST SOCIETY", "Part_One_or_Part_Two": 2, "Ward": "123", "Precinct": "AUSTIN PEAY", "Source_ObjectID": "568923", "ObjectId": 1657478}}, {"type": "Feature", "id": 1657479, "geometry": {"type": "Point", "coordinates": [-90.028, 35.005]}, "properties": {"Crime_ID": "2602022457ME", "Offense_Datetime": 1770672960000, "Reported_Datetime": 1770675780000, "Agency_Crime_ID": "SHOPLIFTING/MISDEMEANOR", "UCR_Incident_Code": "23C", "Block": 5200, "Street_Name": "ELVIS PRESLEY BLVD", "Street_Address": "5200 ELVIS PRESLEY BLVD", "City": "MEMPHIS", "State": "TN", "ZIP_Code": "38109", "Full_Address": "5200 ELVIS PRESLEY BLVD MEMPHIS TN 38109", "Latitude": 35.005, "Longitude": -90.028, "UCR_Category": "LARCENY/THEFT", "UCR_Description": "SHOPLIFTING", "NIBRS_Group": "A", "NIBRS_Offense_Group": "CRIMES AGAINST PROPERTY", "Part_One_or_Part_Two": 1, "Ward": "221", "Precinct": "RAINES", "Source_ObjectID": "684453", "ObjectId": 1657479}}, {"type": "Feature", "id": 1657480, "geometry": {"type": "Point", "coordinates": [-89.911, 35.117]}, "properties": {"Crime_ID": "2306021252ME", "Offense_Datetime": 1685816220000, "Reported_Datetime": 1685824200000, "Agency_Crime_ID": "SHOPLIFTING/MISDEMEANOR", "UCR_Incident_Code": "23C", "Block": 4500, "Street_Name": "POPLAR AVE", "Street_Address": "4500 POPLAR AVE", "City": "MEMPHIS", "State": "TN", "ZIP_Code": "38102", "Full_Address": "4500 POPLAR AVE MEMPHIS TN 38102", "Latitude": 35.117, "Longitude": -89.911, "UCR_Category": "LARCENY/THEFT", "UCR_Description": "SHOPLIFTING", "NIBRS_Group": "A", "NIBRS_Offense_Group": "CRIMES AGAINST PROPERTY", "Part_One_or_Part_Two": 1, "Ward": "522", "Precinct": "TILLMAN", "Source_ObjectID": "410408", "ObjectId": 1657480}}, {"type": "Feature", "id": 1657481, "geometry": {"type": "Point", "coordinates": [-89.769, 35.047]}, "properties": {"Crime_ID": "2505023240ME", "Offense_Datetime": 1746780000000, "Reported_Datetime": 1746781020000, "Agency_Crime_ID": "INTIMIDATION", "UCR_Incident_Code": "13C", "Block": 8800, "Street_Name": "TROPHY WAY", "Street_Address": "8800 TROPHY WAY", "City": "MEMPHIS", "State": "TN", "ZIP_Code": "38125", "Full_Address": "8800 TROPHY WAY MEMPHIS TN 38125", "Latitude": 35.047, "Longitude": -89.769, "UCR_Category": "ASSAULT", "UCR_Description": "INTIMIDATION", "NIBRS_Group": "A", "NIBRS_Offense_Group": "CRIMES AGAINST PERSONS", "Part_One_or_Part_Two": 2, "Ward": "926", "Precinct": "RIDGEWAY", "Source_ObjectID": "620254", "ObjectId": 1657481}}, {"type": "Feature", "id": 1657482, "geometry": {"type": "Point", "coordinates": [-89.929, 35.173]}, "properties": {"Crime_ID": "2203012618ME", "Offense_Datetime": 1648621500000, "Reported_Datetime": 1648622760000, "Agency_Crime_ID": "AGGRAVATED ASSAULT", "UCR_Incident_Code": "13A", "Block": 3900, "Street_Name": "GREY RD", "Street_Address": "3900 GREY RD", "City": "MEMPHIS", "State": "TN", "ZIP_Code": "38108", "Full_Address": "3900 GREY RD MEMPHIS TN 38108", "Latitude": 35.173, "Longitude": -89.929, "UCR_Category": "AGGRAVATED ASSAULT", "UCR_Description": "AGGRAVATED ASSAULT", "NIBRS_Group": "A", "NIBRS_Offense_Group": "CRIMES AGAINST PERSONS", "Part_One_or_Part_Two": 1, "Ward": "526", "Precinct": "TILLMAN", "Source_ObjectID": "262082", "ObjectId": 1657482}}, {"type": "Feature", "id": 1657483, "geometry": {"type": "Point", "coordinates": [-89.985, 35.11]}, "properties": {"Crime_ID": "2206014323ME", "Offense_Datetime": 1656568800000, "Reported_Datetime": 1656569940000, "Agency_Crime_ID": "ROBBERY/INDIVIDUAL", "UCR_Incident_Code": "120", "Block": 1300, "Street_Name": "AIRWAYS BLVD", "Street_Address": "1300 AIRWAYS BLVD", "City": "MEMPHIS", "State": "TN", "ZIP_Code": "38111", "Full_Address": "1300 AIRWAYS BLVD MEMPHIS TN 38111", "Latitude": 35.11, "Longitude": -89.985, "UCR_Category": "ROBBERY", "UCR_Description": "ROBBERY", "NIBRS_Group": "A", "NIBRS_Offense_Group": "CRIMES AGAINST PROPERTY", "Part_One_or_Part_Two": 1, "Ward": "521", "Precinct": "TILLMAN", "Source_ObjectID": "290743", "ObjectId": 1657483}}, {"type": "Feature", "id": 1657484, "geometry": {"type": "Point", "coordinates": [-90.02, 35.118]}, "properties": {"Crime_ID": "2207012610ME", "Offense_Datetime": 1658776800000, "Reported_Datetime": 1658778420000, "Agency_Crime_ID": "AGGRAVATED ASSAULT/DV", "UCR_Incident_Code": "13A", "Block": 1000, "Street_Name": "WALK PL", "Street_Address": "1000 WALK PL", "City": "MEMPHIS", "State": "TN", "ZIP_Code": "38106", "Full_Address": "1000 WALK PL MEMPHIS TN 38106", "Latitude": 35.118, "Longitude": -90.02, "UCR_Category": "AGGRAVATED ASSAULT", "UCR_Description": "AGGRAVATED ASSAULT", "NIBRS_Group": "A", "NIBRS_Offense_Group": "CRIMES AGAINST PERSONS", "Part_One_or_Part_Two": 1, "Ward": "422", "Precinct": "CRUMP", "Source_ObjectID": "299506", "ObjectId": 1657484}}, {"type": "Feature", "id": 1657485, "geometry": {"type": "Point", "coordinates": [-89.917, 35.182]}, "properties": {"Crime_ID": "2001001895ME", "Offense_Datetime": 1578164400000, "Reported_Datetime": 1578253020000, "Agency_Crime_ID": "MVT/OTHER", "UCR_Incident_Code": "240", "Block": 0, "Street_Name": "WELLS STATION//CHELSEA EXT", "Street_Address": " WELLS STATION//CHELSEA EXT", "City": "MEMPHIS", "State": "TN", "ZIP_Code": "38108", "Full_Address": " WELLS STATION//CHELSEA EXT MEMPHIS TN 38108", "Latitude": 35.182, "Longitude": -89.917, "UCR_Category": "MOTOR VEHICLE THEFT", "UCR_Description": "MOTOR VEHICLE THEFT", "NIBRS_Group": "A", "NIBRS_Offense_Group": "CRIMES AGAINST PROPERTY", "Part_One_or_Part_Two": 1, "Ward": "525", "Precinct": "TILLMAN", "Source_ObjectID": "45281", "ObjectId": 1657485}}, {"type": "Feature", "id": 1657486, "geometry": {"type": "Point", "coordinates": [-89.908, 35.149]}, "properties": {"Crime_ID": "2101006241ME", "Offense_Datetime": 1593018000000, "Reported_Datetime": 1610824140000, "Agency_Crime_ID": "FALSE PRETENSES/SWINDLE/CONFIDENCE GAME", "UCR_Incident_Code": "26A", "Block": 4500, "Street_Name": "SUMMER AVE", "Street_Address": "4500 SUMMER AVE", "City": "MEMPHIS", "State": "TN", "ZIP_Code": "38122", "Full_Address": "4500 SUMMER AVE MEMPHIS TN 38122", "Latitude": 35.149, "Longitude": -89.908, "UCR_Category": "FRAUD", "UCR_Description": "FALSE PRETENSES/SWIN/CONF", "NIBRS_Group": "A", "NIBRS_Offense_Group": "CRIMES AGAINST PROPERTY", "Part_One_or_Part_Two": 2, "Ward": "525", "Precinct": "TILLMAN", "Source_ObjectID": "141355", "ObjectId": 1657486}}, {"type": "Feature", "id": 1657487, "geometry": {"type": "Point", "coordinates": [-90.016, 35.144]}, "properties": {"Crime_ID": "2306002798ME", "Offense_Datetime": 1687039200000, "Reported_Datetime": 1687039680000, "Agency_Crime_ID": "SIMPLE ASSAULT", "UCR_Incident_Code": "13B", "Block": 1300, "Street_Name": "POPLAR AVE", "Street_Address": "1300 POPLAR AVE", "City": "MEMPHIS", "State": "TN", "ZIP_Code": "38104", "Full_Address": "1300 POPLAR AVE MEMPHIS TN 38104", "Latitude": 35.144, "Longitude": -90.016, "UCR_Category": "ASSAULT", "UCR_Description": "SIMPLE ASSAULT", "NIBRS_Group": "A", "NIBRS_Offense_Group": "CRIMES AGAINST PERSONS", "Part_One_or_Part_Two": 2, "Ward": "423", "Precinct": "CRUMP", "Source_ObjectID": "404520", "ObjectId": 1657487}}, {"type": "Feature", "id": 1657488, "geometry": {"type": "Point", "coordinates": [-90.008, 35.105]}, "properties": {"Crime_ID": "2408023003ME", "Offense_Datetime": 1723091400000, "Reported_Datetime": 1723129620000, "Agency_Crime_ID": "THREATENING ELECTRONIC COMMUNICATION/DV", "UCR_Incident_Code": "13C", "Block": 1600, "Street_Name": "CANE MEADOW", "Street_Address": "1600 CANE MEADOW", "City": "MEMPHIS", "State": "TN", "ZIP_Code": "38106", "Full_Address": "1600 CANE MEADOW MEMPHIS TN 38106", "Latitude": 35.105, "Longitude": -90.008, "UCR_Category": "ASSAULT", "UCR_Description": "INTIMIDATION", "NIBRS_Group": "A", "NIBRS_Offense_Group": "CRIMES AGAINST PERSONS", "Part_One_or_Part_Two": 2, "Ward": "724", "Precinct": "AIRWAYS", "Source_ObjectID": "544376", "ObjectId": 1657488}}, {"type": "Feature", "id": 1657489, "geometry": {"type": "Point", "coordinates": [-90.021, 35.116]}, "properties": {"Crime_ID": "2410030722ME", "Offense_Datetime": 1730052900000, "Reported_Datetime": 1730053560000, "Agency_Crime_ID": "SHOPLIFTING/MISDEMEANOR", "UCR_Incident_Code": "23C", "Block": 1100, "Street_Name": "BELLEVUE BLVD", "Street_Address": "1100 BELLEVUE BLVD", "City": "MEMPHIS", "State": "TN", "ZIP_Code": "38104", "Full_Address": "1100 BELLEVUE BLVD MEMPHIS TN 38104", "Latitude": 35.116, "Longitude": -90.021, "UCR_Category": "LARCENY/THEFT", "UCR_Description": "SHOPLIFTING", "NIBRS_Group": "A", "NIBRS_Offense_Group": "CRIMES AGAINST PROPERTY", "Part_One_or_Part_Two": 1, "Ward": "423", "Precinct": "CRUMP", "Source_ObjectID": "568498", "ObjectId": 1657489}}, {"type": "Feature", "id": 1657490, "geometry": {"type": "Point", "coordinates": [-90.088, 35.019]}, "properties": {"Crime_ID": "2412027232ME", "Offense_Datetime": 1734741000000, "Reported_Datetime": 1734747720000, "Agency_Crime_ID": "SHOPLIFTING/MISDEMEANOR", "UCR_Incident_Code": "23C", "Block": 4700, "Street_Name": "THIRD ST", "Street_Address": "4700 THIRD ST", "City": "MEMPHIS", "State": "TN", "ZIP_Code": "38109", "Full_Address": "4700 THIRD ST MEMPHIS TN 38109", "Latitude": 35.019, "Longitude": -90.088, "UCR_Category": "LARCENY/THEFT", "UCR_Description": "SHOPLIFTING", "NIBRS_Group": "A", "NIBRS_Offense_Group": "CRIMES AGAINST PROPERTY", "Part_One_or_Part_Two": 1, "Ward": "221", "Precinct": "RAINES", "Source_ObjectID": "583356", "ObjectId": 1657490}}, {"type": "Feature", "id": 1657491, "geometry": {"type": "Point", "coordinates": [-89.947, 35.156]}, "properties": {"Crime_ID": "2005005274ME", "Offense_Datetime": 1589486400000, "Reported_Datetime": 1589487780000, "Agency_Crime_ID": "BURGLARY/RESIDENTIAL", "UCR_Incident_Code": "220", "Block": 3400, "Street_Name": "COLEMAN AVE", "Street_Address": "3400 COLEMAN AVE", "City": "MEMPHIS", "State": "TN", "ZIP_Code": "38122", "Full_Address": "3400 COLEMAN AVE MEMPHIS TN 38122", "Latitude": 35.156, "Longitude": -89.947, "UCR_Category": "BURG/BREAK & ENTER", "UCR_Description": "BURG/BREAK & ENTER", "NIBRS_Group": "A", "NIBRS_Offense_Group": "CRIMES AGAINST PROPERTY", "Part_One_or_Part_Two": 1, "Ward": "524", "Precinct": "TILLMAN", "Source_ObjectID": "78105", "ObjectId": 1657491}}, {"type": "Feature", "id": 1657492, "geometry": {"type": "Point", "coordinates": [-90.016, 35.222]}, "properties": {"Crime_ID": "2202010701ME", "Offense_Datetime": 1645853400000, "Reported_Datetime": 1645854300000, "Agency_Crime_ID": "THEFT FROM BUILDING", "UCR_Incident_Code": "23D", "Block": 1400, "Street_Name": "TODDS CREEK CV", "Street_Address": "1400 TODDS CREEK CV", "City": "MEMPHIS", "State": "TN", "ZIP_Code": "38127", "Full_Address": "1400 TODDS CREEK CV MEMPHIS TN 38127", "Latitude": 35.222, "Longitude": -90.016, "UCR_Category": "LARCENY/THEFT", "UCR_Description": "THEFT FROM A BUILDING", "NIBRS_Group": "A", "NIBRS_Offense_Group": "CRIMES AGAINST PROPERTY", "Part_One_or_Part_Two": 1, "Ward": "121", "Precinct": "AUSTIN PEAY", "Source_ObjectID": "253651", "ObjectId": 1657492}}, {"type": "Feature", "id": 1657493, "geometry": {"type": "Point", "coordinates": [-89.927, 35.149]}, "properties": {"Crime_ID": "2211014708ME", "Offense_Datetime": 1669831200000, "Reported_Datetime": 1669844340000, "Agency_Crime_ID": "SIMPLE ASSAULT/DV", "UCR_Incident_Code": "13B", "Block": 4000, "Street_Name": "SUMMER AVE", "Street_Address": "4000 SUMMER AVE", "City": "MEMPHIS", "State": "TN", "ZIP_Code": "38122", "Full_Address": "4000 SUMMER AVE MEMPHIS TN 38122", "Latitude": 35.149, "Longitude": -89.927, "UCR_Category": "ASSAULT", "UCR_Description": "SIMPLE ASSAULT", "NIBRS_Group": "A", "NIBRS_Offense_Group": "CRIMES AGAINST PERSONS", "Part_One_or_Part_Two": 2, "Ward": "525", "Precinct": "TILLMAN", "Source_ObjectID": "341709", "ObjectId": 1657493}}, {"type": "Feature", "id": 1657494, "geometry": {"type": "Point", "coordinates": [-89.98, 35.246]}, "properties": {"Crime_ID": "2004005471ME", "Offense_Datetime": 1587062100000, "Reported_Datetime": 1587066000000, "Agency_Crime_ID": "SIMPLE ASSAULT/DV", "UCR_Incident_Code": "13B", "Block": 4400, "Street_Name": "SMITH RIDGE CV", "Street_Address": "4400 SMITH RIDGE CV", "City": "MEMPHIS", "State": "TN", "ZIP_Code": "38127", "Full_Address": "4400 SMITH RIDGE CV MEMPHIS TN 38127", "Latitude": 35.246, "Longitude": -89.98, "UCR_Category": "ASSAULT", "UCR_Description": "SIMPLE ASSAULT", "NIBRS_Group": "A", "NIBRS_Offense_Group": "CRIMES AGAINST PERSONS", "Part_One_or_Part_Two": 2, "Ward": "123", "Precinct": "AUSTIN PEAY", "Source_ObjectID": "71099", "ObjectId": 1657494}}, {"type": "Feature", "id": 1657495, "geometry": {"type": "Point", "coordinates": [-89.86, 35.058]}, "properties": {"Crime_ID": "2103003313ME", "Offense_Datetime": 1615104000000, "Reported_Datetime": 1615257480000, "Agency_Crime_ID": "VANDALISM/MISDEMEANOR", "UCR_Incident_Code": "290", "Block": 6000, "Street_Name": "BRAXTON LN", "Street_Address": "6000 BRAXTON LN", "City": "MEMPHIS", "State": "TN", "ZIP_Code": "38115", "Full_Address": "6000 BRAXTON LN MEMPHIS TN 38115", "Latitude": 35.058, "Longitude": -89.86, "UCR_Category": "DEST/DAM/VAND OF PROPERTY", "UCR_Description": "DEST/DAM/VAND OF PROPERTY", "NIBRS_Group": "A", "NIBRS_Offense_Group": "CRIMES AGAINST PROPERTY", "Part_One_or_Part_Two": 2, "Ward": "925", "Precinct": "RIDGEWAY", "Source_ObjectID": "157313", "ObjectId": 1657495}}, {"type": "Feature", "id": 1657496, "geometry": {"type": "Point", "coordinates": [-89.976, 35.158]}, "properties": {"Crime_ID": "2210013153ME", "Offense_Datetime": 1667164500000, "Reported_Datetime": 1667172120000, "Agency_Crime_ID": "SHOPLIFTING/MISDEMEANOR", "UCR_Incident_Code": "23C", "Block": 0, "Street_Name": "N HOLLYWOOD ST//JACKSON AVE", "Street_Address": " N HOLLYWOOD ST//JACKSON AVE", "City": "MEMPHIS", "State": "TN", "ZIP_Code": "38112", "Full_Address": " N HOLLYWOOD ST//JACKSON AVE MEMPHIS TN 38112", "Latitude": 35.158, "Longitude": -89.976, "UCR_Category": "LARCENY/THEFT", "UCR_Description": "SHOPLIFTING", "NIBRS_Group": "A", "NIBRS_Offense_Group": "CRIMES AGAINST PROPERTY", "Part_One_or_Part_Two": 1, "Ward": "524", "Precinct": "TILLMAN", "Source_ObjectID": "330617", "ObjectId": 1657496}}, {"type": "Feature", "id": 1657497, "geometry": {"type": "Point", "coordinates": [-90.021, 35.166]}, "properties": {"Crime_ID": "2301003520ME", "Offense_Datetime": 1673109900000, "Reported_Datetime": 1673116860000, "Agency_Crime_ID": "VANDALISM/MISDEMEANOR", "UCR_Incident_Code": "290", "Block": 1000, "Street_Name": "VOLLINTINE AVE", "Street_Address": "1000 VOLLINTINE AVE", "City": "MEMPHIS", "State": "TN", "ZIP_Code": "38108", "Full_Address": "1000 VOLLINTINE AVE MEMPHIS TN 38108", "Latitude": 35.166, "Longitude": -90.021, "UCR_Category": "DEST/DAM/VAND OF PROPERTY", "UCR_Description": "DEST/DAM/VAND OF PROPERTY", "NIBRS_Group": "A", "NIBRS_Offense_Group": "CRIMES AGAINST PROPERTY", "Part_One_or_Part_Two": 2, "Ward": "626", "Precinct": "NORTH MAIN", "Source_ObjectID": "355395", "ObjectId": 1657497}}, {"type": "Feature", "id": 1657498, "geometry": {"type": "Point", "coordinates": [-90.045, 35.015]}, "properties": {"Crime_ID": "2209001947ME", "Offense_Datetime": 1662291900000, "Reported_Datetime": 1662336960000, "Agency_Crime_ID": "SIMPLE ASSAULT/DV", "UCR_Incident_Code": "13B", "Block": 4900, "Street_Name": "SHANE LN CV", "Street_Address": "4900 SHANE LN CV", "City": "MEMPHIS", "State": "TN", "ZIP_Code": "38109", "Full_Address": "4900 SHANE LN CV MEMPHIS TN 38109", "Latitude": 35.015, "Longitude": -90.045, "UCR_Category": "ASSAULT", "UCR_Description": "SIMPLE ASSAULT", "NIBRS_Group": "A", "NIBRS_Offense_Group": "CRIMES AGAINST PERSONS", "Part_One_or_Part_Two": 2, "Ward": "225", "Precinct": "RAINES", "Source_ObjectID": "313211", "ObjectId": 1657498}}, {"type": "Feature", "id": 1657499, "geometry": {"type": "Point", "coordinates": [-89.986, 35.217]}, "properties": {"Crime_ID": "2410030781ME", "Offense_Datetime": 1730064300000, "Reported_Datetime": 1730065740000, "Agency_Crime_ID": "AGG. ASSAULT - INVOLVING FIREARMS DISCHARGED", "UCR_Incident_Code": "13A", "Block": 2300, "Street_Name": "FRAYSER BLVD", "Street_Address": "2300 FRAYSER BLVD", "City": "MEMPHIS", "State": "TN", "ZIP_Code": "38127", "Full_Address": "2300 FRAYSER BLVD MEMPHIS TN 38127", "Latitude": 35.217, "Longitude": -89.986, "UCR_Category": "AGGRAVATED ASSAULT", "UCR_Description": "AGGRAVATED ASSAULT", "NIBRS_Group": "A", "NIBRS_Offense_Group": "CRIMES AGAINST PERSONS", "Part_One_or_Part_Two": 1, "Ward": "122", "Precinct": "AUSTIN PEAY", "Source_ObjectID": "568526", "ObjectId": 1657499}}, {"type": "Feature", "id": 1657500, "geometry": {"type": "Point", "coordinates": [-89.933, 35.106]}, "properties": {"Crime_ID": "2507026591ME", "Offense_Datetime": 1752788400000, "Reported_Datetime": 1752788400000, "Agency_Crime_ID": "BURGLARY/RESIDENTIAL", "UCR_Incident_Code": "220", "Block": 900, "Street_Name": "GETWELL RD", "Street_Address": "900 GETWELL RD", "City": "MEMPHIS", "State": "TN", "ZIP_Code": "38112", "Full_Address": "900 GETWELL RD MEMPHIS TN 38112", "Latitude": 35.106, "Longitude": -89.933, "UCR_Category": "BURG/BREAK & ENTER", "UCR_Description": "BURG/BREAK & ENTER", "NIBRS_Group": "A", "NIBRS_Offense_Group": "CRIMES AGAINST PROPERTY", "Part_One_or_Part_Two": 1, "Ward": "322", "Precinct": "MT MORIAH", "Source_ObjectID": "639189", "ObjectId": 1657500}}, {"type": "Feature", "id": 1657502, "geometry": {"type": "Point", "coordinates": [-89.887, 35.053]}, "properties": {"Crime_ID": "2108012745ME", "Offense_Datetime": 1629903600000, "Reported_Datetime": 1630219380000, "Agency_Crime_ID": "MVT/PASSENGER VEHICLE", "UCR_Incident_Code": "240", "Block": 5100, "Street_Name": "WAYFARER CIR", "Street_Address": "5100 WAYFARER CIR", "City": "MEMPHIS", "State": "TN", "ZIP_Code": "38115", "Full_Address": "5100 WAYFARER CIR MEMPHIS TN 38115", "Latitude": 35.053, "Longitude": -89.887, "UCR_Category": "MOTOR VEHICLE THEFT", "UCR_Description": "MOTOR VEHICLE THEFT", "NIBRS_Group": "A", "NIBRS_Offense_Group": "CRIMES AGAINST PROPERTY", "Part_One_or_Part_Two": 1, "Ward": "325", "Precinct": "MT MORIAH", "Source_ObjectID": "203921", "ObjectId": 1657502}}, {"type": "Feature", "id": 1657503, "geometry": {"type": "Point", "coordinates": [-89.73, 35.205]}, "properties": {"Crime_ID": "2306023210ME", "Offense_Datetime": 1686202200000, "Reported_Datetime": 1686203280000, "Agency_Crime_ID": "INTIMIDATION", "UCR_Incident_Code": "13C", "Block": 9900, "Street_Name": "HIGHWAY 64", "Street_Address": "9900 HIGHWAY 64", "City": "MEMPHIS", "State": "TN", "ZIP_Code": "38002", "Full_Address": "9900 HIGHWAY 64 MEMPHIS TN 38002", "Latitude": 35.205, "Longitude": -89.73, "UCR_Category": "ASSAULT", "UCR_Description": "INTIMIDATION", "NIBRS_Group": "A", "NIBRS_Offense_Group": "CRIMES AGAINST PERSONS", "Part_One_or_Part_Two": 2, "Ward": "826", "Precinct": "APPLING FARMS", "Source_ObjectID": "411962", "ObjectId": 1657503}}, {"type": "Feature", "id": 1657504, "geometry": {"type": "Point", "coordinates": [-90.025, 35.129]}, "properties": {"Crime_ID": "2104000993ME", "Offense_Datetime": 1616290260000, "Reported_Datetime": 1617479940000, "Agency_Crime_ID": "STALKING", "UCR_Incident_Code": "13D", "Block": 600, "Street_Name": "WITHERS ST", "Street_Address": "600 WITHERS ST", "City": "MEMPHIS", "State": "TN", "ZIP_Code": "38104", "Full_Address": "600 WITHERS ST MEMPHIS TN 38104", "Latitude": 35.129, "Longitude": -90.025, "UCR_Category": "ASSAULT", "UCR_Description": "STALKING", "NIBRS_Group": "A", "NIBRS_Offense_Group": "CRIMES AGAINST PERSONS", "Part_One_or_Part_Two": 2, "Ward": "422", "Precinct": "CRUMP", "Source_ObjectID": "163804", "ObjectId": 1657504}}, {"type": "Feature", "id": 1657505, "geometry": {"type": "Point", "coordinates": [-89.859, 35.167]}, "properties": {"Crime_ID": "2101006865ME", "Offense_Datetime": 1610946000000, "Reported_Datetime": 1610978880000, "Agency_Crime_ID": "THEFT OF VEHICLE PARTS/ACCESSORIES", "UCR_Incident_Code": "23G", "Block": 6100, "Street_Name": "SHELBY OAKS DR", "Street_Address": "6100 SHELBY OAKS DR", "City": "MEMPHIS", "State": "TN", "ZIP_Code": "38134", "Full_Address": "6100 SHELBY OAKS DR MEMPHIS TN 38134", "Latitude": 35.167, "Longitude": -89.859, "UCR_Category": "LARCENY/THEFT", "UCR_Description": "THEFT OF MV PARTS/ACCS", "NIBRS_Group": "A", "NIBRS_Offense_Group": "CRIMES AGAINST PROPERTY", "Part_One_or_Part_Two": 1, "Ward": "822", "Precinct": "APPLING FARMS", "Source_ObjectID": "145942", "ObjectId": 1657505}}, {"type": "Feature", "id": 1657506, "geometry": {"type": "Point", "coordinates": [-89.795, 35.17]}, "properties": {"Crime_ID": "2509024213ME", "Offense_Datetime": 1757426400000, "Reported_Datetime": 1757607300000, "Agency_Crime_ID": "INTIMIDATION", "UCR_Incident_Code": "13C", "Block": 1600, "Street_Name": "GERMANTOWN PKWY", "Street_Address": "1600 GERMANTOWN PKWY", "City": "MEMPHIS", "State": "TN", "ZIP_Code": "38016", "Full_Address": "1600 GERMANTOWN PKWY MEMPHIS TN 38016", "Latitude": 35.17, "Longitude": -89.795, "UCR_Category": "ASSAULT", "UCR_Description": "INTIMIDATION", "NIBRS_Group": "A", "NIBRS_Offense_Group": "CRIMES AGAINST PERSONS", "Part_One_or_Part_Two": 2, "Ward": "824", "Precinct": "APPLING FARMS", "Source_ObjectID": "653797", "ObjectId": 1657506}}, {"type": "Feature", "id": 1657507, "geometry": {"type": "Point", "coordinates": [-89.947, 35.128]}, "properties": {"Crime_ID": "2204006656ME", "Offense_Datetime": 1650066660000, "Reported_Datetime": 1650071040000, "Agency_Crime_ID": "THEFT FROM BUILDING", "UCR_Incident_Code": "23D", "Block": 3400, "Street_Name": "POPLAR AVE", "Street_Address": "3400 POPLAR AVE", "City": "MEMPHIS", "State": "TN", "ZIP_Code": "38111", "Full_Address": "3400 POPLAR AVE MEMPHIS TN 38111", "Latitude": 35.128, "Longitude": -89.947, "UCR_Category": "LARCENY/THEFT", "UCR_Description": "THEFT FROM A BUILDING", "NIBRS_Group": "A", "NIBRS_Offense_Group": "CRIMES AGAINST PROPERTY", "Part_One_or_Part_Two": 1, "Ward": "523", "Precinct": "TILLMAN", "Source_ObjectID": "266922", "ObjectId": 1657507}}, {"type": "Feature", "id": 1657508, "geometry": {"type": "Point", "coordinates": [-89.889, 35.152]}, "properties": {"Crime_ID": "2401022018ME", "Offense_Datetime": 1704531000000, "Reported_Datetime": 1704535020000, "Agency_Crime_ID": "SIMPLE ASSAULT", "UCR_Incident_Code": "13B", "Block": 700, "Street_Name": "WHITE STATION RD", "Street_Address": "700 WHITE STATION RD", "City": "MEMPHIS", "State": "TN", "ZIP_Code": "38122", "Full_Address": "700 WHITE STATION RD MEMPHIS TN 38122", "Latitude": 35.152, "Longitude": -89.889, "UCR_Category": "ASSAULT", "UCR_Description": "SIMPLE ASSAULT", "NIBRS_Group": "A", "NIBRS_Offense_Group": "CRIMES AGAINST PERSONS", "Part_One_or_Part_Two": 2, "Ward": "821", "Precinct": "APPLING FARMS", "Source_ObjectID": "478254", "ObjectId": 1657508}}, {"type": "Feature", "id": 1657509, "geometry": {"type": "Point", "coordinates": [-89.92, 35.119]}, "properties": {"Crime_ID": "2207007387ME", "Offense_Datetime": 1657382400000, "Reported_Datetime": 1657903020000, "Agency_Crime_ID": "FALSE PRETENSES/SWINDLE/CONFIDENCE GAME", "UCR_Incident_Code": "26A", "Block": 400, "Street_Name": "WOODMERE LN", "Street_Address": "400 WOODMERE LN", "City": "MEMPHIS", "State": "TN", "ZIP_Code": "38117", "Full_Address": "400 WOODMERE LN MEMPHIS TN 38117", "Latitude": 35.119, "Longitude": -89.92, "UCR_Category": "FRAUD", "UCR_Description": "FALSE PRETENSES/SWIN/CONF", "NIBRS_Group": "A", "NIBRS_Offense_Group": "CRIMES AGAINST PROPERTY", "Part_One_or_Part_Two": 2, "Ward": "522", "Precinct": "TILLMAN", "Source_ObjectID": "296131", "ObjectId": 1657509}}, {"type": "Feature", "id": 1657510, "geometry": {"type": "Point", "coordinates": [-89.992, 35.077]}, "properties": {"Crime_ID": "2112009817ME", "Offense_Datetime": 1640379600000, "Reported_Datetime": 1640389140000, "Agency_Crime_ID": "VANDALISM/MISDEMEANOR", "UCR_Incident_Code": "290", "Block": 2100, "Street_Name": "HILLVIEW CV", "Street_Address": "2100 HILLVIEW CV", "City": "MEMPHIS", "State": "TN", "ZIP_Code": "38106", "Full_Address": "2100 HILLVIEW CV MEMPHIS TN 38106", "Latitude": 35.077, "Longitude": -89.992, "UCR_Category": "DEST/DAM/VAND OF PROPERTY", "UCR_Description": "DEST/DAM/VAND OF PROPERTY", "NIBRS_Group": "A", "NIBRS_Offense_Group": "CRIMES AGAINST PROPERTY", "Part_One_or_Part_Two": 2, "Ward": "724", "Precinct": "AIRWAYS", "Source_ObjectID": "236760", "ObjectId": 1657510}}, {"type": "Feature", "id": 1657511, "geometry": {"type": "Point", "coordinates": [-90, 35.137]}, "properties": {"Crime_ID": "2405025140ME", "Offense_Datetime": 1715581440000, "Reported_Datetime": 1715583180000, "Agency_Crime_ID": "VANDALISM/FELONY", "UCR_Incident_Code": "290", "Block": 1800, "Street_Name": "MADISON AVE", "Street_Address": "1800 MADISON AVE", "City": "MEMPHIS", "State": "TN", "ZIP_Code": "38104", "Full_Address": "1800 MADISON AVE MEMPHIS TN 38104", "Latitude": 35.137, "Longitude": -90, "UCR_Category": "DEST/DAM/VAND OF PROPERTY", "UCR_Description": "DEST/DAM/VAND OF PROPERTY", "NIBRS_Group": "A", "NIBRS_Offense_Group": "CRIMES AGAINST PROPERTY", "Part_One_or_Part_Two": 2, "Ward": "424", "Precinct": "CRUMP", "Source_ObjectID": "515397", "ObjectId": 1657511}}, {"type": "Feature", "id": 1657512, "geometry": {"type": "Point", "coordinates": [-89.934, 35.09]}, "properties": {"Crime_ID": "2512026785ME", "Offense_Datetime": 1766440140000, "Reported_Datetime": 1766440200000, "Agency_Crime_ID": "ROBBERY/INDIVIDUAL", "UCR_Incident_Code": "120", "Block": 3800, "Street_Name": "DUNN AVE", "Street_Address": "3800 DUNN AVE", "City": "MEMPHIS", "State": "TN", "ZIP_Code": "38111", "Full_Address": "3800 DUNN AVE MEMPHIS TN 38111", "Latitude": 35.09, "Longitude": -89.934, "UCR_Category": "ROBBERY", "UCR_Description": "ROBBERY", "NIBRS_Group": "A", "NIBRS_Offense_Group": "CRIMES AGAINST PROPERTY", "Part_One_or_Part_Two": 1, "Ward": "322", "Precinct": "MT MORIAH", "Source_ObjectID": "675434", "ObjectId": 1657512}}, {"type": "Feature", "id": 1657513, "geometry": {"type": "Point", "coordinates": [-89.883, 35.055]}, "properties": {"Crime_ID": "2306021920ME", "Offense_Datetime": 1685638800000, "Reported_Datetime": 1685973780000, "Agency_Crime_ID": "BURGLARY/RESIDENTIAL", "UCR_Incident_Code": "220", "Block": 5400, "Street_Name": "FONTANA AVE", "Street_Address": "5400 FONTANA AVE", "City": "MEMPHIS", "State": "TN", "ZIP_Code": "38118", "Full_Address": "5400 FONTANA AVE MEMPHIS TN 38118", "Latitude": 35.055, "Longitude": -89.883, "UCR_Category": "BURG/BREAK & ENTER", "UCR_Description": "BURG/BREAK & ENTER", "NIBRS_Group": "A", "NIBRS_Offense_Group": "CRIMES AGAINST PROPERTY", "Part_One_or_Part_Two": 1, "Ward": "325", "Precinct": "MT MORIAH", "Source_ObjectID": "410933", "ObjectId": 1657513}}, {"type": "Feature", "id": 1657514, "geometry": {"type": "Point", "coordinates": [-90.006, 35.199]}, "properties": {"Crime_ID": "2203008542ME", "Offense_Datetime": 1626885420000, "Reported_Datetime": 1647880620000, "Agency_Crime_ID": "OTHER THEFT/NON-SPECIFIC", "UCR_Incident_Code": "23H", "Block": 1700, "Street_Name": "DELANO AVE", "Street_Address": "1700 DELANO AVE", "City": "MEMPHIS", "State": "TN", "ZIP_Code": "38127", "Full_Address": "1700 DELANO AVE MEMPHIS TN 38127", "Latitude": 35.199, "Longitude": -90.006, "UCR_Category": "LARCENY/THEFT", "UCR_Description": "ALL OTHER LARCENY", "NIBRS_Group": "A", "NIBRS_Offense_Group": "CRIMES AGAINST PROPERTY", "Part_One_or_Part_Two": 1, "Ward": "122", "Precinct": "AUSTIN PEAY", "Source_ObjectID": "239175", "ObjectId": 1657514}}, {"type": "Feature", "id": 1657515, "geometry": {"type": "Point", "coordinates": [-89.994, 35.056]}, "properties": {"Crime_ID": "2101008904ME", "Offense_Datetime": 1611239700000, "Reported_Datetime": 1611340440000, "Agency_Crime_ID": "THEFT FROM BUILDING", "UCR_Incident_Code": "23D", "Block": 3300, "Street_Name": "BEN BOW RD", "Street_Address": "3300 BEN BOW RD", "City": "MEMPHIS", "State": "TN", "ZIP_Code": "38116", "Full_Address": "3300 BEN BOW RD MEMPHIS TN 38116", "Latitude": 35.056, "Longitude": -89.994, "UCR_Category": "LARCENY/THEFT", "UCR_Description": "THEFT FROM A BUILDING", "NIBRS_Group": "A", "NIBRS_Offense_Group": "CRIMES AGAINST PROPERTY", "Part_One_or_Part_Two": 1, "Ward": "224", "Precinct": "RAINES", "Source_ObjectID": "147123", "ObjectId": 1657515}}, {"type": "Feature", "id": 1657516, "geometry": {"type": "Point", "coordinates": [-89.857, 35.049]}, "properties": {"Crime_ID": "2310023626ME", "Offense_Datetime": 1696861800000, "Reported_Datetime": 1696863660000, "Agency_Crime_ID": "MVT/PASSENGER VEHICLE", "UCR_Incident_Code": "240", "Block": 6100, "Street_Name": "WINCHESTER RD", "Street_Address": "6100 WINCHESTER RD", "City": "MEMPHIS", "State": "TN", "ZIP_Code": "38115", "Full_Address": "6100 WINCHESTER RD MEMPHIS TN 38115", "Latitude": 35.049, "Longitude": -89.857, "UCR_Category": "MOTOR VEHICLE THEFT", "UCR_Description": "MOTOR VEHICLE THEFT", "NIBRS_Group": "A", "NIBRS_Offense_Group": "CRIMES AGAINST PROPERTY", "Part_One_or_Part_Two": 1, "Ward": "925", "Precinct": "RIDGEWAY", "Source_ObjectID": "449711", "ObjectId": 1657516}}, {"type": "Feature", "id": 1657517, "geometry": {"type": "Point", "coordinates": [-89.931, 35.076]}, "properties": {"Crime_ID": "2111011348ME", "Offense_Datetime": 1638039360000, "Reported_Datetime": 1638040980000, "Agency_Crime_ID": "AGGRAVATED ASSAULT", "UCR_Incident_Code": "13A", "Block": 2600, "Street_Name": "GETWELL RD", "Street_Address": "2600 GETWELL RD", "City": "MEMPHIS", "State": "TN", "ZIP_Code": "38118", "Full_Address": "2600 GETWELL RD MEMPHIS TN 38118", "Latitude": 35.076, "Longitude": -89.931, "UCR_Category": "AGGRAVATED ASSAULT", "UCR_Description": "AGGRAVATED ASSAULT", "NIBRS_Group": "A", "NIBRS_Offense_Group": "CRIMES AGAINST PERSONS", "Part_One_or_Part_Two": 1, "Ward": "321", "Precinct": "MT MORIAH", "Source_ObjectID": "229516", "ObjectId": 1657517}}, {"type": "Feature", "id": 1657518, "geometry": {"type": "Point", "coordinates": [-90.081, 35.026]}, "properties": {"Crime_ID": "2011003123ME", "Offense_Datetime": 1604817600000, "Reported_Datetime": 1604825280000, "Agency_Crime_ID": "AGGRAVATED ASSAULT", "UCR_Incident_Code": "13A", "Block": 4400, "Street_Name": "SOUTH THIRD ST", "Street_Address": "4400 SOUTH THIRD ST", "City": "MEMPHIS", "State": "TN", "ZIP_Code": "38109", "Full_Address": "4400 SOUTH THIRD ST MEMPHIS TN 38109", "Latitude": 35.026, "Longitude": -90.081, "UCR_Category": "AGGRAVATED ASSAULT", "UCR_Description": "AGGRAVATED ASSAULT", "NIBRS_Group": "A", "NIBRS_Offense_Group": "CRIMES AGAINST PERSONS", "Part_One_or_Part_Two": 1, "Ward": "226", "Precinct": "RAINES", "Source_ObjectID": "126707", "ObjectId": 1657518}}, {"type": "Feature", "id": 1657519, "geometry": {"type": "Point", "coordinates": [-89.834, 35.038]}, "properties": {"Crime_ID": "2604030685ME", "Offense_Datetime": 1777587840000, "Reported_Datetime": 1777610640000, "Agency_Crime_ID": "THREATENING ELECTRONIC COMMUNICATION/DV", "UCR_Incident_Code": "13C", "Block": 6900, "Street_Name": "RED OAKS CIR", "Street_Address": "6900 RED OAKS CIR", "City": "MEMPHIS", "State": "TN", "ZIP_Code": "38115", "Full_Address": "6900 RED OAKS CIR MEMPHIS TN 38115", "Latitude": 35.038, "Longitude": -89.834, "UCR_Category": "ASSAULT", "UCR_Description": "INTIMIDATION", "NIBRS_Group": "A", "NIBRS_Offense_Group": "CRIMES AGAINST PERSONS", "Part_One_or_Part_Two": 2, "Ward": "924", "Precinct": "RIDGEWAY", "Source_ObjectID": "701511", "ObjectId": 1657519}}, {"type": "Feature", "id": 1657520, "geometry": {"type": "Point", "coordinates": [-89.796, 35.058]}, "properties": {"Crime_ID": "2404022724ME", "Offense_Datetime": 1712372400000, "Reported_Datetime": 1712530980000, "Agency_Crime_ID": "MVT/PASSENGER VEHICLE", "UCR_Incident_Code": "240", "Block": 8000, "Street_Name": "SALISBURY PL", "Street_Address": "8000 SALISBURY PL", "City": "MEMPHIS", "State": "TN", "ZIP_Code": "38119", "Full_Address": "8000 SALISBURY PL MEMPHIS TN 38119", "Latitude": 35.058, "Longitude": -89.796, "UCR_Category": "MOTOR VEHICLE THEFT", "UCR_Description": "MOTOR VEHICLE THEFT", "NIBRS_Group": "A", "NIBRS_Offense_Group": "CRIMES AGAINST PROPERTY", "Part_One_or_Part_Two": 1, "Ward": "926", "Precinct": "RIDGEWAY", "Source_ObjectID": "504250", "ObjectId": 1657520}}, {"type": "Feature", "id": 1657521, "geometry": {"type": "Point", "coordinates": [-89.887, 35.049]}, "properties": {"Crime_ID": "2409028912ME", "Offense_Datetime": 1726995900000, "Reported_Datetime": 1726999680000, "Agency_Crime_ID": "SIMPLE ASSAULT", "UCR_Incident_Code": "13B", "Block": 3600, "Street_Name": "MENDENHALL RD", "Street_Address": "3600 MENDENHALL RD", "City": "MEMPHIS", "State": "TN", "ZIP_Code": "38115", "Full_Address": "3600 MENDENHALL RD MEMPHIS TN 38115", "Latitude": 35.049, "Longitude": -89.887, "UCR_Category": "ASSAULT", "UCR_Description": "SIMPLE ASSAULT", "NIBRS_Group": "A", "NIBRS_Offense_Group": "CRIMES AGAINST PERSONS", "Part_One_or_Part_Two": 2, "Ward": "922", "Precinct": "RIDGEWAY", "Source_ObjectID": "557984", "ObjectId": 1657521}}, {"type": "Feature", "id": 1657522, "geometry": {"type": "Point", "coordinates": [-89.837, 35.022]}, "properties": {"Crime_ID": "2009007189ME", "Offense_Datetime": 1600282140000, "Reported_Datetime": 1600284540000, "Agency_Crime_ID": "FALSE PRETENSES/SWINDLE/CONFIDENCE GAME", "UCR_Incident_Code": "26A", "Block": 4600, "Street_Name": "CHELWOOD DR", "Street_Address": "4600 CHELWOOD DR", "City": "MEMPHIS", "State": "TN", "ZIP_Code": "38141", "Full_Address": "4600 CHELWOOD DR MEMPHIS TN 38141", "Latitude": 35.022, "Longitude": -89.837, "UCR_Category": "FRAUD", "UCR_Description": "FALSE PRETENSES/SWIN/CONF", "NIBRS_Group": "A", "NIBRS_Offense_Group": "CRIMES AGAINST PROPERTY", "Part_One_or_Part_Two": 2, "Ward": "923", "Precinct": "RIDGEWAY", "Source_ObjectID": "112424", "ObjectId": 1657522}}, {"type": "Feature", "id": 1657523, "geometry": {"type": "Point", "coordinates": [-90.044, 35.131]}, "properties": {"Crime_ID": "2601021390ME", "Offense_Datetime": 1767042000000, "Reported_Datetime": 1767635340000, "Agency_Crime_ID": "THEFT FROM MOTOR VEHICLE", "UCR_Incident_Code": "23F", "Block": 400, "Street_Name": "S LAUDERDALE ST", "Street_Address": "400 S LAUDERDALE ST", "City": "MEMPHIS", "State": "TN", "ZIP_Code": "38126", "Full_Address": "400 S LAUDERDALE ST MEMPHIS TN 38126", "Latitude": 35.131, "Longitude": -90.044, "UCR_Category": "LARCENY/THEFT", "UCR_Description": "THEFT FROM A MOTOR VEHICLE", "NIBRS_Group": "A", "NIBRS_Offense_Group": "CRIMES AGAINST PROPERTY", "Part_One_or_Part_Two": 1, "Ward": "621", "Precinct": "NORTH MAIN", "Source_ObjectID": "677416", "ObjectId": 1657523}}, {"type": "Feature", "id": 1657524, "geometry": {"type": "Point", "coordinates": [-89.965, 35.09]}, "properties": {"Crime_ID": "2105005262ME", "Offense_Datetime": 1620927300000, "Reported_Datetime": 1620928860000, "Agency_Crime_ID": "SHOPLIFTING/MISDEMEANOR", "UCR_Incident_Code": "23C", "Block": 2900, "Street_Name": "LAMAR AVE", "Street_Address": "2900 LAMAR AVE", "City": "MEMPHIS", "State": "TN", "ZIP_Code": "38114", "Full_Address": "2900 LAMAR AVE MEMPHIS TN 38114", "Latitude": 35.09, "Longitude": -89.965, "UCR_Category": "LARCENY/THEFT", "UCR_Description": "SHOPLIFTING", "NIBRS_Group": "A", "NIBRS_Offense_Group": "CRIMES AGAINST PROPERTY", "Part_One_or_Part_Two": 1, "Ward": "726", "Precinct": "AIRWAYS", "Source_ObjectID": "173874", "ObjectId": 1657524}}, {"type": "Feature", "id": 1657525, "geometry": {"type": "Point", "coordinates": [-90.009, 35.169]}, "properties": {"Crime_ID": "2504027500ME", "Offense_Datetime": 1745240100000, "Reported_Datetime": 1745242320000, "Agency_Crime_ID": "THEFT FROM BUILDING", "UCR_Incident_Code": "23D", "Block": 1100, "Street_Name": "GARLAND ST", "Street_Address": "1100 GARLAND ST", "City": "MEMPHIS", "State": "TN", "ZIP_Code": "38107", "Full_Address": "1100 GARLAND ST MEMPHIS TN 38107", "Latitude": 35.169, "Longitude": -90.009, "UCR_Category": "LARCENY/THEFT", "UCR_Description": "THEFT FROM A BUILDING", "NIBRS_Group": "A", "NIBRS_Offense_Group": "CRIMES AGAINST PROPERTY", "Part_One_or_Part_Two": 1, "Ward": "425", "Precinct": "CRUMP", "Source_ObjectID": "614995", "ObjectId": 1657525}}, {"type": "Feature", "id": 1657526, "geometry": {"type": "Point", "coordinates": [-90.03, 35.038]}, "properties": {"Crime_ID": "2005001239ME", "Offense_Datetime": 1588266000000, "Reported_Datetime": 1588630440000, "Agency_Crime_ID": "INTIMIDATION/DV", "UCR_Incident_Code": "13C", "Block": 4000, "Street_Name": "EAST WHITEHAVEN PARK CIR", "Street_Address": "4000 EAST WHITEHAVEN PARK CIR", "City": "MEMPHIS", "State": "TN", "ZIP_Code": "38116", "Full_Address": "4000 EAST WHITEHAVEN PARK CIR MEMPHIS TN 38116", "Latitude": 35.038, "Longitude": -90.03, "UCR_Category": "ASSAULT", "UCR_Description": "INTIMIDATION", "NIBRS_Group": "A", "NIBRS_Offense_Group": "CRIMES AGAINST PERSONS", "Part_One_or_Part_Two": 2, "Ward": "223", "Precinct": "RAINES", "Source_ObjectID": "75442", "ObjectId": 1657526}}, {"type": "Feature", "id": 1657527, "geometry": {"type": "Point", "coordinates": [-89.991, 35.01]}, "properties": {"Crime_ID": "2406031775ME", "Offense_Datetime": 1719528000000, "Reported_Datetime": 1719540300000, "Agency_Crime_ID": "MVT/PASSENGER VEHICLE", "UCR_Incident_Code": "240", "Block": 5000, "Street_Name": "SCENIC PINES CT", "Street_Address": "5000 SCENIC PINES CT", "City": "MEMPHIS", "State": "TN", "ZIP_Code": "38116", "Full_Address": "5000 SCENIC PINES CT MEMPHIS TN 38116", "Latitude": 35.01, "Longitude": -89.991, "UCR_Category": "MOTOR VEHICLE THEFT", "UCR_Description": "MOTOR VEHICLE THEFT", "NIBRS_Group": "A", "NIBRS_Offense_Group": "CRIMES AGAINST PROPERTY", "Part_One_or_Part_Two": 1, "Ward": "226", "Precinct": "RAINES", "Source_ObjectID": "531014", "ObjectId": 1657527}}, {"type": "Feature", "id": 1657528, "geometry": {"type": "Point", "coordinates": [-89.914, 35.117]}, "properties": {"Crime_ID": "2203004258ME", "Offense_Datetime": 1646605800000, "Reported_Datetime": 1647016980000, "Agency_Crime_ID": "INTIMIDATION", "UCR_Incident_Code": "13C", "Block": 4400, "Street_Name": "POPLAR AVE", "Street_Address": "4400 POPLAR AVE", "City": "MEMPHIS", "State": "TN", "ZIP_Code": "38117", "Full_Address": "4400 POPLAR AVE MEMPHIS TN 38117", "Latitude": 35.117, "Longitude": -89.914, "UCR_Category": "ASSAULT", "UCR_Description": "INTIMIDATION", "NIBRS_Group": "A", "NIBRS_Offense_Group": "CRIMES AGAINST PERSONS", "Part_One_or_Part_Two": 2, "Ward": "522", "Precinct": "TILLMAN", "Source_ObjectID": "256889", "ObjectId": 1657528}}, {"type": "Feature", "id": 1657529, "geometry": {"type": "Point", "coordinates": [-89.897, 35.158]}, "properties": {"Crime_ID": "2502023287ME", "Offense_Datetime": 1739181600000, "Reported_Datetime": 1739198880000, "Agency_Crime_ID": "VANDALISM/MISDEMEANOR", "UCR_Incident_Code": "290", "Block": 900, "Street_Name": "MENDENHALL RD", "Street_Address": "900 MENDENHALL RD", "City": "MEMPHIS", "State": "TN", "ZIP_Code": "38177", "Full_Address": "900 MENDENHALL RD MEMPHIS TN 38177", "Latitude": 35.158, "Longitude": -89.897, "UCR_Category": "DEST/DAM/VAND OF PROPERTY", "UCR_Description": "DEST/DAM/VAND OF PROPERTY", "NIBRS_Group": "A", "NIBRS_Offense_Group": "CRIMES AGAINST PROPERTY", "Part_One_or_Part_Two": 2, "Ward": "821", "Precinct": "APPLING FARMS", "Source_ObjectID": "597236", "ObjectId": 1657529}}, {"type": "Feature", "id": 1657530, "geometry": {"type": "Point", "coordinates": [-89.983, 35.241]}, "properties": {"Crime_ID": "2012005485ME", "Offense_Datetime": 1607907000000, "Reported_Datetime": 1607909280000, "Agency_Crime_ID": "SIMPLE ASSAULT", "UCR_Incident_Code": "13B", "Block": 2400, "Street_Name": "CHATTERING LN", "Street_Address": "2400 CHATTERING LN", "City": "MEMPHIS", "State": "TN", "ZIP_Code": "38127", "Full_Address": "2400 CHATTERING LN MEMPHIS TN 38127", "Latitude": 35.241, "Longitude": -89.983, "UCR_Category": "ASSAULT", "UCR_Description": "SIMPLE ASSAULT", "NIBRS_Group": "A", "NIBRS_Offense_Group": "CRIMES AGAINST PERSONS", "Part_One_or_Part_Two": 2, "Ward": "123", "Precinct": "AUSTIN PEAY", "Source_ObjectID": "136404", "ObjectId": 1657530}}, {"type": "Feature", "id": 1657531, "geometry": {"type": "Point", "coordinates": [-90.026, 35.212]}, "properties": {"Crime_ID": "2307003224ME", "Offense_Datetime": 1688684400000, "Reported_Datetime": 1688704980000, "Agency_Crime_ID": "VANDALISM/MISDEMEANOR", "UCR_Incident_Code": "290", "Block": 3100, "Street_Name": "MADEWELL DR", "Street_Address": "3100 MADEWELL DR", "City": "MEMPHIS", "State": "TN", "ZIP_Code": "38127", "Full_Address": "3100 MADEWELL DR MEMPHIS TN 38127", "Latitude": 35.212, "Longitude": -90.026, "UCR_Category": "DEST/DAM/VAND OF PROPERTY", "UCR_Description": "DEST/DAM/VAND OF PROPERTY", "NIBRS_Group": "A", "NIBRS_Offense_Group": "CRIMES AGAINST PROPERTY", "Part_One_or_Part_Two": 2, "Ward": "121", "Precinct": "AUSTIN PEAY", "Source_ObjectID": "416818", "ObjectId": 1657531}}, {"type": "Feature", "id": 1657532, "geometry": {"type": "Point", "coordinates": [-89.839, 35.179]}, "properties": {"Crime_ID": "2401021278ME", "Offense_Datetime": 1701878400000, "Reported_Datetime": 1704378300000, "Agency_Crime_ID": "EMBEZZLEMENT", "UCR_Incident_Code": "270", "Block": 6600, "Street_Name": "FLETCHER CREEK CV", "Street_Address": "6600 FLETCHER CREEK CV", "City": "MEMPHIS", "State": "TN", "ZIP_Code": "38133", "Full_Address": "6600 FLETCHER CREEK CV MEMPHIS TN 38133", "Latitude": 35.179, "Longitude": -89.839, "UCR_Category": "EMBEZZLEMENT", "UCR_Description": "EMBEZZLEMENT", "NIBRS_Group": "A", "NIBRS_Offense_Group": "CRIMES AGAINST PROPERTY", "Part_One_or_Part_Two": 2, "Ward": "822", "Precinct": "APPLING FARMS", "Source_ObjectID": "476043", "ObjectId": 1657532}}, {"type": "Feature", "id": 1657533, "geometry": {"type": "Point", "coordinates": [-90.027, 35.118]}, "properties": {"Crime_ID": "2505025200ME", "Offense_Datetime": 1747238400000, "Reported_Datetime": 1747239900000, "Agency_Crime_ID": "INTIMIDATION/DV", "UCR_Incident_Code": "13C", "Block": 1000, "Street_Name": "CUMMINGS ST", "Street_Address": "1000 CUMMINGS ST", "City": "MEMPHIS", "State": "TN", "ZIP_Code": "38106", "Full_Address": "1000 CUMMINGS ST MEMPHIS TN 38106", "Latitude": 35.118, "Longitude": -90.027, "UCR_Category": "ASSAULT", "UCR_Description": "INTIMIDATION", "NIBRS_Group": "A", "NIBRS_Offense_Group": "CRIMES AGAINST PERSONS", "Part_One_or_Part_Two": 2, "Ward": "422", "Precinct": "CRUMP", "Source_ObjectID": "621690", "ObjectId": 1657533}}, {"type": "Feature", "id": 1657534, "geometry": {"type": "Point", "coordinates": [-90.033, 35.062]}, "properties": {"Crime_ID": "2010006113ME", "Offense_Datetime": 1602738000000, "Reported_Datetime": 1602746340000, "Agency_Crime_ID": "THEFT FROM MOTOR VEHICLE", "UCR_Incident_Code": "23F", "Block": 900, "Street_Name": "E BROOKS", "Street_Address": "900 E BROOKS", "City": "MEMPHIS", "State": "TN", "ZIP_Code": "38116", "Full_Address": "900 E BROOKS MEMPHIS TN 38116", "Latitude": 35.062, "Longitude": -90.033, "UCR_Category": "LARCENY/THEFT", "UCR_Description": "THEFT FROM A MOTOR VEHICLE", "NIBRS_Group": "A", "NIBRS_Offense_Group": "CRIMES AGAINST PROPERTY", "Part_One_or_Part_Two": 1, "Ward": "224", "Precinct": "RAINES", "Source_ObjectID": "120295", "ObjectId": 1657534}}, {"type": "Feature", "id": 1657535, "geometry": {"type": "Point", "coordinates": [-89.788, 35.175]}, "properties": {"Crime_ID": "2401030277ME", "Offense_Datetime": 1706583600000, "Reported_Datetime": 1706596680000, "Agency_Crime_ID": "MVT/PASSENGER VEHICLE", "UCR_Incident_Code": "240", "Block": 1800, "Street_Name": "WOLFCHASE CIR", "Street_Address": "1800 WOLFCHASE CIR", "City": "MEMPHIS", "State": "TN", "ZIP_Code": "38016", "Full_Address": "1800 WOLFCHASE CIR MEMPHIS TN 38016", "Latitude": 35.175, "Longitude": -89.788, "UCR_Category": "MOTOR VEHICLE THEFT", "UCR_Description": "MOTOR VEHICLE THEFT", "NIBRS_Group": "A", "NIBRS_Offense_Group": "CRIMES AGAINST PROPERTY", "Part_One_or_Part_Two": 1, "Ward": "826", "Precinct": "APPLING FARMS", "Source_ObjectID": "484164", "ObjectId": 1657535}}, {"type": "Feature", "id": 1657536, "geometry": {"type": "Point", "coordinates": [-89.921, 35.046]}, "properties": {"Crime_ID": "2409024270ME", "Offense_Datetime": 1726044600000, "Reported_Datetime": 1726046220000, "Agency_Crime_ID": "DRUG EQUIPMENT VIOLATION", "UCR_Incident_Code": "35B", "Block": 4200, "Street_Name": "PIDGEON ROOST RD", "Street_Address": "4200 PIDGEON ROOST RD", "City": "MEMPHIS", "State": "TN", "ZIP_Code": "38115", "Full_Address": "4200 PIDGEON ROOST RD MEMPHIS TN 38115", "Latitude": 35.046, "Longitude": -89.921, "UCR_Category": "DRUG/NARCOTIC", "UCR_Description": "DRUG/NARCOTIC EQUIQ VIOL", "NIBRS_Group": "A", "NIBRS_Offense_Group": "CRIMES AGAINST SOCIETY", "Part_One_or_Part_Two": 2, "Ward": "922", "Precinct": "RIDGEWAY", "Source_ObjectID": "554665", "ObjectId": 1657536}}, {"type": "Feature", "id": 1657537, "geometry": {"type": "Point", "coordinates": [-89.981, 35.21]}, "properties": {"Crime_ID": "2202006315ME", "Offense_Datetime": 1644990000000, "Reported_Datetime": 1644990900000, "Agency_Crime_ID": "AGGRAVATED ASSAULT", "UCR_Incident_Code": "13A", "Block": 2400, "Street_Name": "BREWSTER AVE", "Street_Address": "2400 BREWSTER AVE", "City": "MEMPHIS", "State": "TN", "ZIP_Code": "38127", "Full_Address": "2400 BREWSTER AVE MEMPHIS TN 38127", "Latitude": 35.21, "Longitude": -89.981, "UCR_Category": "AGGRAVATED ASSAULT", "UCR_Description": "AGGRAVATED ASSAULT", "NIBRS_Group": "A", "NIBRS_Offense_Group": "CRIMES AGAINST PERSONS", "Part_One_or_Part_Two": 1, "Ward": "122", "Precinct": "AUSTIN PEAY", "Source_ObjectID": "251171", "ObjectId": 1657537}}, {"type": "Feature", "id": 1657538, "geometry": {"type": "Point", "coordinates": [-89.965, 35.086]}, "properties": {"Crime_ID": "2507021288ME", "Offense_Datetime": 1751623860000, "Reported_Datetime": 1751630760000, "Agency_Crime_ID": "SIMPLE ASSAULT/DV", "UCR_Incident_Code": "13B", "Block": 2900, "Street_Name": "MONTAGUE CV", "Street_Address": "2900 MONTAGUE CV", "City": "MEMPHIS", "State": "TN", "ZIP_Code": "38114", "Full_Address": "2900 MONTAGUE CV MEMPHIS TN 38114", "Latitude": 35.086, "Longitude": -89.965, "UCR_Category": "ASSAULT", "UCR_Description": "SIMPLE ASSAULT", "NIBRS_Group": "A", "NIBRS_Offense_Group": "CRIMES AGAINST PERSONS", "Part_One_or_Part_Two": 2, "Ward": "726", "Precinct": "AIRWAYS", "Source_ObjectID": "635564", "ObjectId": 1657538}}, {"type": "Feature", "id": 1657539, "geometry": {"type": "Point", "coordinates": [-89.878, 35.182]}, "properties": {"Crime_ID": "2312031435ME", "Offense_Datetime": 1703820600000, "Reported_Datetime": 1703907720000, "Agency_Crime_ID": "THEFT FROM MOTOR VEHICLE", "UCR_Incident_Code": "23F", "Block": 5500, "Street_Name": "SWEET GUM DR", "Street_Address": "5500 SWEET GUM DR", "City": "MEMPHIS", "State": "TN", "ZIP_Code": "38134", "Full_Address": "5500 SWEET GUM DR MEMPHIS TN 38134", "Latitude": 35.182, "Longitude": -89.878, "UCR_Category": "LARCENY/THEFT", "UCR_Description": "THEFT FROM A MOTOR VEHICLE", "NIBRS_Group": "A", "NIBRS_Offense_Group": "CRIMES AGAINST PROPERTY", "Part_One_or_Part_Two": 1, "Ward": "822", "Precinct": "APPLING FARMS", "Source_ObjectID": "475263", "ObjectId": 1657539}}, {"type": "Feature", "id": 1657540, "geometry": {"type": "Point", "coordinates": [-89.907, 35.054]}, "properties": {"Crime_ID": "2006003041ME", "Offense_Datetime": 1591662900000, "Reported_Datetime": 1591663740000, "Agency_Crime_ID": "DRUGS/NARCOTICS VIOLATION/MISDEMEANOR", "UCR_Incident_Code": "35A", "Block": 3400, "Street_Name": "S PERKINS RD", "Street_Address": "3400 S PERKINS RD", "City": "MEMPHIS", "State": "TN", "ZIP_Code": "38118", "Full_Address": "3400 S PERKINS RD MEMPHIS TN 38118", "Latitude": 35.054, "Longitude": -89.907, "UCR_Category": "DRUG/NARCOTIC", "UCR_Description": "DRUG/NARCOTIC VIOLS", "NIBRS_Group": "A", "NIBRS_Offense_Group": "CRIMES AGAINST SOCIETY", "Part_One_or_Part_Two": 2, "Ward": "325", "Precinct": "MT MORIAH", "Source_ObjectID": "85097", "ObjectId": 1657540}}, {"type": "Feature", "id": 1657541, "geometry": {"type": "Point", "coordinates": [-90.049, 35.102]}, "properties": {"Crime_ID": "2307012529ME", "Offense_Datetime": 1690110000000, "Reported_Datetime": 1690116480000, "Agency_Crime_ID": "SIMPLE ASSAULT/DV", "UCR_Incident_Code": "13B", "Block": 1600, "Street_Name": "CAMERON ST", "Street_Address": "1600 CAMERON ST", "City": "MEMPHIS", "State": "TN", "ZIP_Code": "38106", "Full_Address": "1600 CAMERON ST MEMPHIS TN 38106", "Latitude": 35.102, "Longitude": -90.049, "UCR_Category": "ASSAULT", "UCR_Description": "SIMPLE ASSAULT", "NIBRS_Group": "A", "NIBRS_Offense_Group": "CRIMES AGAINST PERSONS", "Part_One_or_Part_Two": 2, "Ward": "722", "Precinct": "AIRWAYS", "Source_ObjectID": "422713", "ObjectId": 1657541}}, {"type": "Feature", "id": 1657542, "geometry": {"type": "Point", "coordinates": [-90.001, 35.161]}, "properties": {"Crime_ID": "2107013643ME", "Offense_Datetime": 1627740900000, "Reported_Datetime": 1627745280000, "Agency_Crime_ID": "SHOPLIFTING/MISDEMEANOR", "UCR_Incident_Code": "23C", "Block": 1600, "Street_Name": "JACKSON AVE", "Street_Address": "1600 JACKSON AVE", "City": "MEMPHIS", "State": "TN", "ZIP_Code": "38107", "Full_Address": "1600 JACKSON AVE MEMPHIS TN 38107", "Latitude": 35.161, "Longitude": -90.001, "UCR_Category": "LARCENY/THEFT", "UCR_Description": "SHOPLIFTING", "NIBRS_Group": "A", "NIBRS_Offense_Group": "CRIMES AGAINST PROPERTY", "Part_One_or_Part_Two": 1, "Ward": "425", "Precinct": "CRUMP", "Source_ObjectID": "196036", "ObjectId": 1657542}}, {"type": "Feature", "id": 1657543, "geometry": {"type": "Point", "coordinates": [-90.059, 35.031]}, "properties": {"Crime_ID": "2409028738ME", "Offense_Datetime": 1726948800000, "Reported_Datetime": 1726955460000, "Agency_Crime_ID": "AGGRAVATED ASSAULT", "UCR_Incident_Code": "13A", "Block": 100, "Street_Name": "SHOFNER AVE", "Street_Address": "100 SHOFNER AVE", "City": "MEMPHIS", "State": "TN", "ZIP_Code": "38116", "Full_Address": "100 SHOFNER AVE MEMPHIS TN 38116", "Latitude": 35.031, "Longitude": -90.059, "UCR_Category": "AGGRAVATED ASSAULT", "UCR_Description": "AGGRAVATED ASSAULT", "NIBRS_Group": "A", "NIBRS_Offense_Group": "CRIMES AGAINST PERSONS", "Part_One_or_Part_Two": 1, "Ward": "223", "Precinct": "RAINES", "Source_ObjectID": "557836", "ObjectId": 1657543}}, {"type": "Feature", "id": 1657544, "geometry": {"type": "Point", "coordinates": [-89.991, 35.012]}, "properties": {"Crime_ID": "2201012541ME", "Offense_Datetime": 1643605200000, "Reported_Datetime": 1643652420000, "Agency_Crime_ID": "MVT/PASSENGER VEHICLE", "UCR_Incident_Code": "240", "Block": 2800, "Street_Name": "MCKELLAR WOODS CT", "Street_Address": "2800 MCKELLAR WOODS CT", "City": "MEMPHIS", "State": "TN", "ZIP_Code": "38116", "Full_Address": "2800 MCKELLAR WOODS CT MEMPHIS TN 38116", "Latitude": 35.012, "Longitude": -89.991, "UCR_Category": "MOTOR VEHICLE THEFT", "UCR_Description": "MOTOR VEHICLE THEFT", "NIBRS_Group": "A", "NIBRS_Offense_Group": "CRIMES AGAINST PROPERTY", "Part_One_or_Part_Two": 1, "Ward": "226", "Precinct": "RAINES", "Source_ObjectID": "247029", "ObjectId": 1657544}}, {"type": "Feature", "id": 1657545, "geometry": {"type": "Point", "coordinates": [-90.088, 35.021]}, "properties": {"Crime_ID": "2212014565ME", "Offense_Datetime": 1672533720000, "Reported_Datetime": 1672534740000, "Agency_Crime_ID": "DRUGS/NARCOTICS VIOLATION/MISDEMEANOR", "UCR_Incident_Code": "35A", "Block": 4600, "Street_Name": "S HIGHWAY 61", "Street_Address": "4600 S HIGHWAY 61", "City": "MEMPHIS", "State": "TN", "ZIP_Code": "38109", "Full_Address": "4600 S HIGHWAY 61 MEMPHIS TN 38109", "Latitude": 35.021, "Longitude": -90.088, "UCR_Category": "DRUG/NARCOTIC", "UCR_Description": "DRUG/NARCOTIC VIOLS", "NIBRS_Group": "A", "NIBRS_Offense_Group": "CRIMES AGAINST SOCIETY", "Part_One_or_Part_Two": 2, "Ward": "221", "Precinct": "RAINES", "Source_ObjectID": "351832", "ObjectId": 1657545}}, {"type": "Feature", "id": 1657546, "geometry": {"type": "Point", "coordinates": [-89.91, 35.08]}, "properties": {"Crime_ID": "2301011330ME", "Offense_Datetime": 1674360000000, "Reported_Datetime": 1674416940000, "Agency_Crime_ID": "THEFT FROM MOTOR VEHICLE", "UCR_Incident_Code": "23F", "Block": 1800, "Street_Name": "DORRIE LN", "Street_Address": "1800 DORRIE LN", "City": "MEMPHIS", "State": "TN", "ZIP_Code": "38117", "Full_Address": "1800 DORRIE LN MEMPHIS TN 38117", "Latitude": 35.08, "Longitude": -89.91, "UCR_Category": "LARCENY/THEFT", "UCR_Description": "THEFT FROM A MOTOR VEHICLE", "NIBRS_Group": "A", "NIBRS_Offense_Group": "CRIMES AGAINST PROPERTY", "Part_One_or_Part_Two": 1, "Ward": "323", "Precinct": "MT MORIAH", "Source_ObjectID": "360110", "ObjectId": 1657546}}, {"type": "Feature", "id": 1657547, "geometry": {"type": "Point", "coordinates": [-89.856, 35.163]}, "properties": {"Crime_ID": "2204008652ME", "Offense_Datetime": 1650452220000, "Reported_Datetime": 1650452580000, "Agency_Crime_ID": "DRUGS/NARCOTICS VIOLATION/FELONY", "UCR_Incident_Code": "35A", "Block": 6200, "Street_Name": "MACON RD", "Street_Address": "6200 MACON RD", "City": "MEMPHIS", "State": "TN", "ZIP_Code": "38134", "Full_Address": "6200 MACON RD MEMPHIS TN 38134", "Latitude": 35.163, "Longitude": -89.856, "UCR_Category": "DRUG/NARCOTIC", "UCR_Description": "DRUG/NARCOTIC VIOLS", "NIBRS_Group": "A", "NIBRS_Offense_Group": "CRIMES AGAINST SOCIETY", "Part_One_or_Part_Two": 2, "Ward": "822", "Precinct": "APPLING FARMS", "Source_ObjectID": "268164", "ObjectId": 1657547}}, {"type": "Feature", "id": 1657549, "geometry": {"type": "Point", "coordinates": [-89.916, 35.163]}, "properties": {"Crime_ID": "2211013736ME", "Offense_Datetime": 1669685400000, "Reported_Datetime": 1669688160000, "Agency_Crime_ID": "SIMPLE ASSAULT/DV", "UCR_Incident_Code": "13B", "Block": 1100, "Street_Name": "WEINER RD", "Street_Address": "1100 WEINER RD", "City": "MEMPHIS", "State": "TN", "ZIP_Code": "38122", "Full_Address": "1100 WEINER RD MEMPHIS TN 38122", "Latitude": 35.163, "Longitude": -89.916, "UCR_Category": "ASSAULT", "UCR_Description": "SIMPLE ASSAULT", "NIBRS_Group": "A", "NIBRS_Offense_Group": "CRIMES AGAINST PERSONS", "Part_One_or_Part_Two": 2, "Ward": "525", "Precinct": "TILLMAN", "Source_ObjectID": "341133", "ObjectId": 1657549}}, {"type": "Feature", "id": 1657550, "geometry": {"type": "Point", "coordinates": [-89.971, 35.144]}, "properties": {"Crime_ID": "2402029472ME", "Offense_Datetime": 1708770540000, "Reported_Datetime": 1708770540000, "Agency_Crime_ID": "BURGLARY/BUSINESS", "UCR_Incident_Code": "220", "Block": 2600, "Street_Name": "YALE AVE", "Street_Address": "2600 YALE AVE", "City": "MEMPHIS", "State": "TN", "ZIP_Code": "38112", "Full_Address": "2600 YALE AVE MEMPHIS TN 38112", "Latitude": 35.144, "Longitude": -89.971, "UCR_Category": "BURG/BREAK & ENTER", "UCR_Description": "BURG/BREAK & ENTER", "NIBRS_Group": "A", "NIBRS_Offense_Group": "CRIMES AGAINST PROPERTY", "Part_One_or_Part_Two": 1, "Ward": "523", "Precinct": "TILLMAN", "Source_ObjectID": "491664", "ObjectId": 1657550}}, {"type": "Feature", "id": 1657551, "geometry": {"type": "Point", "coordinates": [-89.866, 35.034]}, "properties": {"Crime_ID": "2011001426ME", "Offense_Datetime": 1604499840000, "Reported_Datetime": 1604503320000, "Agency_Crime_ID": "AGGRAVATED ASSAULT", "UCR_Incident_Code": "13A", "Block": 5900, "Street_Name": "E RAINES RD", "Street_Address": "5900 E RAINES RD", "City": "MEMPHIS", "State": "TN", "ZIP_Code": "38115", "Full_Address": "5900 E RAINES RD MEMPHIS TN 38115", "Latitude": 35.034, "Longitude": -89.866, "UCR_Category": "AGGRAVATED ASSAULT", "UCR_Description": "AGGRAVATED ASSAULT", "NIBRS_Group": "A", "NIBRS_Offense_Group": "CRIMES AGAINST PERSONS", "Part_One_or_Part_Two": 1, "Ward": "923", "Precinct": "RIDGEWAY", "Source_ObjectID": "125659", "ObjectId": 1657551}}, {"type": "Feature", "id": 1657552, "geometry": {"type": "Point", "coordinates": [-89.86, 35.163]}, "properties": {"Crime_ID": "2005012328ME", "Offense_Datetime": 1590915180000, "Reported_Datetime": 1590917400000, "Agency_Crime_ID": "WEAPON LAW VIOLATIONS/FELONY", "UCR_Incident_Code": "520", "Block": 0, "Street_Name": "SYCAMORE VIEW//MACON CV", "Street_Address": " SYCAMORE VIEW//MACON CV", "City": "MEMPHIS", "State": "TN", "ZIP_Code": "38134", "Full_Address": " SYCAMORE VIEW//MACON CV MEMPHIS TN 38134", "Latitude": 35.163, "Longitude": -89.86, "UCR_Category": "WEAPON LAW VIOLATION", "UCR_Description": "WEAPON LAW VIOL", "NIBRS_Group": "A", "NIBRS_Offense_Group": "CRIMES AGAINST SOCIETY", "Part_One_or_Part_Two": 2, "Ward": "822", "Precinct": "APPLING FARMS", "Source_ObjectID": "82821", "ObjectId": 1657552}}, {"type": "Feature", "id": 1657553, "geometry": {"type": "Point", "coordinates": [-90.001, 35.145]}, "properties": {"Crime_ID": "2006000414ME", "Offense_Datetime": 1591060800000, "Reported_Datetime": 1591062540000, "Agency_Crime_ID": "VANDALISM/MISDEMEANOR", "UCR_Incident_Code": "290", "Block": 200, "Street_Name": "N AUBURNDALE ST", "Street_Address": "200 N AUBURNDALE ST", "City": "MEMPHIS", "State": "TN", "ZIP_Code": "38112", "Full_Address": "200 N AUBURNDALE ST MEMPHIS TN 38112", "Latitude": 35.145, "Longitude": -90.001, "UCR_Category": "DEST/DAM/VAND OF PROPERTY", "UCR_Description": "DEST/DAM/VAND OF PROPERTY", "NIBRS_Group": "A", "NIBRS_Offense_Group": "CRIMES AGAINST PROPERTY", "Part_One_or_Part_Two": 2, "Ward": "424", "Precinct": "CRUMP", "Source_ObjectID": "83313", "ObjectId": 1657553}}, {"type": "Feature", "id": 1657554, "geometry": {"type": "Point", "coordinates": [-90.008, 35.079]}, "properties": {"Crime_ID": "2407030560ME", "Offense_Datetime": 1721910540000, "Reported_Datetime": 1721911380000, "Agency_Crime_ID": "WEAPON LAW VIOLATIONS/FELONY", "UCR_Incident_Code": "520", "Block": 2400, "Street_Name": "BRIDGEPORT DR", "Street_Address": "2400 BRIDGEPORT DR", "City": "MEMPHIS", "State": "TN", "ZIP_Code": "38114", "Full_Address": "2400 BRIDGEPORT DR MEMPHIS TN 38114", "Latitude": 35.079, "Longitude": -90.008, "UCR_Category": "WEAPON LAW VIOLATION", "UCR_Description": "WEAPON LAW VIOL", "NIBRS_Group": "A", "NIBRS_Offense_Group": "CRIMES AGAINST SOCIETY", "Part_One_or_Part_Two": 2, "Ward": "724", "Precinct": "AIRWAYS", "Source_ObjectID": "540073", "ObjectId": 1657554}}, {"type": "Feature", "id": 1657555, "geometry": {"type": "Point", "coordinates": [-90.113, 35.03]}, "properties": {"Crime_ID": "2003004086ME", "Offense_Datetime": 1583269200000, "Reported_Datetime": 1583832600000, "Agency_Crime_ID": "VANDALISM/MISDEMEANOR", "UCR_Incident_Code": "290", "Block": 1400, "Street_Name": "WESTERN PARK DR", "Street_Address": "1400 WESTERN PARK DR", "City": "MEMPHIS", "State": "TN", "ZIP_Code": "38109", "Full_Address": "1400 WESTERN PARK DR MEMPHIS TN 38109", "Latitude": 35.03, "Longitude": -90.113, "UCR_Category": "DEST/DAM/VAND OF PROPERTY", "UCR_Description": "DEST/DAM/VAND OF PROPERTY", "NIBRS_Group": "A", "NIBRS_Offense_Group": "CRIMES AGAINST PROPERTY", "Part_One_or_Part_Two": 2, "Ward": "221", "Precinct": "RAINES", "Source_ObjectID": "61716", "ObjectId": 1657555}}, {"type": "Feature", "id": 1657557, "geometry": {"type": "Point", "coordinates": [-90.018, 35.034]}, "properties": {"Crime_ID": "2501028253ME", "Offense_Datetime": 1737757500000, "Reported_Datetime": 1737763320000, "Agency_Crime_ID": "STOLEN PROPERTY OFFENSE", "UCR_Incident_Code": "280", "Block": 1300, "Street_Name": "SOUTH WIND DR", "Street_Address": "1300 SOUTH WIND DR", "City": "MEMPHIS", "State": "TN", "ZIP_Code": "38116", "Full_Address": "1300 SOUTH WIND DR MEMPHIS TN 38116", "Latitude": 35.034, "Longitude": -90.018, "UCR_Category": "STOLEN PROPERTY", "UCR_Description": "STOLEN PROPERTY", "NIBRS_Group": "A", "NIBRS_Offense_Group": "CRIMES AGAINST PROPERTY", "Part_One_or_Part_Two": 2, "Ward": "OCU", "Precinct": "OCU", "Source_ObjectID": "592929", "ObjectId": 1657557}}, {"type": "Feature", "id": 1657558, "geometry": {"type": "Point", "coordinates": [-90.001, 35.141]}, "properties": {"Crime_ID": "2204005706ME", "Offense_Datetime": 1649898000000, "Reported_Datetime": 1649899560000, "Agency_Crime_ID": "THEFT FROM BUILDING", "UCR_Incident_Code": "23D", "Block": 100, "Street_Name": "AUBURNDALE ST", "Street_Address": "100 AUBURNDALE ST", "City": "MEMPHIS", "State": "TN", "ZIP_Code": "38104", "Full_Address": "100 AUBURNDALE ST MEMPHIS TN 38104", "Latitude": 35.141, "Longitude": -90.001, "UCR_Category": "LARCENY/THEFT", "UCR_Description": "THEFT FROM A BUILDING", "NIBRS_Group": "A", "NIBRS_Offense_Group": "CRIMES AGAINST PROPERTY", "Part_One_or_Part_Two": 1, "Ward": "424", "Precinct": "CRUMP", "Source_ObjectID": "266337", "ObjectId": 1657558}}, {"type": "Feature", "id": 1657559, "geometry": {"type": "Point", "coordinates": [-90.001, 35.081]}, "properties": {"Crime_ID": "2212003745ME", "Offense_Datetime": 1670526000000, "Reported_Datetime": 1670553840000, "Agency_Crime_ID": "OTHER THEFT/NON-SPECIFIC", "UCR_Incident_Code": "23H", "Block": 1800, "Street_Name": "BALL RD", "Street_Address": "1800 BALL RD", "City": "MEMPHIS", "State": "TN", "ZIP_Code": "38114", "Full_Address": "1800 BALL RD MEMPHIS TN 38114", "Latitude": 35.081, "Longitude": -90.001, "UCR_Category": "LARCENY/THEFT", "UCR_Description": "ALL OTHER LARCENY", "NIBRS_Group": "A", "NIBRS_Offense_Group": "CRIMES AGAINST PROPERTY", "Part_One_or_Part_Two": 1, "Ward": "724", "Precinct": "AIRWAYS", "Source_ObjectID": "344434", "ObjectId": 1657559}}, {"type": "Feature", "id": 1657560, "geometry": {"type": "Point", "coordinates": [-90.03, 35.213]}, "properties": {"Crime_ID": "2501023086ME", "Offense_Datetime": 1736443200000, "Reported_Datetime": 1736446320000, "Agency_Crime_ID": "INTIMIDATION", "UCR_Incident_Code": "13C", "Block": 3100, "Street_Name": "THOMAS ST", "Street_Address": "3100 THOMAS ST", "City": "MEMPHIS", "State": "TN", "ZIP_Code": "38127", "Full_Address": "3100 THOMAS ST MEMPHIS TN 38127", "Latitude": 35.213, "Longitude": -90.03, "UCR_Category": "ASSAULT", "UCR_Description": "INTIMIDATION", "NIBRS_Group": "A", "NIBRS_Offense_Group": "CRIMES AGAINST PERSONS", "Part_One_or_Part_Two": 2, "Ward": "121", "Precinct": "AUSTIN PEAY", "Source_ObjectID": "589359", "ObjectId": 1657560}}, {"type": "Feature", "id": 1657561, "geometry": {"type": "Point", "coordinates": [-89.991, 35.111]}, "properties": {"Crime_ID": "2307009286ME", "Offense_Datetime": 1689613200000, "Reported_Datetime": 1689617160000, "Agency_Crime_ID": "AGGRAVATED ASSAULT", "UCR_Incident_Code": "13A", "Block": 2100, "Street_Name": "LAMAR AVE", "Street_Address": "2100 LAMAR AVE", "City": "MEMPHIS", "State": "TN", "ZIP_Code": "38114", "Full_Address": "2100 LAMAR AVE MEMPHIS TN 38114", "Latitude": 35.111, "Longitude": -89.991, "UCR_Category": "AGGRAVATED ASSAULT", "UCR_Description": "AGGRAVATED ASSAULT", "NIBRS_Group": "A", "NIBRS_Offense_Group": "CRIMES AGAINST PERSONS", "Part_One_or_Part_Two": 1, "Ward": "424", "Precinct": "CRUMP", "Source_ObjectID": "420708", "ObjectId": 1657561}}, {"type": "Feature", "id": 1657562, "geometry": {"type": "Point", "coordinates": [-89.991, 35.122]}, "properties": {"Crime_ID": "2109011177ME", "Offense_Datetime": 1632529800000, "Reported_Datetime": 1632532560000, "Agency_Crime_ID": "OTHER THEFT/NON-SPECIFIC", "UCR_Incident_Code": "23H", "Block": 800, "Street_Name": "COOPER ST", "Street_Address": "800 COOPER ST", "City": "MEMPHIS", "State": "TN", "ZIP_Code": "38104", "Full_Address": "800 COOPER ST MEMPHIS TN 38104", "Latitude": 35.122, "Longitude": -89.991, "UCR_Category": "LARCENY/THEFT", "UCR_Description": "ALL OTHER LARCENY", "NIBRS_Group": "A", "NIBRS_Offense_Group": "CRIMES AGAINST PROPERTY", "Part_One_or_Part_Two": 1, "Ward": "424", "Precinct": "CRUMP", "Source_ObjectID": "211433", "ObjectId": 1657562}}, {"type": "Feature", "id": 1657563, "geometry": {"type": "Point", "coordinates": [-89.989, 35.165]}, "properties": {"Crime_ID": "2007003858ME", "Offense_Datetime": 1594362600000, "Reported_Datetime": 1594365000000, "Agency_Crime_ID": "VANDALISM/MISDEMEANOR", "UCR_Incident_Code": "290", "Block": 1000, "Street_Name": "OAKMONT PL", "Street_Address": "1000 OAKMONT PL", "City": "MEMPHIS", "State": "TN", "ZIP_Code": "38107", "Full_Address": "1000 OAKMONT PL MEMPHIS TN 38107", "Latitude": 35.165, "Longitude": -89.989, "UCR_Category": "DEST/DAM/VAND OF PROPERTY", "UCR_Description": "DEST/DAM/VAND OF PROPERTY", "NIBRS_Group": "A", "NIBRS_Offense_Group": "CRIMES AGAINST PROPERTY", "Part_One_or_Part_Two": 2, "Ward": "426", "Precinct": "CRUMP", "Source_ObjectID": "93812", "ObjectId": 1657563}}, {"type": "Feature", "id": 1657564, "geometry": {"type": "Point", "coordinates": [-89.846, 35.099]}, "properties": {"Crime_ID": "2401020052ME", "Offense_Datetime": 1704097860000, "Reported_Datetime": 1704100920000, "Agency_Crime_ID": "BURGLARY/BUSINESS", "UCR_Incident_Code": "220", "Block": 6500, "Street_Name": "POPLAR AVE", "Street_Address": "6500 POPLAR AVE", "City": "MEMPHIS", "State": "TN", "ZIP_Code": "38119", "Full_Address": "6500 POPLAR AVE MEMPHIS TN 38119", "Latitude": 35.099, "Longitude": -89.846, "UCR_Category": "BURG/BREAK & ENTER", "UCR_Description": "BURG/BREAK & ENTER", "NIBRS_Group": "A", "NIBRS_Offense_Group": "CRIMES AGAINST PROPERTY", "Part_One_or_Part_Two": 1, "Ward": "823", "Precinct": "APPLING FARMS", "Source_ObjectID": "477107", "ObjectId": 1657564}}, {"type": "Feature", "id": 1657565, "geometry": {"type": "Point", "coordinates": [-90.018, 35.002]}, "properties": {"Crime_ID": "2003011968ME", "Offense_Datetime": 1585539720000, "Reported_Datetime": 1585539720000, "Agency_Crime_ID": "INTIMIDATION/DV", "UCR_Incident_Code": "13C", "Block": 1300, "Street_Name": "APERNATHY RD", "Street_Address": "1300 APERNATHY RD", "City": "MEMPHIS", "State": "TN", "ZIP_Code": "38116", "Full_Address": "1300 APERNATHY RD MEMPHIS TN 38116", "Latitude": 35.002, "Longitude": -90.018, "UCR_Category": "ASSAULT", "UCR_Description": "INTIMIDATION", "NIBRS_Group": "A", "NIBRS_Offense_Group": "CRIMES AGAINST PERSONS", "Part_One_or_Part_Two": 2, "Ward": "226", "Precinct": "RAINES", "Source_ObjectID": "66646", "ObjectId": 1657565}}, {"type": "Feature", "id": 1657566, "geometry": {"type": "Point", "coordinates": [-89.972, 35.139]}, "properties": {"Crime_ID": "2104012196ME", "Offense_Datetime": 1619655900000, "Reported_Datetime": 1619705220000, "Agency_Crime_ID": "VANDALISM/FELONY", "UCR_Incident_Code": "290", "Block": 100, "Street_Name": "COLLINS ST", "Street_Address": "100 COLLINS ST", "City": "MEMPHIS", "State": "TN", "ZIP_Code": "38112", "Full_Address": "100 COLLINS ST MEMPHIS TN 38112", "Latitude": 35.139, "Longitude": -89.972, "UCR_Category": "DEST/DAM/VAND OF PROPERTY", "UCR_Description": "DEST/DAM/VAND OF PROPERTY", "NIBRS_Group": "A", "NIBRS_Offense_Group": "CRIMES AGAINST PROPERTY", "Part_One_or_Part_Two": 2, "Ward": "523", "Precinct": "TILLMAN", "Source_ObjectID": "170143", "ObjectId": 1657566}}, {"type": "Feature", "id": 1657567, "geometry": {"type": "Point", "coordinates": [-89.996, 35.235]}, "properties": {"Crime_ID": "2402022514ME", "Offense_Datetime": 1707265800000, "Reported_Datetime": 1707319080000, "Agency_Crime_ID": "MVT/PASSENGER VEHICLE", "UCR_Incident_Code": "240", "Block": 3900, "Street_Name": "DENVER ST", "Street_Address": "3900 DENVER ST", "City": "MEMPHIS", "State": "TN", "ZIP_Code": "38127", "Full_Address": "3900 DENVER ST MEMPHIS TN 38127", "Latitude": 35.235, "Longitude": -89.996, "UCR_Category": "MOTOR VEHICLE THEFT", "UCR_Description": "MOTOR VEHICLE THEFT", "NIBRS_Group": "A", "NIBRS_Offense_Group": "CRIMES AGAINST PROPERTY", "Part_One_or_Part_Two": 1, "Ward": "123", "Precinct": "AUSTIN PEAY", "Source_ObjectID": "486607", "ObjectId": 1657567}}, {"type": "Feature", "id": 1657568, "geometry": {"type": "Point", "coordinates": [-89.857, 35.044]}, "properties": {"Crime_ID": "2010010805ME", "Offense_Datetime": 1603656480000, "Reported_Datetime": 1603657260000, "Agency_Crime_ID": "THREATENING PHONE CALL", "UCR_Incident_Code": "13C", "Block": 3800, "Street_Name": "HICKORY FARMS DR", "Street_Address": "3800 HICKORY FARMS DR", "City": "MEMPHIS", "State": "TN", "ZIP_Code": "38118", "Full_Address": "3800 HICKORY FARMS DR MEMPHIS TN 38118", "Latitude": 35.044, "Longitude": -89.857, "UCR_Category": "ASSAULT", "UCR_Description": "INTIMIDATION", "NIBRS_Group": "A", "NIBRS_Offense_Group": "CRIMES AGAINST PERSONS", "Part_One_or_Part_Two": 2, "Ward": "924", "Precinct": "RIDGEWAY", "Source_ObjectID": "123102", "ObjectId": 1657568}}, {"type": "Feature", "id": 1657569, "geometry": {"type": "Point", "coordinates": [-90.015, 35.147]}, "properties": {"Crime_ID": "2408023923ME", "Offense_Datetime": 1723308000000, "Reported_Datetime": 1723310220000, "Agency_Crime_ID": "INTIMIDATION", "UCR_Incident_Code": "13C", "Block": 200, "Street_Name": "CLEVELAND ST", "Street_Address": "200 CLEVELAND ST", "City": "MEMPHIS", "State": "TN", "ZIP_Code": "38114", "Full_Address": "200 CLEVELAND ST MEMPHIS TN 38114", "Latitude": 35.147, "Longitude": -90.015, "UCR_Category": "ASSAULT", "UCR_Description": "INTIMIDATION", "NIBRS_Group": "A", "NIBRS_Offense_Group": "CRIMES AGAINST PERSONS", "Part_One_or_Part_Two": 2, "Ward": "423", "Precinct": "CRUMP", "Source_ObjectID": "545044", "ObjectId": 1657569}}, {"type": "Feature", "id": 1657570, "geometry": {"type": "Point", "coordinates": [-89.886, 35.06]}, "properties": {"Crime_ID": "2206012768ME", "Offense_Datetime": 1656340200000, "Reported_Datetime": 1656340680000, "Agency_Crime_ID": "SIMPLE ASSAULT", "UCR_Incident_Code": "13B", "Block": 3200, "Street_Name": "MENDENHALL RD", "Street_Address": "3200 MENDENHALL RD", "City": "MEMPHIS", "State": "TN", "ZIP_Code": "38118", "Full_Address": "3200 MENDENHALL RD MEMPHIS TN 38118", "Latitude": 35.06, "Longitude": -89.886, "UCR_Category": "ASSAULT", "UCR_Description": "SIMPLE ASSAULT", "NIBRS_Group": "A", "NIBRS_Offense_Group": "CRIMES AGAINST PERSONS", "Part_One_or_Part_Two": 2, "Ward": "325", "Precinct": "MT MORIAH", "Source_ObjectID": "289777", "ObjectId": 1657570}}, {"type": "Feature", "id": 1657571, "geometry": {"type": "Point", "coordinates": [-89.811, 35.048]}, "properties": {"Crime_ID": "2204008456ME", "Offense_Datetime": 1650407700000, "Reported_Datetime": 1650410520000, "Agency_Crime_ID": "SHOPLIFTING/MISDEMEANOR", "UCR_Incident_Code": "23C", "Block": 7500, "Street_Name": "WINCHESTER RD", "Street_Address": "7500 WINCHESTER RD", "City": "MEMPHIS", "State": "TN", "ZIP_Code": "38118", "Full_Address": "7500 WINCHESTER RD MEMPHIS TN 38118", "Latitude": 35.048, "Longitude": -89.811, "UCR_Category": "LARCENY/THEFT", "UCR_Description": "SHOPLIFTING", "NIBRS_Group": "A", "NIBRS_Offense_Group": "CRIMES AGAINST PROPERTY", "Part_One_or_Part_Two": 1, "Ward": "924", "Precinct": "RIDGEWAY", "Source_ObjectID": "268056", "ObjectId": 1657571}}, {"type": "Feature", "id": 1657572, "geometry": {"type": "Point", "coordinates": [-89.993, 35.062]}, "properties": {"Crime_ID": "2003007166ME", "Offense_Datetime": 1584424800000, "Reported_Datetime": 1584452340000, "Agency_Crime_ID": "ROBBERY/INDIVIDUAL", "UCR_Incident_Code": "120", "Block": 3000, "Street_Name": "AIRWAYS BLVD", "Street_Address": "3000 AIRWAYS BLVD", "City": "MEMPHIS", "State": "TN", "ZIP_Code": "38118", "Full_Address": "3000 AIRWAYS BLVD MEMPHIS TN 38118", "Latitude": 35.062, "Longitude": -89.993, "UCR_Category": "ROBBERY", "UCR_Description": "ROBBERY", "NIBRS_Group": "A", "NIBRS_Offense_Group": "CRIMES AGAINST PROPERTY", "Part_One_or_Part_Two": 1, "Ward": "222", "Precinct": "RAINES", "Source_ObjectID": "63534", "ObjectId": 1657572}}, {"type": "Feature", "id": 1657573, "geometry": {"type": "Point", "coordinates": [-89.839, 35.05]}, "properties": {"Crime_ID": "2304004839ME", "Offense_Datetime": 1681162800000, "Reported_Datetime": 1681163340000, "Agency_Crime_ID": "SIMPLE ASSAULT", "UCR_Incident_Code": "13B", "Block": 6700, "Street_Name": "WINCHESTER RD", "Street_Address": "6700 WINCHESTER RD", "City": "MEMPHIS", "State": "TN", "ZIP_Code": "38115", "Full_Address": "6700 WINCHESTER RD MEMPHIS TN 38115", "Latitude": 35.05, "Longitude": -89.839, "UCR_Category": "ASSAULT", "UCR_Description": "SIMPLE ASSAULT", "NIBRS_Group": "A", "NIBRS_Offense_Group": "CRIMES AGAINST PERSONS", "Part_One_or_Part_Two": 2, "Ward": "925", "Precinct": "RIDGEWAY", "Source_ObjectID": "384814", "ObjectId": 1657573}}, {"type": "Feature", "id": 1657574, "geometry": {"type": "Point", "coordinates": [-89.955, 35.149]}, "properties": {"Crime_ID": "2407032743ME", "Offense_Datetime": 1722371400000, "Reported_Datetime": 1722373140000, "Agency_Crime_ID": "THEFT & RECOVERY/PASSENGER VEHICLE", "UCR_Incident_Code": "240", "Block": 3200, "Street_Name": "BROAD AVE", "Street_Address": "3200 BROAD AVE", "City": "MEMPHIS", "State": "TN", "ZIP_Code": "38112", "Full_Address": "3200 BROAD AVE MEMPHIS TN 38112", "Latitude": 35.149, "Longitude": -89.955, "UCR_Category": "MOTOR VEHICLE THEFT", "UCR_Description": "MOTOR VEHICLE THEFT", "NIBRS_Group": "A", "NIBRS_Offense_Group": "CRIMES AGAINST PROPERTY", "Part_One_or_Part_Two": 1, "Ward": "524", "Precinct": "TILLMAN", "Source_ObjectID": "541713", "ObjectId": 1657574}}, {"type": "Feature", "id": 1657575, "geometry": {"type": "Point", "coordinates": [0, 0]}, "properties": {"Crime_ID": "2002005734ME", "Offense_Datetime": 1581616800000, "Reported_Datetime": 1581617580000, "Agency_Crime_ID": "WEAPON LAW VIOLATIONS/FELONY", "UCR_Incident_Code": "520", "Block": 3000, "Street_Name": "SHARPE RD", "Street_Address": "3000 SHARPE RD", "City": "MEMPHIS", "State": "TN", "ZIP_Code": "38111", "Full_Address": "3000 SHARPE RD MEMPHIS TN 38111", "Latitude": 0, "Longitude": 0, "UCR_Category": "WEAPON LAW VIOLATION", "UCR_Description": "WEAPON LAW VIOL", "NIBRS_Group": "A", "NIBRS_Offense_Group": "CRIMES AGAINST SOCIETY", "Part_One_or_Part_Two": 2, "Ward": "726", "Precinct": "AIRWAYS", "Source_ObjectID": "55191", "ObjectId": 1657575}}, {"type": "Feature", "id": 1657576, "geometry": {"type": "Point", "coordinates": [-89.898, 35.212]}, "properties": {"Crime_ID": "2205800020ME", "Offense_Datetime": 1651622400000, "Reported_Datetime": 1651666154000, "Agency_Crime_ID": "THEFT FROM MOTOR VEHICLE", "UCR_Incident_Code": "23F", "Block": 4900, "Street_Name": " CLINCHSTONE CIRCLE", "Street_Address": "4900  CLINCHSTONE CIRCLE", "City": "MEMPHIS", "State": "TN", "ZIP_Code": "38128", "Full_Address": "4900 CLINCHSTONE CIRCLE MEMPHIS TN 38128", "Latitude": 35.212, "Longitude": -89.898, "UCR_Category": "LARCENY/THEFT", "UCR_Description": "THEFT FROM A MOTOR VEHICLE", "NIBRS_Group": "A", "NIBRS_Offense_Group": "CRIMES AGAINST PROPERTY", "Part_One_or_Part_Two": 1, "Ward": "126", "Precinct": "AUSTIN PEAY", "Source_ObjectID": "281276", "ObjectId": 1657576}}, {"type": "Feature", "id": 1657577, "geometry": {"type": "Point", "coordinates": [-90.029, 35.137]}, "properties": {"Crime_ID": "2204013046ME", "Offense_Datetime": 1651237440000, "Reported_Datetime": 1651247880000, "Agency_Crime_ID": "SHOPLIFTING/MISDEMEANOR", "UCR_Incident_Code": "23C", "Block": 900, "Street_Name": "UNION AVE", "Street_Address": "900 UNION AVE", "City": "MEMPHIS", "State": "TN", "ZIP_Code": "38106", "Full_Address": "900 UNION AVE MEMPHIS TN 38106", "Latitude": 35.137, "Longitude": -90.029, "UCR_Category": "LARCENY/THEFT", "UCR_Description": "SHOPLIFTING", "NIBRS_Group": "A", "NIBRS_Offense_Group": "CRIMES AGAINST PROPERTY", "Part_One_or_Part_Two": 1, "Ward": "621", "Precinct": "NORTH MAIN", "Source_ObjectID": "271032", "ObjectId": 1657577}}, {"type": "Feature", "id": 1657578, "geometry": {"type": "Point", "coordinates": [-90.006, 35.111]}, "properties": {"Crime_ID": "2001000988ME", "Offense_Datetime": 1578060000000, "Reported_Datetime": 1578064380000, "Agency_Crime_ID": "CREDIT CARD/ATM FRAUD", "UCR_Incident_Code": "26B", "Block": 1600, "Street_Name": "KENDALE AVE", "Street_Address": "1600 KENDALE AVE", "City": "MEMPHIS", "State": "TN", "ZIP_Code": "38106", "Full_Address": "1600 KENDALE AVE MEMPHIS TN 38106", "Latitude": 35.111, "Longitude": -90.006, "UCR_Category": "FRAUD", "UCR_Description": "CREDIT CARD/ATM FRAUD", "NIBRS_Group": "A", "NIBRS_Offense_Group": "CRIMES AGAINST PROPERTY", "Part_One_or_Part_Two": 2, "Ward": "422", "Precinct": "CRUMP", "Source_ObjectID": "44740", "ObjectId": 1657578}}, {"type": "Feature", "id": 1657579, "geometry": {"type": "Point", "coordinates": [-89.901, 35.155]}, "properties": {"Crime_ID": "2206012798ME", "Offense_Datetime": 1655211600000, "Reported_Datetime": 1656344640000, "Agency_Crime_ID": "FALSE PRETENSES/SWINDLE/CONFIDENCE GAME", "UCR_Incident_Code": "26A", "Block": 4700, "Street_Name": "OWEN AVE", "Street_Address": "4700 OWEN AVE", "City": "MEMPHIS", "State": "TN", "ZIP_Code": "38122", "Full_Address": "4700 OWEN AVE MEMPHIS TN 38122", "Latitude": 35.155, "Longitude": -89.901, "UCR_Category": "FRAUD", "UCR_Description": "FALSE PRETENSES/SWIN/CONF", "NIBRS_Group": "A", "NIBRS_Offense_Group": "CRIMES AGAINST PROPERTY", "Part_One_or_Part_Two": 2, "Ward": "821", "Precinct": "APPLING FARMS", "Source_ObjectID": "289797", "ObjectId": 1657579}}, {"type": "Feature", "id": 1657580, "geometry": {"type": "Point", "coordinates": [-90.008, 35.072]}, "properties": {"Crime_ID": "2311021603ME", "Offense_Datetime": 1699129800000, "Reported_Datetime": 1699132740000, "Agency_Crime_ID": "AGGRAVATED ASSAULT", "UCR_Incident_Code": "13A", "Block": 200, "Street_Name": "E//MILLBRANCH RD", "Street_Address": "200 E//MILLBRANCH RD", "City": "MEMPHIS", "State": "TN", "ZIP_Code": "38116", "Full_Address": "200 E//MILLBRANCH RD MEMPHIS TN 38116", "Latitude": 35.072, "Longitude": -90.008, "UCR_Category": "AGGRAVATED ASSAULT", "UCR_Description": "AGGRAVATED ASSAULT", "NIBRS_Group": "A", "NIBRS_Offense_Group": "CRIMES AGAINST PERSONS", "Part_One_or_Part_Two": 1, "Ward": "224", "Precinct": "RAINES", "Source_ObjectID": "458511", "ObjectId": 1657580}}, {"type": "Feature", "id": 1657581, "geometry": {"type": "Point", "coordinates": [-90.039, 35.164]}, "properties": {"Crime_ID": "2309022202ME", "Offense_Datetime": 1694005200000, "Reported_Datetime": 1694008800000, "Agency_Crime_ID": "SIMPLE ASSAULT/DV", "UCR_Incident_Code": "13B", "Block": 200, "Street_Name": "BICKFORD AVE", "Street_Address": "200 BICKFORD AVE", "City": "MEMPHIS", "State": "TN", "ZIP_Code": "38103", "Full_Address": "200 BICKFORD AVE MEMPHIS TN 38103", "Latitude": 35.164, "Longitude": -90.039, "UCR_Category": "ASSAULT", "UCR_Description": "SIMPLE ASSAULT", "NIBRS_Group": "A", "NIBRS_Offense_Group": "CRIMES AGAINST PERSONS", "Part_One_or_Part_Two": 2, "Ward": "625", "Precinct": "NORTH MAIN", "Source_ObjectID": "438584", "ObjectId": 1657581}}, {"type": "Feature", "id": 1657582, "geometry": {"type": "Point", "coordinates": [-89.922, 35.168]}, "properties": {"Crime_ID": "2103002346ME", "Offense_Datetime": 1614610800000, "Reported_Datetime": 1615029900000, "Agency_Crime_ID": "BURGLARY/RESIDENTIAL", "UCR_Incident_Code": "220", "Block": 1300, "Street_Name": "WEYMOUTH ST", "Street_Address": "1300 WEYMOUTH ST", "City": "MEMPHIS", "State": "TN", "ZIP_Code": "38108", "Full_Address": "1300 WEYMOUTH ST MEMPHIS TN 38108", "Latitude": 35.168, "Longitude": -89.922, "UCR_Category": "BURG/BREAK & ENTER", "UCR_Description": "BURG/BREAK & ENTER", "NIBRS_Group": "A", "NIBRS_Offense_Group": "CRIMES AGAINST PROPERTY", "Part_One_or_Part_Two": 1, "Ward": "525", "Precinct": "TILLMAN", "Source_ObjectID": "156705", "ObjectId": 1657582}}, {"type": "Feature", "id": 1657583, "geometry": {"type": "Point", "coordinates": [-89.905, 35.15]}, "properties": {"Crime_ID": "2209800089ME", "Offense_Datetime": 1663195200000, "Reported_Datetime": 1663207851000, "Agency_Crime_ID": "THEFT FROM MOTOR VEHICLE", "UCR_Incident_Code": "23F", "Block": 4700, "Street_Name": " SUMMER AVENUE", "Street_Address": "4700  SUMMER AVENUE", "City": "MEMPHIS", "State": "TN", "ZIP_Code": "38122", "Full_Address": "4700 SUMMER AVENUE MEMPHIS TN 38122", "Latitude": 35.15, "Longitude": -89.905, "UCR_Category": "LARCENY/THEFT", "UCR_Description": "THEFT FROM A MOTOR VEHICLE", "NIBRS_Group": "A", "NIBRS_Offense_Group": "CRIMES AGAINST PROPERTY", "Part_One_or_Part_Two": 1, "Ward": "821", "Precinct": "APPLING FARMS", "Source_ObjectID": "321939", "ObjectId": 1657583}}, {"type": "Feature", "id": 1657584, "geometry": {"type": "Point", "coordinates": [-89.88, 35.098]}, "properties": {"Crime_ID": "2305029996ME", "Offense_Datetime": 1684810800000, "Reported_Datetime": 1684846620000, "Agency_Crime_ID": "THEFT FROM MOTOR VEHICLE", "UCR_Incident_Code": "23F", "Block": 5400, "Street_Name": "GLENBRIER AVE", "Street_Address": "5400 GLENBRIER AVE", "City": "MEMPHIS", "State": "TN", "ZIP_Code": "38119", "Full_Address": "5400 GLENBRIER AVE MEMPHIS TN 38119", "Latitude": 35.098, "Longitude": -89.88, "UCR_Category": "LARCENY/THEFT", "UCR_Description": "THEFT FROM A MOTOR VEHICLE", "NIBRS_Group": "A", "NIBRS_Offense_Group": "CRIMES AGAINST PROPERTY", "Part_One_or_Part_Two": 1, "Ward": "323", "Precinct": "MT MORIAH", "Source_ObjectID": "400242", "ObjectId": 1657584}}, {"type": "Feature", "id": 1657585, "geometry": {"type": "Point", "coordinates": [-89.888, 35.112]}, "properties": {"Crime_ID": "2002013080ME", "Offense_Datetime": 1582939320000, "Reported_Datetime": 1582940280000, "Agency_Crime_ID": "WEAPON LAW VIOLATIONS/MISDEMEANOR", "UCR_Incident_Code": "520", "Block": 0, "Street_Name": "S WHITE STATION//MAGNOLIA MANOR", "Street_Address": " S WHITE STATION//MAGNOLIA MANOR", "City": "MEMPHIS", "State": "TN", "ZIP_Code": "38120", "Full_Address": " S WHITE STATION//MAGNOLIA MANOR MEMPHIS TN 38120", "Latitude": 35.112, "Longitude": -89.888, "UCR_Category": "WEAPON LAW VIOLATION", "UCR_Description": "WEAPON LAW VIOL", "NIBRS_Group": "A", "NIBRS_Offense_Group": "CRIMES AGAINST SOCIETY", "Part_One_or_Part_Two": 2, "Ward": "821", "Precinct": "APPLING FARMS", "Source_ObjectID": "59275", "ObjectId": 1657585}}, {"type": "Feature", "id": 1657586, "geometry": {"type": "Point", "coordinates": [-90.015, 35.062]}, "properties": {"Crime_ID": "2208001122ME", "Offense_Datetime": 1659477600000, "Reported_Datetime": 1659516360000, "Agency_Crime_ID": "INTIMIDATION", "UCR_Incident_Code": "13C", "Block": 1400, "Street_Name": "E BROOKS RD", "Street_Address": "1400 E BROOKS RD", "City": "MEMPHIS", "State": "TN", "ZIP_Code": "38116", "Full_Address": "1400 E BROOKS RD MEMPHIS TN 38116", "Latitude": 35.062, "Longitude": -90.015, "UCR_Category": "ASSAULT", "UCR_Description": "INTIMIDATION", "NIBRS_Group": "A", "NIBRS_Offense_Group": "CRIMES AGAINST PERSONS", "Part_One_or_Part_Two": 2, "Ward": "224", "Precinct": "RAINES", "Source_ObjectID": "302408", "ObjectId": 1657586}}, {"type": "Feature", "id": 1657587, "geometry": {"type": "Point", "coordinates": [-89.89, 35.124]}, "properties": {"Crime_ID": "2002009982ME", "Offense_Datetime": 1582326000000, "Reported_Datetime": 1582384920000, "Agency_Crime_ID": "BURGLARY/NON-RESIDENTIAL", "UCR_Incident_Code": "220", "Block": 5100, "Street_Name": "SHADY GROVE RD", "Street_Address": "5100 SHADY GROVE RD", "City": "MEMPHIS", "State": "TN", "ZIP_Code": "38117", "Full_Address": "5100 SHADY GROVE RD MEMPHIS TN 38117", "Latitude": 35.124, "Longitude": -89.89, "UCR_Category": "BURG/BREAK & ENTER", "UCR_Description": "BURG/BREAK & ENTER", "NIBRS_Group": "A", "NIBRS_Offense_Group": "CRIMES AGAINST PROPERTY", "Part_One_or_Part_Two": 1, "Ward": "821", "Precinct": "APPLING FARMS", "Source_ObjectID": "57600", "ObjectId": 1657587}}, {"type": "Feature", "id": 1657588, "geometry": {"type": "Point", "coordinates": [-89.797, 35.204]}, "properties": {"Crime_ID": "2602020371ME", "Offense_Datetime": 1770067200000, "Reported_Datetime": 1770074100000, "Agency_Crime_ID": "SHOPLIFTING/MISDEMEANOR", "UCR_Incident_Code": "23C", "Block": 7900, "Street_Name": "HWY 64", "Street_Address": "7900 HWY 64", "City": "MEMPHIS", "State": "TN", "ZIP_Code": "38133", "Full_Address": "7900 HWY 64 MEMPHIS TN 38133", "Latitude": 35.204, "Longitude": -89.797, "UCR_Category": "LARCENY/THEFT", "UCR_Description": "SHOPLIFTING", "NIBRS_Group": "A", "NIBRS_Offense_Group": "CRIMES AGAINST PROPERTY", "Part_One_or_Part_Two": 1, "Ward": "825", "Precinct": "APPLING FARMS", "Source_ObjectID": "683145", "ObjectId": 1657588}}, {"type": "Feature", "id": 1657589, "geometry": {"type": "Point", "coordinates": [-89.967, 35.231]}, "properties": {"Crime_ID": "2303009291ME", "Offense_Datetime": 1679209200000, "Reported_Datetime": 1679238900000, "Agency_Crime_ID": "MVT/PASSENGER VEHICLE", "UCR_Incident_Code": "240", "Block": 3800, "Street_Name": "LOWE CV", "Street_Address": "3800 LOWE CV", "City": "MEMPHIS", "State": "TN", "ZIP_Code": "38127", "Full_Address": "3800 LOWE CV MEMPHIS TN 38127", "Latitude": 35.231, "Longitude": -89.967, "UCR_Category": "MOTOR VEHICLE THEFT", "UCR_Description": "MOTOR VEHICLE THEFT", "NIBRS_Group": "A", "NIBRS_Offense_Group": "CRIMES AGAINST PROPERTY", "Part_One_or_Part_Two": 1, "Ward": "123", "Precinct": "AUSTIN PEAY", "Source_ObjectID": "377436", "ObjectId": 1657589}}, {"type": "Feature", "id": 1657590, "geometry": {"type": "Point", "coordinates": [-89.842, 35.105]}, "properties": {"Crime_ID": "2302011048ME", "Offense_Datetime": 1677120300000, "Reported_Datetime": 1677164940000, "Agency_Crime_ID": "MVT/PASSENGER VEHICLE", "UCR_Incident_Code": "240", "Block": 1600, "Street_Name": "KIRBY PKWY", "Street_Address": "1600 KIRBY PKWY", "City": "MEMPHIS", "State": "TN", "ZIP_Code": "38120", "Full_Address": "1600 KIRBY PKWY MEMPHIS TN 38120", "Latitude": 35.105, "Longitude": -89.842, "UCR_Category": "MOTOR VEHICLE THEFT", "UCR_Description": "MOTOR VEHICLE THEFT", "NIBRS_Group": "A", "NIBRS_Offense_Group": "CRIMES AGAINST PROPERTY", "Part_One_or_Part_Two": 1, "Ward": "823", "Precinct": "APPLING FARMS", "Source_ObjectID": "369875", "ObjectId": 1657590}}, {"type": "Feature", "id": 1657591, "geometry": {"type": "Point", "coordinates": [-89.93, 35.053]}, "properties": {"Crime_ID": "2408027348ME", "Offense_Datetime": 1724045100000, "Reported_Datetime": 1724046780000, "Agency_Crime_ID": "WEAPON LAW VIOLATIONS/FELONY", "UCR_Incident_Code": "520", "Block": 4000, "Street_Name": "LAMAR AVE", "Street_Address": "4000 LAMAR AVE", "City": "MEMPHIS", "State": "TN", "ZIP_Code": "38115", "Full_Address": "4000 LAMAR AVE MEMPHIS TN 38115", "Latitude": 35.053, "Longitude": -89.93, "UCR_Category": "WEAPON LAW VIOLATION", "UCR_Description": "WEAPON LAW VIOL", "NIBRS_Group": "A", "NIBRS_Offense_Group": "CRIMES AGAINST SOCIETY", "Part_One_or_Part_Two": 2, "Ward": "321", "Precinct": "MT MORIAH", "Source_ObjectID": "547631", "ObjectId": 1657591}}, {"type": "Feature", "id": 1657592, "geometry": {"type": "Point", "coordinates": [-89.991, 35.036]}, "properties": {"Crime_ID": "2401027296ME", "Offense_Datetime": 1705971300000, "Reported_Datetime": 1705971600000, "Agency_Crime_ID": "SHOPLIFTING/MISDEMEANOR", "UCR_Incident_Code": "23C", "Block": 4100, "Street_Name": "AIRWAYS BLVD", "Street_Address": "4100 AIRWAYS BLVD", "City": "MEMPHIS", "State": "TN", "ZIP_Code": "38116", "Full_Address": "4100 AIRWAYS BLVD MEMPHIS TN 38116", "Latitude": 35.036, "Longitude": -89.991, "UCR_Category": "LARCENY/THEFT", "UCR_Description": "SHOPLIFTING", "NIBRS_Group": "A", "NIBRS_Offense_Group": "CRIMES AGAINST PROPERTY", "Part_One_or_Part_Two": 1, "Ward": "226", "Precinct": "RAINES", "Source_ObjectID": "481961", "ObjectId": 1657592}}, {"type": "Feature", "id": 1657593, "geometry": {"type": "Point", "coordinates": [-90.039, 35.176]}, "properties": {"Crime_ID": "2403021011ME", "Offense_Datetime": 1709521200000, "Reported_Datetime": 1709521860000, "Agency_Crime_ID": "AGGRAVATED ASSAULT/DV", "UCR_Incident_Code": "13A", "Block": 1200, "Street_Name": "LION ST", "Street_Address": "1200 LION ST", "City": "MEMPHIS", "State": "TN", "ZIP_Code": "38104", "Full_Address": "1200 LION ST MEMPHIS TN 38104", "Latitude": 35.176, "Longitude": -90.039, "UCR_Category": "AGGRAVATED ASSAULT", "UCR_Description": "AGGRAVATED ASSAULT", "NIBRS_Group": "A", "NIBRS_Offense_Group": "CRIMES AGAINST PERSONS", "Part_One_or_Part_Two": 1, "Ward": "625", "Precinct": "NORTH MAIN", "Source_ObjectID": "494232", "ObjectId": 1657593}}, {"type": "Feature", "id": 1657594, "geometry": {"type": "Point", "coordinates": [-90.044, 35.012]}, "properties": {"Crime_ID": "2410027977ME", "Offense_Datetime": 1729476000000, "Reported_Datetime": 1729477800000, "Agency_Crime_ID": "AGGRAVATED ASSAULT/DV", "UCR_Incident_Code": "13A", "Block": 4900, "Street_Name": "FRANKIE LN", "Street_Address": "4900 FRANKIE LN", "City": "MEMPHIS", "State": "TN", "ZIP_Code": "38109", "Full_Address": "4900 FRANKIE LN MEMPHIS TN 38109", "Latitude": 35.012, "Longitude": -90.044, "UCR_Category": "AGGRAVATED ASSAULT", "UCR_Description": "AGGRAVATED ASSAULT", "NIBRS_Group": "A", "NIBRS_Offense_Group": "CRIMES AGAINST PERSONS", "Part_One_or_Part_Two": 1, "Ward": "223", "Precinct": "RAINES", "Source_ObjectID": "566406", "ObjectId": 1657594}}, {"type": "Feature", "id": 1657595, "geometry": {"type": "Point", "coordinates": [-89.927, 35.181]}, "properties": {"Crime_ID": "2211013204ME", "Offense_Datetime": 1669608600000, "Reported_Datetime": 1669609740000, "Agency_Crime_ID": "DRUGS/NARCOTICS VIOLATION/MISDEMEANOR", "UCR_Incident_Code": "35A", "Block": 1700, "Street_Name": "GRAHAM ST", "Street_Address": "1700 GRAHAM ST", "City": "MEMPHIS", "State": "TN", "ZIP_Code": "38111", "Full_Address": "1700 GRAHAM ST MEMPHIS TN 38111", "Latitude": 35.181, "Longitude": -89.927, "UCR_Category": "DRUG/NARCOTIC", "UCR_Description": "DRUG/NARCOTIC VIOLS", "NIBRS_Group": "A", "NIBRS_Offense_Group": "CRIMES AGAINST SOCIETY", "Part_One_or_Part_Two": 2, "Ward": "526", "Precinct": "TILLMAN", "Source_ObjectID": "340764", "ObjectId": 1657595}}, {"type": "Feature", "id": 1657596, "geometry": {"type": "Point", "coordinates": [-89.917, 35.15]}, "properties": {"Crime_ID": "2111004944ME", "Offense_Datetime": 1636656600000, "Reported_Datetime": 1636658040000, "Agency_Crime_ID": "SHOPLIFTING/MISDEMEANOR", "UCR_Incident_Code": "23C", "Block": 4300, "Street_Name": "SUMMER AVE", "Street_Address": "4300 SUMMER AVE", "City": "MEMPHIS", "State": "TN", "ZIP_Code": "38122", "Full_Address": "4300 SUMMER AVE MEMPHIS TN 38122", "Latitude": 35.15, "Longitude": -89.917, "UCR_Category": "LARCENY/THEFT", "UCR_Description": "SHOPLIFTING", "NIBRS_Group": "A", "NIBRS_Offense_Group": "CRIMES AGAINST PROPERTY", "Part_One_or_Part_Two": 1, "Ward": "525", "Precinct": "TILLMAN", "Source_ObjectID": "225458", "ObjectId": 1657596}}, {"type": "Feature", "id": 1657597, "geometry": {"type": "Point", "coordinates": [-89.92, 35.21]}, "properties": {"Crime_ID": "2109006075ME", "Offense_Datetime": 1631592000000, "Reported_Datetime": 1631624160000, "Agency_Crime_ID": "THEFT OF VEHICLE PARTS/ACCESSORIES", "UCR_Incident_Code": "23G", "Block": 3000, "Street_Name": "AUSTIN PEAY HWY", "Street_Address": "3000 AUSTIN PEAY HWY", "City": "MEMPHIS", "State": "TN", "ZIP_Code": "38128", "Full_Address": "3000 AUSTIN PEAY HWY MEMPHIS TN 38128", "Latitude": 35.21, "Longitude": -89.92, "UCR_Category": "LARCENY/THEFT", "UCR_Description": "THEFT OF MV PARTS/ACCS", "NIBRS_Group": "A", "NIBRS_Offense_Group": "CRIMES AGAINST PROPERTY", "Part_One_or_Part_Two": 1, "Ward": "125", "Precinct": "AUSTIN PEAY", "Source_ObjectID": "208422", "ObjectId": 1657597}}, {"type": "Feature", "id": 1657598, "geometry": {"type": "Point", "coordinates": [-90.058, 35.057]}, "properties": {"Crime_ID": "2310029705ME", "Offense_Datetime": 1697656800000, "Reported_Datetime": 1698085680000, "Agency_Crime_ID": "MVT/PASSENGER VEHICLE", "UCR_Incident_Code": "240", "Block": 3300, "Street_Name": "S THIRD ST", "Street_Address": "3300 S THIRD ST", "City": "MEMPHIS", "State": "TN", "ZIP_Code": "38109", "Full_Address": "3300 S THIRD ST MEMPHIS TN 38109", "Latitude": 35.057, "Longitude": -90.058, "UCR_Category": "MOTOR VEHICLE THEFT", "UCR_Description": "MOTOR VEHICLE THEFT", "NIBRS_Group": "A", "NIBRS_Offense_Group": "CRIMES AGAINST PROPERTY", "Part_One_or_Part_Two": 1, "Ward": "222", "Precinct": "RAINES", "Source_ObjectID": "454365", "ObjectId": 1657598}}, {"type": "Feature", "id": 1657599, "geometry": {"type": "Point", "coordinates": [-89.909, 35.198]}, "properties": {"Crime_ID": "2508028389ME", "Offense_Datetime": 1755876540000, "Reported_Datetime": 1755878880000, "Agency_Crime_ID": "THEFT FROM BUILDING", "UCR_Incident_Code": "23D", "Block": 4600, "Street_Name": "RALEIGH LAGRANGE RD", "Street_Address": "4600 RALEIGH LAGRANGE RD", "City": "MEMPHIS", "State": "TN", "ZIP_Code": "38128", "Full_Address": "4600 RALEIGH LAGRANGE RD MEMPHIS TN 38128", "Latitude": 35.198, "Longitude": -89.909, "UCR_Category": "LARCENY/THEFT", "UCR_Description": "THEFT FROM A BUILDING", "NIBRS_Group": "A", "NIBRS_Offense_Group": "CRIMES AGAINST PROPERTY", "Part_One_or_Part_Two": 1, "Ward": "126", "Precinct": "AUSTIN PEAY", "Source_ObjectID": "648561", "ObjectId": 1657599}}, {"type": "Feature", "id": 1657600, "geometry": {"type": "Point", "coordinates": [-89.784, 35.204]}, "properties": {"Crime_ID": "2205002776ME", "Offense_Datetime": 1651443300000, "Reported_Datetime": 1651881600000, "Agency_Crime_ID": "SHOPLIFTING/MISDEMEANOR", "UCR_Incident_Code": "23C", "Block": 8300, "Street_Name": "US HIGHWAY 64", "Street_Address": "8300 US HIGHWAY 64", "City": "MEMPHIS", "State": "TN", "ZIP_Code": "38102", "Full_Address": "8300 US HIGHWAY 64 MEMPHIS TN 38102", "Latitude": 35.204, "Longitude": -89.784, "UCR_Category": "LARCENY/THEFT", "UCR_Description": "SHOPLIFTING", "NIBRS_Group": "A", "NIBRS_Offense_Group": "CRIMES AGAINST PROPERTY", "Part_One_or_Part_Two": 1, "Ward": "825", "Precinct": "APPLING FARMS", "Source_ObjectID": "273345", "ObjectId": 1657600}}, {"type": "Feature", "id": 1657601, "geometry": {"type": "Point", "coordinates": [-89.989, 35.112]}, "properties": {"Crime_ID": "2605020145ME", "Offense_Datetime": 1777651800000, "Reported_Datetime": 1777653540000, "Agency_Crime_ID": "PURSE-SNATCHING", "UCR_Incident_Code": "23B", "Block": 2200, "Street_Name": "LONGSTREET DR", "Street_Address": "2200 LONGSTREET DR", "City": "MEMPHIS", "State": "TN", "ZIP_Code": "38114", "Full_Address": "2200 LONGSTREET DR MEMPHIS TN 38114", "Latitude": 35.112, "Longitude": -89.989, "UCR_Category": "LARCENY/THEFT", "UCR_Description": "PURSE-SNATCHING", "NIBRS_Group": "A", "NIBRS_Offense_Group": "CRIMES AGAINST PROPERTY", "Part_One_or_Part_Two": 1, "Ward": "424", "Precinct": "CRUMP", "Source_ObjectID": "701644", "ObjectId": 1657601}}, {"type": "Feature", "id": 1657602, "geometry": {"type": "Point", "coordinates": [-89.836, 35.069]}, "properties": {"Crime_ID": "2309027726ME", "Offense_Datetime": 1694185200000, "Reported_Datetime": 1695093900000, "Agency_Crime_ID": "BURGLARY/RESIDENTIAL", "UCR_Incident_Code": "220", "Block": 2900, "Street_Name": "WATERVIEW CV", "Street_Address": "2900 WATERVIEW CV", "City": "MEMPHIS", "State": "TN", "ZIP_Code": "38119", "Full_Address": "2900 WATERVIEW CV MEMPHIS TN 38119", "Latitude": 35.069, "Longitude": -89.836, "UCR_Category": "BURG/BREAK & ENTER", "UCR_Description": "BURG/BREAK & ENTER", "NIBRS_Group": "A", "NIBRS_Offense_Group": "CRIMES AGAINST PROPERTY", "Part_One_or_Part_Two": 1, "Ward": "926", "Precinct": "RIDGEWAY", "Source_ObjectID": "442775", "ObjectId": 1657602}}, {"type": "Feature", "id": 1657603, "geometry": {"type": "Point", "coordinates": [-90.084, 35.047]}, "properties": {"Crime_ID": "2409025164ME", "Offense_Datetime": 1726243200000, "Reported_Datetime": 1726244580000, "Agency_Crime_ID": "NEGLIGENT MANSLAUGHTER", "UCR_Incident_Code": "09B", "Block": 500, "Street_Name": "DEERSKIN DR", "Street_Address": "500 DEERSKIN DR", "City": "MEMPHIS", "State": "TN", "ZIP_Code": "38109", "Full_Address": "500 DEERSKIN DR MEMPHIS TN 38109", "Latitude": 35.047, "Longitude": -90.084, "UCR_Category": "HOMICIDE", "UCR_Description": "NEGLIGENT MANSLAUGHTER", "NIBRS_Group": "A", "NIBRS_Offense_Group": "CRIMES AGAINST PERSONS", "Part_One_or_Part_Two": 2, "Ward": "222", "Precinct": "RAINES", "Source_ObjectID": "555300", "ObjectId": 1657603}}, {"type": "Feature", "id": 1657604, "geometry": {"type": "Point", "coordinates": [-90.092, 35.026]}, "properties": {"Crime_ID": "2002009531ME", "Offense_Datetime": 1582302000000, "Reported_Datetime": 1582303020000, "Agency_Crime_ID": "BURGLARY/RESIDENTIAL", "UCR_Incident_Code": "220", "Block": 4400, "Street_Name": "WESTMONT ST", "Street_Address": "4400 WESTMONT ST", "City": "MEMPHIS", "State": "TN", "ZIP_Code": "38109", "Full_Address": "4400 WESTMONT ST MEMPHIS TN 38109", "Latitude": 35.026, "Longitude": -90.092, "UCR_Category": "BURG/BREAK & ENTER", "UCR_Description": "BURG/BREAK & ENTER", "NIBRS_Group": "A", "NIBRS_Offense_Group": "CRIMES AGAINST PROPERTY", "Part_One_or_Part_Two": 1, "Ward": "221", "Precinct": "RAINES", "Source_ObjectID": "57350", "ObjectId": 1657604}}, {"type": "Feature", "id": 1657605, "geometry": {"type": "Point", "coordinates": [-89.928, 35.189]}, "properties": {"Crime_ID": "2109013527ME", "Offense_Datetime": 1632891480000, "Reported_Datetime": 1632978780000, "Agency_Crime_ID": "AGGRAVATED ASSAULT", "UCR_Incident_Code": "13A", "Block": 4100, "Street_Name": "JACKSON AVE", "Street_Address": "4100 JACKSON AVE", "City": "MEMPHIS", "State": "TN", "ZIP_Code": "38112", "Full_Address": "4100 JACKSON AVE MEMPHIS TN 38112", "Latitude": 35.189, "Longitude": -89.928, "UCR_Category": "AGGRAVATED ASSAULT", "UCR_Description": "AGGRAVATED ASSAULT", "NIBRS_Group": "A", "NIBRS_Offense_Group": "CRIMES AGAINST PERSONS", "Part_One_or_Part_Two": 1, "Ward": "525", "Precinct": "TILLMAN", "Source_ObjectID": "212919", "ObjectId": 1657605}}, {"type": "Feature", "id": 1657606, "geometry": {"type": "Point", "coordinates": [-89.946, 35.106]}, "properties": {"Crime_ID": "2310020152ME", "Offense_Datetime": 1696176000000, "Reported_Datetime": 1696177620000, "Agency_Crime_ID": "SIMPLE ASSAULT", "UCR_Incident_Code": "13B", "Block": 900, "Street_Name": "HIGHLAND ST", "Street_Address": "900 HIGHLAND ST", "City": "MEMPHIS", "State": "TN", "ZIP_Code": "38111", "Full_Address": "900 HIGHLAND ST MEMPHIS TN 38111", "Latitude": 35.106, "Longitude": -89.946, "UCR_Category": "ASSAULT", "UCR_Description": "SIMPLE ASSAULT", "NIBRS_Group": "A", "NIBRS_Offense_Group": "CRIMES AGAINST PERSONS", "Part_One_or_Part_Two": 2, "Ward": "726", "Precinct": "AIRWAYS", "Source_ObjectID": "447082", "ObjectId": 1657606}}, {"type": "Feature", "id": 1657607, "geometry": {"type": "Point", "coordinates": [-89.976, 35.122]}, "properties": {"Crime_ID": "2402031423ME", "Offense_Datetime": 1709202420000, "Reported_Datetime": 1709205660000, "Agency_Crime_ID": "BURGLARY/RESIDENTIAL", "UCR_Incident_Code": "220", "Block": 300, "Street_Name": "HOLLYWOOD ST", "Street_Address": "300 HOLLYWOOD ST", "City": "MEMPHIS", "State": "TN", "ZIP_Code": "38111", "Full_Address": "300 HOLLYWOOD ST MEMPHIS TN 38111", "Latitude": 35.122, "Longitude": -89.976, "UCR_Category": "BURG/BREAK & ENTER", "UCR_Description": "BURG/BREAK & ENTER", "NIBRS_Group": "A", "NIBRS_Offense_Group": "CRIMES AGAINST PROPERTY", "Part_One_or_Part_Two": 1, "Ward": "521", "Precinct": "TILLMAN", "Source_ObjectID": "493154", "ObjectId": 1657607}}, {"type": "Feature", "id": 1657608, "geometry": {"type": "Point", "coordinates": [-89.981, 35.097]}, "properties": {"Crime_ID": "2504024716ME", "Offense_Datetime": 1744609500000, "Reported_Datetime": 1744610160000, "Agency_Crime_ID": "SIMPLE ASSAULT/DV", "UCR_Incident_Code": "13B", "Block": 2400, "Street_Name": "BOYLE AVE", "Street_Address": "2400 BOYLE AVE", "City": "MEMPHIS", "State": "TN", "ZIP_Code": "38114", "Full_Address": "2400 BOYLE AVE MEMPHIS TN 38114", "Latitude": 35.097, "Longitude": -89.981, "UCR_Category": "ASSAULT", "UCR_Description": "SIMPLE ASSAULT", "NIBRS_Group": "A", "NIBRS_Offense_Group": "CRIMES AGAINST PERSONS", "Part_One_or_Part_Two": 2, "Ward": "725", "Precinct": "AIRWAYS", "Source_ObjectID": "612954", "ObjectId": 1657608}}, {"type": "Feature", "id": 1657609, "geometry": {"type": "Point", "coordinates": [-90.062, 35.126]}, "properties": {"Crime_ID": "2205012540ME", "Offense_Datetime": 1653637800000, "Reported_Datetime": 1653638760000, "Agency_Crime_ID": "VANDALISM/MISDEMEANOR", "UCR_Incident_Code": "290", "Block": 0, "Street_Name": "VIRGINIA AVE", "Street_Address": "0 VIRGINIA AVE", "City": "MEMPHIS", "State": "TN", "ZIP_Code": "38106", "Full_Address": "0 VIRGINIA AVE MEMPHIS TN 38106", "Latitude": 35.126, "Longitude": -90.062, "UCR_Category": "DEST/DAM/VAND OF PROPERTY", "UCR_Description": "DEST/DAM/VAND OF PROPERTY", "NIBRS_Group": "A", "NIBRS_Offense_Group": "CRIMES AGAINST PROPERTY", "Part_One_or_Part_Two": 2, "Ward": "621", "Precinct": "NORTH MAIN", "Source_ObjectID": "279824", "ObjectId": 1657609}}, {"type": "Feature", "id": 1657610, "geometry": {"type": "Point", "coordinates": [-90.008, 35.173]}, "properties": {"Crime_ID": "2204004847ME", "Offense_Datetime": 1649715300000, "Reported_Datetime": 1649754060000, "Agency_Crime_ID": "VANDALISM/FELONY", "UCR_Incident_Code": "290", "Block": 1400, "Street_Name": "CHELSEA AVE", "Street_Address": "1400 CHELSEA AVE", "City": "MEMPHIS", "State": "TN", "ZIP_Code": "38104", "Full_Address": "1400 CHELSEA AVE MEMPHIS TN 38104", "Latitude": 35.173, "Longitude": -90.008, "UCR_Category": "DEST/DAM/VAND OF PROPERTY", "UCR_Description": "DEST/DAM/VAND OF PROPERTY", "NIBRS_Group": "A", "NIBRS_Offense_Group": "CRIMES AGAINST PROPERTY", "Part_One_or_Part_Two": 2, "Ward": "425", "Precinct": "CRUMP", "Source_ObjectID": "265793", "ObjectId": 1657610}}, {"type": "Feature", "id": 1657611, "geometry": {"type": "Point", "coordinates": [-89.831, 35.054]}, "properties": {"Crime_ID": "2402031124ME", "Offense_Datetime": 1709139600000, "Reported_Datetime": 1709141160000, "Agency_Crime_ID": "MVT/PASSENGER VEHICLE", "UCR_Incident_Code": "240", "Block": 3400, "Street_Name": "RIVERDALE RD", "Street_Address": "3400 RIVERDALE RD", "City": "MEMPHIS", "State": "TN", "ZIP_Code": "38115", "Full_Address": "3400 RIVERDALE RD MEMPHIS TN 38115", "Latitude": 35.054, "Longitude": -89.831, "UCR_Category": "MOTOR VEHICLE THEFT", "UCR_Description": "MOTOR VEHICLE THEFT", "NIBRS_Group": "A", "NIBRS_Offense_Group": "CRIMES AGAINST PROPERTY", "Part_One_or_Part_Two": 1, "Ward": "925", "Precinct": "RIDGEWAY", "Source_ObjectID": "492915", "ObjectId": 1657611}}, {"type": "Feature", "id": 1657612, "geometry": {"type": "Point", "coordinates": [-90.105, 35.036]}, "properties": {"Crime_ID": "2507022018ME", "Offense_Datetime": 1751786160000, "Reported_Datetime": 1751788020000, "Agency_Crime_ID": "WEAPON LAW VIOLATIONS/FELONY", "UCR_Incident_Code": "520", "Block": 1200, "Street_Name": "TAHOE RD", "Street_Address": "1200 TAHOE RD", "City": "MEMPHIS", "State": "TN", "ZIP_Code": "38109", "Full_Address": "1200 TAHOE RD MEMPHIS TN 38109", "Latitude": 35.036, "Longitude": -90.105, "UCR_Category": "WEAPON LAW VIOLATION", "UCR_Description": "WEAPON LAW VIOL", "NIBRS_Group": "A", "NIBRS_Offense_Group": "CRIMES AGAINST SOCIETY", "Part_One_or_Part_Two": 2, "Ward": "222", "Precinct": "RAINES", "Source_ObjectID": "636049", "ObjectId": 1657612}}, {"type": "Feature", "id": 1657613, "geometry": {"type": "Point", "coordinates": [-90.025, 35.147]}, "properties": {"Crime_ID": "2509021624ME", "Offense_Datetime": 1757047500000, "Reported_Datetime": 1757050020000, "Agency_Crime_ID": "AGGRAVATED ASSAULT/DV", "UCR_Incident_Code": "13A", "Block": 1000, "Street_Name": "MERRIWETHER AVE", "Street_Address": "1000 MERRIWETHER AVE", "City": "MEMPHIS", "State": "TN", "ZIP_Code": "38103", "Full_Address": "1000 MERRIWETHER AVE MEMPHIS TN 38103", "Latitude": 35.147, "Longitude": -90.025, "UCR_Category": "AGGRAVATED ASSAULT", "UCR_Description": "AGGRAVATED ASSAULT", "NIBRS_Group": "A", "NIBRS_Offense_Group": "CRIMES AGAINST PERSONS", "Part_One_or_Part_Two": 1, "Ward": "624", "Precinct": "NORTH MAIN", "Source_ObjectID": "652077", "ObjectId": 1657613}}, {"type": "Feature", "id": 1657614, "geometry": {"type": "Point", "coordinates": [-89.951, 35.075]}, "properties": {"Crime_ID": "2503029653ME", "Offense_Datetime": 1743125400000, "Reported_Datetime": 1743164280000, "Agency_Crime_ID": "THEFT FROM SEMI-TRAILER", "UCR_Incident_Code": "23F", "Block": 3300, "Street_Name": "LAMAR AVE", "Street_Address": "3300 LAMAR AVE", "City": "MEMPHIS", "State": "TN", "ZIP_Code": "38111", "Full_Address": "3300 LAMAR AVE MEMPHIS TN 38111", "Latitude": 35.075, "Longitude": -89.951, "UCR_Category": "LARCENY/THEFT", "UCR_Description": "THEFT FROM A MOTOR VEHICLE", "NIBRS_Group": "A", "NIBRS_Offense_Group": "CRIMES AGAINST PROPERTY", "Part_One_or_Part_Two": 1, "Ward": "321", "Precinct": "MT MORIAH", "Source_ObjectID": "608488", "ObjectId": 1657614}}, {"type": "Feature", "id": 1657616, "geometry": {"type": "Point", "coordinates": [-90.059, 35.136]}, "properties": {"Crime_ID": "2308020647ME", "Offense_Datetime": 1693260000000, "Reported_Datetime": 1693262640000, "Agency_Crime_ID": "OTHER THEFT/NON-SPECIFIC", "UCR_Incident_Code": "23H", "Block": 300, "Street_Name": "S FRONT ST", "Street_Address": "300 S FRONT ST", "City": "MEMPHIS", "State": "TN", "ZIP_Code": "38103", "Full_Address": "300 S FRONT ST MEMPHIS TN 38103", "Latitude": 35.136, "Longitude": -90.059, "UCR_Category": "LARCENY/THEFT", "UCR_Description": "ALL OTHER LARCENY", "NIBRS_Group": "A", "NIBRS_Offense_Group": "CRIMES AGAINST PROPERTY", "Part_One_or_Part_Two": 1, "Ward": "622", "Precinct": "NORTH MAIN", "Source_ObjectID": "435801", "ObjectId": 1657616}}, {"type": "Feature", "id": 1657617, "geometry": {"type": "Point", "coordinates": [-89.901, 35.159]}, "properties": {"Crime_ID": "2304009009ME", "Offense_Datetime": 1681768800000, "Reported_Datetime": 1681819560000, "Agency_Crime_ID": "THEFT FROM MOTOR VEHICLE", "UCR_Incident_Code": "23F", "Block": 1000, "Street_Name": "AVON RD", "Street_Address": "1000 AVON RD", "City": "MEMPHIS", "State": "TN", "ZIP_Code": "38122", "Full_Address": "1000 AVON RD MEMPHIS TN 38122", "Latitude": 35.159, "Longitude": -89.901, "UCR_Category": "LARCENY/THEFT", "UCR_Description": "THEFT FROM A MOTOR VEHICLE", "NIBRS_Group": "A", "NIBRS_Offense_Group": "CRIMES AGAINST PROPERTY", "Part_One_or_Part_Two": 1, "Ward": "821", "Precinct": "APPLING FARMS", "Source_ObjectID": "387551", "ObjectId": 1657617}}, {"type": "Feature", "id": 1657618, "geometry": {"type": "Point", "coordinates": [-89.933, 35.176]}, "properties": {"Crime_ID": "2206004445ME", "Offense_Datetime": 1654860000000, "Reported_Datetime": 1654862820000, "Agency_Crime_ID": "ARSON", "UCR_Incident_Code": "200", "Block": 3800, "Street_Name": "BURR RD", "Street_Address": "3800 BURR RD", "City": "MEMPHIS", "State": "TN", "ZIP_Code": "38108", "Full_Address": "3800 BURR RD MEMPHIS TN 38108", "Latitude": 35.176, "Longitude": -89.933, "UCR_Category": "ARSON", "UCR_Description": "ARSON", "NIBRS_Group": "A", "NIBRS_Offense_Group": "CRIMES AGAINST PROPERTY", "Part_One_or_Part_Two": 1, "Ward": "526", "Precinct": "TILLMAN", "Source_ObjectID": "284239", "ObjectId": 1657618}}, {"type": "Feature", "id": 1657619, "geometry": {"type": "Point", "coordinates": [-89.958, 35.045]}, "properties": {"Crime_ID": "2210020525ME", "Offense_Datetime": 1662123600000, "Reported_Datetime": 1666368300000, "Agency_Crime_ID": "COUNTERFEITING/FORGERY", "UCR_Incident_Code": "250", "Block": 3700, "Street_Name": "BISHOPS BRIDGE RD", "Street_Address": "3700 BISHOPS BRIDGE RD", "City": "MEMPHIS", "State": "TN", "ZIP_Code": "38118", "Full_Address": "3700 BISHOPS BRIDGE RD MEMPHIS TN 38118", "Latitude": 35.045, "Longitude": -89.958, "UCR_Category": "COUNTERFEITING/FORGERY", "UCR_Description": "COUNTERFEITING/FORGERY", "NIBRS_Group": "A", "NIBRS_Offense_Group": "CRIMES AGAINST PROPERTY", "Part_One_or_Part_Two": 2, "Ward": "921", "Precinct": "RIDGEWAY", "Source_ObjectID": "331515", "ObjectId": 1657619}}, {"type": "Feature", "id": 1657620, "geometry": {"type": "Point", "coordinates": [-90.068, 35.103]}, "properties": {"Crime_ID": "2302012274ME", "Offense_Datetime": 1677189600000, "Reported_Datetime": 1677362340000, "Agency_Crime_ID": "BURGLARY/RESIDENTIAL", "UCR_Incident_Code": "220", "Block": 1600, "Street_Name": "PENNSYLVANIA ST", "Street_Address": "1600 PENNSYLVANIA ST", "City": "MEMPHIS", "State": "TN", "ZIP_Code": "30109", "Full_Address": "1600 PENNSYLVANIA ST MEMPHIS TN 30109", "Latitude": 35.103, "Longitude": -90.068, "UCR_Category": "BURG/BREAK & ENTER", "UCR_Description": "BURG/BREAK & ENTER", "NIBRS_Group": "A", "NIBRS_Offense_Group": "CRIMES AGAINST PROPERTY", "Part_One_or_Part_Two": 1, "Ward": "721", "Precinct": "AIRWAYS", "Source_ObjectID": "370643", "ObjectId": 1657620}}, {"type": "Feature", "id": 1657621, "geometry": {"type": "Point", "coordinates": [-89.962, 35.213]}, "properties": {"Crime_ID": "2305033531ME", "Offense_Datetime": 1685491800000, "Reported_Datetime": 1685496840000, "Agency_Crime_ID": "INTIMIDATION/DV", "UCR_Incident_Code": "13C", "Block": 3100, "Street_Name": "CANISBAY RD", "Street_Address": "3100 CANISBAY RD", "City": "MEMPHIS", "State": "TN", "ZIP_Code": "38128", "Full_Address": "3100 CANISBAY RD MEMPHIS TN 38128", "Latitude": 35.213, "Longitude": -89.962, "UCR_Category": "ASSAULT", "UCR_Description": "INTIMIDATION", "NIBRS_Group": "A", "NIBRS_Offense_Group": "CRIMES AGAINST PERSONS", "Part_One_or_Part_Two": 2, "Ward": "124", "Precinct": "AUSTIN PEAY", "Source_ObjectID": "403118", "ObjectId": 1657621}}, {"type": "Feature", "id": 1657622, "geometry": {"type": "Point", "coordinates": [-90.043, 35.178]}, "properties": {"Crime_ID": "2304002211ME", "Offense_Datetime": 1680692400000, "Reported_Datetime": 1680710400000, "Agency_Crime_ID": "MVT/PASSENGER VEHICLE", "UCR_Incident_Code": "240", "Block": 1300, "Street_Name": "SEVENTH ST", "Street_Address": "1300 SEVENTH ST", "City": "MEMPHIS", "State": "TN", "ZIP_Code": "38103", "Full_Address": "1300 SEVENTH ST MEMPHIS TN 38103", "Latitude": 35.178, "Longitude": -90.043, "UCR_Category": "MOTOR VEHICLE THEFT", "UCR_Description": "MOTOR VEHICLE THEFT", "NIBRS_Group": "A", "NIBRS_Offense_Group": "CRIMES AGAINST PROPERTY", "Part_One_or_Part_Two": 1, "Ward": "625", "Precinct": "NORTH MAIN", "Source_ObjectID": "383128", "ObjectId": 1657622}}, {"type": "Feature", "id": 1657624, "geometry": {"type": "Point", "coordinates": [-89.956, 35.137]}, "properties": {"Crime_ID": "2501028675ME", "Offense_Datetime": 1737870600000, "Reported_Datetime": 1737872760000, "Agency_Crime_ID": "SIMPLE ASSAULT/DV", "UCR_Incident_Code": "13B", "Block": 100, "Street_Name": "EASTVIEW DR", "Street_Address": "100 EASTVIEW DR", "City": "MEMPHIS", "State": "TN", "ZIP_Code": "38111", "Full_Address": "100 EASTVIEW DR MEMPHIS TN 38111", "Latitude": 35.137, "Longitude": -89.956, "UCR_Category": "ASSAULT", "UCR_Description": "SIMPLE ASSAULT", "NIBRS_Group": "A", "NIBRS_Offense_Group": "CRIMES AGAINST PERSONS", "Part_One_or_Part_Two": 2, "Ward": "523", "Precinct": "TILLMAN", "Source_ObjectID": "593245", "ObjectId": 1657624}}, {"type": "Feature", "id": 1657625, "geometry": {"type": "Point", "coordinates": [-89.982, 35.048]}, "properties": {"Crime_ID": "2302000102ME", "Offense_Datetime": 1641128400000, "Reported_Datetime": 1675272960000, "Agency_Crime_ID": "MVT/PASSENGER VEHICLE", "UCR_Incident_Code": "240", "Block": 2400, "Street_Name": "WINCHESTER RD", "Street_Address": "2400 WINCHESTER RD", "City": "MEMPHIS", "State": "TN", "ZIP_Code": "38116", "Full_Address": "2400 WINCHESTER RD MEMPHIS TN 38116", "Latitude": 35.048, "Longitude": -89.982, "UCR_Category": "MOTOR VEHICLE THEFT", "UCR_Description": "MOTOR VEHICLE THEFT", "NIBRS_Group": "A", "NIBRS_Offense_Group": "CRIMES AGAINST PROPERTY", "Part_One_or_Part_Two": 1, "Ward": "921", "Precinct": "RIDGEWAY", "Source_ObjectID": "352755", "ObjectId": 1657625}}, {"type": "Feature", "id": 1657626, "geometry": {"type": "Point", "coordinates": [-89.872, 35.043]}, "properties": {"Crime_ID": "2404025921ME", "Offense_Datetime": 1713162900000, "Reported_Datetime": 1713192780000, "Agency_Crime_ID": "MVT/PASSENGER VEHICLE", "UCR_Incident_Code": "240", "Block": 3800, "Street_Name": "CEDAR PATH DR", "Street_Address": "3800 CEDAR PATH DR", "City": "MEMPHIS", "State": "TN", "ZIP_Code": "38115", "Full_Address": "3800 CEDAR PATH DR MEMPHIS TN 38115", "Latitude": 35.043, "Longitude": -89.872, "UCR_Category": "MOTOR VEHICLE THEFT", "UCR_Description": "MOTOR VEHICLE THEFT", "NIBRS_Group": "A", "NIBRS_Offense_Group": "CRIMES AGAINST PROPERTY", "Part_One_or_Part_Two": 1, "Ward": "924", "Precinct": "RIDGEWAY", "Source_ObjectID": "506623", "ObjectId": 1657626}}, {"type": "Feature", "id": 1657627, "geometry": {"type": "Point", "coordinates": [-90.036, 35.122]}, "properties": {"Crime_ID": "2409032428ME", "Offense_Datetime": 1727736600000, "Reported_Datetime": 1727738580000, "Agency_Crime_ID": "VANDALISM/MISDEMEANOR", "UCR_Incident_Code": "290", "Block": 900, "Street_Name": "PORTER ST", "Street_Address": "900 PORTER ST", "City": "MEMPHIS", "State": "TN", "ZIP_Code": "38104", "Full_Address": "900 PORTER ST MEMPHIS TN 38104", "Latitude": 35.122, "Longitude": -90.036, "UCR_Category": "DEST/DAM/VAND OF PROPERTY", "UCR_Description": "DEST/DAM/VAND OF PROPERTY", "NIBRS_Group": "A", "NIBRS_Offense_Group": "CRIMES AGAINST PROPERTY", "Part_One_or_Part_Two": 2, "Ward": "422", "Precinct": "CRUMP", "Source_ObjectID": "560528", "ObjectId": 1657627}}, {"type": "Feature", "id": 1657628, "geometry": {"type": "Point", "coordinates": [-90.078, 35.061]}, "properties": {"Crime_ID": "2402028417ME", "Offense_Datetime": 1701093600000, "Reported_Datetime": 1708539120000, "Agency_Crime_ID": "THEFT OF VEHICLE PARTS/ACCESSORIES", "UCR_Incident_Code": "23G", "Block": 3200, "Street_Name": "WINSLOW RD", "Street_Address": "3200 WINSLOW RD", "City": "MEMPHIS", "State": "TN", "ZIP_Code": "38109", "Full_Address": "3200 WINSLOW RD MEMPHIS TN 38109", "Latitude": 35.061, "Longitude": -90.078, "UCR_Category": "LARCENY/THEFT", "UCR_Description": "THEFT OF MV PARTS/ACCS", "NIBRS_Group": "A", "NIBRS_Offense_Group": "CRIMES AGAINST PROPERTY", "Part_One_or_Part_Two": 1, "Ward": "222", "Precinct": "RAINES", "Source_ObjectID": "476588", "ObjectId": 1657628}}, {"type": "Feature", "id": 1657629, "geometry": {"type": "Point", "coordinates": [-89.831, 35.054]}, "properties": {"Crime_ID": "2107008951ME", "Offense_Datetime": 1626874200000, "Reported_Datetime": 1626879180000, "Agency_Crime_ID": "THEFT FROM MOTOR VEHICLE", "UCR_Incident_Code": "23F", "Block": 3400, "Street_Name": "RIVERDALE RD", "Street_Address": "3400 RIVERDALE RD", "City": "MEMPHIS", "State": "TN", "ZIP_Code": "38125", "Full_Address": "3400 RIVERDALE RD MEMPHIS TN 38125", "Latitude": 35.054, "Longitude": -89.831, "UCR_Category": "LARCENY/THEFT", "UCR_Description": "THEFT FROM A MOTOR VEHICLE", "NIBRS_Group": "A", "NIBRS_Offense_Group": "CRIMES AGAINST PROPERTY", "Part_One_or_Part_Two": 1, "Ward": "925", "Precinct": "RIDGEWAY", "Source_ObjectID": "193107", "ObjectId": 1657629}}, {"type": "Feature", "id": 1657630, "geometry": {"type": "Point", "coordinates": [-90.035, 35.227]}, "properties": {"Crime_ID": "2409025003ME", "Offense_Datetime": 1719846000000, "Reported_Datetime": 1726186740000, "Agency_Crime_ID": "MVT/PASSENGER VEHICLE", "UCR_Incident_Code": "240", "Block": 800, "Street_Name": "CRESTON AVE", "Street_Address": "800 CRESTON AVE", "City": "MEMPHIS", "State": "TN", "ZIP_Code": "38127", "Full_Address": "800 CRESTON AVE MEMPHIS TN 38127", "Latitude": 35.227, "Longitude": -90.035, "UCR_Category": "MOTOR VEHICLE THEFT", "UCR_Description": "MOTOR VEHICLE THEFT", "NIBRS_Group": "A", "NIBRS_Offense_Group": "CRIMES AGAINST PROPERTY", "Part_One_or_Part_Two": 1, "Ward": "121", "Precinct": "AUSTIN PEAY", "Source_ObjectID": "555200", "ObjectId": 1657630}}, {"type": "Feature", "id": 1657631, "geometry": {"type": "Point", "coordinates": [-90.033, 35.021]}, "properties": {"Crime_ID": "2407022756ME", "Offense_Datetime": 1720345500000, "Reported_Datetime": 1720348500000, "Agency_Crime_ID": "WEAPON LAW VIOLATIONS/FELONY", "UCR_Incident_Code": "520", "Block": 900, "Street_Name": "SHELBY DR", "Street_Address": "900 SHELBY DR", "City": "MEMPHIS", "State": "TN", "ZIP_Code": "38116", "Full_Address": "900 SHELBY DR MEMPHIS TN 38116", "Latitude": 35.021, "Longitude": -90.033, "UCR_Category": "WEAPON LAW VIOLATION", "UCR_Description": "WEAPON LAW VIOL", "NIBRS_Group": "A", "NIBRS_Offense_Group": "CRIMES AGAINST SOCIETY", "Part_One_or_Part_Two": 2, "Ward": "223", "Precinct": "RAINES", "Source_ObjectID": "534140", "ObjectId": 1657631}}, {"type": "Feature", "id": 1657632, "geometry": {"type": "Point", "coordinates": [-89.95, 35.09]}, "properties": {"Crime_ID": "2307011018ME", "Offense_Datetime": 1689866220000, "Reported_Datetime": 1689866700000, "Agency_Crime_ID": "DRUGS/NARCOTICS VIOLATION/FELONY", "UCR_Incident_Code": "35A", "Block": 0, "Street_Name": "PRESCOTT RD//HARRIS AVE", "Street_Address": " PRESCOTT RD//HARRIS AVE", "City": "MEMPHIS", "State": "TN", "ZIP_Code": "38111", "Full_Address": " PRESCOTT RD//HARRIS AVE MEMPHIS TN 38111", "Latitude": 35.09, "Longitude": -89.95, "UCR_Category": "DRUG/NARCOTIC", "UCR_Description": "DRUG/NARCOTIC VIOLS", "NIBRS_Group": "A", "NIBRS_Offense_Group": "CRIMES AGAINST SOCIETY", "Part_One_or_Part_Two": 2, "Ward": "726", "Precinct": "AIRWAYS", "Source_ObjectID": "421804", "ObjectId": 1657632}}, {"type": "Feature", "id": 1657633, "geometry": {"type": "Point", "coordinates": [-89.982, 35.239]}, "properties": {"Crime_ID": "2409023348ME", "Offense_Datetime": 1725850200000, "Reported_Datetime": 1725856620000, "Agency_Crime_ID": "SIMPLE ASSAULT/DV", "UCR_Incident_Code": "13B", "Block": 2400, "Street_Name": "RAMMESSES AVE", "Street_Address": "2400 RAMMESSES AVE", "City": "MEMPHIS", "State": "TN", "ZIP_Code": "38127", "Full_Address": "2400 RAMMESSES AVE MEMPHIS TN 38127", "Latitude": 35.239, "Longitude": -89.982, "UCR_Category": "ASSAULT", "UCR_Description": "SIMPLE ASSAULT", "NIBRS_Group": "A", "NIBRS_Offense_Group": "CRIMES AGAINST PERSONS", "Part_One_or_Part_Two": 2, "Ward": "123", "Precinct": "AUSTIN PEAY", "Source_ObjectID": "553990", "ObjectId": 1657633}}, {"type": "Feature", "id": 1657634, "geometry": {"type": "Point", "coordinates": [-89.98, 35.126]}, "properties": {"Crime_ID": "2402029293ME", "Offense_Datetime": 1708721280000, "Reported_Datetime": 1708725000000, "Agency_Crime_ID": "SHOPLIFTING/MISDEMEANOR", "UCR_Incident_Code": "23C", "Block": 2400, "Street_Name": "CENTRAL AVE", "Street_Address": "2400 CENTRAL AVE", "City": "MEMPHIS", "State": "TN", "ZIP_Code": "38104", "Full_Address": "2400 CENTRAL AVE MEMPHIS TN 38104", "Latitude": 35.126, "Longitude": -89.98, "UCR_Category": "LARCENY/THEFT", "UCR_Description": "SHOPLIFTING", "NIBRS_Group": "A", "NIBRS_Offense_Group": "CRIMES AGAINST PROPERTY", "Part_One_or_Part_Two": 1, "Ward": "523", "Precinct": "TILLMAN", "Source_ObjectID": "491536", "ObjectId": 1657634}}, {"type": "Feature", "id": 1657635, "geometry": {"type": "Point", "coordinates": [-90.006, 35.148]}, "properties": {"Crime_ID": "2304021052ME", "Offense_Datetime": 1682291700000, "Reported_Datetime": 1682346960000, "Agency_Crime_ID": "VANDALISM/MISDEMEANOR", "UCR_Incident_Code": "290", "Block": 300, "Street_Name": "AVALON ST", "Street_Address": "300 AVALON ST", "City": "MEMPHIS", "State": "TN", "ZIP_Code": "38104", "Full_Address": "300 AVALON ST MEMPHIS TN 38104", "Latitude": 35.148, "Longitude": -90.006, "UCR_Category": "DEST/DAM/VAND OF PROPERTY", "UCR_Description": "DEST/DAM/VAND OF PROPERTY", "NIBRS_Group": "A", "NIBRS_Offense_Group": "CRIMES AGAINST PROPERTY", "Part_One_or_Part_Two": 2, "Ward": "424", "Precinct": "CRUMP", "Source_ObjectID": "389694", "ObjectId": 1657635}}, {"type": "Feature", "id": 1657636, "geometry": {"type": "Point", "coordinates": [-89.928, 35.239]}, "properties": {"Crime_ID": "2209004664ME", "Offense_Datetime": 1662771600000, "Reported_Datetime": 1662792480000, "Agency_Crime_ID": "MVT/PASSENGER VEHICLE", "UCR_Incident_Code": "240", "Block": 4000, "Street_Name": "DRUID HILL RD", "Street_Address": "4000 DRUID HILL RD", "City": "MEMPHIS", "State": "TN", "ZIP_Code": "38128", "Full_Address": "4000 DRUID HILL RD MEMPHIS TN 38128", "Latitude": 35.239, "Longitude": -89.928, "UCR_Category": "MOTOR VEHICLE THEFT", "UCR_Description": "MOTOR VEHICLE THEFT", "NIBRS_Group": "A", "NIBRS_Offense_Group": "CRIMES AGAINST PROPERTY", "Part_One_or_Part_Two": 1, "Ward": "125", "Precinct": "AUSTIN PEAY", "Source_ObjectID": "314890", "ObjectId": 1657636}}, {"type": "Feature", "id": 1657637, "geometry": {"type": "Point", "coordinates": [-90.013, 35.042]}, "properties": {"Crime_ID": "2207014699ME", "Offense_Datetime": 1658844000000, "Reported_Datetime": 1659104580000, "Agency_Crime_ID": "CREDIT CARD/ATM FRAUD", "UCR_Incident_Code": "26B", "Block": 3900, "Street_Name": "WISTERIA DR", "Street_Address": "3900 WISTERIA DR", "City": "MEMPHIS", "State": "TN", "ZIP_Code": "38116", "Full_Address": "3900 WISTERIA DR MEMPHIS TN 38116", "Latitude": 35.042, "Longitude": -90.013, "UCR_Category": "FRAUD", "UCR_Description": "CREDIT CARD/ATM FRAUD", "NIBRS_Group": "A", "NIBRS_Offense_Group": "CRIMES AGAINST PROPERTY", "Part_One_or_Part_Two": 2, "Ward": "225", "Precinct": "RAINES", "Source_ObjectID": "300742", "ObjectId": 1657637}}, {"type": "Feature", "id": 1657638, "geometry": {"type": "Point", "coordinates": [-89.893, 35.234]}, "properties": {"Crime_ID": "2008004830ME", "Offense_Datetime": 1597260600000, "Reported_Datetime": 1597270860000, "Agency_Crime_ID": "INTIMIDATION", "UCR_Incident_Code": "13C", "Block": 3900, "Street_Name": "NEW COVINGTON PIKE", "Street_Address": "3900 NEW COVINGTON PIKE", "City": "MEMPHIS", "State": "TN", "ZIP_Code": "38128", "Full_Address": "3900 NEW COVINGTON PIKE MEMPHIS TN 38128", "Latitude": 35.234, "Longitude": -89.893, "UCR_Category": "ASSAULT", "UCR_Description": "INTIMIDATION", "NIBRS_Group": "A", "NIBRS_Offense_Group": "CRIMES AGAINST PERSONS", "Part_One_or_Part_Two": 2, "Ward": "126", "Precinct": "AUSTIN PEAY", "Source_ObjectID": "102580", "ObjectId": 1657638}}, {"type": "Feature", "id": 1657639, "geometry": {"type": "Point", "coordinates": [-89.931, 35.099]}, "properties": {"Crime_ID": "2305023141ME", "Offense_Datetime": 1683514800000, "Reported_Datetime": 1683515580000, "Agency_Crime_ID": "VANDALISM/FELONY", "UCR_Incident_Code": "290", "Block": 3900, "Street_Name": "RHODES AVE", "Street_Address": "3900 RHODES AVE", "City": "MEMPHIS", "State": "TN", "ZIP_Code": "38111", "Full_Address": "3900 RHODES AVE MEMPHIS TN 38111", "Latitude": 35.099, "Longitude": -89.931, "UCR_Category": "DEST/DAM/VAND OF PROPERTY", "UCR_Description": "DEST/DAM/VAND OF PROPERTY", "NIBRS_Group": "A", "NIBRS_Offense_Group": "CRIMES AGAINST PROPERTY", "Part_One_or_Part_Two": 2, "Ward": "322", "Precinct": "MT MORIAH", "Source_ObjectID": "394653", "ObjectId": 1657639}}, {"type": "Feature", "id": 1657640, "geometry": {"type": "Point", "coordinates": [-89.922, 35.16]}, "properties": {"Crime_ID": "2209002507ME", "Offense_Datetime": 1662458400000, "Reported_Datetime": 1662460080000, "Agency_Crime_ID": "THEFT OF VEHICLE PARTS/ACCESSORIES", "UCR_Incident_Code": "23G", "Block": 1000, "Street_Name": "TATUM RD", "Street_Address": "1000 TATUM RD", "City": "MEMPHIS", "State": "TN", "ZIP_Code": "38122", "Full_Address": "1000 TATUM RD MEMPHIS TN 38122", "Latitude": 35.16, "Longitude": -89.922, "UCR_Category": "LARCENY/THEFT", "UCR_Description": "THEFT OF MV PARTS/ACCS", "NIBRS_Group": "A", "NIBRS_Offense_Group": "CRIMES AGAINST PROPERTY", "Part_One_or_Part_Two": 1, "Ward": "525", "Precinct": "TILLMAN", "Source_ObjectID": "313591", "ObjectId": 1657640}}, {"type": "Feature", "id": 1657641, "geometry": {"type": "Point", "coordinates": [-90.038, 35.144]}, "properties": {"Crime_ID": "2209007424ME", "Offense_Datetime": 1663246800000, "Reported_Datetime": 1663251360000, "Agency_Crime_ID": "SIMPLE ASSAULT/DV", "UCR_Incident_Code": "13B", "Block": 600, "Street_Name": "ADAMS AVE", "Street_Address": "600 ADAMS AVE", "City": "MEMPHIS", "State": "TN", "ZIP_Code": "38104", "Full_Address": "600 ADAMS AVE MEMPHIS TN 38104", "Latitude": 35.144, "Longitude": -90.038, "UCR_Category": "ASSAULT", "UCR_Description": "SIMPLE ASSAULT", "NIBRS_Group": "A", "NIBRS_Offense_Group": "CRIMES AGAINST PERSONS", "Part_One_or_Part_Two": 2, "Ward": "624", "Precinct": "NORTH MAIN", "Source_ObjectID": "316581", "ObjectId": 1657641}}, {"type": "Feature", "id": 1657642, "geometry": {"type": "Point", "coordinates": [-90.017, 35.054]}, "properties": {"Crime_ID": "2003010368ME", "Offense_Datetime": 1584403200000, "Reported_Datetime": 1585147440000, "Agency_Crime_ID": "OTHER THEFT/NON-SPECIFIC", "UCR_Incident_Code": "23H", "Block": 3400, "Street_Name": "GRACELAND DR", "Street_Address": "3400 GRACELAND DR", "City": "MEMPHIS", "State": "TN", "ZIP_Code": "38116", "Full_Address": "3400 GRACELAND DR MEMPHIS TN 38116", "Latitude": 35.054, "Longitude": -90.017, "UCR_Category": "LARCENY/THEFT", "UCR_Description": "ALL OTHER LARCENY", "NIBRS_Group": "A", "NIBRS_Offense_Group": "CRIMES AGAINST PROPERTY", "Part_One_or_Part_Two": 1, "Ward": "225", "Precinct": "RAINES", "Source_ObjectID": "65511", "ObjectId": 1657642}}, {"type": "Feature", "id": 1657643, "geometry": {"type": "Point", "coordinates": [-89.9, 35.055]}, "properties": {"Crime_ID": "2002007582ME", "Offense_Datetime": 1581985620000, "Reported_Datetime": 1581990660000, "Agency_Crime_ID": "VANDALISM/MISDEMEANOR", "UCR_Incident_Code": "290", "Block": 3400, "Street_Name": "STARSDALE RD", "Street_Address": "3400 STARSDALE RD", "City": "MEMPHIS", "State": "TN", "ZIP_Code": "38118", "Full_Address": "3400 STARSDALE RD MEMPHIS TN 38118", "Latitude": 35.055, "Longitude": -89.9, "UCR_Category": "DEST/DAM/VAND OF PROPERTY", "UCR_Description": "DEST/DAM/VAND OF PROPERTY", "NIBRS_Group": "A", "NIBRS_Offense_Group": "CRIMES AGAINST PROPERTY", "Part_One_or_Part_Two": 2, "Ward": "325", "Precinct": "MT MORIAH", "Source_ObjectID": "56381", "ObjectId": 1657643}}, {"type": "Feature", "id": 1657644, "geometry": {"type": "Point", "coordinates": [-90.015, 35.145]}, "properties": {"Crime_ID": "2306025697ME", "Offense_Datetime": 1686687900000, "Reported_Datetime": 1686690480000, "Agency_Crime_ID": "SHOPLIFTING/MISDEMEANOR", "UCR_Incident_Code": "23C", "Block": 1300, "Street_Name": "POPLAR AVE", "Street_Address": "1300 POPLAR AVE", "City": "MEMPHIS", "State": "TN", "ZIP_Code": "38104", "Full_Address": "1300 POPLAR AVE MEMPHIS TN 38104", "Latitude": 35.145, "Longitude": -90.015, "UCR_Category": "LARCENY/THEFT", "UCR_Description": "SHOPLIFTING", "NIBRS_Group": "A", "NIBRS_Offense_Group": "CRIMES AGAINST PROPERTY", "Part_One_or_Part_Two": 1, "Ward": "423", "Precinct": "CRUMP", "Source_ObjectID": "413929", "ObjectId": 1657644}}, {"type": "Feature", "id": 1657645, "geometry": {"type": "Point", "coordinates": [-89.841, 35.189]}, "properties": {"Crime_ID": "2205002473ME", "Offense_Datetime": 1651836000000, "Reported_Datetime": 1651837440000, "Agency_Crime_ID": "AGGRAVATED ASSAULT/DV", "UCR_Incident_Code": "13A", "Block": 2300, "Street_Name": "PTARMIGAN CV", "Street_Address": "2300 PTARMIGAN CV", "City": "MEMPHIS", "State": "TN", "ZIP_Code": "38134", "Full_Address": "2300 PTARMIGAN CV MEMPHIS TN 38134", "Latitude": 35.189, "Longitude": -89.841, "UCR_Category": "AGGRAVATED ASSAULT", "UCR_Description": "AGGRAVATED ASSAULT", "NIBRS_Group": "A", "NIBRS_Offense_Group": "CRIMES AGAINST PERSONS", "Part_One_or_Part_Two": 1, "Ward": "822", "Precinct": "APPLING FARMS", "Source_ObjectID": "273154", "ObjectId": 1657645}}, {"type": "Feature", "id": 1657646, "geometry": {"type": "Point", "coordinates": [-89.985, 35.106]}, "properties": {"Crime_ID": "2510024004ME", "Offense_Datetime": 1760302800000, "Reported_Datetime": 1760303040000, "Agency_Crime_ID": "SHOPLIFTING/MISDEMEANOR", "UCR_Incident_Code": "23C", "Block": 1400, "Street_Name": "TREZEVANT ST", "Street_Address": "1400 TREZEVANT ST", "City": "MEMPHIS", "State": "TN", "ZIP_Code": "38114", "Full_Address": "1400 TREZEVANT ST MEMPHIS TN 38114", "Latitude": 35.106, "Longitude": -89.985, "UCR_Category": "LARCENY/THEFT", "UCR_Description": "SHOPLIFTING", "NIBRS_Group": "A", "NIBRS_Offense_Group": "CRIMES AGAINST PROPERTY", "Part_One_or_Part_Two": 1, "Ward": "724", "Precinct": "AIRWAYS", "Source_ObjectID": "661048", "ObjectId": 1657646}}, {"type": "Feature", "id": 1657647, "geometry": {"type": "Point", "coordinates": [-89.808, 35.193]}, "properties": {"Crime_ID": "2208006131ME", "Offense_Datetime": 1660330800000, "Reported_Datetime": 1660352100000, "Agency_Crime_ID": "MVT/PASSENGER VEHICLE", "UCR_Incident_Code": "240", "Block": 7600, "Street_Name": "GLENFIELD CV", "Street_Address": "7600 GLENFIELD CV", "City": "MEMPHIS", "State": "TN", "ZIP_Code": "38134", "Full_Address": "7600 GLENFIELD CV MEMPHIS TN 38134", "Latitude": 35.193, "Longitude": -89.808, "UCR_Category": "MOTOR VEHICLE THEFT", "UCR_Description": "MOTOR VEHICLE THEFT", "NIBRS_Group": "A", "NIBRS_Offense_Group": "CRIMES AGAINST PROPERTY", "Part_One_or_Part_Two": 1, "Ward": "825", "Precinct": "APPLING FARMS", "Source_ObjectID": "305463", "ObjectId": 1657647}}, {"type": "Feature", "id": 1657648, "geometry": {"type": "Point", "coordinates": [-89.895, 35.204]}, "properties": {"Crime_ID": "2107004778ME", "Offense_Datetime": 1625850000000, "Reported_Datetime": 1626120540000, "Agency_Crime_ID": "THEFT FROM SEMI-TRAILER", "UCR_Incident_Code": "23F", "Block": 0, "Street_Name": "ENGLISH TOWNE//COVINGTON PIKE", "Street_Address": " ENGLISH TOWNE//COVINGTON PIKE", "City": "MEMPHIS", "State": "TN", "ZIP_Code": "38128", "Full_Address": " ENGLISH TOWNE//COVINGTON PIKE MEMPHIS TN 38128", "Latitude": 35.204, "Longitude": -89.895, "UCR_Category": "LARCENY/THEFT", "UCR_Description": "THEFT FROM A MOTOR VEHICLE", "NIBRS_Group": "A", "NIBRS_Offense_Group": "CRIMES AGAINST PROPERTY", "Part_One_or_Part_Two": 1, "Ward": "126", "Precinct": "AUSTIN PEAY", "Source_ObjectID": "190550", "ObjectId": 1657648}}, {"type": "Feature", "id": 1657649, "geometry": {"type": "Point", "coordinates": [-90.032, 35.161]}, "properties": {"Crime_ID": "2310020898ME", "Offense_Datetime": 1696305600000, "Reported_Datetime": 1696306860000, "Agency_Crime_ID": "WEAPON LAW VIOLATIONS/FELONY", "UCR_Incident_Code": "520", "Block": 700, "Street_Name": "LEATH ST", "Street_Address": "700 LEATH ST", "City": "MEMPHIS", "State": "TN", "ZIP_Code": "38107", "Full_Address": "700 LEATH ST MEMPHIS TN 38107", "Latitude": 35.161, "Longitude": -90.032, "UCR_Category": "WEAPON LAW VIOLATION", "UCR_Description": "WEAPON LAW VIOL", "NIBRS_Group": "A", "NIBRS_Offense_Group": "CRIMES AGAINST SOCIETY", "Part_One_or_Part_Two": 2, "Ward": "626", "Precinct": "NORTH MAIN", "Source_ObjectID": "447657", "ObjectId": 1657649}}, {"type": "Feature", "id": 1657650, "geometry": {"type": "Point", "coordinates": [-89.813, 35.204]}, "properties": {"Crime_ID": "2105008684ME", "Offense_Datetime": 1621560600000, "Reported_Datetime": 1621562760000, "Agency_Crime_ID": "MVT/PASSENGER VEHICLE", "UCR_Incident_Code": "240", "Block": 7500, "Street_Name": "HIGHWAY 64", "Street_Address": "7500 HIGHWAY 64", "City": "MEMPHIS", "State": "TN", "ZIP_Code": "38133", "Full_Address": "7500 HIGHWAY 64 MEMPHIS TN 38133", "Latitude": 35.204, "Longitude": -89.813, "UCR_Category": "MOTOR VEHICLE THEFT", "UCR_Description": "MOTOR VEHICLE THEFT", "NIBRS_Group": "A", "NIBRS_Offense_Group": "CRIMES AGAINST PROPERTY", "Part_One_or_Part_Two": 1, "Ward": "825", "Precinct": "APPLING FARMS", "Source_ObjectID": "175986", "ObjectId": 1657650}}, {"type": "Feature", "id": 1657651, "geometry": {"type": "Point", "coordinates": [-89.796, 35.049]}, "properties": {"Crime_ID": "2009001350ME", "Offense_Datetime": 1599046200000, "Reported_Datetime": 1599174180000, "Agency_Crime_ID": "SHOPLIFTING/MISDEMEANOR", "UCR_Incident_Code": "23C", "Block": 8000, "Street_Name": "WINCHESTER RD", "Street_Address": "8000 WINCHESTER RD", "City": "MEMPHIS", "State": "TN", "ZIP_Code": "38125", "Full_Address": "8000 WINCHESTER RD MEMPHIS TN 38125", "Latitude": 35.049, "Longitude": -89.796, "UCR_Category": "LARCENY/THEFT", "UCR_Description": "SHOPLIFTING", "NIBRS_Group": "A", "NIBRS_Offense_Group": "CRIMES AGAINST PROPERTY", "Part_One_or_Part_Two": 1, "Ward": "926", "Precinct": "RIDGEWAY", "Source_ObjectID": "108735", "ObjectId": 1657651}}, {"type": "Feature", "id": 1657652, "geometry": {"type": "Point", "coordinates": [-90.025, 35.141]}, "properties": {"Crime_ID": "2306023962ME", "Offense_Datetime": 1686340800000, "Reported_Datetime": 1686349860000, "Agency_Crime_ID": "AGGRAVATED ASSAULT", "UCR_Incident_Code": "13A", "Block": 1000, "Street_Name": "COURT AVE", "Street_Address": "1000 COURT AVE", "City": "MEMPHIS", "State": "TN", "ZIP_Code": "38103", "Full_Address": "1000 COURT AVE MEMPHIS TN 38103", "Latitude": 35.141, "Longitude": -90.025, "UCR_Category": "AGGRAVATED ASSAULT", "UCR_Description": "AGGRAVATED ASSAULT", "NIBRS_Group": "A", "NIBRS_Offense_Group": "CRIMES AGAINST PERSONS", "Part_One_or_Part_Two": 1, "Ward": "624", "Precinct": "NORTH MAIN", "Source_ObjectID": "412586", "ObjectId": 1657652}}, {"type": "Feature", "id": 1657653, "geometry": {"type": "Point", "coordinates": [-89.971, 35.082]}, "properties": {"Crime_ID": "2009007909ME", "Offense_Datetime": 1600340400000, "Reported_Datetime": 1600389960000, "Agency_Crime_ID": "BURGLARY/RESIDENTIAL", "UCR_Incident_Code": "220", "Block": 2700, "Street_Name": "JOLSON AVE", "Street_Address": "2700 JOLSON AVE", "City": "MEMPHIS", "State": "TN", "ZIP_Code": "38114", "Full_Address": "2700 JOLSON AVE MEMPHIS TN 38114", "Latitude": 35.082, "Longitude": -89.971, "UCR_Category": "BURG/BREAK & ENTER", "UCR_Description": "BURG/BREAK & ENTER", "NIBRS_Group": "A", "NIBRS_Offense_Group": "CRIMES AGAINST PROPERTY", "Part_One_or_Part_Two": 1, "Ward": "725", "Precinct": "AIRWAYS", "Source_ObjectID": "112830", "ObjectId": 1657653}}, {"type": "Feature", "id": 1657654, "geometry": {"type": "Point", "coordinates": [-90.043, 35.169]}, "properties": {"Crime_ID": "2009005802ME", "Offense_Datetime": 1600038000000, "Reported_Datetime": 1600040880000, "Agency_Crime_ID": "INTIMIDATION/DV", "UCR_Incident_Code": "13C", "Block": 100, "Street_Name": "CALDWELL AVE", "Street_Address": "100 CALDWELL AVE", "City": "MEMPHIS", "State": "TN", "ZIP_Code": "38107", "Full_Address": "100 CALDWELL AVE MEMPHIS TN 38107", "Latitude": 35.169, "Longitude": -90.043, "UCR_Category": "ASSAULT", "UCR_Description": "INTIMIDATION", "NIBRS_Group": "A", "NIBRS_Offense_Group": "CRIMES AGAINST PERSONS", "Part_One_or_Part_Two": 2, "Ward": "625", "Precinct": "NORTH MAIN", "Source_ObjectID": "111570", "ObjectId": 1657654}}, {"type": "Feature", "id": 1657655, "geometry": {"type": "Point", "coordinates": [-90.057, 35.135]}, "properties": {"Crime_ID": "2208005853ME", "Offense_Datetime": 1660317120000, "Reported_Datetime": 1660319100000, "Agency_Crime_ID": "WEAPON LAW VIOLATIONS/MISDEMEANOR", "UCR_Incident_Code": "520", "Block": 400, "Street_Name": "MULBERRY ST", "Street_Address": "400 MULBERRY ST", "City": "MEMPHIS", "State": "TN", "ZIP_Code": "38103", "Full_Address": "400 MULBERRY ST MEMPHIS TN 38103", "Latitude": 35.135, "Longitude": -90.057, "UCR_Category": "WEAPON LAW VIOLATION", "UCR_Description": "WEAPON LAW VIOL", "NIBRS_Group": "A", "NIBRS_Offense_Group": "CRIMES AGAINST SOCIETY", "Part_One_or_Part_Two": 2, "Ward": "621", "Precinct": "NORTH MAIN", "Source_ObjectID": "305283", "ObjectId": 1657655}}, {"type": "Feature", "id": 1657656, "geometry": {"type": "Point", "coordinates": [-89.779, 35.203]}, "properties": {"Crime_ID": "2505022421ME", "Offense_Datetime": 1746594060000, "Reported_Datetime": 1746594960000, "Agency_Crime_ID": "THEFT FROM MOTOR VEHICLE", "UCR_Incident_Code": "23F", "Block": 2800, "Street_Name": "NEW BRUNSWICK RD", "Street_Address": "2800 NEW BRUNSWICK RD", "City": "MEMPHIS", "State": "TN", "ZIP_Code": "38133", "Full_Address": "2800 NEW BRUNSWICK RD MEMPHIS TN 38133", "Latitude": 35.203, "Longitude": -89.779, "UCR_Category": "LARCENY/THEFT", "UCR_Description": "THEFT FROM A MOTOR VEHICLE", "NIBRS_Group": "A", "NIBRS_Offense_Group": "CRIMES AGAINST PROPERTY", "Part_One_or_Part_Two": 1, "Ward": "825", "Precinct": "APPLING FARMS", "Source_ObjectID": "619704", "ObjectId": 1657656}}, {"type": "Feature", "id": 1657657, "geometry": {"type": "Point", "coordinates": [-89.917, 35.163]}, "properties": {"Crime_ID": "2210010615ME", "Offense_Datetime": 1666623600000, "Reported_Datetime": 1666719120000, "Agency_Crime_ID": "BURGLARY/RESIDENTIAL", "UCR_Incident_Code": "220", "Block": 1100, "Street_Name": "WELLS STATION", "Street_Address": "1100 WELLS STATION", "City": "MEMPHIS", "State": "TN", "ZIP_Code": "38122", "Full_Address": "1100 WELLS STATION MEMPHIS TN 38122", "Latitude": 35.163, "Longitude": -89.917, "UCR_Category": "BURG/BREAK & ENTER", "UCR_Description": "BURG/BREAK & ENTER", "NIBRS_Group": "A", "NIBRS_Offense_Group": "CRIMES AGAINST PROPERTY", "Part_One_or_Part_Two": 1, "Ward": "525", "Precinct": "TILLMAN", "Source_ObjectID": "328869", "ObjectId": 1657657}}, {"type": "Feature", "id": 1657658, "geometry": {"type": "Point", "coordinates": [-89.802, 35.161]}, "properties": {"Crime_ID": "2511027671ME", "Offense_Datetime": 1764039600000, "Reported_Datetime": 1764052380000, "Agency_Crime_ID": "VANDALISM/FELONY", "UCR_Incident_Code": "290", "Block": 7800, "Street_Name": "CLUB DR", "Street_Address": "7800 CLUB DR", "City": "MEMPHIS", "State": "TN", "ZIP_Code": "38018", "Full_Address": "7800 CLUB DR MEMPHIS TN 38018", "Latitude": 35.161, "Longitude": -89.802, "UCR_Category": "DEST/DAM/VAND OF PROPERTY", "UCR_Description": "DEST/DAM/VAND OF PROPERTY", "NIBRS_Group": "A", "NIBRS_Offense_Group": "CRIMES AGAINST PROPERTY", "Part_One_or_Part_Two": 2, "Ward": "824", "Precinct": "APPLING FARMS", "Source_ObjectID": "670048", "ObjectId": 1657658}}, {"type": "Feature", "id": 1657659, "geometry": {"type": "Point", "coordinates": [-89.956, 35.15]}, "properties": {"Crime_ID": "2110008061ME", "Offense_Datetime": 1634586600000, "Reported_Datetime": 1634591040000, "Agency_Crime_ID": "DRUGS/NARCOTICS VIOLATION/MISDEMEANOR", "UCR_Incident_Code": "35A", "Block": 600, "Street_Name": "POPE ST", "Street_Address": "600 POPE ST", "City": "MEMPHIS", "State": "TN", "ZIP_Code": "38112", "Full_Address": "600 POPE ST MEMPHIS TN 38112", "Latitude": 35.15, "Longitude": -89.956, "UCR_Category": "DRUG/NARCOTIC", "UCR_Description": "DRUG/NARCOTIC VIOLS", "NIBRS_Group": "A", "NIBRS_Offense_Group": "CRIMES AGAINST SOCIETY", "Part_One_or_Part_Two": 2, "Ward": "OCU", "Precinct": "OCU", "Source_ObjectID": "218402", "ObjectId": 1657659}}, {"type": "Feature", "id": 1657660, "geometry": {"type": "Point", "coordinates": [-89.844, 35.06]}, "properties": {"Crime_ID": "2308009652ME", "Offense_Datetime": 1692295200000, "Reported_Datetime": 1692303360000, "Agency_Crime_ID": "AGGRAVATED ASSAULT", "UCR_Incident_Code": "13A", "Block": 0, "Street_Name": "KIRBY PKWY//KNIGHT ARNOLD RD", "Street_Address": " KIRBY PKWY//KNIGHT ARNOLD RD", "City": "MEMPHIS", "State": "TN", "ZIP_Code": "38115", "Full_Address": " KIRBY PKWY//KNIGHT ARNOLD RD MEMPHIS TN 38115", "Latitude": 35.06, "Longitude": -89.844, "UCR_Category": "AGGRAVATED ASSAULT", "UCR_Description": "AGGRAVATED ASSAULT", "NIBRS_Group": "A", "NIBRS_Offense_Group": "CRIMES AGAINST PERSONS", "Part_One_or_Part_Two": 1, "Ward": "925", "Precinct": "RIDGEWAY", "Source_ObjectID": "431648", "ObjectId": 1657660}}, {"type": "Feature", "id": 1657661, "geometry": {"type": "Point", "coordinates": [-89.997, 35.114]}, "properties": {"Crime_ID": "2509020205ME", "Offense_Datetime": 1756746000000, "Reported_Datetime": 1756751700000, "Agency_Crime_ID": "SIMPLE ASSAULT/DV", "UCR_Incident_Code": "13B", "Block": 1900, "Street_Name": "LAMAR AVE", "Street_Address": "1900 LAMAR AVE", "City": "MEMPHIS", "State": "TN", "ZIP_Code": "38114", "Full_Address": "1900 LAMAR AVE MEMPHIS TN 38114", "Latitude": 35.114, "Longitude": -89.997, "UCR_Category": "ASSAULT", "UCR_Description": "SIMPLE ASSAULT", "NIBRS_Group": "A", "NIBRS_Offense_Group": "CRIMES AGAINST PERSONS", "Part_One_or_Part_Two": 2, "Ward": "424", "Precinct": "CRUMP", "Source_ObjectID": "651088", "ObjectId": 1657661}}, {"type": "Feature", "id": 1657662, "geometry": {"type": "Point", "coordinates": [-89.976, 35.142]}, "properties": {"Crime_ID": "2206014449ME", "Offense_Datetime": 1656547200000, "Reported_Datetime": 1656590280000, "Agency_Crime_ID": "THEFT FROM MOTOR VEHICLE", "UCR_Incident_Code": "23F", "Block": 200, "Street_Name": "MERTON ST", "Street_Address": "200 MERTON ST", "City": "MEMPHIS", "State": "TN", "ZIP_Code": "38112", "Full_Address": "200 MERTON ST MEMPHIS TN 38112", "Latitude": 35.142, "Longitude": -89.976, "UCR_Category": "LARCENY/THEFT", "UCR_Description": "THEFT FROM A MOTOR VEHICLE", "NIBRS_Group": "A", "NIBRS_Offense_Group": "CRIMES AGAINST PROPERTY", "Part_One_or_Part_Two": 1, "Ward": "523", "Precinct": "TILLMAN", "Source_ObjectID": "290794", "ObjectId": 1657662}}, {"type": "Feature", "id": 1657663, "geometry": {"type": "Point", "coordinates": [-90.032, 35.21]}, "properties": {"Crime_ID": "2605028541ME", "Offense_Datetime": 1779687000000, "Reported_Datetime": 1779714480000, "Agency_Crime_ID": "BURGLARY/BUSINESS", "UCR_Incident_Code": "220", "Block": 3100, "Street_Name": "THOMAS ST", "Street_Address": "3100 THOMAS ST", "City": "MEMPHIS", "State": "TN", "ZIP_Code": "38127", "Full_Address": "3100 THOMAS ST MEMPHIS TN 38127", "Latitude": 35.21, "Longitude": -90.032, "UCR_Category": "BURG/BREAK & ENTER", "UCR_Description": "BURG/BREAK & ENTER", "NIBRS_Group": "A", "NIBRS_Offense_Group": "CRIMES AGAINST PROPERTY", "Part_One_or_Part_Two": 1, "Ward": "121", "Precinct": "AUSTIN PEAY", "Source_ObjectID": "706921", "ObjectId": 1657663}}, {"type": "Feature", "id": 1657664, "geometry": {"type": "Point", "coordinates": [-89.93, 35.155]}, "properties": {"Crime_ID": "2405030130ME", "Offense_Datetime": 1716476400000, "Reported_Datetime": 1716576180000, "Agency_Crime_ID": "FALSE PRETENSES/SWINDLE/CONFIDENCE GAME", "UCR_Incident_Code": "26A", "Block": 800, "Street_Name": "CHATWOOD ST", "Street_Address": "800 CHATWOOD ST", "City": "MEMPHIS", "State": "TN", "ZIP_Code": "38122", "Full_Address": "800 CHATWOOD ST MEMPHIS TN 38122", "Latitude": 35.155, "Longitude": -89.93, "UCR_Category": "FRAUD", "UCR_Description": "FALSE PRETENSES/SWIN/CONF", "NIBRS_Group": "A", "NIBRS_Offense_Group": "CRIMES AGAINST PROPERTY", "Part_One_or_Part_Two": 2, "Ward": "524", "Precinct": "TILLMAN", "Source_ObjectID": "519209", "ObjectId": 1657664}}, {"type": "Feature", "id": 1657665, "geometry": {"type": "Point", "coordinates": [-89.864, 35.04]}, "properties": {"Crime_ID": "2209014420ME", "Offense_Datetime": 1664229000000, "Reported_Datetime": 1664402580000, "Agency_Crime_ID": "SIMPLE ASSAULT/DV", "UCR_Incident_Code": "13B", "Block": 5900, "Street_Name": "LITTLE BROOK CIRCLE S", "Street_Address": "5900 LITTLE BROOK CIRCLE S", "City": "MEMPHIS", "State": "TN", "ZIP_Code": "38115", "Full_Address": "5900 LITTLE BROOK CIRCLE S MEMPHIS TN 38115", "Latitude": 35.04, "Longitude": -89.864, "UCR_Category": "ASSAULT", "UCR_Description": "SIMPLE ASSAULT", "NIBRS_Group": "A", "NIBRS_Offense_Group": "CRIMES AGAINST PERSONS", "Part_One_or_Part_Two": 2, "Ward": "924", "Precinct": "RIDGEWAY", "Source_ObjectID": "321086", "ObjectId": 1657665}}, {"type": "Feature", "id": 1657666, "geometry": {"type": "Point", "coordinates": [-90.037, 35.127]}, "properties": {"Crime_ID": "2404025651ME", "Offense_Datetime": 1713134580000, "Reported_Datetime": 1713135240000, "Agency_Crime_ID": "DRUGS/NARCOTICS VIOLATION/FELONY", "UCR_Incident_Code": "35A", "Block": 0, "Street_Name": "E E H CRUMP BLVD//PORTER ST", "Street_Address": " E E H CRUMP BLVD//PORTER ST", "City": "MEMPHIS", "State": "TN", "ZIP_Code": "38126", "Full_Address": " E E H CRUMP BLVD//PORTER ST MEMPHIS TN 38126", "Latitude": 35.127, "Longitude": -90.037, "UCR_Category": "DRUG/NARCOTIC", "UCR_Description": "DRUG/NARCOTIC VIOLS", "NIBRS_Group": "A", "NIBRS_Offense_Group": "CRIMES AGAINST SOCIETY", "Part_One_or_Part_Two": 2, "Ward": "621", "Precinct": "NORTH MAIN", "Source_ObjectID": "506404", "ObjectId": 1657666}}, {"type": "Feature", "id": 1657667, "geometry": {"type": "Point", "coordinates": [-89.904, 35.151]}, "properties": {"Crime_ID": "2308020340ME", "Offense_Datetime": 1692685800000, "Reported_Datetime": 1692737280000, "Agency_Crime_ID": "AGGRAVATED ASSAULT", "UCR_Incident_Code": "13A", "Block": 4700, "Street_Name": "TUTWILER AVE", "Street_Address": "4700 TUTWILER AVE", "City": "MEMPHIS", "State": "TN", "ZIP_Code": "38122", "Full_Address": "4700 TUTWILER AVE MEMPHIS TN 38122", "Latitude": 35.151, "Longitude": -89.904, "UCR_Category": "AGGRAVATED ASSAULT", "UCR_Description": "AGGRAVATED ASSAULT", "NIBRS_Group": "A", "NIBRS_Offense_Group": "CRIMES AGAINST PERSONS", "Part_One_or_Part_Two": 1, "Ward": "821", "Precinct": "APPLING FARMS", "Source_ObjectID": "435559", "ObjectId": 1657667}}, {"type": "Feature", "id": 1657668, "geometry": {"type": "Point", "coordinates": [-89.988, 35.142]}, "properties": {"Crime_ID": "2412029393ME", "Offense_Datetime": 1735257600000, "Reported_Datetime": 1735307340000, "Agency_Crime_ID": "VANDALISM/MISDEMEANOR", "UCR_Incident_Code": "290", "Block": 2100, "Street_Name": "POPLAR AVE", "Street_Address": "2100 POPLAR AVE", "City": "MEMPHIS", "State": "TN", "ZIP_Code": "38104", "Full_Address": "2100 POPLAR AVE MEMPHIS TN 38104", "Latitude": 35.142, "Longitude": -89.988, "UCR_Category": "DEST/DAM/VAND OF PROPERTY", "UCR_Description": "DEST/DAM/VAND OF PROPERTY", "NIBRS_Group": "A", "NIBRS_Offense_Group": "CRIMES AGAINST PROPERTY", "Part_One_or_Part_Two": 2, "Ward": "424", "Precinct": "CRUMP", "Source_ObjectID": "584976", "ObjectId": 1657668}}, {"type": "Feature", "id": 1657669, "geometry": {"type": "Point", "coordinates": [-90.03, 35.113]}, "properties": {"Crime_ID": "2304003108ME", "Offense_Datetime": 1680857400000, "Reported_Datetime": 1680858180000, "Agency_Crime_ID": "SIMPLE ASSAULT/DV", "UCR_Incident_Code": "13B", "Block": 1200, "Street_Name": "AZALIA ST", "Street_Address": "1200 AZALIA ST", "City": "MEMPHIS", "State": "TN", "ZIP_Code": "38106", "Full_Address": "1200 AZALIA ST MEMPHIS TN 38106", "Latitude": 35.113, "Longitude": -90.03, "UCR_Category": "ASSAULT", "UCR_Description": "SIMPLE ASSAULT", "NIBRS_Group": "A", "NIBRS_Offense_Group": "CRIMES AGAINST PERSONS", "Part_One_or_Part_Two": 2, "Ward": "422", "Precinct": "CRUMP", "Source_ObjectID": "383635", "ObjectId": 1657669}}, {"type": "Feature", "id": 1657670, "geometry": {"type": "Point", "coordinates": [-89.838, 35.049]}, "properties": {"Crime_ID": "2309023446ME", "Offense_Datetime": 1694257080000, "Reported_Datetime": 1694259240000, "Agency_Crime_ID": "SIMPLE ASSAULT", "UCR_Incident_Code": "13B", "Block": 6700, "Street_Name": "WINCHESTER RD", "Street_Address": "6700 WINCHESTER RD", "City": "MEMPHIS", "State": "TN", "ZIP_Code": "38115", "Full_Address": "6700 WINCHESTER RD MEMPHIS TN 38115", "Latitude": 35.049, "Longitude": -89.838, "UCR_Category": "ASSAULT", "UCR_Description": "SIMPLE ASSAULT", "NIBRS_Group": "A", "NIBRS_Offense_Group": "CRIMES AGAINST PERSONS", "Part_One_or_Part_Two": 2, "Ward": "924", "Precinct": "RIDGEWAY", "Source_ObjectID": "439529", "ObjectId": 1657670}}, {"type": "Feature", "id": 1657671, "geometry": {"type": "Point", "coordinates": [-89.984, 35.109]}, "properties": {"Crime_ID": "2604029131ME", "Offense_Datetime": 1777254180000, "Reported_Datetime": 1777254300000, "Agency_Crime_ID": "DRUGS/NARCOTICS VIOLATION/FELONY", "UCR_Incident_Code": "35A", "Block": 2300, "Street_Name": "SARATOGA AVE", "Street_Address": "2300 SARATOGA AVE", "City": "MEMPHIS", "State": "TN", "ZIP_Code": "38114", "Full_Address": "2300 SARATOGA AVE MEMPHIS TN 38114", "Latitude": 35.109, "Longitude": -89.984, "UCR_Category": "DRUG/NARCOTIC", "UCR_Description": "DRUG/NARCOTIC VIOLS", "NIBRS_Group": "A", "NIBRS_Offense_Group": "CRIMES AGAINST SOCIETY", "Part_One_or_Part_Two": 2, "Ward": "726", "Precinct": "AIRWAYS", "Source_ObjectID": "700557", "ObjectId": 1657671}}, {"type": "Feature", "id": 1657672, "geometry": {"type": "Point", "coordinates": [-89.876, 35.182]}, "properties": {"Crime_ID": "2207002160ME", "Offense_Datetime": 1657053900000, "Reported_Datetime": 1657057800000, "Agency_Crime_ID": "INTIMIDATION", "UCR_Incident_Code": "13C", "Block": 5600, "Street_Name": "SWEET GUM DR", "Street_Address": "5600 SWEET GUM DR", "City": "MEMPHIS", "State": "TN", "ZIP_Code": "38134", "Full_Address": "5600 SWEET GUM DR MEMPHIS TN 38134", "Latitude": 35.182, "Longitude": -89.876, "UCR_Category": "ASSAULT", "UCR_Description": "INTIMIDATION", "NIBRS_Group": "A", "NIBRS_Offense_Group": "CRIMES AGAINST PERSONS", "Part_One_or_Part_Two": 2, "Ward": "822", "Precinct": "APPLING FARMS", "Source_ObjectID": "292870", "ObjectId": 1657672}}, {"type": "Feature", "id": 1657673, "geometry": {"type": "Point", "coordinates": [-90.024, 35.01]}, "properties": {"Crime_ID": "2106004478ME", "Offense_Datetime": 1623376800000, "Reported_Datetime": 1623400620000, "Agency_Crime_ID": "THEFT FROM MOTOR VEHICLE", "UCR_Incident_Code": "23F", "Block": 1100, "Street_Name": "HESTER RD", "Street_Address": "1100 HESTER RD", "City": "MEMPHIS", "State": "TN", "ZIP_Code": "38116", "Full_Address": "1100 HESTER RD MEMPHIS TN 38116", "Latitude": 35.01, "Longitude": -90.024, "UCR_Category": "LARCENY/THEFT", "UCR_Description": "THEFT FROM A MOTOR VEHICLE", "NIBRS_Group": "A", "NIBRS_Offense_Group": "CRIMES AGAINST PROPERTY", "Part_One_or_Part_Two": 1, "Ward": "225", "Precinct": "RAINES", "Source_ObjectID": "181995", "ObjectId": 1657673}}, {"type": "Feature", "id": 1657674, "geometry": {"type": "Point", "coordinates": [-89.996, 35.226]}, "properties": {"Crime_ID": "2408028275ME", "Offense_Datetime": 1724247180000, "Reported_Datetime": 1724247180000, "Agency_Crime_ID": "OTHER THEFT/NON-SPECIFIC", "UCR_Incident_Code": "23H", "Block": 3600, "Street_Name": "DENVER ST", "Street_Address": "3600 DENVER ST", "City": "MEMPHIS", "State": "TN", "ZIP_Code": "38127", "Full_Address": "3600 DENVER ST MEMPHIS TN 38127", "Latitude": 35.226, "Longitude": -89.996, "UCR_Category": "LARCENY/THEFT", "UCR_Description": "ALL OTHER LARCENY", "NIBRS_Group": "A", "NIBRS_Offense_Group": "CRIMES AGAINST PROPERTY", "Part_One_or_Part_Two": 1, "Ward": "121", "Precinct": "AUSTIN PEAY", "Source_ObjectID": "548255", "ObjectId": 1657674}}, {"type": "Feature", "id": 1657675, "geometry": {"type": "Point", "coordinates": [-89.979, 35.151]}, "properties": {"Crime_ID": "2512020386ME", "Offense_Datetime": 1764691200000, "Reported_Datetime": 1764691860000, "Agency_Crime_ID": "SHOPLIFTING/MISDEMEANOR", "UCR_Incident_Code": "23C", "Block": 2300, "Street_Name": "SUMMER AVE", "Street_Address": "2300 SUMMER AVE", "City": "MEMPHIS", "State": "TN", "ZIP_Code": "38122", "Full_Address": "2300 SUMMER AVE MEMPHIS TN 38122", "Latitude": 35.151, "Longitude": -89.979, "UCR_Category": "LARCENY/THEFT", "UCR_Description": "SHOPLIFTING", "NIBRS_Group": "A", "NIBRS_Offense_Group": "CRIMES AGAINST PROPERTY", "Part_One_or_Part_Two": 1, "Ward": "524", "Precinct": "TILLMAN", "Source_ObjectID": "671324", "ObjectId": 1657675}}, {"type": "Feature", "id": 1657676, "geometry": {"type": "Point", "coordinates": [-90.027, 35.128]}, "properties": {"Crime_ID": "2509023084ME", "Offense_Datetime": 1757282400000, "Reported_Datetime": 1757369940000, "Agency_Crime_ID": "THEFT FROM MOTOR VEHICLE", "UCR_Incident_Code": "23F", "Block": 1000, "Street_Name": "CENTRAL AVE", "Street_Address": "1000 CENTRAL AVE", "City": "MEMPHIS", "State": "TN", "ZIP_Code": "38104", "Full_Address": "1000 CENTRAL AVE MEMPHIS TN 38104", "Latitude": 35.128, "Longitude": -90.027, "UCR_Category": "LARCENY/THEFT", "UCR_Description": "THEFT FROM A MOTOR VEHICLE", "NIBRS_Group": "A", "NIBRS_Offense_Group": "CRIMES AGAINST PROPERTY", "Part_One_or_Part_Two": 1, "Ward": "422", "Precinct": "CRUMP", "Source_ObjectID": "653037", "ObjectId": 1657676}}, {"type": "Feature", "id": 1657677, "geometry": {"type": "Point", "coordinates": [-89.922, 35.175]}, "properties": {"Crime_ID": "2209002443ME", "Offense_Datetime": 1657556760000, "Reported_Datetime": 1662441420000, "Agency_Crime_ID": "INTIMIDATION", "UCR_Incident_Code": "13C", "Block": 4100, "Street_Name": "PRINT AVE", "Street_Address": "4100 PRINT AVE", "City": "MEMPHIS", "State": "TN", "ZIP_Code": "38108", "Full_Address": "4100 PRINT AVE MEMPHIS TN 38108", "Latitude": 35.175, "Longitude": -89.922, "UCR_Category": "ASSAULT", "UCR_Description": "INTIMIDATION", "NIBRS_Group": "A", "NIBRS_Offense_Group": "CRIMES AGAINST PERSONS", "Part_One_or_Part_Two": 2, "Ward": "525", "Precinct": "TILLMAN", "Source_ObjectID": "313551", "ObjectId": 1657677}}, {"type": "Feature", "id": 1657678, "geometry": {"type": "Point", "coordinates": [-90.008, 35.05]}, "properties": {"Crime_ID": "2008003008ME", "Offense_Datetime": 1596894000000, "Reported_Datetime": 1596896520000, "Agency_Crime_ID": "SIMPLE ASSAULT/DV", "UCR_Incident_Code": "13B", "Block": 1600, "Street_Name": "MILLWALK DR", "Street_Address": "1600 MILLWALK DR", "City": "MEMPHIS", "State": "TN", "ZIP_Code": "38116", "Full_Address": "1600 MILLWALK DR MEMPHIS TN 38116", "Latitude": 35.05, "Longitude": -90.008, "UCR_Category": "ASSAULT", "UCR_Description": "SIMPLE ASSAULT", "NIBRS_Group": "A", "NIBRS_Offense_Group": "CRIMES AGAINST PERSONS", "Part_One_or_Part_Two": 2, "Ward": "225", "Precinct": "RAINES", "Source_ObjectID": "101390", "ObjectId": 1657678}}, {"type": "Feature", "id": 1657679, "geometry": {"type": "Point", "coordinates": [-89.879, 35.051]}, "properties": {"Crime_ID": "2401027831ME", "Offense_Datetime": 1706063520000, "Reported_Datetime": 1706102700000, "Agency_Crime_ID": "MVT/PASSENGER VEHICLE", "UCR_Incident_Code": "240", "Block": 3500, "Street_Name": "BISHOPS GATE DR", "Street_Address": "3500 BISHOPS GATE DR", "City": "MEMPHIS", "State": "TN", "ZIP_Code": "38115", "Full_Address": "3500 BISHOPS GATE DR MEMPHIS TN 38115", "Latitude": 35.051, "Longitude": -89.879, "UCR_Category": "MOTOR VEHICLE THEFT", "UCR_Description": "MOTOR VEHICLE THEFT", "NIBRS_Group": "A", "NIBRS_Offense_Group": "CRIMES AGAINST PROPERTY", "Part_One_or_Part_Two": 1, "Ward": "325", "Precinct": "MT MORIAH", "Source_ObjectID": "482360", "ObjectId": 1657679}}, {"type": "Feature", "id": 1657680, "geometry": {"type": "Point", "coordinates": [-89.998, 35.005]}, "properties": {"Crime_ID": "2301009516ME", "Offense_Datetime": 1674084600000, "Reported_Datetime": 1674086580000, "Agency_Crime_ID": "AGGRAVATED ASSAULT", "UCR_Incident_Code": "13A", "Block": 5200, "Street_Name": "JORDAN DR", "Street_Address": "5200 JORDAN DR", "City": "MEMPHIS", "State": "TN", "ZIP_Code": "38116", "Full_Address": "5200 JORDAN DR MEMPHIS TN 38116", "Latitude": 35.005, "Longitude": -89.998, "UCR_Category": "AGGRAVATED ASSAULT", "UCR_Description": "AGGRAVATED ASSAULT", "NIBRS_Group": "A", "NIBRS_Offense_Group": "CRIMES AGAINST PERSONS", "Part_One_or_Part_Two": 1, "Ward": "226", "Precinct": "RAINES", "Source_ObjectID": "358976", "ObjectId": 1657680}}, {"type": "Feature", "id": 1657681, "geometry": {"type": "Point", "coordinates": [-90.035, 35.023]}, "properties": {"Crime_ID": "2105001373ME", "Offense_Datetime": 1620147600000, "Reported_Datetime": 1620159120000, "Agency_Crime_ID": "THEFT FROM MOTOR VEHICLE", "UCR_Incident_Code": "23F", "Block": 800, "Street_Name": "LINWOOD RD", "Street_Address": "800 LINWOOD RD", "City": "MEMPHIS", "State": "TN", "ZIP_Code": "38116", "Full_Address": "800 LINWOOD RD MEMPHIS TN 38116", "Latitude": 35.023, "Longitude": -90.035, "UCR_Category": "LARCENY/THEFT", "UCR_Description": "THEFT FROM A MOTOR VEHICLE", "NIBRS_Group": "A", "NIBRS_Offense_Group": "CRIMES AGAINST PROPERTY", "Part_One_or_Part_Two": 1, "Ward": "223", "Precinct": "RAINES", "Source_ObjectID": "171488", "ObjectId": 1657681}}, {"type": "Feature", "id": 1657682, "geometry": {"type": "Point", "coordinates": [-89.831, 35.052]}, "properties": {"Crime_ID": "2406029142ME", "Offense_Datetime": 1719013380000, "Reported_Datetime": 1719016080000, "Agency_Crime_ID": "ARSON", "UCR_Incident_Code": "200", "Block": 3500, "Street_Name": "RIVERDALE RD", "Street_Address": "3500 RIVERDALE RD", "City": "MEMPHIS", "State": "TN", "ZIP_Code": "38115", "Full_Address": "3500 RIVERDALE RD MEMPHIS TN 38115", "Latitude": 35.052, "Longitude": -89.831, "UCR_Category": "ARSON", "UCR_Description": "ARSON", "NIBRS_Group": "A", "NIBRS_Offense_Group": "CRIMES AGAINST PROPERTY", "Part_One_or_Part_Two": 1, "Ward": "925", "Precinct": "RIDGEWAY", "Source_ObjectID": "528974", "ObjectId": 1657682}}, {"type": "Feature", "id": 1657683, "geometry": {"type": "Point", "coordinates": [-89.886, 35.062]}, "properties": {"Crime_ID": "2006004971ME", "Offense_Datetime": 1592029800000, "Reported_Datetime": 1592074620000, "Agency_Crime_ID": "WEAPON LAW VIOLATIONS/FELONY", "UCR_Incident_Code": "520", "Block": 5300, "Street_Name": "KNIGHT ARNOLD RD", "Street_Address": "5300 KNIGHT ARNOLD RD", "City": "MEMPHIS", "State": "TN", "ZIP_Code": "38118", "Full_Address": "5300 KNIGHT ARNOLD RD MEMPHIS TN 38118", "Latitude": 35.062, "Longitude": -89.886, "UCR_Category": "WEAPON LAW VIOLATION", "UCR_Description": "WEAPON LAW VIOL", "NIBRS_Group": "A", "NIBRS_Offense_Group": "CRIMES AGAINST SOCIETY", "Part_One_or_Part_Two": 2, "Ward": "325", "Precinct": "MT MORIAH", "Source_ObjectID": "86362", "ObjectId": 1657683}}, {"type": "Feature", "id": 1657684, "geometry": {"type": "Point", "coordinates": [-90.068, 35.103]}, "properties": {"Crime_ID": "2403022063ME", "Offense_Datetime": 1709743800000, "Reported_Datetime": 1709744400000, "Agency_Crime_ID": "INTIMIDATION", "UCR_Incident_Code": "13C", "Block": 1600, "Street_Name": "PENNSYLVANIA ST", "Street_Address": "1600 PENNSYLVANIA ST", "City": "MEMPHIS", "State": "TN", "ZIP_Code": "38104", "Full_Address": "1600 PENNSYLVANIA ST MEMPHIS TN 38104", "Latitude": 35.103, "Longitude": -90.068, "UCR_Category": "ASSAULT", "UCR_Description": "INTIMIDATION", "NIBRS_Group": "A", "NIBRS_Offense_Group": "CRIMES AGAINST PERSONS", "Part_One_or_Part_Two": 2, "Ward": "723", "Precinct": "AIRWAYS", "Source_ObjectID": "494982", "ObjectId": 1657684}}, {"type": "Feature", "id": 1657685, "geometry": {"type": "Point", "coordinates": [-90.008, 35.199]}, "properties": {"Crime_ID": "2502028955ME", "Offense_Datetime": 1740695820000, "Reported_Datetime": 1740697560000, "Agency_Crime_ID": "DRUGS/NARCOTICS VIOLATION/FELONY", "UCR_Incident_Code": "35A", "Block": 0, "Street_Name": "N WATKINS ST//DELANO AVE", "Street_Address": " N WATKINS ST//DELANO AVE", "City": "MEMPHIS", "State": "TN", "ZIP_Code": "38127", "Full_Address": " N WATKINS ST//DELANO AVE MEMPHIS TN 38127", "Latitude": 35.199, "Longitude": -90.008, "UCR_Category": "DRUG/NARCOTIC", "UCR_Description": "DRUG/NARCOTIC VIOLS", "NIBRS_Group": "A", "NIBRS_Offense_Group": "CRIMES AGAINST SOCIETY", "Part_One_or_Part_Two": 2, "Ward": "122", "Precinct": "AUSTIN PEAY", "Source_ObjectID": "601221", "ObjectId": 1657685}}, {"type": "Feature", "id": 1657686, "geometry": {"type": "Point", "coordinates": [-90.015, 35.136]}, "properties": {"Crime_ID": "2503028453ME", "Offense_Datetime": 1742868000000, "Reported_Datetime": 1742869140000, "Agency_Crime_ID": "SIMPLE ASSAULT", "UCR_Incident_Code": "13B", "Block": 1400, "Street_Name": "UNION AVE", "Street_Address": "1400 UNION AVE", "City": "MEMPHIS", "State": "TN", "ZIP_Code": "38104", "Full_Address": "1400 UNION AVE MEMPHIS TN 38104", "Latitude": 35.136, "Longitude": -90.015, "UCR_Category": "ASSAULT", "UCR_Description": "SIMPLE ASSAULT", "NIBRS_Group": "A", "NIBRS_Offense_Group": "CRIMES AGAINST PERSONS", "Part_One_or_Part_Two": 2, "Ward": "423", "Precinct": "CRUMP", "Source_ObjectID": "607601", "ObjectId": 1657686}}, {"type": "Feature", "id": 1657687, "geometry": {"type": "Point", "coordinates": [-90.038, 35.124]}, "properties": {"Crime_ID": "2412029534ME", "Offense_Datetime": 1735330500000, "Reported_Datetime": 1735332300000, "Agency_Crime_ID": "BURGLARY/BOXCAR", "UCR_Incident_Code": "220", "Block": 700, "Street_Name": "ALSTON AVE", "Street_Address": "700 ALSTON AVE", "City": "MEMPHIS", "State": "TN", "ZIP_Code": "38122", "Full_Address": "700 ALSTON AVE MEMPHIS TN 38122", "Latitude": 35.124, "Longitude": -90.038, "UCR_Category": "BURG/BREAK & ENTER", "UCR_Description": "BURG/BREAK & ENTER", "NIBRS_Group": "A", "NIBRS_Offense_Group": "CRIMES AGAINST PROPERTY", "Part_One_or_Part_Two": 1, "Ward": "422", "Precinct": "CRUMP", "Source_ObjectID": "585082", "ObjectId": 1657687}}, {"type": "Feature", "id": 1657688, "geometry": {"type": "Point", "coordinates": [-89.98, 35.112]}, "properties": {"Crime_ID": "2303015592ME", "Offense_Datetime": 1680216600000, "Reported_Datetime": 1680218100000, "Agency_Crime_ID": "AGGRAVATED ASSAULT/DV", "UCR_Incident_Code": "13A", "Block": 2400, "Street_Name": "CABLE AVE", "Street_Address": "2400 CABLE AVE", "City": "MEMPHIS", "State": "TN", "ZIP_Code": "38111", "Full_Address": "2400 CABLE AVE MEMPHIS TN 38111", "Latitude": 35.112, "Longitude": -89.98, "UCR_Category": "AGGRAVATED ASSAULT", "UCR_Description": "AGGRAVATED ASSAULT", "NIBRS_Group": "A", "NIBRS_Offense_Group": "CRIMES AGAINST PERSONS", "Part_One_or_Part_Two": 1, "Ward": "521", "Precinct": "TILLMAN", "Source_ObjectID": "381356", "ObjectId": 1657688}}, {"type": "Feature", "id": 1657689, "geometry": {"type": "Point", "coordinates": [-89.881, 35.071]}, "properties": {"Crime_ID": "2412028555ME", "Offense_Datetime": 1735069500000, "Reported_Datetime": 1735072680000, "Agency_Crime_ID": "SIMPLE ASSAULT/DV", "UCR_Incident_Code": "13B", "Block": 2800, "Street_Name": "MEADOWLAKE DR", "Street_Address": "2800 MEADOWLAKE DR", "City": "MEMPHIS", "State": "TN", "ZIP_Code": "38115", "Full_Address": "2800 MEADOWLAKE DR MEMPHIS TN 38115", "Latitude": 35.071, "Longitude": -89.881, "UCR_Category": "ASSAULT", "UCR_Description": "SIMPLE ASSAULT", "NIBRS_Group": "A", "NIBRS_Offense_Group": "CRIMES AGAINST PERSONS", "Part_One_or_Part_Two": 2, "Ward": "326", "Precinct": "MT MORIAH", "Source_ObjectID": "584365", "ObjectId": 1657689}}, {"type": "Feature", "id": 1657690, "geometry": {"type": "Point", "coordinates": [-90.016, 35.021]}, "properties": {"Crime_ID": "2406032864ME", "Offense_Datetime": 1719767520000, "Reported_Datetime": 1719768540000, "Agency_Crime_ID": "WEAPON LAW VIOLATIONS/FELONY", "UCR_Incident_Code": "520", "Block": 1400, "Street_Name": "SHELBY DR", "Street_Address": "1400 SHELBY DR", "City": "MEMPHIS", "State": "TN", "ZIP_Code": "38116", "Full_Address": "1400 SHELBY DR MEMPHIS TN 38116", "Latitude": 35.021, "Longitude": -90.016, "UCR_Category": "WEAPON LAW VIOLATION", "UCR_Description": "WEAPON LAW VIOL", "NIBRS_Group": "A", "NIBRS_Offense_Group": "CRIMES AGAINST SOCIETY", "Part_One_or_Part_Two": 2, "Ward": "225", "Precinct": "RAINES", "Source_ObjectID": "531833", "ObjectId": 1657690}}, {"type": "Feature", "id": 1657691, "geometry": {"type": "Point", "coordinates": [-90.042, 35.155]}, "properties": {"Crime_ID": "2503029841ME", "Offense_Datetime": 1743107400000, "Reported_Datetime": 1743195000000, "Agency_Crime_ID": "IMPERSONATION", "UCR_Incident_Code": "26C", "Block": 500, "Street_Name": "SAINT JUDE PLACE", "Street_Address": "500 SAINT JUDE PLACE", "City": "MEMPHIS", "State": "TN", "ZIP_Code": "38122", "Full_Address": "500 SAINT JUDE PLACE MEMPHIS TN 38122", "Latitude": 35.155, "Longitude": -90.042, "UCR_Category": "FRAUD", "UCR_Description": "IMPERSONATION", "NIBRS_Group": "A", "NIBRS_Offense_Group": "CRIMES AGAINST PROPERTY", "Part_One_or_Part_Two": 2, "Ward": "623", "Precinct": "NORTH MAIN", "Source_ObjectID": "608619", "ObjectId": 1657691}}, {"type": "Feature", "id": 1657692, "geometry": {"type": "Point", "coordinates": [-90.031, 35.213]}, "properties": {"Crime_ID": "2505031627ME", "Offense_Datetime": 1748624400000, "Reported_Datetime": 1748627520000, "Agency_Crime_ID": "SHOPLIFTING/MISDEMEANOR", "UCR_Incident_Code": "23C", "Block": 3200, "Street_Name": "THOMAS ST", "Street_Address": "3200 THOMAS ST", "City": "MEMPHIS", "State": "TN", "ZIP_Code": "38127", "Full_Address": "3200 THOMAS ST MEMPHIS TN 38127", "Latitude": 35.213, "Longitude": -90.031, "UCR_Category": "LARCENY/THEFT", "UCR_Description": "SHOPLIFTING", "NIBRS_Group": "A", "NIBRS_Offense_Group": "CRIMES AGAINST PROPERTY", "Part_One_or_Part_Two": 1, "Ward": "121", "Precinct": "AUSTIN PEAY", "Source_ObjectID": "626211", "ObjectId": 1657692}}, {"type": "Feature", "id": 1657693, "geometry": {"type": "Point", "coordinates": [-89.951, 35.158]}, "properties": {"Crime_ID": "2206011680ME", "Offense_Datetime": 1656116340000, "Reported_Datetime": 1656117780000, "Agency_Crime_ID": "DRUG EQUIPMENT VIOLATION", "UCR_Incident_Code": "35B", "Block": 0, "Street_Name": "GUERNSEY AVE//N HOLMES ST", "Street_Address": " GUERNSEY AVE//N HOLMES ST", "City": "MEMPHIS", "State": "TN", "ZIP_Code": "38112", "Full_Address": " GUERNSEY AVE//N HOLMES ST MEMPHIS TN 38112", "Latitude": 35.158, "Longitude": -89.951, "UCR_Category": "DRUG/NARCOTIC", "UCR_Description": "DRUG/NARCOTIC EQUIQ VIOL", "NIBRS_Group": "A", "NIBRS_Offense_Group": "CRIMES AGAINST SOCIETY", "Part_One_or_Part_Two": 2, "Ward": "524", "Precinct": "TILLMAN", "Source_ObjectID": "289027", "ObjectId": 1657693}}, {"type": "Feature", "id": 1657694, "geometry": {"type": "Point", "coordinates": [-89.865, 35.18]}, "properties": {"Crime_ID": "2103009217ME", "Offense_Datetime": 1616457600000, "Reported_Datetime": 1616461200000, "Agency_Crime_ID": "SIMPLE ASSAULT/DV", "UCR_Incident_Code": "13B", "Block": 1900, "Street_Name": "WALL ST", "Street_Address": "1900 WALL ST", "City": "MEMPHIS", "State": "TN", "ZIP_Code": "38134", "Full_Address": "1900 WALL ST MEMPHIS TN 38134", "Latitude": 35.18, "Longitude": -89.865, "UCR_Category": "ASSAULT", "UCR_Description": "SIMPLE ASSAULT", "NIBRS_Group": "A", "NIBRS_Offense_Group": "CRIMES AGAINST PERSONS", "Part_One_or_Part_Two": 2, "Ward": "822", "Precinct": "APPLING FARMS", "Source_ObjectID": "160739", "ObjectId": 1657694}}, {"type": "Feature", "id": 1657695, "geometry": {"type": "Point", "coordinates": [-89.924, 35.073]}, "properties": {"Crime_ID": "2310032659ME", "Offense_Datetime": 1698622200000, "Reported_Datetime": 1698640800000, "Agency_Crime_ID": "AGGRAVATED ASSAULT", "UCR_Incident_Code": "13A", "Block": 4100, "Street_Name": "TARRY PARK DR", "Street_Address": "4100 TARRY PARK DR", "City": "MEMPHIS", "State": "TN", "ZIP_Code": "38118", "Full_Address": "4100 TARRY PARK DR MEMPHIS TN 38118", "Latitude": 35.073, "Longitude": -89.924, "UCR_Category": "AGGRAVATED ASSAULT", "UCR_Description": "AGGRAVATED ASSAULT", "NIBRS_Group": "A", "NIBRS_Offense_Group": "CRIMES AGAINST PERSONS", "Part_One_or_Part_Two": 1, "Ward": "324", "Precinct": "MT MORIAH", "Source_ObjectID": "456595", "ObjectId": 1657695}}, {"type": "Feature", "id": 1657696, "geometry": {"type": "Point", "coordinates": [-89.961, 35.144]}, "properties": {"Crime_ID": "2410028796ME", "Offense_Datetime": 1725026400000, "Reported_Datetime": 1729636200000, "Agency_Crime_ID": "FALSE PRETENSES/SWINDLE/CONFIDENCE GAME", "UCR_Incident_Code": "26A", "Block": 400, "Street_Name": "TILLMAN ST", "Street_Address": "400 TILLMAN ST", "City": "MEMPHIS", "State": "TN", "ZIP_Code": "38112", "Full_Address": "400 TILLMAN ST MEMPHIS TN 38112", "Latitude": 35.144, "Longitude": -89.961, "UCR_Category": "FRAUD", "UCR_Description": "FALSE PRETENSES/SWIN/CONF", "NIBRS_Group": "A", "NIBRS_Offense_Group": "CRIMES AGAINST PROPERTY", "Part_One_or_Part_Two": 2, "Ward": "523", "Precinct": "TILLMAN", "Source_ObjectID": "567030", "ObjectId": 1657696}}, {"type": "Feature", "id": 1657697, "geometry": {"type": "Point", "coordinates": [-89.916, 35.201]}, "properties": {"Crime_ID": "2109000714ME", "Offense_Datetime": 1630522800000, "Reported_Datetime": 1630604400000, "Agency_Crime_ID": "INTIMIDATION", "UCR_Incident_Code": "13C", "Block": 2700, "Street_Name": "THE SPRINGS", "Street_Address": "2700 THE SPRINGS", "City": "MEMPHIS", "State": "TN", "ZIP_Code": "38128", "Full_Address": "2700 THE SPRINGS MEMPHIS TN 38128", "Latitude": 35.201, "Longitude": -89.916, "UCR_Category": "ASSAULT", "UCR_Description": "INTIMIDATION", "NIBRS_Group": "A", "NIBRS_Offense_Group": "CRIMES AGAINST PERSONS", "Part_One_or_Part_Two": 2, "Ward": "124", "Precinct": "AUSTIN PEAY", "Source_ObjectID": "205225", "ObjectId": 1657697}}, {"type": "Feature", "id": 1657698, "geometry": {"type": "Point", "coordinates": [-89.84, 35.135]}, "properties": {"Crime_ID": "2303000987ME", "Offense_Datetime": 1677817800000, "Reported_Datetime": 1677828300000, "Agency_Crime_ID": "SIMPLE ASSAULT", "UCR_Incident_Code": "13B", "Block": 0, "Street_Name": "WALNUT GROVE RD//FARM RD", "Street_Address": " WALNUT GROVE RD//FARM RD", "City": "MEMPHIS", "State": "TN", "ZIP_Code": "38127", "Full_Address": " WALNUT GROVE RD//FARM RD MEMPHIS TN 38127", "Latitude": 35.135, "Longitude": -89.84, "UCR_Category": "ASSAULT", "UCR_Description": "SIMPLE ASSAULT", "NIBRS_Group": "A", "NIBRS_Offense_Group": "CRIMES AGAINST PERSONS", "Part_One_or_Part_Two": 2, "Ward": "823", "Precinct": "APPLING FARMS", "Source_ObjectID": "372193", "ObjectId": 1657698}}, {"type": "Feature", "id": 1657699, "geometry": {"type": "Point", "coordinates": [-89.941, 35.076]}, "properties": {"Crime_ID": "2205010739ME", "Offense_Datetime": 1653331380000, "Reported_Datetime": 1653334980000, "Agency_Crime_ID": "DRUGS/NARCOTICS VIOLATION/FELONY", "UCR_Incident_Code": "35A", "Block": 3600, "Street_Name": "AMERICAN WAY", "Street_Address": "3600 AMERICAN WAY", "City": "MEMPHIS", "State": "TN", "ZIP_Code": "38118", "Full_Address": "3600 AMERICAN WAY MEMPHIS TN 38118", "Latitude": 35.076, "Longitude": -89.941, "UCR_Category": "DRUG/NARCOTIC", "UCR_Description": "DRUG/NARCOTIC VIOLS", "NIBRS_Group": "A", "NIBRS_Offense_Group": "CRIMES AGAINST SOCIETY", "Part_One_or_Part_Two": 2, "Ward": "321", "Precinct": "MT MORIAH", "Source_ObjectID": "278633", "ObjectId": 1657699}}, {"type": "Feature", "id": 1657700, "geometry": {"type": "Point", "coordinates": [-89.98, 35.174]}, "properties": {"Crime_ID": "2207004664ME", "Offense_Datetime": 1657473600000, "Reported_Datetime": 1657475040000, "Agency_Crime_ID": "SIMPLE ASSAULT/DV", "UCR_Incident_Code": "13B", "Block": 2300, "Street_Name": "HUBBARD AVE", "Street_Address": "2300 HUBBARD AVE", "City": "MEMPHIS", "State": "TN", "ZIP_Code": "38108", "Full_Address": "2300 HUBBARD AVE MEMPHIS TN 38108", "Latitude": 35.174, "Longitude": -89.98, "UCR_Category": "ASSAULT", "UCR_Description": "SIMPLE ASSAULT", "NIBRS_Group": "A", "NIBRS_Offense_Group": "CRIMES AGAINST PERSONS", "Part_One_or_Part_Two": 2, "Ward": "426", "Precinct": "CRUMP", "Source_ObjectID": "294401", "ObjectId": 1657700}}, {"type": "Feature", "id": 1657701, "geometry": {"type": "Point", "coordinates": [-90.001, 35.141]}, "properties": {"Crime_ID": "2605030817ME", "Offense_Datetime": 1780255500000, "Reported_Datetime": 1780257180000, "Agency_Crime_ID": "VANDALISM/FELONY", "UCR_Incident_Code": "290", "Block": 100, "Street_Name": "AUBURNDALE ST", "Street_Address": "100 AUBURNDALE ST", "City": "MEMPHIS", "State": "TN", "ZIP_Code": "38104", "Full_Address": "100 AUBURNDALE ST MEMPHIS TN 38104", "Latitude": 35.141, "Longitude": -90.001, "UCR_Category": "DEST/DAM/VAND OF PROPERTY", "UCR_Description": "DEST/DAM/VAND OF PROPERTY", "NIBRS_Group": "A", "NIBRS_Offense_Group": "CRIMES AGAINST PROPERTY", "Part_One_or_Part_Two": 2, "Ward": "424", "Precinct": "CRUMP", "Source_ObjectID": "708361", "ObjectId": 1657701}}, {"type": "Feature", "id": 1657702, "geometry": {"type": "Point", "coordinates": [-89.97, 35.109]}, "properties": {"Crime_ID": "2206014657ME", "Offense_Datetime": 1656615360000, "Reported_Datetime": 1656616920000, "Agency_Crime_ID": "SIMPLE ASSAULT/DV", "UCR_Incident_Code": "13B", "Block": 800, "Street_Name": "PENDLETON ST", "Street_Address": "800 PENDLETON ST", "City": "MEMPHIS", "State": "TN", "ZIP_Code": "38111", "Full_Address": "800 PENDLETON ST MEMPHIS TN 38111", "Latitude": 35.109, "Longitude": -89.97, "UCR_Category": "ASSAULT", "UCR_Description": "SIMPLE ASSAULT", "NIBRS_Group": "A", "NIBRS_Offense_Group": "CRIMES AGAINST PERSONS", "Part_One_or_Part_Two": 2, "Ward": "521", "Precinct": "TILLMAN", "Source_ObjectID": "290944", "ObjectId": 1657702}}, {"type": "Feature", "id": 1657703, "geometry": {"type": "Point", "coordinates": [-90.068, 35]}, "properties": {"Crime_ID": "2405027082ME", "Offense_Datetime": 1715956200000, "Reported_Datetime": 1715958240000, "Agency_Crime_ID": "OTHER THEFT/SCRAP METAL", "UCR_Incident_Code": "23H", "Block": 5400, "Street_Name": "HORN LAKE RD", "Street_Address": "5400 HORN LAKE RD", "City": "MEMPHIS", "State": "TN", "ZIP_Code": "38109", "Full_Address": "5400 HORN LAKE RD MEMPHIS TN 38109", "Latitude": 35, "Longitude": -90.068, "UCR_Category": "LARCENY/THEFT", "UCR_Description": "ALL OTHER LARCENY", "NIBRS_Group": "A", "NIBRS_Offense_Group": "CRIMES AGAINST PROPERTY", "Part_One_or_Part_Two": 1, "Ward": "221", "Precinct": "RAINES", "Source_ObjectID": "516912", "ObjectId": 1657703}}, {"type": "Feature", "id": 1657704, "geometry": {"type": "Point", "coordinates": [-89.995, 35.076]}, "properties": {"Crime_ID": "2306005789ME", "Offense_Datetime": 1687496400000, "Reported_Datetime": 1687499100000, "Agency_Crime_ID": "AGGRAVATED ASSAULT/DV", "UCR_Incident_Code": "13A", "Block": 2500, "Street_Name": "HILLVIEW DR", "Street_Address": "2500 HILLVIEW DR", "City": "MEMPHIS", "State": "TN", "ZIP_Code": "38114", "Full_Address": "2500 HILLVIEW DR MEMPHIS TN 38114", "Latitude": 35.076, "Longitude": -89.995, "UCR_Category": "AGGRAVATED ASSAULT", "UCR_Description": "AGGRAVATED ASSAULT", "NIBRS_Group": "A", "NIBRS_Offense_Group": "CRIMES AGAINST PERSONS", "Part_One_or_Part_Two": 1, "Ward": "724", "Precinct": "AIRWAYS", "Source_ObjectID": "406465", "ObjectId": 1657704}}, {"type": "Feature", "id": 1657705, "geometry": {"type": "Point", "coordinates": [-89.838, 35.017]}, "properties": {"Crime_ID": "2410030604ME", "Offense_Datetime": 1730017800000, "Reported_Datetime": 1730017800000, "Agency_Crime_ID": "JUSTIFIABLE HOMICIDE", "UCR_Incident_Code": "09C", "Block": 6700, "Street_Name": "HENREDON DR", "Street_Address": "6700 HENREDON DR", "City": "MEMPHIS", "State": "TN", "ZIP_Code": "38116", "Full_Address": "6700 HENREDON DR MEMPHIS TN 38116", "Latitude": 35.017, "Longitude": -89.838, "UCR_Category": "HOMICIDE", "UCR_Description": "JUSTIFIABLE HOMICIDE", "NIBRS_Group": "A", "NIBRS_Offense_Group": "CRIMES AGAINST PERSONS", "Part_One_or_Part_Two": 2, "Ward": "925", "Precinct": "RIDGEWAY", "Source_ObjectID": "568414", "ObjectId": 1657705}}, {"type": "Feature", "id": 1657706, "geometry": {"type": "Point", "coordinates": [-89.962, 35.136]}, "properties": {"Crime_ID": "2207009069ME", "Offense_Datetime": 1658196960000, "Reported_Datetime": 1658198100000, "Agency_Crime_ID": "WEAPON LAW VIOLATIONS/FELONY", "UCR_Incident_Code": "520", "Block": 0, "Street_Name": "WALNUT GROVE RD//TILLMAN ST", "Street_Address": " WALNUT GROVE RD//TILLMAN ST", "City": "MEMPHIS", "State": "TN", "ZIP_Code": "38111", "Full_Address": " WALNUT GROVE RD//TILLMAN ST MEMPHIS TN 38111", "Latitude": 35.136, "Longitude": -89.962, "UCR_Category": "WEAPON LAW VIOLATION", "UCR_Description": "WEAPON LAW VIOL", "NIBRS_Group": "A", "NIBRS_Offense_Group": "CRIMES AGAINST SOCIETY", "Part_One_or_Part_Two": 2, "Ward": "523", "Precinct": "TILLMAN", "Source_ObjectID": "297251", "ObjectId": 1657706}}, {"type": "Feature", "id": 1657707, "geometry": {"type": "Point", "coordinates": [-89.976, 35.122]}, "properties": {"Crime_ID": "2510021409ME", "Offense_Datetime": 1759611600000, "Reported_Datetime": 1759655880000, "Agency_Crime_ID": "MVT/PASSENGER VEHICLE", "UCR_Incident_Code": "240", "Block": 300, "Street_Name": "HOLLYWOOD ST", "Street_Address": "300 HOLLYWOOD ST", "City": "MEMPHIS", "State": "TN", "ZIP_Code": "38104", "Full_Address": "300 HOLLYWOOD ST MEMPHIS TN 38104", "Latitude": 35.122, "Longitude": -89.976, "UCR_Category": "MOTOR VEHICLE THEFT", "UCR_Description": "MOTOR VEHICLE THEFT", "NIBRS_Group": "A", "NIBRS_Offense_Group": "CRIMES AGAINST PROPERTY", "Part_One_or_Part_Two": 1, "Ward": "521", "Precinct": "TILLMAN", "Source_ObjectID": "659424", "ObjectId": 1657707}}, {"type": "Feature", "id": 1657708, "geometry": {"type": "Point", "coordinates": [-89.974, 35.108]}, "properties": {"Crime_ID": "2403030962ME", "Offense_Datetime": 1711653180000, "Reported_Datetime": 1711659540000, "Agency_Crime_ID": "ARSON", "UCR_Incident_Code": "200", "Block": 900, "Street_Name": "DAVID ST", "Street_Address": "900 DAVID ST", "City": "MEMPHIS", "State": "TN", "ZIP_Code": "38114", "Full_Address": "900 DAVID ST MEMPHIS TN 38114", "Latitude": 35.108, "Longitude": -89.974, "UCR_Category": "ARSON", "UCR_Description": "ARSON", "NIBRS_Group": "A", "NIBRS_Offense_Group": "CRIMES AGAINST PROPERTY", "Part_One_or_Part_Two": 1, "Ward": "726", "Precinct": "AIRWAYS", "Source_ObjectID": "501270", "ObjectId": 1657708}}, {"type": "Feature", "id": 1657709, "geometry": {"type": "Point", "coordinates": [-89.946, 35.163]}, "properties": {"Crime_ID": "2005011021ME", "Offense_Datetime": 1590670800000, "Reported_Datetime": 1590672780000, "Agency_Crime_ID": "VANDALISM/MISDEMEANOR", "UCR_Incident_Code": "290", "Block": 3400, "Street_Name": "ROSAMOND AVE", "Street_Address": "3400 ROSAMOND AVE", "City": "MEMPHIS", "State": "TN", "ZIP_Code": "38122", "Full_Address": "3400 ROSAMOND AVE MEMPHIS TN 38122", "Latitude": 35.163, "Longitude": -89.946, "UCR_Category": "DEST/DAM/VAND OF PROPERTY", "UCR_Description": "DEST/DAM/VAND OF PROPERTY", "NIBRS_Group": "A", "NIBRS_Offense_Group": "CRIMES AGAINST PROPERTY", "Part_One_or_Part_Two": 2, "Ward": "526", "Precinct": "TILLMAN", "Source_ObjectID": "82015", "ObjectId": 1657709}}, {"type": "Feature", "id": 1657710, "geometry": {"type": "Point", "coordinates": [-89.774, 35.159]}, "properties": {"Crime_ID": "2510024686ME", "Offense_Datetime": 1760457600000, "Reported_Datetime": 1760467440000, "Agency_Crime_ID": "AGGRAVATED ASSAULT", "UCR_Incident_Code": "13A", "Block": 8600, "Street_Name": "VALMONT CIR", "Street_Address": "8600 VALMONT CIR", "City": "MEMPHIS", "State": "TN", "ZIP_Code": "38016", "Full_Address": "8600 VALMONT CIR MEMPHIS TN 38016", "Latitude": 35.159, "Longitude": -89.774, "UCR_Category": "AGGRAVATED ASSAULT", "UCR_Description": "AGGRAVATED ASSAULT", "NIBRS_Group": "A", "NIBRS_Offense_Group": "CRIMES AGAINST PERSONS", "Part_One_or_Part_Two": 1, "Ward": "826", "Precinct": "APPLING FARMS", "Source_ObjectID": "661498", "ObjectId": 1657710}}, {"type": "Feature", "id": 1657711, "geometry": {"type": "Point", "coordinates": [-89.798, 35.141]}, "properties": {"Crime_ID": "2204001080ME", "Offense_Datetime": 1649013540000, "Reported_Datetime": 1649018400000, "Agency_Crime_ID": "CREDIT CARD/ATM FRAUD", "UCR_Incident_Code": "26B", "Block": 500, "Street_Name": "GERMANTOWN PKWY", "Street_Address": "500 GERMANTOWN PKWY", "City": "MEMPHIS", "State": "TN", "ZIP_Code": "38018", "Full_Address": "500 GERMANTOWN PKWY MEMPHIS TN 38018", "Latitude": 35.141, "Longitude": -89.798, "UCR_Category": "FRAUD", "UCR_Description": "CREDIT CARD/ATM FRAUD", "NIBRS_Group": "A", "NIBRS_Offense_Group": "CRIMES AGAINST PROPERTY", "Part_One_or_Part_Two": 2, "Ward": "824", "Precinct": "APPLING FARMS", "Source_ObjectID": "263442", "ObjectId": 1657711}}, {"type": "Feature", "id": 1657712, "geometry": {"type": "Point", "coordinates": [-89.984, 35.225]}, "properties": {"Crime_ID": "2212005147ME", "Offense_Datetime": 1670818200000, "Reported_Datetime": 1670819580000, "Agency_Crime_ID": "AGGRAVATED ASSAULT", "UCR_Incident_Code": "13A", "Block": 3600, "Street_Name": "MOUNTAIN TERRACE ST", "Street_Address": "3600 MOUNTAIN TERRACE ST", "City": "MEMPHIS", "State": "TN", "ZIP_Code": "38127", "Full_Address": "3600 MOUNTAIN TERRACE ST MEMPHIS TN 38127", "Latitude": 35.225, "Longitude": -89.984, "UCR_Category": "AGGRAVATED ASSAULT", "UCR_Description": "AGGRAVATED ASSAULT", "NIBRS_Group": "A", "NIBRS_Offense_Group": "CRIMES AGAINST PERSONS", "Part_One_or_Part_Two": 1, "Ward": "123", "Precinct": "AUSTIN PEAY", "Source_ObjectID": "345419", "ObjectId": 1657712}}, {"type": "Feature", "id": 1657713, "geometry": {"type": "Point", "coordinates": [-90.037, 35.006]}, "properties": {"Crime_ID": "2101002522ME", "Offense_Datetime": 1609999200000, "Reported_Datetime": 1610028540000, "Agency_Crime_ID": "THEFT FROM SEMI-TRAILER", "UCR_Incident_Code": "23F", "Block": 800, "Street_Name": "E HOLMES RD", "Street_Address": "800 E HOLMES RD", "City": "MEMPHIS", "State": "TN", "ZIP_Code": "38116", "Full_Address": "800 E HOLMES RD MEMPHIS TN 38116", "Latitude": 35.006, "Longitude": -90.037, "UCR_Category": "LARCENY/THEFT", "UCR_Description": "THEFT FROM A MOTOR VEHICLE", "NIBRS_Group": "A", "NIBRS_Offense_Group": "CRIMES AGAINST PROPERTY", "Part_One_or_Part_Two": 1, "Ward": "221", "Precinct": "RAINES", "Source_ObjectID": "143422", "ObjectId": 1657713}}, {"type": "Feature", "id": 1657714, "geometry": {"type": "Point", "coordinates": [-89.925, 35.17]}, "properties": {"Crime_ID": "2202005091ME", "Offense_Datetime": 1644724800000, "Reported_Datetime": 1644770700000, "Agency_Crime_ID": "MVT/PASSENGER VEHICLE", "UCR_Incident_Code": "240", "Block": 4000, "Street_Name": "BAYLISS AVE", "Street_Address": "4000 BAYLISS AVE", "City": "MEMPHIS", "State": "TN", "ZIP_Code": "38108", "Full_Address": "4000 BAYLISS AVE MEMPHIS TN 38108", "Latitude": 35.17, "Longitude": -89.925, "UCR_Category": "MOTOR VEHICLE THEFT", "UCR_Description": "MOTOR VEHICLE THEFT", "NIBRS_Group": "A", "NIBRS_Offense_Group": "CRIMES AGAINST PROPERTY", "Part_One_or_Part_Two": 1, "Ward": "525", "Precinct": "TILLMAN", "Source_ObjectID": "250413", "ObjectId": 1657714}}, {"type": "Feature", "id": 1657715, "geometry": {"type": "Point", "coordinates": [-89.913, 35.148]}, "properties": {"Crime_ID": "2208008466ME", "Offense_Datetime": 1660755600000, "Reported_Datetime": 1660758360000, "Agency_Crime_ID": "VANDALISM/MISDEMEANOR", "UCR_Incident_Code": "290", "Block": 4400, "Street_Name": "SUMMER AVE", "Street_Address": "4400 SUMMER AVE", "City": "MEMPHIS", "State": "TN", "ZIP_Code": "38122", "Full_Address": "4400 SUMMER AVE MEMPHIS TN 38122", "Latitude": 35.148, "Longitude": -89.913, "UCR_Category": "DEST/DAM/VAND OF PROPERTY", "UCR_Description": "DEST/DAM/VAND OF PROPERTY", "NIBRS_Group": "A", "NIBRS_Offense_Group": "CRIMES AGAINST PROPERTY", "Part_One_or_Part_Two": 2, "Ward": "525", "Precinct": "TILLMAN", "Source_ObjectID": "306908", "ObjectId": 1657715}}, {"type": "Feature", "id": 1657716, "geometry": {"type": "Point", "coordinates": [-89.899, 35.075]}, "properties": {"Crime_ID": "2111003050ME", "Offense_Datetime": 1636230000000, "Reported_Datetime": 1636321380000, "Agency_Crime_ID": "DRUG EQUIPMENT VIOLATION", "UCR_Incident_Code": "35B", "Block": 0, "Street_Name": "AMERICAN WAY//CLEARBROOK ST", "Street_Address": " AMERICAN WAY//CLEARBROOK ST", "City": "MEMPHIS", "State": "TN", "ZIP_Code": "38118", "Full_Address": " AMERICAN WAY//CLEARBROOK ST MEMPHIS TN 38118", "Latitude": 35.075, "Longitude": -89.899, "UCR_Category": "DRUG/NARCOTIC", "UCR_Description": "DRUG/NARCOTIC EQUIQ VIOL", "NIBRS_Group": "A", "NIBRS_Offense_Group": "CRIMES AGAINST SOCIETY", "Part_One_or_Part_Two": 2, "Ward": "324", "Precinct": "MT MORIAH", "Source_ObjectID": "224363", "ObjectId": 1657716}}, {"type": "Feature", "id": 1657717, "geometry": {"type": "Point", "coordinates": [-89.839, 35.168]}, "properties": {"Crime_ID": "2001014006ME", "Offense_Datetime": 1580356800000, "Reported_Datetime": 1580389500000, "Agency_Crime_ID": "MVT/PASSENGER VEHICLE", "UCR_Incident_Code": "240", "Block": 1500, "Street_Name": "ARBOR VIEW CT", "Street_Address": "1500 ARBOR VIEW CT", "City": "MEMPHIS", "State": "TN", "ZIP_Code": "38134", "Full_Address": "1500 ARBOR VIEW CT MEMPHIS TN 38134", "Latitude": 35.168, "Longitude": -89.839, "UCR_Category": "MOTOR VEHICLE THEFT", "UCR_Description": "MOTOR VEHICLE THEFT", "NIBRS_Group": "A", "NIBRS_Offense_Group": "CRIMES AGAINST PROPERTY", "Part_One_or_Part_Two": 1, "Ward": "822", "Precinct": "APPLING FARMS", "Source_ObjectID": "51561", "ObjectId": 1657717}}, {"type": "Feature", "id": 1657718, "geometry": {"type": "Point", "coordinates": [-90.064, 35.061]}, "properties": {"Crime_ID": "2204007310ME", "Offense_Datetime": 1650206220000, "Reported_Datetime": 1650213900000, "Agency_Crime_ID": "OTHER THEFT/NON-SPECIFIC", "UCR_Incident_Code": "23H", "Block": 0, "Street_Name": "ROLLINS RD", "Street_Address": "0 ROLLINS RD", "City": "MEMPHIS", "State": "TN", "ZIP_Code": "38109", "Full_Address": "0 ROLLINS RD MEMPHIS TN 38109", "Latitude": 35.061, "Longitude": -90.064, "UCR_Category": "LARCENY/THEFT", "UCR_Description": "ALL OTHER LARCENY", "NIBRS_Group": "A", "NIBRS_Offense_Group": "CRIMES AGAINST PROPERTY", "Part_One_or_Part_Two": 1, "Ward": "222", "Precinct": "RAINES", "Source_ObjectID": "267327", "ObjectId": 1657718}}, {"type": "Feature", "id": 1657719, "geometry": {"type": "Point", "coordinates": [-90.008, 35.2]}, "properties": {"Crime_ID": "2207009641ME", "Offense_Datetime": 1658251800000, "Reported_Datetime": 1658278740000, "Agency_Crime_ID": "THEFT FROM BUILDING", "UCR_Incident_Code": "23D", "Block": 2700, "Street_Name": "WATKINS ST", "Street_Address": "2700 WATKINS ST", "City": "MEMPHIS", "State": "TN", "ZIP_Code": "38127", "Full_Address": "2700 WATKINS ST MEMPHIS TN 38127", "Latitude": 35.2, "Longitude": -90.008, "UCR_Category": "LARCENY/THEFT", "UCR_Description": "THEFT FROM A BUILDING", "NIBRS_Group": "A", "NIBRS_Offense_Group": "CRIMES AGAINST PROPERTY", "Part_One_or_Part_Two": 1, "Ward": "122", "Precinct": "AUSTIN PEAY", "Source_ObjectID": "297604", "ObjectId": 1657719}}, {"type": "Feature", "id": 1657720, "geometry": {"type": "Point", "coordinates": [-90.062, 35.053]}, "properties": {"Crime_ID": "2312030944ME", "Offense_Datetime": 1703809200000, "Reported_Datetime": 1703811120000, "Agency_Crime_ID": "SHOPLIFTING/MISDEMEANOR", "UCR_Incident_Code": "23C", "Block": 3500, "Street_Name": "THIRD ST", "Street_Address": "3500 THIRD ST", "City": "MEMPHIS", "State": "TN", "ZIP_Code": "38109", "Full_Address": "3500 THIRD ST MEMPHIS TN 38109", "Latitude": 35.053, "Longitude": -90.062, "UCR_Category": "LARCENY/THEFT", "UCR_Description": "SHOPLIFTING", "NIBRS_Group": "A", "NIBRS_Offense_Group": "CRIMES AGAINST PROPERTY", "Part_One_or_Part_Two": 1, "Ward": "222", "Precinct": "RAINES", "Source_ObjectID": "474900", "ObjectId": 1657720}}, {"type": "Feature", "id": 1657721, "geometry": {"type": "Point", "coordinates": [-89.996, 35.097]}, "properties": {"Crime_ID": "2010000188ME", "Offense_Datetime": 1601560800000, "Reported_Datetime": 1601575320000, "Agency_Crime_ID": "VANDALISM/MISDEMEANOR", "UCR_Incident_Code": "290", "Block": 1900, "Street_Name": "CARVER RD", "Street_Address": "1900 CARVER RD", "City": "MEMPHIS", "State": "TN", "ZIP_Code": "38114", "Full_Address": "1900 CARVER RD MEMPHIS TN 38114", "Latitude": 35.097, "Longitude": -89.996, "UCR_Category": "DEST/DAM/VAND OF PROPERTY", "UCR_Description": "DEST/DAM/VAND OF PROPERTY", "NIBRS_Group": "A", "NIBRS_Offense_Group": "CRIMES AGAINST PROPERTY", "Part_One_or_Part_Two": 2, "Ward": "723", "Precinct": "AIRWAYS", "Source_ObjectID": "116522", "ObjectId": 1657721}}, {"type": "Feature", "id": 1657722, "geometry": {"type": "Point", "coordinates": [-90.043, 35.036]}, "properties": {"Crime_ID": "2310021510ME", "Offense_Datetime": 1696427100000, "Reported_Datetime": 1696428000000, "Agency_Crime_ID": "INTIMIDATION", "UCR_Incident_Code": "13C", "Block": 600, "Street_Name": "E RAINES RD", "Street_Address": "600 E RAINES RD", "City": "MEMPHIS", "State": "TN", "ZIP_Code": "38109", "Full_Address": "600 E RAINES RD MEMPHIS TN 38109", "Latitude": 35.036, "Longitude": -90.043, "UCR_Category": "ASSAULT", "UCR_Description": "INTIMIDATION", "NIBRS_Group": "A", "NIBRS_Offense_Group": "CRIMES AGAINST PERSONS", "Part_One_or_Part_Two": 2, "Ward": "223", "Precinct": "RAINES", "Source_ObjectID": "448122", "ObjectId": 1657722}}, {"type": "Feature", "id": 1657723, "geometry": {"type": "Point", "coordinates": [-89.792, 35.193]}, "properties": {"Crime_ID": "2310030029ME", "Offense_Datetime": 1698112800000, "Reported_Datetime": 1698151860000, "Agency_Crime_ID": "THEFT FROM MOTOR VEHICLE", "UCR_Incident_Code": "23F", "Block": 8100, "Street_Name": "ROCKCREEK PL", "Street_Address": "8100 ROCKCREEK PL", "City": "MEMPHIS", "State": "TN", "ZIP_Code": "38016", "Full_Address": "8100 ROCKCREEK PL MEMPHIS TN 38016", "Latitude": 35.193, "Longitude": -89.792, "UCR_Category": "LARCENY/THEFT", "UCR_Description": "THEFT FROM A MOTOR VEHICLE", "NIBRS_Group": "A", "NIBRS_Offense_Group": "CRIMES AGAINST PROPERTY", "Part_One_or_Part_Two": 1, "Ward": "826", "Precinct": "APPLING FARMS", "Source_ObjectID": "454617", "ObjectId": 1657723}}, {"type": "Feature", "id": 1657724, "geometry": {"type": "Point", "coordinates": [-89.87, 35.163]}, "properties": {"Crime_ID": "2108012081ME", "Offense_Datetime": 1630081800000, "Reported_Datetime": 1630088040000, "Agency_Crime_ID": "THEFT OF VEHICLE PARTS/ACCESSORIES", "UCR_Incident_Code": "23G", "Block": 5700, "Street_Name": "SHELBY OAKS DR", "Street_Address": "5700 SHELBY OAKS DR", "City": "MEMPHIS", "State": "TN", "ZIP_Code": "38134", "Full_Address": "5700 SHELBY OAKS DR MEMPHIS TN 38134", "Latitude": 35.163, "Longitude": -89.87, "UCR_Category": "LARCENY/THEFT", "UCR_Description": "THEFT OF MV PARTS/ACCS", "NIBRS_Group": "A", "NIBRS_Offense_Group": "CRIMES AGAINST PROPERTY", "Part_One_or_Part_Two": 1, "Ward": "822", "Precinct": "APPLING FARMS", "Source_ObjectID": "203512", "ObjectId": 1657724}}, {"type": "Feature", "id": 1657725, "geometry": {"type": "Point", "coordinates": [-90.065, 35.088]}, "properties": {"Crime_ID": "2005012336ME", "Offense_Datetime": 1590916800000, "Reported_Datetime": 1590924960000, "Agency_Crime_ID": "VANDALISM/MISDEMEANOR", "UCR_Incident_Code": "290", "Block": 0, "Street_Name": "W GAGE AVE", "Street_Address": "0 W GAGE AVE", "City": "MEMPHIS", "State": "TN", "ZIP_Code": "38109", "Full_Address": "0 W GAGE AVE MEMPHIS TN 38109", "Latitude": 35.088, "Longitude": -90.065, "UCR_Category": "DEST/DAM/VAND OF PROPERTY", "UCR_Description": "DEST/DAM/VAND OF PROPERTY", "NIBRS_Group": "A", "NIBRS_Offense_Group": "CRIMES AGAINST PROPERTY", "Part_One_or_Part_Two": 2, "Ward": "721", "Precinct": "AIRWAYS", "Source_ObjectID": "82827", "ObjectId": 1657725}}, {"type": "Feature", "id": 1657726, "geometry": {"type": "Point", "coordinates": [-89.985, 35.111]}, "properties": {"Crime_ID": "2006007228ME", "Offense_Datetime": 1592499600000, "Reported_Datetime": 1592520840000, "Agency_Crime_ID": "THEFT OF VEHICLE PARTS/ACCESSORIES", "UCR_Incident_Code": "23G", "Block": 1200, "Street_Name": "AIRWAYS BLVD", "Street_Address": "1200 AIRWAYS BLVD", "City": "MEMPHIS", "State": "TN", "ZIP_Code": "38104", "Full_Address": "1200 AIRWAYS BLVD MEMPHIS TN 38104", "Latitude": 35.111, "Longitude": -89.985, "UCR_Category": "LARCENY/THEFT", "UCR_Description": "THEFT OF MV PARTS/ACCS", "NIBRS_Group": "A", "NIBRS_Offense_Group": "CRIMES AGAINST PROPERTY", "Part_One_or_Part_Two": 1, "Ward": "424", "Precinct": "CRUMP", "Source_ObjectID": "87834", "ObjectId": 1657726}}, {"type": "Feature", "id": 1657727, "geometry": {"type": "Point", "coordinates": [-89.891, 35.038]}, "properties": {"Crime_ID": "2205000473ME", "Offense_Datetime": 1651502100000, "Reported_Datetime": 1651502400000, "Agency_Crime_ID": "VANDALISM/MISDEMEANOR", "UCR_Incident_Code": "290", "Block": 4000, "Street_Name": "WILLOW LAKE BLVD", "Street_Address": "4000 WILLOW LAKE BLVD", "City": "MEMPHIS", "State": "TN", "ZIP_Code": "38118", "Full_Address": "4000 WILLOW LAKE BLVD MEMPHIS TN 38118", "Latitude": 35.038, "Longitude": -89.891, "UCR_Category": "DEST/DAM/VAND OF PROPERTY", "UCR_Description": "DEST/DAM/VAND OF PROPERTY", "NIBRS_Group": "A", "NIBRS_Offense_Group": "CRIMES AGAINST PROPERTY", "Part_One_or_Part_Two": 2, "Ward": "922", "Precinct": "RIDGEWAY", "Source_ObjectID": "271938", "ObjectId": 1657727}}, {"type": "Feature", "id": 1657728, "geometry": {"type": "Point", "coordinates": [-89.811, 35.048]}, "properties": {"Crime_ID": "2407026227ME", "Offense_Datetime": 1721005200000, "Reported_Datetime": 1721008380000, "Agency_Crime_ID": "THEFT FROM MOTOR VEHICLE", "UCR_Incident_Code": "23F", "Block": 7500, "Street_Name": "WINCHESTER RD", "Street_Address": "7500 WINCHESTER RD", "City": "MEMPHIS", "State": "TN", "ZIP_Code": "38125", "Full_Address": "7500 WINCHESTER RD MEMPHIS TN 38125", "Latitude": 35.048, "Longitude": -89.811, "UCR_Category": "LARCENY/THEFT", "UCR_Description": "THEFT FROM A MOTOR VEHICLE", "NIBRS_Group": "A", "NIBRS_Offense_Group": "CRIMES AGAINST PROPERTY", "Part_One_or_Part_Two": 1, "Ward": "924", "Precinct": "RIDGEWAY", "Source_ObjectID": "536761", "ObjectId": 1657728}}, {"type": "Feature", "id": 1657729, "geometry": {"type": "Point", "coordinates": [-89.835, 35.068]}, "properties": {"Crime_ID": "2406028361ME", "Offense_Datetime": 1718834400000, "Reported_Datetime": 1718869500000, "Agency_Crime_ID": "MVT/PASSENGER VEHICLE", "UCR_Incident_Code": "240", "Block": 6800, "Street_Name": "BIRCH LAKE DR", "Street_Address": "6800 BIRCH LAKE DR", "City": "MEMPHIS", "State": "TN", "ZIP_Code": "38119", "Full_Address": "6800 BIRCH LAKE DR MEMPHIS TN 38119", "Latitude": 35.068, "Longitude": -89.835, "UCR_Category": "MOTOR VEHICLE THEFT", "UCR_Description": "MOTOR VEHICLE THEFT", "NIBRS_Group": "A", "NIBRS_Offense_Group": "CRIMES AGAINST PROPERTY", "Part_One_or_Part_Two": 1, "Ward": "926", "Precinct": "RIDGEWAY", "Source_ObjectID": "528394", "ObjectId": 1657729}}, {"type": "Feature", "id": 1657730, "geometry": {"type": "Point", "coordinates": [-89.792, 35.205]}, "properties": {"Crime_ID": "2401022136ME", "Offense_Datetime": 1704568200000, "Reported_Datetime": 1704572040000, "Agency_Crime_ID": "AGGRAVATED ASSAULT", "UCR_Incident_Code": "13A", "Block": 0, "Street_Name": "64//N GERMANTOWN PKWY", "Street_Address": " 64//N GERMANTOWN PKWY", "City": "BARTLETT", "State": "TN", "ZIP_Code": "38133", "Full_Address": " 64//N GERMANTOWN PKWY BARTLETT TN 38133", "Latitude": 35.205, "Longitude": -89.792, "UCR_Category": "AGGRAVATED ASSAULT", "UCR_Description": "AGGRAVATED ASSAULT", "NIBRS_Group": "A", "NIBRS_Offense_Group": "CRIMES AGAINST PERSONS", "Part_One_or_Part_Two": 1, "Ward": "825", "Precinct": "APPLING FARMS", "Source_ObjectID": "478357", "ObjectId": 1657730}}, {"type": "Feature", "id": 1657731, "geometry": {"type": "Point", "coordinates": [-89.972, 35.082]}, "properties": {"Crime_ID": "2207015855ME", "Offense_Datetime": 1659321900000, "Reported_Datetime": 1659322740000, "Agency_Crime_ID": "VANDALISM/MISDEMEANOR", "UCR_Incident_Code": "290", "Block": 2300, "Street_Name": "PENDLETON ST", "Street_Address": "2300 PENDLETON ST", "City": "MEMPHIS", "State": "TN", "ZIP_Code": "38111", "Full_Address": "2300 PENDLETON ST MEMPHIS TN 38111", "Latitude": 35.082, "Longitude": -89.972, "UCR_Category": "DEST/DAM/VAND OF PROPERTY", "UCR_Description": "DEST/DAM/VAND OF PROPERTY", "NIBRS_Group": "A", "NIBRS_Offense_Group": "CRIMES AGAINST PROPERTY", "Part_One_or_Part_Two": 2, "Ward": "725", "Precinct": "AIRWAYS", "Source_ObjectID": "301521", "ObjectId": 1657731}}, {"type": "Feature", "id": 1657732, "geometry": {"type": "Point", "coordinates": [-89.894, 35.06]}, "properties": {"Crime_ID": "2112005470ME", "Offense_Datetime": 1635500640000, "Reported_Datetime": 1639453659000, "Agency_Crime_ID": "PORNOGRAPHY/OBSCENE MATERIAL TO WIT ILLEGAL P", "UCR_Incident_Code": "370", "Block": 5100, "Street_Name": "TEAL AVE. ", "Street_Address": "5100 TEAL AVE. ", "City": "MEMPHIS", "State": "TN", "ZIP_Code": "38118   ", "Full_Address": "5100 TEAL AVE. MEMPHIS TN 38118 ", "Latitude": 35.06, "Longitude": -89.894, "UCR_Category": "PORNOGRAPHY/OBSCN MAT", "UCR_Description": "PORNOGRAPHY/OBSCN MAT", "NIBRS_Group": "A", "NIBRS_Offense_Group": "CRIMES AGAINST SOCIETY", "Part_One_or_Part_Two": 2, "Ward": "325", "Precinct": "MT MORIAH", "Source_ObjectID": "234079", "ObjectId": 1657732}}, {"type": "Feature", "id": 1657733, "geometry": {"type": "Point", "coordinates": [-90.06, 35.06]}, "properties": {"Crime_ID": "2407033272ME", "Offense_Datetime": 1722474000000, "Reported_Datetime": 1722475380000, "Agency_Crime_ID": "WEAPON LAW VIOLATIONS/FELONY", "UCR_Incident_Code": "520", "Block": 3200, "Street_Name": "S 3RD ST", "Street_Address": "3200 S 3RD ST", "City": "MEMPHIS", "State": "TN", "ZIP_Code": "38109", "Full_Address": "3200 S 3RD ST MEMPHIS TN 38109", "Latitude": 35.06, "Longitude": -90.06, "UCR_Category": "WEAPON LAW VIOLATION", "UCR_Description": "WEAPON LAW VIOL", "NIBRS_Group": "A", "NIBRS_Offense_Group": "CRIMES AGAINST SOCIETY", "Part_One_or_Part_Two": 2, "Ward": "222", "Precinct": "RAINES", "Source_ObjectID": "542117", "ObjectId": 1657733}}, {"type": "Feature", "id": 1657734, "geometry": {"type": "Point", "coordinates": [-90.019, 35.078]}, "properties": {"Crime_ID": "2008001145ME", "Offense_Datetime": 1596526020000, "Reported_Datetime": 1596527220000, "Agency_Crime_ID": "DRUGS/NARCOTICS VIOLATION/FELONY", "UCR_Incident_Code": "35A", "Block": 2400, "Street_Name": "ELVIS PRESLEY BLVD", "Street_Address": "2400 ELVIS PRESLEY BLVD", "City": "MEMPHIS", "State": "TN", "ZIP_Code": "38114", "Full_Address": "2400 ELVIS PRESLEY BLVD MEMPHIS TN 38114", "Latitude": 35.078, "Longitude": -90.019, "UCR_Category": "DRUG/NARCOTIC", "UCR_Description": "DRUG/NARCOTIC VIOLS", "NIBRS_Group": "A", "NIBRS_Offense_Group": "CRIMES AGAINST SOCIETY", "Part_One_or_Part_Two": 2, "Ward": "724", "Precinct": "AIRWAYS", "Source_ObjectID": "100255", "ObjectId": 1657734}}, {"type": "Feature", "id": 1657735, "geometry": {"type": "Point", "coordinates": [-89.856, 35.066]}, "properties": {"Crime_ID": "2211011729ME", "Offense_Datetime": 1669283700000, "Reported_Datetime": 1669299900000, "Agency_Crime_ID": "VANDALISM/MISDEMEANOR", "UCR_Incident_Code": "290", "Block": 3000, "Street_Name": "KIRBY MLISS CV", "Street_Address": "3000 KIRBY MLISS CV", "City": "MEMPHIS", "State": "TN", "ZIP_Code": "38115", "Full_Address": "3000 KIRBY MLISS CV MEMPHIS TN 38115", "Latitude": 35.066, "Longitude": -89.856, "UCR_Category": "DEST/DAM/VAND OF PROPERTY", "UCR_Description": "DEST/DAM/VAND OF PROPERTY", "NIBRS_Group": "A", "NIBRS_Offense_Group": "CRIMES AGAINST PROPERTY", "Part_One_or_Part_Two": 2, "Ward": "925", "Precinct": "RIDGEWAY", "Source_ObjectID": "339652", "ObjectId": 1657735}}, {"type": "Feature", "id": 1657736, "geometry": {"type": "Point", "coordinates": [-90.046, 35.012]}, "properties": {"Crime_ID": "2009006560ME", "Offense_Datetime": 1599663600000, "Reported_Datetime": 1600181400000, "Agency_Crime_ID": "OTHER THEFT/NON-SPECIFIC", "UCR_Incident_Code": "23H", "Block": 4900, "Street_Name": "BERTA RD", "Street_Address": "4900 BERTA RD", "City": "MEMPHIS", "State": "TN", "ZIP_Code": "38109", "Full_Address": "4900 BERTA RD MEMPHIS TN 38109", "Latitude": 35.012, "Longitude": -90.046, "UCR_Category": "LARCENY/THEFT", "UCR_Description": "ALL OTHER LARCENY", "NIBRS_Group": "A", "NIBRS_Offense_Group": "CRIMES AGAINST PROPERTY", "Part_One_or_Part_Two": 1, "Ward": "223", "Precinct": "RAINES", "Source_ObjectID": "112074", "ObjectId": 1657736}}, {"type": "Feature", "id": 1657737, "geometry": {"type": "Point", "coordinates": [-89.873, 35.183]}, "properties": {"Crime_ID": "2009003501ME", "Offense_Datetime": 1599617160000, "Reported_Datetime": 1599619440000, "Agency_Crime_ID": "VANDALISM/MISDEMEANOR", "UCR_Incident_Code": "290", "Block": 5700, "Street_Name": "DEER RIDGE LN", "Street_Address": "5700 DEER RIDGE LN", "City": "MEMPHIS", "State": "TN", "ZIP_Code": "38134", "Full_Address": "5700 DEER RIDGE LN MEMPHIS TN 38134", "Latitude": 35.183, "Longitude": -89.873, "UCR_Category": "DEST/DAM/VAND OF PROPERTY", "UCR_Description": "DEST/DAM/VAND OF PROPERTY", "NIBRS_Group": "A", "NIBRS_Offense_Group": "CRIMES AGAINST PROPERTY", "Part_One_or_Part_Two": 2, "Ward": "822", "Precinct": "APPLING FARMS", "Source_ObjectID": "110196", "ObjectId": 1657737}}, {"type": "Feature", "id": 1657738, "geometry": {"type": "Point", "coordinates": [-89.945, 35.106]}, "properties": {"Crime_ID": "2005010992ME", "Offense_Datetime": 1590663000000, "Reported_Datetime": 1590664200000, "Agency_Crime_ID": "BURGLARY/NON-RESIDENTIAL", "UCR_Incident_Code": "220", "Block": 3500, "Street_Name": "CARRINGTON RD", "Street_Address": "3500 CARRINGTON RD", "City": "MEMPHIS", "State": "TN", "ZIP_Code": "38111", "Full_Address": "3500 CARRINGTON RD MEMPHIS TN 38111", "Latitude": 35.106, "Longitude": -89.945, "UCR_Category": "BURG/BREAK & ENTER", "UCR_Description": "BURG/BREAK & ENTER", "NIBRS_Group": "A", "NIBRS_Offense_Group": "CRIMES AGAINST PROPERTY", "Part_One_or_Part_Two": 1, "Ward": "322", "Precinct": "MT MORIAH", "Source_ObjectID": "82001", "ObjectId": 1657738}}, {"type": "Feature", "id": 1657739, "geometry": {"type": "Point", "coordinates": [-89.999, 35.135]}, "properties": {"Crime_ID": "2507025532ME", "Offense_Datetime": 1752562200000, "Reported_Datetime": 1752563040000, "Agency_Crime_ID": "SHOPLIFTING/MISDEMEANOR", "UCR_Incident_Code": "23C", "Block": 1800, "Street_Name": "UNION AVE", "Street_Address": "1800 UNION AVE", "City": "MEMPHIS", "State": "TN", "ZIP_Code": "38104", "Full_Address": "1800 UNION AVE MEMPHIS TN 38104", "Latitude": 35.135, "Longitude": -89.999, "UCR_Category": "LARCENY/THEFT", "UCR_Description": "SHOPLIFTING", "NIBRS_Group": "A", "NIBRS_Offense_Group": "CRIMES AGAINST PROPERTY", "Part_One_or_Part_Two": 1, "Ward": "424", "Precinct": "CRUMP", "Source_ObjectID": "638473", "ObjectId": 1657739}}, {"type": "Feature", "id": 1657740, "geometry": {"type": "Point", "coordinates": [-89.906, 35.093]}, "properties": {"Crime_ID": "2505031437ME", "Offense_Datetime": 1748577600000, "Reported_Datetime": 1748578980000, "Agency_Crime_ID": "AGG. ASSAULT - INVOLVING FIREARMS DISCHARGED", "UCR_Incident_Code": "13A", "Block": 1400, "Street_Name": "DEARING RD", "Street_Address": "1400 DEARING RD", "City": "MEMPHIS", "State": "TN", "ZIP_Code": "38117", "Full_Address": "1400 DEARING RD MEMPHIS TN 38117", "Latitude": 35.093, "Longitude": -89.906, "UCR_Category": "AGGRAVATED ASSAULT", "UCR_Description": "AGGRAVATED ASSAULT", "NIBRS_Group": "A", "NIBRS_Offense_Group": "CRIMES AGAINST PERSONS", "Part_One_or_Part_Two": 1, "Ward": "323", "Precinct": "MT MORIAH", "Source_ObjectID": "626080", "ObjectId": 1657740}}, {"type": "Feature", "id": 1657741, "geometry": {"type": "Point", "coordinates": [-89.722, 35.198]}, "properties": {"Crime_ID": "2210011363ME", "Offense_Datetime": 1666834200000, "Reported_Datetime": 1666837980000, "Agency_Crime_ID": "EXTORTION/BLACKMAIL", "UCR_Incident_Code": "210", "Block": 2600, "Street_Name": "PLUM CREEK DR", "Street_Address": "2600 PLUM CREEK DR", "City": "MEMPHIS", "State": "TN", "ZIP_Code": "38016", "Full_Address": "2600 PLUM CREEK DR MEMPHIS TN 38016", "Latitude": 35.198, "Longitude": -89.722, "UCR_Category": "EXTORTION/BLACKMAIL", "UCR_Description": "EXTORTION/BLACKMAIL", "NIBRS_Group": "A", "NIBRS_Offense_Group": "CRIMES AGAINST PROPERTY", "Part_One_or_Part_Two": 2, "Ward": "826", "Precinct": "APPLING FARMS", "Source_ObjectID": "329373", "ObjectId": 1657741}}, {"type": "Feature", "id": 1657742, "geometry": {"type": "Point", "coordinates": [-89.941, 35.076]}, "properties": {"Crime_ID": "2208013050ME", "Offense_Datetime": 1661481900000, "Reported_Datetime": 1661483760000, "Agency_Crime_ID": "DRUGS/NARCOTICS VIOLATION/FELONY", "UCR_Incident_Code": "35A", "Block": 3600, "Street_Name": "AMERICAN WAY", "Street_Address": "3600 AMERICAN WAY", "City": "MEMPHIS", "State": "TN", "ZIP_Code": "38118", "Full_Address": "3600 AMERICAN WAY MEMPHIS TN 38118", "Latitude": 35.076, "Longitude": -89.941, "UCR_Category": "DRUG/NARCOTIC", "UCR_Description": "DRUG/NARCOTIC VIOLS", "NIBRS_Group": "A", "NIBRS_Offense_Group": "CRIMES AGAINST SOCIETY", "Part_One_or_Part_Two": 2, "Ward": "OCU", "Precinct": "OCU", "Source_ObjectID": "309680", "ObjectId": 1657742}}, {"type": "Feature", "id": 1657743, "geometry": {"type": "Point", "coordinates": [-89.917, 35.235]}, "properties": {"Crime_ID": "2107004350ME", "Offense_Datetime": 1626025500000, "Reported_Datetime": 1626033240000, "Agency_Crime_ID": "VANDALISM/MISDEMEANOR", "UCR_Incident_Code": "290", "Block": 4400, "Street_Name": "ANN ARBOR LN", "Street_Address": "4400 ANN ARBOR LN", "City": "MEMPHIS", "State": "TN", "ZIP_Code": "38128", "Full_Address": "4400 ANN ARBOR LN MEMPHIS TN 38128", "Latitude": 35.235, "Longitude": -89.917, "UCR_Category": "DEST/DAM/VAND OF PROPERTY", "UCR_Description": "DEST/DAM/VAND OF PROPERTY", "NIBRS_Group": "A", "NIBRS_Offense_Group": "CRIMES AGAINST PROPERTY", "Part_One_or_Part_Two": 2, "Ward": "125", "Precinct": "AUSTIN PEAY", "Source_ObjectID": "190286", "ObjectId": 1657743}}, {"type": "Feature", "id": 1657744, "geometry": {"type": "Point", "coordinates": [-90.02, 35.055]}, "properties": {"Crime_ID": "2105012754ME", "Offense_Datetime": 1622393400000, "Reported_Datetime": 1622394360000, "Agency_Crime_ID": "AGGRAVATED ASSAULT/DV", "UCR_Incident_Code": "13A", "Block": 1300, "Street_Name": "DOVE FLIGHT LN", "Street_Address": "1300 DOVE FLIGHT LN", "City": "MEMPHIS", "State": "TN", "ZIP_Code": "38116", "Full_Address": "1300 DOVE FLIGHT LN MEMPHIS TN 38116", "Latitude": 35.055, "Longitude": -90.02, "UCR_Category": "AGGRAVATED ASSAULT", "UCR_Description": "AGGRAVATED ASSAULT", "NIBRS_Group": "A", "NIBRS_Offense_Group": "CRIMES AGAINST PERSONS", "Part_One_or_Part_Two": 1, "Ward": "224", "Precinct": "RAINES", "Source_ObjectID": "178675", "ObjectId": 1657744}}, {"type": "Feature", "id": 1657745, "geometry": {"type": "Point", "coordinates": [-89.912, 35.22]}, "properties": {"Crime_ID": "2303007666ME", "Offense_Datetime": 1678933800000, "Reported_Datetime": 1678937160000, "Agency_Crime_ID": "MVT/PASSENGER VEHICLE", "UCR_Incident_Code": "240", "Block": 3400, "Street_Name": "AUSTIN PEAY HWY", "Street_Address": "3400 AUSTIN PEAY HWY", "City": "MEMPHIS", "State": "TN", "ZIP_Code": "38127", "Full_Address": "3400 AUSTIN PEAY HWY MEMPHIS TN 38127", "Latitude": 35.22, "Longitude": -89.912, "UCR_Category": "MOTOR VEHICLE THEFT", "UCR_Description": "MOTOR VEHICLE THEFT", "NIBRS_Group": "A", "NIBRS_Offense_Group": "CRIMES AGAINST PROPERTY", "Part_One_or_Part_Two": 1, "Ward": "124", "Precinct": "AUSTIN PEAY", "Source_ObjectID": "376376", "ObjectId": 1657745}}, {"type": "Feature", "id": 1657746, "geometry": {"type": "Point", "coordinates": [-89.781, 35.185]}, "properties": {"Crime_ID": "2211013604ME", "Offense_Datetime": 1669280400000, "Reported_Datetime": 1669674780000, "Agency_Crime_ID": "CREDIT CARD/ATM FRAUD", "UCR_Incident_Code": "26B", "Block": 2100, "Street_Name": "WEBBING DR", "Street_Address": "2100 WEBBING DR", "City": "MEMPHIS", "State": "TN", "ZIP_Code": "38016", "Full_Address": "2100 WEBBING DR MEMPHIS TN 38016", "Latitude": 35.185, "Longitude": -89.781, "UCR_Category": "FRAUD", "UCR_Description": "CREDIT CARD/ATM FRAUD", "NIBRS_Group": "A", "NIBRS_Offense_Group": "CRIMES AGAINST PROPERTY", "Part_One_or_Part_Two": 2, "Ward": "822", "Precinct": "APPLING FARMS", "Source_ObjectID": "341038", "ObjectId": 1657746}}, {"type": "Feature", "id": 1657747, "geometry": {"type": "Point", "coordinates": [-89.943, 35.159]}, "properties": {"Crime_ID": "2206014197ME", "Offense_Datetime": 1656546300000, "Reported_Datetime": 1656547320000, "Agency_Crime_ID": "SIMPLE ASSAULT/DV", "UCR_Incident_Code": "13B", "Block": 1000, "Street_Name": "GORDON ST", "Street_Address": "1000 GORDON ST", "City": "MEMPHIS", "State": "TN", "ZIP_Code": "38122", "Full_Address": "1000 GORDON ST MEMPHIS TN 38122", "Latitude": 35.159, "Longitude": -89.943, "UCR_Category": "ASSAULT", "UCR_Description": "SIMPLE ASSAULT", "NIBRS_Group": "A", "NIBRS_Offense_Group": "CRIMES AGAINST PERSONS", "Part_One_or_Part_Two": 2, "Ward": "524", "Precinct": "TILLMAN", "Source_ObjectID": "290665", "ObjectId": 1657747}}, {"type": "Feature", "id": 1657748, "geometry": {"type": "Point", "coordinates": [-89.851, 35.049]}, "properties": {"Crime_ID": "2011005560ME", "Offense_Datetime": 1605271500000, "Reported_Datetime": 1605273300000, "Agency_Crime_ID": "VANDALISM/MISDEMEANOR", "UCR_Incident_Code": "290", "Block": 6300, "Street_Name": "CROWN IMPERIAL DR", "Street_Address": "6300 CROWN IMPERIAL DR", "City": "MEMPHIS", "State": "TN", "ZIP_Code": "38115", "Full_Address": "6300 CROWN IMPERIAL DR MEMPHIS TN 38115", "Latitude": 35.049, "Longitude": -89.851, "UCR_Category": "DEST/DAM/VAND OF PROPERTY", "UCR_Description": "DEST/DAM/VAND OF PROPERTY", "NIBRS_Group": "A", "NIBRS_Offense_Group": "CRIMES AGAINST PROPERTY", "Part_One_or_Part_Two": 2, "Ward": "924", "Precinct": "RIDGEWAY", "Source_ObjectID": "128209", "ObjectId": 1657748}}, {"type": "Feature", "id": 1657749, "geometry": {"type": "Point", "coordinates": [-89.904, 35.113]}, "properties": {"Crime_ID": "2105000255ME", "Offense_Datetime": 1619906400000, "Reported_Datetime": 1619918100000, "Agency_Crime_ID": "THEFT OF VEHICLE PARTS/ACCESSORIES", "UCR_Incident_Code": "23G", "Block": 600, "Street_Name": "COLONIAL RD", "Street_Address": "600 COLONIAL RD", "City": "MEMPHIS", "State": "TN", "ZIP_Code": "38117", "Full_Address": "600 COLONIAL RD MEMPHIS TN 38117", "Latitude": 35.113, "Longitude": -89.904, "UCR_Category": "LARCENY/THEFT", "UCR_Description": "THEFT OF MV PARTS/ACCS", "NIBRS_Group": "A", "NIBRS_Offense_Group": "CRIMES AGAINST PROPERTY", "Part_One_or_Part_Two": 1, "Ward": "821", "Precinct": "APPLING FARMS", "Source_ObjectID": "170794", "ObjectId": 1657749}}, {"type": "Feature", "id": 1657750, "geometry": {"type": "Point", "coordinates": [-90.008, 35.065]}, "properties": {"Crime_ID": "2208800168ME", "Offense_Datetime": 1661349600000, "Reported_Datetime": 1661472202000, "Agency_Crime_ID": "THEFT OF VEHICLE PARTS/ACCESSORIES", "UCR_Incident_Code": "23G", "Block": 3000, "Street_Name": " MILLBRANCH ROAD", "Street_Address": "3000  MILLBRANCH ROAD", "City": "MEMPHIS", "State": "TN", "ZIP_Code": "38116", "Full_Address": "3000 MILLBRANCH ROAD MEMPHIS TN 38116", "Latitude": 35.065, "Longitude": -90.008, "UCR_Category": "LARCENY/THEFT", "UCR_Description": "THEFT OF MV PARTS/ACCS", "NIBRS_Group": "A", "NIBRS_Offense_Group": "CRIMES AGAINST PROPERTY", "Part_One_or_Part_Two": 1, "Ward": "224", "Precinct": "RAINES", "Source_ObjectID": "311925", "ObjectId": 1657750}}, {"type": "Feature", "id": 1657751, "geometry": {"type": "Point", "coordinates": [-90.002, 35.216]}, "properties": {"Crime_ID": "2112009116ME", "Offense_Datetime": 1640218500000, "Reported_Datetime": 1640222820000, "Agency_Crime_ID": "OTHER THEFT/NON-SPECIFIC", "UCR_Incident_Code": "23H", "Block": 3300, "Street_Name": "ASHLAND ST", "Street_Address": "3300 ASHLAND ST", "City": "MEMPHIS", "State": "TN", "ZIP_Code": "38127", "Full_Address": "3300 ASHLAND ST MEMPHIS TN 38127", "Latitude": 35.216, "Longitude": -90.002, "UCR_Category": "LARCENY/THEFT", "UCR_Description": "ALL OTHER LARCENY", "NIBRS_Group": "A", "NIBRS_Offense_Group": "CRIMES AGAINST PROPERTY", "Part_One_or_Part_Two": 1, "Ward": "122", "Precinct": "AUSTIN PEAY", "Source_ObjectID": "236328", "ObjectId": 1657751}}, {"type": "Feature", "id": 1657752, "geometry": {"type": "Point", "coordinates": [-90.052, 35.108]}, "properties": {"Crime_ID": "2103002844ME", "Offense_Datetime": 1615167000000, "Reported_Datetime": 1615167900000, "Agency_Crime_ID": "SIMPLE ASSAULT/DV", "UCR_Incident_Code": "13B", "Block": 300, "Street_Name": "S PKWY EAST ST", "Street_Address": "300 S PKWY EAST ST", "City": "MEMPHIS", "State": "TN", "ZIP_Code": "38106", "Full_Address": "300 S PKWY EAST ST MEMPHIS TN 38106", "Latitude": 35.108, "Longitude": -90.052, "UCR_Category": "ASSAULT", "UCR_Description": "SIMPLE ASSAULT", "NIBRS_Group": "A", "NIBRS_Offense_Group": "CRIMES AGAINST PERSONS", "Part_One_or_Part_Two": 2, "Ward": "421", "Precinct": "CRUMP", "Source_ObjectID": "157085", "ObjectId": 1657752}}, {"type": "Feature", "id": 1657753, "geometry": {"type": "Point", "coordinates": [-89.887, 35.196]}, "properties": {"Crime_ID": "2308001968ME", "Offense_Datetime": 1691137500000, "Reported_Datetime": 1691146560000, "Agency_Crime_ID": "MVT/PASSENGER VEHICLE", "UCR_Incident_Code": "240", "Block": 5200, "Street_Name": "TWIN WOODS AVE", "Street_Address": "5200 TWIN WOODS AVE", "City": "MEMPHIS", "State": "TN", "ZIP_Code": "38134", "Full_Address": "5200 TWIN WOODS AVE MEMPHIS TN 38134", "Latitude": 35.196, "Longitude": -89.887, "UCR_Category": "MOTOR VEHICLE THEFT", "UCR_Description": "MOTOR VEHICLE THEFT", "NIBRS_Group": "A", "NIBRS_Offense_Group": "CRIMES AGAINST PROPERTY", "Part_One_or_Part_Two": 1, "Ward": "126", "Precinct": "AUSTIN PEAY", "Source_ObjectID": "426949", "ObjectId": 1657753}}, {"type": "Feature", "id": 1657754, "geometry": {"type": "Point", "coordinates": [-89.964, 35.142]}, "properties": {"Crime_ID": "2311032279ME", "Offense_Datetime": 1701383400000, "Reported_Datetime": 1701384960000, "Agency_Crime_ID": "VANDALISM/MISDEMEANOR", "UCR_Incident_Code": "290", "Block": 0, "Street_Name": "HALE//CARPENTER", "Street_Address": " HALE//CARPENTER", "City": "MEMPHIS", "State": "TN", "ZIP_Code": "38112", "Full_Address": " HALE//CARPENTER MEMPHIS TN 38112", "Latitude": 35.142, "Longitude": -89.964, "UCR_Category": "DEST/DAM/VAND OF PROPERTY", "UCR_Description": "DEST/DAM/VAND OF PROPERTY", "NIBRS_Group": "A", "NIBRS_Offense_Group": "CRIMES AGAINST PROPERTY", "Part_One_or_Part_Two": 2, "Ward": "523", "Precinct": "TILLMAN", "Source_ObjectID": "466586", "ObjectId": 1657754}}, {"type": "Feature", "id": 1657755, "geometry": {"type": "Point", "coordinates": [-89.972, 35.213]}, "properties": {"Crime_ID": "2401030385ME", "Offense_Datetime": 1706328000000, "Reported_Datetime": 1706629440000, "Agency_Crime_ID": "THEFT OF VEHICLE PARTS/ACCESSORIES", "UCR_Incident_Code": "23G", "Block": 2700, "Street_Name": "WHITNEY AVE", "Street_Address": "2700 WHITNEY AVE", "City": "MEMPHIS", "State": "TN", "ZIP_Code": "38127", "Full_Address": "2700 WHITNEY AVE MEMPHIS TN 38127", "Latitude": 35.213, "Longitude": -89.972, "UCR_Category": "LARCENY/THEFT", "UCR_Description": "THEFT OF MV PARTS/ACCS", "NIBRS_Group": "A", "NIBRS_Offense_Group": "CRIMES AGAINST PROPERTY", "Part_One_or_Part_Two": 1, "Ward": "123", "Precinct": "AUSTIN PEAY", "Source_ObjectID": "484236", "ObjectId": 1657755}}, {"type": "Feature", "id": 1657756, "geometry": {"type": "Point", "coordinates": [-89.888, 35.05]}, "properties": {"Crime_ID": "2402024916ME", "Offense_Datetime": 1707785580000, "Reported_Datetime": 1707786900000, "Agency_Crime_ID": "SHOPLIFTING/MISDEMEANOR", "UCR_Incident_Code": "23C", "Block": 3600, "Street_Name": "WINPLACE RD", "Street_Address": "3600 WINPLACE RD", "City": "MEMPHIS", "State": "TN", "ZIP_Code": "38118", "Full_Address": "3600 WINPLACE RD MEMPHIS TN 38118", "Latitude": 35.05, "Longitude": -89.888, "UCR_Category": "LARCENY/THEFT", "UCR_Description": "SHOPLIFTING", "NIBRS_Group": "A", "NIBRS_Offense_Group": "CRIMES AGAINST PROPERTY", "Part_One_or_Part_Two": 1, "Ward": "922", "Precinct": "RIDGEWAY", "Source_ObjectID": "488400", "ObjectId": 1657756}}, {"type": "Feature", "id": 1657757, "geometry": {"type": "Point", "coordinates": [-90.075, 35.055]}, "properties": {"Crime_ID": "2012005491ME", "Offense_Datetime": 1607909940000, "Reported_Datetime": 1607912220000, "Agency_Crime_ID": "AGGRAVATED ASSAULT", "UCR_Incident_Code": "13A", "Block": 300, "Street_Name": "W MITCHELL RD", "Street_Address": "300 W MITCHELL RD", "City": "MEMPHIS", "State": "TN", "ZIP_Code": "38109", "Full_Address": "300 W MITCHELL RD MEMPHIS TN 38109", "Latitude": 35.055, "Longitude": -90.075, "UCR_Category": "AGGRAVATED ASSAULT", "UCR_Description": "AGGRAVATED ASSAULT", "NIBRS_Group": "A", "NIBRS_Offense_Group": "CRIMES AGAINST PERSONS", "Part_One_or_Part_Two": 1, "Ward": "222", "Precinct": "RAINES", "Source_ObjectID": "136411", "ObjectId": 1657757}}, {"type": "Feature", "id": 1657758, "geometry": {"type": "Point", "coordinates": [-89.971, 35.095]}, "properties": {"Crime_ID": "2010008483ME", "Offense_Datetime": 1603346460000, "Reported_Datetime": 1603346520000, "Agency_Crime_ID": "DRUGS/NARCOTICS VIOLATION/FELONY", "UCR_Incident_Code": "35A", "Block": 2700, "Street_Name": "KIMBALL AVE", "Street_Address": "2700 KIMBALL AVE", "City": "MEMPHIS", "State": "TN", "ZIP_Code": "38114", "Full_Address": "2700 KIMBALL AVE MEMPHIS TN 38114", "Latitude": 35.095, "Longitude": -89.971, "UCR_Category": "DRUG/NARCOTIC", "UCR_Description": "DRUG/NARCOTIC VIOLS", "NIBRS_Group": "A", "NIBRS_Offense_Group": "CRIMES AGAINST SOCIETY", "Part_One_or_Part_Two": 2, "Ward": "725", "Precinct": "AIRWAYS", "Source_ObjectID": "121945", "ObjectId": 1657758}}, {"type": "Feature", "id": 1657759, "geometry": {"type": "Point", "coordinates": [-89.869, 35.03]}, "properties": {"Crime_ID": "2303015146ME", "Offense_Datetime": 1680145200000, "Reported_Datetime": 1680147840000, "Agency_Crime_ID": "SIMPLE ASSAULT/DV", "UCR_Incident_Code": "13B", "Block": 5800, "Street_Name": "JARDIN PL", "Street_Address": "5800 JARDIN PL", "City": "MEMPHIS", "State": "TN", "ZIP_Code": "38141", "Full_Address": "5800 JARDIN PL MEMPHIS TN 38141", "Latitude": 35.03, "Longitude": -89.869, "UCR_Category": "ASSAULT", "UCR_Description": "SIMPLE ASSAULT", "NIBRS_Group": "A", "NIBRS_Offense_Group": "CRIMES AGAINST PERSONS", "Part_One_or_Part_Two": 2, "Ward": "923", "Precinct": "RIDGEWAY", "Source_ObjectID": "381054", "ObjectId": 1657759}}, {"type": "Feature", "id": 1657760, "geometry": {"type": "Point", "coordinates": [-89.862, 35.108]}, "properties": {"Crime_ID": "2008000806ME", "Offense_Datetime": 1595689200000, "Reported_Datetime": 1596476220000, "Agency_Crime_ID": "THEFT OF OTHER TRAILER", "UCR_Incident_Code": "23H", "Block": 6000, "Street_Name": "BRIARCREST AVE", "Street_Address": "6000 BRIARCREST AVE", "City": "MEMPHIS", "State": "TN", "ZIP_Code": "38120", "Full_Address": "6000 BRIARCREST AVE MEMPHIS TN 38120", "Latitude": 35.108, "Longitude": -89.862, "UCR_Category": "LARCENY/THEFT", "UCR_Description": "ALL OTHER LARCENY", "NIBRS_Group": "A", "NIBRS_Offense_Group": "CRIMES AGAINST PROPERTY", "Part_One_or_Part_Two": 1, "Ward": "823", "Precinct": "APPLING FARMS", "Source_ObjectID": "100045", "ObjectId": 1657760}}, {"type": "Feature", "id": 1657761, "geometry": {"type": "Point", "coordinates": [-89.962, 35.089]}, "properties": {"Crime_ID": "2005010840ME", "Offense_Datetime": 1590626700000, "Reported_Datetime": 1590629760000, "Agency_Crime_ID": "AGGRAVATED ASSAULT", "UCR_Incident_Code": "13A", "Block": 0, "Street_Name": "SEMMES ST//DICKMANN AVE", "Street_Address": " SEMMES ST//DICKMANN AVE", "City": "MEMPHIS", "State": "TN", "ZIP_Code": "38114", "Full_Address": " SEMMES ST//DICKMANN AVE MEMPHIS TN 38114", "Latitude": 35.089, "Longitude": -89.962, "UCR_Category": "AGGRAVATED ASSAULT", "UCR_Description": "AGGRAVATED ASSAULT", "NIBRS_Group": "A", "NIBRS_Offense_Group": "CRIMES AGAINST PERSONS", "Part_One_or_Part_Two": 1, "Ward": "726", "Precinct": "AIRWAYS", "Source_ObjectID": "81923", "ObjectId": 1657761}}, {"type": "Feature", "id": 1657762, "geometry": {"type": "Point", "coordinates": [-89.851, 35.067]}, "properties": {"Crime_ID": "2002005139ME", "Offense_Datetime": 1580697000000, "Reported_Datetime": 1581519540000, "Agency_Crime_ID": "SIMPLE ASSAULT/DV", "UCR_Incident_Code": "13B", "Block": 6300, "Street_Name": "KIRBY DOWNS DR", "Street_Address": "6300 KIRBY DOWNS DR", "City": "MEMPHIS", "State": "TN", "ZIP_Code": "38115", "Full_Address": "6300 KIRBY DOWNS DR MEMPHIS TN 38115", "Latitude": 35.067, "Longitude": -89.851, "UCR_Category": "ASSAULT", "UCR_Description": "SIMPLE ASSAULT", "NIBRS_Group": "A", "NIBRS_Offense_Group": "CRIMES AGAINST PERSONS", "Part_One_or_Part_Two": 2, "Ward": "925", "Precinct": "RIDGEWAY", "Source_ObjectID": "54901", "ObjectId": 1657762}}, {"type": "Feature", "id": 1657763, "geometry": {"type": "Point", "coordinates": [-89.855, 35.038]}, "properties": {"Crime_ID": "2501028146ME", "Offense_Datetime": 1737666000000, "Reported_Datetime": 1737753060000, "Agency_Crime_ID": "THEFT OF VEHICLE PARTS/ACCESSORIES", "UCR_Incident_Code": "23G", "Block": 4000, "Street_Name": "ROYAL CREST", "Street_Address": "4000 ROYAL CREST", "City": "MEMPHIS", "State": "TN", "ZIP_Code": "38115", "Full_Address": "4000 ROYAL CREST MEMPHIS TN 38115", "Latitude": 35.038, "Longitude": -89.855, "UCR_Category": "LARCENY/THEFT", "UCR_Description": "THEFT OF MV PARTS/ACCS", "NIBRS_Group": "A", "NIBRS_Offense_Group": "CRIMES AGAINST PROPERTY", "Part_One_or_Part_Two": 1, "Ward": "924", "Precinct": "RIDGEWAY", "Source_ObjectID": "592864", "ObjectId": 1657763}}, {"type": "Feature", "id": 1657764, "geometry": {"type": "Point", "coordinates": [-89.844, 35.062]}, "properties": {"Crime_ID": "2508031847ME", "Offense_Datetime": 1756674000000, "Reported_Datetime": 1756694580000, "Agency_Crime_ID": "SIMPLE ASSAULT", "UCR_Incident_Code": "13B", "Block": 3100, "Street_Name": "KIRBY PKWY", "Street_Address": "3100 KIRBY PKWY", "City": "MEMPHIS", "State": "TN", "ZIP_Code": "38115", "Full_Address": "3100 KIRBY PKWY MEMPHIS TN 38115", "Latitude": 35.062, "Longitude": -89.844, "UCR_Category": "ASSAULT", "UCR_Description": "SIMPLE ASSAULT", "NIBRS_Group": "A", "NIBRS_Offense_Group": "CRIMES AGAINST PERSONS", "Part_One_or_Part_Two": 2, "Ward": "925", "Precinct": "RIDGEWAY", "Source_ObjectID": "650884", "ObjectId": 1657764}}, {"type": "Feature", "id": 1657765, "geometry": {"type": "Point", "coordinates": [-89.917, 35.06]}, "properties": {"Crime_ID": "2404024155ME", "Offense_Datetime": 1712808000000, "Reported_Datetime": 1712810880000, "Agency_Crime_ID": "INTIMIDATION/DV", "UCR_Incident_Code": "13C", "Block": 3200, "Street_Name": "DANVILLE CIR", "Street_Address": "3200 DANVILLE CIR", "City": "MEMPHIS", "State": "TN", "ZIP_Code": "38118", "Full_Address": "3200 DANVILLE CIR MEMPHIS TN 38118", "Latitude": 35.06, "Longitude": -89.917, "UCR_Category": "ASSAULT", "UCR_Description": "INTIMIDATION", "NIBRS_Group": "A", "NIBRS_Offense_Group": "CRIMES AGAINST PERSONS", "Part_One_or_Part_Two": 2, "Ward": "321", "Precinct": "MT MORIAH", "Source_ObjectID": "505297", "ObjectId": 1657765}}, {"type": "Feature", "id": 1657766, "geometry": {"type": "Point", "coordinates": [-90.072, 35.026]}, "properties": {"Crime_ID": "2010005310ME", "Offense_Datetime": 1602609000000, "Reported_Datetime": 1602610440000, "Agency_Crime_ID": "WEAPON LAW VIOLATIONS/FELONY", "UCR_Incident_Code": "520", "Block": 200, "Street_Name": "CYPRESSWOOD CV", "Street_Address": "200 CYPRESSWOOD CV", "City": "MEMPHIS", "State": "TN", "ZIP_Code": "38109", "Full_Address": "200 CYPRESSWOOD CV MEMPHIS TN 38109", "Latitude": 35.026, "Longitude": -90.072, "UCR_Category": "WEAPON LAW VIOLATION", "UCR_Description": "WEAPON LAW VIOL", "NIBRS_Group": "A", "NIBRS_Offense_Group": "CRIMES AGAINST SOCIETY", "Part_One_or_Part_Two": 2, "Ward": "221", "Precinct": "RAINES", "Source_ObjectID": "119799", "ObjectId": 1657766}}, {"type": "Feature", "id": 1657767, "geometry": {"type": "Point", "coordinates": [-90.047, 35.122]}, "properties": {"Crime_ID": "2304022286ME", "Offense_Datetime": 1682559600000, "Reported_Datetime": 1682562300000, "Agency_Crime_ID": "DRUGS/NARCOTICS VIOLATION/FELONY", "UCR_Incident_Code": "35A", "Block": 0, "Street_Name": "WILLIAMS AVE//COAHOMA PL", "Street_Address": " WILLIAMS AVE//COAHOMA PL", "City": "MEMPHIS", "State": "TN", "ZIP_Code": "38106", "Full_Address": " WILLIAMS AVE//COAHOMA PL MEMPHIS TN 38106", "Latitude": 35.122, "Longitude": -90.047, "UCR_Category": "DRUG/NARCOTIC", "UCR_Description": "DRUG/NARCOTIC VIOLS", "NIBRS_Group": "A", "NIBRS_Offense_Group": "CRIMES AGAINST SOCIETY", "Part_One_or_Part_Two": 2, "Ward": "421", "Precinct": "CRUMP", "Source_ObjectID": "390685", "ObjectId": 1657767}}, {"type": "Feature", "id": 1657768, "geometry": {"type": "Point", "coordinates": [-90.051, 35.152]}, "properties": {"Crime_ID": "2003009567ME", "Offense_Datetime": 1584822600000, "Reported_Datetime": 1584972240000, "Agency_Crime_ID": "OTHER THEFT/NON-SPECIFIC", "UCR_Incident_Code": "23H", "Block": 200, "Street_Name": "NORTH MAIN ST", "Street_Address": "200 NORTH MAIN ST", "City": "MEMPHIS", "State": "TN", "ZIP_Code": "38103", "Full_Address": "200 NORTH MAIN ST MEMPHIS TN 38103", "Latitude": 35.152, "Longitude": -90.051, "UCR_Category": "LARCENY/THEFT", "UCR_Description": "ALL OTHER LARCENY", "NIBRS_Group": "A", "NIBRS_Offense_Group": "CRIMES AGAINST PROPERTY", "Part_One_or_Part_Two": 1, "Ward": "621", "Precinct": "NORTH MAIN", "Source_ObjectID": "65029", "ObjectId": 1657768}}, {"type": "Feature", "id": 1657769, "geometry": {"type": "Point", "coordinates": [-89.841, 35.1]}, "properties": {"Crime_ID": "2301800014ME", "Offense_Datetime": 1671385200000, "Reported_Datetime": 1672626746000, "Agency_Crime_ID": "CREDIT CARD/ATM FRAUD", "UCR_Incident_Code": "26B", "Block": 6600, "Street_Name": " POPLAR AVENUE", "Street_Address": "6600  POPLAR AVENUE", "City": "MEMPHIS", "State": "TN", "ZIP_Code": "38138", "Full_Address": "6600 POPLAR AVENUE MEMPHIS TN 38138", "Latitude": 35.1, "Longitude": -89.841, "UCR_Category": "FRAUD", "UCR_Description": "CREDIT CARD/ATM FRAUD", "NIBRS_Group": "A", "NIBRS_Offense_Group": "CRIMES AGAINST PROPERTY", "Part_One_or_Part_Two": 2, "Ward": "823", "Precinct": "APPLING FARMS", "Source_ObjectID": "352735", "ObjectId": 1657769}}, {"type": "Feature", "id": 1657770, "geometry": {"type": "Point", "coordinates": [-89.86, 35.06]}, "properties": {"Crime_ID": "2005004975ME", "Offense_Datetime": 1589416320000, "Reported_Datetime": 1589417280000, "Agency_Crime_ID": "AGGRAVATED ASSAULT/DV", "UCR_Incident_Code": "13A", "Block": 6000, "Street_Name": "KNIGHT ARNOLD RD", "Street_Address": "6000 KNIGHT ARNOLD RD", "City": "MEMPHIS", "State": "TN", "ZIP_Code": "38115", "Full_Address": "6000 KNIGHT ARNOLD RD MEMPHIS TN 38115", "Latitude": 35.06, "Longitude": -89.86, "UCR_Category": "AGGRAVATED ASSAULT", "UCR_Description": "AGGRAVATED ASSAULT", "NIBRS_Group": "A", "NIBRS_Offense_Group": "CRIMES AGAINST PERSONS", "Part_One_or_Part_Two": 1, "Ward": "925", "Precinct": "RIDGEWAY", "Source_ObjectID": "77913", "ObjectId": 1657770}}, {"type": "Feature", "id": 1657771, "geometry": {"type": "Point", "coordinates": [0, 0]}, "properties": {"Crime_ID": "2201005685ME", "Offense_Datetime": 1642207500000, "Reported_Datetime": 1642268340000, "Agency_Crime_ID": "THEFT OF VEHICLE PARTS/ACCESSORIES", "UCR_Incident_Code": "23G", "Block": 3300, "Street_Name": "LANTRIP DR", "Street_Address": "3300 LANTRIP DR", "City": "MEMPHIS", "State": "TN", "ZIP_Code": "38109", "Full_Address": "3300 LANTRIP DR MEMPHIS TN 38109", "Latitude": 0, "Longitude": 0, "UCR_Category": "LARCENY/THEFT", "UCR_Description": "THEFT OF MV PARTS/ACCS", "NIBRS_Group": "A", "NIBRS_Offense_Group": "CRIMES AGAINST PROPERTY", "Part_One_or_Part_Two": 1, "Ward": "222", "Precinct": "RAINES", "Source_ObjectID": "242870", "ObjectId": 1657771}}, {"type": "Feature", "id": 1657772, "geometry": {"type": "Point", "coordinates": [0, 0]}, "properties": {"Crime_ID": "2411025344ME", "Offense_Datetime": 1731644040000, "Reported_Datetime": 1731647580000, "Agency_Crime_ID": "SIMPLE ASSAULT/DV", "UCR_Incident_Code": "13B", "Block": 3600, "Street_Name": "KIMBLE AVE", "Street_Address": "3600 KIMBLE AVE", "City": "MEMPHIS", "State": "TN", "ZIP_Code": "00000", "Full_Address": "3600 KIMBLE AVE MEMPHIS TN 00000", "Latitude": 0, "Longitude": 0, "UCR_Category": "ASSAULT", "UCR_Description": "SIMPLE ASSAULT", "NIBRS_Group": "A", "NIBRS_Offense_Group": "CRIMES AGAINST PERSONS", "Part_One_or_Part_Two": 2, "Ward": "322", "Precinct": "MT MORIAH", "Source_ObjectID": "573771", "ObjectId": 1657772}}, {"type": "Feature", "id": 1657773, "geometry": {"type": "Point", "coordinates": [-89.852, 35.058]}, "properties": {"Crime_ID": "2401028308ME", "Offense_Datetime": 1706151600000, "Reported_Datetime": 1706195820000, "Agency_Crime_ID": "THEFT & RECOVERY/PASSENGER VEHICLE", "UCR_Incident_Code": "240", "Block": 3300, "Street_Name": "SNOW RIDGE CV", "Street_Address": "3300 SNOW RIDGE CV", "City": "MEMPHIS", "State": "TN", "ZIP_Code": "38115", "Full_Address": "3300 SNOW RIDGE CV MEMPHIS TN 38115", "Latitude": 35.058, "Longitude": -89.852, "UCR_Category": "MOTOR VEHICLE THEFT", "UCR_Description": "MOTOR VEHICLE THEFT", "NIBRS_Group": "A", "NIBRS_Offense_Group": "CRIMES AGAINST PROPERTY", "Part_One_or_Part_Two": 1, "Ward": "925", "Precinct": "RIDGEWAY", "Source_ObjectID": "482690", "ObjectId": 1657773}}, {"type": "Feature", "id": 1657774, "geometry": {"type": "Point", "coordinates": [-89.847, 35.163]}, "properties": {"Crime_ID": "2312020223ME", "Offense_Datetime": 1701428400000, "Reported_Datetime": 1701468000000, "Agency_Crime_ID": "AGGRAVATED ASSAULT", "UCR_Incident_Code": "13A", "Block": 6400, "Street_Name": "CROSSBROOK LN", "Street_Address": "6400 CROSSBROOK LN", "City": "MEMPHIS", "State": "TN", "ZIP_Code": "38134", "Full_Address": "6400 CROSSBROOK LN MEMPHIS TN 38134", "Latitude": 35.163, "Longitude": -89.847, "UCR_Category": "AGGRAVATED ASSAULT", "UCR_Description": "AGGRAVATED ASSAULT", "NIBRS_Group": "A", "NIBRS_Offense_Group": "CRIMES AGAINST PERSONS", "Part_One_or_Part_Two": 1, "Ward": "822", "Precinct": "APPLING FARMS", "Source_ObjectID": "466868", "ObjectId": 1657774}}, {"type": "Feature", "id": 1657775, "geometry": {"type": "Point", "coordinates": [-89.76, 35.204]}, "properties": {"Crime_ID": "2304020914ME", "Offense_Datetime": 1682285400000, "Reported_Datetime": 1682304720000, "Agency_Crime_ID": "SHOPLIFTING/MISDEMEANOR", "UCR_Incident_Code": "23C", "Block": 9000, "Street_Name": "HWY 64", "Street_Address": "9000 HWY 64", "City": "MEMPHIS", "State": "TN", "ZIP_Code": "38016", "Full_Address": "9000 HWY 64 MEMPHIS TN 38016", "Latitude": 35.204, "Longitude": -89.76, "UCR_Category": "LARCENY/THEFT", "UCR_Description": "SHOPLIFTING", "NIBRS_Group": "A", "NIBRS_Offense_Group": "CRIMES AGAINST PROPERTY", "Part_One_or_Part_Two": 1, "Ward": "826", "Precinct": "APPLING FARMS", "Source_ObjectID": "389569", "ObjectId": 1657775}}, {"type": "Feature", "id": 1657776, "geometry": {"type": "Point", "coordinates": [-89.939, 35.113]}, "properties": {"Crime_ID": "2306021171ME", "Offense_Datetime": 1685772900000, "Reported_Datetime": 1685808660000, "Agency_Crime_ID": "MVT/PASSENGER VEHICLE", "UCR_Incident_Code": "240", "Block": 3700, "Street_Name": "SPOTTSWOOD AVE", "Street_Address": "3700 SPOTTSWOOD AVE", "City": "MEMPHIS", "State": "TN", "ZIP_Code": "38111", "Full_Address": "3700 SPOTTSWOOD AVE MEMPHIS TN 38111", "Latitude": 35.113, "Longitude": -89.939, "UCR_Category": "MOTOR VEHICLE THEFT", "UCR_Description": "MOTOR VEHICLE THEFT", "NIBRS_Group": "A", "NIBRS_Offense_Group": "CRIMES AGAINST PROPERTY", "Part_One_or_Part_Two": 1, "Ward": "522", "Precinct": "TILLMAN", "Source_ObjectID": "410331", "ObjectId": 1657776}}, {"type": "Feature", "id": 1657777, "geometry": {"type": "Point", "coordinates": [-90.047, 35.144]}, "properties": {"Crime_ID": "2309029348ME", "Offense_Datetime": 1695416400000, "Reported_Datetime": 1695417120000, "Agency_Crime_ID": "VANDALISM/MISDEMEANOR", "UCR_Incident_Code": "290", "Block": 0, "Street_Name": "FOURTH ST", "Street_Address": "0 FOURTH ST", "City": "MEMPHIS", "State": "TN", "ZIP_Code": "38103", "Full_Address": "0 FOURTH ST MEMPHIS TN 38103", "Latitude": 35.144, "Longitude": -90.047, "UCR_Category": "DEST/DAM/VAND OF PROPERTY", "UCR_Description": "DEST/DAM/VAND OF PROPERTY", "NIBRS_Group": "A", "NIBRS_Offense_Group": "CRIMES AGAINST PROPERTY", "Part_One_or_Part_Two": 2, "Ward": "624", "Precinct": "NORTH MAIN", "Source_ObjectID": "443994", "ObjectId": 1657777}}, {"type": "Feature", "id": 1657778, "geometry": {"type": "Point", "coordinates": [-90.033, 35.169]}, "properties": {"Crime_ID": "2307002585ME", "Offense_Datetime": 1688598000000, "Reported_Datetime": 1688604420000, "Agency_Crime_ID": "MVT/PASSENGER VEHICLE", "UCR_Incident_Code": "240", "Block": 1000, "Street_Name": "WOODLAWN ST", "Street_Address": "1000 WOODLAWN ST", "City": "MEMPHIS", "State": "TN", "ZIP_Code": "38107", "Full_Address": "1000 WOODLAWN ST MEMPHIS TN 38107", "Latitude": 35.169, "Longitude": -90.033, "UCR_Category": "MOTOR VEHICLE THEFT", "UCR_Description": "MOTOR VEHICLE THEFT", "NIBRS_Group": "A", "NIBRS_Offense_Group": "CRIMES AGAINST PROPERTY", "Part_One_or_Part_Two": 1, "Ward": "626", "Precinct": "NORTH MAIN", "Source_ObjectID": "416381", "ObjectId": 1657778}}, {"type": "Feature", "id": 1657779, "geometry": {"type": "Point", "coordinates": [-89.963, 35.09]}, "properties": {"Crime_ID": "2111001938ME", "Offense_Datetime": 1636071600000, "Reported_Datetime": 1636072260000, "Agency_Crime_ID": "SHOPLIFTING/MISDEMEANOR", "UCR_Incident_Code": "23C", "Block": 2900, "Street_Name": "LAMAR AVE", "Street_Address": "2900 LAMAR AVE", "City": "MEMPHIS", "State": "TN", "ZIP_Code": "38114", "Full_Address": "2900 LAMAR AVE MEMPHIS TN 38114", "Latitude": 35.09, "Longitude": -89.963, "UCR_Category": "LARCENY/THEFT", "UCR_Description": "SHOPLIFTING", "NIBRS_Group": "A", "NIBRS_Offense_Group": "CRIMES AGAINST PROPERTY", "Part_One_or_Part_Two": 1, "Ward": "726", "Precinct": "AIRWAYS", "Source_ObjectID": "223670", "ObjectId": 1657779}}, {"type": "Feature", "id": 1657780, "geometry": {"type": "Point", "coordinates": [-89.918, 35.094]}, "properties": {"Crime_ID": "2411028090ME", "Offense_Datetime": 1732253400000, "Reported_Datetime": 1732277700000, "Agency_Crime_ID": "MVT/PASSENGER VEHICLE", "UCR_Incident_Code": "240", "Block": 4300, "Street_Name": "FREDERICKS AVE", "Street_Address": "4300 FREDERICKS AVE", "City": "MEMPHIS", "State": "TN", "ZIP_Code": "38111", "Full_Address": "4300 FREDERICKS AVE MEMPHIS TN 38111", "Latitude": 35.094, "Longitude": -89.918, "UCR_Category": "MOTOR VEHICLE THEFT", "UCR_Description": "MOTOR VEHICLE THEFT", "NIBRS_Group": "A", "NIBRS_Offense_Group": "CRIMES AGAINST PROPERTY", "Part_One_or_Part_Two": 1, "Ward": "323", "Precinct": "MT MORIAH", "Source_ObjectID": "575836", "ObjectId": 1657780}}, {"type": "Feature", "id": 1657781, "geometry": {"type": "Point", "coordinates": [-89.894, 35.009]}, "properties": {"Crime_ID": "2310021538ME", "Offense_Datetime": 1696413000000, "Reported_Datetime": 1696432020000, "Agency_Crime_ID": "AGGRAVATED ASSAULT", "UCR_Incident_Code": "13A", "Block": 5200, "Street_Name": "LAMAR AVE", "Street_Address": "5200 LAMAR AVE", "City": "MEMPHIS", "State": "TN", "ZIP_Code": "38115", "Full_Address": "5200 LAMAR AVE MEMPHIS TN 38115", "Latitude": 35.009, "Longitude": -89.894, "UCR_Category": "AGGRAVATED ASSAULT", "UCR_Description": "AGGRAVATED ASSAULT", "NIBRS_Group": "A", "NIBRS_Offense_Group": "CRIMES AGAINST PERSONS", "Part_One_or_Part_Two": 1, "Ward": "922", "Precinct": "RIDGEWAY", "Source_ObjectID": "448158", "ObjectId": 1657781}}, {"type": "Feature", "id": 1657782, "geometry": {"type": "Point", "coordinates": [-89.676, 35.041]}, "properties": {"Crime_ID": "2104006739ME", "Offense_Datetime": 1618609500000, "Reported_Datetime": 1618610040000, "Agency_Crime_ID": "DRUG EQUIPMENT VIOLATION", "UCR_Incident_Code": "35B", "Block": 100, "Street_Name": "WOODFERN CV", "Street_Address": "100 WOODFERN CV", "City": "MEMPHIS", "State": "TN", "ZIP_Code": "38017", "Full_Address": "100 WOODFERN CV MEMPHIS TN 38017", "Latitude": 35.041, "Longitude": -89.676, "UCR_Category": "DRUG/NARCOTIC", "UCR_Description": "DRUG/NARCOTIC EQUIQ VIOL", "NIBRS_Group": "A", "NIBRS_Offense_Group": "CRIMES AGAINST SOCIETY", "Part_One_or_Part_Two": 2, "Ward": "OCU", "Precinct": "OCU", "Source_ObjectID": "166973", "ObjectId": 1657782}}, {"type": "Feature", "id": 1657783, "geometry": {"type": "Point", "coordinates": [-90.056, 35.138]}, "properties": {"Crime_ID": "2004007754ME", "Offense_Datetime": 1587645120000, "Reported_Datetime": 1587645780000, "Agency_Crime_ID": "PORNOGRAPHY/OBSCENE MATERIAL", "UCR_Incident_Code": "370", "Block": 200, "Street_Name": "S MAIN ST", "Street_Address": "200 S MAIN ST", "City": "MEMPHIS", "State": "TN", "ZIP_Code": "38103", "Full_Address": "200 S MAIN ST MEMPHIS TN 38103", "Latitude": 35.138, "Longitude": -90.056, "UCR_Category": "PORNOGRAPHY/OBSCN MAT", "UCR_Description": "PORNOGRAPHY/OBSCN MAT", "NIBRS_Group": "A", "NIBRS_Offense_Group": "CRIMES AGAINST SOCIETY", "Part_One_or_Part_Two": 2, "Ward": "622", "Precinct": "NORTH MAIN", "Source_ObjectID": "72680", "ObjectId": 1657783}}, {"type": "Feature", "id": 1657784, "geometry": {"type": "Point", "coordinates": [-90.026, 35.139]}, "properties": {"Crime_ID": "2003000771ME", "Offense_Datetime": 1583198400000, "Reported_Datetime": 1583200140000, "Agency_Crime_ID": "WEAPON LAW VIOLATIONS/FELONY", "UCR_Incident_Code": "520", "Block": 0, "Street_Name": "S CAMILLA ST", "Street_Address": "0 S CAMILLA ST", "City": "MEMPHIS", "State": "TN", "ZIP_Code": "38104", "Full_Address": "0 S CAMILLA ST MEMPHIS TN 38104", "Latitude": 35.139, "Longitude": -90.026, "UCR_Category": "WEAPON LAW VIOLATION", "UCR_Description": "WEAPON LAW VIOL", "NIBRS_Group": "A", "NIBRS_Offense_Group": "CRIMES AGAINST SOCIETY", "Part_One_or_Part_Two": 2, "Ward": "624", "Precinct": "NORTH MAIN", "Source_ObjectID": "59966", "ObjectId": 1657784}}, {"type": "Feature", "id": 1657785, "geometry": {"type": "Point", "coordinates": [-89.758, 35.177]}, "properties": {"Crime_ID": "2511027984ME", "Offense_Datetime": 1764137100000, "Reported_Datetime": 1764138240000, "Agency_Crime_ID": "VANDALISM/FELONY", "UCR_Incident_Code": "290", "Block": 1800, "Street_Name": "BERRYHILL RD", "Street_Address": "1800 BERRYHILL RD", "City": "MEMPHIS", "State": "TN", "ZIP_Code": "38016", "Full_Address": "1800 BERRYHILL RD MEMPHIS TN 38016", "Latitude": 35.177, "Longitude": -89.758, "UCR_Category": "DEST/DAM/VAND OF PROPERTY", "UCR_Description": "DEST/DAM/VAND OF PROPERTY", "NIBRS_Group": "A", "NIBRS_Offense_Group": "CRIMES AGAINST PROPERTY", "Part_One_or_Part_Two": 2, "Ward": "826", "Precinct": "APPLING FARMS", "Source_ObjectID": "670236", "ObjectId": 1657785}}, {"type": "Feature", "id": 1657786, "geometry": {"type": "Point", "coordinates": [-90.021, 35.033]}, "properties": {"Crime_ID": "2110007029ME", "Offense_Datetime": 1634367600000, "Reported_Datetime": 1634369700000, "Agency_Crime_ID": "AGGRAVATED ASSAULT", "UCR_Incident_Code": "13A", "Block": 1300, "Street_Name": "WESLEY DR", "Street_Address": "1300 WESLEY DR", "City": "MEMPHIS", "State": "TN", "ZIP_Code": "38116", "Full_Address": "1300 WESLEY DR MEMPHIS TN 38116", "Latitude": 35.033, "Longitude": -90.021, "UCR_Category": "AGGRAVATED ASSAULT", "UCR_Description": "AGGRAVATED ASSAULT", "NIBRS_Group": "A", "NIBRS_Offense_Group": "CRIMES AGAINST PERSONS", "Part_One_or_Part_Two": 1, "Ward": "225", "Precinct": "RAINES", "Source_ObjectID": "217738", "ObjectId": 1657786}}, {"type": "Feature", "id": 1657787, "geometry": {"type": "Point", "coordinates": [-89.995, 35.078]}, "properties": {"Crime_ID": "2110007315ME", "Offense_Datetime": 1634430600000, "Reported_Datetime": 1634432460000, "Agency_Crime_ID": "VANDALISM/MISDEMEANOR", "UCR_Incident_Code": "290", "Block": 2000, "Street_Name": "ALCY RD", "Street_Address": "2000 ALCY RD", "City": "MEMPHIS", "State": "TN", "ZIP_Code": "38114", "Full_Address": "2000 ALCY RD MEMPHIS TN 38114", "Latitude": 35.078, "Longitude": -89.995, "UCR_Category": "DEST/DAM/VAND OF PROPERTY", "UCR_Description": "DEST/DAM/VAND OF PROPERTY", "NIBRS_Group": "A", "NIBRS_Offense_Group": "CRIMES AGAINST PROPERTY", "Part_One_or_Part_Two": 2, "Ward": "724", "Precinct": "AIRWAYS", "Source_ObjectID": "217917", "ObjectId": 1657787}}, {"type": "Feature", "id": 1657788, "geometry": {"type": "Point", "coordinates": [-90.059, 35.06]}, "properties": {"Crime_ID": "2306007948ME", "Offense_Datetime": 1687842000000, "Reported_Datetime": 1687867500000, "Agency_Crime_ID": "BURGLARY/RESIDENTIAL", "UCR_Incident_Code": "220", "Block": 3200, "Street_Name": "THIRD ST", "Street_Address": "3200 THIRD ST", "City": "MEMPHIS", "State": "TN", "ZIP_Code": "38109", "Full_Address": "3200 THIRD ST MEMPHIS TN 38109", "Latitude": 35.06, "Longitude": -90.059, "UCR_Category": "BURG/BREAK & ENTER", "UCR_Description": "BURG/BREAK & ENTER", "NIBRS_Group": "A", "NIBRS_Offense_Group": "CRIMES AGAINST PROPERTY", "Part_One_or_Part_Two": 1, "Ward": "222", "Precinct": "RAINES", "Source_ObjectID": "407938", "ObjectId": 1657788}}, {"type": "Feature", "id": 1657789, "geometry": {"type": "Point", "coordinates": [-90.075, 35.103]}, "properties": {"Crime_ID": "2003006112ME", "Offense_Datetime": 1584210600000, "Reported_Datetime": 1584215700000, "Agency_Crime_ID": "VANDALISM/MISDEMEANOR", "UCR_Incident_Code": "290", "Block": 1600, "Street_Name": "RIVERSIDE BLVD", "Street_Address": "1600 RIVERSIDE BLVD", "City": "MEMPHIS", "State": "TN", "ZIP_Code": "38109", "Full_Address": "1600 RIVERSIDE BLVD MEMPHIS TN 38109", "Latitude": 35.103, "Longitude": -90.075, "UCR_Category": "DEST/DAM/VAND OF PROPERTY", "UCR_Description": "DEST/DAM/VAND OF PROPERTY", "NIBRS_Group": "A", "NIBRS_Offense_Group": "CRIMES AGAINST PROPERTY", "Part_One_or_Part_Two": 2, "Ward": "721", "Precinct": "AIRWAYS", "Source_ObjectID": "62889", "ObjectId": 1657789}}, {"type": "Feature", "id": 1657790, "geometry": {"type": "Point", "coordinates": [-90.044, 35.088]}, "properties": {"Crime_ID": "2506025249ME", "Offense_Datetime": 1749924000000, "Reported_Datetime": 1749931260000, "Agency_Crime_ID": "THEFT FROM BUILDING", "UCR_Incident_Code": "23D", "Block": 500, "Street_Name": "E GAGE AVE", "Street_Address": "500 E GAGE AVE", "City": "MEMPHIS", "State": "TN", "ZIP_Code": "38106", "Full_Address": "500 E GAGE AVE MEMPHIS TN 38106", "Latitude": 35.088, "Longitude": -90.044, "UCR_Category": "LARCENY/THEFT", "UCR_Description": "THEFT FROM A BUILDING", "NIBRS_Group": "A", "NIBRS_Offense_Group": "CRIMES AGAINST PROPERTY", "Part_One_or_Part_Two": 1, "Ward": "722", "Precinct": "AIRWAYS", "Source_ObjectID": "630280", "ObjectId": 1657790}}, {"type": "Feature", "id": 1657791, "geometry": {"type": "Point", "coordinates": [-89.898, 35.02]}, "properties": {"Crime_ID": "2107001396ME", "Offense_Datetime": 1625373000000, "Reported_Datetime": 1625427120000, "Agency_Crime_ID": "THEFT FROM SEMI-TRAILER", "UCR_Incident_Code": "23F", "Block": 4900, "Street_Name": "HIGHWAY 78", "Street_Address": "4900 HIGHWAY 78", "City": "MEMPHIS", "State": "TN", "ZIP_Code": "38118", "Full_Address": "4900 HIGHWAY 78 MEMPHIS TN 38118", "Latitude": 35.02, "Longitude": -89.898, "UCR_Category": "LARCENY/THEFT", "UCR_Description": "THEFT FROM A MOTOR VEHICLE", "NIBRS_Group": "A", "NIBRS_Offense_Group": "CRIMES AGAINST PROPERTY", "Part_One_or_Part_Two": 1, "Ward": "922", "Precinct": "RIDGEWAY", "Source_ObjectID": "188332", "ObjectId": 1657791}}, {"type": "Feature", "id": 1657792, "geometry": {"type": "Point", "coordinates": [-89.852, 35.048]}, "properties": {"Crime_ID": "2504021630ME", "Offense_Datetime": 1743883200000, "Reported_Datetime": 1743888180000, "Agency_Crime_ID": "MVT/PASSENGER VEHICLE", "UCR_Incident_Code": "240", "Block": 6300, "Street_Name": "OREGON DR", "Street_Address": "6300 OREGON DR", "City": "MEMPHIS", "State": "TN", "ZIP_Code": "38115", "Full_Address": "6300 OREGON DR MEMPHIS TN 38115", "Latitude": 35.048, "Longitude": -89.852, "UCR_Category": "MOTOR VEHICLE THEFT", "UCR_Description": "MOTOR VEHICLE THEFT", "NIBRS_Group": "A", "NIBRS_Offense_Group": "CRIMES AGAINST PROPERTY", "Part_One_or_Part_Two": 1, "Ward": "924", "Precinct": "RIDGEWAY", "Source_ObjectID": "610689", "ObjectId": 1657792}}, {"type": "Feature", "id": 1657793, "geometry": {"type": "Point", "coordinates": [-89.973, 35.092]}, "properties": {"Crime_ID": "2005002147ME", "Offense_Datetime": 1588804200000, "Reported_Datetime": 1588806780000, "Agency_Crime_ID": "AGGRAVATED ASSAULT/DV", "UCR_Incident_Code": "13A", "Block": 2700, "Street_Name": "FILMORE AVE", "Street_Address": "2700 FILMORE AVE", "City": "MEMPHIS", "State": "TN", "ZIP_Code": "38114", "Full_Address": "2700 FILMORE AVE MEMPHIS TN 38114", "Latitude": 35.092, "Longitude": -89.973, "UCR_Category": "AGGRAVATED ASSAULT", "UCR_Description": "AGGRAVATED ASSAULT", "NIBRS_Group": "A", "NIBRS_Offense_Group": "CRIMES AGAINST PERSONS", "Part_One_or_Part_Two": 1, "Ward": "725", "Precinct": "AIRWAYS", "Source_ObjectID": "76028", "ObjectId": 1657793}}, {"type": "Feature", "id": 1657794, "geometry": {"type": "Point", "coordinates": [-90.056, 35.102]}, "properties": {"Crime_ID": "2308012924ME", "Offense_Datetime": 1692756000000, "Reported_Datetime": 1692812400000, "Agency_Crime_ID": "MVT/PASSENGER VEHICLE", "UCR_Incident_Code": "240", "Block": 1600, "Street_Name": "BARTON ST", "Street_Address": "1600 BARTON ST", "City": "MEMPHIS", "State": "TN", "ZIP_Code": "38109", "Full_Address": "1600 BARTON ST MEMPHIS TN 38109", "Latitude": 35.102, "Longitude": -90.056, "UCR_Category": "MOTOR VEHICLE THEFT", "UCR_Description": "MOTOR VEHICLE THEFT", "NIBRS_Group": "A", "NIBRS_Offense_Group": "CRIMES AGAINST PROPERTY", "Part_One_or_Part_Two": 1, "Ward": "721", "Precinct": "AIRWAYS", "Source_ObjectID": "433636", "ObjectId": 1657794}}, {"type": "Feature", "id": 1657795, "geometry": {"type": "Point", "coordinates": [-90.047, 35.143]}, "properties": {"Crime_ID": "2106010613ME", "Offense_Datetime": 1624625700000, "Reported_Datetime": 1624627020000, "Agency_Crime_ID": "THEFT FROM MOTOR VEHICLE", "UCR_Incident_Code": "23F", "Block": 0, "Street_Name": "FOURTH ST", "Street_Address": "0 FOURTH ST", "City": "MEMPHIS", "State": "TN", "ZIP_Code": "38103", "Full_Address": "0 FOURTH ST MEMPHIS TN 38103", "Latitude": 35.143, "Longitude": -90.047, "UCR_Category": "LARCENY/THEFT", "UCR_Description": "THEFT FROM A MOTOR VEHICLE", "NIBRS_Group": "A", "NIBRS_Offense_Group": "CRIMES AGAINST PROPERTY", "Part_One_or_Part_Two": 1, "Ward": "622", "Precinct": "NORTH MAIN", "Source_ObjectID": "185840", "ObjectId": 1657795}}, {"type": "Feature", "id": 1657796, "geometry": {"type": "Point", "coordinates": [0, 0]}, "properties": {"Crime_ID": "2011000918ME", "Offense_Datetime": 1604397600000, "Reported_Datetime": 1604401980000, "Agency_Crime_ID": "VANDALISM/MISDEMEANOR", "UCR_Incident_Code": "290", "Block": 7000, "Street_Name": "RIVERDALE BEND DR", "Street_Address": "7000 RIVERDALE BEND DR", "City": "MEMPHIS", "State": "TN", "ZIP_Code": "38115", "Full_Address": "7000 RIVERDALE BEND DR MEMPHIS TN 38115", "Latitude": 0, "Longitude": 0, "UCR_Category": "DEST/DAM/VAND OF PROPERTY", "UCR_Description": "DEST/DAM/VAND OF PROPERTY", "NIBRS_Group": "A", "NIBRS_Offense_Group": "CRIMES AGAINST PROPERTY", "Part_One_or_Part_Two": 2, "Ward": "925", "Precinct": "RIDGEWAY", "Source_ObjectID": "125388", "ObjectId": 1657796}}, {"type": "Feature", "id": 1657797, "geometry": {"type": "Point", "coordinates": [-89.977, 35.126]}, "properties": {"Crime_ID": "2301004008ME", "Offense_Datetime": 1673139600000, "Reported_Datetime": 1673209380000, "Agency_Crime_ID": "MVT/PASSENGER VEHICLE", "UCR_Incident_Code": "240", "Block": 200, "Street_Name": "EDWIN CIR", "Street_Address": "200 EDWIN CIR", "City": "MEMPHIS", "State": "TN", "ZIP_Code": "38112", "Full_Address": "200 EDWIN CIR MEMPHIS TN 38112", "Latitude": 35.126, "Longitude": -89.977, "UCR_Category": "MOTOR VEHICLE THEFT", "UCR_Description": "MOTOR VEHICLE THEFT", "NIBRS_Group": "A", "NIBRS_Offense_Group": "CRIMES AGAINST PROPERTY", "Part_One_or_Part_Two": 1, "Ward": "523", "Precinct": "TILLMAN", "Source_ObjectID": "355717", "ObjectId": 1657797}}, {"type": "Feature", "id": 1657798, "geometry": {"type": "Point", "coordinates": [-89.896, 35.216]}, "properties": {"Crime_ID": "2404024015ME", "Offense_Datetime": 1712781600000, "Reported_Datetime": 1712786100000, "Agency_Crime_ID": "SIMPLE ASSAULT", "UCR_Incident_Code": "13B", "Block": 3300, "Street_Name": "COVINGTON PIKE", "Street_Address": "3300 COVINGTON PIKE", "City": "MEMPHIS", "State": "TN", "ZIP_Code": "38128", "Full_Address": "3300 COVINGTON PIKE MEMPHIS TN 38128", "Latitude": 35.216, "Longitude": -89.896, "UCR_Category": "ASSAULT", "UCR_Description": "SIMPLE ASSAULT", "NIBRS_Group": "A", "NIBRS_Offense_Group": "CRIMES AGAINST PERSONS", "Part_One_or_Part_Two": 2, "Ward": "126", "Precinct": "AUSTIN PEAY", "Source_ObjectID": "505189", "ObjectId": 1657798}}, {"type": "Feature", "id": 1657799, "geometry": {"type": "Point", "coordinates": [-90.021, 35.104]}, "properties": {"Crime_ID": "2206000148ME", "Offense_Datetime": 1654092960000, "Reported_Datetime": 1654092960000, "Agency_Crime_ID": "MVT/PASSENGER VEHICLE", "UCR_Incident_Code": "240", "Block": 1500, "Street_Name": "ELVIS PRESLEY BLVD", "Street_Address": "1500 ELVIS PRESLEY BLVD", "City": "MEMPHIS", "State": "TN", "ZIP_Code": "38106", "Full_Address": "1500 ELVIS PRESLEY BLVD MEMPHIS TN 38106", "Latitude": 35.104, "Longitude": -90.021, "UCR_Category": "MOTOR VEHICLE THEFT", "UCR_Description": "MOTOR VEHICLE THEFT", "NIBRS_Group": "A", "NIBRS_Offense_Group": "CRIMES AGAINST PROPERTY", "Part_One_or_Part_Two": 1, "Ward": "723", "Precinct": "AIRWAYS", "Source_ObjectID": "281482", "ObjectId": 1657799}}, {"type": "Feature", "id": 1657800, "geometry": {"type": "Point", "coordinates": [-89.789, 35.199]}, "properties": {"Crime_ID": "2508026519ME", "Offense_Datetime": 1755464400000, "Reported_Datetime": 1755474180000, "Agency_Crime_ID": "THEFT FROM BUILDING", "UCR_Incident_Code": "23D", "Block": 2700, "Street_Name": "GERMANTOWN PKWY", "Street_Address": "2700 GERMANTOWN PKWY", "City": "MEMPHIS", "State": "TN", "ZIP_Code": "38133", "Full_Address": "2700 GERMANTOWN PKWY MEMPHIS TN 38133", "Latitude": 35.199, "Longitude": -89.789, "UCR_Category": "LARCENY/THEFT", "UCR_Description": "THEFT FROM A BUILDING", "NIBRS_Group": "A", "NIBRS_Offense_Group": "CRIMES AGAINST PROPERTY", "Part_One_or_Part_Two": 1, "Ward": "826", "Precinct": "APPLING FARMS", "Source_ObjectID": "647362", "ObjectId": 1657800}}, {"type": "Feature", "id": 1657801, "geometry": {"type": "Point", "coordinates": [-90.054, 35.141]}, "properties": {"Crime_ID": "2504027429ME", "Offense_Datetime": 1745181300000, "Reported_Datetime": 1745214660000, "Agency_Crime_ID": "VANDALISM/MISDEMEANOR", "UCR_Incident_Code": "290", "Block": 100, "Street_Name": "PEABODY PL", "Street_Address": "100 PEABODY PL", "City": "MEMPHIS", "State": "TN", "ZIP_Code": "38103", "Full_Address": "100 PEABODY PL MEMPHIS TN 38103", "Latitude": 35.141, "Longitude": -90.054, "UCR_Category": "DEST/DAM/VAND OF PROPERTY", "UCR_Description": "DEST/DAM/VAND OF PROPERTY", "NIBRS_Group": "A", "NIBRS_Offense_Group": "CRIMES AGAINST PROPERTY", "Part_One_or_Part_Two": 2, "Ward": "621", "Precinct": "NORTH MAIN", "Source_ObjectID": "614952", "ObjectId": 1657801}}, {"type": "Feature", "id": 1657802, "geometry": {"type": "Point", "coordinates": [-89.909, 35.09]}, "properties": {"Crime_ID": "2406025998ME", "Offense_Datetime": 1718390760000, "Reported_Datetime": 1718397900000, "Agency_Crime_ID": "VANDALISM/MISDEMEANOR", "UCR_Incident_Code": "290", "Block": 4500, "Street_Name": "DUNN AVENUE ", "Street_Address": "4500 DUNN AVENUE ", "City": "MEMPHIS", "State": "TN", "ZIP_Code": "38115", "Full_Address": "4500 DUNN AVENUE MEMPHIS TN 38115", "Latitude": 35.09, "Longitude": -89.909, "UCR_Category": "DEST/DAM/VAND OF PROPERTY", "UCR_Description": "DEST/DAM/VAND OF PROPERTY", "NIBRS_Group": "A", "NIBRS_Offense_Group": "CRIMES AGAINST PROPERTY", "Part_One_or_Part_Two": 2, "Ward": "323", "Precinct": "MT MORIAH", "Source_ObjectID": "526568", "ObjectId": 1657802}}, {"type": "Feature", "id": 1657803, "geometry": {"type": "Point", "coordinates": [0, 0]}, "properties": {"Crime_ID": "2302004666ME", "Offense_Datetime": 1675958400000, "Reported_Datetime": 1676062620000, "Agency_Crime_ID": "THEFT OF VEHICLE PARTS/ACCESSORIES", "UCR_Incident_Code": "23G", "Block": 400, "Street_Name": "FLINKE AVE", "Street_Address": "400 FLINKE AVE", "City": "MEMPHIS", "State": "TN", "ZIP_Code": "38111", "Full_Address": "400 FLINKE AVE MEMPHIS TN 38111", "Latitude": 0, "Longitude": 0, "UCR_Category": "LARCENY/THEFT", "UCR_Description": "THEFT OF MV PARTS/ACCS", "NIBRS_Group": "A", "NIBRS_Offense_Group": "CRIMES AGAINST PROPERTY", "Part_One_or_Part_Two": 1, "Ward": "121", "Precinct": "AUSTIN PEAY", "Source_ObjectID": "365834", "ObjectId": 1657803}}, {"type": "Feature", "id": 1657804, "geometry": {"type": "Point", "coordinates": [-89.948, 35.243]}, "properties": {"Crime_ID": "2103002576ME", "Offense_Datetime": 1615084200000, "Reported_Datetime": 1615084860000, "Agency_Crime_ID": "MURDER", "UCR_Incident_Code": "09A", "Block": 4300, "Street_Name": "RIDGESTONE DR", "Street_Address": "4300 RIDGESTONE DR", "City": "MEMPHIS", "State": "TN", "ZIP_Code": "38128", "Full_Address": "4300 RIDGESTONE DR MEMPHIS TN 38128", "Latitude": 35.243, "Longitude": -89.948, "UCR_Category": "HOMICIDE", "UCR_Description": "MURDER/NON-NEGL MSLTR", "NIBRS_Group": "A", "NIBRS_Offense_Group": "CRIMES AGAINST PERSONS", "Part_One_or_Part_Two": 1, "Ward": "125", "Precinct": "AUSTIN PEAY", "Source_ObjectID": "156876", "ObjectId": 1657804}}, {"type": "Feature", "id": 1657805, "geometry": {"type": "Point", "coordinates": [-89.894, 35.192]}, "properties": {"Crime_ID": "2009012966ME", "Offense_Datetime": 1601404740000, "Reported_Datetime": 1601406300000, "Agency_Crime_ID": "SHOPLIFTING/FELONY", "UCR_Incident_Code": "23C", "Block": 5000, "Street_Name": "RALEIGH LAGRANGE RD", "Street_Address": "5000 RALEIGH LAGRANGE RD", "City": "MEMPHIS", "State": "TN", "ZIP_Code": "38134", "Full_Address": "5000 RALEIGH LAGRANGE RD MEMPHIS TN 38134", "Latitude": 35.192, "Longitude": -89.894, "UCR_Category": "LARCENY/THEFT", "UCR_Description": "SHOPLIFTING", "NIBRS_Group": "A", "NIBRS_Offense_Group": "CRIMES AGAINST PROPERTY", "Part_One_or_Part_Two": 1, "Ward": "126", "Precinct": "AUSTIN PEAY", "Source_ObjectID": "115987", "ObjectId": 1657805}}, {"type": "Feature", "id": 1657806, "geometry": {"type": "Point", "coordinates": [-90.044, 35.132]}, "properties": {"Crime_ID": "2111008792ME", "Offense_Datetime": 1637370000000, "Reported_Datetime": 1637388480000, "Agency_Crime_ID": "VANDALISM/MISDEMEANOR", "UCR_Incident_Code": "290", "Block": 500, "Street_Name": "ST PAUL AVE", "Street_Address": "500 ST PAUL AVE", "City": "MEMPHIS", "State": "TN", "ZIP_Code": "38103", "Full_Address": "500 ST PAUL AVE MEMPHIS TN 38103", "Latitude": 35.132, "Longitude": -90.044, "UCR_Category": "DEST/DAM/VAND OF PROPERTY", "UCR_Description": "DEST/DAM/VAND OF PROPERTY", "NIBRS_Group": "A", "NIBRS_Offense_Group": "CRIMES AGAINST PROPERTY", "Part_One_or_Part_Two": 2, "Ward": "621", "Precinct": "NORTH MAIN", "Source_ObjectID": "227848", "ObjectId": 1657806}}, {"type": "Feature", "id": 1657807, "geometry": {"type": "Point", "coordinates": [-90.102, 35.006]}, "properties": {"Crime_ID": "2205011178ME", "Offense_Datetime": 1652202000000, "Reported_Datetime": 1653411840000, "Agency_Crime_ID": "OTHER THEFT/NON-SPECIFIC", "UCR_Incident_Code": "23H", "Block": 0, "Street_Name": "HOLMES RD//TULLY RD", "Street_Address": " HOLMES RD//TULLY RD", "City": "MEMPHIS", "State": "TN", "ZIP_Code": "38109", "Full_Address": " HOLMES RD//TULLY RD MEMPHIS TN 38109", "Latitude": 35.006, "Longitude": -90.102, "UCR_Category": "LARCENY/THEFT", "UCR_Description": "ALL OTHER LARCENY", "NIBRS_Group": "A", "NIBRS_Offense_Group": "CRIMES AGAINST PROPERTY", "Part_One_or_Part_Two": 1, "Ward": "221", "Precinct": "RAINES", "Source_ObjectID": "278928", "ObjectId": 1657807}}, {"type": "Feature", "id": 1657808, "geometry": {"type": "Point", "coordinates": [-90.014, 35.093]}, "properties": {"Crime_ID": "2411026523ME", "Offense_Datetime": 1731937500000, "Reported_Datetime": 1731941280000, "Agency_Crime_ID": "VANDALISM/MISDEMEANOR", "UCR_Incident_Code": "290", "Block": 0, "Street_Name": "CINCINNATI//DUNN ST", "Street_Address": " CINCINNATI//DUNN ST", "City": "MEMPHIS", "State": "TN", "ZIP_Code": "38131", "Full_Address": " CINCINNATI//DUNN ST MEMPHIS TN 38131", "Latitude": 35.093, "Longitude": -90.014, "UCR_Category": "DEST/DAM/VAND OF PROPERTY", "UCR_Description": "DEST/DAM/VAND OF PROPERTY", "NIBRS_Group": "A", "NIBRS_Offense_Group": "CRIMES AGAINST PROPERTY", "Part_One_or_Part_Two": 2, "Ward": "724", "Precinct": "AIRWAYS", "Source_ObjectID": "574680", "ObjectId": 1657808}}, {"type": "Feature", "id": 1657809, "geometry": {"type": "Point", "coordinates": [-89.926, 35.221]}, "properties": {"Crime_ID": "2505029498ME", "Offense_Datetime": 1748155800000, "Reported_Datetime": 1748155800000, "Agency_Crime_ID": "THEFT FROM MOTOR VEHICLE", "UCR_Incident_Code": "23F", "Block": 3500, "Street_Name": "RAMILL RD", "Street_Address": "3500 RAMILL RD", "City": "MEMPHIS", "State": "TN", "ZIP_Code": "38128", "Full_Address": "3500 RAMILL RD MEMPHIS TN 38128", "Latitude": 35.221, "Longitude": -89.926, "UCR_Category": "LARCENY/THEFT", "UCR_Description": "THEFT FROM A MOTOR VEHICLE", "NIBRS_Group": "A", "NIBRS_Offense_Group": "CRIMES AGAINST PROPERTY", "Part_One_or_Part_Two": 1, "Ward": "125", "Precinct": "AUSTIN PEAY", "Source_ObjectID": "624724", "ObjectId": 1657809}}, {"type": "Feature", "id": 1657810, "geometry": {"type": "Point", "coordinates": [-89.937, 35.178]}, "properties": {"Crime_ID": "2109005105ME", "Offense_Datetime": 1631415600000, "Reported_Datetime": 1631415720000, "Agency_Crime_ID": "SIMPLE ASSAULT/DV", "UCR_Incident_Code": "13B", "Block": 3700, "Street_Name": "JACKSON AVE", "Street_Address": "3700 JACKSON AVE", "City": "MEMPHIS", "State": "TN", "ZIP_Code": "38108", "Full_Address": "3700 JACKSON AVE MEMPHIS TN 38108", "Latitude": 35.178, "Longitude": -89.937, "UCR_Category": "ASSAULT", "UCR_Description": "SIMPLE ASSAULT", "NIBRS_Group": "A", "NIBRS_Offense_Group": "CRIMES AGAINST PERSONS", "Part_One_or_Part_Two": 2, "Ward": "526", "Precinct": "TILLMAN", "Source_ObjectID": "207829", "ObjectId": 1657810}}, {"type": "Feature", "id": 1657811, "geometry": {"type": "Point", "coordinates": [-90.051, 35.115]}, "properties": {"Crime_ID": "2506029269ME", "Offense_Datetime": 1750821000000, "Reported_Datetime": 1750822620000, "Agency_Crime_ID": "SIMPLE ASSAULT/DV", "UCR_Incident_Code": "13B", "Block": 300, "Street_Name": "SIMPSON AVE", "Street_Address": "300 SIMPSON AVE", "City": "MEMPHIS", "State": "TN", "ZIP_Code": "38104", "Full_Address": "300 SIMPSON AVE MEMPHIS TN 38104", "Latitude": 35.115, "Longitude": -90.051, "UCR_Category": "ASSAULT", "UCR_Description": "SIMPLE ASSAULT", "NIBRS_Group": "A", "NIBRS_Offense_Group": "CRIMES AGAINST PERSONS", "Part_One_or_Part_Two": 2, "Ward": "421", "Precinct": "CRUMP", "Source_ObjectID": "633020", "ObjectId": 1657811}}, {"type": "Feature", "id": 1657813, "geometry": {"type": "Point", "coordinates": [-89.989, 35.007]}, "properties": {"Crime_ID": "2403020782ME", "Offense_Datetime": 1709455200000, "Reported_Datetime": 1709456280000, "Agency_Crime_ID": "VANDALISM/MISDEMEANOR", "UCR_Incident_Code": "290", "Block": 5100, "Street_Name": "AIRWAYS BLVD", "Street_Address": "5100 AIRWAYS BLVD", "City": "MEMPHIS", "State": "TN", "ZIP_Code": "38118", "Full_Address": "5100 AIRWAYS BLVD MEMPHIS TN 38118", "Latitude": 35.007, "Longitude": -89.989, "UCR_Category": "DEST/DAM/VAND OF PROPERTY", "UCR_Description": "DEST/DAM/VAND OF PROPERTY", "NIBRS_Group": "A", "NIBRS_Offense_Group": "CRIMES AGAINST PROPERTY", "Part_One_or_Part_Two": 2, "Ward": "921", "Precinct": "RIDGEWAY", "Source_ObjectID": "494092", "ObjectId": 1657813}}, {"type": "Feature", "id": 1657814, "geometry": {"type": "Point", "coordinates": [-89.901, 35.114]}, "properties": {"Crime_ID": "2502027217ME", "Offense_Datetime": 1740252600000, "Reported_Datetime": 1740255120000, "Agency_Crime_ID": "MVT/PASSENGER VEHICLE", "UCR_Incident_Code": "240", "Block": 4800, "Street_Name": "POPLAR AVE", "Street_Address": "4800 POPLAR AVE", "City": "MEMPHIS", "State": "TN", "ZIP_Code": "38119", "Full_Address": "4800 POPLAR AVE MEMPHIS TN 38119", "Latitude": 35.114, "Longitude": -89.901, "UCR_Category": "MOTOR VEHICLE THEFT", "UCR_Description": "MOTOR VEHICLE THEFT", "NIBRS_Group": "A", "NIBRS_Offense_Group": "CRIMES AGAINST PROPERTY", "Part_One_or_Part_Two": 1, "Ward": "821", "Precinct": "APPLING FARMS", "Source_ObjectID": "599993", "ObjectId": 1657814}}, {"type": "Feature", "id": 1657815, "geometry": {"type": "Point", "coordinates": [-89.997, 35.143]}, "properties": {"Crime_ID": "2304005815ME", "Offense_Datetime": 1681308000000, "Reported_Datetime": 1681312680000, "Agency_Crime_ID": "THEFT FROM MOTOR VEHICLE", "UCR_Incident_Code": "23F", "Block": 1900, "Street_Name": "POPLAR AVE", "Street_Address": "1900 POPLAR AVE", "City": "MEMPHIS", "State": "TN", "ZIP_Code": "38104", "Full_Address": "1900 POPLAR AVE MEMPHIS TN 38104", "Latitude": 35.143, "Longitude": -89.997, "UCR_Category": "LARCENY/THEFT", "UCR_Description": "THEFT FROM A MOTOR VEHICLE", "NIBRS_Group": "A", "NIBRS_Offense_Group": "CRIMES AGAINST PROPERTY", "Part_One_or_Part_Two": 1, "Ward": "424", "Precinct": "CRUMP", "Source_ObjectID": "385440", "ObjectId": 1657815}}, {"type": "Feature", "id": 1657816, "geometry": {"type": "Point", "coordinates": [-89.918, 35.162]}, "properties": {"Crime_ID": "2102003340ME", "Offense_Datetime": 1612824300000, "Reported_Datetime": 1612829220000, "Agency_Crime_ID": "SHOPLIFTING/MISDEMEANOR", "UCR_Incident_Code": "23C", "Block": 4200, "Street_Name": "MACON RD", "Street_Address": "4200 MACON RD", "City": "MEMPHIS", "State": "TN", "ZIP_Code": "38122", "Full_Address": "4200 MACON RD MEMPHIS TN 38122", "Latitude": 35.162, "Longitude": -89.918, "UCR_Category": "LARCENY/THEFT", "UCR_Description": "SHOPLIFTING", "NIBRS_Group": "A", "NIBRS_Offense_Group": "CRIMES AGAINST PROPERTY", "Part_One_or_Part_Two": 1, "Ward": "525", "Precinct": "TILLMAN", "Source_ObjectID": "151605", "ObjectId": 1657816}}, {"type": "Feature", "id": 1657817, "geometry": {"type": "Point", "coordinates": [-89.972, 35.179]}, "properties": {"Crime_ID": "2402026276ME", "Offense_Datetime": 1708085340000, "Reported_Datetime": 1708085760000, "Agency_Crime_ID": "VANDALISM/MISDEMEANOR", "UCR_Incident_Code": "290", "Block": 2500, "Street_Name": "GOODWILL LN", "Street_Address": "2500 GOODWILL LN", "City": "MEMPHIS", "State": "TN", "ZIP_Code": "38104", "Full_Address": "2500 GOODWILL LN MEMPHIS TN 38104", "Latitude": 35.179, "Longitude": -89.972, "UCR_Category": "DEST/DAM/VAND OF PROPERTY", "UCR_Description": "DEST/DAM/VAND OF PROPERTY", "NIBRS_Group": "A", "NIBRS_Offense_Group": "CRIMES AGAINST PROPERTY", "Part_One_or_Part_Two": 2, "Ward": "426", "Precinct": "CRUMP", "Source_ObjectID": "489341", "ObjectId": 1657817}}, {"type": "Feature", "id": 1657818, "geometry": {"type": "Point", "coordinates": [-89.866, 35.107]}, "properties": {"Crime_ID": "2009004484ME", "Offense_Datetime": 1599238800000, "Reported_Datetime": 1599775380000, "Agency_Crime_ID": "MVT/PASSENGER VEHICLE", "UCR_Incident_Code": "240", "Block": 800, "Street_Name": "RIDGELAKE BLVD", "Street_Address": "800 RIDGELAKE BLVD", "City": "MEMPHIS", "State": "TN", "ZIP_Code": "38133", "Full_Address": "800 RIDGELAKE BLVD MEMPHIS TN 38133", "Latitude": 35.107, "Longitude": -89.866, "UCR_Category": "MOTOR VEHICLE THEFT", "UCR_Description": "MOTOR VEHICLE THEFT", "NIBRS_Group": "A", "NIBRS_Offense_Group": "CRIMES AGAINST PROPERTY", "Part_One_or_Part_Two": 1, "Ward": "823", "Precinct": "APPLING FARMS", "Source_ObjectID": "110691", "ObjectId": 1657818}}, {"type": "Feature", "id": 1657819, "geometry": {"type": "Point", "coordinates": [-90.012, 35.14]}, "properties": {"Crime_ID": "2102005691ME", "Offense_Datetime": 1613361600000, "Reported_Datetime": 1613404800000, "Agency_Crime_ID": "THEFT OF VEHICLE PARTS/ACCESSORIES", "UCR_Incident_Code": "23G", "Block": 1400, "Street_Name": "COURT AVE", "Street_Address": "1400 COURT AVE", "City": "MEMPHIS", "State": "TN", "ZIP_Code": "38104", "Full_Address": "1400 COURT AVE MEMPHIS TN 38104", "Latitude": 35.14, "Longitude": -90.012, "UCR_Category": "LARCENY/THEFT", "UCR_Description": "THEFT OF MV PARTS/ACCS", "NIBRS_Group": "A", "NIBRS_Offense_Group": "CRIMES AGAINST PROPERTY", "Part_One_or_Part_Two": 1, "Ward": "423", "Precinct": "CRUMP", "Source_ObjectID": "152956", "ObjectId": 1657819}}, {"type": "Feature", "id": 1657820, "geometry": {"type": "Point", "coordinates": [-89.843, 35.051]}, "properties": {"Crime_ID": "2604028915ME", "Offense_Datetime": 1777197540000, "Reported_Datetime": 1777200540000, "Agency_Crime_ID": "VANDALISM/MISDEMEANOR", "UCR_Incident_Code": "290", "Block": 3500, "Street_Name": "KIRBY PKWY", "Street_Address": "3500 KIRBY PKWY", "City": "MEMPHIS", "State": "TN", "ZIP_Code": "38115", "Full_Address": "3500 KIRBY PKWY MEMPHIS TN 38115", "Latitude": 35.051, "Longitude": -89.843, "UCR_Category": "DEST/DAM/VAND OF PROPERTY", "UCR_Description": "DEST/DAM/VAND OF PROPERTY", "NIBRS_Group": "A", "NIBRS_Offense_Group": "CRIMES AGAINST PROPERTY", "Part_One_or_Part_Two": 2, "Ward": "925", "Precinct": "RIDGEWAY", "Source_ObjectID": "700416", "ObjectId": 1657820}}, {"type": "Feature", "id": 1657821, "geometry": {"type": "Point", "coordinates": [-90, 35.201]}, "properties": {"Crime_ID": "2307009271ME", "Offense_Datetime": 1689615900000, "Reported_Datetime": 1689616500000, "Agency_Crime_ID": "SIMPLE ASSAULT", "UCR_Incident_Code": "13B", "Block": 1900, "Street_Name": "THE OAKS AVE", "Street_Address": "1900 THE OAKS AVE", "City": "MEMPHIS", "State": "TN", "ZIP_Code": "38127", "Full_Address": "1900 THE OAKS AVE MEMPHIS TN 38127", "Latitude": 35.201, "Longitude": -90, "UCR_Category": "ASSAULT", "UCR_Description": "SIMPLE ASSAULT", "NIBRS_Group": "A", "NIBRS_Offense_Group": "CRIMES AGAINST PERSONS", "Part_One_or_Part_Two": 2, "Ward": "122", "Precinct": "AUSTIN PEAY", "Source_ObjectID": "420698", "ObjectId": 1657821}}, {"type": "Feature", "id": 1657822, "geometry": {"type": "Point", "coordinates": [-90.042, 35.046]}, "properties": {"Crime_ID": "2102002225ME", "Offense_Datetime": 1612569600000, "Reported_Datetime": 1612571940000, "Agency_Crime_ID": "INTIMIDATION/DV", "UCR_Incident_Code": "13C", "Block": 600, "Street_Name": "WOODSTONE CIR", "Street_Address": "600 WOODSTONE CIR", "City": "MEMPHIS", "State": "TN", "ZIP_Code": "38116", "Full_Address": "600 WOODSTONE CIR MEMPHIS TN 38116", "Latitude": 35.046, "Longitude": -90.042, "UCR_Category": "ASSAULT", "UCR_Description": "INTIMIDATION", "NIBRS_Group": "A", "NIBRS_Offense_Group": "CRIMES AGAINST PERSONS", "Part_One_or_Part_Two": 2, "Ward": "223", "Precinct": "RAINES", "Source_ObjectID": "150896", "ObjectId": 1657822}}, {"type": "Feature", "id": 1657823, "geometry": {"type": "Point", "coordinates": [-89.969, 35.091]}, "properties": {"Crime_ID": "2402029452ME", "Offense_Datetime": 1708763100000, "Reported_Datetime": 1708763520000, "Agency_Crime_ID": "VANDALISM/MISDEMEANOR", "UCR_Incident_Code": "290", "Block": 2800, "Street_Name": "OWL HOLLOW DR", "Street_Address": "2800 OWL HOLLOW DR", "City": "MEMPHIS", "State": "TN", "ZIP_Code": "38114", "Full_Address": "2800 OWL HOLLOW DR MEMPHIS TN 38114", "Latitude": 35.091, "Longitude": -89.969, "UCR_Category": "DEST/DAM/VAND OF PROPERTY", "UCR_Description": "DEST/DAM/VAND OF PROPERTY", "NIBRS_Group": "A", "NIBRS_Offense_Group": "CRIMES AGAINST PROPERTY", "Part_One_or_Part_Two": 2, "Ward": "725", "Precinct": "AIRWAYS", "Source_ObjectID": "491647", "ObjectId": 1657823}}, {"type": "Feature", "id": 1657824, "geometry": {"type": "Point", "coordinates": [-89.858, 35.104]}, "properties": {"Crime_ID": "2403023731ME", "Offense_Datetime": 1710043200000, "Reported_Datetime": 1710086520000, "Agency_Crime_ID": "VANDALISM/MISDEMEANOR", "UCR_Incident_Code": "290", "Block": 1000, "Street_Name": "SHADY GROVE RD", "Street_Address": "1000 SHADY GROVE RD", "City": "MEMPHIS", "State": "TN", "ZIP_Code": "38120", "Full_Address": "1000 SHADY GROVE RD MEMPHIS TN 38120", "Latitude": 35.104, "Longitude": -89.858, "UCR_Category": "DEST/DAM/VAND OF PROPERTY", "UCR_Description": "DEST/DAM/VAND OF PROPERTY", "NIBRS_Group": "A", "NIBRS_Offense_Group": "CRIMES AGAINST PROPERTY", "Part_One_or_Part_Two": 2, "Ward": "823", "Precinct": "APPLING FARMS", "Source_ObjectID": "496164", "ObjectId": 1657824}}, {"type": "Feature", "id": 1657825, "geometry": {"type": "Point", "coordinates": [-89.996, 35.142]}, "properties": {"Crime_ID": "2501021649ME", "Offense_Datetime": 1736038800000, "Reported_Datetime": 1736091240000, "Agency_Crime_ID": "VANDALISM/MISDEMEANOR", "UCR_Incident_Code": "290", "Block": 1900, "Street_Name": "POPLAR AVE", "Street_Address": "1900 POPLAR AVE", "City": "MEMPHIS", "State": "TN", "ZIP_Code": "38104", "Full_Address": "1900 POPLAR AVE MEMPHIS TN 38104", "Latitude": 35.142, "Longitude": -89.996, "UCR_Category": "DEST/DAM/VAND OF PROPERTY", "UCR_Description": "DEST/DAM/VAND OF PROPERTY", "NIBRS_Group": "A", "NIBRS_Offense_Group": "CRIMES AGAINST PROPERTY", "Part_One_or_Part_Two": 2, "Ward": "424", "Precinct": "CRUMP", "Source_ObjectID": "588425", "ObjectId": 1657825}}, {"type": "Feature", "id": 1657826, "geometry": {"type": "Point", "coordinates": [-89.99, 35.137]}, "properties": {"Crime_ID": "2112004947ME", "Offense_Datetime": 1639354800000, "Reported_Datetime": 1639359660000, "Agency_Crime_ID": "FALSE PRETENSES/SWINDLE/CONFIDENCE GAME", "UCR_Incident_Code": "26A", "Block": 2100, "Street_Name": "MADISON AVE", "Street_Address": "2100 MADISON AVE", "City": "MEMPHIS", "State": "TN", "ZIP_Code": "38104", "Full_Address": "2100 MADISON AVE MEMPHIS TN 38104", "Latitude": 35.137, "Longitude": -89.99, "UCR_Category": "FRAUD", "UCR_Description": "FALSE PRETENSES/SWIN/CONF", "NIBRS_Group": "A", "NIBRS_Offense_Group": "CRIMES AGAINST PROPERTY", "Part_One_or_Part_Two": 2, "Ward": "424", "Precinct": "CRUMP", "Source_ObjectID": "233747", "ObjectId": 1657826}}, {"type": "Feature", "id": 1657828, "geometry": {"type": "Point", "coordinates": [-90.077, 35.052]}, "properties": {"Crime_ID": "2206000254ME", "Offense_Datetime": 1654102800000, "Reported_Datetime": 1654105020000, "Agency_Crime_ID": "SIMPLE ASSAULT/DV", "UCR_Incident_Code": "13B", "Block": 300, "Street_Name": "FAIRHOPE RD", "Street_Address": "300 FAIRHOPE RD", "City": "MEMPHIS", "State": "TN", "ZIP_Code": "38109", "Full_Address": "300 FAIRHOPE RD MEMPHIS TN 38109", "Latitude": 35.052, "Longitude": -90.077, "UCR_Category": "ASSAULT", "UCR_Description": "SIMPLE ASSAULT", "NIBRS_Group": "A", "NIBRS_Offense_Group": "CRIMES AGAINST PERSONS", "Part_One_or_Part_Two": 2, "Ward": "222", "Precinct": "RAINES", "Source_ObjectID": "281554", "ObjectId": 1657828}}, {"type": "Feature", "id": 1657829, "geometry": {"type": "Point", "coordinates": [-89.906, 35.058]}, "properties": {"Crime_ID": "2008013028ME", "Offense_Datetime": 1598799600000, "Reported_Datetime": 1598891280000, "Agency_Crime_ID": "VANDALISM/FELONY", "UCR_Incident_Code": "290", "Block": 3300, "Street_Name": "S PERKINS AVE", "Street_Address": "3300 S PERKINS AVE", "City": "MEMPHIS", "State": "TN", "ZIP_Code": "38118", "Full_Address": "3300 S PERKINS AVE MEMPHIS TN 38118", "Latitude": 35.058, "Longitude": -89.906, "UCR_Category": "DEST/DAM/VAND OF PROPERTY", "UCR_Description": "DEST/DAM/VAND OF PROPERTY", "NIBRS_Group": "A", "NIBRS_Offense_Group": "CRIMES AGAINST PROPERTY", "Part_One_or_Part_Two": 2, "Ward": "323", "Precinct": "MT MORIAH", "Source_ObjectID": "107790", "ObjectId": 1657829}}, {"type": "Feature", "id": 1657830, "geometry": {"type": "Point", "coordinates": [-90.037, 35.209]}, "properties": {"Crime_ID": "2412022705ME", "Offense_Datetime": 1733616120000, "Reported_Datetime": 1733684880000, "Agency_Crime_ID": "VANDALISM/MISDEMEANOR", "UCR_Incident_Code": "290", "Block": 700, "Street_Name": "KINGSTON CV", "Street_Address": "700 KINGSTON CV", "City": "MEMPHIS", "State": "TN", "ZIP_Code": "38103", "Full_Address": "700 KINGSTON CV MEMPHIS TN 38103", "Latitude": 35.209, "Longitude": -90.037, "UCR_Category": "DEST/DAM/VAND OF PROPERTY", "UCR_Description": "DEST/DAM/VAND OF PROPERTY", "NIBRS_Group": "A", "NIBRS_Offense_Group": "CRIMES AGAINST PROPERTY", "Part_One_or_Part_Two": 2, "Ward": "121", "Precinct": "AUSTIN PEAY", "Source_ObjectID": "580033", "ObjectId": 1657830}}, {"type": "Feature", "id": 1657831, "geometry": {"type": "Point", "coordinates": [-89.935, 35.202]}, "properties": {"Crime_ID": "2406029340ME", "Offense_Datetime": 1719053400000, "Reported_Datetime": 1719054420000, "Agency_Crime_ID": "VANDALISM/MISDEMEANOR", "UCR_Incident_Code": "290", "Block": 3800, "Street_Name": "ADVANTAGE WAY DR", "Street_Address": "3800 ADVANTAGE WAY DR", "City": "MEMPHIS", "State": "TN", "ZIP_Code": "38128", "Full_Address": "3800 ADVANTAGE WAY DR MEMPHIS TN 38128", "Latitude": 35.202, "Longitude": -89.935, "UCR_Category": "DEST/DAM/VAND OF PROPERTY", "UCR_Description": "DEST/DAM/VAND OF PROPERTY", "NIBRS_Group": "A", "NIBRS_Offense_Group": "CRIMES AGAINST PROPERTY", "Part_One_or_Part_Two": 2, "Ward": "124", "Precinct": "AUSTIN PEAY", "Source_ObjectID": "529122", "ObjectId": 1657831}}, {"type": "Feature", "id": 1657832, "geometry": {"type": "Point", "coordinates": [-89.943, 35.173]}, "properties": {"Crime_ID": "2306007417ME", "Offense_Datetime": 1687730400000, "Reported_Datetime": 1687786200000, "Agency_Crime_ID": "MVT/PASSENGER VEHICLE", "UCR_Incident_Code": "240", "Block": 3500, "Street_Name": "JACKSON AVE", "Street_Address": "3500 JACKSON AVE", "City": "MEMPHIS", "State": "TN", "ZIP_Code": "38108", "Full_Address": "3500 JACKSON AVE MEMPHIS TN 38108", "Latitude": 35.173, "Longitude": -89.943, "UCR_Category": "MOTOR VEHICLE THEFT", "UCR_Description": "MOTOR VEHICLE THEFT", "NIBRS_Group": "A", "NIBRS_Offense_Group": "CRIMES AGAINST PROPERTY", "Part_One_or_Part_Two": 1, "Ward": "526", "Precinct": "TILLMAN", "Source_ObjectID": "407593", "ObjectId": 1657832}}, {"type": "Feature", "id": 1657833, "geometry": {"type": "Point", "coordinates": [-90.022, 35.021]}, "properties": {"Crime_ID": "2103007166ME", "Offense_Datetime": 1614614400000, "Reported_Datetime": 1616015640000, "Agency_Crime_ID": "CREDIT CARD/ATM FRAUD", "UCR_Incident_Code": "26B", "Block": 1200, "Street_Name": "E SHELBY DR", "Street_Address": "1200 E SHELBY DR", "City": "MEMPHIS", "State": "TN", "ZIP_Code": "38116", "Full_Address": "1200 E SHELBY DR MEMPHIS TN 38116", "Latitude": 35.021, "Longitude": -90.022, "UCR_Category": "FRAUD", "UCR_Description": "CREDIT CARD/ATM FRAUD", "NIBRS_Group": "A", "NIBRS_Offense_Group": "CRIMES AGAINST PROPERTY", "Part_One_or_Part_Two": 2, "Ward": "225", "Precinct": "RAINES", "Source_ObjectID": "159458", "ObjectId": 1657833}}, {"type": "Feature", "id": 1657834, "geometry": {"type": "Point", "coordinates": [-89.894, 35.115]}, "properties": {"Crime_ID": "2311022144ME", "Offense_Datetime": 1699241400000, "Reported_Datetime": 1699251120000, "Agency_Crime_ID": "MVT/PASSENGER VEHICLE", "UCR_Incident_Code": "240", "Block": 500, "Street_Name": "MENDENHALL RD", "Street_Address": "500 MENDENHALL RD", "City": "MEMPHIS", "State": "TN", "ZIP_Code": "38117", "Full_Address": "500 MENDENHALL RD MEMPHIS TN 38117", "Latitude": 35.115, "Longitude": -89.894, "UCR_Category": "MOTOR VEHICLE THEFT", "UCR_Description": "MOTOR VEHICLE THEFT", "NIBRS_Group": "A", "NIBRS_Offense_Group": "CRIMES AGAINST PROPERTY", "Part_One_or_Part_Two": 1, "Ward": "821", "Precinct": "APPLING FARMS", "Source_ObjectID": "458855", "ObjectId": 1657834}}, {"type": "Feature", "id": 1657835, "geometry": {"type": "Point", "coordinates": [-89.866, 35.169]}, "properties": {"Crime_ID": "2503024878ME", "Offense_Datetime": 1742007900000, "Reported_Datetime": 1742007900000, "Agency_Crime_ID": "SIMPLE ASSAULT/DV", "UCR_Incident_Code": "13B", "Block": 1500, "Street_Name": "SYCAMORE VIEW RD", "Street_Address": "1500 SYCAMORE VIEW RD", "City": "MEMPHIS", "State": "TN", "ZIP_Code": "38113", "Full_Address": "1500 SYCAMORE VIEW RD MEMPHIS TN 38113", "Latitude": 35.169, "Longitude": -89.866, "UCR_Category": "ASSAULT", "UCR_Description": "SIMPLE ASSAULT", "NIBRS_Group": "A", "NIBRS_Offense_Group": "CRIMES AGAINST PERSONS", "Part_One_or_Part_Two": 2, "Ward": "822", "Precinct": "APPLING FARMS", "Source_ObjectID": "605057", "ObjectId": 1657835}}, {"type": "Feature", "id": 1657836, "geometry": {"type": "Point", "coordinates": [-90.001, 35.106]}, "properties": {"Crime_ID": "2010006434ME", "Offense_Datetime": 1602608400000, "Reported_Datetime": 1602830340000, "Agency_Crime_ID": "VANDALISM/MISDEMEANOR", "UCR_Incident_Code": "290", "Block": 1800, "Street_Name": "KERR AVE", "Street_Address": "1800 KERR AVE", "City": "MEMPHIS", "State": "TN", "ZIP_Code": "38114", "Full_Address": "1800 KERR AVE MEMPHIS TN 38114", "Latitude": 35.106, "Longitude": -90.001, "UCR_Category": "DEST/DAM/VAND OF PROPERTY", "UCR_Description": "DEST/DAM/VAND OF PROPERTY", "NIBRS_Group": "A", "NIBRS_Offense_Group": "CRIMES AGAINST PROPERTY", "Part_One_or_Part_Two": 2, "Ward": "721", "Precinct": "AIRWAYS", "Source_ObjectID": "120539", "ObjectId": 1657836}}, {"type": "Feature", "id": 1657837, "geometry": {"type": "Point", "coordinates": [-89.917, 35.15]}, "properties": {"Crime_ID": "2002000146ME", "Offense_Datetime": 1580586000000, "Reported_Datetime": 1580586960000, "Agency_Crime_ID": "THEFT FROM BUILDING", "UCR_Incident_Code": "23D", "Block": 4300, "Street_Name": "SUMMER AVE", "Street_Address": "4300 SUMMER AVE", "City": "MEMPHIS", "State": "TN", "ZIP_Code": "38122", "Full_Address": "4300 SUMMER AVE MEMPHIS TN 38122", "Latitude": 35.15, "Longitude": -89.917, "UCR_Category": "LARCENY/THEFT", "UCR_Description": "THEFT FROM A BUILDING", "NIBRS_Group": "A", "NIBRS_Offense_Group": "CRIMES AGAINST PROPERTY", "Part_One_or_Part_Two": 1, "Ward": "525", "Precinct": "TILLMAN", "Source_ObjectID": "52177", "ObjectId": 1657837}}, {"type": "Feature", "id": 1657838, "geometry": {"type": "Point", "coordinates": [-89.97, 35.102]}, "properties": {"Crime_ID": "2409021301ME", "Offense_Datetime": 1725436200000, "Reported_Datetime": 1725437880000, "Agency_Crime_ID": "AGG. ASSAULT - INVOLVING FIREARMS DISCHARGED", "UCR_Incident_Code": "13A", "Block": 1500, "Street_Name": "PENDLETON ST", "Street_Address": "1500 PENDLETON ST", "City": "MEMPHIS", "State": "TN", "ZIP_Code": "38114", "Full_Address": "1500 PENDLETON ST MEMPHIS TN 38114", "Latitude": 35.102, "Longitude": -89.97, "UCR_Category": "AGGRAVATED ASSAULT", "UCR_Description": "AGGRAVATED ASSAULT", "NIBRS_Group": "A", "NIBRS_Offense_Group": "CRIMES AGAINST PERSONS", "Part_One_or_Part_Two": 1, "Ward": "726", "Precinct": "AIRWAYS", "Source_ObjectID": "552478", "ObjectId": 1657838}}, {"type": "Feature", "id": 1657839, "geometry": {"type": "Point", "coordinates": [-89.843, 35.05]}, "properties": {"Crime_ID": "2404024078ME", "Offense_Datetime": 1712791320000, "Reported_Datetime": 1712793660000, "Agency_Crime_ID": "SHOPLIFTING/MISDEMEANOR", "UCR_Incident_Code": "23C", "Block": 6600, "Street_Name": "WINCHESTER RD", "Street_Address": "6600 WINCHESTER RD", "City": "MEMPHIS", "State": "TN", "ZIP_Code": "38115", "Full_Address": "6600 WINCHESTER RD MEMPHIS TN 38115", "Latitude": 35.05, "Longitude": -89.843, "UCR_Category": "LARCENY/THEFT", "UCR_Description": "SHOPLIFTING", "NIBRS_Group": "A", "NIBRS_Offense_Group": "CRIMES AGAINST PROPERTY", "Part_One_or_Part_Two": 1, "Ward": "925", "Precinct": "RIDGEWAY", "Source_ObjectID": "505238", "ObjectId": 1657839}}, {"type": "Feature", "id": 1657840, "geometry": {"type": "Point", "coordinates": [-90.053, 35.142]}, "properties": {"Crime_ID": "2201005811ME", "Offense_Datetime": 1642287600000, "Reported_Datetime": 1642295580000, "Agency_Crime_ID": "THEFT FROM MOTOR VEHICLE", "UCR_Incident_Code": "23F", "Block": 100, "Street_Name": "GAYOSO AVE", "Street_Address": "100 GAYOSO AVE", "City": "MEMPHIS", "State": "TN", "ZIP_Code": "38107", "Full_Address": "100 GAYOSO AVE MEMPHIS TN 38107", "Latitude": 35.142, "Longitude": -90.053, "UCR_Category": "LARCENY/THEFT", "UCR_Description": "THEFT FROM A MOTOR VEHICLE", "NIBRS_Group": "A", "NIBRS_Offense_Group": "CRIMES AGAINST PROPERTY", "Part_One_or_Part_Two": 1, "Ward": "622", "Precinct": "NORTH MAIN", "Source_ObjectID": "242962", "ObjectId": 1657840}}, {"type": "Feature", "id": 1657841, "geometry": {"type": "Point", "coordinates": [-90.02, 35.078]}, "properties": {"Crime_ID": "2502021584ME", "Offense_Datetime": 1738783500000, "Reported_Datetime": 1738784460000, "Agency_Crime_ID": "INTIMIDATION", "UCR_Incident_Code": "13C", "Block": 2400, "Street_Name": "ELVIS PRESLEY BLVD", "Street_Address": "2400 ELVIS PRESLEY BLVD", "City": "MEMPHIS", "State": "TN", "ZIP_Code": "38114", "Full_Address": "2400 ELVIS PRESLEY BLVD MEMPHIS TN 38114", "Latitude": 35.078, "Longitude": -90.02, "UCR_Category": "ASSAULT", "UCR_Description": "INTIMIDATION", "NIBRS_Group": "A", "NIBRS_Offense_Group": "CRIMES AGAINST PERSONS", "Part_One_or_Part_Two": 2, "Ward": "724", "Precinct": "AIRWAYS", "Source_ObjectID": "596003", "ObjectId": 1657841}}, {"type": "Feature", "id": 1657842, "geometry": {"type": "Point", "coordinates": [0, 0]}, "properties": {"Crime_ID": "2210010269ME", "Offense_Datetime": 1666647600000, "Reported_Datetime": 1666658280000, "Agency_Crime_ID": "VANDALISM/MISDEMEANOR", "UCR_Incident_Code": "290", "Block": 1200, "Street_Name": "SWILLET ST", "Street_Address": "1200 SWILLET ST", "City": "MEMPHIS", "State": "TN", "ZIP_Code": "38106", "Full_Address": "1200 SWILLET ST MEMPHIS TN 38106", "Latitude": 0, "Longitude": 0, "UCR_Category": "DEST/DAM/VAND OF PROPERTY", "UCR_Description": "DEST/DAM/VAND OF PROPERTY", "NIBRS_Group": "A", "NIBRS_Offense_Group": "CRIMES AGAINST PROPERTY", "Part_One_or_Part_Two": 2, "Ward": "422", "Precinct": "CRUMP", "Source_ObjectID": "328668", "ObjectId": 1657842}}, {"type": "Feature", "id": 1657843, "geometry": {"type": "Point", "coordinates": [-89.932, 35.191]}, "properties": {"Crime_ID": "2301014081ME", "Offense_Datetime": 1674825300000, "Reported_Datetime": 1674864660000, "Agency_Crime_ID": "OTHER THEFT/NON-SPECIFIC", "UCR_Incident_Code": "23H", "Block": 3800, "Street_Name": "RONNIE AVE", "Street_Address": "3800 RONNIE AVE", "City": "MEMPHIS", "State": "TN", "ZIP_Code": "38128", "Full_Address": "3800 RONNIE AVE MEMPHIS TN 38128", "Latitude": 35.191, "Longitude": -89.932, "UCR_Category": "LARCENY/THEFT", "UCR_Description": "ALL OTHER LARCENY", "NIBRS_Group": "A", "NIBRS_Offense_Group": "CRIMES AGAINST PROPERTY", "Part_One_or_Part_Two": 1, "Ward": "525", "Precinct": "TILLMAN", "Source_ObjectID": "361751", "ObjectId": 1657843}}, {"type": "Feature", "id": 1657844, "geometry": {"type": "Point", "coordinates": [-89.829, 35.06]}, "properties": {"Crime_ID": "2505028093ME", "Offense_Datetime": 1747432800000, "Reported_Datetime": 1747854240000, "Agency_Crime_ID": "BURGLARY/RESIDENTIAL", "UCR_Incident_Code": "220", "Block": 3200, "Street_Name": "SEMINOLE LN", "Street_Address": "3200 SEMINOLE LN", "City": "MEMPHIS", "State": "TN", "ZIP_Code": "38119", "Full_Address": "3200 SEMINOLE LN MEMPHIS TN 38119", "Latitude": 35.06, "Longitude": -89.829, "UCR_Category": "BURG/BREAK & ENTER", "UCR_Description": "BURG/BREAK & ENTER", "NIBRS_Group": "A", "NIBRS_Offense_Group": "CRIMES AGAINST PROPERTY", "Part_One_or_Part_Two": 1, "Ward": "926", "Precinct": "RIDGEWAY", "Source_ObjectID": "623763", "ObjectId": 1657844}}, {"type": "Feature", "id": 1657845, "geometry": {"type": "Point", "coordinates": [-90.026, 35.147]}, "properties": {"Crime_ID": "2007009334ME", "Offense_Datetime": 1594069200000, "Reported_Datetime": 1595523960000, "Agency_Crime_ID": "MVT/PASSENGER VEHICLE", "UCR_Incident_Code": "240", "Block": 1000, "Street_Name": "MERRIWEATHER AVE", "Street_Address": "1000 MERRIWEATHER AVE", "City": "MEMPHIS", "State": "TN", "ZIP_Code": "38105", "Full_Address": "1000 MERRIWEATHER AVE MEMPHIS TN 38105", "Latitude": 35.147, "Longitude": -90.026, "UCR_Category": "MOTOR VEHICLE THEFT", "UCR_Description": "MOTOR VEHICLE THEFT", "NIBRS_Group": "A", "NIBRS_Offense_Group": "CRIMES AGAINST PROPERTY", "Part_One_or_Part_Two": 1, "Ward": "626", "Precinct": "NORTH MAIN", "Source_ObjectID": "97265", "ObjectId": 1657845}}, {"type": "Feature", "id": 1657846, "geometry": {"type": "Point", "coordinates": [-90.061, 35.095]}, "properties": {"Crime_ID": "2303009410ME", "Offense_Datetime": 1679259600000, "Reported_Datetime": 1679260740000, "Agency_Crime_ID": "AGGRAVATED ASSAULT/DV", "UCR_Incident_Code": "13A", "Block": 1900, "Street_Name": "ASA DR", "Street_Address": "1900 ASA DR", "City": "MEMPHIS", "State": "TN", "ZIP_Code": "38106", "Full_Address": "1900 ASA DR MEMPHIS TN 38106", "Latitude": 35.095, "Longitude": -90.061, "UCR_Category": "AGGRAVATED ASSAULT", "UCR_Description": "AGGRAVATED ASSAULT", "NIBRS_Group": "A", "NIBRS_Offense_Group": "CRIMES AGAINST PERSONS", "Part_One_or_Part_Two": 1, "Ward": "722", "Precinct": "AIRWAYS", "Source_ObjectID": "377532", "ObjectId": 1657846}}, {"type": "Feature", "id": 1657847, "geometry": {"type": "Point", "coordinates": [-89.936, 35.136]}, "properties": {"Crime_ID": "2405028303ME", "Offense_Datetime": 1716016380000, "Reported_Datetime": 1716214800000, "Agency_Crime_ID": "THEFT FROM MOTOR VEHICLE", "UCR_Incident_Code": "23F", "Block": 3700, "Street_Name": "HIGHLAND PARK PL", "Street_Address": "3700 HIGHLAND PARK PL", "City": "MEMPHIS", "State": "TN", "ZIP_Code": "38111", "Full_Address": "3700 HIGHLAND PARK PL MEMPHIS TN 38111", "Latitude": 35.136, "Longitude": -89.936, "UCR_Category": "LARCENY/THEFT", "UCR_Description": "THEFT FROM A MOTOR VEHICLE", "NIBRS_Group": "A", "NIBRS_Offense_Group": "CRIMES AGAINST PROPERTY", "Part_One_or_Part_Two": 1, "Ward": "522", "Precinct": "TILLMAN", "Source_ObjectID": "517874", "ObjectId": 1657847}}, {"type": "Feature", "id": 1657848, "geometry": {"type": "Point", "coordinates": [-89.974, 35.158]}, "properties": {"Crime_ID": "2502020356ME", "Offense_Datetime": 1738484940000, "Reported_Datetime": 1738486800000, "Agency_Crime_ID": "AGG. ASSAULT - INVOLVING FIREARMS DISCHARGED", "UCR_Incident_Code": "13A", "Block": 2500, "Street_Name": "JACKSON AVE", "Street_Address": "2500 JACKSON AVE", "City": "MEMPHIS", "State": "TN", "ZIP_Code": "38108", "Full_Address": "2500 JACKSON AVE MEMPHIS TN 38108", "Latitude": 35.158, "Longitude": -89.974, "UCR_Category": "AGGRAVATED ASSAULT", "UCR_Description": "AGGRAVATED ASSAULT", "NIBRS_Group": "A", "NIBRS_Offense_Group": "CRIMES AGAINST PERSONS", "Part_One_or_Part_Two": 1, "Ward": "426", "Precinct": "CRUMP", "Source_ObjectID": "595102", "ObjectId": 1657848}}, {"type": "Feature", "id": 1657849, "geometry": {"type": "Point", "coordinates": [-89.977, 35.214]}, "properties": {"Crime_ID": "2410028815ME", "Offense_Datetime": 1729633200000, "Reported_Datetime": 1729639800000, "Agency_Crime_ID": "SIMPLE ASSAULT/DV", "UCR_Incident_Code": "13B", "Block": 2500, "Street_Name": "SANDPIPER AVE", "Street_Address": "2500 SANDPIPER AVE", "City": "MEMPHIS", "State": "TN", "ZIP_Code": "31827", "Full_Address": "2500 SANDPIPER AVE MEMPHIS TN 31827", "Latitude": 35.214, "Longitude": -89.977, "UCR_Category": "ASSAULT", "UCR_Description": "SIMPLE ASSAULT", "NIBRS_Group": "A", "NIBRS_Offense_Group": "CRIMES AGAINST PERSONS", "Part_One_or_Part_Two": 2, "Ward": "122", "Precinct": "AUSTIN PEAY", "Source_ObjectID": "567055", "ObjectId": 1657849}}, {"type": "Feature", "id": 1657850, "geometry": {"type": "Point", "coordinates": [-89.873, 35.104]}, "properties": {"Crime_ID": "2109011540ME", "Offense_Datetime": 1632610800000, "Reported_Datetime": 1632615780000, "Agency_Crime_ID": "MVT/PASSENGER VEHICLE", "UCR_Incident_Code": "240", "Block": 5600, "Street_Name": "POPLAR AVE", "Street_Address": "5600 POPLAR AVE", "City": "MEMPHIS", "State": "TN", "ZIP_Code": "38119", "Full_Address": "5600 POPLAR AVE MEMPHIS TN 38119", "Latitude": 35.104, "Longitude": -89.873, "UCR_Category": "MOTOR VEHICLE THEFT", "UCR_Description": "MOTOR VEHICLE THEFT", "NIBRS_Group": "A", "NIBRS_Offense_Group": "CRIMES AGAINST PROPERTY", "Part_One_or_Part_Two": 1, "Ward": "821", "Precinct": "APPLING FARMS", "Source_ObjectID": "211680", "ObjectId": 1657850}}, {"type": "Feature", "id": 1657851, "geometry": {"type": "Point", "coordinates": [-89.856, 35]}, "properties": {"Crime_ID": "2310030723ME", "Offense_Datetime": 1693573200000, "Reported_Datetime": 1698270180000, "Agency_Crime_ID": "EMBEZZLEMENT", "UCR_Incident_Code": "270", "Block": 5400, "Street_Name": "DISTRIPLEX FARMS DR", "Street_Address": "5400 DISTRIPLEX FARMS DR", "City": "MEMPHIS", "State": "TN", "ZIP_Code": "38118", "Full_Address": "5400 DISTRIPLEX FARMS DR MEMPHIS TN 38118", "Latitude": 35, "Longitude": -89.856, "UCR_Category": "EMBEZZLEMENT", "UCR_Description": "EMBEZZLEMENT", "NIBRS_Group": "A", "NIBRS_Offense_Group": "CRIMES AGAINST PROPERTY", "Part_One_or_Part_Two": 2, "Ward": "922", "Precinct": "RIDGEWAY", "Source_ObjectID": "455141", "ObjectId": 1657851}}, {"type": "Feature", "id": 1657852, "geometry": {"type": "Point", "coordinates": [-89.778, 35.15]}, "properties": {"Crime_ID": "2603026856ME", "Offense_Datetime": 1774101600000, "Reported_Datetime": 1774105740000, "Agency_Crime_ID": "KIDNAPPING/ABDUCTION", "UCR_Incident_Code": "100", "Block": 8500, "Street_Name": "SHADY ELM DR", "Street_Address": "8500 SHADY ELM DR", "City": "MEMPHIS", "State": "TN", "ZIP_Code": "38018", "Full_Address": "8500 SHADY ELM DR MEMPHIS TN 38018", "Latitude": 35.15, "Longitude": -89.778, "UCR_Category": "KIDNAPPING/ABDUCTION", "UCR_Description": "KIDNAPPING/ABDUCTION", "NIBRS_Group": "A", "NIBRS_Offense_Group": "CRIMES AGAINST PERSONS", "Part_One_or_Part_Two": 2, "Ward": "824", "Precinct": "APPLING FARMS", "Source_ObjectID": "692299", "ObjectId": 1657852}}, {"type": "Feature", "id": 1657853, "geometry": {"type": "Point", "coordinates": [-90.044, 35.095]}, "properties": {"Crime_ID": "2105001104ME", "Offense_Datetime": 1620098400000, "Reported_Datetime": 1620099900000, "Agency_Crime_ID": "SIMPLE ASSAULT", "UCR_Incident_Code": "13B", "Block": 1900, "Street_Name": "S LAUDERDALE ST", "Street_Address": "1900 S LAUDERDALE ST", "City": "MEMPHIS", "State": "TN", "ZIP_Code": "38106", "Full_Address": "1900 S LAUDERDALE ST MEMPHIS TN 38106", "Latitude": 35.095, "Longitude": -90.044, "UCR_Category": "ASSAULT", "UCR_Description": "SIMPLE ASSAULT", "NIBRS_Group": "A", "NIBRS_Offense_Group": "CRIMES AGAINST PERSONS", "Part_One_or_Part_Two": 2, "Ward": "722", "Precinct": "AIRWAYS", "Source_ObjectID": "171364", "ObjectId": 1657853}}, {"type": "Feature", "id": 1657854, "geometry": {"type": "Point", "coordinates": [-89.967, 35.151]}, "properties": {"Crime_ID": "2302009441ME", "Offense_Datetime": 1676671200000, "Reported_Datetime": 1676905200000, "Agency_Crime_ID": "THEFT OF OTHER TRAILER", "UCR_Incident_Code": "23H", "Block": 600, "Street_Name": "SCOTT ST", "Street_Address": "600 SCOTT ST", "City": "MEMPHIS", "State": "TN", "ZIP_Code": "38112", "Full_Address": "600 SCOTT ST MEMPHIS TN 38112", "Latitude": 35.151, "Longitude": -89.967, "UCR_Category": "LARCENY/THEFT", "UCR_Description": "ALL OTHER LARCENY", "NIBRS_Group": "A", "NIBRS_Offense_Group": "CRIMES AGAINST PROPERTY", "Part_One_or_Part_Two": 1, "Ward": "524", "Precinct": "TILLMAN", "Source_ObjectID": "368919", "ObjectId": 1657854}}, {"type": "Feature", "id": 1657855, "geometry": {"type": "Point", "coordinates": [-89.932, 35.083]}, "properties": {"Crime_ID": "2104008147ME", "Offense_Datetime": 1618895400000, "Reported_Datetime": 1618897500000, "Agency_Crime_ID": "THEFT FROM BUILDING", "UCR_Incident_Code": "23D", "Block": 1700, "Street_Name": "GETWELL RD", "Street_Address": "1700 GETWELL RD", "City": "MEMPHIS", "State": "TN", "ZIP_Code": "38111", "Full_Address": "1700 GETWELL RD MEMPHIS TN 38111", "Latitude": 35.083, "Longitude": -89.932, "UCR_Category": "LARCENY/THEFT", "UCR_Description": "THEFT FROM A BUILDING", "NIBRS_Group": "A", "NIBRS_Offense_Group": "CRIMES AGAINST PROPERTY", "Part_One_or_Part_Two": 1, "Ward": "322", "Precinct": "MT MORIAH", "Source_ObjectID": "167845", "ObjectId": 1657855}}, {"type": "Feature", "id": 1657856, "geometry": {"type": "Point", "coordinates": [-89.915, 35.203]}, "properties": {"Crime_ID": "2103003805ME", "Offense_Datetime": 1615341000000, "Reported_Datetime": 1615342920000, "Agency_Crime_ID": "AGGRAVATED ASSAULT", "UCR_Incident_Code": "13A", "Block": 2800, "Street_Name": "STON WAY LN", "Street_Address": "2800 STON WAY LN", "City": "MEMPHIS", "State": "TN", "ZIP_Code": "38128", "Full_Address": "2800 STON WAY LN MEMPHIS TN 38128", "Latitude": 35.203, "Longitude": -89.915, "UCR_Category": "AGGRAVATED ASSAULT", "UCR_Description": "AGGRAVATED ASSAULT", "NIBRS_Group": "A", "NIBRS_Offense_Group": "CRIMES AGAINST PERSONS", "Part_One_or_Part_Two": 1, "Ward": "124", "Precinct": "AUSTIN PEAY", "Source_ObjectID": "157574", "ObjectId": 1657856}}, {"type": "Feature", "id": 1657857, "geometry": {"type": "Point", "coordinates": [-90.005, 35.054]}, "properties": {"Crime_ID": "2404024728ME", "Offense_Datetime": 1712937960000, "Reported_Datetime": 1712938980000, "Agency_Crime_ID": "SHOPLIFTING/MISDEMEANOR", "UCR_Incident_Code": "23C", "Block": 1700, "Street_Name": "WINCHESTER RD", "Street_Address": "1700 WINCHESTER RD", "City": "MEMPHIS", "State": "TN", "ZIP_Code": "38116", "Full_Address": "1700 WINCHESTER RD MEMPHIS TN 38116", "Latitude": 35.054, "Longitude": -90.005, "UCR_Category": "LARCENY/THEFT", "UCR_Description": "SHOPLIFTING", "NIBRS_Group": "A", "NIBRS_Offense_Group": "CRIMES AGAINST PROPERTY", "Part_One_or_Part_Two": 1, "Ward": "224", "Precinct": "RAINES", "Source_ObjectID": "505730", "ObjectId": 1657857}}, {"type": "Feature", "id": 1657858, "geometry": {"type": "Point", "coordinates": [-89.991, 35.222]}, "properties": {"Crime_ID": "2404027907ME", "Offense_Datetime": 1713574080000, "Reported_Datetime": 1713574080000, "Agency_Crime_ID": "OTHER THEFT/NON-SPECIFIC", "UCR_Incident_Code": "23H", "Block": 2100, "Street_Name": "PUEBLO AVE", "Street_Address": "2100 PUEBLO AVE", "City": "MEMPHIS", "State": "TN", "ZIP_Code": "38127", "Full_Address": "2100 PUEBLO AVE MEMPHIS TN 38127", "Latitude": 35.222, "Longitude": -89.991, "UCR_Category": "LARCENY/THEFT", "UCR_Description": "ALL OTHER LARCENY", "NIBRS_Group": "A", "NIBRS_Offense_Group": "CRIMES AGAINST PROPERTY", "Part_One_or_Part_Two": 1, "Ward": "123", "Precinct": "AUSTIN PEAY", "Source_ObjectID": "508077", "ObjectId": 1657858}}, {"type": "Feature", "id": 1657859, "geometry": {"type": "Point", "coordinates": [-89.789, 35.199]}, "properties": {"Crime_ID": "2402022248ME", "Offense_Datetime": 1707254100000, "Reported_Datetime": 1707256860000, "Agency_Crime_ID": "SHOPLIFTING/FELONY", "UCR_Incident_Code": "23C", "Block": 2700, "Street_Name": "GERMANTOWN PKWY", "Street_Address": "2700 GERMANTOWN PKWY", "City": "MEMPHIS", "State": "TN", "ZIP_Code": "38133", "Full_Address": "2700 GERMANTOWN PKWY MEMPHIS TN 38133", "Latitude": 35.199, "Longitude": -89.789, "UCR_Category": "LARCENY/THEFT", "UCR_Description": "SHOPLIFTING", "NIBRS_Group": "A", "NIBRS_Offense_Group": "CRIMES AGAINST PROPERTY", "Part_One_or_Part_Two": 1, "Ward": "825", "Precinct": "APPLING FARMS", "Source_ObjectID": "486411", "ObjectId": 1657859}}, {"type": "Feature", "id": 1657860, "geometry": {"type": "Point", "coordinates": [-89.796, 35.166]}, "properties": {"Crime_ID": "2508027149ME", "Offense_Datetime": 1755578640000, "Reported_Datetime": 1755612900000, "Agency_Crime_ID": "VANDALISM/MISDEMEANOR", "UCR_Incident_Code": "290", "Block": 1400, "Street_Name": "DEXTER LAKE DR", "Street_Address": "1400 DEXTER LAKE DR", "City": "MEMPHIS", "State": "TN", "ZIP_Code": "38016", "Full_Address": "1400 DEXTER LAKE DR MEMPHIS TN 38016", "Latitude": 35.166, "Longitude": -89.796, "UCR_Category": "DEST/DAM/VAND OF PROPERTY", "UCR_Description": "DEST/DAM/VAND OF PROPERTY", "NIBRS_Group": "A", "NIBRS_Offense_Group": "CRIMES AGAINST PROPERTY", "Part_One_or_Part_Two": 2, "Ward": "824", "Precinct": "APPLING FARMS", "Source_ObjectID": "647771", "ObjectId": 1657860}}, {"type": "Feature", "id": 1657861, "geometry": {"type": "Point", "coordinates": [-90, 35.137]}, "properties": {"Crime_ID": "2105010596ME", "Offense_Datetime": 1621895400000, "Reported_Datetime": 1621955640000, "Agency_Crime_ID": "MVT/PASSENGER VEHICLE", "UCR_Incident_Code": "240", "Block": 0, "Street_Name": "S MCLEAN BLVD", "Street_Address": "0 S MCLEAN BLVD", "City": "MEMPHIS", "State": "TN", "ZIP_Code": "38104", "Full_Address": "0 S MCLEAN BLVD MEMPHIS TN 38104", "Latitude": 35.137, "Longitude": -90, "UCR_Category": "MOTOR VEHICLE THEFT", "UCR_Description": "MOTOR VEHICLE THEFT", "NIBRS_Group": "A", "NIBRS_Offense_Group": "CRIMES AGAINST PROPERTY", "Part_One_or_Part_Two": 1, "Ward": "424", "Precinct": "CRUMP", "Source_ObjectID": "177272", "ObjectId": 1657861}}, {"type": "Feature", "id": 1657862, "geometry": {"type": "Point", "coordinates": [-90.057, 35.046]}, "properties": {"Crime_ID": "2011004377ME", "Offense_Datetime": 1605053100000, "Reported_Datetime": 1605054120000, "Agency_Crime_ID": "ROBBERY/INDIVIDUAL", "UCR_Incident_Code": "120", "Block": 3700, "Street_Name": "MARTY ST", "Street_Address": "3700 MARTY ST", "City": "MEMPHIS", "State": "TN", "ZIP_Code": "38109", "Full_Address": "3700 MARTY ST MEMPHIS TN 38109", "Latitude": 35.046, "Longitude": -90.057, "UCR_Category": "ROBBERY", "UCR_Description": "ROBBERY", "NIBRS_Group": "A", "NIBRS_Offense_Group": "CRIMES AGAINST PROPERTY", "Part_One_or_Part_Two": 1, "Ward": "222", "Precinct": "RAINES", "Source_ObjectID": "127519", "ObjectId": 1657862}}, {"type": "Feature", "id": 1657863, "geometry": {"type": "Point", "coordinates": [-89.968, 35.095]}, "properties": {"Crime_ID": "2005001079ME", "Offense_Datetime": 1588602300000, "Reported_Datetime": 1588603380000, "Agency_Crime_ID": "SHOPLIFTING/MISDEMEANOR", "UCR_Incident_Code": "23C", "Block": 2800, "Street_Name": "KIMBALL AVE", "Street_Address": "2800 KIMBALL AVE", "City": "MEMPHIS", "State": "TN", "ZIP_Code": "38111", "Full_Address": "2800 KIMBALL AVE MEMPHIS TN 38111", "Latitude": 35.095, "Longitude": -89.968, "UCR_Category": "LARCENY/THEFT", "UCR_Description": "SHOPLIFTING", "NIBRS_Group": "A", "NIBRS_Offense_Group": "CRIMES AGAINST PROPERTY", "Part_One_or_Part_Two": 1, "Ward": "726", "Precinct": "AIRWAYS", "Source_ObjectID": "75318", "ObjectId": 1657863}}, {"type": "Feature", "id": 1657864, "geometry": {"type": "Point", "coordinates": [-89.997, 35.072]}, "properties": {"Crime_ID": "2305023984ME", "Offense_Datetime": 1683608400000, "Reported_Datetime": 1683662760000, "Agency_Crime_ID": "CREDIT CARD/ATM FRAUD", "UCR_Incident_Code": "26B", "Block": 1900, "Street_Name": "NONCONNAH BLVD", "Street_Address": "1900 NONCONNAH BLVD", "City": "MEMPHIS", "State": "TN", "ZIP_Code": "38106", "Full_Address": "1900 NONCONNAH BLVD MEMPHIS TN 38106", "Latitude": 35.072, "Longitude": -89.997, "UCR_Category": "FRAUD", "UCR_Description": "CREDIT CARD/ATM FRAUD", "NIBRS_Group": "A", "NIBRS_Offense_Group": "CRIMES AGAINST PROPERTY", "Part_One_or_Part_Two": 2, "Ward": "224", "Precinct": "RAINES", "Source_ObjectID": "395386", "ObjectId": 1657864}}, {"type": "Feature", "id": 1657865, "geometry": {"type": "Point", "coordinates": [-89.947, 35.221]}, "properties": {"Crime_ID": "2012008940ME", "Offense_Datetime": 1608607800000, "Reported_Datetime": 1608611580000, "Agency_Crime_ID": "VANDALISM/MISDEMEANOR", "UCR_Incident_Code": "290", "Block": 3500, "Street_Name": "EASTLINE DR", "Street_Address": "3500 EASTLINE DR", "City": "MEMPHIS", "State": "TN", "ZIP_Code": "38128", "Full_Address": "3500 EASTLINE DR MEMPHIS TN 38128", "Latitude": 35.221, "Longitude": -89.947, "UCR_Category": "DEST/DAM/VAND OF PROPERTY", "UCR_Description": "DEST/DAM/VAND OF PROPERTY", "NIBRS_Group": "A", "NIBRS_Offense_Group": "CRIMES AGAINST PROPERTY", "Part_One_or_Part_Two": 2, "Ward": "124", "Precinct": "AUSTIN PEAY", "Source_ObjectID": "138603", "ObjectId": 1657865}}, {"type": "Feature", "id": 1657866, "geometry": {"type": "Point", "coordinates": [-89.944, 35.113]}, "properties": {"Crime_ID": "2506027225ME", "Offense_Datetime": 1750361400000, "Reported_Datetime": 1750365840000, "Agency_Crime_ID": "BURGLARY/RESIDENTIAL", "UCR_Incident_Code": "220", "Block": 3500, "Street_Name": "SPOTTSWOOD AVE", "Street_Address": "3500 SPOTTSWOOD AVE", "City": "MEMPHIS", "State": "TN", "ZIP_Code": "38111", "Full_Address": "3500 SPOTTSWOOD AVE MEMPHIS TN 38111", "Latitude": 35.113, "Longitude": -89.944, "UCR_Category": "BURG/BREAK & ENTER", "UCR_Description": "BURG/BREAK & ENTER", "NIBRS_Group": "A", "NIBRS_Offense_Group": "CRIMES AGAINST PROPERTY", "Part_One_or_Part_Two": 1, "Ward": "522", "Precinct": "TILLMAN", "Source_ObjectID": "631617", "ObjectId": 1657866}}, {"type": "Feature", "id": 1657867, "geometry": {"type": "Point", "coordinates": [-89.949, 35.017]}, "properties": {"Crime_ID": "2008007002ME", "Offense_Datetime": 1597165200000, "Reported_Datetime": 1597701660000, "Agency_Crime_ID": "COMPUTER HACKING/INVASION", "UCR_Incident_Code": "26G", "Block": 4700, "Street_Name": "ALLRAND RD", "Street_Address": "4700 ALLRAND RD", "City": "MEMPHIS", "State": "TN", "ZIP_Code": "38118", "Full_Address": "4700 ALLRAND RD MEMPHIS TN 38118", "Latitude": 35.017, "Longitude": -89.949, "UCR_Category": "FRAUD", "UCR_Description": "COMPUTER HACKING/INVASION", "NIBRS_Group": "A", "NIBRS_Offense_Group": "CRIMES AGAINST PROPERTY", "Part_One_or_Part_Two": 2, "Ward": "921", "Precinct": "RIDGEWAY", "Source_ObjectID": "104011", "ObjectId": 1657867}}, {"type": "Feature", "id": 1657868, "geometry": {"type": "Point", "coordinates": [-89.91, 35.196]}, "properties": {"Crime_ID": "2005004941ME", "Offense_Datetime": 1589407200000, "Reported_Datetime": 1589414220000, "Agency_Crime_ID": "THEFT FROM MOTOR VEHICLE", "UCR_Incident_Code": "23F", "Block": 2500, "Street_Name": "PRINCE RUPERT ST", "Street_Address": "2500 PRINCE RUPERT ST", "City": "MEMPHIS", "State": "TN", "ZIP_Code": "38128", "Full_Address": "2500 PRINCE RUPERT ST MEMPHIS TN 38128", "Latitude": 35.196, "Longitude": -89.91, "UCR_Category": "LARCENY/THEFT", "UCR_Description": "THEFT FROM A MOTOR VEHICLE", "NIBRS_Group": "A", "NIBRS_Offense_Group": "CRIMES AGAINST PROPERTY", "Part_One_or_Part_Two": 1, "Ward": "126", "Precinct": "AUSTIN PEAY", "Source_ObjectID": "77902", "ObjectId": 1657868}}, {"type": "Feature", "id": 1657869, "geometry": {"type": "Point", "coordinates": [-89.965, 35.151]}, "properties": {"Crime_ID": "2008002374ME", "Offense_Datetime": 1596765660000, "Reported_Datetime": 1596765780000, "Agency_Crime_ID": "PURCHASING PROSTITUTION", "UCR_Incident_Code": "40C", "Block": 600, "Street_Name": "LESTER ST", "Street_Address": "600 LESTER ST", "City": "MEMPHIS", "State": "TN", "ZIP_Code": "38112", "Full_Address": "600 LESTER ST MEMPHIS TN 38112", "Latitude": 35.151, "Longitude": -89.965, "UCR_Category": "PROSTITUTION", "UCR_Description": "PURCHASING PROSTITUTION", "NIBRS_Group": "A", "NIBRS_Offense_Group": "CRIMES AGAINST SOCIETY", "Part_One_or_Part_Two": 2, "Ward": "OCU", "Precinct": "OCU", "Source_ObjectID": "101007", "ObjectId": 1657869}}, {"type": "Feature", "id": 1657870, "geometry": {"type": "Point", "coordinates": [-90.046, 35.092]}, "properties": {"Crime_ID": "2412029340ME", "Offense_Datetime": 1735284300000, "Reported_Datetime": 1735284900000, "Agency_Crime_ID": "SIMPLE ASSAULT/DV", "UCR_Incident_Code": "13B", "Block": 2000, "Street_Name": "PHILSAR ST", "Street_Address": "2000 PHILSAR ST", "City": "MEMPHIS", "State": "TN", "ZIP_Code": "38106", "Full_Address": "2000 PHILSAR ST MEMPHIS TN 38106", "Latitude": 35.092, "Longitude": -90.046, "UCR_Category": "ASSAULT", "UCR_Description": "SIMPLE ASSAULT", "NIBRS_Group": "A", "NIBRS_Offense_Group": "CRIMES AGAINST PERSONS", "Part_One_or_Part_Two": 2, "Ward": "722", "Precinct": "AIRWAYS", "Source_ObjectID": "584939", "ObjectId": 1657870}}, {"type": "Feature", "id": 1657871, "geometry": {"type": "Point", "coordinates": [-89.986, 35.177]}, "properties": {"Crime_ID": "2109012447ME", "Offense_Datetime": 1632798600000, "Reported_Datetime": 1632799560000, "Agency_Crime_ID": "WEAPON LAW VIOLATIONS/FELONY", "UCR_Incident_Code": "520", "Block": 2100, "Street_Name": "CLAYTON AVE", "Street_Address": "2100 CLAYTON AVE", "City": "MEMPHIS", "State": "TN", "ZIP_Code": "38108", "Full_Address": "2100 CLAYTON AVE MEMPHIS TN 38108", "Latitude": 35.177, "Longitude": -89.986, "UCR_Category": "WEAPON LAW VIOLATION", "UCR_Description": "WEAPON LAW VIOL", "NIBRS_Group": "A", "NIBRS_Offense_Group": "CRIMES AGAINST SOCIETY", "Part_One_or_Part_Two": 2, "Ward": "426", "Precinct": "CRUMP", "Source_ObjectID": "212236", "ObjectId": 1657871}}, {"type": "Feature", "id": 1657872, "geometry": {"type": "Point", "coordinates": [-89.949, 35.108]}, "properties": {"Crime_ID": "2304008435ME", "Offense_Datetime": 1681397700000, "Reported_Datetime": 1681739580000, "Agency_Crime_ID": "CREDIT CARD/ATM FRAUD", "UCR_Incident_Code": "26B", "Block": 3400, "Street_Name": "PARK AVE", "Street_Address": "3400 PARK AVE", "City": "MEMPHIS", "State": "TN", "ZIP_Code": "38111", "Full_Address": "3400 PARK AVE MEMPHIS TN 38111", "Latitude": 35.108, "Longitude": -89.949, "UCR_Category": "FRAUD", "UCR_Description": "CREDIT CARD/ATM FRAUD", "NIBRS_Group": "A", "NIBRS_Offense_Group": "CRIMES AGAINST PROPERTY", "Part_One_or_Part_Two": 2, "Ward": "521", "Precinct": "TILLMAN", "Source_ObjectID": "387154", "ObjectId": 1657872}}, {"type": "Feature", "id": 1657873, "geometry": {"type": "Point", "coordinates": [-90.026, 35.142]}, "properties": {"Crime_ID": "2107005215ME", "Offense_Datetime": 1626044400000, "Reported_Datetime": 1626195960000, "Agency_Crime_ID": "THEFT OF VEHICLE PARTS/ACCESSORIES", "UCR_Incident_Code": "23G", "Block": 0, "Street_Name": "N SOMERVILLE ST", "Street_Address": "0 N SOMERVILLE ST", "City": "MEMPHIS", "State": "TN", "ZIP_Code": "38104", "Full_Address": "0 N SOMERVILLE ST MEMPHIS TN 38104", "Latitude": 35.142, "Longitude": -90.026, "UCR_Category": "LARCENY/THEFT", "UCR_Description": "THEFT OF MV PARTS/ACCS", "NIBRS_Group": "A", "NIBRS_Offense_Group": "CRIMES AGAINST PROPERTY", "Part_One_or_Part_Two": 1, "Ward": "624", "Precinct": "NORTH MAIN", "Source_ObjectID": "190790", "ObjectId": 1657873}}, {"type": "Feature", "id": 1657874, "geometry": {"type": "Point", "coordinates": [-89.946, 35.116]}, "properties": {"Crime_ID": "2105002939ME", "Offense_Datetime": 1620452760000, "Reported_Datetime": 1620454320000, "Agency_Crime_ID": "THEFT & RECOVERY/PASSENGER VEHICLE", "UCR_Incident_Code": "240", "Block": 500, "Street_Name": "S HIGHLAND ST", "Street_Address": "500 S HIGHLAND ST", "City": "MEMPHIS", "State": "TN", "ZIP_Code": "38111", "Full_Address": "500 S HIGHLAND ST MEMPHIS TN 38111", "Latitude": 35.116, "Longitude": -89.946, "UCR_Category": "MOTOR VEHICLE THEFT", "UCR_Description": "MOTOR VEHICLE THEFT", "NIBRS_Group": "A", "NIBRS_Offense_Group": "CRIMES AGAINST PROPERTY", "Part_One_or_Part_Two": 1, "Ward": "521", "Precinct": "TILLMAN", "Source_ObjectID": "172413", "ObjectId": 1657874}}, {"type": "Feature", "id": 1657875, "geometry": {"type": "Point", "coordinates": [-89.946, 35.021]}, "properties": {"Crime_ID": "2003005244ME", "Offense_Datetime": 1582335780000, "Reported_Datetime": 1584031380000, "Agency_Crime_ID": "THEFT OF VEHICLE PARTS/ACCESSORIES", "UCR_Incident_Code": "23G", "Block": 0, "Street_Name": "LAUGHLIN AND EAST SHELBY DRIVE ", "Street_Address": " LAUGHLIN AND EAST SHELBY DRIVE ", "City": "MEMPHIS", "State": "TN", "ZIP_Code": "38118", "Full_Address": " LAUGHLIN AND EAST SHELBY DRIVE MEMPHIS TN 38118", "Latitude": 35.021, "Longitude": -89.946, "UCR_Category": "LARCENY/THEFT", "UCR_Description": "THEFT OF MV PARTS/ACCS", "NIBRS_Group": "A", "NIBRS_Offense_Group": "CRIMES AGAINST PROPERTY", "Part_One_or_Part_Two": 1, "Ward": "921", "Precinct": "RIDGEWAY", "Source_ObjectID": "62342", "ObjectId": 1657875}}, {"type": "Feature", "id": 1657876, "geometry": {"type": "Point", "coordinates": [-90.092, 35.027]}, "properties": {"Crime_ID": "2404027285ME", "Offense_Datetime": 1713455460000, "Reported_Datetime": 1713456420000, "Agency_Crime_ID": "SIMPLE ASSAULT", "UCR_Incident_Code": "13B", "Block": 4400, "Street_Name": "WESTMONT RD", "Street_Address": "4400 WESTMONT RD", "City": "MEMPHIS", "State": "TN", "ZIP_Code": "38109", "Full_Address": "4400 WESTMONT RD MEMPHIS TN 38109", "Latitude": 35.027, "Longitude": -90.092, "UCR_Category": "ASSAULT", "UCR_Description": "SIMPLE ASSAULT", "NIBRS_Group": "A", "NIBRS_Offense_Group": "CRIMES AGAINST PERSONS", "Part_One_or_Part_Two": 2, "Ward": "221", "Precinct": "RAINES", "Source_ObjectID": "507620", "ObjectId": 1657876}}, {"type": "Feature", "id": 1657877, "geometry": {"type": "Point", "coordinates": [-89.887, 35.225]}, "properties": {"Crime_ID": "2505020721ME", "Offense_Datetime": 1746223200000, "Reported_Datetime": 1746226920000, "Agency_Crime_ID": "INTIMIDATION", "UCR_Incident_Code": "13C", "Block": 5200, "Street_Name": "TIMBERDALE AVE", "Street_Address": "5200 TIMBERDALE AVE", "City": "MEMPHIS", "State": "TN", "ZIP_Code": "38128", "Full_Address": "5200 TIMBERDALE AVE MEMPHIS TN 38128", "Latitude": 35.225, "Longitude": -89.887, "UCR_Category": "ASSAULT", "UCR_Description": "INTIMIDATION", "NIBRS_Group": "A", "NIBRS_Offense_Group": "CRIMES AGAINST PERSONS", "Part_One_or_Part_Two": 2, "Ward": "126", "Precinct": "AUSTIN PEAY", "Source_ObjectID": "618473", "ObjectId": 1657877}}, {"type": "Feature", "id": 1657878, "geometry": {"type": "Point", "coordinates": [-89.848, 35.064]}, "properties": {"Crime_ID": "2602024804ME", "Offense_Datetime": 1771295040000, "Reported_Datetime": 1771297920000, "Agency_Crime_ID": "VANDALISM/FELONY", "UCR_Incident_Code": "290", "Block": 3100, "Street_Name": "WHISPERING LN", "Street_Address": "3100 WHISPERING LN", "City": "MEMPHIS", "State": "TN", "ZIP_Code": "38115", "Full_Address": "3100 WHISPERING LN MEMPHIS TN 38115", "Latitude": 35.064, "Longitude": -89.848, "UCR_Category": "DEST/DAM/VAND OF PROPERTY", "UCR_Description": "DEST/DAM/VAND OF PROPERTY", "NIBRS_Group": "A", "NIBRS_Offense_Group": "CRIMES AGAINST PROPERTY", "Part_One_or_Part_Two": 2, "Ward": "925", "Precinct": "RIDGEWAY", "Source_ObjectID": "685817", "ObjectId": 1657878}}, {"type": "Feature", "id": 1657879, "geometry": {"type": "Point", "coordinates": [-89.963, 35.112]}, "properties": {"Crime_ID": "2009007756ME", "Offense_Datetime": 1600358400000, "Reported_Datetime": 1600369320000, "Agency_Crime_ID": "DRUGS/NARCOTICS VIOLATION/FELONY", "UCR_Incident_Code": "35A", "Block": 700, "Street_Name": "GOODWYN ST", "Street_Address": "700 GOODWYN ST", "City": "MEMPHIS", "State": "TN", "ZIP_Code": "38111", "Full_Address": "700 GOODWYN ST MEMPHIS TN 38111", "Latitude": 35.112, "Longitude": -89.963, "UCR_Category": "DRUG/NARCOTIC", "UCR_Description": "DRUG/NARCOTIC VIOLS", "NIBRS_Group": "A", "NIBRS_Offense_Group": "CRIMES AGAINST SOCIETY", "Part_One_or_Part_Two": 2, "Ward": "OCU", "Precinct": "OCU", "Source_ObjectID": "112732", "ObjectId": 1657879}}, {"type": "Feature", "id": 1657880, "geometry": {"type": "Point", "coordinates": [-89.982, 35.17]}, "properties": {"Crime_ID": "2410023960ME", "Offense_Datetime": 1728580740000, "Reported_Datetime": 1728580740000, "Agency_Crime_ID": "DRUGS/NARCOTICS VIOLATION/FELONY", "UCR_Incident_Code": "35A", "Block": 2200, "Street_Name": "ELDRIDGE AVE", "Street_Address": "2200 ELDRIDGE AVE", "City": "MEMPHIS", "State": "TN", "ZIP_Code": "38108", "Full_Address": "2200 ELDRIDGE AVE MEMPHIS TN 38108", "Latitude": 35.17, "Longitude": -89.982, "UCR_Category": "DRUG/NARCOTIC", "UCR_Description": "DRUG/NARCOTIC VIOLS", "NIBRS_Group": "A", "NIBRS_Offense_Group": "CRIMES AGAINST SOCIETY", "Part_One_or_Part_Two": 2, "Ward": "OCU", "Precinct": "OCU", "Source_ObjectID": "563554", "ObjectId": 1657880}}, {"type": "Feature", "id": 1657881, "geometry": {"type": "Point", "coordinates": [-89.875, 35.065]}, "properties": {"Crime_ID": "2010000610ME", "Offense_Datetime": 1601645400000, "Reported_Datetime": 1601661420000, "Agency_Crime_ID": "THEFT FROM MOTOR VEHICLE", "UCR_Incident_Code": "23F", "Block": 3000, "Street_Name": "CLARKE RD", "Street_Address": "3000 CLARKE RD", "City": "MEMPHIS", "State": "TN", "ZIP_Code": "38115", "Full_Address": "3000 CLARKE RD MEMPHIS TN 38115", "Latitude": 35.065, "Longitude": -89.875, "UCR_Category": "LARCENY/THEFT", "UCR_Description": "THEFT FROM A MOTOR VEHICLE", "NIBRS_Group": "A", "NIBRS_Offense_Group": "CRIMES AGAINST PROPERTY", "Part_One_or_Part_Two": 1, "Ward": "326", "Precinct": "MT MORIAH", "Source_ObjectID": "116772", "ObjectId": 1657881}}, {"type": "Feature", "id": 1657882, "geometry": {"type": "Point", "coordinates": [-89.957, 35.028]}, "properties": {"Crime_ID": "2209015421ME", "Offense_Datetime": 1664553600000, "Reported_Datetime": 1664560800000, "Agency_Crime_ID": "AGGRAVATED ASSAULT", "UCR_Incident_Code": "13A", "Block": 3200, "Street_Name": "TEAKROCK LN", "Street_Address": "3200 TEAKROCK LN", "City": "MEMPHIS", "State": "TN", "ZIP_Code": "38118", "Full_Address": "3200 TEAKROCK LN MEMPHIS TN 38118", "Latitude": 35.028, "Longitude": -89.957, "UCR_Category": "AGGRAVATED ASSAULT", "UCR_Description": "AGGRAVATED ASSAULT", "NIBRS_Group": "A", "NIBRS_Offense_Group": "CRIMES AGAINST PERSONS", "Part_One_or_Part_Two": 1, "Ward": "921", "Precinct": "RIDGEWAY", "Source_ObjectID": "321739", "ObjectId": 1657882}}, {"type": "Feature", "id": 1657883, "geometry": {"type": "Point", "coordinates": [-90.052, 35.12]}, "properties": {"Crime_ID": "2403031076ME", "Offense_Datetime": 1711676760000, "Reported_Datetime": 1711676760000, "Agency_Crime_ID": "BURGLARY/NON-RESIDENTIAL", "UCR_Incident_Code": "220", "Block": 300, "Street_Name": "WALKER AVE", "Street_Address": "300 WALKER AVE", "City": "MEMPHIS", "State": "TN", "ZIP_Code": "38106", "Full_Address": "300 WALKER AVE MEMPHIS TN 38106", "Latitude": 35.12, "Longitude": -90.052, "UCR_Category": "BURG/BREAK & ENTER", "UCR_Description": "BURG/BREAK & ENTER", "NIBRS_Group": "A", "NIBRS_Offense_Group": "CRIMES AGAINST PROPERTY", "Part_One_or_Part_Two": 1, "Ward": "421", "Precinct": "CRUMP", "Source_ObjectID": "501356", "ObjectId": 1657883}}, {"type": "Feature", "id": 1657884, "geometry": {"type": "Point", "coordinates": [-89.975, 35.175]}, "properties": {"Crime_ID": "2604030527ME", "Offense_Datetime": 1777582020000, "Reported_Datetime": 1777582440000, "Agency_Crime_ID": "SHOPLIFTING/MISDEMEANOR", "UCR_Incident_Code": "23C", "Block": 2400, "Street_Name": "CHELSEA AVE", "Street_Address": "2400 CHELSEA AVE", "City": "MEMPHIS", "State": "TN", "ZIP_Code": "38108", "Full_Address": "2400 CHELSEA AVE MEMPHIS TN 38108", "Latitude": 35.175, "Longitude": -89.975, "UCR_Category": "LARCENY/THEFT", "UCR_Description": "SHOPLIFTING", "NIBRS_Group": "A", "NIBRS_Offense_Group": "CRIMES AGAINST PROPERTY", "Part_One_or_Part_Two": 1, "Ward": "426", "Precinct": "CRUMP", "Source_ObjectID": "701400", "ObjectId": 1657884}}, {"type": "Feature", "id": 1657885, "geometry": {"type": "Point", "coordinates": [-89.956, 35.172]}, "properties": {"Crime_ID": "2205012477ME", "Offense_Datetime": 1653622080000, "Reported_Datetime": 1653625380000, "Agency_Crime_ID": "BURGLARY/BOXCAR", "UCR_Incident_Code": "220", "Block": 1400, "Street_Name": "BROOKINS ST", "Street_Address": "1400 BROOKINS ST", "City": "MEMPHIS", "State": "TN", "ZIP_Code": "38108", "Full_Address": "1400 BROOKINS ST MEMPHIS TN 38108", "Latitude": 35.172, "Longitude": -89.956, "UCR_Category": "BURG/BREAK & ENTER", "UCR_Description": "BURG/BREAK & ENTER", "NIBRS_Group": "A", "NIBRS_Offense_Group": "CRIMES AGAINST PROPERTY", "Part_One_or_Part_Two": 1, "Ward": "526", "Precinct": "TILLMAN", "Source_ObjectID": "279768", "ObjectId": 1657885}}, {"type": "Feature", "id": 1657886, "geometry": {"type": "Point", "coordinates": [-90.007, 35.199]}, "properties": {"Crime_ID": "2503026259ME", "Offense_Datetime": 1742355600000, "Reported_Datetime": 1742356860000, "Agency_Crime_ID": "ROBBERY/INDIVIDUAL", "UCR_Incident_Code": "120", "Block": 2600, "Street_Name": "N WATKINS ST", "Street_Address": "2600 N WATKINS ST", "City": "MEMPHIS", "State": "TN", "ZIP_Code": "38127", "Full_Address": "2600 N WATKINS ST MEMPHIS TN 38127", "Latitude": 35.199, "Longitude": -90.007, "UCR_Category": "ROBBERY", "UCR_Description": "ROBBERY", "NIBRS_Group": "A", "NIBRS_Offense_Group": "CRIMES AGAINST PROPERTY", "Part_One_or_Part_Two": 1, "Ward": "122", "Precinct": "AUSTIN PEAY", "Source_ObjectID": "606049", "ObjectId": 1657886}}, {"type": "Feature", "id": 1657887, "geometry": {"type": "Point", "coordinates": [-89.909, 35.052]}, "properties": {"Crime_ID": "2605023670ME", "Offense_Datetime": 1778529660000, "Reported_Datetime": 1778532120000, "Agency_Crime_ID": "SIMPLE ASSAULT/DV", "UCR_Incident_Code": "13B", "Block": 4600, "Street_Name": "WINCHESTER RD", "Street_Address": "4600 WINCHESTER RD", "City": "MEMPHIS", "State": "TN", "ZIP_Code": "38118", "Full_Address": "4600 WINCHESTER RD MEMPHIS TN 38118", "Latitude": 35.052, "Longitude": -89.909, "UCR_Category": "ASSAULT", "UCR_Description": "SIMPLE ASSAULT", "NIBRS_Group": "A", "NIBRS_Offense_Group": "CRIMES AGAINST PERSONS", "Part_One_or_Part_Two": 2, "Ward": "325", "Precinct": "MT MORIAH", "Source_ObjectID": "703868", "ObjectId": 1657887}}, {"type": "Feature", "id": 1657888, "geometry": {"type": "Point", "coordinates": [-90.034, 35.031]}, "properties": {"Crime_ID": "2105003764ME", "Offense_Datetime": 1620648000000, "Reported_Datetime": 1620656340000, "Agency_Crime_ID": "MVT/OTHER", "UCR_Incident_Code": "240", "Block": 900, "Street_Name": "CHAMBLISS ST", "Street_Address": "900 CHAMBLISS ST", "City": "MEMPHIS", "State": "TN", "ZIP_Code": "38116", "Full_Address": "900 CHAMBLISS ST MEMPHIS TN 38116", "Latitude": 35.031, "Longitude": -90.034, "UCR_Category": "MOTOR VEHICLE THEFT", "UCR_Description": "MOTOR VEHICLE THEFT", "NIBRS_Group": "A", "NIBRS_Offense_Group": "CRIMES AGAINST PROPERTY", "Part_One_or_Part_Two": 1, "Ward": "223", "Precinct": "RAINES", "Source_ObjectID": "173003", "ObjectId": 1657888}}, {"type": "Feature", "id": 1657889, "geometry": {"type": "Point", "coordinates": [-89.91, 35.197]}, "properties": {"Crime_ID": "2207014839ME", "Offense_Datetime": 1659034800000, "Reported_Datetime": 1659123480000, "Agency_Crime_ID": "SIMPLE ASSAULT/DV", "UCR_Incident_Code": "13B", "Block": 2600, "Street_Name": "NORTHUMBERLAND LN", "Street_Address": "2600 NORTHUMBERLAND LN", "City": "MEMPHIS", "State": "TN", "ZIP_Code": "38128", "Full_Address": "2600 NORTHUMBERLAND LN MEMPHIS TN 38128", "Latitude": 35.197, "Longitude": -89.91, "UCR_Category": "ASSAULT", "UCR_Description": "SIMPLE ASSAULT", "NIBRS_Group": "A", "NIBRS_Offense_Group": "CRIMES AGAINST PERSONS", "Part_One_or_Part_Two": 2, "Ward": "126", "Precinct": "AUSTIN PEAY", "Source_ObjectID": "300823", "ObjectId": 1657889}}, {"type": "Feature", "id": 1657890, "geometry": {"type": "Point", "coordinates": [-89.972, 35.1]}, "properties": {"Crime_ID": "2207008782ME", "Offense_Datetime": 1657746000000, "Reported_Datetime": 1658160480000, "Agency_Crime_ID": "BURGLARY/RESIDENTIAL", "UCR_Incident_Code": "220", "Block": 2700, "Street_Name": "BARRON AVE", "Street_Address": "2700 BARRON AVE", "City": "MEMPHIS", "State": "TN", "ZIP_Code": "38114", "Full_Address": "2700 BARRON AVE MEMPHIS TN 38114", "Latitude": 35.1, "Longitude": -89.972, "UCR_Category": "BURG/BREAK & ENTER", "UCR_Description": "BURG/BREAK & ENTER", "NIBRS_Group": "A", "NIBRS_Offense_Group": "CRIMES AGAINST PROPERTY", "Part_One_or_Part_Two": 1, "Ward": "726", "Precinct": "AIRWAYS", "Source_ObjectID": "297082", "ObjectId": 1657890}}, {"type": "Feature", "id": 1657891, "geometry": {"type": "Point", "coordinates": [-90.022, 35.116]}, "properties": {"Crime_ID": "2307000350ME", "Offense_Datetime": 1688254800000, "Reported_Datetime": 1688255940000, "Agency_Crime_ID": "THREATENING ELECTRONIC COMMUNICATION", "UCR_Incident_Code": "13C", "Block": 1100, "Street_Name": "BELLEVUE BLVD", "Street_Address": "1100 BELLEVUE BLVD", "City": "MEMPHIS", "State": "TN", "ZIP_Code": "38104", "Full_Address": "1100 BELLEVUE BLVD MEMPHIS TN 38104", "Latitude": 35.116, "Longitude": -90.022, "UCR_Category": "ASSAULT", "UCR_Description": "INTIMIDATION", "NIBRS_Group": "A", "NIBRS_Offense_Group": "CRIMES AGAINST PERSONS", "Part_One_or_Part_Two": 2, "Ward": "422", "Precinct": "CRUMP", "Source_ObjectID": "414783", "ObjectId": 1657891}}, {"type": "Feature", "id": 1657892, "geometry": {"type": "Point", "coordinates": [-90.008, 35.105]}, "properties": {"Crime_ID": "2507027812ME", "Offense_Datetime": 1753066800000, "Reported_Datetime": 1753082340000, "Agency_Crime_ID": "INTIMIDATION", "UCR_Incident_Code": "13C", "Block": 1600, "Street_Name": "CANE MEADOW CIR", "Street_Address": "1600 CANE MEADOW CIR", "City": "MEMPHIS", "State": "TN", "ZIP_Code": "38106", "Full_Address": "1600 CANE MEADOW CIR MEMPHIS TN 38106", "Latitude": 35.105, "Longitude": -90.008, "UCR_Category": "ASSAULT", "UCR_Description": "INTIMIDATION", "NIBRS_Group": "A", "NIBRS_Offense_Group": "CRIMES AGAINST PERSONS", "Part_One_or_Part_Two": 2, "Ward": "723", "Precinct": "AIRWAYS", "Source_ObjectID": "639984", "ObjectId": 1657892}}, {"type": "Feature", "id": 1657893, "geometry": {"type": "Point", "coordinates": [-90.047, 35.131]}, "properties": {"Crime_ID": "2101008649ME", "Offense_Datetime": 1611279600000, "Reported_Datetime": 1611280560000, "Agency_Crime_ID": "DRUGS/NARCOTICS VIOLATION/MISDEMEANOR", "UCR_Incident_Code": "35A", "Block": 500, "Street_Name": "MISSISSIPPI BLVD", "Street_Address": "500 MISSISSIPPI BLVD", "City": "MEMPHIS", "State": "TN", "ZIP_Code": "38118", "Full_Address": "500 MISSISSIPPI BLVD MEMPHIS TN 38118", "Latitude": 35.131, "Longitude": -90.047, "UCR_Category": "DRUG/NARCOTIC", "UCR_Description": "DRUG/NARCOTIC VIOLS", "NIBRS_Group": "A", "NIBRS_Offense_Group": "CRIMES AGAINST SOCIETY", "Part_One_or_Part_Two": 2, "Ward": "621", "Precinct": "NORTH MAIN", "Source_ObjectID": "146956", "ObjectId": 1657893}}, {"type": "Feature", "id": 1657894, "geometry": {"type": "Point", "coordinates": [-89.937, 35.044]}, "properties": {"Crime_ID": "2312025951ME", "Offense_Datetime": 1702508400000, "Reported_Datetime": 1702665060000, "Agency_Crime_ID": "VANDALISM/FELONY", "UCR_Incident_Code": "290", "Block": 3800, "Street_Name": "OLD GETWELL RD", "Street_Address": "3800 OLD GETWELL RD", "City": "MEMPHIS", "State": "TN", "ZIP_Code": "38118", "Full_Address": "3800 OLD GETWELL RD MEMPHIS TN 38118", "Latitude": 35.044, "Longitude": -89.937, "UCR_Category": "DEST/DAM/VAND OF PROPERTY", "UCR_Description": "DEST/DAM/VAND OF PROPERTY", "NIBRS_Group": "A", "NIBRS_Offense_Group": "CRIMES AGAINST PROPERTY", "Part_One_or_Part_Two": 2, "Ward": "921", "Precinct": "RIDGEWAY", "Source_ObjectID": "471205", "ObjectId": 1657894}}, {"type": "Feature", "id": 1657895, "geometry": {"type": "Point", "coordinates": [-89.978, 35.205]}, "properties": {"Crime_ID": "2307004362ME", "Offense_Datetime": 1688871600000, "Reported_Datetime": 1688872380000, "Agency_Crime_ID": "AGG. ASSAULT - INVOLVING FIREARMS DISCHARGED", "UCR_Incident_Code": "13A", "Block": 2800, "Street_Name": "TREMONT CV", "Street_Address": "2800 TREMONT CV", "City": "MEMPHIS", "State": "TN", "ZIP_Code": "38127", "Full_Address": "2800 TREMONT CV MEMPHIS TN 38127", "Latitude": 35.205, "Longitude": -89.978, "UCR_Category": "AGGRAVATED ASSAULT", "UCR_Description": "AGGRAVATED ASSAULT", "NIBRS_Group": "A", "NIBRS_Offense_Group": "CRIMES AGAINST PERSONS", "Part_One_or_Part_Two": 1, "Ward": "122", "Precinct": "AUSTIN PEAY", "Source_ObjectID": "417591", "ObjectId": 1657895}}, {"type": "Feature", "id": 1657897, "geometry": {"type": "Point", "coordinates": [-90.009, 35.052]}, "properties": {"Crime_ID": "2402031044ME", "Offense_Datetime": 1709085600000, "Reported_Datetime": 1709129400000, "Agency_Crime_ID": "VANDALISM/MISDEMEANOR", "UCR_Incident_Code": "290", "Block": 1600, "Street_Name": "BRANCHWAY DR", "Street_Address": "1600 BRANCHWAY DR", "City": "MEMPHIS", "State": "TN", "ZIP_Code": "38116", "Full_Address": "1600 BRANCHWAY DR MEMPHIS TN 38116", "Latitude": 35.052, "Longitude": -90.009, "UCR_Category": "DEST/DAM/VAND OF PROPERTY", "UCR_Description": "DEST/DAM/VAND OF PROPERTY", "NIBRS_Group": "A", "NIBRS_Offense_Group": "CRIMES AGAINST PROPERTY", "Part_One_or_Part_Two": 2, "Ward": "225", "Precinct": "RAINES", "Source_ObjectID": "492862", "ObjectId": 1657897}}, {"type": "Feature", "id": 1657898, "geometry": {"type": "Point", "coordinates": [-89.911, 35.16]}, "properties": {"Crime_ID": "2008004875ME", "Offense_Datetime": 1597260600000, "Reported_Datetime": 1597273320000, "Agency_Crime_ID": "SIMPLE ASSAULT", "UCR_Incident_Code": "13B", "Block": 1000, "Street_Name": "BERCLAIR RD", "Street_Address": "1000 BERCLAIR RD", "City": "MEMPHIS", "State": "TN", "ZIP_Code": "38122", "Full_Address": "1000 BERCLAIR RD MEMPHIS TN 38122", "Latitude": 35.16, "Longitude": -89.911, "UCR_Category": "ASSAULT", "UCR_Description": "SIMPLE ASSAULT", "NIBRS_Group": "A", "NIBRS_Offense_Group": "CRIMES AGAINST PERSONS", "Part_One_or_Part_Two": 2, "Ward": "525", "Precinct": "TILLMAN", "Source_ObjectID": "102606", "ObjectId": 1657898}}, {"type": "Feature", "id": 1657899, "geometry": {"type": "Point", "coordinates": [-90.072, 35.026]}, "properties": {"Crime_ID": "2107013064ME", "Offense_Datetime": 1627623000000, "Reported_Datetime": 1627624620000, "Agency_Crime_ID": "INTIMIDATION/DV", "UCR_Incident_Code": "13C", "Block": 200, "Street_Name": "CYPRESSWOOD RD", "Street_Address": "200 CYPRESSWOOD RD", "City": "MEMPHIS", "State": "TN", "ZIP_Code": "38109", "Full_Address": "200 CYPRESSWOOD RD MEMPHIS TN 38109", "Latitude": 35.026, "Longitude": -90.072, "UCR_Category": "ASSAULT", "UCR_Description": "INTIMIDATION", "NIBRS_Group": "A", "NIBRS_Offense_Group": "CRIMES AGAINST PERSONS", "Part_One_or_Part_Two": 2, "Ward": "221", "Precinct": "RAINES", "Source_ObjectID": "195704", "ObjectId": 1657899}}, {"type": "Feature", "id": 1657900, "geometry": {"type": "Point", "coordinates": [-90.035, 35.131]}, "properties": {"Crime_ID": "2404031845ME", "Offense_Datetime": 1714429980000, "Reported_Datetime": 1714430280000, "Agency_Crime_ID": "DRUGS/NARCOTICS VIOLATION/FELONY", "UCR_Incident_Code": "35A", "Block": 0, "Street_Name": "WALNUT ST//SAINT PAUL AVE", "Street_Address": " WALNUT ST//SAINT PAUL AVE", "City": "MEMPHIS", "State": "TN", "ZIP_Code": "38107", "Full_Address": " WALNUT ST//SAINT PAUL AVE MEMPHIS TN 38107", "Latitude": 35.131, "Longitude": -90.035, "UCR_Category": "DRUG/NARCOTIC", "UCR_Description": "DRUG/NARCOTIC VIOLS", "NIBRS_Group": "A", "NIBRS_Offense_Group": "CRIMES AGAINST SOCIETY", "Part_One_or_Part_Two": 2, "Ward": "621", "Precinct": "NORTH MAIN", "Source_ObjectID": "511047", "ObjectId": 1657900}}, {"type": "Feature", "id": 1657901, "geometry": {"type": "Point", "coordinates": [-90.013, 35.075]}, "properties": {"Crime_ID": "2501024925ME", "Offense_Datetime": 1736965080000, "Reported_Datetime": 1736973300000, "Agency_Crime_ID": "BURGLARY/RESIDENTIAL", "UCR_Incident_Code": "220", "Block": 2500, "Street_Name": "LAGENA ST", "Street_Address": "2500 LAGENA ST", "City": "MEMPHIS", "State": "TN", "ZIP_Code": "38106", "Full_Address": "2500 LAGENA ST MEMPHIS TN 38106", "Latitude": 35.075, "Longitude": -90.013, "UCR_Category": "BURG/BREAK & ENTER", "UCR_Description": "BURG/BREAK & ENTER", "NIBRS_Group": "A", "NIBRS_Offense_Group": "CRIMES AGAINST PROPERTY", "Part_One_or_Part_Two": 1, "Ward": "724", "Precinct": "AIRWAYS", "Source_ObjectID": "590594", "ObjectId": 1657901}}, {"type": "Feature", "id": 1657902, "geometry": {"type": "Point", "coordinates": [-90.057, 35.008]}, "properties": {"Crime_ID": "2411030963ME", "Offense_Datetime": 1733024220000, "Reported_Datetime": 1733025660000, "Agency_Crime_ID": "SIMPLE ASSAULT/DV", "UCR_Incident_Code": "13B", "Block": 5100, "Street_Name": "LONG BRANCH DR", "Street_Address": "5100 LONG BRANCH DR", "City": "MEMPHIS", "State": "TN", "ZIP_Code": "38109", "Full_Address": "5100 LONG BRANCH DR MEMPHIS TN 38109", "Latitude": 35.008, "Longitude": -90.057, "UCR_Category": "ASSAULT", "UCR_Description": "SIMPLE ASSAULT", "NIBRS_Group": "A", "NIBRS_Offense_Group": "CRIMES AGAINST PERSONS", "Part_One_or_Part_Two": 2, "Ward": "223", "Precinct": "RAINES", "Source_ObjectID": "577966", "ObjectId": 1657902}}, {"type": "Feature", "id": 1657903, "geometry": {"type": "Point", "coordinates": [-89.978, 35.144]}, "properties": {"Crime_ID": "2310025394ME", "Offense_Datetime": 1697106600000, "Reported_Datetime": 1697203620000, "Agency_Crime_ID": "BURGLARY/NON-RESIDENTIAL", "UCR_Incident_Code": "220", "Block": 300, "Street_Name": "HOLLYWOOD ST", "Street_Address": "300 HOLLYWOOD ST", "City": "MEMPHIS", "State": "TN", "ZIP_Code": "38112", "Full_Address": "300 HOLLYWOOD ST MEMPHIS TN 38112", "Latitude": 35.144, "Longitude": -89.978, "UCR_Category": "BURG/BREAK & ENTER", "UCR_Description": "BURG/BREAK & ENTER", "NIBRS_Group": "A", "NIBRS_Offense_Group": "CRIMES AGAINST PROPERTY", "Part_One_or_Part_Two": 1, "Ward": "523", "Precinct": "TILLMAN", "Source_ObjectID": "451106", "ObjectId": 1657903}}, {"type": "Feature", "id": 1657904, "geometry": {"type": "Point", "coordinates": [-89.971, 35.179]}, "properties": {"Crime_ID": "2303001154ME", "Offense_Datetime": 1677697200000, "Reported_Datetime": 1677862500000, "Agency_Crime_ID": "SIMPLE ASSAULT/DV", "UCR_Incident_Code": "13B", "Block": 2500, "Street_Name": "PERES AVE", "Street_Address": "2500 PERES AVE", "City": "MEMPHIS", "State": "TN", "ZIP_Code": "38108", "Full_Address": "2500 PERES AVE MEMPHIS TN 38108", "Latitude": 35.179, "Longitude": -89.971, "UCR_Category": "ASSAULT", "UCR_Description": "SIMPLE ASSAULT", "NIBRS_Group": "A", "NIBRS_Offense_Group": "CRIMES AGAINST PERSONS", "Part_One_or_Part_Two": 2, "Ward": "426", "Precinct": "CRUMP", "Source_ObjectID": "372284", "ObjectId": 1657904}}, {"type": "Feature", "id": 1657905, "geometry": {"type": "Point", "coordinates": [-90.02, 35.078]}, "properties": {"Crime_ID": "2303011740ME", "Offense_Datetime": 1679609700000, "Reported_Datetime": 1679613240000, "Agency_Crime_ID": "SHOPLIFTING/MISDEMEANOR", "UCR_Incident_Code": "23C", "Block": 2400, "Street_Name": "ELVIS PRESLEY BLVD", "Street_Address": "2400 ELVIS PRESLEY BLVD", "City": "MEMPHIS", "State": "TN", "ZIP_Code": "38106", "Full_Address": "2400 ELVIS PRESLEY BLVD MEMPHIS TN 38106", "Latitude": 35.078, "Longitude": -90.02, "UCR_Category": "LARCENY/THEFT", "UCR_Description": "SHOPLIFTING", "NIBRS_Group": "A", "NIBRS_Offense_Group": "CRIMES AGAINST PROPERTY", "Part_One_or_Part_Two": 1, "Ward": "724", "Precinct": "AIRWAYS", "Source_ObjectID": "378920", "ObjectId": 1657905}}, {"type": "Feature", "id": 1657906, "geometry": {"type": "Point", "coordinates": [-89.945, 35.121]}, "properties": {"Crime_ID": "2005007060ME", "Offense_Datetime": 1589868300000, "Reported_Datetime": 1589869560000, "Agency_Crime_ID": "SIMPLE ASSAULT", "UCR_Incident_Code": "13B", "Block": 400, "Street_Name": "S HIGHLAND ST", "Street_Address": "400 S HIGHLAND ST", "City": "MEMPHIS", "State": "TN", "ZIP_Code": "38111", "Full_Address": "400 S HIGHLAND ST MEMPHIS TN 38111", "Latitude": 35.121, "Longitude": -89.945, "UCR_Category": "ASSAULT", "UCR_Description": "SIMPLE ASSAULT", "NIBRS_Group": "A", "NIBRS_Offense_Group": "CRIMES AGAINST PERSONS", "Part_One_or_Part_Two": 2, "Ward": "522", "Precinct": "TILLMAN", "Source_ObjectID": "79343", "ObjectId": 1657906}}, {"type": "Feature", "id": 1657907, "geometry": {"type": "Point", "coordinates": [-90.016, 35.158]}, "properties": {"Crime_ID": "2104012888ME", "Offense_Datetime": 1619803800000, "Reported_Datetime": 1619814480000, "Agency_Crime_ID": "THEFT OF VEHICLE PARTS/ACCESSORIES", "UCR_Incident_Code": "23G", "Block": 1200, "Street_Name": "JACKSON AVE", "Street_Address": "1200 JACKSON AVE", "City": "MEMPHIS", "State": "TN", "ZIP_Code": "38107", "Full_Address": "1200 JACKSON AVE MEMPHIS TN 38107", "Latitude": 35.158, "Longitude": -90.016, "UCR_Category": "LARCENY/THEFT", "UCR_Description": "THEFT OF MV PARTS/ACCS", "NIBRS_Group": "A", "NIBRS_Offense_Group": "CRIMES AGAINST PROPERTY", "Part_One_or_Part_Two": 1, "Ward": "425", "Precinct": "CRUMP", "Source_ObjectID": "170498", "ObjectId": 1657907}}, {"type": "Feature", "id": 1657908, "geometry": {"type": "Point", "coordinates": [-89.911, 35.153]}, "properties": {"Crime_ID": "2204005394ME", "Offense_Datetime": 1649818800000, "Reported_Datetime": 1649849520000, "Agency_Crime_ID": "THEFT OF VEHICLE PARTS/ACCESSORIES", "UCR_Incident_Code": "23G", "Block": 800, "Street_Name": "BERCLAIR RD", "Street_Address": "800 BERCLAIR RD", "City": "MEMPHIS", "State": "TN", "ZIP_Code": "38111", "Full_Address": "800 BERCLAIR RD MEMPHIS TN 38111", "Latitude": 35.153, "Longitude": -89.911, "UCR_Category": "LARCENY/THEFT", "UCR_Description": "THEFT OF MV PARTS/ACCS", "NIBRS_Group": "A", "NIBRS_Offense_Group": "CRIMES AGAINST PROPERTY", "Part_One_or_Part_Two": 1, "Ward": "525", "Precinct": "TILLMAN", "Source_ObjectID": "266122", "ObjectId": 1657908}}, {"type": "Feature", "id": 1657909, "geometry": {"type": "Point", "coordinates": [-89.866, 35.061]}, "properties": {"Crime_ID": "2201002837ME", "Offense_Datetime": 1641680280000, "Reported_Datetime": 1641680820000, "Agency_Crime_ID": "DRUGS/NARCOTICS VIOLATION/FELONY", "UCR_Incident_Code": "35A", "Block": 0, "Street_Name": "HICKORY HILL RD//KNIGHT ARNOLD RD", "Street_Address": " HICKORY HILL RD//KNIGHT ARNOLD RD", "City": "MEMPHIS", "State": "TN", "ZIP_Code": "38115", "Full_Address": " HICKORY HILL RD//KNIGHT ARNOLD RD MEMPHIS TN 38115", "Latitude": 35.061, "Longitude": -89.866, "UCR_Category": "DRUG/NARCOTIC", "UCR_Description": "DRUG/NARCOTIC VIOLS", "NIBRS_Group": "A", "NIBRS_Offense_Group": "CRIMES AGAINST SOCIETY", "Part_One_or_Part_Two": 2, "Ward": "OCU", "Precinct": "OCU", "Source_ObjectID": "241174", "ObjectId": 1657909}}, {"type": "Feature", "id": 1657910, "geometry": {"type": "Point", "coordinates": [-89.909, 35.061]}, "properties": {"Crime_ID": "2009007622ME", "Offense_Datetime": 1600318800000, "Reported_Datetime": 1600353480000, "Agency_Crime_ID": "THEFT FROM MOTOR VEHICLE", "UCR_Incident_Code": "23F", "Block": 4600, "Street_Name": "KNIGHT ARNOLD RD", "Street_Address": "4600 KNIGHT ARNOLD RD", "City": "MEMPHIS", "State": "TN", "ZIP_Code": "38118", "Full_Address": "4600 KNIGHT ARNOLD RD MEMPHIS TN 38118", "Latitude": 35.061, "Longitude": -89.909, "UCR_Category": "LARCENY/THEFT", "UCR_Description": "THEFT FROM A MOTOR VEHICLE", "NIBRS_Group": "A", "NIBRS_Offense_Group": "CRIMES AGAINST PROPERTY", "Part_One_or_Part_Two": 1, "Ward": "325", "Precinct": "MT MORIAH", "Source_ObjectID": "112656", "ObjectId": 1657910}}, {"type": "Feature", "id": 1657911, "geometry": {"type": "Point", "coordinates": [-89.999, 35.104]}, "properties": {"Crime_ID": "2111011470ME", "Offense_Datetime": 1638065700000, "Reported_Datetime": 1638065700000, "Agency_Crime_ID": "SIMPLE ASSAULT/DV", "UCR_Incident_Code": "13B", "Block": 1900, "Street_Name": "CLOVERDALE DR", "Street_Address": "1900 CLOVERDALE DR", "City": "MEMPHIS", "State": "TN", "ZIP_Code": "38114", "Full_Address": "1900 CLOVERDALE DR MEMPHIS TN 38114", "Latitude": 35.104, "Longitude": -89.999, "UCR_Category": "ASSAULT", "UCR_Description": "SIMPLE ASSAULT", "NIBRS_Group": "A", "NIBRS_Offense_Group": "CRIMES AGAINST PERSONS", "Part_One_or_Part_Two": 2, "Ward": "723", "Precinct": "AIRWAYS", "Source_ObjectID": "229603", "ObjectId": 1657911}}, {"type": "Feature", "id": 1657912, "geometry": {"type": "Point", "coordinates": [-90.009, 35.18]}, "properties": {"Crime_ID": "2009000913ME", "Offense_Datetime": 1599082800000, "Reported_Datetime": 1599086220000, "Agency_Crime_ID": "AGGRAVATED ASSAULT", "UCR_Incident_Code": "13A", "Block": 1500, "Street_Name": "WATKINS ST", "Street_Address": "1500 WATKINS ST", "City": "MEMPHIS", "State": "TN", "ZIP_Code": "38105", "Full_Address": "1500 WATKINS ST MEMPHIS TN 38105", "Latitude": 35.18, "Longitude": -90.009, "UCR_Category": "AGGRAVATED ASSAULT", "UCR_Description": "AGGRAVATED ASSAULT", "NIBRS_Group": "A", "NIBRS_Offense_Group": "CRIMES AGAINST PERSONS", "Part_One_or_Part_Two": 1, "Ward": "425", "Precinct": "CRUMP", "Source_ObjectID": "108474", "ObjectId": 1657912}}, {"type": "Feature", "id": 1657913, "geometry": {"type": "Point", "coordinates": [-90.044, 35.019]}, "properties": {"Crime_ID": "2406023964ME", "Offense_Datetime": 1717977600000, "Reported_Datetime": 1717979520000, "Agency_Crime_ID": "WEAPON LAW VIOLATIONS/FELONY", "UCR_Incident_Code": "520", "Block": 4700, "Street_Name": "HAVEN CT", "Street_Address": "4700 HAVEN CT", "City": "MEMPHIS", "State": "TN", "ZIP_Code": "38116", "Full_Address": "4700 HAVEN CT MEMPHIS TN 38116", "Latitude": 35.019, "Longitude": -90.044, "UCR_Category": "WEAPON LAW VIOLATION", "UCR_Description": "WEAPON LAW VIOL", "NIBRS_Group": "A", "NIBRS_Offense_Group": "CRIMES AGAINST SOCIETY", "Part_One_or_Part_Two": 2, "Ward": "226", "Precinct": "RAINES", "Source_ObjectID": "525030", "ObjectId": 1657913}}, {"type": "Feature", "id": 1657914, "geometry": {"type": "Point", "coordinates": [-89.799, 35.196]}, "properties": {"Crime_ID": "2507026709ME", "Offense_Datetime": 1752813600000, "Reported_Datetime": 1752815100000, "Agency_Crime_ID": "THREATENING ELECTRONIC COMMUNICATION/DV", "UCR_Incident_Code": "13C", "Block": 2500, "Street_Name": "VAN EATON LN", "Street_Address": "2500 VAN EATON LN", "City": "MEMPHIS", "State": "TN", "ZIP_Code": "38133", "Full_Address": "2500 VAN EATON LN MEMPHIS TN 38133", "Latitude": 35.196, "Longitude": -89.799, "UCR_Category": "ASSAULT", "UCR_Description": "INTIMIDATION", "NIBRS_Group": "A", "NIBRS_Offense_Group": "CRIMES AGAINST PERSONS", "Part_One_or_Part_Two": 2, "Ward": "825", "Precinct": "APPLING FARMS", "Source_ObjectID": "639251", "ObjectId": 1657914}}, {"type": "Feature", "id": 1657915, "geometry": {"type": "Point", "coordinates": [-89.868, 35.072]}, "properties": {"Crime_ID": "2207000146ME", "Offense_Datetime": 1656651600000, "Reported_Datetime": 1656684660000, "Agency_Crime_ID": "MVT/PASSENGER VEHICLE", "UCR_Incident_Code": "240", "Block": 5800, "Street_Name": "MOUNT HICKORY DR", "Street_Address": "5800 MOUNT HICKORY DR", "City": "MEMPHIS", "State": "TN", "ZIP_Code": "38118", "Full_Address": "5800 MOUNT HICKORY DR MEMPHIS TN 38118", "Latitude": 35.072, "Longitude": -89.868, "UCR_Category": "MOTOR VEHICLE THEFT", "UCR_Description": "MOTOR VEHICLE THEFT", "NIBRS_Group": "A", "NIBRS_Offense_Group": "CRIMES AGAINST PROPERTY", "Part_One_or_Part_Two": 1, "Ward": "326", "Precinct": "MT MORIAH", "Source_ObjectID": "291395", "ObjectId": 1657915}}, {"type": "Feature", "id": 1657916, "geometry": {"type": "Point", "coordinates": [-90.02, 35.174]}, "properties": {"Crime_ID": "2303013483ME", "Offense_Datetime": 1679903940000, "Reported_Datetime": 1679908620000, "Agency_Crime_ID": "AGGRAVATED ASSAULT/DV", "UCR_Incident_Code": "13A", "Block": 1100, "Street_Name": "FIRESTONE BLVD", "Street_Address": "1100 FIRESTONE BLVD", "City": "MEMPHIS", "State": "TN", "ZIP_Code": "38107", "Full_Address": "1100 FIRESTONE BLVD MEMPHIS TN 38107", "Latitude": 35.174, "Longitude": -90.02, "UCR_Category": "AGGRAVATED ASSAULT", "UCR_Description": "AGGRAVATED ASSAULT", "NIBRS_Group": "A", "NIBRS_Offense_Group": "CRIMES AGAINST PERSONS", "Part_One_or_Part_Two": 1, "Ward": "626", "Precinct": "NORTH MAIN", "Source_ObjectID": "380083", "ObjectId": 1657916}}, {"type": "Feature", "id": 1657917, "geometry": {"type": "Point", "coordinates": [-89.862, 35.163]}, "properties": {"Crime_ID": "2406022071ME", "Offense_Datetime": 1717618320000, "Reported_Datetime": 1717620300000, "Agency_Crime_ID": "DRUGS/NARCOTICS VIOLATION/FELONY", "UCR_Incident_Code": "35A", "Block": 6000, "Street_Name": "MACON CV", "Street_Address": "6000 MACON CV", "City": "MEMPHIS", "State": "TN", "ZIP_Code": "38016", "Full_Address": "6000 MACON CV MEMPHIS TN 38016", "Latitude": 35.163, "Longitude": -89.862, "UCR_Category": "DRUG/NARCOTIC", "UCR_Description": "DRUG/NARCOTIC VIOLS", "NIBRS_Group": "A", "NIBRS_Offense_Group": "CRIMES AGAINST SOCIETY", "Part_One_or_Part_Two": 2, "Ward": "822", "Precinct": "APPLING FARMS", "Source_ObjectID": "523555", "ObjectId": 1657917}}, {"type": "Feature", "id": 1657918, "geometry": {"type": "Point", "coordinates": [-90.001, 35.156]}, "properties": {"Crime_ID": "2102003044ME", "Offense_Datetime": 1612197000000, "Reported_Datetime": 1612793460000, "Agency_Crime_ID": "CREDIT CARD/ATM FRAUD", "UCR_Incident_Code": "26B", "Block": 1700, "Street_Name": "TUTWILER AVE", "Street_Address": "1700 TUTWILER AVE", "City": "MEMPHIS", "State": "TN", "ZIP_Code": "38107", "Full_Address": "1700 TUTWILER AVE MEMPHIS TN 38107", "Latitude": 35.156, "Longitude": -90.001, "UCR_Category": "FRAUD", "UCR_Description": "CREDIT CARD/ATM FRAUD", "NIBRS_Group": "A", "NIBRS_Offense_Group": "CRIMES AGAINST PROPERTY", "Part_One_or_Part_Two": 2, "Ward": "425", "Precinct": "CRUMP", "Source_ObjectID": "151443", "ObjectId": 1657918}}, {"type": "Feature", "id": 1657919, "geometry": {"type": "Point", "coordinates": [-90.048, 35.142]}, "properties": {"Crime_ID": "2209009923ME", "Offense_Datetime": 1663635600000, "Reported_Datetime": 1663683420000, "Agency_Crime_ID": "MVT/PASSENGER VEHICLE", "UCR_Incident_Code": "240", "Block": 0, "Street_Name": "FOURTH ST", "Street_Address": "0 FOURTH ST", "City": "MEMPHIS", "State": "TN", "ZIP_Code": "30107", "Full_Address": "0 FOURTH ST MEMPHIS TN 30107", "Latitude": 35.142, "Longitude": -90.048, "UCR_Category": "MOTOR VEHICLE THEFT", "UCR_Description": "MOTOR VEHICLE THEFT", "NIBRS_Group": "A", "NIBRS_Offense_Group": "CRIMES AGAINST PROPERTY", "Part_One_or_Part_Two": 1, "Ward": "622", "Precinct": "NORTH MAIN", "Source_ObjectID": "318228", "ObjectId": 1657919}}, {"type": "Feature", "id": 1657920, "geometry": {"type": "Point", "coordinates": [-89.972, 35.178]}, "properties": {"Crime_ID": "2205001344ME", "Offense_Datetime": 1651636800000, "Reported_Datetime": 1651642080000, "Agency_Crime_ID": "VANDALISM/MISDEMEANOR", "UCR_Incident_Code": "290", "Block": 2500, "Street_Name": "PERES AVE", "Street_Address": "2500 PERES AVE", "City": "MEMPHIS", "State": "TN", "ZIP_Code": "38108", "Full_Address": "2500 PERES AVE MEMPHIS TN 38108", "Latitude": 35.178, "Longitude": -89.972, "UCR_Category": "DEST/DAM/VAND OF PROPERTY", "UCR_Description": "DEST/DAM/VAND OF PROPERTY", "NIBRS_Group": "A", "NIBRS_Offense_Group": "CRIMES AGAINST PROPERTY", "Part_One_or_Part_Two": 2, "Ward": "426", "Precinct": "CRUMP", "Source_ObjectID": "272481", "ObjectId": 1657920}}, {"type": "Feature", "id": 1657921, "geometry": {"type": "Point", "coordinates": [-89.996, 35.16]}, "properties": {"Crime_ID": "2303000891ME", "Offense_Datetime": 1677801600000, "Reported_Datetime": 1677804480000, "Agency_Crime_ID": "INTIMIDATION/DV", "UCR_Incident_Code": "13C", "Block": 0, "Street_Name": "JACKSON AVE//MCLEAN BLVD", "Street_Address": " JACKSON AVE//MCLEAN BLVD", "City": "MEMPHIS", "State": "TN", "ZIP_Code": "38107", "Full_Address": " JACKSON AVE//MCLEAN BLVD MEMPHIS TN 38107", "Latitude": 35.16, "Longitude": -89.996, "UCR_Category": "ASSAULT", "UCR_Description": "INTIMIDATION", "NIBRS_Group": "A", "NIBRS_Offense_Group": "CRIMES AGAINST PERSONS", "Part_One_or_Part_Two": 2, "Ward": "425", "Precinct": "CRUMP", "Source_ObjectID": "372141", "ObjectId": 1657921}}, {"type": "Feature", "id": 1657922, "geometry": {"type": "Point", "coordinates": [-89.933, 35.203]}, "properties": {"Crime_ID": "2304007397ME", "Offense_Datetime": 1681533000000, "Reported_Datetime": 1681535520000, "Agency_Crime_ID": "MVT/PASSENGER VEHICLE", "UCR_Incident_Code": "240", "Block": 3900, "Street_Name": "JAMES RD", "Street_Address": "3900 JAMES RD", "City": "MEMPHIS", "State": "TN", "ZIP_Code": "38128", "Full_Address": "3900 JAMES RD MEMPHIS TN 38128", "Latitude": 35.203, "Longitude": -89.933, "UCR_Category": "MOTOR VEHICLE THEFT", "UCR_Description": "MOTOR VEHICLE THEFT", "NIBRS_Group": "A", "NIBRS_Offense_Group": "CRIMES AGAINST PROPERTY", "Part_One_or_Part_Two": 1, "Ward": "124", "Precinct": "AUSTIN PEAY", "Source_ObjectID": "386444", "ObjectId": 1657922}}, {"type": "Feature", "id": 1657923, "geometry": {"type": "Point", "coordinates": [-89.921, 35.226]}, "properties": {"Crime_ID": "2005003990ME", "Offense_Datetime": 1589231700000, "Reported_Datetime": 1589232540000, "Agency_Crime_ID": "SIMPLE ASSAULT/DV", "UCR_Incident_Code": "13B", "Block": 3600, "Street_Name": "NAYLOR DR", "Street_Address": "3600 NAYLOR DR", "City": "MEMPHIS", "State": "TN", "ZIP_Code": "38128", "Full_Address": "3600 NAYLOR DR MEMPHIS TN 38128", "Latitude": 35.226, "Longitude": -89.921, "UCR_Category": "ASSAULT", "UCR_Description": "SIMPLE ASSAULT", "NIBRS_Group": "A", "NIBRS_Offense_Group": "CRIMES AGAINST PERSONS", "Part_One_or_Part_Two": 2, "Ward": "125", "Precinct": "AUSTIN PEAY", "Source_ObjectID": "77295", "ObjectId": 1657923}}, {"type": "Feature", "id": 1657924, "geometry": {"type": "Point", "coordinates": [-90.048, 35.157]}, "properties": {"Crime_ID": "2505029682ME", "Offense_Datetime": 1746575100000, "Reported_Datetime": 1748200620000, "Agency_Crime_ID": "SIMPLE ASSAULT", "UCR_Incident_Code": "13B", "Block": 400, "Street_Name": "N MAIN ST", "Street_Address": "400 N MAIN ST", "City": "MEMPHIS", "State": "TN", "ZIP_Code": "38103", "Full_Address": "400 N MAIN ST MEMPHIS TN 38103", "Latitude": 35.157, "Longitude": -90.048, "UCR_Category": "ASSAULT", "UCR_Description": "SIMPLE ASSAULT", "NIBRS_Group": "A", "NIBRS_Offense_Group": "CRIMES AGAINST PERSONS", "Part_One_or_Part_Two": 2, "Ward": "623", "Precinct": "NORTH MAIN", "Source_ObjectID": "624847", "ObjectId": 1657924}}, {"type": "Feature", "id": 1657925, "geometry": {"type": "Point", "coordinates": [-90.004, 35.05]}, "properties": {"Crime_ID": "2304002804ME", "Offense_Datetime": 1680804000000, "Reported_Datetime": 1680807480000, "Agency_Crime_ID": "AGGRAVATED ASSAULT", "UCR_Incident_Code": "13A", "Block": 3600, "Street_Name": "QUEENSLAND DR", "Street_Address": "3600 QUEENSLAND DR", "City": "MEMPHIS", "State": "TN", "ZIP_Code": "38116", "Full_Address": "3600 QUEENSLAND DR MEMPHIS TN 38116", "Latitude": 35.05, "Longitude": -90.004, "UCR_Category": "AGGRAVATED ASSAULT", "UCR_Description": "AGGRAVATED ASSAULT", "NIBRS_Group": "A", "NIBRS_Offense_Group": "CRIMES AGAINST PERSONS", "Part_One_or_Part_Two": 1, "Ward": "226", "Precinct": "RAINES", "Source_ObjectID": "383468", "ObjectId": 1657925}}, {"type": "Feature", "id": 1657926, "geometry": {"type": "Point", "coordinates": [-90.057, 35.019]}, "properties": {"Crime_ID": "2407025163ME", "Offense_Datetime": 1720797600000, "Reported_Datetime": 1720799940000, "Agency_Crime_ID": "SHOPLIFTING/MISDEMEANOR", "UCR_Incident_Code": "23C", "Block": 4700, "Street_Name": "NEELY RD", "Street_Address": "4700 NEELY RD", "City": "MEMPHIS", "State": "TN", "ZIP_Code": "38109", "Full_Address": "4700 NEELY RD MEMPHIS TN 38109", "Latitude": 35.019, "Longitude": -90.057, "UCR_Category": "LARCENY/THEFT", "UCR_Description": "SHOPLIFTING", "NIBRS_Group": "A", "NIBRS_Offense_Group": "CRIMES AGAINST PROPERTY", "Part_One_or_Part_Two": 1, "Ward": "223", "Precinct": "RAINES", "Source_ObjectID": "535943", "ObjectId": 1657926}}, {"type": "Feature", "id": 1657927, "geometry": {"type": "Point", "coordinates": [-89.914, 35.159]}, "properties": {"Crime_ID": "2004004250ME", "Offense_Datetime": 1586733300000, "Reported_Datetime": 1586791320000, "Agency_Crime_ID": "AGGRAVATED ASSAULT/DV", "UCR_Incident_Code": "13A", "Block": 4400, "Street_Name": "FERNDALE AVE", "Street_Address": "4400 FERNDALE AVE", "City": "MEMPHIS", "State": "TN", "ZIP_Code": "38122", "Full_Address": "4400 FERNDALE AVE MEMPHIS TN 38122", "Latitude": 35.159, "Longitude": -89.914, "UCR_Category": "AGGRAVATED ASSAULT", "UCR_Description": "AGGRAVATED ASSAULT", "NIBRS_Group": "A", "NIBRS_Offense_Group": "CRIMES AGAINST PERSONS", "Part_One_or_Part_Two": 1, "Ward": "525", "Precinct": "TILLMAN", "Source_ObjectID": "70273", "ObjectId": 1657927}}, {"type": "Feature", "id": 1657928, "geometry": {"type": "Point", "coordinates": [-89.928, 35.083]}, "properties": {"Crime_ID": "2312022071ME", "Offense_Datetime": 1701813600000, "Reported_Datetime": 1701866460000, "Agency_Crime_ID": "VANDALISM/MISDEMEANOR", "UCR_Incident_Code": "290", "Block": 1800, "Street_Name": "TITUS RD", "Street_Address": "1800 TITUS RD", "City": "MEMPHIS", "State": "TN", "ZIP_Code": "38111", "Full_Address": "1800 TITUS RD MEMPHIS TN 38111", "Latitude": 35.083, "Longitude": -89.928, "UCR_Category": "DEST/DAM/VAND OF PROPERTY", "UCR_Description": "DEST/DAM/VAND OF PROPERTY", "NIBRS_Group": "A", "NIBRS_Offense_Group": "CRIMES AGAINST PROPERTY", "Part_One_or_Part_Two": 2, "Ward": "322", "Precinct": "MT MORIAH", "Source_ObjectID": "468267", "ObjectId": 1657928}}, {"type": "Feature", "id": 1657929, "geometry": {"type": "Point", "coordinates": [-89.896, 35.145]}, "properties": {"Crime_ID": "2010011697ME", "Offense_Datetime": 1603762200000, "Reported_Datetime": 1603797720000, "Agency_Crime_ID": "THEFT FROM MOTOR VEHICLE", "UCR_Incident_Code": "23F", "Block": 4900, "Street_Name": "WILBURN AVE", "Street_Address": "4900 WILBURN AVE", "City": "MEMPHIS", "State": "TN", "ZIP_Code": "38117", "Full_Address": "4900 WILBURN AVE MEMPHIS TN 38117", "Latitude": 35.145, "Longitude": -89.896, "UCR_Category": "LARCENY/THEFT", "UCR_Description": "THEFT FROM A MOTOR VEHICLE", "NIBRS_Group": "A", "NIBRS_Offense_Group": "CRIMES AGAINST PROPERTY", "Part_One_or_Part_Two": 1, "Ward": "821", "Precinct": "APPLING FARMS", "Source_ObjectID": "123518", "ObjectId": 1657929}}, {"type": "Feature", "id": 1657930, "geometry": {"type": "Point", "coordinates": [-89.935, 35.234]}, "properties": {"Crime_ID": "2312023665ME", "Offense_Datetime": 1702195080000, "Reported_Datetime": 1702196340000, "Agency_Crime_ID": "AGGRAVATED ASSAULT", "UCR_Incident_Code": "13A", "Block": 3800, "Street_Name": "SAINT ELMO AVE", "Street_Address": "3800 SAINT ELMO AVE", "City": "MEMPHIS", "State": "TN", "ZIP_Code": "38128", "Full_Address": "3800 SAINT ELMO AVE MEMPHIS TN 38128", "Latitude": 35.234, "Longitude": -89.935, "UCR_Category": "AGGRAVATED ASSAULT", "UCR_Description": "AGGRAVATED ASSAULT", "NIBRS_Group": "A", "NIBRS_Offense_Group": "CRIMES AGAINST PERSONS", "Part_One_or_Part_Two": 1, "Ward": "125", "Precinct": "AUSTIN PEAY", "Source_ObjectID": "469501", "ObjectId": 1657930}}, {"type": "Feature", "id": 1657931, "geometry": {"type": "Point", "coordinates": [-89.933, 35.168]}, "properties": {"Crime_ID": "2111003129ME", "Offense_Datetime": 1636315020000, "Reported_Datetime": 1636335600000, "Agency_Crime_ID": "BURGLARY/RESIDENTIAL", "UCR_Incident_Code": "220", "Block": 1300, "Street_Name": "SALEM ST", "Street_Address": "1300 SALEM ST", "City": "MEMPHIS", "State": "TN", "ZIP_Code": "38122", "Full_Address": "1300 SALEM ST MEMPHIS TN 38122", "Latitude": 35.168, "Longitude": -89.933, "UCR_Category": "BURG/BREAK & ENTER", "UCR_Description": "BURG/BREAK & ENTER", "NIBRS_Group": "A", "NIBRS_Offense_Group": "CRIMES AGAINST PROPERTY", "Part_One_or_Part_Two": 1, "Ward": "526", "Precinct": "TILLMAN", "Source_ObjectID": "224417", "ObjectId": 1657931}}, {"type": "Feature", "id": 1657932, "geometry": {"type": "Point", "coordinates": [-89.997, 35.227]}, "properties": {"Crime_ID": "2603024903ME", "Offense_Datetime": 1773594000000, "Reported_Datetime": 1773610680000, "Agency_Crime_ID": "OTHER THEFT/NON-SPECIFIC", "UCR_Incident_Code": "23H", "Block": 2000, "Street_Name": "BURNHAM AVE", "Street_Address": "2000 BURNHAM AVE", "City": "MEMPHIS", "State": "TN", "ZIP_Code": "38127", "Full_Address": "2000 BURNHAM AVE MEMPHIS TN 38127", "Latitude": 35.227, "Longitude": -89.997, "UCR_Category": "LARCENY/THEFT", "UCR_Description": "ALL OTHER LARCENY", "NIBRS_Group": "A", "NIBRS_Offense_Group": "CRIMES AGAINST PROPERTY", "Part_One_or_Part_Two": 1, "Ward": "121", "Precinct": "AUSTIN PEAY", "Source_ObjectID": "691115", "ObjectId": 1657932}}, {"type": "Feature", "id": 1657933, "geometry": {"type": "Point", "coordinates": [-89.916, 35.053]}, "properties": {"Crime_ID": "2103001930ME", "Offense_Datetime": 1614938400000, "Reported_Datetime": 1614946740000, "Agency_Crime_ID": "CARJACKING", "UCR_Incident_Code": "120", "Block": 4400, "Street_Name": "WOODDALE AVE", "Street_Address": "4400 WOODDALE AVE", "City": "MEMPHIS", "State": "TN", "ZIP_Code": "38115", "Full_Address": "4400 WOODDALE AVE MEMPHIS TN 38115", "Latitude": 35.053, "Longitude": -89.916, "UCR_Category": "ROBBERY", "UCR_Description": "ROBBERY", "NIBRS_Group": "A", "NIBRS_Offense_Group": "CRIMES AGAINST PROPERTY", "Part_One_or_Part_Two": 1, "Ward": "325", "Precinct": "MT MORIAH", "Source_ObjectID": "156462", "ObjectId": 1657933}}, {"type": "Feature", "id": 1657934, "geometry": {"type": "Point", "coordinates": [-90.054, 35.107]}, "properties": {"Crime_ID": "2509025217ME", "Offense_Datetime": 1757815200000, "Reported_Datetime": 1757819400000, "Agency_Crime_ID": "SIMPLE ASSAULT/DV", "UCR_Incident_Code": "13B", "Block": 1400, "Street_Name": "PATTON ST", "Street_Address": "1400 PATTON ST", "City": "MEMPHIS", "State": "TN", "ZIP_Code": "38106", "Full_Address": "1400 PATTON ST MEMPHIS TN 38106", "Latitude": 35.107, "Longitude": -90.054, "UCR_Category": "ASSAULT", "UCR_Description": "SIMPLE ASSAULT", "NIBRS_Group": "A", "NIBRS_Offense_Group": "CRIMES AGAINST PERSONS", "Part_One_or_Part_Two": 2, "Ward": "722", "Precinct": "AIRWAYS", "Source_ObjectID": "654438", "ObjectId": 1657934}}, {"type": "Feature", "id": 1657935, "geometry": {"type": "Point", "coordinates": [-90.016, 35.095]}, "properties": {"Crime_ID": "2203010192ME", "Offense_Datetime": 1648157220000, "Reported_Datetime": 1648159020000, "Agency_Crime_ID": "WEAPON LAW VIOLATIONS/FELONY", "UCR_Incident_Code": "520", "Block": 0, "Street_Name": "ROBERTS RD//GRAND OPERA RD", "Street_Address": " ROBERTS RD//GRAND OPERA RD", "City": "MEMPHIS", "State": "TN", "ZIP_Code": "38106", "Full_Address": " ROBERTS RD//GRAND OPERA RD MEMPHIS TN 38106", "Latitude": 35.095, "Longitude": -90.016, "UCR_Category": "WEAPON LAW VIOLATION", "UCR_Description": "WEAPON LAW VIOL", "NIBRS_Group": "A", "NIBRS_Offense_Group": "CRIMES AGAINST SOCIETY", "Part_One_or_Part_Two": 2, "Ward": "722", "Precinct": "AIRWAYS", "Source_ObjectID": "260563", "ObjectId": 1657935}}, {"type": "Feature", "id": 1657936, "geometry": {"type": "Point", "coordinates": [-89.941, 35.174]}, "properties": {"Crime_ID": "2208002700ME", "Offense_Datetime": 1659750600000, "Reported_Datetime": 1659751740000, "Agency_Crime_ID": "SIMPLE ASSAULT", "UCR_Incident_Code": "13B", "Block": 0, "Street_Name": "JACKSON AVE//TOWNES AVE", "Street_Address": " JACKSON AVE//TOWNES AVE", "City": "MEMPHIS", "State": "TN", "ZIP_Code": "38122", "Full_Address": " JACKSON AVE//TOWNES AVE MEMPHIS TN 38122", "Latitude": 35.174, "Longitude": -89.941, "UCR_Category": "ASSAULT", "UCR_Description": "SIMPLE ASSAULT", "NIBRS_Group": "A", "NIBRS_Offense_Group": "CRIMES AGAINST PERSONS", "Part_One_or_Part_Two": 2, "Ward": "526", "Precinct": "TILLMAN", "Source_ObjectID": "303297", "ObjectId": 1657936}}, {"type": "Feature", "id": 1657937, "geometry": {"type": "Point", "coordinates": [-89.994, 35.077]}, "properties": {"Crime_ID": "2007005975ME", "Offense_Datetime": 1594822680000, "Reported_Datetime": 1594825260000, "Agency_Crime_ID": "VANDALISM/MISDEMEANOR", "UCR_Incident_Code": "290", "Block": 2500, "Street_Name": "E HILLVIEW DR", "Street_Address": "2500 E HILLVIEW DR", "City": "MEMPHIS", "State": "TN", "ZIP_Code": "38114", "Full_Address": "2500 E HILLVIEW DR MEMPHIS TN 38114", "Latitude": 35.077, "Longitude": -89.994, "UCR_Category": "DEST/DAM/VAND OF PROPERTY", "UCR_Description": "DEST/DAM/VAND OF PROPERTY", "NIBRS_Group": "A", "NIBRS_Offense_Group": "CRIMES AGAINST PROPERTY", "Part_One_or_Part_Two": 2, "Ward": "724", "Precinct": "AIRWAYS", "Source_ObjectID": "95178", "ObjectId": 1657937}}, {"type": "Feature", "id": 1657938, "geometry": {"type": "Point", "coordinates": [-90.06, 35.062]}, "properties": {"Crime_ID": "2212000528ME", "Offense_Datetime": 1669968900000, "Reported_Datetime": 1669973100000, "Agency_Crime_ID": "WEAPON LAW VIOLATIONS/MISDEMEANOR", "UCR_Incident_Code": "520", "Block": 3100, "Street_Name": "THIRD ST", "Street_Address": "3100 THIRD ST", "City": "MEMPHIS", "State": "TN", "ZIP_Code": "38109", "Full_Address": "3100 THIRD ST MEMPHIS TN 38109", "Latitude": 35.062, "Longitude": -90.06, "UCR_Category": "WEAPON LAW VIOLATION", "UCR_Description": "WEAPON LAW VIOL", "NIBRS_Group": "A", "NIBRS_Offense_Group": "CRIMES AGAINST SOCIETY", "Part_One_or_Part_Two": 2, "Ward": "222", "Precinct": "RAINES", "Source_ObjectID": "342415", "ObjectId": 1657938}}, {"type": "Feature", "id": 1657939, "geometry": {"type": "Point", "coordinates": [-90.034, 35.144]}, "properties": {"Crime_ID": "2603021868ME", "Offense_Datetime": 1772816400000, "Reported_Datetime": 1772820000000, "Agency_Crime_ID": "SIMPLE ASSAULT/DV", "UCR_Incident_Code": "13B", "Block": 0, "Street_Name": "DUNLAP ST", "Street_Address": "0 DUNLAP ST", "City": "MEMPHIS", "State": "TN", "ZIP_Code": "38107", "Full_Address": "0 DUNLAP ST MEMPHIS TN 38107", "Latitude": 35.144, "Longitude": -90.034, "UCR_Category": "ASSAULT", "UCR_Description": "SIMPLE ASSAULT", "NIBRS_Group": "A", "NIBRS_Offense_Group": "CRIMES AGAINST PERSONS", "Part_One_or_Part_Two": 2, "Ward": "624", "Precinct": "NORTH MAIN", "Source_ObjectID": "689304", "ObjectId": 1657939}}, {"type": "Feature", "id": 1657940, "geometry": {"type": "Point", "coordinates": [-90.071, 35.019]}, "properties": {"Crime_ID": "2305020428ME", "Offense_Datetime": 1682942400000, "Reported_Datetime": 1682990100000, "Agency_Crime_ID": "INTIMIDATION/DV", "UCR_Incident_Code": "13C", "Block": 200, "Street_Name": "CHARTER AVE", "Street_Address": "200 CHARTER AVE", "City": "MEMPHIS", "State": "TN", "ZIP_Code": "38109", "Full_Address": "200 CHARTER AVE MEMPHIS TN 38109", "Latitude": 35.019, "Longitude": -90.071, "UCR_Category": "ASSAULT", "UCR_Description": "INTIMIDATION", "NIBRS_Group": "A", "NIBRS_Offense_Group": "CRIMES AGAINST PERSONS", "Part_One_or_Part_Two": 2, "Ward": "221", "Precinct": "RAINES", "Source_ObjectID": "392498", "ObjectId": 1657940}}, {"type": "Feature", "id": 1657941, "geometry": {"type": "Point", "coordinates": [-90.094, 35.035]}, "properties": {"Crime_ID": "2508029690ME", "Offense_Datetime": 1756184880000, "Reported_Datetime": 1756185660000, "Agency_Crime_ID": "WEAPON LAW VIOLATIONS/MISDEMEANOR", "UCR_Incident_Code": "520", "Block": 800, "Street_Name": "RAINES RD", "Street_Address": "800 RAINES RD", "City": "MEMPHIS", "State": "TN", "ZIP_Code": "38109", "Full_Address": "800 RAINES RD MEMPHIS TN 38109", "Latitude": 35.035, "Longitude": -90.094, "UCR_Category": "WEAPON LAW VIOLATION", "UCR_Description": "WEAPON LAW VIOL", "NIBRS_Group": "A", "NIBRS_Offense_Group": "CRIMES AGAINST SOCIETY", "Part_One_or_Part_Two": 2, "Ward": "223", "Precinct": "RAINES", "Source_ObjectID": "649429", "ObjectId": 1657941}}, {"type": "Feature", "id": 1657942, "geometry": {"type": "Point", "coordinates": [-89.965, 35.137]}, "properties": {"Crime_ID": "2412027764ME", "Offense_Datetime": 1734900300000, "Reported_Datetime": 1734900900000, "Agency_Crime_ID": "WEAPON LAW VIOLATIONS/FELONY", "UCR_Incident_Code": "520", "Block": 100, "Street_Name": "RED OAK DR", "Street_Address": "100 RED OAK DR", "City": "MEMPHIS", "State": "TN", "ZIP_Code": "38112", "Full_Address": "100 RED OAK DR MEMPHIS TN 38112", "Latitude": 35.137, "Longitude": -89.965, "UCR_Category": "WEAPON LAW VIOLATION", "UCR_Description": "WEAPON LAW VIOL", "NIBRS_Group": "A", "NIBRS_Offense_Group": "CRIMES AGAINST SOCIETY", "Part_One_or_Part_Two": 2, "Ward": "523", "Precinct": "TILLMAN", "Source_ObjectID": "583765", "ObjectId": 1657942}}, {"type": "Feature", "id": 1657943, "geometry": {"type": "Point", "coordinates": [-89.996, 35.054]}, "properties": {"Crime_ID": "2209000497ME", "Offense_Datetime": 1661997600000, "Reported_Datetime": 1662071460000, "Agency_Crime_ID": "INTIMIDATION/DV", "UCR_Incident_Code": "13C", "Block": 2000, "Street_Name": "WINCHESTER RD", "Street_Address": "2000 WINCHESTER RD", "City": "MEMPHIS", "State": "TN", "ZIP_Code": "38116", "Full_Address": "2000 WINCHESTER RD MEMPHIS TN 38116", "Latitude": 35.054, "Longitude": -89.996, "UCR_Category": "ASSAULT", "UCR_Description": "INTIMIDATION", "NIBRS_Group": "A", "NIBRS_Offense_Group": "CRIMES AGAINST PERSONS", "Part_One_or_Part_Two": 2, "Ward": "224", "Precinct": "RAINES", "Source_ObjectID": "312223", "ObjectId": 1657943}}, {"type": "Feature", "id": 1657944, "geometry": {"type": "Point", "coordinates": [-90.014, 35.059]}, "properties": {"Crime_ID": "2108009855ME", "Offense_Datetime": 1629640800000, "Reported_Datetime": 1629711840000, "Agency_Crime_ID": "THEFT OF VEHICLE PARTS/ACCESSORIES", "UCR_Incident_Code": "23G", "Block": 1500, "Street_Name": "TWO PL", "Street_Address": "1500 TWO PL", "City": "MEMPHIS", "State": "TN", "ZIP_Code": "38116", "Full_Address": "1500 TWO PL MEMPHIS TN 38116", "Latitude": 35.059, "Longitude": -90.014, "UCR_Category": "LARCENY/THEFT", "UCR_Description": "THEFT OF MV PARTS/ACCS", "NIBRS_Group": "A", "NIBRS_Offense_Group": "CRIMES AGAINST PROPERTY", "Part_One_or_Part_Two": 1, "Ward": "224", "Precinct": "RAINES", "Source_ObjectID": "202279", "ObjectId": 1657944}}, {"type": "Feature", "id": 1657945, "geometry": {"type": "Point", "coordinates": [-90.059, 35.087]}, "properties": {"Crime_ID": "2302000585ME", "Offense_Datetime": 1675391400000, "Reported_Datetime": 1675392720000, "Agency_Crime_ID": "SIMPLE ASSAULT/DV", "UCR_Incident_Code": "13B", "Block": 100, "Street_Name": "MALLORY AVE", "Street_Address": "100 MALLORY AVE", "City": "MEMPHIS", "State": "TN", "ZIP_Code": "38109", "Full_Address": "100 MALLORY AVE MEMPHIS TN 38109", "Latitude": 35.087, "Longitude": -90.059, "UCR_Category": "ASSAULT", "UCR_Description": "SIMPLE ASSAULT", "NIBRS_Group": "A", "NIBRS_Offense_Group": "CRIMES AGAINST PERSONS", "Part_One_or_Part_Two": 2, "Ward": "721", "Precinct": "AIRWAYS", "Source_ObjectID": "363277", "ObjectId": 1657945}}, {"type": "Feature", "id": 1657946, "geometry": {"type": "Point", "coordinates": [-90.048, 35.161]}, "properties": {"Crime_ID": "2012009213ME", "Offense_Datetime": 1608663600000, "Reported_Datetime": 1608666720000, "Agency_Crime_ID": "THREATENING PHONE CALL", "UCR_Incident_Code": "13C", "Block": 0, "Street_Name": "SAFFARANS AVE", "Street_Address": "0 SAFFARANS AVE", "City": "MEMPHIS", "State": "TN", "ZIP_Code": "38107", "Full_Address": "0 SAFFARANS AVE MEMPHIS TN 38107", "Latitude": 35.161, "Longitude": -90.048, "UCR_Category": "ASSAULT", "UCR_Description": "INTIMIDATION", "NIBRS_Group": "A", "NIBRS_Offense_Group": "CRIMES AGAINST PERSONS", "Part_One_or_Part_Two": 2, "Ward": "625", "Precinct": "NORTH MAIN", "Source_ObjectID": "138772", "ObjectId": 1657946}}, {"type": "Feature", "id": 1657947, "geometry": {"type": "Point", "coordinates": [-89.988, 35.164]}, "properties": {"Crime_ID": "2307007522ME", "Offense_Datetime": 1689314400000, "Reported_Datetime": 1689348480000, "Agency_Crime_ID": "MVT/PASSENGER VEHICLE", "UCR_Incident_Code": "240", "Block": 900, "Street_Name": "E CABANA ST", "Street_Address": "900 E CABANA ST", "City": "MEMPHIS", "State": "TN", "ZIP_Code": "38107", "Full_Address": "900 E CABANA ST MEMPHIS TN 38107", "Latitude": 35.164, "Longitude": -89.988, "UCR_Category": "MOTOR VEHICLE THEFT", "UCR_Description": "MOTOR VEHICLE THEFT", "NIBRS_Group": "A", "NIBRS_Offense_Group": "CRIMES AGAINST PROPERTY", "Part_One_or_Part_Two": 1, "Ward": "426", "Precinct": "CRUMP", "Source_ObjectID": "419574", "ObjectId": 1657947}}, {"type": "Feature", "id": 1657948, "geometry": {"type": "Point", "coordinates": [-90.036, 35.18]}, "properties": {"Crime_ID": "2202008242ME", "Offense_Datetime": 1645340400000, "Reported_Datetime": 1645346880000, "Agency_Crime_ID": "THEFT FROM MOTOR VEHICLE", "UCR_Incident_Code": "23F", "Block": 0, "Street_Name": "CORRINE AVE//1427 THOMAS ST", "Street_Address": " CORRINE AVE//1427 THOMAS ST", "City": "MEMPHIS", "State": "TN", "ZIP_Code": "38107", "Full_Address": " CORRINE AVE//1427 THOMAS ST MEMPHIS TN 38107", "Latitude": 35.18, "Longitude": -90.036, "UCR_Category": "LARCENY/THEFT", "UCR_Description": "THEFT FROM A MOTOR VEHICLE", "NIBRS_Group": "A", "NIBRS_Offense_Group": "CRIMES AGAINST PROPERTY", "Part_One_or_Part_Two": 1, "Ward": "626", "Precinct": "NORTH MAIN", "Source_ObjectID": "252305", "ObjectId": 1657948}}, {"type": "Feature", "id": 1657949, "geometry": {"type": "Point", "coordinates": [-89.887, 35.046]}, "properties": {"Crime_ID": "2501028070ME", "Offense_Datetime": 1737525600000, "Reported_Datetime": 1737738240000, "Agency_Crime_ID": "THEFT FROM MOTOR VEHICLE", "UCR_Incident_Code": "23F", "Block": 3700, "Street_Name": "CAMBRIDGE STATION DR", "Street_Address": "3700 CAMBRIDGE STATION DR", "City": "MEMPHIS", "State": "TN", "ZIP_Code": "38115", "Full_Address": "3700 CAMBRIDGE STATION DR MEMPHIS TN 38115", "Latitude": 35.046, "Longitude": -89.887, "UCR_Category": "LARCENY/THEFT", "UCR_Description": "THEFT FROM A MOTOR VEHICLE", "NIBRS_Group": "A", "NIBRS_Offense_Group": "CRIMES AGAINST PROPERTY", "Part_One_or_Part_Two": 1, "Ward": "922", "Precinct": "RIDGEWAY", "Source_ObjectID": "592799", "ObjectId": 1657949}}, {"type": "Feature", "id": 1657950, "geometry": {"type": "Point", "coordinates": [-90.056, 35.094]}, "properties": {"Crime_ID": "2603024964ME", "Offense_Datetime": 1773617100000, "Reported_Datetime": 1773618840000, "Agency_Crime_ID": "SIMPLE ASSAULT", "UCR_Incident_Code": "13B", "Block": 1900, "Street_Name": "THIRD ST", "Street_Address": "1900 THIRD ST", "City": "MEMPHIS", "State": "TN", "ZIP_Code": "38109", "Full_Address": "1900 THIRD ST MEMPHIS TN 38109", "Latitude": 35.094, "Longitude": -90.056, "UCR_Category": "ASSAULT", "UCR_Description": "SIMPLE ASSAULT", "NIBRS_Group": "A", "NIBRS_Offense_Group": "CRIMES AGAINST PERSONS", "Part_One_or_Part_Two": 2, "Ward": "721", "Precinct": "AIRWAYS", "Source_ObjectID": "691153", "ObjectId": 1657950}}, {"type": "Feature", "id": 1657951, "geometry": {"type": "Point", "coordinates": [-89.924, 35.062]}, "properties": {"Crime_ID": "2111012153ME", "Offense_Datetime": 1638221100000, "Reported_Datetime": 1638227100000, "Agency_Crime_ID": "SIMPLE ASSAULT/DV", "UCR_Incident_Code": "13B", "Block": 4100, "Street_Name": "CAMELOT AVE", "Street_Address": "4100 CAMELOT AVE", "City": "MEMPHIS", "State": "TN", "ZIP_Code": "38118", "Full_Address": "4100 CAMELOT AVE MEMPHIS TN 38118", "Latitude": 35.062, "Longitude": -89.924, "UCR_Category": "ASSAULT", "UCR_Description": "SIMPLE ASSAULT", "NIBRS_Group": "A", "NIBRS_Offense_Group": "CRIMES AGAINST PERSONS", "Part_One_or_Part_Two": 2, "Ward": "321", "Precinct": "MT MORIAH", "Source_ObjectID": "230072", "ObjectId": 1657951}}, {"type": "Feature", "id": 1657952, "geometry": {"type": "Point", "coordinates": [-89.957, 35.11]}, "properties": {"Crime_ID": "2402021104ME", "Offense_Datetime": 1706986800000, "Reported_Datetime": 1707003600000, "Agency_Crime_ID": "BURGLARY/RESIDENTIAL", "UCR_Incident_Code": "220", "Block": 3100, "Street_Name": "DOUGLASS AVE", "Street_Address": "3100 DOUGLASS AVE", "City": "MEMPHIS", "State": "TN", "ZIP_Code": "38111", "Full_Address": "3100 DOUGLASS AVE MEMPHIS TN 38111", "Latitude": 35.11, "Longitude": -89.957, "UCR_Category": "BURG/BREAK & ENTER", "UCR_Description": "BURG/BREAK & ENTER", "NIBRS_Group": "A", "NIBRS_Offense_Group": "CRIMES AGAINST PROPERTY", "Part_One_or_Part_Two": 1, "Ward": "521", "Precinct": "TILLMAN", "Source_ObjectID": "485606", "ObjectId": 1657952}}, {"type": "Feature", "id": 1657953, "geometry": {"type": "Point", "coordinates": [-89.932, 35.057]}, "properties": {"Crime_ID": "2408032277ME", "Offense_Datetime": 1725061020000, "Reported_Datetime": 1725061020000, "Agency_Crime_ID": "PROSTITUTION", "UCR_Incident_Code": "40A", "Block": 0, "Street_Name": "LAMAR AVE//GETWELL RD", "Street_Address": " LAMAR AVE//GETWELL RD", "City": "MEMPHIS", "State": "TN", "ZIP_Code": "38118", "Full_Address": " LAMAR AVE//GETWELL RD MEMPHIS TN 38118", "Latitude": 35.057, "Longitude": -89.932, "UCR_Category": "PROSTITUTION", "UCR_Description": "PROSTITUTION", "NIBRS_Group": "A", "NIBRS_Offense_Group": "CRIMES AGAINST SOCIETY", "Part_One_or_Part_Two": 2, "Ward": "OCU", "Precinct": "OCU", "Source_ObjectID": "551180", "ObjectId": 1657953}}, {"type": "Feature", "id": 1657954, "geometry": {"type": "Point", "coordinates": [-89.985, 35.166]}, "properties": {"Crime_ID": "2002001017ME", "Offense_Datetime": 1580767920000, "Reported_Datetime": 1580768640000, "Agency_Crime_ID": "DRUG EQUIPMENT VIOLATION", "UCR_Incident_Code": "35B", "Block": 2100, "Street_Name": "PIEDMONT ST", "Street_Address": "2100 PIEDMONT ST", "City": "MEMPHIS", "State": "TN", "ZIP_Code": "38108", "Full_Address": "2100 PIEDMONT ST MEMPHIS TN 38108", "Latitude": 35.166, "Longitude": -89.985, "UCR_Category": "DRUG/NARCOTIC", "UCR_Description": "DRUG/NARCOTIC EQUIQ VIOL", "NIBRS_Group": "A", "NIBRS_Offense_Group": "CRIMES AGAINST SOCIETY", "Part_One_or_Part_Two": 2, "Ward": "426", "Precinct": "CRUMP", "Source_ObjectID": "52744", "ObjectId": 1657954}}, {"type": "Feature", "id": 1657955, "geometry": {"type": "Point", "coordinates": [-89.865, 35.073]}, "properties": {"Crime_ID": "2106002223ME", "Offense_Datetime": 1622952420000, "Reported_Datetime": 1622952960000, "Agency_Crime_ID": "CARJACKING", "UCR_Incident_Code": "120", "Block": 5900, "Street_Name": "MT MORIAH RD", "Street_Address": "5900 MT MORIAH RD", "City": "MEMPHIS", "State": "TN", "ZIP_Code": "38118", "Full_Address": "5900 MT MORIAH RD MEMPHIS TN 38118", "Latitude": 35.073, "Longitude": -89.865, "UCR_Category": "ROBBERY", "UCR_Description": "ROBBERY", "NIBRS_Group": "A", "NIBRS_Offense_Group": "CRIMES AGAINST PROPERTY", "Part_One_or_Part_Two": 1, "Ward": "326", "Precinct": "MT MORIAH", "Source_ObjectID": "180622", "ObjectId": 1657955}}, {"type": "Feature", "id": 1657956, "geometry": {"type": "Point", "coordinates": [-90.034, 35.121]}, "properties": {"Crime_ID": "2507029122ME", "Offense_Datetime": 1753370700000, "Reported_Datetime": 1753375080000, "Agency_Crime_ID": "SIMPLE ASSAULT/DV", "UCR_Incident_Code": "13B", "Block": 900, "Street_Name": "COLLEGE PARK DR", "Street_Address": "900 COLLEGE PARK DR", "City": "MEMPHIS", "State": "TN", "ZIP_Code": "38126", "Full_Address": "900 COLLEGE PARK DR MEMPHIS TN 38126", "Latitude": 35.121, "Longitude": -90.034, "UCR_Category": "ASSAULT", "UCR_Description": "SIMPLE ASSAULT", "NIBRS_Group": "A", "NIBRS_Offense_Group": "CRIMES AGAINST PERSONS", "Part_One_or_Part_Two": 2, "Ward": "422", "Precinct": "CRUMP", "Source_ObjectID": "640908", "ObjectId": 1657956}}, {"type": "Feature", "id": 1657957, "geometry": {"type": "Point", "coordinates": [-89.861, 35.128]}, "properties": {"Crime_ID": "2305020678ME", "Offense_Datetime": 1683041700000, "Reported_Datetime": 1683046260000, "Agency_Crime_ID": "VANDALISM/MISDEMEANOR", "UCR_Incident_Code": "290", "Block": 6000, "Street_Name": "WALNUT GROVE RD", "Street_Address": "6000 WALNUT GROVE RD", "City": "MEMPHIS", "State": "TN", "ZIP_Code": "38120", "Full_Address": "6000 WALNUT GROVE RD MEMPHIS TN 38120", "Latitude": 35.128, "Longitude": -89.861, "UCR_Category": "DEST/DAM/VAND OF PROPERTY", "UCR_Description": "DEST/DAM/VAND OF PROPERTY", "NIBRS_Group": "A", "NIBRS_Offense_Group": "CRIMES AGAINST PROPERTY", "Part_One_or_Part_Two": 2, "Ward": "823", "Precinct": "APPLING FARMS", "Source_ObjectID": "392714", "ObjectId": 1657957}}, {"type": "Feature", "id": 1657958, "geometry": {"type": "Point", "coordinates": [-90.009, 35.011]}, "properties": {"Crime_ID": "2409032206ME", "Offense_Datetime": 1727706300000, "Reported_Datetime": 1727707560000, "Agency_Crime_ID": "INTIMIDATION/DV", "UCR_Incident_Code": "13C", "Block": 1600, "Street_Name": "HUTSON DR", "Street_Address": "1600 HUTSON DR", "City": "MEMPHIS", "State": "TN", "ZIP_Code": "38116", "Full_Address": "1600 HUTSON DR MEMPHIS TN 38116", "Latitude": 35.011, "Longitude": -90.009, "UCR_Category": "ASSAULT", "UCR_Description": "INTIMIDATION", "NIBRS_Group": "A", "NIBRS_Offense_Group": "CRIMES AGAINST PERSONS", "Part_One_or_Part_Two": 2, "Ward": "225", "Precinct": "RAINES", "Source_ObjectID": "560346", "ObjectId": 1657958}}, {"type": "Feature", "id": 1657959, "geometry": {"type": "Point", "coordinates": [-89.939, 35.241]}, "properties": {"Crime_ID": "2308009381ME", "Offense_Datetime": 1692222300000, "Reported_Datetime": 1692255180000, "Agency_Crime_ID": "PORNOGRAPHY/OBSCENE MATERIAL TO WIT ILLEGAL", "UCR_Incident_Code": "370", "Block": 3700, "Street_Name": "KIPLING AVE", "Street_Address": "3700 KIPLING AVE", "City": "MEMPHIS", "State": "TN", "ZIP_Code": "38128", "Full_Address": "3700 KIPLING AVE MEMPHIS TN 38128", "Latitude": 35.241, "Longitude": -89.939, "UCR_Category": "PORNOGRAPHY/OBSCN MAT", "UCR_Description": "PORNOGRAPHY/OBSCN MAT", "NIBRS_Group": "A", "NIBRS_Offense_Group": "CRIMES AGAINST SOCIETY", "Part_One_or_Part_Two": 2, "Ward": "125", "Precinct": "AUSTIN PEAY", "Source_ObjectID": "431504", "ObjectId": 1657959}}, {"type": "Feature", "id": 1657960, "geometry": {"type": "Point", "coordinates": [-89.928, 35.162]}, "properties": {"Crime_ID": "2505028433ME", "Offense_Datetime": 1747871100000, "Reported_Datetime": 1747926180000, "Agency_Crime_ID": "OTHER THEFT/SCRAP METAL", "UCR_Incident_Code": "23H", "Block": 3900, "Street_Name": "MACON RD", "Street_Address": "3900 MACON RD", "City": "MEMPHIS", "State": "TN", "ZIP_Code": "38122", "Full_Address": "3900 MACON RD MEMPHIS TN 38122", "Latitude": 35.162, "Longitude": -89.928, "UCR_Category": "LARCENY/THEFT", "UCR_Description": "ALL OTHER LARCENY", "NIBRS_Group": "A", "NIBRS_Offense_Group": "CRIMES AGAINST PROPERTY", "Part_One_or_Part_Two": 1, "Ward": "524", "Precinct": "TILLMAN", "Source_ObjectID": "623999", "ObjectId": 1657960}}, {"type": "Feature", "id": 1657961, "geometry": {"type": "Point", "coordinates": [-89.987, 35.173]}, "properties": {"Crime_ID": "2602024009ME", "Offense_Datetime": 1771064820000, "Reported_Datetime": 1771067220000, "Agency_Crime_ID": "BURGLARY/RESIDENTIAL", "UCR_Incident_Code": "220", "Block": 1300, "Street_Name": "TUNICA ST", "Street_Address": "1300 TUNICA ST", "City": "MEMPHIS", "State": "TN", "ZIP_Code": "38108", "Full_Address": "1300 TUNICA ST MEMPHIS TN 38108", "Latitude": 35.173, "Longitude": -89.987, "UCR_Category": "BURG/BREAK & ENTER", "UCR_Description": "BURG/BREAK & ENTER", "NIBRS_Group": "A", "NIBRS_Offense_Group": "CRIMES AGAINST PROPERTY", "Part_One_or_Part_Two": 1, "Ward": "426", "Precinct": "CRUMP", "Source_ObjectID": "685352", "ObjectId": 1657961}}, {"type": "Feature", "id": 1657962, "geometry": {"type": "Point", "coordinates": [-89.896, 35.208]}, "properties": {"Crime_ID": "2210007921ME", "Offense_Datetime": 1666022760000, "Reported_Datetime": 1666027140000, "Agency_Crime_ID": "SHOPLIFTING/MISDEMEANOR", "UCR_Incident_Code": "23C", "Block": 3000, "Street_Name": "COVINGTON PIKE", "Street_Address": "3000 COVINGTON PIKE", "City": "MEMPHIS", "State": "TN", "ZIP_Code": "38128", "Full_Address": "3000 COVINGTON PIKE MEMPHIS TN 38128", "Latitude": 35.208, "Longitude": -89.896, "UCR_Category": "LARCENY/THEFT", "UCR_Description": "SHOPLIFTING", "NIBRS_Group": "A", "NIBRS_Offense_Group": "CRIMES AGAINST PROPERTY", "Part_One_or_Part_Two": 1, "Ward": "126", "Precinct": "AUSTIN PEAY", "Source_ObjectID": "327255", "ObjectId": 1657962}}]}